[91m [1776449296.767462] BSON Message: [0mInside sensor type parsing.
[91m [1776449296.767480] BSON Message: [0mInside sensor type parsing end.
[91m [1776449296.767485] BSON Message: [0mInside sid parsing
[91m [1776449296.767490] BSON Message: [0mInside temp1 parsing.
[91m [1776449296.767495] Client: [0m---before writing in log upd_msg->seq_no= 0
[91m [1776449296.767499] Client: [0m---before writing in log upd_msg->type= 4
[91m [1776449296.767504] Client: [0m---before writing in log upd_msg->frag_no= 0
[91m [1776449296.767508] Client: [0m---before writing in log upd_msg->reliable= 1
[91m [1776449296.767512] Client: [0m---before writing in log upd_msg->data.sensor_type= 1
[91m [1776449296.767517] Client: [0m---before writing in log upd_msg->data.sid= temp_1
[91m [1776449296.767526] Client: [0m---after writing in log upd_msg->seq_no = 0
[91m [1776449296.767530] Client: [0m---after writing in log upd_msg->data.sensor_type = 1
[91m [1776449296.767535] Client: [0m---after writing in log upd_msg->reliable = 1
[91m [1776449296.767553] BSON Message: [0mInside sensor type parsing.
[91m [1776449296.767558] BSON Message: [0mInside sensor type parsing end.
[91m [1776449296.767563] BSON Message: [0mInside sid parsing
[91m [1776449296.767568] Client: [0m---before writing in log upd_msg->seq_no= 0
[91m [1776449296.767572] Client: [0m---before writing in log upd_msg->type= 4
[91m [1776449296.767576] Client: [0m---before writing in log upd_msg->frag_no= 0
[91m [1776449296.767581] Client: [0m---before writing in log upd_msg->reliable= 1
[91m [1776449296.767585] Client: [0m---before writing in log upd_msg->data.sensor_type= 2
[91m [1776449296.767589] Client: [0m---before writing in log upd_msg->data.sid= device_0
[91m [1776449296.767598] Client: [0m---after writing in log upd_msg->seq_no = 0
[91m [1776449296.767602] Client: [0m---after writing in log upd_msg->data.sensor_type = 2
[91m [1776449296.767606] Client: [0m---after writing in log upd_msg->reliable = 1
[91m [1776449296.767624] BSON Message: [0mInside sensor type parsing.
[91m [1776449296.767629] BSON Message: [0mInside sensor type parsing end.
[91m [1776449296.767633] BSON Message: [0mInside sid parsing
[91m [1776449296.767638] BSON Message: [0mInside gps1 parsing.
[91m [1776449296.767643] Client: [0m---before writing in log upd_msg->seq_no= 0
[91m [1776449296.767647] Client: [0m---before writing in log upd_msg->type= 4
[91m [1776449296.767652] Client: [0m---before writing in log upd_msg->frag_no= 0
[91m [1776449296.767656] Client: [0m---before writing in log upd_msg->reliable= 1
[91m [1776449296.767660] Client: [0m---before writing in log upd_msg->data.sensor_type= 3
[91m [1776449296.767665] Client: [0m---before writing in log upd_msg->data.sid= gps_2
[91m [1776449296.767676] Client: [0m---after writing in log upd_msg->seq_no = 0
[91m [1776449296.767680] Client: [0m---after writing in log upd_msg->data.sensor_type = 3
[91m [1776449296.767685] Client: [0m---after writing in log upd_msg->reliable = 1
[91m [1776449297.66] BSON Message: [0mInside sensor type parsing.
[91m [1776449297.77] BSON Message: [0mInside sensor type parsing end.
[91m [1776449297.82] BSON Message: [0mInside sid parsing
[91m [1776449297.86] BSON Message: [0mInside temp1 parsing.
[91m [1776449297.92] Client: [0m---before writing in log upd_msg->seq_no= 1
[91m [1776449297.97] Client: [0m---before writing in log upd_msg->type= 4
[91m [1776449297.101] Client: [0m---before writing in log upd_msg->frag_no= 0
[91m [1776449297.105] Client: [0m---before writing in log upd_msg->reliable= 1
[91m [1776449297.110] Client: [0m---before writing in log upd_msg->data.sensor_type= 1
[91m [1776449297.114] Client: [0m---before writing in log upd_msg->data.sid= temp_1
[91m [1776449297.119] Client: [0m---after writing in log upd_msg->seq_no = 1
[91m [1776449297.123] Client: [0m---after writing in log upd_msg->data.sensor_type = 1
[91m [1776449297.127] Client: [0m---after writing in log upd_msg->reliable = 1
[91m [1776449297.398193] BSON Message: [0mInside sensor type parsing.
[91m [1776449297.398219] BSON Message: [0mInside sensor type parsing end.
[91m [1776449297.398225] BSON Message: [0mInside sid parsing
[91m [1776449297.398231] Client: [0m---before writing in log upd_msg->seq_no= 1
[91m [1776449297.398235] Client: [0m---before writing in log upd_msg->type= 4
[91m [1776449297.398240] Client: [0m---before writing in log upd_msg->frag_no= 0
[91m [1776449297.398244] Client: [0m---before writing in log upd_msg->reliable= 1
[91m [1776449297.398249] Client: [0m---before writing in log upd_msg->data.sensor_type= 2
[91m [1776449297.398253] Client: [0m---before writing in log upd_msg->data.sid= device_0
[91m [1776449297.398258] Client: [0m---after writing in log upd_msg->seq_no = 1
[91m [1776449297.398263] Client: [0m---after writing in log upd_msg->data.sensor_type = 2
[91m [1776449297.398267] Client: [0m---after writing in log upd_msg->reliable = 1
[91m [1776449297.998670] BSON Message: [0mInside sensor type parsing.
[91m [1776449297.998682] BSON Message: [0mInside sensor type parsing end.
[91m [1776449297.998686] BSON Message: [0mInside sid parsing
[91m [1776449297.998690] BSON Message: [0mInside temp1 parsing.
[91m [1776449297.998695] Client: [0m---before writing in log upd_msg->seq_no= 2
[91m [1776449297.998698] Client: [0m---before writing in log upd_msg->type= 4
[91m [1776449297.998702] Client: [0m---before writing in log upd_msg->frag_no= 0
[91m [1776449297.998709] Client: [0m---before writing in log upd_msg->reliable= 1
[91m [1776449297.998712] Client: [0m---before writing in log upd_msg->data.sensor_type= 1
[91m [1776449297.998716] Client: [0m---before writing in log upd_msg->data.sid= temp_1
[91m [1776449297.998720] Client: [0m---after writing in log upd_msg->seq_no = 2
[91m [1776449297.998723] Client: [0m---after writing in log upd_msg->data.sensor_type = 1
[91m [1776449297.998727] Client: [0m---after writing in log upd_msg->reliable = 1
[91m [1776449298.998799] BSON Message: [0mInside sensor type parsing.
[91m [1776449298.998810] BSON Message: [0mInside sensor type parsing end.
[91m [1776449298.998816] BSON Message: [0mInside sid parsing
[91m [1776449298.998821] BSON Message: [0mInside temp1 parsing.
[91m [1776449298.998825] Client: [0m---before writing in log upd_msg->seq_no= 3
[91m [1776449298.998829] Client: [0m---before writing in log upd_msg->type= 4
[91m [1776449298.998833] Client: [0m---before writing in log upd_msg->frag_no= 0
[91m [1776449298.998836] Client: [0m---before writing in log upd_msg->reliable= 1
[91m [1776449298.998840] Client: [0m---before writing in log upd_msg->data.sensor_type= 1
[91m [1776449298.998843] Client: [0m---before writing in log upd_msg->data.sid= temp_1
[91m [1776449298.998848] Client: [0m---after writing in log upd_msg->seq_no = 3
[91m [1776449298.998851] Client: [0m---after writing in log upd_msg->data.sensor_type = 1
[91m [1776449298.998855] Client: [0m---after writing in log upd_msg->reliable = 1
[91m [1776449299.999108] BSON Message: [0mInside sensor type parsing.
[91m [1776449299.999117] BSON Message: [0mInside sensor type parsing end.
[91m [1776449299.999122] BSON Message: [0mInside sid parsing
[91m [1776449299.999128] BSON Message: [0mInside temp1 parsing.
[91m [1776449299.999135] Client: [0m---before writing in log upd_msg->seq_no= 4
[91m [1776449299.999142] Client: [0m---before writing in log upd_msg->type= 4
[91m [1776449299.999146] Client: [0m---before writing in log upd_msg->frag_no= 0
[91m [1776449299.999150] Client: [0m---before writing in log upd_msg->reliable= 1
[91m [1776449299.999154] Client: [0m---before writing in log upd_msg->data.sensor_type= 1
[91m [1776449299.999158] Client: [0m---before writing in log upd_msg->data.sid= temp_1
[91m [1776449299.999162] Client: [0m---after writing in log upd_msg->seq_no = 4
[91m [1776449299.999166] Client: [0m---after writing in log upd_msg->data.sensor_type = 1
[91m [1776449299.999169] Client: [0m---after writing in log upd_msg->reliable = 1
[91m [1776449300.316157] BSON Message: [0mInside sensor type parsing.
[91m [1776449300.316174] BSON Message: [0mInside sensor type parsing end.
[91m [1776449300.316180] BSON Message: [0mInside sid parsing
[91m [1776449300.316185] Client: [0m---before writing in log upd_msg->seq_no= 2
[91m [1776449300.316189] Client: [0m---before writing in log upd_msg->type= 4
[91m [1776449300.316194] Client: [0m---before writing in log upd_msg->frag_no= 0
[91m [1776449300.316199] Client: [0m---before writing in log upd_msg->reliable= 1
[91m [1776449300.316204] Client: [0m---before writing in log upd_msg->data.sensor_type= 2
[91m [1776449300.316209] Client: [0m---before writing in log upd_msg->data.sid= device_0
[91m [1776449300.316215] Client: [0m---after writing in log upd_msg->seq_no = 2
[91m [1776449300.316220] Client: [0m---after writing in log upd_msg->data.sensor_type = 2
[91m [1776449300.316224] Client: [0m---after writing in log upd_msg->reliable = 1
[91m [1776449300.393509] BSON Message: [0mInside sensor type parsing.
[91m [1776449300.393520] BSON Message: [0mInside sensor type parsing end.
[91m [1776449300.393524] BSON Message: [0mInside sid parsing
[91m [1776449300.393529] BSON Message: [0mInside gps1 parsing.
[91m [1776449300.393535] Client: [0m---before writing in log upd_msg->seq_no= 1
[91m [1776449300.393540] Client: [0m---before writing in log upd_msg->type= 4
[91m [1776449300.393544] Client: [0m---before writing in log upd_msg->frag_no= 0
[91m [1776449300.393548] Client: [0m---before writing in log upd_msg->reliable= 1
[91m [1776449300.393553] Client: [0m---before writing in log upd_msg->data.sensor_type= 3
[91m [1776449300.393558] Client: [0m---before writing in log upd_msg->data.sid= gps_2
[91m [1776449300.393564] Client: [0m---after writing in log upd_msg->seq_no = 1
[91m [1776449300.393569] Client: [0m---after writing in log upd_msg->data.sensor_type = 3
[91m [1776449300.393574] Client: [0m---after writing in log upd_msg->reliable = 1
[91m [1776449300.999459] BSON Message: [0mInside sensor type parsing.
[91m [1776449300.999470] BSON Message: [0mInside sensor type parsing end.
[91m [1776449300.999475] BSON Message: [0mInside sid parsing
[91m [1776449300.999480] BSON Message: [0mInside temp1 parsing.
[91m [1776449300.999485] Client: [0m---before writing in log upd_msg->seq_no= 5
[91m [1776449300.999490] Client: [0m---before writing in log upd_msg->type= 4
[91m [1776449300.999495] Client: [0m---before writing in log upd_msg->frag_no= 0
[91m [1776449300.999501] Client: [0m---before writing in log upd_msg->reliable= 1
[91m [1776449300.999507] Client: [0m---before writing in log upd_msg->data.sensor_type= 1
[91m [1776449300.999512] Client: [0m---before writing in log upd_msg->data.sid= temp_1
[91m [1776449300.999518] Client: [0m---after writing in log upd_msg->seq_no = 5
[91m [1776449300.999524] Client: [0m---after writing in log upd_msg->data.sensor_type = 1
[91m [1776449300.999529] Client: [0m---after writing in log upd_msg->reliable = 1
[91m [1776449301.999598] BSON Message: [0mInside sensor type parsing.
[91m [1776449301.999609] BSON Message: [0mInside sensor type parsing end.
[91m [1776449301.999614] BSON Message: [0mInside sid parsing
[91m [1776449301.999619] BSON Message: [0mInside temp1 parsing.
[91m [1776449301.999625] Client: [0m---before writing in log upd_msg->seq_no= 6
[91m [1776449301.999630] Client: [0m---before writing in log upd_msg->type= 4
[91m [1776449301.999635] Client: [0m---before writing in log upd_msg->frag_no= 0
[91m [1776449301.999639] Client: [0m---before writing in log upd_msg->reliable= 1
[91m [1776449301.999644] Client: [0m---before writing in log upd_msg->data.sensor_type= 1
[91m [1776449301.999649] Client: [0m---before writing in log upd_msg->data.sid= temp_1
[91m [1776449301.999654] Client: [0m---after writing in log upd_msg->seq_no = 6
[91m [1776449301.999658] Client: [0m---after writing in log upd_msg->data.sensor_type = 1
[91m [1776449301.999662] Client: [0m---after writing in log upd_msg->reliable = 1
[91m [1776449302.999757] BSON Message: [0mInside sensor type parsing.
[91m [1776449302.999776] BSON Message: [0mInside sensor type parsing end.
[91m [1776449302.999786] BSON Message: [0mInside sid parsing
[91m [1776449302.999794] BSON Message: [0mInside temp1 parsing.
[91m [1776449302.999805] Client: [0m---before writing in log upd_msg->seq_no= 7
[91m [1776449302.999814] Client: [0m---before writing in log upd_msg->type= 4
[91m [1776449302.999824] Client: [0m---before writing in log upd_msg->frag_no= 0
[91m [1776449302.999832] Client: [0m---before writing in log upd_msg->reliable= 1
[91m [1776449302.999841] Client: [0m---before writing in log upd_msg->data.sensor_type= 1
[91m [1776449302.999850] Client: [0m---before writing in log upd_msg->data.sid= temp_1
[91m [1776449302.999860] Client: [0m---after writing in log upd_msg->seq_no = 7
[91m [1776449302.999868] Client: [0m---after writing in log upd_msg->data.sensor_type = 1
[91m [1776449302.999877] Client: [0m---after writing in log upd_msg->reliable = 1
[91m [1776449303.179590] BSON Message: [0mInside sensor type parsing.
[91m [1776449303.179605] BSON Message: [0mInside sensor type parsing end.
[91m [1776449303.179614] BSON Message: [0mInside sid parsing
[91m [1776449303.179625] Client: [0m---before writing in log upd_msg->seq_no= 3
[91m [1776449303.179635] Client: [0m---before writing in log upd_msg->type= 4
[91m [1776449303.179645] Client: [0m---before writing in log upd_msg->frag_no= 0
[91m [1776449303.179655] Client: [0m---before writing in log upd_msg->reliable= 1
[91m [1776449303.179664] Client: [0m---before writing in log upd_msg->data.sensor_type= 2
[91m [1776449303.179674] Client: [0m---before writing in log upd_msg->data.sid= device_0
[91m [1776449303.179685] Client: [0m---after writing in log upd_msg->seq_no = 3
[91m [1776449303.179694] Client: [0m---after writing in log upd_msg->data.sensor_type = 2
[91m [1776449303.179704] Client: [0m---after writing in log upd_msg->reliable = 1
[91m [1776449303.407363] BSON Message: [0mInside sensor type parsing.
[91m [1776449303.407381] BSON Message: [0mInside sensor type parsing end.
[91m [1776449303.407391] BSON Message: [0mInside sid parsing
[91m [1776449303.407402] Client: [0m---before writing in log upd_msg->seq_no= 4
[91m [1776449303.407412] Client: [0m---before writing in log upd_msg->type= 4
[91m [1776449303.407421] Client: [0m---before writing in log upd_msg->frag_no= 0
[91m [1776449303.407429] Client: [0m---before writing in log upd_msg->reliable= 1
[91m [1776449303.407435] Client: [0m---before writing in log upd_msg->data.sensor_type= 2
[91m [1776449303.407441] Client: [0m---before writing in log upd_msg->data.sid= device_0
[91m [1776449303.407450] Client: [0m---after writing in log upd_msg->seq_no = 4
[91m [1776449303.407459] Client: [0m---after writing in log upd_msg->data.sensor_type = 2
[91m [1776449303.407467] Client: [0m---after writing in log upd_msg->reliable = 1
[91m [1776449304.13] BSON Message: [0mInside sensor type parsing.
[91m [1776449304.28] BSON Message: [0mInside sensor type parsing end.
[91m [1776449304.35] BSON Message: [0mInside sid parsing
[91m [1776449304.43] BSON Message: [0mInside temp1 parsing.
[91m [1776449304.52] Client: [0m---before writing in log upd_msg->seq_no= 8
[91m [1776449304.60] Client: [0m---before writing in log upd_msg->type= 4
[91m [1776449304.67] Client: [0m---before writing in log upd_msg->frag_no= 0
[91m [1776449304.74] Client: [0m---before writing in log upd_msg->reliable= 1
[91m [1776449304.81] Client: [0m---before writing in log upd_msg->data.sensor_type= 1
[91m [1776449304.89] Client: [0m---before writing in log upd_msg->data.sid= temp_1
[91m [1776449304.97] Client: [0m---after writing in log upd_msg->seq_no = 8
[91m [1776449304.104] Client: [0m---after writing in log upd_msg->data.sensor_type = 1
[91m [1776449304.110] Client: [0m---after writing in log upd_msg->reliable = 1
[91m [1776449305.1066] BSON Message: [0mInside sensor type parsing.
[91m [1776449305.1083] BSON Message: [0mInside sensor type parsing end.
[91m [1776449305.1096] BSON Message: [0mInside sid parsing
[91m [1776449305.1102] BSON Message: [0mInside temp1 parsing.
[91m [1776449305.1107] Client: [0m---before writing in log upd_msg->seq_no= 9
[91m [1776449305.1112] Client: [0m---before writing in log upd_msg->type= 4
[91m [1776449305.1116] Client: [0m---before writing in log upd_msg->frag_no= 0
[91m [1776449305.1120] Client: [0m---before writing in log upd_msg->reliable= 1
[91m [1776449305.1125] Client: [0m---before writing in log upd_msg->data.sensor_type= 1
[91m [1776449305.1129] Client: [0m---before writing in log upd_msg->data.sid= temp_1
[91m [1776449305.1134] Client: [0m---after writing in log upd_msg->seq_no = 9
[91m [1776449305.1139] Client: [0m---after writing in log upd_msg->data.sensor_type = 1
[91m [1776449305.1143] Client: [0m---after writing in log upd_msg->reliable = 1
[91m [1776449305.659259] BSON Message: [0mInside sensor type parsing.
[91m [1776449305.659270] BSON Message: [0mInside sensor type parsing end.
[91m [1776449305.659275] BSON Message: [0mInside sid parsing
[91m [1776449305.659280] BSON Message: [0mInside gps1 parsing.
[91m [1776449305.659286] Client: [0m---before writing in log upd_msg->seq_no= 2
[91m [1776449305.659290] Client: [0m---before writing in log upd_msg->type= 4
[91m [1776449305.659295] Client: [0m---before writing in log upd_msg->frag_no= 0
[91m [1776449305.659300] Client: [0m---before writing in log upd_msg->reliable= 1
[91m [1776449305.659304] Client: [0m---before writing in log upd_msg->data.sensor_type= 3
[91m [1776449305.659309] Client: [0m---before writing in log upd_msg->data.sid= gps_2
[91m [1776449305.659315] Client: [0m---after writing in log upd_msg->seq_no = 2
[91m [1776449305.659320] Client: [0m---after writing in log upd_msg->data.sensor_type = 3
[91m [1776449305.659324] Client: [0m---after writing in log upd_msg->reliable = 1
[91m [1776449306.753] BSON Message: [0mInside sensor type parsing.
[91m [1776449306.761] BSON Message: [0mInside sensor type parsing end.
[91m [1776449306.765] BSON Message: [0mInside sid parsing
[91m [1776449306.770] BSON Message: [0mInside temp1 parsing.
[91m [1776449306.775] Client: [0m---before writing in log upd_msg->seq_no= 10
[91m [1776449306.779] Client: [0m---before writing in log upd_msg->type= 4
[91m [1776449306.783] Client: [0m---before writing in log upd_msg->frag_no= 0
[91m [1776449306.787] Client: [0m---before writing in log upd_msg->reliable= 1
[91m [1776449306.795] Client: [0m---before writing in log upd_msg->data.sensor_type= 1
[91m [1776449306.799] Client: [0m---before writing in log upd_msg->data.sid= temp_1
[91m [1776449306.804] Client: [0m---after writing in log upd_msg->seq_no = 10
[91m [1776449306.808] Client: [0m---after writing in log upd_msg->data.sensor_type = 1
[91m [1776449306.812] Client: [0m---after writing in log upd_msg->reliable = 1
[91m [1776449307.1100] BSON Message: [0mInside sensor type parsing.
[91m [1776449307.1108] BSON Message: [0mInside sensor type parsing end.
[91m [1776449307.1112] BSON Message: [0mInside sid parsing
[91m [1776449307.1117] BSON Message: [0mInside temp1 parsing.
[91m [1776449307.1122] Client: [0m---before writing in log upd_msg->seq_no= 11
[91m [1776449307.1125] Client: [0m---before writing in log upd_msg->type= 4
[91m [1776449307.1129] Client: [0m---before writing in log upd_msg->frag_no= 0
[91m [1776449307.1133] Client: [0m---before writing in log upd_msg->reliable= 1
[91m [1776449307.1137] Client: [0m---before writing in log upd_msg->data.sensor_type= 1
[91m [1776449307.1141] Client: [0m---before writing in log upd_msg->data.sid= temp_1
[91m [1776449307.1146] Client: [0m---after writing in log upd_msg->seq_no = 11
[91m [1776449307.1151] Client: [0m---after writing in log upd_msg->data.sensor_type = 1
[91m [1776449307.1155] Client: [0m---after writing in log upd_msg->reliable = 1
[91m [1776449307.509052] BSON Message: [0mInside sensor type parsing.
[91m [1776449307.509063] BSON Message: [0mInside sensor type parsing end.
[91m [1776449307.509074] BSON Message: [0mInside sid parsing
[91m [1776449307.509080] Client: [0m---before writing in log upd_msg->seq_no= 5
[91m [1776449307.509085] Client: [0m---before writing in log upd_msg->type= 4
[91m [1776449307.509090] Client: [0m---before writing in log upd_msg->frag_no= 0
[91m [1776449307.509095] Client: [0m---before writing in log upd_msg->reliable= 1
[91m [1776449307.509100] Client: [0m---before writing in log upd_msg->data.sensor_type= 2
[91m [1776449307.509105] Client: [0m---before writing in log upd_msg->data.sid= device_0
[91m [1776449307.509110] Client: [0m---after writing in log upd_msg->seq_no = 5
[91m [1776449307.509114] Client: [0m---after writing in log upd_msg->data.sensor_type = 2
[91m [1776449307.509119] Client: [0m---after writing in log upd_msg->reliable = 1
[91m [1776449308.1841] BSON Message: [0mInside sensor type parsing.
[91m [1776449308.1854] BSON Message: [0mInside sensor type parsing end.
[91m [1776449308.1859] BSON Message: [0mInside sid parsing
[91m [1776449308.1864] BSON Message: [0mInside temp1 parsing.
[91m [1776449308.1870] Client: [0m---before writing in log upd_msg->seq_no= 12
[91m [1776449308.1874] Client: [0m---before writing in log upd_msg->type= 4
[91m [1776449308.1879] Client: [0m---before writing in log upd_msg->frag_no= 0
[91m [1776449308.1884] Client: [0m---before writing in log upd_msg->reliable= 1
[91m [1776449308.1888] Client: [0m---before writing in log upd_msg->data.sensor_type= 1
[91m [1776449308.1893] Client: [0m---before writing in log upd_msg->data.sid= temp_1
[91m [1776449308.1899] Client: [0m---after writing in log upd_msg->seq_no = 12
[91m [1776449308.1903] Client: [0m---after writing in log upd_msg->data.sensor_type = 1
[91m [1776449308.1907] Client: [0m---after writing in log upd_msg->reliable = 1
[91m [1776449309.1657] BSON Message: [0mInside sensor type parsing.
[91m [1776449309.1666] BSON Message: [0mInside sensor type parsing end.
[91m [1776449309.1670] BSON Message: [0mInside sid parsing
[91m [1776449309.1675] BSON Message: [0mInside temp1 parsing.
[91m [1776449309.1681] Client: [0m---before writing in log upd_msg->seq_no= 13
[91m [1776449309.1686] Client: [0m---before writing in log upd_msg->type= 4
[91m [1776449309.1691] Client: [0m---before writing in log upd_msg->frag_no= 0
[91m [1776449309.1696] Client: [0m---before writing in log upd_msg->reliable= 1
[91m [1776449309.1702] Client: [0m---before writing in log upd_msg->data.sensor_type= 1
[91m [1776449309.1706] Client: [0m---before writing in log upd_msg->data.sid= temp_1
[91m [1776449309.1712] Client: [0m---after writing in log upd_msg->seq_no = 13
[91m [1776449309.1716] Client: [0m---after writing in log upd_msg->data.sensor_type = 1
[91m [1776449309.1721] Client: [0m---after writing in log upd_msg->reliable = 1
[91m [1776449310.2499] BSON Message: [0mInside sensor type parsing.
[91m [1776449310.2511] BSON Message: [0mInside sensor type parsing end.
[91m [1776449310.2518] BSON Message: [0mInside sid parsing
[91m [1776449310.2525] BSON Message: [0mInside temp1 parsing.
[91m [1776449310.2531] Client: [0m---before writing in log upd_msg->seq_no= 14
[91m [1776449310.2537] Client: [0m---before writing in log upd_msg->type= 4
[91m [1776449310.2542] Client: [0m---before writing in log upd_msg->frag_no= 0
[91m [1776449310.2548] Client: [0m---before writing in log upd_msg->reliable= 1
[91m [1776449310.2553] Client: [0m---before writing in log upd_msg->data.sensor_type= 1
[91m [1776449310.2558] Client: [0m---before writing in log upd_msg->data.sid= temp_1
[91m [1776449310.2564] Client: [0m---after writing in log upd_msg->seq_no = 14
[91m [1776449310.2570] Client: [0m---after writing in log upd_msg->data.sensor_type = 1
[91m [1776449310.2575] Client: [0m---after writing in log upd_msg->reliable = 1
[91m [1776449311.2540] BSON Message: [0mInside sensor type parsing.
[91m [1776449311.2553] BSON Message: [0mInside sensor type parsing end.
[91m [1776449311.2564] BSON Message: [0mInside sid parsing
[91m [1776449311.2570] BSON Message: [0mInside temp1 parsing.
[91m [1776449311.2577] Client: [0m---before writing in log upd_msg->seq_no= 15
[91m [1776449311.2582] Client: [0m---before writing in log upd_msg->type= 4
[91m [1776449311.2587] Client: [0m---before writing in log upd_msg->frag_no= 0
[91m [1776449311.2594] Client: [0m---before writing in log upd_msg->reliable= 1
[91m [1776449311.2599] Client: [0m---before writing in log upd_msg->data.sensor_type= 1
[91m [1776449311.2605] Client: [0m---before writing in log upd_msg->data.sid= temp_1
[91m [1776449311.2612] Client: [0m---after writing in log upd_msg->seq_no = 15
[91m [1776449311.2618] Client: [0m---after writing in log upd_msg->data.sensor_type = 1
[91m [1776449311.2625] Client: [0m---after writing in log upd_msg->reliable = 1
[91m [1776449312.2689] BSON Message: [0mInside sensor type parsing.
[91m [1776449312.2698] BSON Message: [0mInside sensor type parsing end.
[91m [1776449312.2703] BSON Message: [0mInside sid parsing
[91m [1776449312.2707] BSON Message: [0mInside temp1 parsing.
[91m [1776449312.2712] Client: [0m---before writing in log upd_msg->seq_no= 16
[91m [1776449312.2716] Client: [0m---before writing in log upd_msg->type= 4
[91m [1776449312.2721] Client: [0m---before writing in log upd_msg->frag_no= 0
[91m [1776449312.2725] Client: [0m---before writing in log upd_msg->reliable= 1
[91m [1776449312.2730] Client: [0m---before writing in log upd_msg->data.sensor_type= 1
[91m [1776449312.2737] Client: [0m---before writing in log upd_msg->data.sid= temp_1
[91m [1776449312.2742] Client: [0m---after writing in log upd_msg->seq_no = 16
[91m [1776449312.2746] Client: [0m---after writing in log upd_msg->data.sensor_type = 1
[91m [1776449312.2750] Client: [0m---after writing in log upd_msg->reliable = 1
[91m [1776449312.217299] BSON Message: [0mInside sensor type parsing.
[91m [1776449312.217311] BSON Message: [0mInside sensor type parsing end.
[91m [1776449312.217317] BSON Message: [0mInside sid parsing
[91m [1776449312.217323] Client: [0m---before writing in log upd_msg->seq_no= 6
[91m [1776449312.217332] Client: [0m---before writing in log upd_msg->type= 4
[91m [1776449312.217338] Client: [0m---before writing in log upd_msg->frag_no= 0
[91m [1776449312.217343] Client: [0m---before writing in log upd_msg->reliable= 1
[91m [1776449312.217349] Client: [0m---before writing in log upd_msg->data.sensor_type= 2
[91m [1776449312.217354] Client: [0m---before writing in log upd_msg->data.sid= device_0
[91m [1776449312.217360] Client: [0m---after writing in log upd_msg->seq_no = 6
[91m [1776449312.217366] Client: [0m---after writing in log upd_msg->data.sensor_type = 2
[91m [1776449312.217371] Client: [0m---after writing in log upd_msg->reliable = 1
[91m [1776449313.3033] BSON Message: [0mInside sensor type parsing.
[91m [1776449313.3045] BSON Message: [0mInside sensor type parsing end.
[91m [1776449313.3051] BSON Message: [0mInside sid parsing
[91m [1776449313.3057] BSON Message: [0mInside temp1 parsing.
[91m [1776449313.3064] Client: [0m---before writing in log upd_msg->seq_no= 17
[91m [1776449313.3069] Client: [0m---before writing in log upd_msg->type= 4
[91m [1776449313.3075] Client: [0m---before writing in log upd_msg->frag_no= 0
[91m [1776449313.3080] Client: [0m---before writing in log upd_msg->reliable= 1
[91m [1776449313.3086] Client: [0m---before writing in log upd_msg->data.sensor_type= 1
[91m [1776449313.3091] Client: [0m---before writing in log upd_msg->data.sid= temp_1
[91m [1776449313.3097] Client: [0m---after writing in log upd_msg->seq_no = 17
[91m [1776449313.3102] Client: [0m---after writing in log upd_msg->data.sensor_type = 1
[91m [1776449313.3107] Client: [0m---after writing in log upd_msg->reliable = 1
[91m [1776449314.4437] BSON Message: [0mInside sensor type parsing.
[91m [1776449314.4445] BSON Message: [0mInside sensor type parsing end.
[91m [1776449314.4450] BSON Message: [0mInside sid parsing
[91m [1776449314.4458] BSON Message: [0mInside temp1 parsing.
[91m [1776449314.4462] Client: [0m---before writing in log upd_msg->seq_no= 18
[91m [1776449314.4466] Client: [0m---before writing in log upd_msg->type= 4
[91m [1776449314.4470] Client: [0m---before writing in log upd_msg->frag_no= 0
[91m [1776449314.4474] Client: [0m---before writing in log upd_msg->reliable= 1
[91m [1776449314.4477] Client: [0m---before writing in log upd_msg->data.sensor_type= 1
[91m [1776449314.4482] Client: [0m---before writing in log upd_msg->data.sid= temp_1
[91m [1776449314.4486] Client: [0m---after writing in log upd_msg->seq_no = 18
[91m [1776449314.4490] Client: [0m---after writing in log upd_msg->data.sensor_type = 1
[91m [1776449314.4493] Client: [0m---after writing in log upd_msg->reliable = 1
[91m [1776449314.269311] BSON Message: [0mInside sensor type parsing.
[91m [1776449314.269320] BSON Message: [0mInside sensor type parsing end.
[91m [1776449314.269324] BSON Message: [0mInside sid parsing
[91m [1776449314.269342] Client: [0m---before writing in log upd_msg->seq_no= 7
[91m [1776449314.269345] Client: [0m---before writing in log upd_msg->type= 4
[91m [1776449314.269348] Client: [0m---before writing in log upd_msg->frag_no= 0
[91m [1776449314.269351] Client: [0m---before writing in log upd_msg->reliable= 1
[91m [1776449314.269354] Client: [0m---before writing in log upd_msg->data.sensor_type= 2
[91m [1776449314.269358] Client: [0m---before writing in log upd_msg->data.sid= device_0
[91m [1776449314.269363] Client: [0m---after writing in log upd_msg->seq_no = 7
[91m [1776449314.269368] Client: [0m---after writing in log upd_msg->data.sensor_type = 2
[91m [1776449314.269371] Client: [0m---after writing in log upd_msg->reliable = 1
[91m [1776449315.5868] BSON Message: [0mInside sensor type parsing.
[91m [1776449315.5880] BSON Message: [0mInside sensor type parsing end.
[91m [1776449315.5884] BSON Message: [0mInside sid parsing
[91m [1776449315.5888] BSON Message: [0mInside temp1 parsing.
[91m [1776449315.5894] Client: [0m---before writing in log upd_msg->seq_no= 19
[91m [1776449315.5898] Client: [0m---before writing in log upd_msg->type= 4
[91m [1776449315.5901] Client: [0m---before writing in log upd_msg->frag_no= 0
[91m [1776449315.5905] Client: [0m---before writing in log upd_msg->reliable= 1
[91m [1776449315.5909] Client: [0m---before writing in log upd_msg->data.sensor_type= 1
[91m [1776449315.5913] Client: [0m---before writing in log upd_msg->data.sid= temp_1
[91m [1776449315.5985] Client: [0m---after writing in log upd_msg->seq_no = 19
[91m [1776449315.5990] Client: [0m---after writing in log upd_msg->data.sensor_type = 1
[91m [1776449315.5994] Client: [0m---after writing in log upd_msg->reliable = 1
[91m [1776449315.669822] BSON Message: [0mInside sensor type parsing.
[91m [1776449315.669838] BSON Message: [0mInside sensor type parsing end.
[91m [1776449315.669845] BSON Message: [0mInside sid parsing
[91m [1776449315.669852] BSON Message: [0mInside gps1 parsing.
[91m [1776449315.669860] Client: [0m---before writing in log upd_msg->seq_no= 3
[91m [1776449315.669866] Client: [0m---before writing in log upd_msg->type= 4
[91m [1776449315.669871] Client: [0m---before writing in log upd_msg->frag_no= 0
[91m [1776449315.669876] Client: [0m---before writing in log upd_msg->reliable= 1
[91m [1776449315.669881] Client: [0m---before writing in log upd_msg->data.sensor_type= 3
[91m [1776449315.669887] Client: [0m---before writing in log upd_msg->data.sid= gps_2
[91m [1776449315.669895] Client: [0m---after writing in log upd_msg->seq_no = 3
[91m [1776449315.669899] Client: [0m---after writing in log upd_msg->data.sensor_type = 3
[91m [1776449315.669903] Client: [0m---after writing in log upd_msg->reliable = 1
[91m [1776449315.792349] BSON Message: [0mInside sensor type parsing.
[91m [1776449315.792364] BSON Message: [0mInside sensor type parsing end.
[91m [1776449315.792371] BSON Message: [0mInside sid parsing
[91m [1776449315.792379] Client: [0m---before writing in log upd_msg->seq_no= 8
[91m [1776449315.792391] Client: [0m---before writing in log upd_msg->type= 4
[91m [1776449315.792396] Client: [0m---before writing in log upd_msg->frag_no= 0
[91m [1776449315.792399] Client: [0m---before writing in log upd_msg->reliable= 1
[91m [1776449315.792403] Client: [0m---before writing in log upd_msg->data.sensor_type= 2
[91m [1776449315.792407] Client: [0m---before writing in log upd_msg->data.sid= device_0
[91m [1776449315.792411] Client: [0m---after writing in log upd_msg->seq_no = 8
[91m [1776449315.792416] Client: [0m---after writing in log upd_msg->data.sensor_type = 2
[91m [1776449315.792422] Client: [0m---after writing in log upd_msg->reliable = 1
[91m [1776449316.4350] BSON Message: [0mInside sensor type parsing.
[91m [1776449316.4362] BSON Message: [0mInside sensor type parsing end.
[91m [1776449316.4368] BSON Message: [0mInside sid parsing
[91m [1776449316.4375] BSON Message: [0mInside temp1 parsing.
[91m [1776449316.4382] Client: [0m---before writing in log upd_msg->seq_no= 20
[91m [1776449316.4389] Client: [0m---before writing in log upd_msg->type= 4
[91m [1776449316.4394] Client: [0m---before writing in log upd_msg->frag_no= 0
[91m [1776449316.4401] Client: [0m---before writing in log upd_msg->reliable= 1
[91m [1776449316.4407] Client: [0m---before writing in log upd_msg->data.sensor_type= 1
[91m [1776449316.4414] Client: [0m---before writing in log upd_msg->data.sid= temp_1
[91m [1776449316.4421] Client: [0m---after writing in log upd_msg->seq_no = 20
[91m [1776449316.4426] Client: [0m---after writing in log upd_msg->data.sensor_type = 1
[91m [1776449316.4432] Client: [0m---after writing in log upd_msg->reliable = 1
[91m [1776449316.575715] BSON Message: [0mInside sensor type parsing.
[91m [1776449316.575725] BSON Message: [0mInside sensor type parsing end.
[91m [1776449316.575730] BSON Message: [0mInside sid parsing
[91m [1776449316.575736] Client: [0m---before writing in log upd_msg->seq_no= 9
[91m [1776449316.575740] Client: [0m---before writing in log upd_msg->type= 4
[91m [1776449316.575745] Client: [0m---before writing in log upd_msg->frag_no= 0
[91m [1776449316.575751] Client: [0m---before writing in log upd_msg->reliable= 1
[91m [1776449316.575756] Client: [0m---before writing in log upd_msg->data.sensor_type= 2
[91m [1776449316.575760] Client: [0m---before writing in log upd_msg->data.sid= device_0
[91m [1776449316.575766] Client: [0m---after writing in log upd_msg->seq_no = 9
[91m [1776449316.575771] Client: [0m---after writing in log upd_msg->data.sensor_type = 2
[91m [1776449316.575776] Client: [0m---after writing in log upd_msg->reliable = 1
[91m [1776449317.4469] BSON Message: [0mInside sensor type parsing.
[91m [1776449317.4481] BSON Message: [0mInside sensor type parsing end.
[91m [1776449317.4487] BSON Message: [0mInside sid parsing
[91m [1776449317.4492] BSON Message: [0mInside temp1 parsing.
[91m [1776449317.4498] Client: [0m---before writing in log upd_msg->seq_no= 21
[91m [1776449317.4502] Client: [0m---before writing in log upd_msg->type= 4
[91m [1776449317.4507] Client: [0m---before writing in log upd_msg->frag_no= 0
[91m [1776449317.4512] Client: [0m---before writing in log upd_msg->reliable= 1
[91m [1776449317.4516] Client: [0m---before writing in log upd_msg->data.sensor_type= 1
[91m [1776449317.4520] Client: [0m---before writing in log upd_msg->data.sid= temp_1
[91m [1776449317.4526] Client: [0m---after writing in log upd_msg->seq_no = 21
[91m [1776449317.4530] Client: [0m---after writing in log upd_msg->data.sensor_type = 1
[91m [1776449317.4535] Client: [0m---after writing in log upd_msg->reliable = 1
[91m [1776449318.5022] BSON Message: [0mInside sensor type parsing.
[91m [1776449318.5034] BSON Message: [0mInside sensor type parsing end.
[91m [1776449318.5039] BSON Message: [0mInside sid parsing
[91m [1776449318.5044] BSON Message: [0mInside temp1 parsing.
[91m [1776449318.5049] Client: [0m---before writing in log upd_msg->seq_no= 22
[91m [1776449318.5059] Client: [0m---before writing in log upd_msg->type= 4
[91m [1776449318.5063] Client: [0m---before writing in log upd_msg->frag_no= 0
[91m [1776449318.5067] Client: [0m---before writing in log upd_msg->reliable= 1
[91m [1776449318.5071] Client: [0m---before writing in log upd_msg->data.sensor_type= 1
[91m [1776449318.5075] Client: [0m---before writing in log upd_msg->data.sid= temp_1
[91m [1776449318.5081] Client: [0m---after writing in log upd_msg->seq_no = 22
[91m [1776449318.5085] Client: [0m---after writing in log upd_msg->data.sensor_type = 1
[91m [1776449318.5089] Client: [0m---after writing in log upd_msg->reliable = 1
[91m [1776449318.751969] BSON Message: [0mInside sensor type parsing.
[91m [1776449318.751981] BSON Message: [0mInside sensor type parsing end.
[91m [1776449318.751987] BSON Message: [0mInside sid parsing
connceting to 127.0.0.1
Got a message from the server.
Message type is 1
Sensors: 
gps_2
device_0
temp_1
Subscribing to all sensors.
Got a message from the server.
Message type is 3
what is happening
subscription ok for gps_2 
requested to remove a subscription but no such subscription found
what is happening
subscription ok for device_0 
requested to remove a subscription but no such subscription found
what is happening
subscription ok for temp_1 
requested to remove a subscription but no such subscription found
Got a message from the server.
Message type is 4
---------Update message arrived------------ 1
Got a message from the server.
Message type is 4
---------Update message arrived------------ 1
Got a message from the server.
Message type is 4
---------Update message arrived------------ 1
Got a message from the server.
Message type is 4
---------Update message arrived------------ 1
Got a message from the server.
Message type is 4
---------Update message arrived------------ 1
Got a message from the server.
Message type is 4
---------Update message arrived------------ 1
Got a message from the server.
Message type is 4
---------Update message arrived------------ 1
Got a message from the server.
Message type is 4
---------Update message arrived------------ 1
Got a message from the server.
Message type is 4
---------Update message arrived------------ 1
Got a message from the server.
Message type is 4
---------Update message arrived------------ 1
Got a message from the server.
Message type is 4
---------Update message arrived------------ 1
Got a message from the server.
Message type is 4
---------Update message arrived------------ 1
Got a message from the server.
Message type is 4
---------Update message arrived------------ 1
Got a message from the server.
Message type is 4
---------Update message arrived------------ 1
Got a message from the server.
Message type is 4
---------Update message arrived------------ 1
Got a message from the server.
Message type is 4
---------Update message arrived------------ 1
Got a message from the server.
Message type is 4
---------Update message arrived------------ 1
Got a message from the server.
Message type is 4
---------Update message arrived------------ 1
Got a message from the server.
Message type is 4
---------Update message arrived------------ 1
Got a message from the server.
Message type is 4
---------Update message arrived------------ 1
Got a message from the server.
Message type is 4
---------Update message arrived------------ 1
Got a message from the server.
Message type is 4
---------Update message arrived------------ 1
Got a message from the server.
Message type is 4
---------Update message arrived------------ 1
Got a message from the server.
Message type is 4
---------Update message arrived------------ 1
Got a message from the server.
Message type is 4
---------Update message arrived------------ 1
Got a message from the server.
Message type is 4
---------Update message arrived------------ 1
Got a message from the server.
Message type is 4
---------Update message arrived------------ 1
Got a message from the server.
Message type is 4
---------Update message arrived------------ 1
Got a message from the server.
Message type is 4
---------Update message arrived------------ 1
Got a message from the server.
Message type is 4
---------Update message arrived------------ 1
Got a message from the server.
Message type is 4
---------Update message arrived------------ 1
Got a message from the server.
Message type is 4
---------Update message arrived------------ 1
Got a message from the server.
Message type is 4
---------Update message arrived------------ 1
Got a message from the server.
Message type is 4
---------Update message arrived------------ 1
Got a message from the server.
Message type is 4
---------Update message arrived------------ 1
Got a message from the server.
Message type is 4
---------Update message arrived------------ 1
Got a message from the server.
Message type is 4
---------Update message arrived------------ 1
Got a message from the server.
Message type is 4
---------Upda[91m [1776449318.752005] Client: [0m---before writing in log upd_msg->seq_no= 10
[91m [1776449318.752011] Client: [0m---before writing in log upd_msg->type= 4
[91m [1776449318.752016] Client: [0m---before writing in log upd_msg->frag_no= 0
[91m [1776449318.752020] Client: [0m---before writing in log upd_msg->reliable= 1
[91m [1776449318.752025] Client: [0m---before writing in log upd_msg->data.sensor_type= 2
[91m [1776449318.752030] Client: [0m---before writing in log upd_msg->data.sid= device_0
[91m [1776449318.752036] Client: [0m---after writing in log upd_msg->seq_no = 10
[91m [1776449318.752040] Client: [0m---after writing in log upd_msg->data.sensor_type = 2
[91m [1776449318.752045] Client: [0m---after writing in log upd_msg->reliable = 1
[91m [1776449319.5418] BSON Message: [0mInside sensor type parsing.
[91m [1776449319.5437] BSON Message: [0mInside sensor type parsing end.
[91m [1776449319.5446] BSON Message: [0mInside sid parsing
[91m [1776449319.5454] BSON Message: [0mInside temp1 parsing.
[91m [1776449319.5462] Client: [0m---before writing in log upd_msg->seq_no= 23
[91m [1776449319.5471] Client: [0m---before writing in log upd_msg->type= 4
[91m [1776449319.5478] Client: [0m---before writing in log upd_msg->frag_no= 0
[91m [1776449319.5486] Client: [0m---before writing in log upd_msg->reliable= 1
[91m [1776449319.5493] Client: [0m---before writing in log upd_msg->data.sensor_type= 1
[91m [1776449319.5502] Client: [0m---before writing in log upd_msg->data.sid= temp_1
[91m [1776449319.5512] Client: [0m---after writing in log upd_msg->seq_no = 23
[91m [1776449319.5521] Client: [0m---after writing in log upd_msg->data.sensor_type = 1
[91m [1776449319.5528] Client: [0m---after writing in log upd_msg->reliable = 1
[91m [1776449320.5730] BSON Message: [0mInside sensor type parsing.
[91m [1776449320.5743] BSON Message: [0mInside sensor type parsing end.
[91m [1776449320.5751] BSON Message: [0mInside sid parsing
[91m [1776449320.5759] BSON Message: [0mInside temp1 parsing.
[91m [1776449320.5768] Client: [0m---before writing in log upd_msg->seq_no= 24
[91m [1776449320.5777] Client: [0m---before writing in log upd_msg->type= 4
[91m [1776449320.5785] Client: [0m---before writing in log upd_msg->frag_no= 0
[91m [1776449320.5793] Client: [0m---before writing in log upd_msg->reliable= 1
[91m [1776449320.5801] Client: [0m---before writing in log upd_msg->data.sensor_type= 1
[91m [1776449320.5810] Client: [0m---before writing in log upd_msg->data.sid= temp_1
[91m [1776449320.5820] Client: [0m---after writing in log upd_msg->seq_no = 24
[91m [1776449320.5828] Client: [0m---after writing in log upd_msg->data.sensor_type = 1
[91m [1776449320.5836] Client: [0m---after writing in log upd_msg->reliable = 1
[91m [1776449321.5687] BSON Message: [0mInside sensor type parsing.
[91m [1776449321.5701] BSON Message: [0mInside sensor type parsing end.
[91m [1776449321.5709] BSON Message: [0mInside sid parsing
[91m [1776449321.5717] BSON Message: [0mInside temp1 parsing.
[91m [1776449321.5725] Client: [0m---before writing in log upd_msg->seq_no= 25
[91m [1776449321.5732] Client: [0m---before writing in log upd_msg->type= 4
[91m [1776449321.5742] Client: [0m---before writing in log upd_msg->frag_no= 0
[91m [1776449321.5746] Client: [0m---before writing in log upd_msg->reliable= 1
[91m [1776449321.5751] Client: [0m---before writing in log upd_msg->data.sensor_type= 1
[91m [1776449321.5755] Client: [0m---before writing in log upd_msg->data.sid= temp_1
[91m [1776449321.5761] Client: [0m---after writing in log upd_msg->seq_no = 25
[91m [1776449321.5765] Client: [0m---after writing in log upd_msg->data.sensor_type = 1
[91m [1776449321.5770] Client: [0m---after writing in log upd_msg->reliable = 1
[91m [1776449321.155478] BSON Message: [0mInside sensor type parsing.
[91m [1776449321.155492] BSON Message: [0mInside sensor type parsing end.
[91m [1776449321.155497] BSON Message: [0mInside sid parsing
[91m [1776449321.155504] Client: [0m---before writing in log upd_msg->seq_no= 11
[91m [1776449321.155508] Client: [0m---before writing in log upd_msg->type= 4
[91m [1776449321.155513] Client: [0m---before writing in log upd_msg->frag_no= 0
[91m [1776449321.155517] Client: [0m---before writing in log upd_msg->reliable= 1
[91m [1776449321.155522] Client: [0m---before writing in log upd_msg->data.sensor_type= 2
[91m [1776449321.155526] Client: [0m---before writing in log upd_msg->data.sid= device_0
[91m [1776449321.155532] Client: [0m---after writing in log upd_msg->seq_no = 11
[91m [1776449321.155538] Client: [0m---after writing in log upd_msg->data.sensor_type = 2
[91m [1776449321.155542] Client: [0m---after writing in log upd_msg->reliable = 1
[91m [1776449322.6732] BSON Message: [0mInside sensor type parsing.
[91m [1776449322.6746] BSON Message: [0mInside sensor type parsing end.
[91m [1776449322.6752] BSON Message: [0mInside sid parsing
[91m [1776449322.6758] BSON Message: [0mInside temp1 parsing.
[91m [1776449322.6765] Client: [0m---before writing in log upd_msg->seq_no= 26
[91m [1776449322.6771] Client: [0m---before writing in log upd_msg->type= 4
[91m [1776449322.6777] Client: [0m---before writing in log upd_msg->frag_no= 0
[91m [1776449322.6783] Client: [0m---before writing in log upd_msg->reliable= 1
[91m [1776449322.6789] Client: [0m---before writing in log upd_msg->data.sensor_type= 1
[91m [1776449322.6794] Client: [0m---before writing in log upd_msg->data.sid= temp_1
[91m [1776449322.6800] Client: [0m---after writing in log upd_msg->seq_no = 26
[91m [1776449322.6806] Client: [0m---after writing in log upd_msg->data.sensor_type = 1
[91m [1776449322.6811] Client: [0m---after writing in log upd_msg->reliable = 1
[91m [1776449323.6837] BSON Message: [0mInside sensor type parsing.
[91m [1776449323.6848] BSON Message: [0mInside sensor type parsing end.
[91m [1776449323.6853] BSON Message: [0mInside sid parsing
[91m [1776449323.6858] BSON Message: [0mInside temp1 parsing.
[91m [1776449323.6864] Client: [0m---before writing in log upd_msg->seq_no= 27
[91m [1776449323.6870] Client: [0m---before writing in log upd_msg->type= 4
[91m [1776449323.6875] Client: [0m---before writing in log upd_msg->frag_no= 0
[91m [1776449323.6879] Client: [0m---before writing in log upd_msg->reliable= 1
[91m [1776449323.6885] Client: [0m---before writing in log upd_msg->data.sensor_type= 1
[91m [1776449323.6888] Client: [0m---before writing in log upd_msg->data.sid= temp_1
[91m [1776449323.6893] Client: [0m---after writing in log upd_msg->seq_no = 27
[91m [1776449323.6897] Client: [0m---after writing in log upd_msg->data.sensor_type = 1
[91m [1776449323.6900] Client: [0m---after writing in log upd_msg->reliable = 1
[91m [1776449324.6649] BSON Message: [0mInside sensor type parsing.
[91m [1776449324.6658] BSON Message: [0mInside sensor type parsing end.
[91m [1776449324.6662] BSON Message: [0mInside sid parsing
[91m [1776449324.6667] BSON Message: [0mInside temp1 parsing.
[91m [1776449324.6673] Client: [0m---before writing in log upd_msg->seq_no= 28
[91m [1776449324.6678] Client: [0m---before writing in log upd_msg->type= 4
[91m [1776449324.6685] Client: [0m---before writing in log upd_msg->frag_no= 0
[91m [1776449324.6690] Client: [0m---before writing in log upd_msg->reliable= 1
[91m [1776449324.6693] Client: [0m---before writing in log upd_msg->data.sensor_type= 1
[91m [1776449324.6698] Client: [0m---before writing in log upd_msg->data.sid= temp_1
[91m [1776449324.6702] Client: [0m---after writing in log upd_msg->seq_no = 28
[91m [1776449324.6706] Client: [0m---after writing in log upd_msg->data.sensor_type = 1
[91m [1776449324.6710] Client: [0m---after writing in log upd_msg->reliable = 1
[91m [1776449324.177683] BSON Message: [0mInside sensor type parsing.
[91m [1776449324.177693] BSON Message: [0mInside sensor type parsing end.
[91m [1776449324.177700] BSON Message: [0mInside sid parsing
[91m [1776449324.177707] Client: [0m---before writing in log upd_msg->seq_no= 12
[91m [1776449324.177712] Client: [0m---before writing in log upd_msg->type= 4
[91m [1776449324.177716] Client: [0m---before writing in log upd_msg->frag_no= 0
[91m [1776449324.177719] Client: [0m---before writing in log upd_msg->reliable= 1
[91m [1776449324.177723] Client: [0m---before writing in log upd_msg->data.sensor_type= 2
[91m [1776449324.177727] Client: [0m---before writing in log upd_msg->data.sid= device_0
[91m [1776449324.177733] Client: [0m---after writing in log upd_msg->seq_no = 12
[91m [1776449324.177737] Client: [0m---after writing in log upd_msg->data.sensor_type = 2
[91m [1776449324.177743] Client: [0m---after writing in log upd_msg->reliable = 1
[91m [1776449324.442765] BSON Message: [0mInside sensor type parsing.
[91m [1776449324.442778] BSON Message: [0mInside sensor type parsing end.
[91m [1776449324.442784] BSON Message: [0mInside sid parsing
[91m [1776449324.442790] BSON Message: [0mInside gps1 parsing.
[91m [1776449324.442797] Client: [0m---before writing in log upd_msg->seq_no= 4
[91m [1776449324.442802] Client: [0m---before writing in log upd_msg->type= 4
[91m [1776449324.442810] Client: [0m---before writing in log upd_msg->frag_no= 0
[91m [1776449324.442816] Client: [0m---before writing in log upd_msg->reliable= 0
[91m [1776449324.442823] Client: [0m---before writing in log upd_msg->data.sensor_type= 3
[91m [1776449324.442829] Client: [0m---before writing in log upd_msg->data.sid= gps_2
[91m [1776449324.442836] Client: [0m---after writing in log upd_msg->seq_no = 4
[91m [1776449324.442842] Client: [0m---after writing in log upd_msg->data.sensor_type = 3
[91m [1776449324.442847] Client: [0m---after writing in log upd_msg->reliable = 0
[91m [1776449325.6955] BSON Message: [0mInside sensor type parsing.
[91m [1776449325.6964] BSON Message: [0mInside sensor type parsing end.
[91m [1776449325.6968] BSON Message: [0mInside sid parsing
[91m [1776449325.6972] BSON Message: [0mInside temp1 parsing.
[91m [1776449325.6977] Client: [0m---before writing in log upd_msg->seq_no= 29
[91m [1776449325.6980] Client: [0m---before writing in log upd_msg->type= 4
[91m [1776449325.6984] Client: [0m---before writing in log upd_msg->frag_no= 0
[91m [1776449325.6988] Client: [0m---before writing in log upd_msg->reliable= 1
[91m [1776449325.6993] Client: [0m---before writing in log upd_msg->data.sensor_type= 1
[91m [1776449325.6997] Client: [0m---before writing in log upd_msg->data.sid= temp_1
[91m [1776449325.7003] Client: [0m---after writing in log upd_msg->seq_no = 29
[91m [1776449325.7007] Client: [0m---after writing in log upd_msg->data.sensor_type = 1
[91m [1776449325.7012] Client: [0m---after writing in log upd_msg->reliable = 1
[91m [1776449326.7186] BSON Message: [0mInside sensor type parsing.
[91m [1776449326.7195] BSON Message: [0mInside sensor type parsing end.
[91m [1776449326.7199] BSON Message: [0mInside sid parsing
[91m [1776449326.7203] BSON Message: [0mInside temp1 parsing.
[91m [1776449326.7209] Client: [0m---before writing in log upd_msg->seq_no= 30
[91m [1776449326.7214] Client: [0m---before writing in log upd_msg->type= 4
[91m [1776449326.7218] Client: [0m---before writing in log upd_msg->frag_no= 0
[91m [1776449326.7234] Client: [0m---before writing in log upd_msg->reliable= 1
[91m [1776449326.7238] Client: [0m---before writing in log upd_msg->data.sensor_type= 1
[91m [1776449326.7242] Client: [0m---before writing in log upd_msg->data.sid= temp_1
[91m [1776449326.7247] Client: [0m---after writing in log upd_msg->seq_no = 30
[91m [1776449326.7251] Client: [0m---after writing in log upd_msg->data.sensor_type = 1
[91m [1776449326.7254] Client: [0m---after writing in log upd_msg->reliable = 1
[91m [1776449326.551647] BSON Message: [0mInside sensor type parsing.
[91m [1776449326.551680] BSON Message: [0mInside sensor type parsing end.
[91m [1776449326.551686] BSON Message: [0mInside sid parsing
[91m [1776449326.551700] Client: [0m---before writing in log upd_msg->seq_no= 13
[91m [1776449326.551707] Client: [0m---before writing in log upd_msg->type= 4
[91m [1776449326.551712] Client: [0m---before writing in log upd_msg->frag_no= 0
[91m [1776449326.551745] Client: [0m---before writing in log upd_msg->reliable= 1
[91m [1776449326.551751] Client: [0m---before writing in log upd_msg->data.sensor_type= 2
[91m [1776449326.551755] Client: [0m---before writing in log upd_msg->data.sid= device_0
[91m [1776449326.551867] Client: [0m---after writing in log upd_msg->seq_no = 13
[91m [1776449326.551872] Client: [0m---after writing in log upd_msg->data.sensor_type = 2
[91m [1776449326.551876] Client: [0m---after writing in log upd_msg->reliable = 1
[91m [1776449327.7711] BSON Message: [0mInside sensor type parsing.
[91m [1776449327.7725] BSON Message: [0mInside sensor type parsing end.
[91m [1776449327.7731] BSON Message: [0mInside sid parsing
[91m [1776449327.7736] BSON Message: [0mInside temp1 parsing.
[91m [1776449327.7742] Client: [0m---before writing in log upd_msg->seq_no= 31
[91m [1776449327.7748] Client: [0m---before writing in log upd_msg->type= 4
[91m [1776449327.7752] Client: [0m---before writing in log upd_msg->frag_no= 0
[91m [1776449327.7756] Client: [0m---before writing in log upd_msg->reliable= 1
[91m [1776449327.7760] Client: [0m---before writing in log upd_msg->data.sensor_type= 1
[91m [1776449327.7765] Client: [0m---before writing in log upd_msg->data.sid= temp_1
[91m [1776449327.7770] Client: [0m---after writing in log upd_msg->seq_no = 31
[91m [1776449327.7774] Client: [0m---after writing in log upd_msg->data.sensor_type = 1
[91m [1776449327.7779] Client: [0m---after writing in log upd_msg->reliable = 1
[91m [1776449328.8745] BSON Message: [0mInside sensor type parsing.
[91m [1776449328.8757] BSON Message: [0mInside sensor type parsing end.
[91m [1776449328.8762] BSON Message: [0mInside sid parsing
[91m [1776449328.8766] BSON Message: [0mInside temp1 parsing.
[91m [1776449328.8772] Client: [0m---before writing in log upd_msg->seq_no= 32
[91m [1776449328.8777] Client: [0m---before writing in log upd_msg->type= 4
[91m [1776449328.8781] Client: [0m---before writing in log upd_msg->frag_no= 0
[91m [1776449328.8786] Client: [0m---before writing in log upd_msg->reliable= 1
[91m [1776449328.8790] Client: [0m---before writing in log upd_msg->data.sensor_type= 1
[91m [1776449328.8795] Client: [0m---before writing in log upd_msg->data.sid= temp_1
[91m [1776449328.8800] Client: [0m---after writing in log upd_msg->seq_no = 32
[91m [1776449328.8805] Client: [0m---after writing in log upd_msg->data.sensor_type = 1
[91m [1776449328.8809] Client: [0m---after writing in log upd_msg->reliable = 1
[91m [1776449328.390577] BSON Message: [0mInside sensor type parsing.
[91m [1776449328.390590] BSON Message: [0mInside sensor type parsing end.
[91m [1776449328.390597] BSON Message: [0mInside sid parsing
[91m [1776449328.390605] Client: [0m---before writing in log upd_msg->seq_no= 14
[91m [1776449328.390611] Client: [0m---before writing in log upd_msg->type= 4
[91m [1776449328.390616] Client: [0m---before writing in log upd_msg->frag_no= 0
[91m [1776449328.390622] Client: [0m---before writing in log upd_msg->reliable= 1
[91m [1776449328.390633] Client: [0m---before writing in log upd_msg->data.sensor_type= 2
[91m [1776449328.390638] Client: [0m---before writing in log upd_msg->data.sid= device_0
[91m [1776449328.390645] Client: [0m---after writing in log upd_msg->seq_no = 14
[91m [1776449328.390650] Client: [0m---after writing in log upd_msg->data.sensor_type = 2
[91m [1776449328.390656] Client: [0m---after writing in log upd_msg->reliable = 1
[91m [1776449329.8592] BSON Message: [0mInside sensor type parsing.
[91m [1776449329.8608] BSON Message: [0mInside sensor type parsing end.
[91m [1776449329.8616] BSON Message: [0mInside sid parsing
[91m [1776449329.8624] BSON Message: [0mInside temp1 parsing.
[91m [1776449329.8633] Client: [0m---before writing in log upd_msg->seq_no= 33
[91m [1776449329.8638] Client: [0m---before writing in log upd_msg->type= 4
[91m [1776449329.8643] Client: [0m---before writing in log upd_msg->frag_no= 0
[91m [1776449329.8649] Client: [0m---before writing in log upd_msg->reliable= 1
[91m [1776449329.8655] Client: [0m---before writing in log upd_msg->data.sensor_type= 1
[91m [1776449329.8659] Client: [0m---before writing in log upd_msg->data.sid= temp_1
[91m [1776449329.8665] Client: [0m---after writing in log upd_msg->seq_no = 33
[91m [1776449329.8672] Client: [0m---after writing in log upd_msg->data.sensor_type = 1
[91m [1776449329.8676] Client: [0m---after writing in log upd_msg->reliable = 1
[91m [1776449329.522966] BSON Message: [0mInside sensor type parsing.
[91m [1776449329.522977] BSON Message: [0mInside sensor type parsing end.
[91m [1776449329.522982] BSON Message: [0mInside sid parsing
[91m [1776449329.522987] Client: [0m---before writing in log upd_msg->seq_no= 15
[91m [1776449329.522991] Client: [0m---before writing in log upd_msg->type= 4
[91m [1776449329.522995] Client: [0m---before writing in log upd_msg->frag_no= 0
[91m [1776449329.522999] Client: [0m---before writing in log upd_msg->reliable= 1
[91m [1776449329.523003] Client: [0m---before writing in log upd_msg->data.sensor_type= 2
[91m [1776449329.523006] Client: [0m---before writing in log upd_msg->data.sid= device_0
[91m [1776449329.523011] Client: [0m---after writing in log upd_msg->seq_no = 15
[91m [1776449329.523015] Client: [0m---after writing in log upd_msg->data.sensor_type = 2
[91m [1776449329.523018] Client: [0m---after writing in log upd_msg->reliable = 1
[91m [1776449330.9060] BSON Message: [0mInside sensor type parsing.
[91m [1776449330.9069] BSON Message: [0mInside sensor type parsing end.
[91m [1776449330.9074] BSON Message: [0mInside sid parsing
[91m [1776449330.9078] BSON Message: [0mInside temp1 parsing.
[91m [1776449330.9084] Client: [0m---before writing in log upd_msg->seq_no= 34
[91m [1776449330.9089] Client: [0m---before writing in log upd_msg->type= 4
[91m [1776449330.9094] Client: [0m---before writing in log upd_msg->frag_no= 0
[91m [1776449330.9099] Client: [0m---before writing in log upd_msg->reliable= 1
[91m [1776449330.9103] Client: [0m---before writing in log upd_msg->data.sensor_type= 1
[91m [1776449330.9107] Client: [0m---before writing in log upd_msg->data.sid= temp_1
[91m [1776449330.9113] Client: [0m---after writing in log upd_msg->seq_no = 34
[91m [1776449330.9117] Client: [0m---after writing in log upd_msg->data.sensor_type = 1
[91m [1776449330.9121] Client: [0m---after writing in log upd_msg->reliable = 1
[91m [1776449330.938854] BSON Message: [0mInside sensor type parsing.
[91m [1776449330.938869] BSON Message: [0mInside sensor type parsing end.
[91m [1776449330.938873] BSON Message: [0mInside sid parsing
[91m [1776449330.938878] Client: [0m---before writing in log upd_msg->seq_no= 16
[91m [1776449330.938882] Client: [0m---before writing in log upd_msg->type= 4
[91m [1776449330.938887] Client: [0m---before writing in log upd_msg->frag_no= 0
[91m [1776449330.938896] Client: [0m---before writing in log upd_msg->reliable= 1
[91m [1776449330.938901] Client: [0m---before writing in log upd_msg->data.sensor_type= 2
[91m [1776449330.938912] Client: [0m---before writing in log upd_msg->data.sid= device_0
[91m [1776449330.938929] Client: [0m---after writing in log upd_msg->seq_no = 16
[91m [1776449330.938933] Client: [0m---after writing in log upd_msg->data.sensor_type = 2
[91m [1776449330.938938] Client: [0m---after writing in log upd_msg->reliable = 1
[91m [1776449331.9409] BSON Message: [0mInside sensor type parsing.
[91m [1776449331.9423] BSON Message: [0mInside sensor type parsing end.
[91m [1776449331.9430] BSON Message: [0mInside sid parsing
[91m [1776449331.9435] BSON Message: [0mInside temp1 parsing.
[91m [1776449331.9455] Client: [0m---before writing in log upd_msg->seq_no= 35
[91m [1776449331.9462] Client: [0m---before writing in log upd_msg->type= 4
[91m [1776449331.9467] Client: [0m---before writing in log upd_msg->frag_no= 0
[91m [1776449331.9472] Client: [0m---before writing in log upd_msg->reliable= 1
[91m [1776449331.9477] Client: [0m---before writing in log upd_msg->data.sensor_type= 1
[91m [1776449331.9481] Client: [0m---before writing in log upd_msg->data.sid= temp_1
[91m [1776449331.9487] Client: [0m---after writing in log upd_msg->seq_no = 35
[91m [1776449331.9492] Client: [0m---after writing in log upd_msg->data.sensor_type = 1
[91m [1776449331.9497] Client: [0m---after writing in log upd_msg->reliable = 1
[91m [1776449331.307583] BSON Message: [0mInside sensor type parsing.
[91m [1776449331.307592] BSON Message: [0mInside sensor type parsing end.
[91m [1776449331.307596] BSON Message: [0mInside sid parsing
[91m [1776449331.307600] BSON Message: [0mInside gps1 parsing.
[91m [1776449331.307605] Client: [0m---before writing in log upd_msg->seq_no= 5
[91m [1776449331.307609] Client: [0m---before writing in log upd_msg->type= 4
[91m [1776449331.307612] Client: [0m---before writing in log upd_msg->frag_no= 0
[91m [1776449331.307616] Client: [0m---before writing in log upd_msg->reliable= 1
[91m [1776449331.307621] Client: [0m---before writing in log upd_msg->data.sensor_type= 3
[91m [1776449331.307626] Client: [0m---before writing in log upd_msg->data.sid= gps_2
[91m [1776449331.307634] Client: [0m---after writing in log upd_msg->seq_no = 5
[91m [1776449331.307639] Client: [0m---after writing in log upd_msg->data.sensor_type = 3
[91m [1776449331.307643] Client: [0m---after writing in log upd_msg->reliable = 1
[91m [1776449331.389033] BSON Message: [0mInside sensor type parsing.
[91m [1776449331.389043] BSON Message: [0mInside sensor type parsing end.
[91m [1776449331.389048] BSON Message: [0mInside sid parsing
[91m [1776449331.389054] Client: [0m---before writing in log upd_msg->seq_no= 17
[91m [1776449331.389059] Client: [0m---before writing in log upd_msg->type= 4
[91m [1776449331.389064] Client: [0m---before writing in log upd_msg->frag_no= 0
[91m [1776449331.389070] Client: [0m---before writing in log upd_msg->reliable= 1
[91m [1776449331.389075] Client: [0m---before writing in log upd_msg->data.sensor_type= 2
[91m [1776449331.389081] Client: [0m---before writing in log upd_msg->data.sid= device_0
[91m [1776449331.389087] Client: [0m---after writing in log upd_msg->seq_no = 17
[91m [1776449331.389092] Client: [0m---after writing in log upd_msg->data.sensor_type = 2
[91m [1776449331.389097] Client: [0m---after writing in log upd_msg->reliable = 1
[91m [1776449331.903543] BSON Message: [0mInside sensor type parsing.
[91m [1776449331.903557] BSON Message: [0mInside sensor type parsing end.
[91m [1776449331.903563] BSON Message: [0mInside sid parsing
[91m [1776449331.903569] Client: [0m---before writing in log upd_msg->seq_no= 18
[91m [1776449331.903574] Client: [0m---before writing in log upd_msg->type= 4
[91m [1776449331.903579] Client: [0m---before writing in log upd_msg->frag_no= 0
[91m [1776449331.903583] Client: [0m---before writing in log upd_msg->reliable= 1
[91m [1776449331.903588] Client: [0m---before writing in log upd_msg->data.sensor_type= 2
[91m [1776449331.903593] Client: [0m---before writing in log upd_msg->data.sid= device_0
[91m [1776449331.903605] Client: [0m---after writing in log upd_msg->seq_no = 18
[91m [1776449331.903609] Client: [0m---after writing in log upd_msg->data.sensor_type = 2
[91m [1776449331.903614] Client: [0m---after writing in log upd_msg->reliable = 1
[91m [1776449332.9682] BSON Message: [0mInside sensor type parsing.
[91m [1776449332.9692] BSON Message: [0mInside sensor type parsing end.
[91m [1776449332.9697] BSON Message: [0mInside sid parsing
[91m [1776449332.9702] BSON Message: [0mInside temp1 parsing.
[91m [1776449332.9707] Client: [0m---before writing in log upd_msg->seq_no= 36
[91m [1776449332.9712] Client: [0m---before writing in log upd_msg->type= 4
[91m [1776449332.9717] Client: [0m---before writing in log upd_msg->frag_no= 0
[91m [1776449332.9721] Client: [0m---before writing in log upd_msg->reliable= 1
[91m [1776449332.9725] Client: [0m---before writing in log upd_msg->data.sensor_type= 1
[91m [1776449332.9730] Client: [0m---before writing in log upd_msg->data.sid= temp_1
[91m [1776449332.9736] Client: [0m---after writing in log upd_msg->seq_no = 36
[91m [1776449332.9742] Client: [0m---after writing in log upd_msg->data.sensor_type = 1
[91m [1776449332.9747] Client: [0m---after writing in log upd_msg->reliable = 1
[91m [1776449333.9714] BSON Message: [0mInside sensor type parsing.
[91m [1776449333.9740] BSON Message: [0mInside sensor type parsing end.
[91m [1776449333.9746] BSON Message: [0mInside sid parsing
[91m [1776449333.9750] BSON Message: [0mInside temp1 parsing.
[91m [1776449333.9756] Client: [0m---before writing in log upd_msg->seq_no= 37
[91m [1776449333.9761] Client: [0m---before writing in log upd_msg->type= 4
[91m [1776449333.9765] Client: [0m---before writing in log upd_msg->frag_no= 0
[91m [1776449333.9770] Client: [0m---before writing in log upd_msg->reliable= 0
[91m [1776449333.9774] Client: [0m---before writing in log upd_msg->data.sensor_type= 1
[91m [1776449333.9779] Client: [0m---before writing in log upd_msg->data.sid= temp_1
[91m [1776449333.9784] Client: [0m---after writing in log upd_msg->seq_no = 37
[91m [1776449333.9789] Client: [0m---after writing in log upd_msg->data.sensor_type = 1
[91m [1776449333.9793] Client: [0m---after writing in log upd_msg->reliable = 0
[91m [1776449334.10604] BSON Message: [0mInside sensor type parsing.
[91m [1776449334.10616] BSON Message: [0mInside sensor type parsing end.
[91m [1776449334.10622] BSON Message: [0mInside sid parsing
[91m [1776449334.10627] BSON Message: [0mInside temp1 parsing.
[91m [1776449334.10634] Client: [0m---before writing in log upd_msg->seq_no= 38
[91m [1776449334.10639] Client: [0m---before writing in log upd_msg->type= 4
[91m [1776449334.10644] Client: [0m---before writing in log upd_msg->frag_no= 0
[91m [1776449334.10649] Client: [0m---before writing in log upd_msg->reliable= 1
[91m [1776449334.10654] Client: [0m---before writing in log upd_msg->data.sensor_type= 1
[91m [1776449334.10659] Client: [0m---before writing in log upd_msg->data.sid= temp_1
[91m [1776449334.10664] Client: [0m---after writing in log upd_msg->seq_no = 38
[91m [1776449334.10669] Client: [0m---after writing in log upd_msg->data.sensor_type = 1
[91m [1776449334.10674] Client: [0m---after writing in log upd_msg->reliable = 1
[91m [1776449335.10627] BSON Message: [0mInside sensor type parsing.
[91m [1776449335.10642] BSON Message: [0mInside sensor type parsing end.
[91m [1776449335.10649] BSON Message: [0mInside sid parsing
[91m [1776449335.10655] BSON Message: [0mInside temp1 parsing.
[91m [1776449335.10663] Client: [0m---before writing in log upd_msg->seq_no= 39
[91m [1776449335.10669] Client: [0m---before writing in log upd_msg->type= 4
[91m [1776449335.10675] Client: [0m---before writing in log upd_msg->frag_no= 0
[91m [1776449335.10681] Client: [0m---before writing in log upd_msg->reliable= 1
[91m [1776449335.10687] Client: [0m---before writing in log upd_msg->data.sensor_type= 1
[91m [1776449335.10699] Client: [0m---before writing in log upd_msg->data.sid= temp_1
[91m [1776449335.10707] Client: [0m---after writing in log upd_msg->seq_no = 39
[91m [1776449335.10713] Client: [0m---after writing in log upd_msg->data.sensor_type = 1
[91m [1776449335.10720] Client: [0m---after writing in log upd_msg->reliable = 1
[91m [1776449336.11229] BSON Message: [0mInside sensor type parsing.
[91m [1776449336.11241] BSON Message: [0mInside sensor type parsing end.
[91m [1776449336.11247] BSON Message: [0mInside sid parsing
[91m [1776449336.11252] BSON Message: [0mInside temp1 parsing.
[91m [1776449336.11258] Client: [0m---before writing in log upd_msg->seq_no= 40
[91m [1776449336.11262] Client: [0m---before writing in log upd_msg->type= 4
[91m [1776449336.11265] Client: [0m---before writing in log upd_msg->frag_no= 0
[91m [1776449336.11268] Client: [0m---before writing in log upd_msg->reliable= 1
[91m [1776449336.11271] Client: [0m---before writing in log upd_msg->data.sensor_type= 1
[91m [1776449336.11274] Client: [0m---before writing in log upd_msg->data.sid= temp_1
[91m [1776449336.11277] Client: [0m---after writing in log upd_msg->seq_no = 40
[91m [1776449336.11281] Client: [0m---after writing in log upd_msg->data.sensor_type = 1
[91m [1776449336.11284] Client: [0m---after writing in log upd_msg->reliable = 1
[91m [1776449336.801692] BSON Message: [0mInside sensor type parsing.
[91m [1776449336.801703] BSON Message: [0mInside sensor type parsing end.
[91m [1776449336.801708] BSON Message: [0mInside sid parsing
[91m [1776449336.801714] Client: [0m---before writing in log upd_msg->seq_no= 19
[91m [1776449336.801718] Client: [0m---before writing in log upd_msg->type= 4
[91m [1776449336.801722] Client: [0m---before writing in log upd_msg->frag_no= 0
[91m [1776449336.801726] Client: [0m---before writing in log upd_msg->reliable= 1
[91m [1776449336.801730] Client: [0m---before writing in log upd_msg->data.sensor_type= 2
[91m [1776449336.801734] Client: [0m---before writing in log upd_msg->data.sid= device_0
[91m [1776449336.801739] Client: [0m---after writing in log upd_msg->seq_no = 19
[91m [1776449336.801743] Client: [0m---after writing in log upd_msg->data.sensor_type = 2
[91m [1776449336.801747] Client: [0m---after writing in log upd_msg->reliable = 1
[91m [1776449337.11305] BSON Message: [0mInside sensor type parsing.
[91m [1776449337.11317] BSON Message: [0mInside sensor type parsing end.
[91m [1776449337.11323] BSON Message: [0mInside sid parsing
[91m [1776449337.11328] BSON Message: [0mInside temp1 parsing.
[91m [1776449337.11335] Client: [0m---before writing in log upd_msg->seq_no= 41
[91m [1776449337.11341] Client: [0m---before writing in log upd_msg->type= 4
[91m [1776449337.11345] Client: [0m---before writing in log upd_msg->frag_no= 0
[91m [1776449337.11351] Client: [0m---before writing in log upd_msg->reliable= 1
[91m [1776449337.11355] Client: [0m---before writing in log upd_msg->data.sensor_type= 1
[91m [1776449337.11359] Client: [0m---before writing in log upd_msg->data.sid= temp_1
[91m [1776449337.11364] Client: [0m---after writing in log upd_msg->seq_no = 41
[91m [1776449337.11369] Client: [0m---after writing in log upd_msg->data.sensor_type = 1
[91m [1776449337.11374] Client: [0m---after writing in log upd_msg->reliable = 1
[91m [1776449337.757065] BSON Message: [0mInside sensor type parsing.
[91m [1776449337.757078] BSON Message: [0mInside sensor type parsing end.
[91m [1776449337.757084] BSON Message: [0mInside sid parsing
[91m [1776449337.757091] Client: [0m---before writing in log upd_msg->seq_no= 20
[91m [1776449337.757097] Client: [0m---before writing in log upd_msg->type= 4
[91m [1776449337.757102] Client: [0m---before writing in log upd_msg->frag_no= 0
[91m [1776449337.757107] Client: [0m---before writing in log upd_msg->reliable= 1
[91m [1776449337.757113] Client: [0m---before writing in log upd_msg->data.sensor_type= 2
[91m [1776449337.757122] Client: [0m---before writing in log upd_msg->data.sid= device_0
[91m [1776449337.757135] Client: [0m---after writing in log upd_msg->seq_no = 20
[91m [1776449337.757140] Client: [0m---after writing in log upd_msg->data.sensor_type = 2
[91m [1776449337.757145] Client: [0m---after writing in log upd_msg->reliable = 1
[91m [1776449338.11430] BSON Message: [0mInside sensor type parsing.
[91m [1776449338.11443] BSON Message: [0mInside sensor type parsing end.
[91m [1776449338.11449] BSON Message: [0mInside sid parsing
[91m [1776449338.11455] BSON Message: [0mInside temp1 parsing.
[91m [1776449338.11462] Client: [0m---before writing in log upd_msg->seq_no= 42
[91m [1776449338.11469] Client: [0m---before writing in log upd_msg->type= 4
[91m [1776449338.11474] Client: [0m---before writing in log upd_msg->frag_no= 0
[91m [1776449338.11480] Client: [0m---before writing in log upd_msg->reliable= 1
[91m [1776449338.11485] Client: [0m---before writing in log upd_msg->data.sensor_type= 1
[91m [1776449338.11491] Client: [0m---before writing in log upd_msg->data.sid= temp_1
[91m [1776449338.11498] Client: [0m---after writing in log upd_msg->seq_no = 42
[91m [1776449338.11503] Client: [0m---after writing in log upd_msg->data.sensor_type = 1
[91m [1776449338.11508] Client: [0m---after writing in log upd_msg->reliable = 1
[91m [1776449339.12383] BSON Message: [0mInside sensor type parsing.
[91m [1776449339.12393] BSON Message: [0mInside sensor type parsing end.
[91m [1776449339.12396] BSON Message: [0mInside sid parsing
[91m [1776449339.12401] BSON Message: [0mInside temp1 parsing.
[91m [1776449339.12405] Client: [0m---before writing in log upd_msg->seq_no= 43
[91m [1776449339.12408] Client: [0m---before writing in log upd_msg->type= 4
[91m [1776449339.12411] Client: [0m---before writing in log upd_msg->frag_no= 0
[91m [1776449339.12414] Client: [0m---before writing in log upd_msg->reliable= 1
[91m [1776449339.12417] Client: [0m---before writing in log upd_msg->data.sensor_type= 1
[91m [1776449339.12420] Client: [0m---before writing in log upd_msg->data.sid= temp_1
[91m [1776449339.12424] Client: [0m---after writing in log upd_msg->seq_no = 43
[91m [1776449339.12427] Client: [0m---after writing in log upd_msg->data.sensor_type = 1
[91m [1776449339.12430] Client: [0m---after writing in log upd_msg->reliable = 1
[91m [1776449339.742385] BSON Message: [0mInside sensor type parsing.
[91m [1776449339.742400] BSON Message: [0mInside sensor type parsing end.
[91m [1776449339.742406] BSON Message: [0mInside sid parsing
[91m [1776449339.742412] BSON Message: [0mInside gps1 parsing.
[91m [1776449339.742418] Client: [0m---before writing in log upd_msg->seq_no= 6
[91m [1776449339.742423] Client: [0m---before writing in log upd_msg->type= 4
[91m [1776449339.742428] Client: [0m---before writing in log upd_msg->frag_no= 0
[91m [1776449339.742433] Client: [0m---before writing in log upd_msg->reliable= 1
[91m [1776449339.742437] Client: [0m---before writing in log upd_msg->data.sensor_type= 3
[91m [1776449339.742443] Client: [0m---before writing in log upd_msg->data.sid= gps_2
[91m [1776449339.742451] Client: [0m---after writing in log upd_msg->seq_no = 6
[91m [1776449339.742456] Client: [0m---after writing in log upd_msg->data.sensor_type = 3
[91m [1776449339.742461] Client: [0m---after writing in log upd_msg->reliable = 1
[91m [1776449340.12094] BSON Message: [0mInside sensor type parsing.
[91m [1776449340.12106] BSON Message: [0mInside sensor type parsing end.
[91m [1776449340.12113] BSON Message: [0mInside sid parsing
[91m [1776449340.12119] BSON Message: [0mInside temp1 parsing.
[91m [1776449340.12126] Client: [0m---before writing in log upd_msg->seq_no= 44
[91m [1776449340.12131] Client: [0m---before writing in log upd_msg->type= 4
[91m [1776449340.12137] Client: [0m---before writing in log upd_msg->frag_no= 0
[91m [1776449340.12142] Client: [0m---before writing in log upd_msg->reliable= 1
[91m [1776449340.12148] Client: [0m---before writing in log upd_msg->data.sensor_type= 1
[91m [1776449340.12153] Client: [0m---before writing in log upd_msg->data.sid= temp_1
[91m [1776449340.12165] Client: [0m---after writing in log upd_msg->seq_no = 44
[91m [1776449340.12170] Client: [0m---after writing in log upd_msg->data.sensor_type = 1
[91m [1776449340.12175] Client: [0m---after writing in log upd_msg->reliable = 1
[91m [1776449340.647609] BSON Message: [0mInside sensor type parsing.
[91m [1776449340.647621] BSON Message: [0mInside sensor type parsing end.
[91m [1776449340.647627] BSON Message: [0mInside sid parsing
[91m [1776449340.647634] Client: [0m---before writing in log upd_msg->seq_no= 21
[91m [1776449340.647639] Client: [0m---before writing in log upd_msg->type= 4
[91m [1776449340.647644] Client: [0m---before writing in log upd_msg->frag_no= 0
[91m [1776449340.647650] Client: [0m---before writing in log upd_msg->reliable= 1
[91m [1776449340.647655] Client: [0m---before writing in log upd_msg->data.sensor_type= 2
[91m [1776449340.647660] Client: [0m---before writing in log upd_msg->data.sid= device_0
[91m [1776449340.647666] Client: [0m---after writing in log upd_msg->seq_no = 21
[91m [1776449340.647671] Client: [0m---after writing in log upd_msg->data.sensor_type = 2
[91m [1776449340.647676] Client: [0m---after writing in log upd_msg->reliable = 1
[91m [1776449341.12180] BSON Message: [0mInside sensor type parsing.
[91m [1776449341.12190] BSON Message: [0mInside sensor type parsing end.
[91m [1776449341.12193] BSON Message: [0mInside sid parsing
[91m [1776449341.12196] BSON Message: [0mInside temp1 parsing.
[91m [1776449341.12200] Client: [0m---before writing in log upd_msg->seq_no= 45
[91m [1776449341.12204] Client: [0m---before writing in log upd_msg->type= 4
[91m [1776449341.12207] Client: [0m---before writing in log upd_msg->frag_no= 0
[91m [1776449341.12211] Client: [0m---before writing in log upd_msg->reliable= 1
[91m [1776449341.12215] Client: [0m---before writing in log upd_msg->data.sensor_type= 1
[91m [1776449341.12219] Client: [0m---before writing in log upd_msg->data.sid= temp_1
[91m [1776449341.12223] Client: [0m---after writing in log upd_msg->seq_no = 45
[91m [1776449341.12228] Client: [0m---after writing in log upd_msg->data.sensor_type = 1
[91m [1776449341.12231] Client: [0m---after writing in log upd_msg->reliable = 1
[91m [1776449342.12335] BSON Message: [0mInside sensor type parsing.
[91m [1776449342.12347] BSON Message: [0mInside sensor type parsing end.
[91m [1776449342.12351] BSON Message: [0mInside sid parsing
[91m [1776449342.12354] BSON Message: [0mInside temp1 parsing.
[91m [1776449342.12359] Client: [0m---before writing in log upd_msg->seq_no= 46
[91m [1776449342.12362] Client: [0m---before writing in log upd_msg->type= 4
[91m [1776449342.12365] Client: [0m---before writing in log upd_msg->frag_no= 0
[91m [1776449342.12368] Client: [0m---before writing in log upd_msg->reliable= 1
[91m [1776449342.12371] Client: [0m---before writing in log upd_msg->data.sensor_type= 1
[91m [1776449342.12374] Client: [0m---before writing in log upd_msg->data.sid= temp_1
[91m [1776449342.12377] Client: [0m---after writing in log upd_msg->seq_no = 46
[91m [1776449342.12380] Client: [0m---after writing in log upd_msg->data.sensor_type = 1
[91m [1776449342.12383] Client: [0m---after writing in log upd_msg->reliable = 1
[91m [1776449343.12908] BSON Message: [0mInside sensor type parsing.
[91m [1776449343.12933] BSON Message: [0mInside sensor type parsing end.
[91m [1776449343.12940] BSON Message: [0mInside sid parsing
[91m [1776449343.12946] BSON Message: [0mInside temp1 parsing.
[91m [1776449343.12953] Client: [0m---before writing in log upd_msg->seq_no= 47
[91m [1776449343.12958] Client: [0m---before writing in log upd_msg->type= 4
[91m [1776449343.12963] Client: [0m---before writing in log upd_msg->frag_no= 0
[91m [1776449343.12968] Client: [0m---before writing in log upd_msg->reliable= 1
[91m [1776449343.12973] Client: [0m---before writing in log upd_msg->data.sensor_type= 1
[91m [1776449343.12978] Client: [0m---before writing in log upd_msg->data.sid= temp_1
[91m [1776449343.12988] Client: [0m---after writing in log upd_msg->seq_no = 47
[91m [1776449343.12993] Client: [0m---after writing in log upd_msg->data.sensor_type = 1
[91m [1776449343.12997] Client: [0m---after writing in log upd_msg->reliable = 1
[91m [1776449343.145330] BSON Message: [0mInside sensor type parsing.
[91m [1776449343.145343] BSON Message: [0mInside sensor type parsing end.
[91m [1776449343.145349] BSON Message: [0mInside sid parsing
[91m [1776449343.145355] Client: [0m---before writing in log upd_msg->seq_no= 22
[91m [1776449343.145360] Client: [0m---before writing in log upd_msg->type= 4
[91m [1776449343.145364] Client: [0m---before writing in log upd_msg->frag_no= 0
[91m [1776449343.145368] Client: [0m---before writing in log upd_msg->reliable= 1
[91m [1776449343.145373] Client: [0m---before writing in log upd_msg->data.sensor_type= 2
[91m [1776449343.145378] Client: [0m---before writing in log upd_msg->data.sid= device_0
[91m [1776449343.145384] Client: [0m---after writing in log upd_msg->seq_no = 22
[91m [1776449343.145390] Client: [0m---after writing in log upd_msg->data.sensor_type = 2
[91m [1776449343.145394] Client: [0m---after writing in log upd_msg->reliable = 1
[91m [1776449344.14500] BSON Message: [0mInside sensor type parsing.
[91m [1776449344.14522] BSON Message: [0mInside sensor type parsing end.
[91m [1776449344.14526] BSON Message: [0mInside sid parsing
[91m [1776449344.14530] BSON Message: [0mInside temp1 parsing.
[91m [1776449344.14534] Client: [0m---before writing in log upd_msg->seq_no= 48
[91m [1776449344.14537] Client: [0m---before writing in log upd_msg->type= 4
[91m [1776449344.14540] Client: [0m---before writing in log upd_msg->frag_no= 0
[91m [1776449344.14543] Client: [0m---before writing in log upd_msg->reliable= 1
[91m [1776449344.14546] Client: [0m---before writing in log upd_msg->data.sensor_type= 1
[91m [1776449344.14549] Client: [0m---before writing in log upd_msg->data.sid= temp_1
[91m [1776449344.14553] Client: [0m---after writing in log upd_msg->seq_no = 48
[91m [1776449344.14556] Client: [0m---after writing in log upd_msg->data.sensor_type = 1
[91m [1776449344.14559] Client: [0m---after writing in log upd_msg->reliable = 1
[91m [1776449345.14144] BSON Message: [0mInside sensor type parsing.
[91m [1776449345.14153] BSON Message: [0mInside sensor type parsing end.
[91m [1776449345.14157] BSON Message: [0mInside sid parsing
[91m [1776449345.14161] BSON Message: [0mInside temp1 parsing.
[91m [1776449345.14166] Client: [0m---before writing in log upd_msg->seq_no= 49
[91m [1776449345.14170] Client: [0m---before writing in log upd_msg->type= 4
[91m [1776449345.14174] Client: [0m---before writing in log upd_msg->frag_no= 0
[91m [1776449345.14177] Client: [0m---before writing in log upd_msg->reliable= 1
[91m [1776449345.14181] Client: [0m---before writing in log upd_msg->data.sensor_type= 1
[91m [1776449345.14184] Client: [0m---before writing in log upd_msg->data.sid= temp_1
[91m [1776449345.14190] Client: [0m---after writing in log upd_msg->seq_no = 49
[91m [1776449345.14194] Client: [0m---after writing in log upd_msg->data.sensor_type = 1
[91m [1776449345.14199] Client: [0m---after writing in log upd_msg->reliable = 1
[91m [1776449345.430365] BSON Message: [0mInside sensor type parsing.
[91m [1776449345.430376] BSON Message: [0mInside sensor type parsing end.
[91m [1776449345.430381] BSON Message: [0mInside sid parsing
te message arrived------------ 1
Got a message from the server.
Message type is 4
---------Update message arrived------------ 1
Got a message from the server.
Message type is 4
---------Update message arrived------------ 1
Got a message from the server.
Message type is 4
---------Update message arrived------------ 1
Got a message from the server.
Message type is 4
---------Update message arrived------------ 1
Got a message from the server.
Message type is 4
---------Update message arrived------------ 1
Got a message from the server.
Message type is 4
---------Update message arrived------------ 1
Got a message from the server.
Message type is 4
---------Update message arrived------------ 1
Got a message from the server.
Message type is 4
---------Update message arrived------------ 1
Got a message from the server.
Message type is 4
---------Update message arrived------------ 1
Got a message from the server.
Message type is 4
---------Update message arrived------------ 1
Got a message from the server.
Message type is 4
---------Update message arrived------------ 1
Got a message from the server.
Message type is 4
---------Update message arrived------------ 1
Got a message from the server.
Message type is 4
---------Update message arrived------------ 1
Got a message from the server.
Message type is 4
---------Update message arrived------------ 1
Got a message from the server.
Message type is 4
---------Update message arrived------------ 1
Got a message from the server.
Message type is 4
---------Update message arrived------------ 1
Got a message from the server.
Message type is 4
---------Update message arrived------------ 1
Got a message from the server.
Message type is 4
---------Update message arrived------------ 1
Got a message from the server.
Message type is 4
---------Update message arrived------------ 1
Got a message from the server.
Message type is 4
---------Update message arrived------------ 1
Got a message from the server.
Message type is 4
---------Update message arrived------------ 1
Got a message from the server.
Message type is 4
---------Update message arrived------------ 1
Got a message from the server.
Message type is 4
---------Update message arrived------------ 1
Got a message from the server.
Message type is 4
---------Update message arrived------------ 1
Got a message from the server.
Message type is 4
---------Update message arrived------------ 1
Got a message from the server.
Message type is 4
---------Update message arrived------------ 1
Got a message from the server.
Message type is 4
---------Update message arrived------------ 1
Got a message from the server.
Message type is 4
---------Update message arrived------------ 1
Got a message from the server.
Message type is 4
---------Update message arrived------------ 1
Got a message from the server.
Message type is 4
---------Update message arrived------------ 1
Got a message from the server.
Message type is 4
---------Update message arrived------------ 1
Got a message from the server.
Message type is 4
---------Update message arrived------------ 1
Got a message from the server.
Message type is 4
---------Update message arrived------------ 1
Got a message from the server.
Message type is 4
---------Update message arrived------------ 1
Got a message from the server.
Message type is 4
---------Update message arrived------------ 1
Got a message from the server.
Message type is 4
---------Update message arrived------------ 1
Got a message from the server.
Message type is 4
---------Update message arrived------------ 1
Got a message from the server.
Message type is 4
---------Update message arrived------------ 1
Got a message from the server.
Message type is 4
---------Update message arrived------------ 1
Got a message from the server.
Message type is 4
---------Update message arrived------------ 1
Got a message from the server.
Message type is 4
---------Update message arrived------------ 1
Got a message from the server.
Message type is 4
---------Update message arrived------------ 1
Got a message from the server.
Message type is 4
---------Update message [91m [1776449345.430415] Client: [0m---before writing in log upd_msg->seq_no= 23
[91m [1776449345.430424] Client: [0m---before writing in log upd_msg->type= 4
[91m [1776449345.430431] Client: [0m---before writing in log upd_msg->frag_no= 0
[91m [1776449345.430439] Client: [0m---before writing in log upd_msg->reliable= 1
[91m [1776449345.430446] Client: [0m---before writing in log upd_msg->data.sensor_type= 2
[91m [1776449345.430454] Client: [0m---before writing in log upd_msg->data.sid= device_0
[91m [1776449345.430468] Client: [0m---after writing in log upd_msg->seq_no = 23
[91m [1776449345.430475] Client: [0m---after writing in log upd_msg->data.sensor_type = 2
[91m [1776449345.430481] Client: [0m---after writing in log upd_msg->reliable = 1
[91m [1776449346.13803] BSON Message: [0mInside sensor type parsing.
[91m [1776449346.13812] BSON Message: [0mInside sensor type parsing end.
[91m [1776449346.13817] BSON Message: [0mInside sid parsing
[91m [1776449346.13823] BSON Message: [0mInside temp1 parsing.
[91m [1776449346.13828] Client: [0m---before writing in log upd_msg->seq_no= 50
[91m [1776449346.13833] Client: [0m---before writing in log upd_msg->type= 4
[91m [1776449346.13837] Client: [0m---before writing in log upd_msg->frag_no= 0
[91m [1776449346.13842] Client: [0m---before writing in log upd_msg->reliable= 1
[91m [1776449346.13846] Client: [0m---before writing in log upd_msg->data.sensor_type= 1
[91m [1776449346.13851] Client: [0m---before writing in log upd_msg->data.sid= temp_1
[91m [1776449346.13857] Client: [0m---after writing in log upd_msg->seq_no = 50
[91m [1776449346.13862] Client: [0m---after writing in log upd_msg->data.sensor_type = 1
[91m [1776449346.13868] Client: [0m---after writing in log upd_msg->reliable = 1
[91m [1776449347.14016] BSON Message: [0mInside sensor type parsing.
[91m [1776449347.14025] BSON Message: [0mInside sensor type parsing end.
[91m [1776449347.14029] BSON Message: [0mInside sid parsing
[91m [1776449347.14034] BSON Message: [0mInside temp1 parsing.
[91m [1776449347.14039] Client: [0m---before writing in log upd_msg->seq_no= 51
[91m [1776449347.14043] Client: [0m---before writing in log upd_msg->type= 4
[91m [1776449347.14047] Client: [0m---before writing in log upd_msg->frag_no= 0
[91m [1776449347.14051] Client: [0m---before writing in log upd_msg->reliable= 1
[91m [1776449347.14055] Client: [0m---before writing in log upd_msg->data.sensor_type= 1
[91m [1776449347.14059] Client: [0m---before writing in log upd_msg->data.sid= temp_1
[91m [1776449347.14063] Client: [0m---after writing in log upd_msg->seq_no = 51
[91m [1776449347.14067] Client: [0m---after writing in log upd_msg->data.sensor_type = 1
[91m [1776449347.14071] Client: [0m---after writing in log upd_msg->reliable = 1
[91m [1776449347.72642] BSON Message: [0mInside sensor type parsing.
[91m [1776449347.72655] BSON Message: [0mInside sensor type parsing end.
[91m [1776449347.72661] BSON Message: [0mInside sid parsing
[91m [1776449347.72668] Client: [0m---before writing in log upd_msg->seq_no= 24
[91m [1776449347.72672] Client: [0m---before writing in log upd_msg->type= 4
[91m [1776449347.72676] Client: [0m---before writing in log upd_msg->frag_no= 0
[91m [1776449347.72679] Client: [0m---before writing in log upd_msg->reliable= 1
[91m [1776449347.72683] Client: [0m---before writing in log upd_msg->data.sensor_type= 2
[91m [1776449347.72686] Client: [0m---before writing in log upd_msg->data.sid= device_0
[91m [1776449347.72691] Client: [0m---after writing in log upd_msg->seq_no = 24
[91m [1776449347.72695] Client: [0m---after writing in log upd_msg->data.sensor_type = 2
[91m [1776449347.72701] Client: [0m---after writing in log upd_msg->reliable = 1
[91m [1776449348.14705] BSON Message: [0mInside sensor type parsing.
[91m [1776449348.14716] BSON Message: [0mInside sensor type parsing end.
[91m [1776449348.14720] BSON Message: [0mInside sid parsing
[91m [1776449348.14724] BSON Message: [0mInside temp1 parsing.
[91m [1776449348.14729] Client: [0m---before writing in log upd_msg->seq_no= 52
[91m [1776449348.14734] Client: [0m---before writing in log upd_msg->type= 4
[91m [1776449348.14737] Client: [0m---before writing in log upd_msg->frag_no= 0
[91m [1776449348.14741] Client: [0m---before writing in log upd_msg->reliable= 1
[91m [1776449348.14745] Client: [0m---before writing in log upd_msg->data.sensor_type= 1
[91m [1776449348.14749] Client: [0m---before writing in log upd_msg->data.sid= temp_1
[91m [1776449348.14754] Client: [0m---after writing in log upd_msg->seq_no = 52
[91m [1776449348.14763] Client: [0m---after writing in log upd_msg->data.sensor_type = 1
[91m [1776449348.14767] Client: [0m---after writing in log upd_msg->reliable = 1
[91m [1776449348.811983] BSON Message: [0mInside sensor type parsing.
[91m [1776449348.811997] BSON Message: [0mInside sensor type parsing end.
[91m [1776449348.812004] BSON Message: [0mInside sid parsing
[91m [1776449348.812011] Client: [0m---before writing in log upd_msg->seq_no= 25
[91m [1776449348.812016] Client: [0m---before writing in log upd_msg->type= 4
[91m [1776449348.812023] Client: [0m---before writing in log upd_msg->frag_no= 0
[91m [1776449348.812028] Client: [0m---before writing in log upd_msg->reliable= 1
[91m [1776449348.812035] Client: [0m---before writing in log upd_msg->data.sensor_type= 2
[91m [1776449348.812040] Client: [0m---before writing in log upd_msg->data.sid= device_0
[91m [1776449348.812048] Client: [0m---after writing in log upd_msg->seq_no = 25
[91m [1776449348.812054] Client: [0m---after writing in log upd_msg->data.sensor_type = 2
[91m [1776449348.812060] Client: [0m---after writing in log upd_msg->reliable = 1
[91m [1776449349.14937] BSON Message: [0mInside sensor type parsing.
[91m [1776449349.14949] BSON Message: [0mInside sensor type parsing end.
[91m [1776449349.14954] BSON Message: [0mInside sid parsing
[91m [1776449349.14960] BSON Message: [0mInside temp1 parsing.
[91m [1776449349.14965] Client: [0m---before writing in log upd_msg->seq_no= 53
[91m [1776449349.14970] Client: [0m---before writing in log upd_msg->type= 4
[91m [1776449349.14975] Client: [0m---before writing in log upd_msg->frag_no= 0
[91m [1776449349.14980] Client: [0m---before writing in log upd_msg->reliable= 1
[91m [1776449349.14985] Client: [0m---before writing in log upd_msg->data.sensor_type= 1
[91m [1776449349.14989] Client: [0m---before writing in log upd_msg->data.sid= temp_1
[91m [1776449349.14995] Client: [0m---after writing in log upd_msg->seq_no = 53
[91m [1776449349.14998] Client: [0m---after writing in log upd_msg->data.sensor_type = 1
[91m [1776449349.15002] Client: [0m---after writing in log upd_msg->reliable = 1
[91m [1776449350.15188] BSON Message: [0mInside sensor type parsing.
[91m [1776449350.15208] BSON Message: [0mInside sensor type parsing end.
[91m [1776449350.15219] BSON Message: [0mInside sid parsing
[91m [1776449350.15232] BSON Message: [0mInside temp1 parsing.
[91m [1776449350.15245] Client: [0m---before writing in log upd_msg->seq_no= 54
[91m [1776449350.15258] Client: [0m---before writing in log upd_msg->type= 4
[91m [1776449350.15270] Client: [0m---before writing in log upd_msg->frag_no= 0
[91m [1776449350.15286] Client: [0m---before writing in log upd_msg->reliable= 1
[91m [1776449350.15296] Client: [0m---before writing in log upd_msg->data.sensor_type= 1
[91m [1776449350.15309] Client: [0m---before writing in log upd_msg->data.sid= temp_1
[91m [1776449350.15322] Client: [0m---after writing in log upd_msg->seq_no = 54
[91m [1776449350.15333] Client: [0m---after writing in log upd_msg->data.sensor_type = 1
[91m [1776449350.15343] Client: [0m---after writing in log upd_msg->reliable = 1
[91m [1776449351.15402] BSON Message: [0mInside sensor type parsing.
[91m [1776449351.15417] BSON Message: [0mInside sensor type parsing end.
[91m [1776449351.15424] BSON Message: [0mInside sid parsing
[91m [1776449351.15432] BSON Message: [0mInside temp1 parsing.
[91m [1776449351.15440] Client: [0m---before writing in log upd_msg->seq_no= 55
[91m [1776449351.15447] Client: [0m---before writing in log upd_msg->type= 4
[91m [1776449351.15454] Client: [0m---before writing in log upd_msg->frag_no= 0
[91m [1776449351.15461] Client: [0m---before writing in log upd_msg->reliable= 1
[91m [1776449351.15467] Client: [0m---before writing in log upd_msg->data.sensor_type= 1
[91m [1776449351.15474] Client: [0m---before writing in log upd_msg->data.sid= temp_1
[91m [1776449351.15482] Client: [0m---after writing in log upd_msg->seq_no = 55
[91m [1776449351.15491] Client: [0m---after writing in log upd_msg->data.sensor_type = 1
[91m [1776449351.15496] Client: [0m---after writing in log upd_msg->reliable = 1
[91m [1776449351.185747] BSON Message: [0mInside sensor type parsing.
[91m [1776449351.185759] BSON Message: [0mInside sensor type parsing end.
[91m [1776449351.185764] BSON Message: [0mInside sid parsing
[91m [1776449351.185771] Client: [0m---before writing in log upd_msg->seq_no= 26
[91m [1776449351.185776] Client: [0m---before writing in log upd_msg->type= 4
[91m [1776449351.185780] Client: [0m---before writing in log upd_msg->frag_no= 0
[91m [1776449351.185785] Client: [0m---before writing in log upd_msg->reliable= 1
[91m [1776449351.185790] Client: [0m---before writing in log upd_msg->data.sensor_type= 2
[91m [1776449351.185795] Client: [0m---before writing in log upd_msg->data.sid= device_0
[91m [1776449351.185801] Client: [0m---after writing in log upd_msg->seq_no = 26
[91m [1776449351.185805] Client: [0m---after writing in log upd_msg->data.sensor_type = 2
[91m [1776449351.185809] Client: [0m---after writing in log upd_msg->reliable = 1
[91m [1776449352.15637] BSON Message: [0mInside sensor type parsing.
[91m [1776449352.15647] BSON Message: [0mInside sensor type parsing end.
[91m [1776449352.15655] BSON Message: [0mInside sid parsing
[91m [1776449352.15659] BSON Message: [0mInside temp1 parsing.
[91m [1776449352.15665] Client: [0m---before writing in log upd_msg->seq_no= 56
[91m [1776449352.15670] Client: [0m---before writing in log upd_msg->type= 4
[91m [1776449352.15675] Client: [0m---before writing in log upd_msg->frag_no= 0
[91m [1776449352.15680] Client: [0m---before writing in log upd_msg->reliable= 1
[91m [1776449352.15685] Client: [0m---before writing in log upd_msg->data.sensor_type= 1
[91m [1776449352.15689] Client: [0m---before writing in log upd_msg->data.sid= temp_1
[91m [1776449352.15695] Client: [0m---after writing in log upd_msg->seq_no = 56
[91m [1776449352.15699] Client: [0m---after writing in log upd_msg->data.sensor_type = 1
[91m [1776449352.15704] Client: [0m---after writing in log upd_msg->reliable = 1
[91m [1776449353.15879] BSON Message: [0mInside sensor type parsing.
[91m [1776449353.15888] BSON Message: [0mInside sensor type parsing end.
[91m [1776449353.15892] BSON Message: [0mInside sid parsing
[91m [1776449353.15896] BSON Message: [0mInside temp1 parsing.
[91m [1776449353.15902] Client: [0m---before writing in log upd_msg->seq_no= 57
[91m [1776449353.15907] Client: [0m---before writing in log upd_msg->type= 4
[91m [1776449353.15912] Client: [0m---before writing in log upd_msg->frag_no= 0
[91m [1776449353.15927] Client: [0m---before writing in log upd_msg->reliable= 1
[91m [1776449353.15931] Client: [0m---before writing in log upd_msg->data.sensor_type= 1
[91m [1776449353.15936] Client: [0m---before writing in log upd_msg->data.sid= temp_1
[91m [1776449353.15941] Client: [0m---after writing in log upd_msg->seq_no = 57
[91m [1776449353.15946] Client: [0m---after writing in log upd_msg->data.sensor_type = 1
[91m [1776449353.15950] Client: [0m---after writing in log upd_msg->reliable = 1
[91m [1776449353.177853] BSON Message: [0mInside sensor type parsing.
[91m [1776449353.177864] BSON Message: [0mInside sensor type parsing end.
[91m [1776449353.177868] BSON Message: [0mInside sid parsing
[91m [1776449353.177874] Client: [0m---before writing in log upd_msg->seq_no= 27
[91m [1776449353.177880] Client: [0m---before writing in log upd_msg->type= 4
[91m [1776449353.177886] Client: [0m---before writing in log upd_msg->frag_no= 0
[91m [1776449353.177891] Client: [0m---before writing in log upd_msg->reliable= 1
[91m [1776449353.177897] Client: [0m---before writing in log upd_msg->data.sensor_type= 2
[91m [1776449353.177903] Client: [0m---before writing in log upd_msg->data.sid= device_0
[91m [1776449353.177909] Client: [0m---after writing in log upd_msg->seq_no = 27
[91m [1776449353.177924] Client: [0m---after writing in log upd_msg->data.sensor_type = 2
[91m [1776449353.177938] Client: [0m---after writing in log upd_msg->reliable = 1
[91m [1776449353.551711] BSON Message: [0mInside sensor type parsing.
[91m [1776449353.551746] BSON Message: [0mInside sensor type parsing end.
[91m [1776449353.551753] BSON Message: [0mInside sid parsing
[91m [1776449353.551774] Client: [0m---before writing in log upd_msg->seq_no= 28
[91m [1776449353.551780] Client: [0m---before writing in log upd_msg->type= 4
[91m [1776449353.551786] Client: [0m---before writing in log upd_msg->frag_no= 0
[91m [1776449353.551797] Client: [0m---before writing in log upd_msg->reliable= 1
[91m [1776449353.551803] Client: [0m---before writing in log upd_msg->data.sensor_type= 2
[91m [1776449353.551809] Client: [0m---before writing in log upd_msg->data.sid= device_0
[91m [1776449353.551817] Client: [0m---after writing in log upd_msg->seq_no = 28
[91m [1776449353.551825] Client: [0m---after writing in log upd_msg->data.sensor_type = 2
[91m [1776449353.551831] Client: [0m---after writing in log upd_msg->reliable = 1
[91m [1776449354.16124] BSON Message: [0mInside sensor type parsing.
[91m [1776449354.16133] BSON Message: [0mInside sensor type parsing end.
[91m [1776449354.16136] BSON Message: [0mInside sid parsing
[91m [1776449354.16140] BSON Message: [0mInside temp1 parsing.
[91m [1776449354.16143] Client: [0m---before writing in log upd_msg->seq_no= 58
[91m [1776449354.16147] Client: [0m---before writing in log upd_msg->type= 4
[91m [1776449354.16151] Client: [0m---before writing in log upd_msg->frag_no= 0
[91m [1776449354.16155] Client: [0m---before writing in log upd_msg->reliable= 1
[91m [1776449354.16159] Client: [0m---before writing in log upd_msg->data.sensor_type= 1
[91m [1776449354.16163] Client: [0m---before writing in log upd_msg->data.sid= temp_1
[91m [1776449354.16168] Client: [0m---after writing in log upd_msg->seq_no = 58
[91m [1776449354.16172] Client: [0m---after writing in log upd_msg->data.sensor_type = 1
[91m [1776449354.16176] Client: [0m---after writing in log upd_msg->reliable = 1
[91m [1776449355.16469] BSON Message: [0mInside sensor type parsing.
[91m [1776449355.16483] BSON Message: [0mInside sensor type parsing end.
[91m [1776449355.16488] BSON Message: [0mInside sid parsing
[91m [1776449355.16494] BSON Message: [0mInside temp1 parsing.
[91m [1776449355.16501] Client: [0m---before writing in log upd_msg->seq_no= 59
[91m [1776449355.16506] Client: [0m---before writing in log upd_msg->type= 4
[91m [1776449355.16512] Client: [0m---before writing in log upd_msg->frag_no= 0
[91m [1776449355.16518] Client: [0m---before writing in log upd_msg->reliable= 1
[91m [1776449355.16523] Client: [0m---before writing in log upd_msg->data.sensor_type= 1
[91m [1776449355.16528] Client: [0m---before writing in log upd_msg->data.sid= temp_1
[91m [1776449355.16534] Client: [0m---after writing in log upd_msg->seq_no = 59
[91m [1776449355.16540] Client: [0m---after writing in log upd_msg->data.sensor_type = 1
[91m [1776449355.16545] Client: [0m---after writing in log upd_msg->reliable = 1
[91m [1776449355.909547] BSON Message: [0mInside sensor type parsing.
[91m [1776449355.909562] BSON Message: [0mInside sensor type parsing end.
[91m [1776449355.909569] BSON Message: [0mInside sid parsing
[91m [1776449355.909574] BSON Message: [0mInside gps1 parsing.
[91m [1776449355.909582] Client: [0m---before writing in log upd_msg->seq_no= 7
[91m [1776449355.909591] Client: [0m---before writing in log upd_msg->type= 4
[91m [1776449355.909597] Client: [0m---before writing in log upd_msg->frag_no= 0
[91m [1776449355.909602] Client: [0m---before writing in log upd_msg->reliable= 1
[91m [1776449355.909605] Client: [0m---before writing in log upd_msg->data.sensor_type= 3
[91m [1776449355.909609] Client: [0m---before writing in log upd_msg->data.sid= gps_2
[91m [1776449355.909615] Client: [0m---after writing in log upd_msg->seq_no = 7
[91m [1776449355.909618] Client: [0m---after writing in log upd_msg->data.sensor_type = 3
[91m [1776449355.909628] Client: [0m---after writing in log upd_msg->reliable = 1
[91m [1776449356.16859] BSON Message: [0mInside sensor type parsing.
[91m [1776449356.16873] BSON Message: [0mInside sensor type parsing end.
[91m [1776449356.16880] BSON Message: [0mInside sid parsing
[91m [1776449356.16885] BSON Message: [0mInside temp1 parsing.
[91m [1776449356.16891] Client: [0m---before writing in log upd_msg->seq_no= 60
[91m [1776449356.16895] Client: [0m---before writing in log upd_msg->type= 4
[91m [1776449356.16900] Client: [0m---before writing in log upd_msg->frag_no= 0
[91m [1776449356.16904] Client: [0m---before writing in log upd_msg->reliable= 1
[91m [1776449356.16909] Client: [0m---before writing in log upd_msg->data.sensor_type= 1
[91m [1776449356.16914] Client: [0m---before writing in log upd_msg->data.sid= temp_1
[91m [1776449356.16933] Client: [0m---after writing in log upd_msg->seq_no = 60
[91m [1776449356.16938] Client: [0m---after writing in log upd_msg->data.sensor_type = 1
[91m [1776449356.16942] Client: [0m---after writing in log upd_msg->reliable = 1
[91m [1776449357.18606] BSON Message: [0mInside sensor type parsing.
[91m [1776449357.18618] BSON Message: [0mInside sensor type parsing end.
[91m [1776449357.18624] BSON Message: [0mInside sid parsing
[91m [1776449357.18629] BSON Message: [0mInside temp1 parsing.
[91m [1776449357.18635] Client: [0m---before writing in log upd_msg->seq_no= 61
[91m [1776449357.18639] Client: [0m---before writing in log upd_msg->type= 4
[91m [1776449357.18643] Client: [0m---before writing in log upd_msg->frag_no= 0
[91m [1776449357.18647] Client: [0m---before writing in log upd_msg->reliable= 1
[91m [1776449357.18652] Client: [0m---before writing in log upd_msg->data.sensor_type= 1
[91m [1776449357.18655] Client: [0m---before writing in log upd_msg->data.sid= temp_1
[91m [1776449357.18660] Client: [0m---after writing in log upd_msg->seq_no = 61
[91m [1776449357.18663] Client: [0m---after writing in log upd_msg->data.sensor_type = 1
[91m [1776449357.18667] Client: [0m---after writing in log upd_msg->reliable = 1
[91m [1776449358.17727] BSON Message: [0mInside sensor type parsing.
[91m [1776449358.17743] BSON Message: [0mInside sensor type parsing end.
[91m [1776449358.17750] BSON Message: [0mInside sid parsing
[91m [1776449358.17754] BSON Message: [0mInside temp1 parsing.
[91m [1776449358.17761] Client: [0m---before writing in log upd_msg->seq_no= 62
[91m [1776449358.17765] Client: [0m---before writing in log upd_msg->type= 4
[91m [1776449358.17770] Client: [0m---before writing in log upd_msg->frag_no= 0
[91m [1776449358.17775] Client: [0m---before writing in log upd_msg->reliable= 1
[91m [1776449358.17779] Client: [0m---before writing in log upd_msg->data.sensor_type= 1
[91m [1776449358.17784] Client: [0m---before writing in log upd_msg->data.sid= temp_1
[91m [1776449358.17790] Client: [0m---after writing in log upd_msg->seq_no = 62
[91m [1776449358.17795] Client: [0m---after writing in log upd_msg->data.sensor_type = 1
[91m [1776449358.17799] Client: [0m---after writing in log upd_msg->reliable = 1
[91m [1776449358.424419] BSON Message: [0mInside sensor type parsing.
[91m [1776449358.424433] BSON Message: [0mInside sensor type parsing end.
[91m [1776449358.424439] BSON Message: [0mInside sid parsing
[91m [1776449358.424444] Client: [0m---before writing in log upd_msg->seq_no= 29
[91m [1776449358.424449] Client: [0m---before writing in log upd_msg->type= 4
[91m [1776449358.424454] Client: [0m---before writing in log upd_msg->frag_no= 0
[91m [1776449358.424459] Client: [0m---before writing in log upd_msg->reliable= 1
[91m [1776449358.424463] Client: [0m---before writing in log upd_msg->data.sensor_type= 2
[91m [1776449358.424468] Client: [0m---before writing in log upd_msg->data.sid= device_0
[91m [1776449358.424474] Client: [0m---after writing in log upd_msg->seq_no = 29
[91m [1776449358.424479] Client: [0m---after writing in log upd_msg->data.sensor_type = 2
[91m [1776449358.424489] Client: [0m---after writing in log upd_msg->reliable = 1
[91m [1776449359.17910] BSON Message: [0mInside sensor type parsing.
[91m [1776449359.17933] BSON Message: [0mInside sensor type parsing end.
[91m [1776449359.17940] BSON Message: [0mInside sid parsing
[91m [1776449359.17946] BSON Message: [0mInside temp1 parsing.
[91m [1776449359.17953] Client: [0m---before writing in log upd_msg->seq_no= 63
[91m [1776449359.17959] Client: [0m---before writing in log upd_msg->type= 4
[91m [1776449359.17964] Client: [0m---before writing in log upd_msg->frag_no= 0
[91m [1776449359.17969] Client: [0m---before writing in log upd_msg->reliable= 1
[91m [1776449359.17974] Client: [0m---before writing in log upd_msg->data.sensor_type= 1
[91m [1776449359.17980] Client: [0m---before writing in log upd_msg->data.sid= temp_1
[91m [1776449359.17986] Client: [0m---after writing in log upd_msg->seq_no = 63
[91m [1776449359.17991] Client: [0m---after writing in log upd_msg->data.sensor_type = 1
[91m [1776449359.17995] Client: [0m---after writing in log upd_msg->reliable = 1
[91m [1776449360.17928] BSON Message: [0mInside sensor type parsing.
[91m [1776449360.17936] BSON Message: [0mInside sensor type parsing end.
[91m [1776449360.17940] BSON Message: [0mInside sid parsing
[91m [1776449360.17943] BSON Message: [0mInside temp1 parsing.
[91m [1776449360.17948] Client: [0m---before writing in log upd_msg->seq_no= 64
[91m [1776449360.17952] Client: [0m---before writing in log upd_msg->type= 4
[91m [1776449360.17955] Client: [0m---before writing in log upd_msg->frag_no= 0
[91m [1776449360.17961] Client: [0m---before writing in log upd_msg->reliable= 1
[91m [1776449360.17965] Client: [0m---before writing in log upd_msg->data.sensor_type= 1
[91m [1776449360.17970] Client: [0m---before writing in log upd_msg->data.sid= temp_1
[91m [1776449360.17973] Client: [0m---after writing in log upd_msg->seq_no = 64
[91m [1776449360.17976] Client: [0m---after writing in log upd_msg->data.sensor_type = 1
[91m [1776449360.17979] Client: [0m---after writing in log upd_msg->reliable = 1
[91m [1776449361.18935] BSON Message: [0mInside sensor type parsing.
[91m [1776449361.18944] BSON Message: [0mInside sensor type parsing end.
[91m [1776449361.18950] BSON Message: [0mInside sid parsing
[91m [1776449361.18955] BSON Message: [0mInside temp1 parsing.
[91m [1776449361.18961] Client: [0m---before writing in log upd_msg->seq_no= 65
[91m [1776449361.18965] Client: [0m---before writing in log upd_msg->type= 4
[91m [1776449361.18970] Client: [0m---before writing in log upd_msg->frag_no= 0
[91m [1776449361.18974] Client: [0m---before writing in log upd_msg->reliable= 1
[91m [1776449361.18978] Client: [0m---before writing in log upd_msg->data.sensor_type= 1
[91m [1776449361.18982] Client: [0m---before writing in log upd_msg->data.sid= temp_1
[91m [1776449361.18988] Client: [0m---after writing in log upd_msg->seq_no = 65
[91m [1776449361.18992] Client: [0m---after writing in log upd_msg->data.sensor_type = 1
[91m [1776449361.18997] Client: [0m---after writing in log upd_msg->reliable = 1
[91m [1776449361.899449] BSON Message: [0mInside sensor type parsing.
[91m [1776449361.899460] BSON Message: [0mInside sensor type parsing end.
[91m [1776449361.899466] BSON Message: [0mInside sid parsing
[91m [1776449361.899470] BSON Message: [0mInside gps1 parsing.
[91m [1776449361.899477] Client: [0m---before writing in log upd_msg->seq_no= 8
[91m [1776449361.899483] Client: [0m---before writing in log upd_msg->type= 4
[91m [1776449361.899489] Client: [0m---before writing in log upd_msg->frag_no= 0
[91m [1776449361.899495] Client: [0m---before writing in log upd_msg->reliable= 1
[91m [1776449361.899499] Client: [0m---before writing in log upd_msg->data.sensor_type= 3
[91m [1776449361.899502] Client: [0m---before writing in log upd_msg->data.sid= gps_2
[91m [1776449361.899510] Client: [0m---after writing in log upd_msg->seq_no = 8
[91m [1776449361.899520] Client: [0m---after writing in log upd_msg->data.sensor_type = 3
[91m [1776449361.899526] Client: [0m---after writing in log upd_msg->reliable = 1
[91m [1776449362.18796] BSON Message: [0mInside sensor type parsing.
[91m [1776449362.18807] BSON Message: [0mInside sensor type parsing end.
[91m [1776449362.18812] BSON Message: [0mInside sid parsing
[91m [1776449362.18818] BSON Message: [0mInside temp1 parsing.
[91m [1776449362.18823] Client: [0m---before writing in log upd_msg->seq_no= 66
[91m [1776449362.18829] Client: [0m---before writing in log upd_msg->type= 4
[91m [1776449362.18834] Client: [0m---before writing in log upd_msg->frag_no= 0
[91m [1776449362.18840] Client: [0m---before writing in log upd_msg->reliable= 1
[91m [1776449362.18846] Client: [0m---before writing in log upd_msg->data.sensor_type= 1
[91m [1776449362.18851] Client: [0m---before writing in log upd_msg->data.sid= temp_1
[91m [1776449362.18856] Client: [0m---after writing in log upd_msg->seq_no = 66
[91m [1776449362.18862] Client: [0m---after writing in log upd_msg->data.sensor_type = 1
[91m [1776449362.18867] Client: [0m---after writing in log upd_msg->reliable = 1
[91m [1776449363.19159] BSON Message: [0mInside sensor type parsing.
[91m [1776449363.19172] BSON Message: [0mInside sensor type parsing end.
[91m [1776449363.19177] BSON Message: [0mInside sid parsing
[91m [1776449363.19181] BSON Message: [0mInside temp1 parsing.
[91m [1776449363.19188] Client: [0m---before writing in log upd_msg->seq_no= 67
[91m [1776449363.19193] Client: [0m---before writing in log upd_msg->type= 4
[91m [1776449363.19197] Client: [0m---before writing in log upd_msg->frag_no= 0
[91m [1776449363.19201] Client: [0m---before writing in log upd_msg->reliable= 1
[91m [1776449363.19205] Client: [0m---before writing in log upd_msg->data.sensor_type= 1
[91m [1776449363.19209] Client: [0m---before writing in log upd_msg->data.sid= temp_1
[91m [1776449363.19215] Client: [0m---after writing in log upd_msg->seq_no = 67
[91m [1776449363.19220] Client: [0m---after writing in log upd_msg->data.sensor_type = 1
[91m [1776449363.19225] Client: [0m---after writing in log upd_msg->reliable = 1
[91m [1776449363.32935] BSON Message: [0mInside sensor type parsing.
[91m [1776449363.32945] BSON Message: [0mInside sensor type parsing end.
[91m [1776449363.32949] BSON Message: [0mInside sid parsing
[91m [1776449363.32954] Client: [0m---before writing in log upd_msg->seq_no= 30
[91m [1776449363.32959] Client: [0m---before writing in log upd_msg->type= 4
[91m [1776449363.32962] Client: [0m---before writing in log upd_msg->frag_no= 0
[91m [1776449363.32967] Client: [0m---before writing in log upd_msg->reliable= 0
[91m [1776449363.32971] Client: [0m---before writing in log upd_msg->data.sensor_type= 2
[91m [1776449363.32976] Client: [0m---before writing in log upd_msg->data.sid= device_0
[91m [1776449363.32982] Client: [0m---after writing in log upd_msg->seq_no = 30
[91m [1776449363.32985] Client: [0m---after writing in log upd_msg->data.sensor_type = 2
[91m [1776449363.32988] Client: [0m---after writing in log upd_msg->reliable = 0
[91m [1776449364.18957] BSON Message: [0mInside sensor type parsing.
[91m [1776449364.18967] BSON Message: [0mInside sensor type parsing end.
[91m [1776449364.18972] BSON Message: [0mInside sid parsing
[91m [1776449364.18976] BSON Message: [0mInside temp1 parsing.
[91m [1776449364.18982] Client: [0m---before writing in log upd_msg->seq_no= 68
[91m [1776449364.18986] Client: [0m---before writing in log upd_msg->type= 4
[91m [1776449364.18991] Client: [0m---before writing in log upd_msg->frag_no= 0
[91m [1776449364.18995] Client: [0m---before writing in log upd_msg->reliable= 1
[91m [1776449364.19000] Client: [0m---before writing in log upd_msg->data.sensor_type= 1
[91m [1776449364.19004] Client: [0m---before writing in log upd_msg->data.sid= temp_1
[91m [1776449364.19009] Client: [0m---after writing in log upd_msg->seq_no = 68
[91m [1776449364.19017] Client: [0m---after writing in log upd_msg->data.sensor_type = 1
[91m [1776449364.19022] Client: [0m---after writing in log upd_msg->reliable = 1
[91m [1776449365.19225] BSON Message: [0mInside sensor type parsing.
[91m [1776449365.19235] BSON Message: [0mInside sensor type parsing end.
[91m [1776449365.19239] BSON Message: [0mInside sid parsing
[91m [1776449365.19243] BSON Message: [0mInside temp1 parsing.
[91m [1776449365.19246] Client: [0m---before writing in log upd_msg->seq_no= 69
[91m [1776449365.19250] Client: [0m---before writing in log upd_msg->type= 4
[91m [1776449365.19253] Client: [0m---before writing in log upd_msg->frag_no= 0
[91m [1776449365.19257] Client: [0m---before writing in log upd_msg->reliable= 1
[91m [1776449365.19261] Client: [0m---before writing in log upd_msg->data.sensor_type= 1
[91m [1776449365.19265] Client: [0m---before writing in log upd_msg->data.sid= temp_1
[91m [1776449365.19270] Client: [0m---after writing in log upd_msg->seq_no = 69
[91m [1776449365.19274] Client: [0m---after writing in log upd_msg->data.sensor_type = 1
[91m [1776449365.19278] Client: [0m---after writing in log upd_msg->reliable = 1
[91m [1776449366.19593] BSON Message: [0mInside sensor type parsing.
[91m [1776449366.19601] BSON Message: [0mInside sensor type parsing end.
[91m [1776449366.19606] BSON Message: [0mInside sid parsing
[91m [1776449366.19610] BSON Message: [0mInside temp1 parsing.
[91m [1776449366.19615] Client: [0m---before writing in log upd_msg->seq_no= 70
[91m [1776449366.19619] Client: [0m---before writing in log upd_msg->type= 4
[91m [1776449366.19623] Client: [0m---before writing in log upd_msg->frag_no= 0
[91m [1776449366.19626] Client: [0m---before writing in log upd_msg->reliable= 1
[91m [1776449366.19630] Client: [0m---before writing in log upd_msg->data.sensor_type= 1
[91m [1776449366.19634] Client: [0m---before writing in log upd_msg->data.sid= temp_1
[91m [1776449366.19638] Client: [0m---after writing in log upd_msg->seq_no = 70
[91m [1776449366.19642] Client: [0m---after writing in log upd_msg->data.sensor_type = 1
[91m [1776449366.19646] Client: [0m---after writing in log upd_msg->reliable = 1
[91m [1776449366.219113] BSON Message: [0mInside sensor type parsing.
[91m [1776449366.219124] BSON Message: [0mInside sensor type parsing end.
[91m [1776449366.219129] BSON Message: [0mInside sid parsing
[91m [1776449366.219135] Client: [0m---before writing in log upd_msg->seq_no= 31
[91m [1776449366.219139] Client: [0m---before writing in log upd_msg->type= 4
[91m [1776449366.219143] Client: [0m---before writing in log upd_msg->frag_no= 0
[91m [1776449366.219147] Client: [0m---before writing in log upd_msg->reliable= 1
[91m [1776449366.219151] Client: [0m---before writing in log upd_msg->data.sensor_type= 2
[91m [1776449366.219155] Client: [0m---before writing in log upd_msg->data.sid= device_0
[91m [1776449366.219160] Client: [0m---after writing in log upd_msg->seq_no = 31
[91m [1776449366.219164] Client: [0m---after writing in log upd_msg->data.sensor_type = 2
[91m [1776449366.219167] Client: [0m---after writing in log upd_msg->reliable = 1
[91m [1776449367.19986] BSON Message: [0mInside sensor type parsing.
[91m [1776449367.19996] BSON Message: [0mInside sensor type parsing end.
[91m [1776449367.20000] BSON Message: [0mInside sid parsing
[91m [1776449367.20004] BSON Message: [0mInside temp1 parsing.
[91m [1776449367.20009] Client: [0m---before writing in log upd_msg->seq_no= 71
[91m [1776449367.20015] Client: [0m---before writing in log upd_msg->type= 4
[91m [1776449367.20020] Client: [0m---before writing in log upd_msg->frag_no= 0
[91m [1776449367.20025] Client: [0m---before writing in log upd_msg->reliable= 1
[91m [1776449367.20030] Client: [0m---before writing in log upd_msg->data.sensor_type= 1
[91m [1776449367.20034] Client: [0m---before writing in log upd_msg->data.sid= temp_1
[91m [1776449367.20040] Client: [0m---after writing in log upd_msg->seq_no = 71
[91m [1776449367.20045] Client: [0m---after writing in log upd_msg->data.sensor_type = 1
[91m [1776449367.20055] Client: [0m---after writing in log upd_msg->reliable = 1
[91m [1776449368.20988] BSON Message: [0mInside sensor type parsing.
[91m [1776449368.21001] BSON Message: [0mInside sensor type parsing end.
[91m [1776449368.21007] BSON Message: [0mInside sid parsing
[91m [1776449368.21013] BSON Message: [0mInside temp1 parsing.
[91m [1776449368.21020] Client: [0m---before writing in log upd_msg->seq_no= 72
[91m [1776449368.21025] Client: [0m---before writing in log upd_msg->type= 4
[91m [1776449368.21031] Client: [0m---before writing in log upd_msg->frag_no= 0
[91m [1776449368.21036] Client: [0m---before writing in log upd_msg->reliable= 1
[91m [1776449368.21042] Client: [0m---before writing in log upd_msg->data.sensor_type= 1
[91m [1776449368.21047] Client: [0m---before writing in log upd_msg->data.sid= temp_1
[91m [1776449368.21052] Client: [0m---after writing in log upd_msg->seq_no = 72
[91m [1776449368.21057] Client: [0m---after writing in log upd_msg->data.sensor_type = 1
[91m [1776449368.21063] Client: [0m---after writing in log upd_msg->reliable = 1
[91m [1776449368.798051] BSON Message: [0mInside sensor type parsing.
[91m [1776449368.798062] BSON Message: [0mInside sensor type parsing end.
[91m [1776449368.798067] BSON Message: [0mInside sid parsing
[91m [1776449368.798072] Client: [0m---before writing in log upd_msg->seq_no= 32
[91m [1776449368.798077] Client: [0m---before writing in log upd_msg->type= 4
[91m [1776449368.798081] Client: [0m---before writing in log upd_msg->frag_no= 0
[91m [1776449368.798085] Client: [0m---before writing in log upd_msg->reliable= 1
[91m [1776449368.798089] Client: [0m---before writing in log upd_msg->data.sensor_type= 2
[91m [1776449368.798093] Client: [0m---before writing in log upd_msg->data.sid= device_0
[91m [1776449368.798098] Client: [0m---after writing in log upd_msg->seq_no = 32
[91m [1776449368.798103] Client: [0m---after writing in log upd_msg->data.sensor_type = 2
[91m [1776449368.798107] Client: [0m---after writing in log upd_msg->reliable = 1
[91m [1776449369.20438] BSON Message: [0mInside sensor type parsing.
[91m [1776449369.20450] BSON Message: [0mInside sensor type parsing end.
[91m [1776449369.20455] BSON Message: [0mInside sid parsing
[91m [1776449369.20460] BSON Message: [0mInside temp1 parsing.
[91m [1776449369.20465] Client: [0m---before writing in log upd_msg->seq_no= 73
[91m [1776449369.20470] Client: [0m---before writing in log upd_msg->type= 4
[91m [1776449369.20475] Client: [0m---before writing in log upd_msg->frag_no= 0
[91m [1776449369.20479] Client: [0m---before writing in log upd_msg->reliable= 1
[91m [1776449369.20484] Client: [0m---before writing in log upd_msg->data.sensor_type= 1
[91m [1776449369.20488] Client: [0m---before writing in log upd_msg->data.sid= temp_1
[91m [1776449369.20498] Client: [0m---after writing in log upd_msg->seq_no = 73
[91m [1776449369.20503] Client: [0m---after writing in log upd_msg->data.sensor_type = 1
[91m [1776449369.20508] Client: [0m---after writing in log upd_msg->reliable = 1
[91m [1776449370.21047] BSON Message: [0mInside sensor type parsing.
[91m [1776449370.21059] BSON Message: [0mInside sensor type parsing end.
[91m [1776449370.21065] BSON Message: [0mInside sid parsing
[91m [1776449370.21071] BSON Message: [0mInside temp1 parsing.
[91m [1776449370.21079] Client: [0m---before writing in log upd_msg->seq_no= 74
[91m [1776449370.21085] Client: [0m---before writing in log upd_msg->type= 4
[91m [1776449370.21091] Client: [0m---before writing in log upd_msg->frag_no= 0
[91m [1776449370.21097] Client: [0m---before writing in log upd_msg->reliable= 1
[91m [1776449370.21103] Client: [0m---before writing in log upd_msg->data.sensor_type= 1
[91m [1776449370.21109] Client: [0m---before writing in log upd_msg->data.sid= temp_1
[91m [1776449370.21118] Client: [0m---after writing in log upd_msg->seq_no = 74
[91m [1776449370.21125] Client: [0m---after writing in log upd_msg->data.sensor_type = 1
[91m [1776449370.21142] Client: [0m---after writing in log upd_msg->reliable = 1
[91m [1776449370.336810] BSON Message: [0mInside sensor type parsing.
[91m [1776449370.336825] BSON Message: [0mInside sensor type parsing end.
[91m [1776449370.336833] BSON Message: [0mInside sid parsing
[91m [1776449370.336840] BSON Message: [0mInside gps1 parsing.
[91m [1776449370.336848] Client: [0m---before writing in log upd_msg->seq_no= 9
[91m [1776449370.336854] Client: [0m---before writing in log upd_msg->type= 4
[91m [1776449370.336861] Client: [0m---before writing in log upd_msg->frag_no= 0
[91m [1776449370.336867] Client: [0m---before writing in log upd_msg->reliable= 1
[91m [1776449370.336873] Client: [0m---before writing in log upd_msg->data.sensor_type= 3
[91m [1776449370.336879] Client: [0m---before writing in log upd_msg->data.sid= gps_2
[91m [1776449370.336888] Client: [0m---after writing in log upd_msg->seq_no = 9
[91m [1776449370.336894] Client: [0m---after writing in log upd_msg->data.sensor_type = 3
[91m [1776449370.336899] Client: [0m---after writing in log upd_msg->reliable = 1
[91m [1776449371.21575] BSON Message: [0mInside sensor type parsing.
[91m [1776449371.21587] BSON Message: [0mInside sensor type parsing end.
[91m [1776449371.21591] BSON Message: [0mInside sid parsing
[91m [1776449371.21596] BSON Message: [0mInside temp1 parsing.
[91m [1776449371.21600] Client: [0m---before writing in log upd_msg->seq_no= 75
[91m [1776449371.21604] Client: [0m---before writing in log upd_msg->type= 4
[91m [1776449371.21608] Client: [0m---before writing in log upd_msg->frag_no= 0
[91m [1776449371.21612] Client: [0m---before writing in log upd_msg->reliable= 1
[91m [1776449371.21617] Client: [0m---before writing in log upd_msg->data.sensor_type= 1
[91m [1776449371.21623] Client: [0m---before writing in log upd_msg->data.sid= temp_1
[91m [1776449371.21629] Client: [0m---after writing in log upd_msg->seq_no = 75
[91m [1776449371.21635] Client: [0m---after writing in log upd_msg->data.sensor_type = 1
[91m [1776449371.21641] Client: [0m---after writing in log upd_msg->reliable = 1
[91m [1776449372.21446] BSON Message: [0mInside sensor type parsing.
[91m [1776449372.21459] BSON Message: [0mInside sensor type parsing end.
[91m [1776449372.21465] BSON Message: [0mInside sid parsing
[91m [1776449372.21469] BSON Message: [0mInside temp1 parsing.
[91m [1776449372.21475] Client: [0m---before writing in log upd_msg->seq_no= 76
[91m [1776449372.21479] Client: [0m---before writing in log upd_msg->type= 4
[91m [1776449372.21483] Client: [0m---before writing in log upd_msg->frag_no= 0
[91m [1776449372.21487] Client: [0m---before writing in log upd_msg->reliable= 1
[91m [1776449372.21491] Client: [0m---before writing in log upd_msg->data.sensor_type= 1
[91m [1776449372.21495] Client: [0m---before writing in log upd_msg->data.sid= temp_1
[91m [1776449372.21500] Client: [0m---after writing in log upd_msg->seq_no = 76
[91m [1776449372.21504] Client: [0m---after writing in log upd_msg->data.sensor_type = 1
[91m [1776449372.21507] Client: [0m---after writing in log upd_msg->reliable = 1
[91m [1776449373.22114] BSON Message: [0mInside sensor type parsing.
[91m [1776449373.22126] BSON Message: [0mInside sensor type parsing end.
[91m [1776449373.22132] BSON Message: [0mInside sid parsing
[91m [1776449373.22138] BSON Message: [0mInside temp1 parsing.
[91m [1776449373.22143] Client: [0m---before writing in log upd_msg->seq_no= 77
[91m [1776449373.22147] Client: [0m---before writing in log upd_msg->type= 4
[91m [1776449373.22151] Client: [0m---before writing in log upd_msg->frag_no= 0
[91m [1776449373.22155] Client: [0m---before writing in log upd_msg->reliable= 1
[91m [1776449373.22160] Client: [0m---before writing in log upd_msg->data.sensor_type= 1
[91m [1776449373.22165] Client: [0m---before writing in log upd_msg->data.sid= temp_1
[91m [1776449373.22169] Client: [0m---after writing in log upd_msg->seq_no = 77
[91m [1776449373.22178] Client: [0m---after writing in log upd_msg->data.sensor_type = 1
[91m [1776449373.22183] Client: [0m---after writing in log upd_msg->reliable = 1
[91m [1776449373.265943] BSON Message: [0mInside sensor type parsing.
[91m [1776449373.265952] BSON Message: [0mInside sensor type parsing end.
[91m [1776449373.265957] BSON Message: [0mInside sid parsing
[91m [1776449373.265961] Client: [0m---before writing in log upd_msg->seq_no= 33
[91m [1776449373.265967] Client: [0m---before writing in log upd_msg->type= 4
[91m [1776449373.265972] Client: [0m---before writing in log upd_msg->frag_no= 0
[91m [1776449373.265977] Client: [0m---before writing in log upd_msg->reliable= 1
[91m [1776449373.265982] Client: [0m---before writing in log upd_msg->data.sensor_type= 2
[91m [1776449373.265987] Client: [0m---before writing in log upd_msg->data.sid= device_0
[91m [1776449373.265993] Client: [0m---after writing in log upd_msg->seq_no = 33
[91m [1776449373.265997] Client: [0m---after writing in log upd_msg->data.sensor_type = 2
[91m [1776449373.266002] Client: [0m---after writing in log upd_msg->reliable = 1
[91m [1776449374.22411] BSON Message: [0mInside sensor type parsing.
[91m [1776449374.22421] BSON Message: [0mInside sensor type parsing end.
[91m [1776449374.22426] BSON Message: [0mInside sid parsing
[91m [1776449374.22430] BSON Message: [0mInside temp1 parsing.
[91m [1776449374.22435] Client: [0m---before writing in log upd_msg->seq_no= 78
[91m [1776449374.22439] Client: [0m---before writing in log upd_msg->type= 4
[91m [1776449374.22442] Client: [0m---before writing in log upd_msg->frag_no= 0
[91m [1776449374.22446] Client: [0m---before writing in log upd_msg->reliable= 1
[91m [1776449374.22449] Client: [0m---before writing in log upd_msg->data.sensor_type= 1
[91m [1776449374.22453] Client: [0m---before writing in log upd_msg->data.sid= temp_1
[91m [1776449374.22457] Client: [0m---after writing in log upd_msg->seq_no = 78
[91m [1776449374.22461] Client: [0m---after writing in log upd_msg->data.sensor_type = 1
[91m [1776449374.22465] Client: [0m---after writing in log upd_msg->reliable = 1
[91m [1776449374.961196] BSON Message: [0mInside sensor type parsing.
[91m [1776449374.961206] BSON Message: [0mInside sensor type parsing end.
[91m [1776449374.961210] BSON Message: [0mInside sid parsing
arrived------------ 1
Got a message from the server.
Message type is 4
---------Update message arrived------------ 1
Got a message from the server.
Message type is 4
---------Update message arrived------------ 1
Got a message from the server.
Message type is 4
---------Update message arrived------------ 1
Got a message from the server.
Message type is 4
---------Update message arrived------------ 1
Got a message from the server.
Message type is 4
---------Update message arrived------------ 1
Got a message from the server.
Message type is 4
---------Update message arrived------------ 1
Got a message from the server.
Message type is 4
---------Update message arrived------------ 1
Got a message from the server.
Message type is 4
---------Update message arrived------------ 1
Got a message from the server.
Message type is 4
---------Update message arrived------------ 1
Got a message from the server.
Message type is 4
---------Update message arrived------------ 1
Got a message from the server.
Message type is 4
---------Update message arrived------------ 1
Got a message from the server.
Message type is 4
---------Update message arrived------------ 1
Got a message from the server.
Message type is 4
---------Update message arrived------------ 1
Got a message from the server.
Message type is 4
---------Update message arrived------------ 1
Got a message from the server.
Message type is 4
---------Update message arrived------------ 1
Got a message from the server.
Message type is 4
---------Update message arrived------------ 1
Got a message from the server.
Message type is 4
---------Update message arrived------------ 1
Got a message from the server.
Message type is 4
---------Update message arrived------------ 1
Got a message from the server.
Message type is 4
---------Update message arrived------------ 1
Got a message from the server.
Message type is 4
---------Update message arrived------------ 1
Got a message from the server.
Message type is 4
---------Update message arrived------------ 1
Got a message from the server.
Message type is 4
---------Update message arrived------------ 1
Got a message from the server.
Message type is 4
---------Update message arrived------------ 1
Got a message from the server.
Message type is 4
---------Update message arrived------------ 1
Got a message from the server.
Message type is 4
---------Update message arrived------------ 1
Got a message from the server.
Message type is 4
---------Update message arrived------------ 1
Got a message from the server.
Message type is 4
---------Update message arrived------------ 1
Got a message from the server.
Message type is 4
---------Update message arrived------------ 1
Got a message from the server.
Message type is 4
---------Update message arrived------------ 1
Got a message from the server.
Message type is 4
---------Update message arrived------------ 1
Got a message from the server.
Message type is 4
---------Update message arrived------------ 1
Got a message from the server.
Message type is 4
---------Update message arrived------------ 1
Got a message from the server.
Message type is 4
---------Update message arrived------------ 1
Got a message from the server.
Message type is 4
---------Update message arrived------------ 1
Got a message from the server.
Message type is 4
---------Update message arrived------------ 1
Got a message from the server.
Message type is 4
---------Update message arrived------------ 1
Got a message from the server.
Message type is 4
---------Update message arrived------------ 1
Got a message from the server.
Message type is 4
---------Update message arrived------------ 1
Got a message from the server.
Message type is 4
---------Update message arrived------------ 1
Got a message from the server.
Message type is 4
---------Update message arrived------------ 1
Got a message from the server.
Message type is 4
---------Update message arrived------------ 1
Got a message from the server.
Message type is 4
---------Update message arrived------------ 1
Got a message from the server.
Message type is 4
---------Update message arrived----[91m [1776449374.961219] Client: [0m---before writing in log upd_msg->seq_no= 34
[91m [1776449374.961222] Client: [0m---before writing in log upd_msg->type= 4
[91m [1776449374.961225] Client: [0m---before writing in log upd_msg->frag_no= 0
[91m [1776449374.961228] Client: [0m---before writing in log upd_msg->reliable= 1
[91m [1776449374.961231] Client: [0m---before writing in log upd_msg->data.sensor_type= 2
[91m [1776449374.961236] Client: [0m---before writing in log upd_msg->data.sid= device_0
[91m [1776449374.961241] Client: [0m---after writing in log upd_msg->seq_no = 34
[91m [1776449374.961246] Client: [0m---after writing in log upd_msg->data.sensor_type = 2
[91m [1776449374.961250] Client: [0m---after writing in log upd_msg->reliable = 1
[91m [1776449375.22429] BSON Message: [0mInside sensor type parsing.
[91m [1776449375.22442] BSON Message: [0mInside sensor type parsing end.
[91m [1776449375.22448] BSON Message: [0mInside sid parsing
[91m [1776449375.22454] BSON Message: [0mInside temp1 parsing.
[91m [1776449375.22460] Client: [0m---before writing in log upd_msg->seq_no= 79
[91m [1776449375.22465] Client: [0m---before writing in log upd_msg->type= 4
[91m [1776449375.22470] Client: [0m---before writing in log upd_msg->frag_no= 0
[91m [1776449375.22473] Client: [0m---before writing in log upd_msg->reliable= 1
[91m [1776449375.22477] Client: [0m---before writing in log upd_msg->data.sensor_type= 1
[91m [1776449375.22481] Client: [0m---before writing in log upd_msg->data.sid= temp_1
[91m [1776449375.22488] Client: [0m---after writing in log upd_msg->seq_no = 79
[91m [1776449375.22493] Client: [0m---after writing in log upd_msg->data.sensor_type = 1
[91m [1776449375.22502] Client: [0m---after writing in log upd_msg->reliable = 1
[91m [1776449376.22882] BSON Message: [0mInside sensor type parsing.
[91m [1776449376.22896] BSON Message: [0mInside sensor type parsing end.
[91m [1776449376.22902] BSON Message: [0mInside sid parsing
[91m [1776449376.22908] BSON Message: [0mInside temp1 parsing.
[91m [1776449376.22924] Client: [0m---before writing in log upd_msg->seq_no= 80
[91m [1776449376.22933] Client: [0m---before writing in log upd_msg->type= 4
[91m [1776449376.22938] Client: [0m---before writing in log upd_msg->frag_no= 0
[91m [1776449376.22944] Client: [0m---before writing in log upd_msg->reliable= 1
[91m [1776449376.22950] Client: [0m---before writing in log upd_msg->data.sensor_type= 1
[91m [1776449376.22956] Client: [0m---before writing in log upd_msg->data.sid= temp_1
[91m [1776449376.22962] Client: [0m---after writing in log upd_msg->seq_no = 80
[91m [1776449376.22968] Client: [0m---after writing in log upd_msg->data.sensor_type = 1
[91m [1776449376.22973] Client: [0m---after writing in log upd_msg->reliable = 1
[91m [1776449376.480702] BSON Message: [0mInside sensor type parsing.
[91m [1776449376.480712] BSON Message: [0mInside sensor type parsing end.
[91m [1776449376.480718] BSON Message: [0mInside sid parsing
[91m [1776449376.480723] Client: [0m---before writing in log upd_msg->seq_no= 35
[91m [1776449376.480727] Client: [0m---before writing in log upd_msg->type= 4
[91m [1776449376.480731] Client: [0m---before writing in log upd_msg->frag_no= 0
[91m [1776449376.480736] Client: [0m---before writing in log upd_msg->reliable= 1
[91m [1776449376.480740] Client: [0m---before writing in log upd_msg->data.sensor_type= 2
[91m [1776449376.480744] Client: [0m---before writing in log upd_msg->data.sid= device_0
[91m [1776449376.480749] Client: [0m---after writing in log upd_msg->seq_no = 35
[91m [1776449376.480753] Client: [0m---after writing in log upd_msg->data.sensor_type = 2
[91m [1776449376.480756] Client: [0m---after writing in log upd_msg->reliable = 1
[91m [1776449377.24266] BSON Message: [0mInside sensor type parsing.
[91m [1776449377.24278] BSON Message: [0mInside sensor type parsing end.
[91m [1776449377.24283] BSON Message: [0mInside sid parsing
[91m [1776449377.24289] BSON Message: [0mInside temp1 parsing.
[91m [1776449377.24295] Client: [0m---before writing in log upd_msg->seq_no= 81
[91m [1776449377.24300] Client: [0m---before writing in log upd_msg->type= 4
[91m [1776449377.24305] Client: [0m---before writing in log upd_msg->frag_no= 0
[91m [1776449377.24309] Client: [0m---before writing in log upd_msg->reliable= 1
[91m [1776449377.24314] Client: [0m---before writing in log upd_msg->data.sensor_type= 1
[91m [1776449377.24318] Client: [0m---before writing in log upd_msg->data.sid= temp_1
[91m [1776449377.24323] Client: [0m---after writing in log upd_msg->seq_no = 81
[91m [1776449377.24327] Client: [0m---after writing in log upd_msg->data.sensor_type = 1
[91m [1776449377.24332] Client: [0m---after writing in log upd_msg->reliable = 1
[91m [1776449378.23562] BSON Message: [0mInside sensor type parsing.
[91m [1776449378.23576] BSON Message: [0mInside sensor type parsing end.
[91m [1776449378.23583] BSON Message: [0mInside sid parsing
[91m [1776449378.23589] BSON Message: [0mInside temp1 parsing.
[91m [1776449378.23596] Client: [0m---before writing in log upd_msg->seq_no= 82
[91m [1776449378.23603] Client: [0m---before writing in log upd_msg->type= 4
[91m [1776449378.23610] Client: [0m---before writing in log upd_msg->frag_no= 0
[91m [1776449378.23616] Client: [0m---before writing in log upd_msg->reliable= 1
[91m [1776449378.23622] Client: [0m---before writing in log upd_msg->data.sensor_type= 1
[91m [1776449378.23626] Client: [0m---before writing in log upd_msg->data.sid= temp_1
[91m [1776449378.23632] Client: [0m---after writing in log upd_msg->seq_no = 82
[91m [1776449378.23636] Client: [0m---after writing in log upd_msg->data.sensor_type = 1
[91m [1776449378.23644] Client: [0m---after writing in log upd_msg->reliable = 1
[91m [1776449378.320536] BSON Message: [0mInside sensor type parsing.
[91m [1776449378.320551] BSON Message: [0mInside sensor type parsing end.
[91m [1776449378.320558] BSON Message: [0mInside sid parsing
[91m [1776449378.320563] BSON Message: [0mInside gps1 parsing.
[91m [1776449378.320570] Client: [0m---before writing in log upd_msg->seq_no= 10
[91m [1776449378.320575] Client: [0m---before writing in log upd_msg->type= 4
[91m [1776449378.320580] Client: [0m---before writing in log upd_msg->frag_no= 0
[91m [1776449378.320585] Client: [0m---before writing in log upd_msg->reliable= 1
[91m [1776449378.320590] Client: [0m---before writing in log upd_msg->data.sensor_type= 3
[91m [1776449378.320595] Client: [0m---before writing in log upd_msg->data.sid= gps_2
[91m [1776449378.320602] Client: [0m---after writing in log upd_msg->seq_no = 10
[91m [1776449378.320607] Client: [0m---after writing in log upd_msg->data.sensor_type = 3
[91m [1776449378.320612] Client: [0m---after writing in log upd_msg->reliable = 1
[91m [1776449379.24015] BSON Message: [0mInside sensor type parsing.
[91m [1776449379.24029] BSON Message: [0mInside sensor type parsing end.
[91m [1776449379.24035] BSON Message: [0mInside sid parsing
[91m [1776449379.24041] BSON Message: [0mInside temp1 parsing.
[91m [1776449379.24049] Client: [0m---before writing in log upd_msg->seq_no= 83
[91m [1776449379.24054] Client: [0m---before writing in log upd_msg->type= 4
[91m [1776449379.24059] Client: [0m---before writing in log upd_msg->frag_no= 0
[91m [1776449379.24064] Client: [0m---before writing in log upd_msg->reliable= 1
[91m [1776449379.24069] Client: [0m---before writing in log upd_msg->data.sensor_type= 1
[91m [1776449379.24075] Client: [0m---before writing in log upd_msg->data.sid= temp_1
[91m [1776449379.24081] Client: [0m---after writing in log upd_msg->seq_no = 83
[91m [1776449379.24085] Client: [0m---after writing in log upd_msg->data.sensor_type = 1
[91m [1776449379.24090] Client: [0m---after writing in log upd_msg->reliable = 1
[91m [1776449379.920393] BSON Message: [0mInside sensor type parsing.
[91m [1776449379.920407] BSON Message: [0mInside sensor type parsing end.
[91m [1776449379.920412] BSON Message: [0mInside sid parsing
[91m [1776449379.920418] Client: [0m---before writing in log upd_msg->seq_no= 36
[91m [1776449379.920424] Client: [0m---before writing in log upd_msg->type= 4
[91m [1776449379.920429] Client: [0m---before writing in log upd_msg->frag_no= 0
[91m [1776449379.920434] Client: [0m---before writing in log upd_msg->reliable= 1
[91m [1776449379.920439] Client: [0m---before writing in log upd_msg->data.sensor_type= 2
[91m [1776449379.920443] Client: [0m---before writing in log upd_msg->data.sid= device_0
[91m [1776449379.920449] Client: [0m---after writing in log upd_msg->seq_no = 36
[91m [1776449379.920454] Client: [0m---after writing in log upd_msg->data.sensor_type = 2
[91m [1776449379.920458] Client: [0m---after writing in log upd_msg->reliable = 1
[91m [1776449380.24309] BSON Message: [0mInside sensor type parsing.
[91m [1776449380.24323] BSON Message: [0mInside sensor type parsing end.
[91m [1776449380.24328] BSON Message: [0mInside sid parsing
[91m [1776449380.24332] BSON Message: [0mInside temp1 parsing.
[91m [1776449380.24338] Client: [0m---before writing in log upd_msg->seq_no= 84
[91m [1776449380.24343] Client: [0m---before writing in log upd_msg->type= 4
[91m [1776449380.24354] Client: [0m---before writing in log upd_msg->frag_no= 0
[91m [1776449380.24359] Client: [0m---before writing in log upd_msg->reliable= 1
[91m [1776449380.24364] Client: [0m---before writing in log upd_msg->data.sensor_type= 1
[91m [1776449380.24369] Client: [0m---before writing in log upd_msg->data.sid= temp_1
[91m [1776449380.24376] Client: [0m---after writing in log upd_msg->seq_no = 84
[91m [1776449380.24380] Client: [0m---after writing in log upd_msg->data.sensor_type = 1
[91m [1776449380.24392] Client: [0m---after writing in log upd_msg->reliable = 1
[91m [1776449380.822394] BSON Message: [0mInside sensor type parsing.
[91m [1776449380.822407] BSON Message: [0mInside sensor type parsing end.
[91m [1776449380.822414] BSON Message: [0mInside sid parsing
[91m [1776449380.822423] Client: [0m---before writing in log upd_msg->seq_no= 37
[91m [1776449380.822430] Client: [0m---before writing in log upd_msg->type= 4
[91m [1776449380.822436] Client: [0m---before writing in log upd_msg->frag_no= 0
[91m [1776449380.822443] Client: [0m---before writing in log upd_msg->reliable= 1
[91m [1776449380.822449] Client: [0m---before writing in log upd_msg->data.sensor_type= 2
[91m [1776449380.822456] Client: [0m---before writing in log upd_msg->data.sid= device_0
[91m [1776449380.822464] Client: [0m---after writing in log upd_msg->seq_no = 37
[91m [1776449380.822470] Client: [0m---after writing in log upd_msg->data.sensor_type = 2
[91m [1776449380.822477] Client: [0m---after writing in log upd_msg->reliable = 1
[91m [1776449381.25067] BSON Message: [0mInside sensor type parsing.
[91m [1776449381.25080] BSON Message: [0mInside sensor type parsing end.
[91m [1776449381.25087] BSON Message: [0mInside sid parsing
[91m [1776449381.25094] BSON Message: [0mInside temp1 parsing.
[91m [1776449381.25102] Client: [0m---before writing in log upd_msg->seq_no= 85
[91m [1776449381.25110] Client: [0m---before writing in log upd_msg->type= 4
[91m [1776449381.25116] Client: [0m---before writing in log upd_msg->frag_no= 0
[91m [1776449381.25123] Client: [0m---before writing in log upd_msg->reliable= 1
[91m [1776449381.25129] Client: [0m---before writing in log upd_msg->data.sensor_type= 1
[91m [1776449381.25135] Client: [0m---before writing in log upd_msg->data.sid= temp_1
[91m [1776449381.25143] Client: [0m---after writing in log upd_msg->seq_no = 85
[91m [1776449381.25148] Client: [0m---after writing in log upd_msg->data.sensor_type = 1
[91m [1776449381.25154] Client: [0m---after writing in log upd_msg->reliable = 1
[91m [1776449382.25122] BSON Message: [0mInside sensor type parsing.
[91m [1776449382.25138] BSON Message: [0mInside sensor type parsing end.
[91m [1776449382.25147] BSON Message: [0mInside sid parsing
[91m [1776449382.25156] BSON Message: [0mInside temp1 parsing.
[91m [1776449382.25165] Client: [0m---before writing in log upd_msg->seq_no= 86
[91m [1776449382.25172] Client: [0m---before writing in log upd_msg->type= 4
[91m [1776449382.25179] Client: [0m---before writing in log upd_msg->frag_no= 0
[91m [1776449382.25187] Client: [0m---before writing in log upd_msg->reliable= 1
[91m [1776449382.25195] Client: [0m---before writing in log upd_msg->data.sensor_type= 1
[91m [1776449382.25202] Client: [0m---before writing in log upd_msg->data.sid= temp_1
[91m [1776449382.25211] Client: [0m---after writing in log upd_msg->seq_no = 86
[91m [1776449382.25218] Client: [0m---after writing in log upd_msg->data.sensor_type = 1
[91m [1776449382.25225] Client: [0m---after writing in log upd_msg->reliable = 1
[91m [1776449383.25188] BSON Message: [0mInside sensor type parsing.
[91m [1776449383.25200] BSON Message: [0mInside sensor type parsing end.
[91m [1776449383.25208] BSON Message: [0mInside sid parsing
[91m [1776449383.25216] BSON Message: [0mInside temp1 parsing.
[91m [1776449383.25225] Client: [0m---before writing in log upd_msg->seq_no= 87
[91m [1776449383.25233] Client: [0m---before writing in log upd_msg->type= 4
[91m [1776449383.25241] Client: [0m---before writing in log upd_msg->frag_no= 0
[91m [1776449383.25248] Client: [0m---before writing in log upd_msg->reliable= 1
[91m [1776449383.25258] Client: [0m---before writing in log upd_msg->data.sensor_type= 1
[91m [1776449383.25267] Client: [0m---before writing in log upd_msg->data.sid= temp_1
[91m [1776449383.25277] Client: [0m---after writing in log upd_msg->seq_no = 87
[91m [1776449383.25285] Client: [0m---after writing in log upd_msg->data.sensor_type = 1
[91m [1776449383.25298] Client: [0m---after writing in log upd_msg->reliable = 1
[91m [1776449384.25569] BSON Message: [0mInside sensor type parsing.
[91m [1776449384.25581] BSON Message: [0mInside sensor type parsing end.
[91m [1776449384.25587] BSON Message: [0mInside sid parsing
[91m [1776449384.25592] BSON Message: [0mInside temp1 parsing.
[91m [1776449384.25596] Client: [0m---before writing in log upd_msg->seq_no= 88
[91m [1776449384.25600] Client: [0m---before writing in log upd_msg->type= 4
[91m [1776449384.25602] Client: [0m---before writing in log upd_msg->frag_no= 0
[91m [1776449384.25606] Client: [0m---before writing in log upd_msg->reliable= 1
[91m [1776449384.25609] Client: [0m---before writing in log upd_msg->data.sensor_type= 1
[91m [1776449384.25612] Client: [0m---before writing in log upd_msg->data.sid= temp_1
[91m [1776449384.25617] Client: [0m---after writing in log upd_msg->seq_no = 88
[91m [1776449384.25621] Client: [0m---after writing in log upd_msg->data.sensor_type = 1
[91m [1776449384.25624] Client: [0m---after writing in log upd_msg->reliable = 1
[91m [1776449384.136542] BSON Message: [0mInside sensor type parsing.
[91m [1776449384.136551] BSON Message: [0mInside sensor type parsing end.
[91m [1776449384.136556] BSON Message: [0mInside sid parsing
[91m [1776449384.136560] BSON Message: [0mInside gps1 parsing.
[91m [1776449384.136565] Client: [0m---before writing in log upd_msg->seq_no= 11
[91m [1776449384.136569] Client: [0m---before writing in log upd_msg->type= 4
[91m [1776449384.136573] Client: [0m---before writing in log upd_msg->frag_no= 0
[91m [1776449384.136577] Client: [0m---before writing in log upd_msg->reliable= 1
[91m [1776449384.136580] Client: [0m---before writing in log upd_msg->data.sensor_type= 3
[91m [1776449384.136584] Client: [0m---before writing in log upd_msg->data.sid= gps_2
[91m [1776449384.136592] Client: [0m---after writing in log upd_msg->seq_no = 11
[91m [1776449384.136597] Client: [0m---after writing in log upd_msg->data.sensor_type = 3
[91m [1776449384.136601] Client: [0m---after writing in log upd_msg->reliable = 1
[91m [1776449384.830239] BSON Message: [0mInside sensor type parsing.
[91m [1776449384.830249] BSON Message: [0mInside sensor type parsing end.
[91m [1776449384.830253] BSON Message: [0mInside sid parsing
[91m [1776449384.830257] Client: [0m---before writing in log upd_msg->seq_no= 38
[91m [1776449384.830262] Client: [0m---before writing in log upd_msg->type= 4
[91m [1776449384.830266] Client: [0m---before writing in log upd_msg->frag_no= 0
[91m [1776449384.830270] Client: [0m---before writing in log upd_msg->reliable= 1
[91m [1776449384.830274] Client: [0m---before writing in log upd_msg->data.sensor_type= 2
[91m [1776449384.830278] Client: [0m---before writing in log upd_msg->data.sid= device_0
[91m [1776449384.830282] Client: [0m---after writing in log upd_msg->seq_no = 38
[91m [1776449384.830286] Client: [0m---after writing in log upd_msg->data.sensor_type = 2
[91m [1776449384.830290] Client: [0m---after writing in log upd_msg->reliable = 1
[91m [1776449385.25782] BSON Message: [0mInside sensor type parsing.
[91m [1776449385.25797] BSON Message: [0mInside sensor type parsing end.
[91m [1776449385.25809] BSON Message: [0mInside sid parsing
[91m [1776449385.25817] BSON Message: [0mInside temp1 parsing.
[91m [1776449385.25824] Client: [0m---before writing in log upd_msg->seq_no= 89
[91m [1776449385.25827] Client: [0m---before writing in log upd_msg->type= 4
[91m [1776449385.25832] Client: [0m---before writing in log upd_msg->frag_no= 0
[91m [1776449385.25838] Client: [0m---before writing in log upd_msg->reliable= 1
[91m [1776449385.25843] Client: [0m---before writing in log upd_msg->data.sensor_type= 1
[91m [1776449385.25849] Client: [0m---before writing in log upd_msg->data.sid= temp_1
[91m [1776449385.25855] Client: [0m---after writing in log upd_msg->seq_no = 89
[91m [1776449385.25860] Client: [0m---after writing in log upd_msg->data.sensor_type = 1
[91m [1776449385.25872] Client: [0m---after writing in log upd_msg->reliable = 1
[91m [1776449386.26095] BSON Message: [0mInside sensor type parsing.
[91m [1776449386.26104] BSON Message: [0mInside sensor type parsing end.
[91m [1776449386.26109] BSON Message: [0mInside sid parsing
[91m [1776449386.26113] BSON Message: [0mInside temp1 parsing.
[91m [1776449386.26118] Client: [0m---before writing in log upd_msg->seq_no= 90
[91m [1776449386.26122] Client: [0m---before writing in log upd_msg->type= 4
[91m [1776449386.26126] Client: [0m---before writing in log upd_msg->frag_no= 0
[91m [1776449386.26130] Client: [0m---before writing in log upd_msg->reliable= 1
[91m [1776449386.26134] Client: [0m---before writing in log upd_msg->data.sensor_type= 1
[91m [1776449386.26138] Client: [0m---before writing in log upd_msg->data.sid= temp_1
[91m [1776449386.26142] Client: [0m---after writing in log upd_msg->seq_no = 90
[91m [1776449386.26146] Client: [0m---after writing in log upd_msg->data.sensor_type = 1
[91m [1776449386.26150] Client: [0m---after writing in log upd_msg->reliable = 1
[91m [1776449387.27796] BSON Message: [0mInside sensor type parsing.
[91m [1776449387.27812] BSON Message: [0mInside sensor type parsing end.
[91m [1776449387.27817] BSON Message: [0mInside sid parsing
[91m [1776449387.27822] BSON Message: [0mInside temp1 parsing.
[91m [1776449387.27828] Client: [0m---before writing in log upd_msg->seq_no= 91
[91m [1776449387.27833] Client: [0m---before writing in log upd_msg->type= 4
[91m [1776449387.27837] Client: [0m---before writing in log upd_msg->frag_no= 0
[91m [1776449387.27842] Client: [0m---before writing in log upd_msg->reliable= 1
[91m [1776449387.27847] Client: [0m---before writing in log upd_msg->data.sensor_type= 1
[91m [1776449387.27851] Client: [0m---before writing in log upd_msg->data.sid= temp_1
[91m [1776449387.27856] Client: [0m---after writing in log upd_msg->seq_no = 91
[91m [1776449387.27861] Client: [0m---after writing in log upd_msg->data.sensor_type = 1
[91m [1776449387.27865] Client: [0m---after writing in log upd_msg->reliable = 1
[91m [1776449388.26772] BSON Message: [0mInside sensor type parsing.
[91m [1776449388.26783] BSON Message: [0mInside sensor type parsing end.
[91m [1776449388.26788] BSON Message: [0mInside sid parsing
[91m [1776449388.26794] BSON Message: [0mInside temp1 parsing.
[91m [1776449388.26800] Client: [0m---before writing in log upd_msg->seq_no= 92
[91m [1776449388.26805] Client: [0m---before writing in log upd_msg->type= 4
[91m [1776449388.26810] Client: [0m---before writing in log upd_msg->frag_no= 0
[91m [1776449388.26815] Client: [0m---before writing in log upd_msg->reliable= 1
[91m [1776449388.26820] Client: [0m---before writing in log upd_msg->data.sensor_type= 1
[91m [1776449388.26825] Client: [0m---before writing in log upd_msg->data.sid= temp_1
[91m [1776449388.26831] Client: [0m---after writing in log upd_msg->seq_no = 92
[91m [1776449388.26836] Client: [0m---after writing in log upd_msg->data.sensor_type = 1
[91m [1776449388.26842] Client: [0m---after writing in log upd_msg->reliable = 1
[91m [1776449388.437370] BSON Message: [0mInside sensor type parsing.
[91m [1776449388.437380] BSON Message: [0mInside sensor type parsing end.
[91m [1776449388.437385] BSON Message: [0mInside sid parsing
[91m [1776449388.437391] Client: [0m---before writing in log upd_msg->seq_no= 39
[91m [1776449388.437395] Client: [0m---before writing in log upd_msg->type= 4
[91m [1776449388.437400] Client: [0m---before writing in log upd_msg->frag_no= 0
[91m [1776449388.437405] Client: [0m---before writing in log upd_msg->reliable= 1
[91m [1776449388.437409] Client: [0m---before writing in log upd_msg->data.sensor_type= 2
[91m [1776449388.437414] Client: [0m---before writing in log upd_msg->data.sid= device_0
[91m [1776449388.437420] Client: [0m---after writing in log upd_msg->seq_no = 39
[91m [1776449388.437424] Client: [0m---after writing in log upd_msg->data.sensor_type = 2
[91m [1776449388.437433] Client: [0m---after writing in log upd_msg->reliable = 1
[91m [1776449389.27000] BSON Message: [0mInside sensor type parsing.
[91m [1776449389.27010] BSON Message: [0mInside sensor type parsing end.
[91m [1776449389.27016] BSON Message: [0mInside sid parsing
[91m [1776449389.27021] BSON Message: [0mInside temp1 parsing.
[91m [1776449389.27026] Client: [0m---before writing in log upd_msg->seq_no= 93
[91m [1776449389.27032] Client: [0m---before writing in log upd_msg->type= 4
[91m [1776449389.27036] Client: [0m---before writing in log upd_msg->frag_no= 0
[91m [1776449389.27041] Client: [0m---before writing in log upd_msg->reliable= 1
[91m [1776449389.27045] Client: [0m---before writing in log upd_msg->data.sensor_type= 1
[91m [1776449389.27050] Client: [0m---before writing in log upd_msg->data.sid= temp_1
[91m [1776449389.27056] Client: [0m---after writing in log upd_msg->seq_no = 93
[91m [1776449389.27062] Client: [0m---after writing in log upd_msg->data.sensor_type = 1
[91m [1776449389.27067] Client: [0m---after writing in log upd_msg->reliable = 1
[91m [1776449390.30025] BSON Message: [0mInside sensor type parsing.
[91m [1776449390.30042] BSON Message: [0mInside sensor type parsing end.
[91m [1776449390.30047] BSON Message: [0mInside sid parsing
[91m [1776449390.30052] BSON Message: [0mInside temp1 parsing.
[91m [1776449390.30057] Client: [0m---before writing in log upd_msg->seq_no= 94
[91m [1776449390.30061] Client: [0m---before writing in log upd_msg->type= 4
[91m [1776449390.30065] Client: [0m---before writing in log upd_msg->frag_no= 0
[91m [1776449390.30069] Client: [0m---before writing in log upd_msg->reliable= 1
[91m [1776449390.30072] Client: [0m---before writing in log upd_msg->data.sensor_type= 1
[91m [1776449390.30076] Client: [0m---before writing in log upd_msg->data.sid= temp_1
[91m [1776449390.30080] Client: [0m---after writing in log upd_msg->seq_no = 94
[91m [1776449390.30084] Client: [0m---after writing in log upd_msg->data.sensor_type = 1
[91m [1776449390.30088] Client: [0m---after writing in log upd_msg->reliable = 1
[91m [1776449391.28106] BSON Message: [0mInside sensor type parsing.
[91m [1776449391.28120] BSON Message: [0mInside sensor type parsing end.
[91m [1776449391.28126] BSON Message: [0mInside sid parsing
[91m [1776449391.28132] BSON Message: [0mInside temp1 parsing.
[91m [1776449391.28139] Client: [0m---before writing in log upd_msg->seq_no= 95
[91m [1776449391.28145] Client: [0m---before writing in log upd_msg->type= 4
[91m [1776449391.28150] Client: [0m---before writing in log upd_msg->frag_no= 0
[91m [1776449391.28155] Client: [0m---before writing in log upd_msg->reliable= 1
[91m [1776449391.28161] Client: [0m---before writing in log upd_msg->data.sensor_type= 1
[91m [1776449391.28167] Client: [0m---before writing in log upd_msg->data.sid= temp_1
[91m [1776449391.28173] Client: [0m---after writing in log upd_msg->seq_no = 95
[91m [1776449391.28178] Client: [0m---after writing in log upd_msg->data.sensor_type = 1
[91m [1776449391.28184] Client: [0m---after writing in log upd_msg->reliable = 1
[91m [1776449391.150167] BSON Message: [0mInside sensor type parsing.
[91m [1776449391.150176] BSON Message: [0mInside sensor type parsing end.
[91m [1776449391.150180] BSON Message: [0mInside sid parsing
[91m [1776449391.150184] BSON Message: [0mInside gps1 parsing.
[91m [1776449391.150188] Client: [0m---before writing in log upd_msg->seq_no= 12
[91m [1776449391.150192] Client: [0m---before writing in log upd_msg->type= 4
[91m [1776449391.150196] Client: [0m---before writing in log upd_msg->frag_no= 0
[91m [1776449391.150202] Client: [0m---before writing in log upd_msg->reliable= 1
[91m [1776449391.150206] Client: [0m---before writing in log upd_msg->data.sensor_type= 3
[91m [1776449391.150209] Client: [0m---before writing in log upd_msg->data.sid= gps_2
[91m [1776449391.150217] Client: [0m---after writing in log upd_msg->seq_no = 12
[91m [1776449391.150221] Client: [0m---after writing in log upd_msg->data.sensor_type = 3
[91m [1776449391.150230] Client: [0m---after writing in log upd_msg->reliable = 1
[91m [1776449391.175321] BSON Message: [0mInside sensor type parsing.
[91m [1776449391.175328] BSON Message: [0mInside sensor type parsing end.
[91m [1776449391.175332] BSON Message: [0mInside sid parsing
[91m [1776449391.175336] Client: [0m---before writing in log upd_msg->seq_no= 40
[91m [1776449391.175340] Client: [0m---before writing in log upd_msg->type= 4
[91m [1776449391.175343] Client: [0m---before writing in log upd_msg->frag_no= 0
[91m [1776449391.175346] Client: [0m---before writing in log upd_msg->reliable= 1
[91m [1776449391.175348] Client: [0m---before writing in log upd_msg->data.sensor_type= 2
[91m [1776449391.175352] Client: [0m---before writing in log upd_msg->data.sid= device_0
[91m [1776449391.175356] Client: [0m---after writing in log upd_msg->seq_no = 40
[91m [1776449391.175360] Client: [0m---after writing in log upd_msg->data.sensor_type = 2
[91m [1776449391.175364] Client: [0m---after writing in log upd_msg->reliable = 1
[91m [1776449392.28382] BSON Message: [0mInside sensor type parsing.
[91m [1776449392.28395] BSON Message: [0mInside sensor type parsing end.
[91m [1776449392.28401] BSON Message: [0mInside sid parsing
[91m [1776449392.28408] BSON Message: [0mInside temp1 parsing.
[91m [1776449392.28415] Client: [0m---before writing in log upd_msg->seq_no= 96
[91m [1776449392.28421] Client: [0m---before writing in log upd_msg->type= 4
[91m [1776449392.28427] Client: [0m---before writing in log upd_msg->frag_no= 0
[91m [1776449392.28433] Client: [0m---before writing in log upd_msg->reliable= 1
[91m [1776449392.28438] Client: [0m---before writing in log upd_msg->data.sensor_type= 1
[91m [1776449392.28445] Client: [0m---before writing in log upd_msg->data.sid= temp_1
[91m [1776449392.28452] Client: [0m---after writing in log upd_msg->seq_no = 96
[91m [1776449392.28457] Client: [0m---after writing in log upd_msg->data.sensor_type = 1
[91m [1776449392.28463] Client: [0m---after writing in log upd_msg->reliable = 1
[91m [1776449393.28759] BSON Message: [0mInside sensor type parsing.
[91m [1776449393.28772] BSON Message: [0mInside sensor type parsing end.
[91m [1776449393.28779] BSON Message: [0mInside sid parsing
[91m [1776449393.28784] BSON Message: [0mInside temp1 parsing.
[91m [1776449393.28790] Client: [0m---before writing in log upd_msg->seq_no= 97
[91m [1776449393.28795] Client: [0m---before writing in log upd_msg->type= 4
[91m [1776449393.28800] Client: [0m---before writing in log upd_msg->frag_no= 0
[91m [1776449393.28805] Client: [0m---before writing in log upd_msg->reliable= 1
[91m [1776449393.28809] Client: [0m---before writing in log upd_msg->data.sensor_type= 1
[91m [1776449393.28814] Client: [0m---before writing in log upd_msg->data.sid= temp_1
[91m [1776449393.28820] Client: [0m---after writing in log upd_msg->seq_no = 97
[91m [1776449393.28824] Client: [0m---after writing in log upd_msg->data.sensor_type = 1
[91m [1776449393.28827] Client: [0m---after writing in log upd_msg->reliable = 1
[91m [1776449393.288211] BSON Message: [0mInside sensor type parsing.
[91m [1776449393.288225] BSON Message: [0mInside sensor type parsing end.
[91m [1776449393.288230] BSON Message: [0mInside sid parsing
[91m [1776449393.288237] Client: [0m---before writing in log upd_msg->seq_no= 41
[91m [1776449393.288242] Client: [0m---before writing in log upd_msg->type= 4
[91m [1776449393.288248] Client: [0m---before writing in log upd_msg->frag_no= 0
[91m [1776449393.288253] Client: [0m---before writing in log upd_msg->reliable= 1
[91m [1776449393.288257] Client: [0m---before writing in log upd_msg->data.sensor_type= 2
[91m [1776449393.288262] Client: [0m---before writing in log upd_msg->data.sid= device_0
[91m [1776449393.288268] Client: [0m---after writing in log upd_msg->seq_no = 41
[91m [1776449393.288273] Client: [0m---after writing in log upd_msg->data.sensor_type = 2
[91m [1776449393.288284] Client: [0m---after writing in log upd_msg->reliable = 1
[91m [1776449394.29268] BSON Message: [0mInside sensor type parsing.
[91m [1776449394.29282] BSON Message: [0mInside sensor type parsing end.
[91m [1776449394.29288] BSON Message: [0mInside sid parsing
[91m [1776449394.29292] BSON Message: [0mInside temp1 parsing.
[91m [1776449394.29298] Client: [0m---before writing in log upd_msg->seq_no= 98
[91m [1776449394.29302] Client: [0m---before writing in log upd_msg->type= 4
[91m [1776449394.29306] Client: [0m---before writing in log upd_msg->frag_no= 0
[91m [1776449394.29310] Client: [0m---before writing in log upd_msg->reliable= 1
[91m [1776449394.29313] Client: [0m---before writing in log upd_msg->data.sensor_type= 1
[91m [1776449394.29317] Client: [0m---before writing in log upd_msg->data.sid= temp_1
[91m [1776449394.29322] Client: [0m---after writing in log upd_msg->seq_no = 98
[91m [1776449394.29326] Client: [0m---after writing in log upd_msg->data.sensor_type = 1
[91m [1776449394.29330] Client: [0m---after writing in log upd_msg->reliable = 1
[91m [1776449395.29088] BSON Message: [0mInside sensor type parsing.
[91m [1776449395.29099] BSON Message: [0mInside sensor type parsing end.
[91m [1776449395.29105] BSON Message: [0mInside sid parsing
[91m [1776449395.29110] BSON Message: [0mInside temp1 parsing.
[91m [1776449395.29117] Client: [0m---before writing in log upd_msg->seq_no= 99
[91m [1776449395.29122] Client: [0m---before writing in log upd_msg->type= 4
[91m [1776449395.29127] Client: [0m---before writing in log upd_msg->frag_no= 0
[91m [1776449395.29132] Client: [0m---before writing in log upd_msg->reliable= 1
[91m [1776449395.29137] Client: [0m---before writing in log upd_msg->data.sensor_type= 1
[91m [1776449395.29142] Client: [0m---before writing in log upd_msg->data.sid= temp_1
[91m [1776449395.29148] Client: [0m---after writing in log upd_msg->seq_no = 99
[91m [1776449395.29153] Client: [0m---after writing in log upd_msg->data.sensor_type = 1
[91m [1776449395.29158] Client: [0m---after writing in log upd_msg->reliable = 1
[91m [1776449395.468173] BSON Message: [0mInside sensor type parsing.
[91m [1776449395.468185] BSON Message: [0mInside sensor type parsing end.
[91m [1776449395.468191] BSON Message: [0mInside sid parsing
[91m [1776449395.468199] Client: [0m---before writing in log upd_msg->seq_no= 42
[91m [1776449395.468204] Client: [0m---before writing in log upd_msg->type= 4
[91m [1776449395.468210] Client: [0m---before writing in log upd_msg->frag_no= 0
[91m [1776449395.468216] Client: [0m---before writing in log upd_msg->reliable= 1
[91m [1776449395.468221] Client: [0m---before writing in log upd_msg->data.sensor_type= 2
[91m [1776449395.468226] Client: [0m---before writing in log upd_msg->data.sid= device_0
[91m [1776449395.468233] Client: [0m---after writing in log upd_msg->seq_no = 42
[91m [1776449395.468238] Client: [0m---after writing in log upd_msg->data.sensor_type = 2
[91m [1776449395.468244] Client: [0m---after writing in log upd_msg->reliable = 1
[91m [1776449396.29433] BSON Message: [0mInside sensor type parsing.
[91m [1776449396.29442] BSON Message: [0mInside sensor type parsing end.
[91m [1776449396.29447] BSON Message: [0mInside sid parsing
[91m [1776449396.29450] BSON Message: [0mInside temp1 parsing.
[91m [1776449396.29455] Client: [0m---before writing in log upd_msg->seq_no= 100
[91m [1776449396.29459] Client: [0m---before writing in log upd_msg->type= 4
[91m [1776449396.29462] Client: [0m---before writing in log upd_msg->frag_no= 0
[91m [1776449396.29466] Client: [0m---before writing in log upd_msg->reliable= 1
[91m [1776449396.29469] Client: [0m---before writing in log upd_msg->data.sensor_type= 1
[91m [1776449396.29474] Client: [0m---before writing in log upd_msg->data.sid= temp_1
[91m [1776449396.29478] Client: [0m---after writing in log upd_msg->seq_no = 100
[91m [1776449396.29482] Client: [0m---after writing in log upd_msg->data.sensor_type = 1
[91m [1776449396.29491] Client: [0m---after writing in log upd_msg->reliable = 1
[91m [1776449397.30071] BSON Message: [0mInside sensor type parsing.
[91m [1776449397.30086] BSON Message: [0mInside sensor type parsing end.
[91m [1776449397.30092] BSON Message: [0mInside sid parsing
[91m [1776449397.30098] BSON Message: [0mInside temp1 parsing.
[91m [1776449397.30104] Client: [0m---before writing in log upd_msg->seq_no= 101
[91m [1776449397.30110] Client: [0m---before writing in log upd_msg->type= 4
[91m [1776449397.30116] Client: [0m---before writing in log upd_msg->frag_no= 0
[91m [1776449397.30121] Client: [0m---before writing in log upd_msg->reliable= 0
[91m [1776449397.30126] Client: [0m---before writing in log upd_msg->data.sensor_type= 1
[91m [1776449397.30131] Client: [0m---before writing in log upd_msg->data.sid= temp_1
[91m [1776449397.30138] Client: [0m---after writing in log upd_msg->seq_no = 101
[91m [1776449397.30143] Client: [0m---after writing in log upd_msg->data.sensor_type = 1
[91m [1776449397.30149] Client: [0m---after writing in log upd_msg->reliable = 0
[91m [1776449398.30352] BSON Message: [0mInside sensor type parsing.
[91m [1776449398.30366] BSON Message: [0mInside sensor type parsing end.
[91m [1776449398.30373] BSON Message: [0mInside sid parsing
[91m [1776449398.30379] BSON Message: [0mInside temp1 parsing.
[91m [1776449398.30387] Client: [0m---before writing in log upd_msg->seq_no= 102
[91m [1776449398.30393] Client: [0m---before writing in log upd_msg->type= 4
[91m [1776449398.30399] Client: [0m---before writing in log upd_msg->frag_no= 0
[91m [1776449398.30405] Client: [0m---before writing in log upd_msg->reliable= 1
[91m [1776449398.30411] Client: [0m---before writing in log upd_msg->data.sensor_type= 1
[91m [1776449398.30416] Client: [0m---before writing in log upd_msg->data.sid= temp_1
[91m [1776449398.30421] Client: [0m---after writing in log upd_msg->seq_no = 102
[91m [1776449398.30425] Client: [0m---after writing in log upd_msg->data.sensor_type = 1
[91m [1776449398.30430] Client: [0m---after writing in log upd_msg->reliable = 1
[91m [1776449399.30574] BSON Message: [0mInside sensor type parsing.
[91m [1776449399.30584] BSON Message: [0mInside sensor type parsing end.
[91m [1776449399.30588] BSON Message: [0mInside sid parsing
[91m [1776449399.30592] BSON Message: [0mInside temp1 parsing.
[91m [1776449399.30597] Client: [0m---before writing in log upd_msg->seq_no= 103
[91m [1776449399.30602] Client: [0m---before writing in log upd_msg->type= 4
[91m [1776449399.30607] Client: [0m---before writing in log upd_msg->frag_no= 0
[91m [1776449399.30610] Client: [0m---before writing in log upd_msg->reliable= 1
[91m [1776449399.30623] Client: [0m---before writing in log upd_msg->data.sensor_type= 1
[91m [1776449399.30626] Client: [0m---before writing in log upd_msg->data.sid= temp_1
[91m [1776449399.30632] Client: [0m---after writing in log upd_msg->seq_no = 103
[91m [1776449399.30637] Client: [0m---after writing in log upd_msg->data.sensor_type = 1
[91m [1776449399.30641] Client: [0m---after writing in log upd_msg->reliable = 1
[91m [1776449399.307286] BSON Message: [0mInside sensor type parsing.
[91m [1776449399.307297] BSON Message: [0mInside sensor type parsing end.
[91m [1776449399.307302] BSON Message: [0mInside sid parsing
[91m [1776449399.307308] Client: [0m---before writing in log upd_msg->seq_no= 43
[91m [1776449399.307312] Client: [0m---before writing in log upd_msg->type= 4
[91m [1776449399.307316] Client: [0m---before writing in log upd_msg->frag_no= 0
[91m [1776449399.307321] Client: [0m---before writing in log upd_msg->reliable= 1
[91m [1776449399.307327] Client: [0m---before writing in log upd_msg->data.sensor_type= 2
[91m [1776449399.307332] Client: [0m---before writing in log upd_msg->data.sid= device_0
[91m [1776449399.307340] Client: [0m---after writing in log upd_msg->seq_no = 43
[91m [1776449399.307343] Client: [0m---after writing in log upd_msg->data.sensor_type = 2
[91m [1776449399.307351] Client: [0m---after writing in log upd_msg->reliable = 1
[91m [1776449400.31815] BSON Message: [0mInside sensor type parsing.
[91m [1776449400.31826] BSON Message: [0mInside sensor type parsing end.
[91m [1776449400.31832] BSON Message: [0mInside sid parsing
[91m [1776449400.31837] BSON Message: [0mInside temp1 parsing.
[91m [1776449400.31843] Client: [0m---before writing in log upd_msg->seq_no= 104
[91m [1776449400.31849] Client: [0m---before writing in log upd_msg->type= 4
[91m [1776449400.31855] Client: [0m---before writing in log upd_msg->frag_no= 0
[91m [1776449400.31860] Client: [0m---before writing in log upd_msg->reliable= 1
[91m [1776449400.31864] Client: [0m---before writing in log upd_msg->data.sensor_type= 1
[91m [1776449400.31867] Client: [0m---before writing in log upd_msg->data.sid= temp_1
[91m [1776449400.31871] Client: [0m---after writing in log upd_msg->seq_no = 104
[91m [1776449400.31875] Client: [0m---after writing in log upd_msg->data.sensor_type = 1
[91m [1776449400.31879] Client: [0m---after writing in log upd_msg->reliable = 1
[91m [1776449401.31401] BSON Message: [0mInside sensor type parsing.
[91m [1776449401.31411] BSON Message: [0mInside sensor type parsing end.
[91m [1776449401.31416] BSON Message: [0mInside sid parsing
[91m [1776449401.31421] BSON Message: [0mInside temp1 parsing.
[91m [1776449401.31426] Client: [0m---before writing in log upd_msg->seq_no= 105
[91m [1776449401.31431] Client: [0m---before writing in log upd_msg->type= 4
[91m [1776449401.31435] Client: [0m---before writing in log upd_msg->frag_no= 0
[91m [1776449401.31439] Client: [0m---before writing in log upd_msg->reliable= 1
[91m [1776449401.31444] Client: [0m---before writing in log upd_msg->data.sensor_type= 1
[91m [1776449401.31449] Client: [0m---before writing in log upd_msg->data.sid= temp_1
[91m [1776449401.31456] Client: [0m---after writing in log upd_msg->seq_no = 105
[91m [1776449401.31461] Client: [0m---after writing in log upd_msg->data.sensor_type = 1
[91m [1776449401.31465] Client: [0m---after writing in log upd_msg->reliable = 1
[91m [1776449402.31320] BSON Message: [0mInside sensor type parsing.
[91m [1776449402.31329] BSON Message: [0mInside sensor type parsing end.
[91m [1776449402.31333] BSON Message: [0mInside sid parsing
[91m [1776449402.31337] BSON Message: [0mInside temp1 parsing.
[91m [1776449402.31343] Client: [0m---before writing in log upd_msg->seq_no= 106
[91m [1776449402.31347] Client: [0m---before writing in log upd_msg->type= 4
[91m [1776449402.31351] Client: [0m---before writing in log upd_msg->frag_no= 0
[91m [1776449402.31355] Client: [0m---before writing in log upd_msg->reliable= 1
[91m [1776449402.31359] Client: [0m---before writing in log upd_msg->data.sensor_type= 1
[91m [1776449402.31363] Client: [0m---before writing in log upd_msg->data.sid= temp_1
[91m [1776449402.31368] Client: [0m---after writing in log upd_msg->seq_no = 106
[91m [1776449402.31372] Client: [0m---after writing in log upd_msg->data.sensor_type = 1
[91m [1776449402.31375] Client: [0m---after writing in log upd_msg->reliable = 1
[91m [1776449402.457096] BSON Message: [0mInside sensor type parsing.
[91m [1776449402.457109] BSON Message: [0mInside sensor type parsing end.
[91m [1776449402.457114] BSON Message: [0mInside sid parsing
[91m [1776449402.457122] Client: [0m---before writing in log upd_msg->seq_no= 44
[91m [1776449402.457127] Client: [0m---before writing in log upd_msg->type= 4
[91m [1776449402.457133] Client: [0m---before writing in log upd_msg->frag_no= 0
[91m [1776449402.457137] Client: [0m---before writing in log upd_msg->reliable= 1
[91m [1776449402.457143] Client: [0m---before writing in log upd_msg->data.sensor_type= 2
[91m [1776449402.457147] Client: [0m---before writing in log upd_msg->data.sid= device_0
[91m [1776449402.457152] Client: [0m---after writing in log upd_msg->seq_no = 44
[91m [1776449402.457157] Client: [0m---after writing in log upd_msg->data.sensor_type = 2
[91m [1776449402.457162] Client: [0m---after writing in log upd_msg->reliable = 1
[91m [1776449403.31834] BSON Message: [0mInside sensor type parsing.
[91m [1776449403.31846] BSON Message: [0mInside sensor type parsing end.
[91m [1776449403.31850] BSON Message: [0mInside sid parsing
[91m [1776449403.31855] BSON Message: [0mInside temp1 parsing.
[91m [1776449403.31861] Client: [0m---before writing in log upd_msg->seq_no= 107
[91m [1776449403.31866] Client: [0m---before writing in log upd_msg->type= 4
[91m [1776449403.31871] Client: [0m---before writing in log upd_msg->frag_no= 0
[91m [1776449403.31876] Client: [0m---before writing in log upd_msg->reliable= 1
[91m [1776449403.31881] Client: [0m---before writing in log upd_msg->data.sensor_type= 1
[91m [1776449403.31886] Client: [0m---before writing in log upd_msg->data.sid= temp_1
[91m [1776449403.31891] Client: [0m---after writing in log upd_msg->seq_no = 107
[91m [1776449403.31896] Client: [0m---after writing in log upd_msg->data.sensor_type = 1
[91m [1776449403.31901] Client: [0m---after writing in log upd_msg->reliable = 1
[91m [1776449403.779754] BSON Message: [0mInside sensor type parsing.
[91m [1776449403.779766] BSON Message: [0mInside sensor type parsing end.
[91m [1776449403.779771] BSON Message: [0mInside sid parsing
[91m [1776449403.779777] Client: [0m---before writing in log upd_msg->seq_no= 45
[91m [1776449403.779782] Client: [0m---before writing in log upd_msg->type= 4
[91m [1776449403.779786] Client: [0m---before writing in log upd_msg->frag_no= 0
[91m [1776449403.779790] Client: [0m---before writing in log upd_msg->reliable= 1
[91m [1776449403.779795] Client: [0m---before writing in log upd_msg->data.sensor_type= 2
[91m [1776449403.779800] Client: [0m---before writing in log upd_msg->data.sid= device_0
[91m [1776449403.779807] Client: [0m---after writing in log upd_msg->seq_no = 45
[91m [1776449403.779813] Client: [0m---after writing in log upd_msg->data.sensor_type = 2
[91m [1776449403.779818] Client: [0m---after writing in log upd_msg->reliable = 1
[91m [1776449404.32200] BSON Message: [0mInside sensor type parsing.
[91m [1776449404.32210] BSON Message: [0mInside sensor type parsing end.
[91m [1776449404.32216] BSON Message: [0mInside sid parsing
[91m [1776449404.32221] BSON Message: [0mInside temp1 parsing.
-------- 1
Got a message from the server.
Message type is 4
---------Update message arrived------------ 1
Got a message from the server.
Message type is 4
---------Update message arrived------------ 1
Got a message from the server.
Message type is 4
---------Update message arrived------------ 1
Got a message from the server.
Message type is 4
---------Update message arrived------------ 1
Got a message from the server.
Message type is 4
---------Update message arrived------------ 1
Got a message from the server.
Message type is 4
---------Update message arrived------------ 1
Got a message from the server.
Message type is 4
---------Update message arrived------------ 1
Got a message from the server.
Message type is 4
---------Update message arrived------------ 1
Got a message from the server.
Message type is 4
---------Update message arrived------------ 1
Got a message from the server.
Message type is 4
---------Update message arrived------------ 1
Got a message from the server.
Message type is 4
---------Update message arrived------------ 1
Got a message from the server.
Message type is 4
---------Update message arrived------------ 1
Got a message from the server.
Message type is 4
---------Update message arrived------------ 1
Got a message from the server.
Message type is 4
---------Update message arrived------------ 1
Got a message from the server.
Message type is 4
---------Update message arrived------------ 1
Got a message from the server.
Message type is 4
---------Update message arrived------------ 1
Got a message from the server.
Message type is 4
---------Update message arrived------------ 1
Got a message from the server.
Message type is 4
---------Update message arrived------------ 1
Got a message from the server.
Message type is 4
---------Update message arrived------------ 1
Got a message from the server.
Message type is 4
---------Update message arrived------------ 1
Got a message from the server.
Message type is 4
---------Update message arrived------------ 1
Got a message from the server.
Message type is 4
---------Update message arrived------------ 1
Got a message from the server.
Message type is 4
---------Update message arrived------------ 1
Got a message from the server.
Message type is 4
---------Update message arrived------------ 1
Got a message from the server.
Message type is 4
---------Update message arrived------------ 1
Got a message from the server.
Message type is 4
---------Update message arrived------------ 1
Got a message from the server.
Message type is 4
---------Update message arrived------------ 1
Got a message from the server.
Message type is 4
---------Update message arrived------------ 1
Got a message from the server.
Message type is 4
---------Update message arrived------------ 1
Got a message from the server.
Message type is 4
---------Update message arrived------------ 1
Got a message from the server.
Message type is 4
---------Update message arrived------------ 1
Got a message from the server.
Message type is 4
---------Update message arrived------------ 1
Got a message from the server.
Message type is 4
---------Update message arrived------------ 1
Got a message from the server.
Message type is 4
---------Update message arrived------------ 1
Got a message from the server.
Message type is 4
---------Update message arrived------------ 1
Got a message from the server.
Message type is 4
---------Update message arrived------------ 1
Got a message from the server.
Message type is 4
---------Update message arrived------------ 1
Got a message from the server.
Message type is 4
---------Update message arrived------------ 1
Got a message from the server.
Message type is 4
---------Update message arrived------------ 1
Got a message from the server.
Message type is 4
---------Update message arrived------------ 1
Got a message from the server.
Message type is 4
---------Update message arrived------------ 1
Got a message from the server.
Message type is 4
---------Update message arrived------------ 1
Got a message from the server.
Message type is 4
---------Update message arrived------------ 1
[91m [1776449404.32233] Client: [0m---before writing in log upd_msg->seq_no= 108
[91m [1776449404.32238] Client: [0m---before writing in log upd_msg->type= 4
[91m [1776449404.32242] Client: [0m---before writing in log upd_msg->frag_no= 0
[91m [1776449404.32246] Client: [0m---before writing in log upd_msg->reliable= 1
[91m [1776449404.32251] Client: [0m---before writing in log upd_msg->data.sensor_type= 1
[91m [1776449404.32256] Client: [0m---before writing in log upd_msg->data.sid= temp_1
[91m [1776449404.32261] Client: [0m---after writing in log upd_msg->seq_no = 108
[91m [1776449404.32266] Client: [0m---after writing in log upd_msg->data.sensor_type = 1
[91m [1776449404.32272] Client: [0m---after writing in log upd_msg->reliable = 1
[91m [1776449405.32911] BSON Message: [0mInside sensor type parsing.
[91m [1776449405.32933] BSON Message: [0mInside sensor type parsing end.
[91m [1776449405.32939] BSON Message: [0mInside sid parsing
[91m [1776449405.32944] BSON Message: [0mInside temp1 parsing.
[91m [1776449405.32949] Client: [0m---before writing in log upd_msg->seq_no= 109
[91m [1776449405.32955] Client: [0m---before writing in log upd_msg->type= 4
[91m [1776449405.32959] Client: [0m---before writing in log upd_msg->frag_no= 0
[91m [1776449405.32964] Client: [0m---before writing in log upd_msg->reliable= 1
[91m [1776449405.32969] Client: [0m---before writing in log upd_msg->data.sensor_type= 1
[91m [1776449405.32974] Client: [0m---before writing in log upd_msg->data.sid= temp_1
[91m [1776449405.32979] Client: [0m---after writing in log upd_msg->seq_no = 109
[91m [1776449405.32984] Client: [0m---after writing in log upd_msg->data.sensor_type = 1
[91m [1776449405.32989] Client: [0m---after writing in log upd_msg->reliable = 1
[91m [1776449405.558560] BSON Message: [0mInside sensor type parsing.
[91m [1776449405.558572] BSON Message: [0mInside sensor type parsing end.
[91m [1776449405.558579] BSON Message: [0mInside sid parsing
[91m [1776449405.558586] Client: [0m---before writing in log upd_msg->seq_no= 46
[91m [1776449405.558592] Client: [0m---before writing in log upd_msg->type= 4
[91m [1776449405.558598] Client: [0m---before writing in log upd_msg->frag_no= 0
[91m [1776449405.558604] Client: [0m---before writing in log upd_msg->reliable= 1
[91m [1776449405.558609] Client: [0m---before writing in log upd_msg->data.sensor_type= 2
[91m [1776449405.558616] Client: [0m---before writing in log upd_msg->data.sid= device_0
[91m [1776449405.558623] Client: [0m---after writing in log upd_msg->seq_no = 46
[91m [1776449405.558629] Client: [0m---after writing in log upd_msg->data.sensor_type = 2
[91m [1776449405.558636] Client: [0m---after writing in log upd_msg->reliable = 1
[91m [1776449406.32905] BSON Message: [0mInside sensor type parsing.
[91m [1776449406.32933] BSON Message: [0mInside sensor type parsing end.
[91m [1776449406.32937] BSON Message: [0mInside sid parsing
[91m [1776449406.32941] BSON Message: [0mInside temp1 parsing.
[91m [1776449406.32947] Client: [0m---before writing in log upd_msg->seq_no= 110
[91m [1776449406.32952] Client: [0m---before writing in log upd_msg->type= 4
[91m [1776449406.32957] Client: [0m---before writing in log upd_msg->frag_no= 0
[91m [1776449406.32961] Client: [0m---before writing in log upd_msg->reliable= 0
[91m [1776449406.32966] Client: [0m---before writing in log upd_msg->data.sensor_type= 1
[91m [1776449406.32971] Client: [0m---before writing in log upd_msg->data.sid= temp_1
[91m [1776449406.32977] Client: [0m---after writing in log upd_msg->seq_no = 110
[91m [1776449406.32982] Client: [0m---after writing in log upd_msg->data.sensor_type = 1
[91m [1776449406.32986] Client: [0m---after writing in log upd_msg->reliable = 0
[91m [1776449406.55941] BSON Message: [0mInside sensor type parsing.
[91m [1776449406.55954] BSON Message: [0mInside sensor type parsing end.
[91m [1776449406.55959] BSON Message: [0mInside sid parsing
[91m [1776449406.55965] Client: [0m---before writing in log upd_msg->seq_no= 47
[91m [1776449406.55970] Client: [0m---before writing in log upd_msg->type= 4
[91m [1776449406.55974] Client: [0m---before writing in log upd_msg->frag_no= 0
[91m [1776449406.55978] Client: [0m---before writing in log upd_msg->reliable= 1
[91m [1776449406.55983] Client: [0m---before writing in log upd_msg->data.sensor_type= 2
[91m [1776449406.55987] Client: [0m---before writing in log upd_msg->data.sid= device_0
[91m [1776449406.55992] Client: [0m---after writing in log upd_msg->seq_no = 47
[91m [1776449406.55996] Client: [0m---after writing in log upd_msg->data.sensor_type = 2
[91m [1776449406.56001] Client: [0m---after writing in log upd_msg->reliable = 1
[91m [1776449407.32997] BSON Message: [0mInside sensor type parsing.
[91m [1776449407.33010] BSON Message: [0mInside sensor type parsing end.
[91m [1776449407.33015] BSON Message: [0mInside sid parsing
[91m [1776449407.33020] BSON Message: [0mInside temp1 parsing.
[91m [1776449407.33026] Client: [0m---before writing in log upd_msg->seq_no= 111
[91m [1776449407.33031] Client: [0m---before writing in log upd_msg->type= 4
[91m [1776449407.33035] Client: [0m---before writing in log upd_msg->frag_no= 0
[91m [1776449407.33040] Client: [0m---before writing in log upd_msg->reliable= 1
[91m [1776449407.33044] Client: [0m---before writing in log upd_msg->data.sensor_type= 1
[91m [1776449407.33048] Client: [0m---before writing in log upd_msg->data.sid= temp_1
[91m [1776449407.33054] Client: [0m---after writing in log upd_msg->seq_no = 111
[91m [1776449407.33058] Client: [0m---after writing in log upd_msg->data.sensor_type = 1
[91m [1776449407.33063] Client: [0m---after writing in log upd_msg->reliable = 1
[91m [1776449407.759982] BSON Message: [0mInside sensor type parsing.
[91m [1776449407.759996] BSON Message: [0mInside sensor type parsing end.
[91m [1776449407.760004] BSON Message: [0mInside sid parsing
[91m [1776449407.760012] Client: [0m---before writing in log upd_msg->seq_no= 48
[91m [1776449407.760019] Client: [0m---before writing in log upd_msg->type= 4
[91m [1776449407.760026] Client: [0m---before writing in log upd_msg->frag_no= 0
[91m [1776449407.760033] Client: [0m---before writing in log upd_msg->reliable= 1
[91m [1776449407.760040] Client: [0m---before writing in log upd_msg->data.sensor_type= 2
[91m [1776449407.760046] Client: [0m---before writing in log upd_msg->data.sid= device_0
[91m [1776449407.760053] Client: [0m---after writing in log upd_msg->seq_no = 48
[91m [1776449407.760059] Client: [0m---after writing in log upd_msg->data.sensor_type = 2
[91m [1776449407.760066] Client: [0m---after writing in log upd_msg->reliable = 1
[91m [1776449408.33150] BSON Message: [0mInside sensor type parsing.
[91m [1776449408.33158] BSON Message: [0mInside sensor type parsing end.
[91m [1776449408.33162] BSON Message: [0mInside sid parsing
[91m [1776449408.33167] BSON Message: [0mInside temp1 parsing.
[91m [1776449408.33172] Client: [0m---before writing in log upd_msg->seq_no= 112
[91m [1776449408.33175] Client: [0m---before writing in log upd_msg->type= 4
[91m [1776449408.33179] Client: [0m---before writing in log upd_msg->frag_no= 0
[91m [1776449408.33184] Client: [0m---before writing in log upd_msg->reliable= 1
[91m [1776449408.33188] Client: [0m---before writing in log upd_msg->data.sensor_type= 1
[91m [1776449408.33193] Client: [0m---before writing in log upd_msg->data.sid= temp_1
[91m [1776449408.33198] Client: [0m---after writing in log upd_msg->seq_no = 112
[91m [1776449408.33202] Client: [0m---after writing in log upd_msg->data.sensor_type = 1
[91m [1776449408.33206] Client: [0m---after writing in log upd_msg->reliable = 1
[91m [1776449409.33726] BSON Message: [0mInside sensor type parsing.
[91m [1776449409.33743] BSON Message: [0mInside sensor type parsing end.
[91m [1776449409.33749] BSON Message: [0mInside sid parsing
[91m [1776449409.33756] BSON Message: [0mInside temp1 parsing.
[91m [1776449409.33763] Client: [0m---before writing in log upd_msg->seq_no= 113
[91m [1776449409.33769] Client: [0m---before writing in log upd_msg->type= 4
[91m [1776449409.33777] Client: [0m---before writing in log upd_msg->frag_no= 0
[91m [1776449409.33782] Client: [0m---before writing in log upd_msg->reliable= 1
[91m [1776449409.33787] Client: [0m---before writing in log upd_msg->data.sensor_type= 1
[91m [1776449409.33792] Client: [0m---before writing in log upd_msg->data.sid= temp_1
[91m [1776449409.33798] Client: [0m---after writing in log upd_msg->seq_no = 113
[91m [1776449409.33803] Client: [0m---after writing in log upd_msg->data.sensor_type = 1
[91m [1776449409.33808] Client: [0m---after writing in log upd_msg->reliable = 1
[91m [1776449409.139730] BSON Message: [0mInside sensor type parsing.
[91m [1776449409.139739] BSON Message: [0mInside sensor type parsing end.
[91m [1776449409.139744] BSON Message: [0mInside sid parsing
[91m [1776449409.139748] BSON Message: [0mInside gps1 parsing.
[91m [1776449409.139753] Client: [0m---before writing in log upd_msg->seq_no= 13
[91m [1776449409.139757] Client: [0m---before writing in log upd_msg->type= 4
[91m [1776449409.139760] Client: [0m---before writing in log upd_msg->frag_no= 0
[91m [1776449409.139764] Client: [0m---before writing in log upd_msg->reliable= 1
[91m [1776449409.139768] Client: [0m---before writing in log upd_msg->data.sensor_type= 3
[91m [1776449409.139772] Client: [0m---before writing in log upd_msg->data.sid= gps_2
[91m [1776449409.139778] Client: [0m---after writing in log upd_msg->seq_no = 13
[91m [1776449409.139782] Client: [0m---after writing in log upd_msg->data.sensor_type = 3
[91m [1776449409.139786] Client: [0m---after writing in log upd_msg->reliable = 1
[91m [1776449410.33927] BSON Message: [0mInside sensor type parsing.
[91m [1776449410.33937] BSON Message: [0mInside sensor type parsing end.
[91m [1776449410.33942] BSON Message: [0mInside sid parsing
[91m [1776449410.33947] BSON Message: [0mInside temp1 parsing.
[91m [1776449410.33953] Client: [0m---before writing in log upd_msg->seq_no= 114
[91m [1776449410.33959] Client: [0m---before writing in log upd_msg->type= 4
[91m [1776449410.33965] Client: [0m---before writing in log upd_msg->frag_no= 0
[91m [1776449410.33971] Client: [0m---before writing in log upd_msg->reliable= 1
[91m [1776449410.33976] Client: [0m---before writing in log upd_msg->data.sensor_type= 1
[91m [1776449410.33981] Client: [0m---before writing in log upd_msg->data.sid= temp_1
[91m [1776449410.33986] Client: [0m---after writing in log upd_msg->seq_no = 114
[91m [1776449410.33991] Client: [0m---after writing in log upd_msg->data.sensor_type = 1
[91m [1776449410.33996] Client: [0m---after writing in log upd_msg->reliable = 1
[91m [1776449411.33981] BSON Message: [0mInside sensor type parsing.
[91m [1776449411.33990] BSON Message: [0mInside sensor type parsing end.
[91m [1776449411.33995] BSON Message: [0mInside sid parsing
[91m [1776449411.33999] BSON Message: [0mInside temp1 parsing.
[91m [1776449411.34005] Client: [0m---before writing in log upd_msg->seq_no= 115
[91m [1776449411.34009] Client: [0m---before writing in log upd_msg->type= 4
[91m [1776449411.34013] Client: [0m---before writing in log upd_msg->frag_no= 0
[91m [1776449411.34017] Client: [0m---before writing in log upd_msg->reliable= 1
[91m [1776449411.34020] Client: [0m---before writing in log upd_msg->data.sensor_type= 1
[91m [1776449411.34025] Client: [0m---before writing in log upd_msg->data.sid= temp_1
[91m [1776449411.34029] Client: [0m---after writing in log upd_msg->seq_no = 115
[91m [1776449411.34033] Client: [0m---after writing in log upd_msg->data.sensor_type = 1
[91m [1776449411.34037] Client: [0m---after writing in log upd_msg->reliable = 1
[91m [1776449411.644884] BSON Message: [0mInside sensor type parsing.
[91m [1776449411.644894] BSON Message: [0mInside sensor type parsing end.
[91m [1776449411.644900] BSON Message: [0mInside sid parsing
[91m [1776449411.644954] Client: [0m---before writing in log upd_msg->seq_no= 49
[91m [1776449411.644961] Client: [0m---before writing in log upd_msg->type= 4
[91m [1776449411.644979] Client: [0m---before writing in log upd_msg->frag_no= 0
[91m [1776449411.644985] Client: [0m---before writing in log upd_msg->reliable= 1
[91m [1776449411.644991] Client: [0m---before writing in log upd_msg->data.sensor_type= 2
[91m [1776449411.644997] Client: [0m---before writing in log upd_msg->data.sid= device_0
[91m [1776449411.645005] Client: [0m---after writing in log upd_msg->seq_no = 49
[91m [1776449411.645011] Client: [0m---after writing in log upd_msg->data.sensor_type = 2
[91m [1776449411.645017] Client: [0m---after writing in log upd_msg->reliable = 1
[91m [1776449412.34873] BSON Message: [0mInside sensor type parsing.
[91m [1776449412.34891] BSON Message: [0mInside sensor type parsing end.
[91m [1776449412.34901] BSON Message: [0mInside sid parsing
[91m [1776449412.34911] BSON Message: [0mInside temp1 parsing.
[91m [1776449412.34936] Client: [0m---before writing in log upd_msg->seq_no= 116
[91m [1776449412.34947] Client: [0m---before writing in log upd_msg->type= 4
[91m [1776449412.34956] Client: [0m---before writing in log upd_msg->frag_no= 0
[91m [1776449412.34964] Client: [0m---before writing in log upd_msg->reliable= 1
[91m [1776449412.34974] Client: [0m---before writing in log upd_msg->data.sensor_type= 1
[91m [1776449412.34983] Client: [0m---before writing in log upd_msg->data.sid= temp_1
[91m [1776449412.34993] Client: [0m---after writing in log upd_msg->seq_no = 116
[91m [1776449412.35002] Client: [0m---after writing in log upd_msg->data.sensor_type = 1
[91m [1776449412.35011] Client: [0m---after writing in log upd_msg->reliable = 1
[91m [1776449413.34850] BSON Message: [0mInside sensor type parsing.
[91m [1776449413.34859] BSON Message: [0mInside sensor type parsing end.
[91m [1776449413.34863] BSON Message: [0mInside sid parsing
[91m [1776449413.34867] BSON Message: [0mInside temp1 parsing.
[91m [1776449413.34872] Client: [0m---before writing in log upd_msg->seq_no= 117
[91m [1776449413.34876] Client: [0m---before writing in log upd_msg->type= 4
[91m [1776449413.34879] Client: [0m---before writing in log upd_msg->frag_no= 0
[91m [1776449413.34883] Client: [0m---before writing in log upd_msg->reliable= 1
[91m [1776449413.34887] Client: [0m---before writing in log upd_msg->data.sensor_type= 1
[91m [1776449413.34890] Client: [0m---before writing in log upd_msg->data.sid= temp_1
[91m [1776449413.34895] Client: [0m---after writing in log upd_msg->seq_no = 117
[91m [1776449413.34898] Client: [0m---after writing in log upd_msg->data.sensor_type = 1
[91m [1776449413.34902] Client: [0m---after writing in log upd_msg->reliable = 1
[91m [1776449414.34889] BSON Message: [0mInside sensor type parsing.
[91m [1776449414.34897] BSON Message: [0mInside sensor type parsing end.
[91m [1776449414.34901] BSON Message: [0mInside sid parsing
[91m [1776449414.34905] BSON Message: [0mInside temp1 parsing.
[91m [1776449414.34910] Client: [0m---before writing in log upd_msg->seq_no= 118
[91m [1776449414.34921] Client: [0m---before writing in log upd_msg->type= 4
[91m [1776449414.34927] Client: [0m---before writing in log upd_msg->frag_no= 0
[91m [1776449414.34931] Client: [0m---before writing in log upd_msg->reliable= 1
[91m [1776449414.34936] Client: [0m---before writing in log upd_msg->data.sensor_type= 1
[91m [1776449414.34940] Client: [0m---before writing in log upd_msg->data.sid= temp_1
[91m [1776449414.34945] Client: [0m---after writing in log upd_msg->seq_no = 118
[91m [1776449414.34949] Client: [0m---after writing in log upd_msg->data.sensor_type = 1
[91m [1776449414.34953] Client: [0m---after writing in log upd_msg->reliable = 1
[91m [1776449414.698870] BSON Message: [0mInside sensor type parsing.
[91m [1776449414.698881] BSON Message: [0mInside sensor type parsing end.
[91m [1776449414.698886] BSON Message: [0mInside sid parsing
[91m [1776449414.698891] Client: [0m---before writing in log upd_msg->seq_no= 50
[91m [1776449414.698895] Client: [0m---before writing in log upd_msg->type= 4
[91m [1776449414.698898] Client: [0m---before writing in log upd_msg->frag_no= 0
[91m [1776449414.698902] Client: [0m---before writing in log upd_msg->reliable= 1
[91m [1776449414.698906] Client: [0m---before writing in log upd_msg->data.sensor_type= 2
[91m [1776449414.698910] Client: [0m---before writing in log upd_msg->data.sid= device_0
[91m [1776449414.698914] Client: [0m---after writing in log upd_msg->seq_no = 50
[91m [1776449414.698930] Client: [0m---after writing in log upd_msg->data.sensor_type = 2
[91m [1776449414.698934] Client: [0m---after writing in log upd_msg->reliable = 1
[91m [1776449415.35435] BSON Message: [0mInside sensor type parsing.
[91m [1776449415.35452] BSON Message: [0mInside sensor type parsing end.
[91m [1776449415.35456] BSON Message: [0mInside sid parsing
[91m [1776449415.35463] BSON Message: [0mInside temp1 parsing.
[91m [1776449415.35470] Client: [0m---before writing in log upd_msg->seq_no= 119
[91m [1776449415.35476] Client: [0m---before writing in log upd_msg->type= 4
[91m [1776449415.35479] Client: [0m---before writing in log upd_msg->frag_no= 0
[91m [1776449415.35483] Client: [0m---before writing in log upd_msg->reliable= 1
[91m [1776449415.35487] Client: [0m---before writing in log upd_msg->data.sensor_type= 1
[91m [1776449415.35490] Client: [0m---before writing in log upd_msg->data.sid= temp_1
[91m [1776449415.35495] Client: [0m---after writing in log upd_msg->seq_no = 119
[91m [1776449415.35498] Client: [0m---after writing in log upd_msg->data.sensor_type = 1
[91m [1776449415.35503] Client: [0m---after writing in log upd_msg->reliable = 1
[91m [1776449415.219166] BSON Message: [0mInside sensor type parsing.
[91m [1776449415.219181] BSON Message: [0mInside sensor type parsing end.
[91m [1776449415.219187] BSON Message: [0mInside sid parsing
[91m [1776449415.219193] Client: [0m---before writing in log upd_msg->seq_no= 51
[91m [1776449415.219198] Client: [0m---before writing in log upd_msg->type= 4
[91m [1776449415.219203] Client: [0m---before writing in log upd_msg->frag_no= 0
[91m [1776449415.219208] Client: [0m---before writing in log upd_msg->reliable= 1
[91m [1776449415.219213] Client: [0m---before writing in log upd_msg->data.sensor_type= 2
[91m [1776449415.219217] Client: [0m---before writing in log upd_msg->data.sid= device_0
[91m [1776449415.219223] Client: [0m---after writing in log upd_msg->seq_no = 51
[91m [1776449415.219227] Client: [0m---after writing in log upd_msg->data.sensor_type = 2
[91m [1776449415.219233] Client: [0m---after writing in log upd_msg->reliable = 1
[91m [1776449416.35665] BSON Message: [0mInside sensor type parsing.
[91m [1776449416.35674] BSON Message: [0mInside sensor type parsing end.
[91m [1776449416.35679] BSON Message: [0mInside sid parsing
[91m [1776449416.35684] BSON Message: [0mInside temp1 parsing.
[91m [1776449416.35690] Client: [0m---before writing in log upd_msg->seq_no= 120
[91m [1776449416.35695] Client: [0m---before writing in log upd_msg->type= 4
[91m [1776449416.35699] Client: [0m---before writing in log upd_msg->frag_no= 0
[91m [1776449416.35704] Client: [0m---before writing in log upd_msg->reliable= 1
[91m [1776449416.35708] Client: [0m---before writing in log upd_msg->data.sensor_type= 1
[91m [1776449416.35712] Client: [0m---before writing in log upd_msg->data.sid= temp_1
[91m [1776449416.35718] Client: [0m---after writing in log upd_msg->seq_no = 120
[91m [1776449416.35724] Client: [0m---after writing in log upd_msg->data.sensor_type = 1
[91m [1776449416.35729] Client: [0m---after writing in log upd_msg->reliable = 1
[91m [1776449416.438401] BSON Message: [0mInside sensor type parsing.
[91m [1776449416.438413] BSON Message: [0mInside sensor type parsing end.
[91m [1776449416.438418] BSON Message: [0mInside sid parsing
[91m [1776449416.438424] Client: [0m---before writing in log upd_msg->seq_no= 52
[91m [1776449416.438428] Client: [0m---before writing in log upd_msg->type= 4
[91m [1776449416.438435] Client: [0m---before writing in log upd_msg->frag_no= 0
[91m [1776449416.438440] Client: [0m---before writing in log upd_msg->reliable= 1
[91m [1776449416.438445] Client: [0m---before writing in log upd_msg->data.sensor_type= 2
[91m [1776449416.438450] Client: [0m---before writing in log upd_msg->data.sid= device_0
[91m [1776449416.438456] Client: [0m---after writing in log upd_msg->seq_no = 52
[91m [1776449416.438459] Client: [0m---after writing in log upd_msg->data.sensor_type = 2
[91m [1776449416.438463] Client: [0m---after writing in log upd_msg->reliable = 1
[91m [1776449416.843528] BSON Message: [0mInside sensor type parsing.
[91m [1776449416.843539] BSON Message: [0mInside sensor type parsing end.
[91m [1776449416.843544] BSON Message: [0mInside sid parsing
[91m [1776449416.843549] BSON Message: [0mInside gps1 parsing.
[91m [1776449416.843554] Client: [0m---before writing in log upd_msg->seq_no= 14
[91m [1776449416.843559] Client: [0m---before writing in log upd_msg->type= 4
[91m [1776449416.843563] Client: [0m---before writing in log upd_msg->frag_no= 0
[91m [1776449416.843568] Client: [0m---before writing in log upd_msg->reliable= 1
[91m [1776449416.843572] Client: [0m---before writing in log upd_msg->data.sensor_type= 3
[91m [1776449416.843577] Client: [0m---before writing in log upd_msg->data.sid= gps_2
[91m [1776449416.843584] Client: [0m---after writing in log upd_msg->seq_no = 14
[91m [1776449416.843588] Client: [0m---after writing in log upd_msg->data.sensor_type = 3
[91m [1776449416.843592] Client: [0m---after writing in log upd_msg->reliable = 1
[91m [1776449417.36353] BSON Message: [0mInside sensor type parsing.
[91m [1776449417.36370] BSON Message: [0mInside sensor type parsing end.
[91m [1776449417.36375] BSON Message: [0mInside sid parsing
[91m [1776449417.36380] BSON Message: [0mInside temp1 parsing.
[91m [1776449417.36385] Client: [0m---before writing in log upd_msg->seq_no= 121
[91m [1776449417.36390] Client: [0m---before writing in log upd_msg->type= 4
[91m [1776449417.36394] Client: [0m---before writing in log upd_msg->frag_no= 0
[91m [1776449417.36399] Client: [0m---before writing in log upd_msg->reliable= 1
[91m [1776449417.36404] Client: [0m---before writing in log upd_msg->data.sensor_type= 1
[91m [1776449417.36408] Client: [0m---before writing in log upd_msg->data.sid= temp_1
[91m [1776449417.36415] Client: [0m---after writing in log upd_msg->seq_no = 121
[91m [1776449417.36419] Client: [0m---after writing in log upd_msg->data.sensor_type = 1
[91m [1776449417.36424] Client: [0m---after writing in log upd_msg->reliable = 1
[91m [1776449418.36508] BSON Message: [0mInside sensor type parsing.
[91m [1776449418.36518] BSON Message: [0mInside sensor type parsing end.
[91m [1776449418.36524] BSON Message: [0mInside sid parsing
[91m [1776449418.36529] BSON Message: [0mInside temp1 parsing.
[91m [1776449418.36534] Client: [0m---before writing in log upd_msg->seq_no= 122
[91m [1776449418.36539] Client: [0m---before writing in log upd_msg->type= 4
[91m [1776449418.36543] Client: [0m---before writing in log upd_msg->frag_no= 0
[91m [1776449418.36547] Client: [0m---before writing in log upd_msg->reliable= 1
[91m [1776449418.36552] Client: [0m---before writing in log upd_msg->data.sensor_type= 1
[91m [1776449418.36558] Client: [0m---before writing in log upd_msg->data.sid= temp_1
[91m [1776449418.36564] Client: [0m---after writing in log upd_msg->seq_no = 122
[91m [1776449418.36570] Client: [0m---after writing in log upd_msg->data.sensor_type = 1
[91m [1776449418.36576] Client: [0m---after writing in log upd_msg->reliable = 1
[91m [1776449418.616840] BSON Message: [0mInside sensor type parsing.
[91m [1776449418.616853] BSON Message: [0mInside sensor type parsing end.
[91m [1776449418.616859] BSON Message: [0mInside sid parsing
[91m [1776449418.616866] Client: [0m---before writing in log upd_msg->seq_no= 53
[91m [1776449418.616871] Client: [0m---before writing in log upd_msg->type= 4
[91m [1776449418.616877] Client: [0m---before writing in log upd_msg->frag_no= 0
[91m [1776449418.616882] Client: [0m---before writing in log upd_msg->reliable= 1
[91m [1776449418.616887] Client: [0m---before writing in log upd_msg->data.sensor_type= 2
[91m [1776449418.616893] Client: [0m---before writing in log upd_msg->data.sid= device_0
[91m [1776449418.616900] Client: [0m---after writing in log upd_msg->seq_no = 53
[91m [1776449418.616905] Client: [0m---after writing in log upd_msg->data.sensor_type = 2
[91m [1776449418.616911] Client: [0m---after writing in log upd_msg->reliable = 1
[91m [1776449419.36595] BSON Message: [0mInside sensor type parsing.
[91m [1776449419.36604] BSON Message: [0mInside sensor type parsing end.
[91m [1776449419.36609] BSON Message: [0mInside sid parsing
[91m [1776449419.36613] BSON Message: [0mInside temp1 parsing.
[91m [1776449419.36619] Client: [0m---before writing in log upd_msg->seq_no= 123
[91m [1776449419.36624] Client: [0m---before writing in log upd_msg->type= 4
[91m [1776449419.36627] Client: [0m---before writing in log upd_msg->frag_no= 0
[91m [1776449419.36630] Client: [0m---before writing in log upd_msg->reliable= 1
[91m [1776449419.36633] Client: [0m---before writing in log upd_msg->data.sensor_type= 1
[91m [1776449419.36636] Client: [0m---before writing in log upd_msg->data.sid= temp_1
[91m [1776449419.36640] Client: [0m---after writing in log upd_msg->seq_no = 123
[91m [1776449419.36643] Client: [0m---after writing in log upd_msg->data.sensor_type = 1
[91m [1776449419.36647] Client: [0m---after writing in log upd_msg->reliable = 1
[91m [1776449420.36712] BSON Message: [0mInside sensor type parsing.
[91m [1776449420.36726] BSON Message: [0mInside sensor type parsing end.
[91m [1776449420.36731] BSON Message: [0mInside sid parsing
[91m [1776449420.36735] BSON Message: [0mInside temp1 parsing.
[91m [1776449420.36739] Client: [0m---before writing in log upd_msg->seq_no= 124
[91m [1776449420.36742] Client: [0m---before writing in log upd_msg->type= 4
[91m [1776449420.36745] Client: [0m---before writing in log upd_msg->frag_no= 0
[91m [1776449420.36748] Client: [0m---before writing in log upd_msg->reliable= 1
[91m [1776449420.36751] Client: [0m---before writing in log upd_msg->data.sensor_type= 1
[91m [1776449420.36755] Client: [0m---before writing in log upd_msg->data.sid= temp_1
[91m [1776449420.36760] Client: [0m---after writing in log upd_msg->seq_no = 124
[91m [1776449420.36764] Client: [0m---after writing in log upd_msg->data.sensor_type = 1
[91m [1776449420.36769] Client: [0m---after writing in log upd_msg->reliable = 1
[91m [1776449421.37332] BSON Message: [0mInside sensor type parsing.
[91m [1776449421.37343] BSON Message: [0mInside sensor type parsing end.
[91m [1776449421.37348] BSON Message: [0mInside sid parsing
[91m [1776449421.37354] BSON Message: [0mInside temp1 parsing.
[91m [1776449421.37360] Client: [0m---before writing in log upd_msg->seq_no= 125
[91m [1776449421.37365] Client: [0m---before writing in log upd_msg->type= 4
[91m [1776449421.37371] Client: [0m---before writing in log upd_msg->frag_no= 0
[91m [1776449421.37376] Client: [0m---before writing in log upd_msg->reliable= 1
[91m [1776449421.37382] Client: [0m---before writing in log upd_msg->data.sensor_type= 1
[91m [1776449421.37386] Client: [0m---before writing in log upd_msg->data.sid= temp_1
[91m [1776449421.37391] Client: [0m---after writing in log upd_msg->seq_no = 125
[91m [1776449421.37394] Client: [0m---after writing in log upd_msg->data.sensor_type = 1
[91m [1776449421.37398] Client: [0m---after writing in log upd_msg->reliable = 1
[91m [1776449422.37556] BSON Message: [0mInside sensor type parsing.
[91m [1776449422.37567] BSON Message: [0mInside sensor type parsing end.
[91m [1776449422.37572] BSON Message: [0mInside sid parsing
[91m [1776449422.37576] BSON Message: [0mInside temp1 parsing.
[91m [1776449422.37582] Client: [0m---before writing in log upd_msg->seq_no= 126
[91m [1776449422.37587] Client: [0m---before writing in log upd_msg->type= 4
[91m [1776449422.37591] Client: [0m---before writing in log upd_msg->frag_no= 0
[91m [1776449422.37595] Client: [0m---before writing in log upd_msg->reliable= 1
[91m [1776449422.37600] Client: [0m---before writing in log upd_msg->data.sensor_type= 1
[91m [1776449422.37604] Client: [0m---before writing in log upd_msg->data.sid= temp_1
[91m [1776449422.37610] Client: [0m---after writing in log upd_msg->seq_no = 126
[91m [1776449422.37614] Client: [0m---after writing in log upd_msg->data.sensor_type = 1
[91m [1776449422.37620] Client: [0m---after writing in log upd_msg->reliable = 1
[91m [1776449423.38401] BSON Message: [0mInside sensor type parsing.
[91m [1776449423.38414] BSON Message: [0mInside sensor type parsing end.
[91m [1776449423.38419] BSON Message: [0mInside sid parsing
[91m [1776449423.38425] BSON Message: [0mInside temp1 parsing.
[91m [1776449423.38430] Client: [0m---before writing in log upd_msg->seq_no= 127
[91m [1776449423.38435] Client: [0m---before writing in log upd_msg->type= 4
[91m [1776449423.38440] Client: [0m---before writing in log upd_msg->frag_no= 0
[91m [1776449423.38445] Client: [0m---before writing in log upd_msg->reliable= 1
[91m [1776449423.38449] Client: [0m---before writing in log upd_msg->data.sensor_type= 1
[91m [1776449423.38453] Client: [0m---before writing in log upd_msg->data.sid= temp_1
[91m [1776449423.38459] Client: [0m---after writing in log upd_msg->seq_no = 127
[91m [1776449423.38463] Client: [0m---after writing in log upd_msg->data.sensor_type = 1
[91m [1776449423.38466] Client: [0m---after writing in log upd_msg->reliable = 1
[91m [1776449423.514587] BSON Message: [0mInside sensor type parsing.
[91m [1776449423.514603] BSON Message: [0mInside sensor type parsing end.
[91m [1776449423.514607] BSON Message: [0mInside sid parsing
[91m [1776449423.514612] Client: [0m---before writing in log upd_msg->seq_no= 54
[91m [1776449423.514617] Client: [0m---before writing in log upd_msg->type= 4
[91m [1776449423.514622] Client: [0m---before writing in log upd_msg->frag_no= 0
[91m [1776449423.514626] Client: [0m---before writing in log upd_msg->reliable= 1
[91m [1776449423.514629] Client: [0m---before writing in log upd_msg->data.sensor_type= 2
[91m [1776449423.514632] Client: [0m---before writing in log upd_msg->data.sid= device_0
[91m [1776449423.514636] Client: [0m---after writing in log upd_msg->seq_no = 54
[91m [1776449423.514639] Client: [0m---after writing in log upd_msg->data.sensor_type = 2
[91m [1776449423.514642] Client: [0m---after writing in log upd_msg->reliable = 1
[91m [1776449424.38570] BSON Message: [0mInside sensor type parsing.
[91m [1776449424.38580] BSON Message: [0mInside sensor type parsing end.
[91m [1776449424.38585] BSON Message: [0mInside sid parsing
[91m [1776449424.38589] BSON Message: [0mInside temp1 parsing.
[91m [1776449424.38595] Client: [0m---before writing in log upd_msg->seq_no= 128
[91m [1776449424.38599] Client: [0m---before writing in log upd_msg->type= 4
[91m [1776449424.38602] Client: [0m---before writing in log upd_msg->frag_no= 0
[91m [1776449424.38606] Client: [0m---before writing in log upd_msg->reliable= 1
[91m [1776449424.38611] Client: [0m---before writing in log upd_msg->data.sensor_type= 1
[91m [1776449424.38615] Client: [0m---before writing in log upd_msg->data.sid= temp_1
[91m [1776449424.38620] Client: [0m---after writing in log upd_msg->seq_no = 128
[91m [1776449424.38623] Client: [0m---after writing in log upd_msg->data.sensor_type = 1
[91m [1776449424.38627] Client: [0m---after writing in log upd_msg->reliable = 1
[91m [1776449424.837845] BSON Message: [0mInside sensor type parsing.
[91m [1776449424.837855] BSON Message: [0mInside sensor type parsing end.
[91m [1776449424.837860] BSON Message: [0mInside sid parsing
[91m [1776449424.837865] Client: [0m---before writing in log upd_msg->seq_no= 55
[91m [1776449424.837870] Client: [0m---before writing in log upd_msg->type= 4
[91m [1776449424.837874] Client: [0m---before writing in log upd_msg->frag_no= 0
[91m [1776449424.837878] Client: [0m---before writing in log upd_msg->reliable= 1
[91m [1776449424.837882] Client: [0m---before writing in log upd_msg->data.sensor_type= 2
[91m [1776449424.837887] Client: [0m---before writing in log upd_msg->data.sid= device_0
[91m [1776449424.837891] Client: [0m---after writing in log upd_msg->seq_no = 55
[91m [1776449424.837896] Client: [0m---after writing in log upd_msg->data.sensor_type = 2
[91m [1776449424.837900] Client: [0m---after writing in log upd_msg->reliable = 1
[91m [1776449425.38304] BSON Message: [0mInside sensor type parsing.
[91m [1776449425.38317] BSON Message: [0mInside sensor type parsing end.
[91m [1776449425.38322] BSON Message: [0mInside sid parsing
[91m [1776449425.38326] BSON Message: [0mInside temp1 parsing.
[91m [1776449425.38332] Client: [0m---before writing in log upd_msg->seq_no= 129
[91m [1776449425.38337] Client: [0m---before writing in log upd_msg->type= 4
[91m [1776449425.38342] Client: [0m---before writing in log upd_msg->frag_no= 0
[91m [1776449425.38346] Client: [0m---before writing in log upd_msg->reliable= 1
[91m [1776449425.38351] Client: [0m---before writing in log upd_msg->data.sensor_type= 1
[91m [1776449425.38355] Client: [0m---before writing in log upd_msg->data.sid= temp_1
[91m [1776449425.38361] Client: [0m---after writing in log upd_msg->seq_no = 129
[91m [1776449425.38365] Client: [0m---after writing in log upd_msg->data.sensor_type = 1
[91m [1776449425.38369] Client: [0m---after writing in log upd_msg->reliable = 1
[91m [1776449426.38716] BSON Message: [0mInside sensor type parsing.
[91m [1776449426.38730] BSON Message: [0mInside sensor type parsing end.
[91m [1776449426.38735] BSON Message: [0mInside sid parsing
[91m [1776449426.38740] BSON Message: [0mInside temp1 parsing.
[91m [1776449426.38745] Client: [0m---before writing in log upd_msg->seq_no= 130
[91m [1776449426.38748] Client: [0m---before writing in log upd_msg->type= 4
[91m [1776449426.38751] Client: [0m---before writing in log upd_msg->frag_no= 0
[91m [1776449426.38754] Client: [0m---before writing in log upd_msg->reliable= 1
[91m [1776449426.38757] Client: [0m---before writing in log upd_msg->data.sensor_type= 1
[91m [1776449426.38760] Client: [0m---before writing in log upd_msg->data.sid= temp_1
[91m [1776449426.38764] Client: [0m---after writing in log upd_msg->seq_no = 130
[91m [1776449426.38768] Client: [0m---after writing in log upd_msg->data.sensor_type = 1
[91m [1776449426.38771] Client: [0m---after writing in log upd_msg->reliable = 1
[91m [1776449427.39086] BSON Message: [0mInside sensor type parsing.
[91m [1776449427.39099] BSON Message: [0mInside sensor type parsing end.
[91m [1776449427.39104] BSON Message: [0mInside sid parsing
[91m [1776449427.39109] BSON Message: [0mInside temp1 parsing.
[91m [1776449427.39115] Client: [0m---before writing in log upd_msg->seq_no= 131
[91m [1776449427.39120] Client: [0m---before writing in log upd_msg->type= 4
[91m [1776449427.39125] Client: [0m---before writing in log upd_msg->frag_no= 0
[91m [1776449427.39129] Client: [0m---before writing in log upd_msg->reliable= 1
[91m [1776449427.39134] Client: [0m---before writing in log upd_msg->data.sensor_type= 1
[91m [1776449427.39139] Client: [0m---before writing in log upd_msg->data.sid= temp_1
[91m [1776449427.39145] Client: [0m---after writing in log upd_msg->seq_no = 131
[91m [1776449427.39150] Client: [0m---after writing in log upd_msg->data.sensor_type = 1
[91m [1776449427.39155] Client: [0m---after writing in log upd_msg->reliable = 1
[91m [1776449427.496086] BSON Message: [0mInside sensor type parsing.
[91m [1776449427.496098] BSON Message: [0mInside sensor type parsing end.
[91m [1776449427.496104] BSON Message: [0mInside sid parsing
[91m [1776449427.496111] Client: [0m---before writing in log upd_msg->seq_no= 56
[91m [1776449427.496117] Client: [0m---before writing in log upd_msg->type= 4
[91m [1776449427.496121] Client: [0m---before writing in log upd_msg->frag_no= 0
[91m [1776449427.496125] Client: [0m---before writing in log upd_msg->reliable= 1
[91m [1776449427.496128] Client: [0m---before writing in log upd_msg->data.sensor_type= 2
[91m [1776449427.496132] Client: [0m---before writing in log upd_msg->data.sid= device_0
[91m [1776449427.496136] Client: [0m---after writing in log upd_msg->seq_no = 56
[91m [1776449427.496140] Client: [0m---after writing in log upd_msg->data.sensor_type = 2
[91m [1776449427.496144] Client: [0m---after writing in log upd_msg->reliable = 1
[91m [1776449428.39652] BSON Message: [0mInside sensor type parsing.
[91m [1776449428.39661] BSON Message: [0mInside sensor type parsing end.
[91m [1776449428.39665] BSON Message: [0mInside sid parsing
[91m [1776449428.39669] BSON Message: [0mInside temp1 parsing.
[91m [1776449428.39674] Client: [0m---before writing in log upd_msg->seq_no= 132
[91m [1776449428.39678] Client: [0m---before writing in log upd_msg->type= 4
[91m [1776449428.39683] Client: [0m---before writing in log upd_msg->frag_no= 0
[91m [1776449428.39688] Client: [0m---before writing in log upd_msg->reliable= 1
[91m [1776449428.39691] Client: [0m---before writing in log upd_msg->data.sensor_type= 1
[91m [1776449428.39697] Client: [0m---before writing in log upd_msg->data.sid= temp_1
[91m [1776449428.39702] Client: [0m---after writing in log upd_msg->seq_no = 132
[91m [1776449428.39705] Client: [0m---after writing in log upd_msg->data.sensor_type = 1
[91m [1776449428.39709] Client: [0m---after writing in log upd_msg->reliable = 1
[91m [1776449429.40786] BSON Message: [0mInside sensor type parsing.
[91m [1776449429.40808] BSON Message: [0mInside sensor type parsing end.
[91m [1776449429.40813] BSON Message: [0mInside sid parsing
[91m [1776449429.40819] BSON Message: [0mInside temp1 parsing.
[91m [1776449429.40825] Client: [0m---before writing in log upd_msg->seq_no= 133
[91m [1776449429.40830] Client: [0m---before writing in log upd_msg->type= 4
[91m [1776449429.40835] Client: [0m---before writing in log upd_msg->frag_no= 0
[91m [1776449429.40839] Client: [0m---before writing in log upd_msg->reliable= 1
[91m [1776449429.40844] Client: [0m---before writing in log upd_msg->data.sensor_type= 1
[91m [1776449429.40849] Client: [0m---before writing in log upd_msg->data.sid= temp_1
[91m [1776449429.40855] Client: [0m---after writing in log upd_msg->seq_no = 133
[91m [1776449429.40860] Client: [0m---after writing in log upd_msg->data.sensor_type = 1
[91m [1776449429.40865] Client: [0m---after writing in log upd_msg->reliable = 1
[91m [1776449430.40302] BSON Message: [0mInside sensor type parsing.
[91m [1776449430.40321] BSON Message: [0mInside sensor type parsing end.
[91m [1776449430.40333] BSON Message: [0mInside sid parsing
[91m [1776449430.40339] BSON Message: [0mInside temp1 parsing.
[91m [1776449430.40346] Client: [0m---before writing in log upd_msg->seq_no= 134
[91m [1776449430.40357] Client: [0m---before writing in log upd_msg->type= 4
[91m [1776449430.40363] Client: [0m---before writing in log upd_msg->frag_no= 0
[91m [1776449430.40368] Client: [0m---before writing in log upd_msg->reliable= 1
[91m [1776449430.40379] Client: [0m---before writing in log upd_msg->data.sensor_type= 1
[91m [1776449430.40384] Client: [0m---before writing in log upd_msg->data.sid= temp_1
[91m [1776449430.40397] Client: [0m---after writing in log upd_msg->seq_no = 134
[91m [1776449430.40403] Client: [0m---after writing in log upd_msg->data.sensor_type = 1
[91m [1776449430.40408] Client: [0m---after writing in log upd_msg->reliable = 1
[91m [1776449430.86107] BSON Message: [0mInside sensor type parsing.
[91m [1776449430.86119] BSON Message: [0mInside sensor type parsing end.
[91m [1776449430.86123] BSON Message: [0mInside sid parsing
[91m [1776449430.86128] BSON Message: [0mInside gps1 parsing.
[91m [1776449430.86135] Client: [0m---before writing in log upd_msg->seq_no= 15
[91m [1776449430.86139] Client: [0m---before writing in log upd_msg->type= 4
[91m [1776449430.86144] Client: [0m---before writing in log upd_msg->frag_no= 0
[91m [1776449430.86148] Client: [0m---before writing in log upd_msg->reliable= 1
[91m [1776449430.86152] Client: [0m---before writing in log upd_msg->data.sensor_type= 3
[91m [1776449430.86157] Client: [0m---before writing in log upd_msg->data.sid= gps_2
[91m [1776449430.86164] Client: [0m---after writing in log upd_msg->seq_no = 15
[91m [1776449430.86169] Client: [0m---after writing in log upd_msg->data.sensor_type = 3
[91m [1776449430.86173] Client: [0m---after writing in log upd_msg->reliable = 1
[91m [1776449431.40487] BSON Message: [0mInside sensor type parsing.
[91m [1776449431.40499] BSON Message: [0mInside sensor type parsing end.
[91m [1776449431.40504] BSON Message: [0mInside sid parsing
[91m [1776449431.40510] BSON Message: [0mInside temp1 parsing.
[91m [1776449431.40516] Client: [0m---before writing in log upd_msg->seq_no= 135
[91m [1776449431.40521] Client: [0m---before writing in log upd_msg->type= 4
[91m [1776449431.40525] Client: [0m---before writing in log upd_msg->frag_no= 0
[91m [1776449431.40530] Client: [0m---before writing in log upd_msg->reliable= 1
[91m [1776449431.40534] Client: [0m---before writing in log upd_msg->data.sensor_type= 1
[91m [1776449431.40539] Client: [0m---before writing in log upd_msg->data.sid= temp_1
[91m [1776449431.40545] Client: [0m---after writing in log upd_msg->seq_no = 135
[91m [1776449431.40549] Client: [0m---after writing in log upd_msg->data.sensor_type = 1
[91m [1776449431.40554] Client: [0m---after writing in log upd_msg->reliable = 1
[91m [1776449432.40925] BSON Message: [0mInside sensor type parsing.
[91m [1776449432.40943] BSON Message: [0mInside sensor type parsing end.
[91m [1776449432.40948] BSON Message: [0mInside sid parsing
[91m [1776449432.40952] BSON Message: [0mInside temp1 parsing.
[91m [1776449432.40957] Client: [0m---before writing in log upd_msg->seq_no= 136
[91m [1776449432.40961] Client: [0m---before writing in log upd_msg->type= 4
[91m [1776449432.40965] Client: [0m---before writing in log upd_msg->frag_no= 0
[91m [1776449432.40969] Client: [0m---before writing in log upd_msg->reliable= 1
[91m [1776449432.40973] Client: [0m---before writing in log upd_msg->data.sensor_type= 1
[91m [1776449432.40977] Client: [0m---before writing in log upd_msg->data.sid= temp_1
[91m [1776449432.40982] Client: [0m---after writing in log upd_msg->seq_no = 136
[91m [1776449432.40986] Client: [0m---after writing in log upd_msg->data.sensor_type = 1
[91m [1776449432.40990] Client: [0m---after writing in log upd_msg->reliable = 1
[91m [1776449432.277984] BSON Message: [0mInside sensor type parsing.
[91m [1776449432.277996] BSON Message: [0mInside sensor type parsing end.
[91m [1776449432.278001] BSON Message: [0mInside sid parsing
Got a message from the server.
Message type is 4
---------Update message arrived------------ 1
Got a message from the server.
Message type is 4
---------Update message arrived------------ 1
Got a message from the server.
Message type is 4
---------Update message arrived------------ 1
Got a message from the server.
Message type is 4
---------Update message arrived------------ 1
Got a message from the server.
Message type is 4
---------Update message arrived------------ 1
Got a message from the server.
Message type is 4
---------Update message arrived------------ 1
Got a message from the server.
Message type is 4
---------Update message arrived------------ 1
Got a message from the server.
Message type is 4
---------Update message arrived------------ 1
Got a message from the server.
Message type is 4
---------Update message arrived------------ 1
Got a message from the server.
Message type is 4
---------Update message arrived------------ 1
Got a message from the server.
Message type is 4
---------Update message arrived------------ 1
Got a message from the server.
Message type is 4
---------Update message arrived------------ 1
Got a message from the server.
Message type is 4
---------Update message arrived------------ 1
Got a message from the server.
Message type is 4
---------Update message arrived------------ 1
Got a message from the server.
Message type is 4
---------Update message arrived------------ 1
Got a message from the server.
Message type is 4
---------Update message arrived------------ 1
Got a message from the server.
Message type is 4
---------Update message arrived------------ 1
Got a message from the server.
Message type is 4
---------Update message arrived------------ 1
Got a message from the server.
Message type is 4
---------Update message arrived------------ 1
Got a message from the server.
Message type is 4
---------Update message arrived------------ 1
Got a message from the server.
Message type is 4
---------Update message arrived------------ 1
Got a message from the server.
Message type is 4
---------Update message arrived------------ 1
Got a message from the server.
Message type is 4
---------Update message arrived------------ 1
Got a message from the server.
Message type is 4
---------Update message arrived------------ 1
Got a message from the server.
Message type is 4
---------Update message arrived------------ 1
Got a message from the server.
Message type is 4
---------Update message arrived------------ 1
Got a message from the server.
Message type is 4
---------Update message arrived------------ 1
Got a message from the server.
Message type is 4
---------Update message arrived------------ 1
Got a message from the server.
Message type is 4
---------Update message arrived------------ 1
Got a message from the server.
Message type is 4
---------Update message arrived------------ 1
Got a message from the server.
Message type is 4
---------Update message arrived------------ 1
Got a message from the server.
Message type is 4
---------Update message arrived------------ 1
Got a message from the server.
Message type is 4
---------Update message arrived------------ 1
Got a message from the server.
Message type is 4
---------Update message arrived------------ 1
Got a message from the server.
Message type is 4
---------Update message arrived------------ 1
Got a message from the server.
Message type is 4
---------Update message arrived------------ 1
Got a message from the server.
Message type is 4
---------Update message arrived------------ 1
Got a message from the server.
Message type is 4
---------Update message arrived------------ 1
Got a message from the server.
Message type is 4
---------Update message arrived------------ 1
Got a message from the server.
Message type is 4
---------Update message arrived------------ 1
Got a message from the server.
Message type is 4
---------Update message arrived------------ 1
Got a message from the server.
Message type is 4
---------Update message arrived------------ 1
Got a message from the server.
Message type is 4
---------Update message arrived------------ 1
Got a messa[91m [1776449432.278015] Client: [0m---before writing in log upd_msg->seq_no= 57
[91m [1776449432.278020] Client: [0m---before writing in log upd_msg->type= 4
[91m [1776449432.278024] Client: [0m---before writing in log upd_msg->frag_no= 0
[91m [1776449432.278028] Client: [0m---before writing in log upd_msg->reliable= 1
[91m [1776449432.278033] Client: [0m---before writing in log upd_msg->data.sensor_type= 2
[91m [1776449432.278037] Client: [0m---before writing in log upd_msg->data.sid= device_0
[91m [1776449432.278043] Client: [0m---after writing in log upd_msg->seq_no = 57
[91m [1776449432.278047] Client: [0m---after writing in log upd_msg->data.sensor_type = 2
[91m [1776449432.278051] Client: [0m---after writing in log upd_msg->reliable = 1
[91m [1776449433.40973] BSON Message: [0mInside sensor type parsing.
[91m [1776449433.41006] BSON Message: [0mInside sensor type parsing end.
[91m [1776449433.41013] BSON Message: [0mInside sid parsing
[91m [1776449433.41020] BSON Message: [0mInside temp1 parsing.
[91m [1776449433.41042] Client: [0m---before writing in log upd_msg->seq_no= 137
[91m [1776449433.41049] Client: [0m---before writing in log upd_msg->type= 4
[91m [1776449433.41054] Client: [0m---before writing in log upd_msg->frag_no= 0
[91m [1776449433.41059] Client: [0m---before writing in log upd_msg->reliable= 1
[91m [1776449433.41064] Client: [0m---before writing in log upd_msg->data.sensor_type= 1
[91m [1776449433.41069] Client: [0m---before writing in log upd_msg->data.sid= temp_1
[91m [1776449433.41076] Client: [0m---after writing in log upd_msg->seq_no = 137
[91m [1776449433.41081] Client: [0m---after writing in log upd_msg->data.sensor_type = 1
[91m [1776449433.41087] Client: [0m---after writing in log upd_msg->reliable = 1
[91m [1776449434.41501] BSON Message: [0mInside sensor type parsing.
[91m [1776449434.41514] BSON Message: [0mInside sensor type parsing end.
[91m [1776449434.41517] BSON Message: [0mInside sid parsing
[91m [1776449434.41522] BSON Message: [0mInside temp1 parsing.
[91m [1776449434.41527] Client: [0m---before writing in log upd_msg->seq_no= 138
[91m [1776449434.41532] Client: [0m---before writing in log upd_msg->type= 4
[91m [1776449434.41535] Client: [0m---before writing in log upd_msg->frag_no= 0
[91m [1776449434.41540] Client: [0m---before writing in log upd_msg->reliable= 1
[91m [1776449434.41544] Client: [0m---before writing in log upd_msg->data.sensor_type= 1
[91m [1776449434.41547] Client: [0m---before writing in log upd_msg->data.sid= temp_1
[91m [1776449434.41552] Client: [0m---after writing in log upd_msg->seq_no = 138
[91m [1776449434.41556] Client: [0m---after writing in log upd_msg->data.sensor_type = 1
[91m [1776449434.41560] Client: [0m---after writing in log upd_msg->reliable = 1
[91m [1776449435.41328] BSON Message: [0mInside sensor type parsing.
[91m [1776449435.41343] BSON Message: [0mInside sensor type parsing end.
[91m [1776449435.41347] BSON Message: [0mInside sid parsing
[91m [1776449435.41352] BSON Message: [0mInside temp1 parsing.
[91m [1776449435.41356] Client: [0m---before writing in log upd_msg->seq_no= 139
[91m [1776449435.41361] Client: [0m---before writing in log upd_msg->type= 4
[91m [1776449435.41366] Client: [0m---before writing in log upd_msg->frag_no= 0
[91m [1776449435.41370] Client: [0m---before writing in log upd_msg->reliable= 1
[91m [1776449435.41374] Client: [0m---before writing in log upd_msg->data.sensor_type= 1
[91m [1776449435.41377] Client: [0m---before writing in log upd_msg->data.sid= temp_1
[91m [1776449435.41381] Client: [0m---after writing in log upd_msg->seq_no = 139
[91m [1776449435.41384] Client: [0m---after writing in log upd_msg->data.sensor_type = 1
[91m [1776449435.41387] Client: [0m---after writing in log upd_msg->reliable = 1
[91m [1776449436.41892] BSON Message: [0mInside sensor type parsing.
[91m [1776449436.41906] BSON Message: [0mInside sensor type parsing end.
[91m [1776449436.41913] BSON Message: [0mInside sid parsing
[91m [1776449436.41934] BSON Message: [0mInside temp1 parsing.
[91m [1776449436.41943] Client: [0m---before writing in log upd_msg->seq_no= 140
[91m [1776449436.41951] Client: [0m---before writing in log upd_msg->type= 4
[91m [1776449436.41958] Client: [0m---before writing in log upd_msg->frag_no= 0
[91m [1776449436.41967] Client: [0m---before writing in log upd_msg->reliable= 1
[91m [1776449436.41975] Client: [0m---before writing in log upd_msg->data.sensor_type= 1
[91m [1776449436.41982] Client: [0m---before writing in log upd_msg->data.sid= temp_1
[91m [1776449436.41990] Client: [0m---after writing in log upd_msg->seq_no = 140
[91m [1776449436.41997] Client: [0m---after writing in log upd_msg->data.sensor_type = 1
[91m [1776449436.42003] Client: [0m---after writing in log upd_msg->reliable = 1
[91m [1776449437.43064] BSON Message: [0mInside sensor type parsing.
[91m [1776449437.43076] BSON Message: [0mInside sensor type parsing end.
[91m [1776449437.43080] BSON Message: [0mInside sid parsing
[91m [1776449437.43084] BSON Message: [0mInside temp1 parsing.
[91m [1776449437.43090] Client: [0m---before writing in log upd_msg->seq_no= 141
[91m [1776449437.43096] Client: [0m---before writing in log upd_msg->type= 4
[91m [1776449437.43101] Client: [0m---before writing in log upd_msg->frag_no= 0
[91m [1776449437.43105] Client: [0m---before writing in log upd_msg->reliable= 1
[91m [1776449437.43109] Client: [0m---before writing in log upd_msg->data.sensor_type= 1
[91m [1776449437.43115] Client: [0m---before writing in log upd_msg->data.sid= temp_1
[91m [1776449437.43120] Client: [0m---after writing in log upd_msg->seq_no = 141
[91m [1776449437.43125] Client: [0m---after writing in log upd_msg->data.sensor_type = 1
[91m [1776449437.43129] Client: [0m---after writing in log upd_msg->reliable = 1
[91m [1776449437.61886] BSON Message: [0mInside sensor type parsing.
[91m [1776449437.61896] BSON Message: [0mInside sensor type parsing end.
[91m [1776449437.61901] BSON Message: [0mInside sid parsing
[91m [1776449437.61908] Client: [0m---before writing in log upd_msg->seq_no= 58
[91m [1776449437.61914] Client: [0m---before writing in log upd_msg->type= 4
[91m [1776449437.61930] Client: [0m---before writing in log upd_msg->frag_no= 0
[91m [1776449437.61936] Client: [0m---before writing in log upd_msg->reliable= 1
[91m [1776449437.61940] Client: [0m---before writing in log upd_msg->data.sensor_type= 2
[91m [1776449437.61945] Client: [0m---before writing in log upd_msg->data.sid= device_0
[91m [1776449437.61951] Client: [0m---after writing in log upd_msg->seq_no = 58
[91m [1776449437.61956] Client: [0m---after writing in log upd_msg->data.sensor_type = 2
[91m [1776449437.61961] Client: [0m---after writing in log upd_msg->reliable = 1
[91m [1776449438.42506] BSON Message: [0mInside sensor type parsing.
[91m [1776449438.42523] BSON Message: [0mInside sensor type parsing end.
[91m [1776449438.42528] BSON Message: [0mInside sid parsing
[91m [1776449438.42533] BSON Message: [0mInside temp1 parsing.
[91m [1776449438.42539] Client: [0m---before writing in log upd_msg->seq_no= 142
[91m [1776449438.42544] Client: [0m---before writing in log upd_msg->type= 4
[91m [1776449438.42548] Client: [0m---before writing in log upd_msg->frag_no= 0
[91m [1776449438.42552] Client: [0m---before writing in log upd_msg->reliable= 1
[91m [1776449438.42557] Client: [0m---before writing in log upd_msg->data.sensor_type= 1
[91m [1776449438.42561] Client: [0m---before writing in log upd_msg->data.sid= temp_1
[91m [1776449438.42566] Client: [0m---after writing in log upd_msg->seq_no = 142
[91m [1776449438.42570] Client: [0m---after writing in log upd_msg->data.sensor_type = 1
[91m [1776449438.42573] Client: [0m---after writing in log upd_msg->reliable = 1
[91m [1776449438.706439] BSON Message: [0mInside sensor type parsing.
[91m [1776449438.706449] BSON Message: [0mInside sensor type parsing end.
[91m [1776449438.706453] BSON Message: [0mInside sid parsing
[91m [1776449438.706458] Client: [0m---before writing in log upd_msg->seq_no= 59
[91m [1776449438.706462] Client: [0m---before writing in log upd_msg->type= 4
[91m [1776449438.706465] Client: [0m---before writing in log upd_msg->frag_no= 0
[91m [1776449438.706470] Client: [0m---before writing in log upd_msg->reliable= 1
[91m [1776449438.706475] Client: [0m---before writing in log upd_msg->data.sensor_type= 2
[91m [1776449438.706480] Client: [0m---before writing in log upd_msg->data.sid= device_0
[91m [1776449438.706486] Client: [0m---after writing in log upd_msg->seq_no = 59
[91m [1776449438.706489] Client: [0m---after writing in log upd_msg->data.sensor_type = 2
[91m [1776449438.706492] Client: [0m---after writing in log upd_msg->reliable = 1
[91m [1776449438.970058] BSON Message: [0mInside sensor type parsing.
[91m [1776449438.970071] BSON Message: [0mInside sensor type parsing end.
[91m [1776449438.970077] BSON Message: [0mInside sid parsing
[91m [1776449438.970084] Client: [0m---before writing in log upd_msg->seq_no= 60
[91m [1776449438.970090] Client: [0m---before writing in log upd_msg->type= 4
[91m [1776449438.970095] Client: [0m---before writing in log upd_msg->frag_no= 0
[91m [1776449438.970101] Client: [0m---before writing in log upd_msg->reliable= 1
[91m [1776449438.970106] Client: [0m---before writing in log upd_msg->data.sensor_type= 2
[91m [1776449438.970112] Client: [0m---before writing in log upd_msg->data.sid= device_0
[91m [1776449438.970118] Client: [0m---after writing in log upd_msg->seq_no = 60
[91m [1776449438.970124] Client: [0m---after writing in log upd_msg->data.sensor_type = 2
[91m [1776449438.970129] Client: [0m---after writing in log upd_msg->reliable = 1
[91m [1776449439.44406] BSON Message: [0mInside sensor type parsing.
[91m [1776449439.44425] BSON Message: [0mInside sensor type parsing end.
[91m [1776449439.44430] BSON Message: [0mInside sid parsing
[91m [1776449439.44436] BSON Message: [0mInside temp1 parsing.
[91m [1776449439.44442] Client: [0m---before writing in log upd_msg->seq_no= 143
[91m [1776449439.44447] Client: [0m---before writing in log upd_msg->type= 4
[91m [1776449439.44452] Client: [0m---before writing in log upd_msg->frag_no= 0
[91m [1776449439.44456] Client: [0m---before writing in log upd_msg->reliable= 1
[91m [1776449439.44459] Client: [0m---before writing in log upd_msg->data.sensor_type= 1
[91m [1776449439.44464] Client: [0m---before writing in log upd_msg->data.sid= temp_1
[91m [1776449439.44471] Client: [0m---after writing in log upd_msg->seq_no = 143
[91m [1776449439.44476] Client: [0m---after writing in log upd_msg->data.sensor_type = 1
[91m [1776449439.44480] Client: [0m---after writing in log upd_msg->reliable = 1
[91m [1776449440.43536] BSON Message: [0mInside sensor type parsing.
[91m [1776449440.43546] BSON Message: [0mInside sensor type parsing end.
[91m [1776449440.43557] BSON Message: [0mInside sid parsing
[91m [1776449440.43563] BSON Message: [0mInside temp1 parsing.
[91m [1776449440.43569] Client: [0m---before writing in log upd_msg->seq_no= 144
[91m [1776449440.43573] Client: [0m---before writing in log upd_msg->type= 4
[91m [1776449440.43577] Client: [0m---before writing in log upd_msg->frag_no= 0
[91m [1776449440.43580] Client: [0m---before writing in log upd_msg->reliable= 1
[91m [1776449440.43584] Client: [0m---before writing in log upd_msg->data.sensor_type= 1
[91m [1776449440.43588] Client: [0m---before writing in log upd_msg->data.sid= temp_1
[91m [1776449440.43592] Client: [0m---after writing in log upd_msg->seq_no = 144
[91m [1776449440.43596] Client: [0m---after writing in log upd_msg->data.sensor_type = 1
[91m [1776449440.43600] Client: [0m---after writing in log upd_msg->reliable = 1
[91m [1776449441.43832] BSON Message: [0mInside sensor type parsing.
[91m [1776449441.43842] BSON Message: [0mInside sensor type parsing end.
[91m [1776449441.43847] BSON Message: [0mInside sid parsing
[91m [1776449441.43851] BSON Message: [0mInside temp1 parsing.
[91m [1776449441.43856] Client: [0m---before writing in log upd_msg->seq_no= 145
[91m [1776449441.43860] Client: [0m---before writing in log upd_msg->type= 4
[91m [1776449441.43864] Client: [0m---before writing in log upd_msg->frag_no= 0
[91m [1776449441.43868] Client: [0m---before writing in log upd_msg->reliable= 1
[91m [1776449441.43871] Client: [0m---before writing in log upd_msg->data.sensor_type= 1
[91m [1776449441.43875] Client: [0m---before writing in log upd_msg->data.sid= temp_1
[91m [1776449441.43879] Client: [0m---after writing in log upd_msg->seq_no = 145
[91m [1776449441.43883] Client: [0m---after writing in log upd_msg->data.sensor_type = 1
[91m [1776449441.43887] Client: [0m---after writing in log upd_msg->reliable = 1
[91m [1776449442.44222] BSON Message: [0mInside sensor type parsing.
[91m [1776449442.44238] BSON Message: [0mInside sensor type parsing end.
[91m [1776449442.44247] BSON Message: [0mInside sid parsing
[91m [1776449442.44255] BSON Message: [0mInside temp1 parsing.
[91m [1776449442.44264] Client: [0m---before writing in log upd_msg->seq_no= 146
[91m [1776449442.44273] Client: [0m---before writing in log upd_msg->type= 4
[91m [1776449442.44281] Client: [0m---before writing in log upd_msg->frag_no= 0
[91m [1776449442.44289] Client: [0m---before writing in log upd_msg->reliable= 1
[91m [1776449442.44296] Client: [0m---before writing in log upd_msg->data.sensor_type= 1
[91m [1776449442.44303] Client: [0m---before writing in log upd_msg->data.sid= temp_1
[91m [1776449442.44312] Client: [0m---after writing in log upd_msg->seq_no = 146
[91m [1776449442.44319] Client: [0m---after writing in log upd_msg->data.sensor_type = 1
[91m [1776449442.44326] Client: [0m---after writing in log upd_msg->reliable = 1
[91m [1776449442.855386] BSON Message: [0mInside sensor type parsing.
[91m [1776449442.855402] BSON Message: [0mInside sensor type parsing end.
[91m [1776449442.855412] BSON Message: [0mInside sid parsing
[91m [1776449442.855420] BSON Message: [0mInside gps1 parsing.
[91m [1776449442.855431] Client: [0m---before writing in log upd_msg->seq_no= 16
[91m [1776449442.855438] Client: [0m---before writing in log upd_msg->type= 4
[91m [1776449442.855446] Client: [0m---before writing in log upd_msg->frag_no= 0
[91m [1776449442.855452] Client: [0m---before writing in log upd_msg->reliable= 1
[91m [1776449442.855460] Client: [0m---before writing in log upd_msg->data.sensor_type= 3
[91m [1776449442.855467] Client: [0m---before writing in log upd_msg->data.sid= gps_2
[91m [1776449442.855478] Client: [0m---after writing in log upd_msg->seq_no = 16
[91m [1776449442.855486] Client: [0m---after writing in log upd_msg->data.sensor_type = 3
[91m [1776449442.855493] Client: [0m---after writing in log upd_msg->reliable = 1
[91m [1776449443.44506] BSON Message: [0mInside sensor type parsing.
[91m [1776449443.44534] BSON Message: [0mInside sensor type parsing end.
[91m [1776449443.44542] BSON Message: [0mInside sid parsing
[91m [1776449443.44549] BSON Message: [0mInside temp1 parsing.
[91m [1776449443.44557] Client: [0m---before writing in log upd_msg->seq_no= 147
[91m [1776449443.44565] Client: [0m---before writing in log upd_msg->type= 4
[91m [1776449443.44572] Client: [0m---before writing in log upd_msg->frag_no= 0
[91m [1776449443.44579] Client: [0m---before writing in log upd_msg->reliable= 1
[91m [1776449443.44586] Client: [0m---before writing in log upd_msg->data.sensor_type= 1
[91m [1776449443.44592] Client: [0m---before writing in log upd_msg->data.sid= temp_1
[91m [1776449443.44601] Client: [0m---after writing in log upd_msg->seq_no = 147
[91m [1776449443.44608] Client: [0m---after writing in log upd_msg->data.sensor_type = 1
[91m [1776449443.44614] Client: [0m---after writing in log upd_msg->reliable = 1
[91m [1776449443.671523] BSON Message: [0mInside sensor type parsing.
[91m [1776449443.671533] BSON Message: [0mInside sensor type parsing end.
[91m [1776449443.671536] BSON Message: [0mInside sid parsing
[91m [1776449443.671540] Client: [0m---before writing in log upd_msg->seq_no= 61
[91m [1776449443.671544] Client: [0m---before writing in log upd_msg->type= 4
[91m [1776449443.671547] Client: [0m---before writing in log upd_msg->frag_no= 0
[91m [1776449443.671550] Client: [0m---before writing in log upd_msg->reliable= 1
[91m [1776449443.671553] Client: [0m---before writing in log upd_msg->data.sensor_type= 2
[91m [1776449443.671556] Client: [0m---before writing in log upd_msg->data.sid= device_0
[91m [1776449443.671559] Client: [0m---after writing in log upd_msg->seq_no = 61
[91m [1776449443.671562] Client: [0m---after writing in log upd_msg->data.sensor_type = 2
[91m [1776449443.671566] Client: [0m---after writing in log upd_msg->reliable = 1
[91m [1776449444.44691] BSON Message: [0mInside sensor type parsing.
[91m [1776449444.44700] BSON Message: [0mInside sensor type parsing end.
[91m [1776449444.44705] BSON Message: [0mInside sid parsing
[91m [1776449444.44709] BSON Message: [0mInside temp1 parsing.
[91m [1776449444.44714] Client: [0m---before writing in log upd_msg->seq_no= 148
[91m [1776449444.44718] Client: [0m---before writing in log upd_msg->type= 4
[91m [1776449444.44722] Client: [0m---before writing in log upd_msg->frag_no= 0
[91m [1776449444.44725] Client: [0m---before writing in log upd_msg->reliable= 1
[91m [1776449444.44729] Client: [0m---before writing in log upd_msg->data.sensor_type= 1
[91m [1776449444.44733] Client: [0m---before writing in log upd_msg->data.sid= temp_1
[91m [1776449444.44738] Client: [0m---after writing in log upd_msg->seq_no = 148
[91m [1776449444.44743] Client: [0m---after writing in log upd_msg->data.sensor_type = 1
[91m [1776449444.44747] Client: [0m---after writing in log upd_msg->reliable = 1
[91m [1776449444.724411] BSON Message: [0mInside sensor type parsing.
[91m [1776449444.724419] BSON Message: [0mInside sensor type parsing end.
[91m [1776449444.724422] BSON Message: [0mInside sid parsing
[91m [1776449444.724426] Client: [0m---before writing in log upd_msg->seq_no= 62
[91m [1776449444.724430] Client: [0m---before writing in log upd_msg->type= 4
[91m [1776449444.724433] Client: [0m---before writing in log upd_msg->frag_no= 0
[91m [1776449444.724436] Client: [0m---before writing in log upd_msg->reliable= 1
[91m [1776449444.724440] Client: [0m---before writing in log upd_msg->data.sensor_type= 2
[91m [1776449444.724444] Client: [0m---before writing in log upd_msg->data.sid= device_0
[91m [1776449444.724449] Client: [0m---after writing in log upd_msg->seq_no = 62
[91m [1776449444.724453] Client: [0m---after writing in log upd_msg->data.sensor_type = 2
[91m [1776449444.724457] Client: [0m---after writing in log upd_msg->reliable = 1
[91m [1776449445.45185] BSON Message: [0mInside sensor type parsing.
[91m [1776449445.45195] BSON Message: [0mInside sensor type parsing end.
[91m [1776449445.45204] BSON Message: [0mInside sid parsing
[91m [1776449445.45209] BSON Message: [0mInside temp1 parsing.
[91m [1776449445.45215] Client: [0m---before writing in log upd_msg->seq_no= 149
[91m [1776449445.45219] Client: [0m---before writing in log upd_msg->type= 4
[91m [1776449445.45224] Client: [0m---before writing in log upd_msg->frag_no= 0
[91m [1776449445.45228] Client: [0m---before writing in log upd_msg->reliable= 1
[91m [1776449445.45233] Client: [0m---before writing in log upd_msg->data.sensor_type= 1
[91m [1776449445.45237] Client: [0m---before writing in log upd_msg->data.sid= temp_1
[91m [1776449445.45242] Client: [0m---after writing in log upd_msg->seq_no = 149
[91m [1776449445.45246] Client: [0m---after writing in log upd_msg->data.sensor_type = 1
[91m [1776449445.45252] Client: [0m---after writing in log upd_msg->reliable = 1
[91m [1776449446.45498] BSON Message: [0mInside sensor type parsing.
[91m [1776449446.45508] BSON Message: [0mInside sensor type parsing end.
[91m [1776449446.45512] BSON Message: [0mInside sid parsing
[91m [1776449446.45517] BSON Message: [0mInside temp1 parsing.
[91m [1776449446.45522] Client: [0m---before writing in log upd_msg->seq_no= 150
[91m [1776449446.45527] Client: [0m---before writing in log upd_msg->type= 4
[91m [1776449446.45532] Client: [0m---before writing in log upd_msg->frag_no= 0
[91m [1776449446.45537] Client: [0m---before writing in log upd_msg->reliable= 1
[91m [1776449446.45542] Client: [0m---before writing in log upd_msg->data.sensor_type= 1
[91m [1776449446.45548] Client: [0m---before writing in log upd_msg->data.sid= temp_1
[91m [1776449446.45554] Client: [0m---after writing in log upd_msg->seq_no = 150
[91m [1776449446.45557] Client: [0m---after writing in log upd_msg->data.sensor_type = 1
[91m [1776449446.45561] Client: [0m---after writing in log upd_msg->reliable = 1
[91m [1776449447.45638] BSON Message: [0mInside sensor type parsing.
[91m [1776449447.45651] BSON Message: [0mInside sensor type parsing end.
[91m [1776449447.45657] BSON Message: [0mInside sid parsing
[91m [1776449447.45662] BSON Message: [0mInside temp1 parsing.
[91m [1776449447.45667] Client: [0m---before writing in log upd_msg->seq_no= 151
[91m [1776449447.45672] Client: [0m---before writing in log upd_msg->type= 4
[91m [1776449447.45677] Client: [0m---before writing in log upd_msg->frag_no= 0
[91m [1776449447.45682] Client: [0m---before writing in log upd_msg->reliable= 1
[91m [1776449447.45686] Client: [0m---before writing in log upd_msg->data.sensor_type= 1
[91m [1776449447.45690] Client: [0m---before writing in log upd_msg->data.sid= temp_1
[91m [1776449447.45696] Client: [0m---after writing in log upd_msg->seq_no = 151
[91m [1776449447.45701] Client: [0m---after writing in log upd_msg->data.sensor_type = 1
[91m [1776449447.45705] Client: [0m---after writing in log upd_msg->reliable = 1
[91m [1776449448.46059] BSON Message: [0mInside sensor type parsing.
[91m [1776449448.46073] BSON Message: [0mInside sensor type parsing end.
[91m [1776449448.46081] BSON Message: [0mInside sid parsing
[91m [1776449448.46087] BSON Message: [0mInside temp1 parsing.
[91m [1776449448.46095] Client: [0m---before writing in log upd_msg->seq_no= 152
[91m [1776449448.46101] Client: [0m---before writing in log upd_msg->type= 4
[91m [1776449448.46107] Client: [0m---before writing in log upd_msg->frag_no= 0
[91m [1776449448.46113] Client: [0m---before writing in log upd_msg->reliable= 1
[91m [1776449448.46120] Client: [0m---before writing in log upd_msg->data.sensor_type= 1
[91m [1776449448.46125] Client: [0m---before writing in log upd_msg->data.sid= temp_1
[91m [1776449448.46134] Client: [0m---after writing in log upd_msg->seq_no = 152
[91m [1776449448.46139] Client: [0m---after writing in log upd_msg->data.sensor_type = 1
[91m [1776449448.46144] Client: [0m---after writing in log upd_msg->reliable = 1
[91m [1776449448.573729] BSON Message: [0mInside sensor type parsing.
[91m [1776449448.573751] BSON Message: [0mInside sensor type parsing end.
[91m [1776449448.573758] BSON Message: [0mInside sid parsing
[91m [1776449448.573767] Client: [0m---before writing in log upd_msg->seq_no= 63
[91m [1776449448.573773] Client: [0m---before writing in log upd_msg->type= 4
[91m [1776449448.573778] Client: [0m---before writing in log upd_msg->frag_no= 0
[91m [1776449448.573783] Client: [0m---before writing in log upd_msg->reliable= 1
[91m [1776449448.573789] Client: [0m---before writing in log upd_msg->data.sensor_type= 2
[91m [1776449448.573795] Client: [0m---before writing in log upd_msg->data.sid= device_0
[91m [1776449448.573803] Client: [0m---after writing in log upd_msg->seq_no = 63
[91m [1776449448.573809] Client: [0m---after writing in log upd_msg->data.sensor_type = 2
[91m [1776449448.573815] Client: [0m---after writing in log upd_msg->reliable = 1
[91m [1776449449.46258] BSON Message: [0mInside sensor type parsing.
[91m [1776449449.46268] BSON Message: [0mInside sensor type parsing end.
[91m [1776449449.46273] BSON Message: [0mInside sid parsing
[91m [1776449449.46279] BSON Message: [0mInside temp1 parsing.
[91m [1776449449.46284] Client: [0m---before writing in log upd_msg->seq_no= 153
[91m [1776449449.46289] Client: [0m---before writing in log upd_msg->type= 4
[91m [1776449449.46294] Client: [0m---before writing in log upd_msg->frag_no= 0
[91m [1776449449.46298] Client: [0m---before writing in log upd_msg->reliable= 1
[91m [1776449449.46303] Client: [0m---before writing in log upd_msg->data.sensor_type= 1
[91m [1776449449.46307] Client: [0m---before writing in log upd_msg->data.sid= temp_1
[91m [1776449449.46313] Client: [0m---after writing in log upd_msg->seq_no = 153
[91m [1776449449.46317] Client: [0m---after writing in log upd_msg->data.sensor_type = 1
[91m [1776449449.46322] Client: [0m---after writing in log upd_msg->reliable = 1
[91m [1776449449.138435] BSON Message: [0mInside sensor type parsing.
[91m [1776449449.138446] BSON Message: [0mInside sensor type parsing end.
[91m [1776449449.138451] BSON Message: [0mInside sid parsing
[91m [1776449449.138457] Client: [0m---before writing in log upd_msg->seq_no= 64
[91m [1776449449.138462] Client: [0m---before writing in log upd_msg->type= 4
[91m [1776449449.138466] Client: [0m---before writing in log upd_msg->frag_no= 0
[91m [1776449449.138470] Client: [0m---before writing in log upd_msg->reliable= 1
[91m [1776449449.138475] Client: [0m---before writing in log upd_msg->data.sensor_type= 2
[91m [1776449449.138479] Client: [0m---before writing in log upd_msg->data.sid= device_0
[91m [1776449449.138484] Client: [0m---after writing in log upd_msg->seq_no = 64
[91m [1776449449.138489] Client: [0m---after writing in log upd_msg->data.sensor_type = 2
[91m [1776449449.138493] Client: [0m---after writing in log upd_msg->reliable = 1
[91m [1776449449.376771] BSON Message: [0mInside sensor type parsing.
[91m [1776449449.376780] BSON Message: [0mInside sensor type parsing end.
[91m [1776449449.376786] BSON Message: [0mInside sid parsing
[91m [1776449449.376791] BSON Message: [0mInside gps1 parsing.
[91m [1776449449.376797] Client: [0m---before writing in log upd_msg->seq_no= 17
[91m [1776449449.376801] Client: [0m---before writing in log upd_msg->type= 4
[91m [1776449449.376805] Client: [0m---before writing in log upd_msg->frag_no= 0
[91m [1776449449.376810] Client: [0m---before writing in log upd_msg->reliable= 1
[91m [1776449449.376816] Client: [0m---before writing in log upd_msg->data.sensor_type= 3
[91m [1776449449.376821] Client: [0m---before writing in log upd_msg->data.sid= gps_2
[91m [1776449449.376829] Client: [0m---after writing in log upd_msg->seq_no = 17
[91m [1776449449.376835] Client: [0m---after writing in log upd_msg->data.sensor_type = 3
[91m [1776449449.376840] Client: [0m---after writing in log upd_msg->reliable = 1
[91m [1776449450.46527] BSON Message: [0mInside sensor type parsing.
[91m [1776449450.46538] BSON Message: [0mInside sensor type parsing end.
[91m [1776449450.46549] BSON Message: [0mInside sid parsing
[91m [1776449450.46554] BSON Message: [0mInside temp1 parsing.
[91m [1776449450.46559] Client: [0m---before writing in log upd_msg->seq_no= 154
[91m [1776449450.46564] Client: [0m---before writing in log upd_msg->type= 4
[91m [1776449450.46569] Client: [0m---before writing in log upd_msg->frag_no= 0
[91m [1776449450.46573] Client: [0m---before writing in log upd_msg->reliable= 1
[91m [1776449450.46578] Client: [0m---before writing in log upd_msg->data.sensor_type= 1
[91m [1776449450.46582] Client: [0m---before writing in log upd_msg->data.sid= temp_1
[91m [1776449450.46588] Client: [0m---after writing in log upd_msg->seq_no = 154
[91m [1776449450.46592] Client: [0m---after writing in log upd_msg->data.sensor_type = 1
[91m [1776449450.46597] Client: [0m---after writing in log upd_msg->reliable = 1
[91m [1776449451.47087] BSON Message: [0mInside sensor type parsing.
[91m [1776449451.47099] BSON Message: [0mInside sensor type parsing end.
[91m [1776449451.47105] BSON Message: [0mInside sid parsing
[91m [1776449451.47111] BSON Message: [0mInside temp1 parsing.
[91m [1776449451.47118] Client: [0m---before writing in log upd_msg->seq_no= 155
[91m [1776449451.47123] Client: [0m---before writing in log upd_msg->type= 4
[91m [1776449451.47128] Client: [0m---before writing in log upd_msg->frag_no= 0
[91m [1776449451.47133] Client: [0m---before writing in log upd_msg->reliable= 1
[91m [1776449451.47139] Client: [0m---before writing in log upd_msg->data.sensor_type= 1
[91m [1776449451.47144] Client: [0m---before writing in log upd_msg->data.sid= temp_1
[91m [1776449451.47149] Client: [0m---after writing in log upd_msg->seq_no = 155
[91m [1776449451.47153] Client: [0m---after writing in log upd_msg->data.sensor_type = 1
[91m [1776449451.47157] Client: [0m---after writing in log upd_msg->reliable = 1
[91m [1776449452.47347] BSON Message: [0mInside sensor type parsing.
[91m [1776449452.47358] BSON Message: [0mInside sensor type parsing end.
[91m [1776449452.47365] BSON Message: [0mInside sid parsing
[91m [1776449452.47372] BSON Message: [0mInside temp1 parsing.
[91m [1776449452.47380] Client: [0m---before writing in log upd_msg->seq_no= 156
[91m [1776449452.47385] Client: [0m---before writing in log upd_msg->type= 4
[91m [1776449452.47390] Client: [0m---before writing in log upd_msg->frag_no= 0
[91m [1776449452.47394] Client: [0m---before writing in log upd_msg->reliable= 1
[91m [1776449452.47399] Client: [0m---before writing in log upd_msg->data.sensor_type= 1
[91m [1776449452.47404] Client: [0m---before writing in log upd_msg->data.sid= temp_1
[91m [1776449452.47410] Client: [0m---after writing in log upd_msg->seq_no = 156
[91m [1776449452.47415] Client: [0m---after writing in log upd_msg->data.sensor_type = 1
[91m [1776449452.47421] Client: [0m---after writing in log upd_msg->reliable = 1
[91m [1776449453.47494] BSON Message: [0mInside sensor type parsing.
[91m [1776449453.47505] BSON Message: [0mInside sensor type parsing end.
[91m [1776449453.47509] BSON Message: [0mInside sid parsing
[91m [1776449453.47514] BSON Message: [0mInside temp1 parsing.
[91m [1776449453.47519] Client: [0m---before writing in log upd_msg->seq_no= 157
[91m [1776449453.47524] Client: [0m---before writing in log upd_msg->type= 4
[91m [1776449453.47528] Client: [0m---before writing in log upd_msg->frag_no= 0
[91m [1776449453.47532] Client: [0m---before writing in log upd_msg->reliable= 1
[91m [1776449453.47535] Client: [0m---before writing in log upd_msg->data.sensor_type= 1
[91m [1776449453.47539] Client: [0m---before writing in log upd_msg->data.sid= temp_1
[91m [1776449453.47544] Client: [0m---after writing in log upd_msg->seq_no = 157
[91m [1776449453.47548] Client: [0m---after writing in log upd_msg->data.sensor_type = 1
[91m [1776449453.47552] Client: [0m---after writing in log upd_msg->reliable = 1
[91m [1776449453.118937] BSON Message: [0mInside sensor type parsing.
[91m [1776449453.118968] BSON Message: [0mInside sensor type parsing end.
[91m [1776449453.118974] BSON Message: [0mInside sid parsing
[91m [1776449453.118981] Client: [0m---before writing in log upd_msg->seq_no= 65
[91m [1776449453.118986] Client: [0m---before writing in log upd_msg->type= 4
[91m [1776449453.118991] Client: [0m---before writing in log upd_msg->frag_no= 0
[91m [1776449453.118996] Client: [0m---before writing in log upd_msg->reliable= 1
[91m [1776449453.119001] Client: [0m---before writing in log upd_msg->data.sensor_type= 2
[91m [1776449453.119006] Client: [0m---before writing in log upd_msg->data.sid= device_0
[91m [1776449453.119011] Client: [0m---after writing in log upd_msg->seq_no = 65
[91m [1776449453.119016] Client: [0m---after writing in log upd_msg->data.sensor_type = 2
[91m [1776449453.119020] Client: [0m---after writing in log upd_msg->reliable = 1
[91m [1776449454.47900] BSON Message: [0mInside sensor type parsing.
[91m [1776449454.47912] BSON Message: [0mInside sensor type parsing end.
[91m [1776449454.47928] BSON Message: [0mInside sid parsing
[91m [1776449454.47933] BSON Message: [0mInside temp1 parsing.
[91m [1776449454.47939] Client: [0m---before writing in log upd_msg->seq_no= 158
[91m [1776449454.47943] Client: [0m---before writing in log upd_msg->type= 4
[91m [1776449454.47947] Client: [0m---before writing in log upd_msg->frag_no= 0
[91m [1776449454.47951] Client: [0m---before writing in log upd_msg->reliable= 1
[91m [1776449454.47955] Client: [0m---before writing in log upd_msg->data.sensor_type= 1
[91m [1776449454.47959] Client: [0m---before writing in log upd_msg->data.sid= temp_1
[91m [1776449454.47964] Client: [0m---after writing in log upd_msg->seq_no = 158
[91m [1776449454.47968] Client: [0m---after writing in log upd_msg->data.sensor_type = 1
[91m [1776449454.47972] Client: [0m---after writing in log upd_msg->reliable = 1
[91m [1776449455.48033] BSON Message: [0mInside sensor type parsing.
[91m [1776449455.48046] BSON Message: [0mInside sensor type parsing end.
[91m [1776449455.48052] BSON Message: [0mInside sid parsing
[91m [1776449455.48057] BSON Message: [0mInside temp1 parsing.
[91m [1776449455.48064] Client: [0m---before writing in log upd_msg->seq_no= 159
[91m [1776449455.48070] Client: [0m---before writing in log upd_msg->type= 4
[91m [1776449455.48075] Client: [0m---before writing in log upd_msg->frag_no= 0
[91m [1776449455.48080] Client: [0m---before writing in log upd_msg->reliable= 1
[91m [1776449455.48085] Client: [0m---before writing in log upd_msg->data.sensor_type= 1
[91m [1776449455.48090] Client: [0m---before writing in log upd_msg->data.sid= temp_1
[91m [1776449455.48095] Client: [0m---after writing in log upd_msg->seq_no = 159
[91m [1776449455.48100] Client: [0m---after writing in log upd_msg->data.sensor_type = 1
[91m [1776449455.48104] Client: [0m---after writing in log upd_msg->reliable = 1
[91m [1776449455.343913] BSON Message: [0mInside sensor type parsing.
[91m [1776449455.343931] BSON Message: [0mInside sensor type parsing end.
[91m [1776449455.343936] BSON Message: [0mInside sid parsing
[91m [1776449455.343941] Client: [0m---before writing in log upd_msg->seq_no= 66
[91m [1776449455.343945] Client: [0m---before writing in log upd_msg->type= 4
[91m [1776449455.343948] Client: [0m---before writing in log upd_msg->frag_no= 0
[91m [1776449455.343952] Client: [0m---before writing in log upd_msg->reliable= 1
[91m [1776449455.343957] Client: [0m---before writing in log upd_msg->data.sensor_type= 2
[91m [1776449455.343962] Client: [0m---before writing in log upd_msg->data.sid= device_0
[91m [1776449455.343968] Client: [0m---after writing in log upd_msg->seq_no = 66
[91m [1776449455.343973] Client: [0m---after writing in log upd_msg->data.sensor_type = 2
[91m [1776449455.343977] Client: [0m---after writing in log upd_msg->reliable = 1
[91m [1776449456.48712] BSON Message: [0mInside sensor type parsing.
[91m [1776449456.48723] BSON Message: [0mInside sensor type parsing end.
[91m [1776449456.48732] BSON Message: [0mInside sid parsing
[91m [1776449456.48738] BSON Message: [0mInside temp1 parsing.
[91m [1776449456.48744] Client: [0m---before writing in log upd_msg->seq_no= 160
[91m [1776449456.48749] Client: [0m---before writing in log upd_msg->type= 4
[91m [1776449456.48754] Client: [0m---before writing in log upd_msg->frag_no= 0
[91m [1776449456.48758] Client: [0m---before writing in log upd_msg->reliable= 1
[91m [1776449456.48763] Client: [0m---before writing in log upd_msg->data.sensor_type= 1
[91m [1776449456.48767] Client: [0m---before writing in log upd_msg->data.sid= temp_1
[91m [1776449456.48773] Client: [0m---after writing in log upd_msg->seq_no = 160
[91m [1776449456.48778] Client: [0m---after writing in log upd_msg->data.sensor_type = 1
[91m [1776449456.48782] Client: [0m---after writing in log upd_msg->reliable = 1
[91m [1776449457.48608] BSON Message: [0mInside sensor type parsing.
[91m [1776449457.48618] BSON Message: [0mInside sensor type parsing end.
[91m [1776449457.48623] BSON Message: [0mInside sid parsing
[91m [1776449457.48629] BSON Message: [0mInside temp1 parsing.
[91m [1776449457.48635] Client: [0m---before writing in log upd_msg->seq_no= 161
[91m [1776449457.48640] Client: [0m---before writing in log upd_msg->type= 4
[91m [1776449457.48645] Client: [0m---before writing in log upd_msg->frag_no= 0
[91m [1776449457.48651] Client: [0m---before writing in log upd_msg->reliable= 1
[91m [1776449457.48656] Client: [0m---before writing in log upd_msg->data.sensor_type= 1
[91m [1776449457.48660] Client: [0m---before writing in log upd_msg->data.sid= temp_1
[91m [1776449457.48667] Client: [0m---after writing in log upd_msg->seq_no = 161
[91m [1776449457.48671] Client: [0m---after writing in log upd_msg->data.sensor_type = 1
[91m [1776449457.48676] Client: [0m---after writing in log upd_msg->reliable = 1
[91m [1776449457.507388] BSON Message: [0mInside sensor type parsing.
[91m [1776449457.507399] BSON Message: [0mInside sensor type parsing end.
[91m [1776449457.507404] BSON Message: [0mInside sid parsing
[91m [1776449457.507410] Client: [0m---before writing in log upd_msg->seq_no= 67
[91m [1776449457.507415] Client: [0m---before writing in log upd_msg->type= 4
[91m [1776449457.507419] Client: [0m---before writing in log upd_msg->frag_no= 0
[91m [1776449457.507424] Client: [0m---before writing in log upd_msg->reliable= 1
[91m [1776449457.507428] Client: [0m---before writing in log upd_msg->data.sensor_type= 2
[91m [1776449457.507433] Client: [0m---before writing in log upd_msg->data.sid= device_0
[91m [1776449457.507438] Client: [0m---after writing in log upd_msg->seq_no = 67
[91m [1776449457.507447] Client: [0m---after writing in log upd_msg->data.sensor_type = 2
[91m [1776449457.507452] Client: [0m---after writing in log upd_msg->reliable = 1
[91m [1776449458.48899] BSON Message: [0mInside sensor type parsing.
[91m [1776449458.48909] BSON Message: [0mInside sensor type parsing end.
[91m [1776449458.48924] BSON Message: [0mInside sid parsing
[91m [1776449458.48932] BSON Message: [0mInside temp1 parsing.
[91m [1776449458.48937] Client: [0m---before writing in log upd_msg->seq_no= 162
[91m [1776449458.48942] Client: [0m---before writing in log upd_msg->type= 4
[91m [1776449458.48947] Client: [0m---before writing in log upd_msg->frag_no= 0
[91m [1776449458.48951] Client: [0m---before writing in log upd_msg->reliable= 1
[91m [1776449458.48955] Client: [0m---before writing in log upd_msg->data.sensor_type= 1
[91m [1776449458.48960] Client: [0m---before writing in log upd_msg->data.sid= temp_1
[91m [1776449458.48965] Client: [0m---after writing in log upd_msg->seq_no = 162
[91m [1776449458.48971] Client: [0m---after writing in log upd_msg->data.sensor_type = 1
[91m [1776449458.48976] Client: [0m---after writing in log upd_msg->reliable = 1
[91m [1776449459.49383] BSON Message: [0mInside sensor type parsing.
[91m [1776449459.49395] BSON Message: [0mInside sensor type parsing end.
[91m [1776449459.49406] BSON Message: [0mInside sid parsing
[91m [1776449459.49411] BSON Message: [0mInside temp1 parsing.
[91m [1776449459.49417] Client: [0m---before writing in log upd_msg->seq_no= 163
[91m [1776449459.49422] Client: [0m---before writing in log upd_msg->type= 4
[91m [1776449459.49426] Client: [0m---before writing in log upd_msg->frag_no= 0
[91m [1776449459.49431] Client: [0m---before writing in log upd_msg->reliable= 1
[91m [1776449459.49436] Client: [0m---before writing in log upd_msg->data.sensor_type= 1
[91m [1776449459.49440] Client: [0m---before writing in log upd_msg->data.sid= temp_1
[91m [1776449459.49446] Client: [0m---after writing in log upd_msg->seq_no = 163
[91m [1776449459.49451] Client: [0m---after writing in log upd_msg->data.sensor_type = 1
[91m [1776449459.49456] Client: [0m---after writing in log upd_msg->reliable = 1
[91m [1776449460.49570] BSON Message: [0mInside sensor type parsing.
[91m [1776449460.49586] BSON Message: [0mInside sensor type parsing end.
[91m [1776449460.49595] BSON Message: [0mInside sid parsing
[91m [1776449460.49601] BSON Message: [0mInside temp1 parsing.
[91m [1776449460.49608] Client: [0m---before writing in log upd_msg->seq_no= 164
[91m [1776449460.49614] Client: [0m---before writing in log upd_msg->type= 4
[91m [1776449460.49620] Client: [0m---before writing in log upd_msg->frag_no= 0
[91m [1776449460.49626] Client: [0m---before writing in log upd_msg->reliable= 1
[91m [1776449460.49633] Client: [0m---before writing in log upd_msg->data.sensor_type= 1
[91m [1776449460.49639] Client: [0m---before writing in log upd_msg->data.sid= temp_1
[91m [1776449460.49646] Client: [0m---after writing in log upd_msg->seq_no = 164
[91m [1776449460.49651] Client: [0m---after writing in log upd_msg->data.sensor_type = 1
[91m [1776449460.49657] Client: [0m---after writing in log upd_msg->reliable = 1
[91m [1776449460.562999] BSON Message: [0mInside sensor type parsing.
[91m [1776449460.563014] BSON Message: [0mInside sensor type parsing end.
[91m [1776449460.563021] BSON Message: [0mInside sid parsing
[91m [1776449460.563029] Client: [0m---before writing in log upd_msg->seq_no= 68
[91m [1776449460.563035] Client: [0m---before writing in log upd_msg->type= 4
[91m [1776449460.563040] Client: [0m---before writing in log upd_msg->frag_no= 0
[91m [1776449460.563047] Client: [0m---before writing in log upd_msg->reliable= 1
[91m [1776449460.563053] Client: [0m---before writing in log upd_msg->data.sensor_type= 2
[91m [1776449460.563059] Client: [0m---before writing in log upd_msg->data.sid= device_0
[91m [1776449460.563066] Client: [0m---after writing in log upd_msg->seq_no = 68
[91m [1776449460.563071] Client: [0m---after writing in log upd_msg->data.sensor_type = 2
[91m [1776449460.563075] Client: [0m---after writing in log upd_msg->reliable = 1
[91m [1776449461.49850] BSON Message: [0mInside sensor type parsing.
[91m [1776449461.49860] BSON Message: [0mInside sensor type parsing end.
[91m [1776449461.49866] BSON Message: [0mInside sid parsing
[91m [1776449461.49873] BSON Message: [0mInside temp1 parsing.
[91m [1776449461.49880] Client: [0m---before writing in log upd_msg->seq_no= 165
[91m [1776449461.49884] Client: [0m---before writing in log upd_msg->type= 4
[91m [1776449461.49888] Client: [0m---before writing in log upd_msg->frag_no= 0
[91m [1776449461.49893] Client: [0m---before writing in log upd_msg->reliable= 1
[91m [1776449461.49898] Client: [0m---before writing in log upd_msg->data.sensor_type= 1
[91m [1776449461.49903] Client: [0m---before writing in log upd_msg->data.sid= temp_1
[91m [1776449461.49909] Client: [0m---after writing in log upd_msg->seq_no = 165
[91m [1776449461.49914] Client: [0m---after writing in log upd_msg->data.sensor_type = 1
[91m [1776449461.49928] Client: [0m---after writing in log upd_msg->reliable = 1
[91m [1776449461.891180] BSON Message: [0mInside sensor type parsing.
[91m [1776449461.891191] BSON Message: [0mInside sensor type parsing end.
[91m [1776449461.891198] BSON Message: [0mInside sid parsing
ge from the server.
Message type is 4
---------Update message arrived------------ 1
Got a message from the server.
Message type is 4
---------Update message arrived------------ 1
Got a message from the server.
Message type is 4
---------Update message arrived------------ 1
Got a message from the server.
Message type is 4
---------Update message arrived------------ 1
Got a message from the server.
Message type is 4
---------Update message arrived------------ 1
Got a message from the server.
Message type is 4
---------Update message arrived------------ 1
Got a message from the server.
Message type is 4
---------Update message arrived------------ 1
Got a message from the server.
Message type is 4
---------Update message arrived------------ 1
Got a message from the server.
Message type is 4
---------Update message arrived------------ 1
Got a message from the server.
Message type is 4
---------Update message arrived------------ 1
Got a message from the server.
Message type is 4
---------Update message arrived------------ 1
Got a message from the server.
Message type is 4
---------Update message arrived------------ 1
Got a message from the server.
Message type is 4
---------Update message arrived------------ 1
Got a message from the server.
Message type is 4
---------Update message arrived------------ 1
Got a message from the server.
Message type is 4
---------Update message arrived------------ 1
Got a message from the server.
Message type is 4
---------Update message arrived------------ 1
Got a message from the server.
Message type is 4
---------Update message arrived------------ 1
Got a message from the server.
Message type is 4
---------Update message arrived------------ 1
Got a message from the server.
Message type is 4
---------Update message arrived------------ 1
Got a message from the server.
Message type is 4
---------Update message arrived------------ 1
Got a message from the server.
Message type is 4
---------Update message arrived------------ 1
Got a message from the server.
Message type is 4
---------Update message arrived------------ 1
Got a message from the server.
Message type is 4
---------Update message arrived------------ 1
Got a message from the server.
Message type is 4
---------Update message arrived------------ 1
Got a message from the server.
Message type is 4
---------Update message arrived------------ 1
Got a message from the server.
Message type is 4
---------Update message arrived------------ 1
Got a message from the server.
Message type is 4
---------Update message arrived------------ 1
Got a message from the server.
Message type is 4
---------Update message arrived------------ 1
Got a message from the server.
Message type is 4
---------Update message arrived------------ 1
Got a message from the server.
Message type is 4
---------Update message arrived------------ 1
Got a message from the server.
Message type is 4
---------Update message arrived------------ 1
Got a message from the server.
Message type is 4
---------Update message arrived------------ 1
Got a message from the server.
Message type is 4
---------Update message arrived------------ 1
Got a message from the server.
Message type is 4
---------Update message arrived------------ 1
Got a message from the server.
Message type is 4
---------Update message arrived------------ 1
Got a message from the server.
Message type is 4
---------Update message arrived------------ 1
Got a message from the server.
Message type is 4
---------Update message arrived------------ 1
Got a message from the server.
Message type is 4
---------Update message arrived------------ 1
Got a message from the server.
Message type is 4
---------Update message arrived------------ 1
Got a message from the server.
Message type is 4
---------Update message arrived------------ 1
Got a message from the server.
Message type is 4
---------Update message arrived------------ 1
Got a message from the server.
Message type is 4
---------Update message arrived------------ 1
Got a message from the server.
Message type is 4
---------Update message arrived------------ 1
Got a message from the[91m [1776449461.891209] Client: [0m---before writing in log upd_msg->seq_no= 69
[91m [1776449461.891213] Client: [0m---before writing in log upd_msg->type= 4
[91m [1776449461.891217] Client: [0m---before writing in log upd_msg->frag_no= 0
[91m [1776449461.891221] Client: [0m---before writing in log upd_msg->reliable= 1
[91m [1776449461.891226] Client: [0m---before writing in log upd_msg->data.sensor_type= 2
[91m [1776449461.891230] Client: [0m---before writing in log upd_msg->data.sid= device_0
[91m [1776449461.891235] Client: [0m---after writing in log upd_msg->seq_no = 69
[91m [1776449461.891238] Client: [0m---after writing in log upd_msg->data.sensor_type = 2
[91m [1776449461.891242] Client: [0m---after writing in log upd_msg->reliable = 1
[91m [1776449462.50136] BSON Message: [0mInside sensor type parsing.
[91m [1776449462.50147] BSON Message: [0mInside sensor type parsing end.
[91m [1776449462.50152] BSON Message: [0mInside sid parsing
[91m [1776449462.50156] BSON Message: [0mInside temp1 parsing.
[91m [1776449462.50161] Client: [0m---before writing in log upd_msg->seq_no= 166
[91m [1776449462.50165] Client: [0m---before writing in log upd_msg->type= 4
[91m [1776449462.50169] Client: [0m---before writing in log upd_msg->frag_no= 0
[91m [1776449462.50173] Client: [0m---before writing in log upd_msg->reliable= 1
[91m [1776449462.50177] Client: [0m---before writing in log upd_msg->data.sensor_type= 1
[91m [1776449462.50181] Client: [0m---before writing in log upd_msg->data.sid= temp_1
[91m [1776449462.50186] Client: [0m---after writing in log upd_msg->seq_no = 166
[91m [1776449462.50190] Client: [0m---after writing in log upd_msg->data.sensor_type = 1
[91m [1776449462.50193] Client: [0m---after writing in log upd_msg->reliable = 1
[91m [1776449463.50700] BSON Message: [0mInside sensor type parsing.
[91m [1776449463.50715] BSON Message: [0mInside sensor type parsing end.
[91m [1776449463.50720] BSON Message: [0mInside sid parsing
[91m [1776449463.50726] BSON Message: [0mInside temp1 parsing.
[91m [1776449463.50732] Client: [0m---before writing in log upd_msg->seq_no= 167
[91m [1776449463.50736] Client: [0m---before writing in log upd_msg->type= 4
[91m [1776449463.50741] Client: [0m---before writing in log upd_msg->frag_no= 0
[91m [1776449463.50746] Client: [0m---before writing in log upd_msg->reliable= 1
[91m [1776449463.50751] Client: [0m---before writing in log upd_msg->data.sensor_type= 1
[91m [1776449463.50755] Client: [0m---before writing in log upd_msg->data.sid= temp_1
[91m [1776449463.50761] Client: [0m---after writing in log upd_msg->seq_no = 167
[91m [1776449463.50766] Client: [0m---after writing in log upd_msg->data.sensor_type = 1
[91m [1776449463.50771] Client: [0m---after writing in log upd_msg->reliable = 1
[91m [1776449463.137787] BSON Message: [0mInside sensor type parsing.
[91m [1776449463.137800] BSON Message: [0mInside sensor type parsing end.
[91m [1776449463.137805] BSON Message: [0mInside sid parsing
[91m [1776449463.137811] Client: [0m---before writing in log upd_msg->seq_no= 70
[91m [1776449463.137816] Client: [0m---before writing in log upd_msg->type= 4
[91m [1776449463.137821] Client: [0m---before writing in log upd_msg->frag_no= 0
[91m [1776449463.137825] Client: [0m---before writing in log upd_msg->reliable= 1
[91m [1776449463.137830] Client: [0m---before writing in log upd_msg->data.sensor_type= 2
[91m [1776449463.137835] Client: [0m---before writing in log upd_msg->data.sid= device_0
[91m [1776449463.137841] Client: [0m---after writing in log upd_msg->seq_no = 70
[91m [1776449463.137845] Client: [0m---after writing in log upd_msg->data.sensor_type = 2
[91m [1776449463.137850] Client: [0m---after writing in log upd_msg->reliable = 1
[91m [1776449463.225872] BSON Message: [0mInside sensor type parsing.
[91m [1776449463.225883] BSON Message: [0mInside sensor type parsing end.
[91m [1776449463.225888] BSON Message: [0mInside sid parsing
[91m [1776449463.225905] BSON Message: [0mInside gps1 parsing.
[91m [1776449463.225911] Client: [0m---before writing in log upd_msg->seq_no= 18
[91m [1776449463.225925] Client: [0m---before writing in log upd_msg->type= 4
[91m [1776449463.225932] Client: [0m---before writing in log upd_msg->frag_no= 0
[91m [1776449463.225938] Client: [0m---before writing in log upd_msg->reliable= 1
[91m [1776449463.225944] Client: [0m---before writing in log upd_msg->data.sensor_type= 3
[91m [1776449463.225949] Client: [0m---before writing in log upd_msg->data.sid= gps_2
[91m [1776449463.225958] Client: [0m---after writing in log upd_msg->seq_no = 18
[91m [1776449463.225964] Client: [0m---after writing in log upd_msg->data.sensor_type = 3
[91m [1776449463.225971] Client: [0m---after writing in log upd_msg->reliable = 1
[91m [1776449463.448699] BSON Message: [0mInside sensor type parsing.
[91m [1776449463.448713] BSON Message: [0mInside sensor type parsing end.
[91m [1776449463.448720] BSON Message: [0mInside sid parsing
[91m [1776449463.448728] Client: [0m---before writing in log upd_msg->seq_no= 71
[91m [1776449463.448734] Client: [0m---before writing in log upd_msg->type= 4
[91m [1776449463.448740] Client: [0m---before writing in log upd_msg->frag_no= 0
[91m [1776449463.448746] Client: [0m---before writing in log upd_msg->reliable= 1
[91m [1776449463.448750] Client: [0m---before writing in log upd_msg->data.sensor_type= 2
[91m [1776449463.448754] Client: [0m---before writing in log upd_msg->data.sid= device_0
[91m [1776449463.448759] Client: [0m---after writing in log upd_msg->seq_no = 71
[91m [1776449463.448763] Client: [0m---after writing in log upd_msg->data.sensor_type = 2
[91m [1776449463.448766] Client: [0m---after writing in log upd_msg->reliable = 1
[91m [1776449464.50777] BSON Message: [0mInside sensor type parsing.
[91m [1776449464.50789] BSON Message: [0mInside sensor type parsing end.
[91m [1776449464.50793] BSON Message: [0mInside sid parsing
[91m [1776449464.50798] BSON Message: [0mInside temp1 parsing.
[91m [1776449464.50804] Client: [0m---before writing in log upd_msg->seq_no= 168
[91m [1776449464.50809] Client: [0m---before writing in log upd_msg->type= 4
[91m [1776449464.50813] Client: [0m---before writing in log upd_msg->frag_no= 0
[91m [1776449464.50817] Client: [0m---before writing in log upd_msg->reliable= 1
[91m [1776449464.50821] Client: [0m---before writing in log upd_msg->data.sensor_type= 1
[91m [1776449464.50826] Client: [0m---before writing in log upd_msg->data.sid= temp_1
[91m [1776449464.50846] Client: [0m---after writing in log upd_msg->seq_no = 168
[91m [1776449464.50850] Client: [0m---after writing in log upd_msg->data.sensor_type = 1
[91m [1776449464.50854] Client: [0m---after writing in log upd_msg->reliable = 1
[91m [1776449465.51269] BSON Message: [0mInside sensor type parsing.
[91m [1776449465.51279] BSON Message: [0mInside sensor type parsing end.
[91m [1776449465.51284] BSON Message: [0mInside sid parsing
[91m [1776449465.51289] BSON Message: [0mInside temp1 parsing.
[91m [1776449465.51293] Client: [0m---before writing in log upd_msg->seq_no= 169
[91m [1776449465.51296] Client: [0m---before writing in log upd_msg->type= 4
[91m [1776449465.51299] Client: [0m---before writing in log upd_msg->frag_no= 0
[91m [1776449465.51302] Client: [0m---before writing in log upd_msg->reliable= 1
[91m [1776449465.51307] Client: [0m---before writing in log upd_msg->data.sensor_type= 1
[91m [1776449465.51312] Client: [0m---before writing in log upd_msg->data.sid= temp_1
[91m [1776449465.51317] Client: [0m---after writing in log upd_msg->seq_no = 169
[91m [1776449465.51321] Client: [0m---after writing in log upd_msg->data.sensor_type = 1
[91m [1776449465.51325] Client: [0m---after writing in log upd_msg->reliable = 1
[91m [1776449465.430387] BSON Message: [0mInside sensor type parsing.
[91m [1776449465.430402] BSON Message: [0mInside sensor type parsing end.
[91m [1776449465.430409] BSON Message: [0mInside sid parsing
[91m [1776449465.430424] Client: [0m---before writing in log upd_msg->seq_no= 72
[91m [1776449465.430430] Client: [0m---before writing in log upd_msg->type= 4
[91m [1776449465.430435] Client: [0m---before writing in log upd_msg->frag_no= 0
[91m [1776449465.430441] Client: [0m---before writing in log upd_msg->reliable= 1
[91m [1776449465.430446] Client: [0m---before writing in log upd_msg->data.sensor_type= 2
[91m [1776449465.430449] Client: [0m---before writing in log upd_msg->data.sid= device_0
[91m [1776449465.430454] Client: [0m---after writing in log upd_msg->seq_no = 72
[91m [1776449465.430457] Client: [0m---after writing in log upd_msg->data.sensor_type = 2
[91m [1776449465.430461] Client: [0m---after writing in log upd_msg->reliable = 1
[91m [1776449466.52159] BSON Message: [0mInside sensor type parsing.
[91m [1776449466.52172] BSON Message: [0mInside sensor type parsing end.
[91m [1776449466.52178] BSON Message: [0mInside sid parsing
[91m [1776449466.52183] BSON Message: [0mInside temp1 parsing.
[91m [1776449466.52190] Client: [0m---before writing in log upd_msg->seq_no= 170
[91m [1776449466.52195] Client: [0m---before writing in log upd_msg->type= 4
[91m [1776449466.52200] Client: [0m---before writing in log upd_msg->frag_no= 0
[91m [1776449466.52205] Client: [0m---before writing in log upd_msg->reliable= 1
[91m [1776449466.52210] Client: [0m---before writing in log upd_msg->data.sensor_type= 1
[91m [1776449466.52215] Client: [0m---before writing in log upd_msg->data.sid= temp_1
[91m [1776449466.52221] Client: [0m---after writing in log upd_msg->seq_no = 170
[91m [1776449466.52226] Client: [0m---after writing in log upd_msg->data.sensor_type = 1
[91m [1776449466.52231] Client: [0m---after writing in log upd_msg->reliable = 1
[91m [1776449466.486501] BSON Message: [0mInside sensor type parsing.
[91m [1776449466.486510] BSON Message: [0mInside sensor type parsing end.
[91m [1776449466.486515] BSON Message: [0mInside sid parsing
[91m [1776449466.486519] Client: [0m---before writing in log upd_msg->seq_no= 73
[91m [1776449466.486523] Client: [0m---before writing in log upd_msg->type= 4
[91m [1776449466.486527] Client: [0m---before writing in log upd_msg->frag_no= 0
[91m [1776449466.486531] Client: [0m---before writing in log upd_msg->reliable= 1
[91m [1776449466.486535] Client: [0m---before writing in log upd_msg->data.sensor_type= 2
[91m [1776449466.486540] Client: [0m---before writing in log upd_msg->data.sid= device_0
[91m [1776449466.486546] Client: [0m---after writing in log upd_msg->seq_no = 73
[91m [1776449466.486551] Client: [0m---after writing in log upd_msg->data.sensor_type = 2
[91m [1776449466.486556] Client: [0m---after writing in log upd_msg->reliable = 1
[91m [1776449467.52587] BSON Message: [0mInside sensor type parsing.
[91m [1776449467.52596] BSON Message: [0mInside sensor type parsing end.
[91m [1776449467.52600] BSON Message: [0mInside sid parsing
[91m [1776449467.52604] BSON Message: [0mInside temp1 parsing.
[91m [1776449467.52609] Client: [0m---before writing in log upd_msg->seq_no= 171
[91m [1776449467.52612] Client: [0m---before writing in log upd_msg->type= 4
[91m [1776449467.52616] Client: [0m---before writing in log upd_msg->frag_no= 0
[91m [1776449467.52620] Client: [0m---before writing in log upd_msg->reliable= 1
[91m [1776449467.52623] Client: [0m---before writing in log upd_msg->data.sensor_type= 1
[91m [1776449467.52627] Client: [0m---before writing in log upd_msg->data.sid= temp_1
[91m [1776449467.52632] Client: [0m---after writing in log upd_msg->seq_no = 171
[91m [1776449467.52635] Client: [0m---after writing in log upd_msg->data.sensor_type = 1
[91m [1776449467.52639] Client: [0m---after writing in log upd_msg->reliable = 1
[91m [1776449468.51878] BSON Message: [0mInside sensor type parsing.
[91m [1776449468.51888] BSON Message: [0mInside sensor type parsing end.
[91m [1776449468.51893] BSON Message: [0mInside sid parsing
[91m [1776449468.51897] BSON Message: [0mInside temp1 parsing.
[91m [1776449468.51906] Client: [0m---before writing in log upd_msg->seq_no= 172
[91m [1776449468.51910] Client: [0m---before writing in log upd_msg->type= 4
[91m [1776449468.51914] Client: [0m---before writing in log upd_msg->frag_no= 0
[91m [1776449468.51928] Client: [0m---before writing in log upd_msg->reliable= 1
[91m [1776449468.51932] Client: [0m---before writing in log upd_msg->data.sensor_type= 1
[91m [1776449468.51936] Client: [0m---before writing in log upd_msg->data.sid= temp_1
[91m [1776449468.51941] Client: [0m---after writing in log upd_msg->seq_no = 172
[91m [1776449468.51944] Client: [0m---after writing in log upd_msg->data.sensor_type = 1
[91m [1776449468.51948] Client: [0m---after writing in log upd_msg->reliable = 1
[91m [1776449469.52039] BSON Message: [0mInside sensor type parsing.
[91m [1776449469.52051] BSON Message: [0mInside sensor type parsing end.
[91m [1776449469.52056] BSON Message: [0mInside sid parsing
[91m [1776449469.52061] BSON Message: [0mInside temp1 parsing.
[91m [1776449469.52067] Client: [0m---before writing in log upd_msg->seq_no= 173
[91m [1776449469.52072] Client: [0m---before writing in log upd_msg->type= 4
[91m [1776449469.52077] Client: [0m---before writing in log upd_msg->frag_no= 0
[91m [1776449469.52081] Client: [0m---before writing in log upd_msg->reliable= 1
[91m [1776449469.52086] Client: [0m---before writing in log upd_msg->data.sensor_type= 1
[91m [1776449469.52091] Client: [0m---before writing in log upd_msg->data.sid= temp_1
[91m [1776449469.52096] Client: [0m---after writing in log upd_msg->seq_no = 173
[91m [1776449469.52101] Client: [0m---after writing in log upd_msg->data.sensor_type = 1
[91m [1776449469.52105] Client: [0m---after writing in log upd_msg->reliable = 1
[91m [1776449470.13181] BSON Message: [0mInside sensor type parsing.
[91m [1776449470.13189] BSON Message: [0mInside sensor type parsing end.
[91m [1776449470.13193] BSON Message: [0mInside sid parsing
[91m [1776449470.13197] Client: [0m---before writing in log upd_msg->seq_no= 74
[91m [1776449470.13200] Client: [0m---before writing in log upd_msg->type= 4
[91m [1776449470.13203] Client: [0m---before writing in log upd_msg->frag_no= 0
[91m [1776449470.13206] Client: [0m---before writing in log upd_msg->reliable= 1
[91m [1776449470.13209] Client: [0m---before writing in log upd_msg->data.sensor_type= 2
[91m [1776449470.13212] Client: [0m---before writing in log upd_msg->data.sid= device_0
[91m [1776449470.13216] Client: [0m---after writing in log upd_msg->seq_no = 74
[91m [1776449470.13219] Client: [0m---after writing in log upd_msg->data.sensor_type = 2
[91m [1776449470.13222] Client: [0m---after writing in log upd_msg->reliable = 1
[91m [1776449470.52449] BSON Message: [0mInside sensor type parsing.
[91m [1776449470.52462] BSON Message: [0mInside sensor type parsing end.
[91m [1776449470.52468] BSON Message: [0mInside sid parsing
[91m [1776449470.52474] BSON Message: [0mInside temp1 parsing.
[91m [1776449470.52482] Client: [0m---before writing in log upd_msg->seq_no= 174
[91m [1776449470.52488] Client: [0m---before writing in log upd_msg->type= 4
[91m [1776449470.52493] Client: [0m---before writing in log upd_msg->frag_no= 0
[91m [1776449470.52499] Client: [0m---before writing in log upd_msg->reliable= 0
[91m [1776449470.52504] Client: [0m---before writing in log upd_msg->data.sensor_type= 1
[91m [1776449470.52510] Client: [0m---before writing in log upd_msg->data.sid= temp_1
[91m [1776449470.52516] Client: [0m---after writing in log upd_msg->seq_no = 174
[91m [1776449470.52522] Client: [0m---after writing in log upd_msg->data.sensor_type = 1
[91m [1776449470.52528] Client: [0m---after writing in log upd_msg->reliable = 0
[91m [1776449470.695509] BSON Message: [0mInside sensor type parsing.
[91m [1776449470.695521] BSON Message: [0mInside sensor type parsing end.
[91m [1776449470.695526] BSON Message: [0mInside sid parsing
[91m [1776449470.695531] BSON Message: [0mInside gps1 parsing.
[91m [1776449470.695542] Client: [0m---before writing in log upd_msg->seq_no= 19
[91m [1776449470.695547] Client: [0m---before writing in log upd_msg->type= 4
[91m [1776449470.695551] Client: [0m---before writing in log upd_msg->frag_no= 0
[91m [1776449470.695555] Client: [0m---before writing in log upd_msg->reliable= 1
[91m [1776449470.695559] Client: [0m---before writing in log upd_msg->data.sensor_type= 3
[91m [1776449470.695562] Client: [0m---before writing in log upd_msg->data.sid= gps_2
[91m [1776449470.695569] Client: [0m---after writing in log upd_msg->seq_no = 19
[91m [1776449470.695573] Client: [0m---after writing in log upd_msg->data.sensor_type = 3
[91m [1776449470.695577] Client: [0m---after writing in log upd_msg->reliable = 1
[91m [1776449471.53039] BSON Message: [0mInside sensor type parsing.
[91m [1776449471.53047] BSON Message: [0mInside sensor type parsing end.
[91m [1776449471.53051] BSON Message: [0mInside sid parsing
[91m [1776449471.53054] BSON Message: [0mInside temp1 parsing.
[91m [1776449471.53060] Client: [0m---before writing in log upd_msg->seq_no= 175
[91m [1776449471.53066] Client: [0m---before writing in log upd_msg->type= 4
[91m [1776449471.53071] Client: [0m---before writing in log upd_msg->frag_no= 0
[91m [1776449471.53075] Client: [0m---before writing in log upd_msg->reliable= 1
[91m [1776449471.53079] Client: [0m---before writing in log upd_msg->data.sensor_type= 1
[91m [1776449471.53083] Client: [0m---before writing in log upd_msg->data.sid= temp_1
[91m [1776449471.53088] Client: [0m---after writing in log upd_msg->seq_no = 175
[91m [1776449471.53092] Client: [0m---after writing in log upd_msg->data.sensor_type = 1
[91m [1776449471.53096] Client: [0m---after writing in log upd_msg->reliable = 1
[91m [1776449472.53127] BSON Message: [0mInside sensor type parsing.
[91m [1776449472.53138] BSON Message: [0mInside sensor type parsing end.
[91m [1776449472.53143] BSON Message: [0mInside sid parsing
[91m [1776449472.53148] BSON Message: [0mInside temp1 parsing.
[91m [1776449472.53154] Client: [0m---before writing in log upd_msg->seq_no= 176
[91m [1776449472.53159] Client: [0m---before writing in log upd_msg->type= 4
[91m [1776449472.53165] Client: [0m---before writing in log upd_msg->frag_no= 0
[91m [1776449472.53170] Client: [0m---before writing in log upd_msg->reliable= 1
[91m [1776449472.53174] Client: [0m---before writing in log upd_msg->data.sensor_type= 1
[91m [1776449472.53177] Client: [0m---before writing in log upd_msg->data.sid= temp_1
[91m [1776449472.53182] Client: [0m---after writing in log upd_msg->seq_no = 176
[91m [1776449472.53186] Client: [0m---after writing in log upd_msg->data.sensor_type = 1
[91m [1776449472.53191] Client: [0m---after writing in log upd_msg->reliable = 1
[91m [1776449473.53598] BSON Message: [0mInside sensor type parsing.
[91m [1776449473.53614] BSON Message: [0mInside sensor type parsing end.
[91m [1776449473.53623] BSON Message: [0mInside sid parsing
[91m [1776449473.53633] BSON Message: [0mInside temp1 parsing.
[91m [1776449473.53645] Client: [0m---before writing in log upd_msg->seq_no= 177
[91m [1776449473.53656] Client: [0m---before writing in log upd_msg->type= 4
[91m [1776449473.53664] Client: [0m---before writing in log upd_msg->frag_no= 0
[91m [1776449473.53673] Client: [0m---before writing in log upd_msg->reliable= 1
[91m [1776449473.53684] Client: [0m---before writing in log upd_msg->data.sensor_type= 1
[91m [1776449473.53694] Client: [0m---before writing in log upd_msg->data.sid= temp_1
[91m [1776449473.53703] Client: [0m---after writing in log upd_msg->seq_no = 177
[91m [1776449473.53712] Client: [0m---after writing in log upd_msg->data.sensor_type = 1
[91m [1776449473.53722] Client: [0m---after writing in log upd_msg->reliable = 1
[91m [1776449473.758734] BSON Message: [0mInside sensor type parsing.
[91m [1776449473.758745] BSON Message: [0mInside sensor type parsing end.
[91m [1776449473.758752] BSON Message: [0mInside sid parsing
[91m [1776449473.758768] Client: [0m---before writing in log upd_msg->seq_no= 75
[91m [1776449473.758773] Client: [0m---before writing in log upd_msg->type= 4
[91m [1776449473.758778] Client: [0m---before writing in log upd_msg->frag_no= 0
[91m [1776449473.758783] Client: [0m---before writing in log upd_msg->reliable= 1
[91m [1776449473.758789] Client: [0m---before writing in log upd_msg->data.sensor_type= 2
[91m [1776449473.758794] Client: [0m---before writing in log upd_msg->data.sid= device_0
[91m [1776449473.758800] Client: [0m---after writing in log upd_msg->seq_no = 75
[91m [1776449473.758805] Client: [0m---after writing in log upd_msg->data.sensor_type = 2
[91m [1776449473.758810] Client: [0m---after writing in log upd_msg->reliable = 1
[91m [1776449474.54649] BSON Message: [0mInside sensor type parsing.
[91m [1776449474.54662] BSON Message: [0mInside sensor type parsing end.
[91m [1776449474.54667] BSON Message: [0mInside sid parsing
[91m [1776449474.54672] BSON Message: [0mInside temp1 parsing.
[91m [1776449474.54678] Client: [0m---before writing in log upd_msg->seq_no= 178
[91m [1776449474.54684] Client: [0m---before writing in log upd_msg->type= 4
[91m [1776449474.54688] Client: [0m---before writing in log upd_msg->frag_no= 0
[91m [1776449474.54693] Client: [0m---before writing in log upd_msg->reliable= 1
[91m [1776449474.54698] Client: [0m---before writing in log upd_msg->data.sensor_type= 1
[91m [1776449474.54703] Client: [0m---before writing in log upd_msg->data.sid= temp_1
[91m [1776449474.54708] Client: [0m---after writing in log upd_msg->seq_no = 178
[91m [1776449474.54713] Client: [0m---after writing in log upd_msg->data.sensor_type = 1
[91m [1776449474.54717] Client: [0m---after writing in log upd_msg->reliable = 1
[91m [1776449474.82825] BSON Message: [0mInside sensor type parsing.
[91m [1776449474.82834] BSON Message: [0mInside sensor type parsing end.
[91m [1776449474.82839] BSON Message: [0mInside sid parsing
[91m [1776449474.82844] Client: [0m---before writing in log upd_msg->seq_no= 76
[91m [1776449474.82848] Client: [0m---before writing in log upd_msg->type= 4
[91m [1776449474.82852] Client: [0m---before writing in log upd_msg->frag_no= 0
[91m [1776449474.82856] Client: [0m---before writing in log upd_msg->reliable= 1
[91m [1776449474.82860] Client: [0m---before writing in log upd_msg->data.sensor_type= 2
[91m [1776449474.82864] Client: [0m---before writing in log upd_msg->data.sid= device_0
[91m [1776449474.82869] Client: [0m---after writing in log upd_msg->seq_no = 76
[91m [1776449474.82873] Client: [0m---after writing in log upd_msg->data.sensor_type = 2
[91m [1776449474.82876] Client: [0m---after writing in log upd_msg->reliable = 1
[91m [1776449475.53930] BSON Message: [0mInside sensor type parsing.
[91m [1776449475.53940] BSON Message: [0mInside sensor type parsing end.
[91m [1776449475.53950] BSON Message: [0mInside sid parsing
[91m [1776449475.53955] BSON Message: [0mInside temp1 parsing.
[91m [1776449475.53960] Client: [0m---before writing in log upd_msg->seq_no= 179
[91m [1776449475.53965] Client: [0m---before writing in log upd_msg->type= 4
[91m [1776449475.53969] Client: [0m---before writing in log upd_msg->frag_no= 0
[91m [1776449475.53974] Client: [0m---before writing in log upd_msg->reliable= 1
[91m [1776449475.53978] Client: [0m---before writing in log upd_msg->data.sensor_type= 1
[91m [1776449475.53983] Client: [0m---before writing in log upd_msg->data.sid= temp_1
[91m [1776449475.53989] Client: [0m---after writing in log upd_msg->seq_no = 179
[91m [1776449475.53995] Client: [0m---after writing in log upd_msg->data.sensor_type = 1
[91m [1776449475.54000] Client: [0m---after writing in log upd_msg->reliable = 1
[91m [1776449476.54347] BSON Message: [0mInside sensor type parsing.
[91m [1776449476.54360] BSON Message: [0mInside sensor type parsing end.
[91m [1776449476.54366] BSON Message: [0mInside sid parsing
[91m [1776449476.54373] BSON Message: [0mInside temp1 parsing.
[91m [1776449476.54387] Client: [0m---before writing in log upd_msg->seq_no= 180
[91m [1776449476.54393] Client: [0m---before writing in log upd_msg->type= 4
[91m [1776449476.54399] Client: [0m---before writing in log upd_msg->frag_no= 0
[91m [1776449476.54404] Client: [0m---before writing in log upd_msg->reliable= 1
[91m [1776449476.54410] Client: [0m---before writing in log upd_msg->data.sensor_type= 1
[91m [1776449476.54415] Client: [0m---before writing in log upd_msg->data.sid= temp_1
[91m [1776449476.54422] Client: [0m---after writing in log upd_msg->seq_no = 180
[91m [1776449476.54427] Client: [0m---after writing in log upd_msg->data.sensor_type = 1
[91m [1776449476.54433] Client: [0m---after writing in log upd_msg->reliable = 1
[91m [1776449477.54547] BSON Message: [0mInside sensor type parsing.
[91m [1776449477.54558] BSON Message: [0mInside sensor type parsing end.
[91m [1776449477.54563] BSON Message: [0mInside sid parsing
[91m [1776449477.54567] BSON Message: [0mInside temp1 parsing.
[91m [1776449477.54573] Client: [0m---before writing in log upd_msg->seq_no= 181
[91m [1776449477.54577] Client: [0m---before writing in log upd_msg->type= 4
[91m [1776449477.54582] Client: [0m---before writing in log upd_msg->frag_no= 0
[91m [1776449477.54586] Client: [0m---before writing in log upd_msg->reliable= 1
[91m [1776449477.54591] Client: [0m---before writing in log upd_msg->data.sensor_type= 1
[91m [1776449477.54595] Client: [0m---before writing in log upd_msg->data.sid= temp_1
[91m [1776449477.54600] Client: [0m---after writing in log upd_msg->seq_no = 181
[91m [1776449477.54605] Client: [0m---after writing in log upd_msg->data.sensor_type = 1
[91m [1776449477.54609] Client: [0m---after writing in log upd_msg->reliable = 1
[91m [1776449477.974836] BSON Message: [0mInside sensor type parsing.
[91m [1776449477.974847] BSON Message: [0mInside sensor type parsing end.
[91m [1776449477.974852] BSON Message: [0mInside sid parsing
[91m [1776449477.974858] Client: [0m---before writing in log upd_msg->seq_no= 77
[91m [1776449477.974863] Client: [0m---before writing in log upd_msg->type= 4
[91m [1776449477.974867] Client: [0m---before writing in log upd_msg->frag_no= 0
[91m [1776449477.974872] Client: [0m---before writing in log upd_msg->reliable= 1
[91m [1776449477.974876] Client: [0m---before writing in log upd_msg->data.sensor_type= 2
[91m [1776449477.974882] Client: [0m---before writing in log upd_msg->data.sid= device_0
[91m [1776449477.974889] Client: [0m---after writing in log upd_msg->seq_no = 77
[91m [1776449477.974894] Client: [0m---after writing in log upd_msg->data.sensor_type = 2
[91m [1776449477.974898] Client: [0m---after writing in log upd_msg->reliable = 1
[91m [1776449478.54856] BSON Message: [0mInside sensor type parsing.
[91m [1776449478.54866] BSON Message: [0mInside sensor type parsing end.
[91m [1776449478.54870] BSON Message: [0mInside sid parsing
[91m [1776449478.54874] BSON Message: [0mInside temp1 parsing.
[91m [1776449478.54879] Client: [0m---before writing in log upd_msg->seq_no= 182
[91m [1776449478.54882] Client: [0m---before writing in log upd_msg->type= 4
[91m [1776449478.54887] Client: [0m---before writing in log upd_msg->frag_no= 0
[91m [1776449478.54892] Client: [0m---before writing in log upd_msg->reliable= 1
[91m [1776449478.54897] Client: [0m---before writing in log upd_msg->data.sensor_type= 1
[91m [1776449478.54902] Client: [0m---before writing in log upd_msg->data.sid= temp_1
[91m [1776449478.54907] Client: [0m---after writing in log upd_msg->seq_no = 182
[91m [1776449478.54912] Client: [0m---after writing in log upd_msg->data.sensor_type = 1
[91m [1776449478.54928] Client: [0m---after writing in log upd_msg->reliable = 1
[91m [1776449479.55826] BSON Message: [0mInside sensor type parsing.
[91m [1776449479.55835] BSON Message: [0mInside sensor type parsing end.
[91m [1776449479.55839] BSON Message: [0mInside sid parsing
[91m [1776449479.55843] BSON Message: [0mInside temp1 parsing.
[91m [1776449479.55865] Client: [0m---before writing in log upd_msg->seq_no= 183
[91m [1776449479.55871] Client: [0m---before writing in log upd_msg->type= 4
[91m [1776449479.55874] Client: [0m---before writing in log upd_msg->frag_no= 0
[91m [1776449479.55877] Client: [0m---before writing in log upd_msg->reliable= 1
[91m [1776449479.55880] Client: [0m---before writing in log upd_msg->data.sensor_type= 1
[91m [1776449479.55883] Client: [0m---before writing in log upd_msg->data.sid= temp_1
[91m [1776449479.55887] Client: [0m---after writing in log upd_msg->seq_no = 183
[91m [1776449479.55890] Client: [0m---after writing in log upd_msg->data.sensor_type = 1
[91m [1776449479.55893] Client: [0m---after writing in log upd_msg->reliable = 1
[91m [1776449480.55798] BSON Message: [0mInside sensor type parsing.
[91m [1776449480.55809] BSON Message: [0mInside sensor type parsing end.
[91m [1776449480.55814] BSON Message: [0mInside sid parsing
[91m [1776449480.55818] BSON Message: [0mInside temp1 parsing.
[91m [1776449480.55823] Client: [0m---before writing in log upd_msg->seq_no= 184
[91m [1776449480.55827] Client: [0m---before writing in log upd_msg->type= 4
[91m [1776449480.55831] Client: [0m---before writing in log upd_msg->frag_no= 0
[91m [1776449480.55835] Client: [0m---before writing in log upd_msg->reliable= 1
[91m [1776449480.55839] Client: [0m---before writing in log upd_msg->data.sensor_type= 1
[91m [1776449480.55843] Client: [0m---before writing in log upd_msg->data.sid= temp_1
[91m [1776449480.55848] Client: [0m---after writing in log upd_msg->seq_no = 184
[91m [1776449480.55852] Client: [0m---after writing in log upd_msg->data.sensor_type = 1
[91m [1776449480.55856] Client: [0m---after writing in log upd_msg->reliable = 1
[91m [1776449481.55936] BSON Message: [0mInside sensor type parsing.
[91m [1776449481.55949] BSON Message: [0mInside sensor type parsing end.
[91m [1776449481.55955] BSON Message: [0mInside sid parsing
[91m [1776449481.55961] BSON Message: [0mInside temp1 parsing.
[91m [1776449481.55967] Client: [0m---before writing in log upd_msg->seq_no= 185
[91m [1776449481.55973] Client: [0m---before writing in log upd_msg->type= 4
[91m [1776449481.55978] Client: [0m---before writing in log upd_msg->frag_no= 0
[91m [1776449481.55983] Client: [0m---before writing in log upd_msg->reliable= 1
[91m [1776449481.55988] Client: [0m---before writing in log upd_msg->data.sensor_type= 1
[91m [1776449481.55994] Client: [0m---before writing in log upd_msg->data.sid= temp_1
[91m [1776449481.56000] Client: [0m---after writing in log upd_msg->seq_no = 185
[91m [1776449481.56005] Client: [0m---after writing in log upd_msg->data.sensor_type = 1
[91m [1776449481.56011] Client: [0m---after writing in log upd_msg->reliable = 1
[91m [1776449482.56264] BSON Message: [0mInside sensor type parsing.
[91m [1776449482.56288] BSON Message: [0mInside sensor type parsing end.
[91m [1776449482.56294] BSON Message: [0mInside sid parsing
[91m [1776449482.56299] BSON Message: [0mInside temp1 parsing.
[91m [1776449482.56305] Client: [0m---before writing in log upd_msg->seq_no= 186
[91m [1776449482.56310] Client: [0m---before writing in log upd_msg->type= 4
[91m [1776449482.56314] Client: [0m---before writing in log upd_msg->frag_no= 0
[91m [1776449482.56319] Client: [0m---before writing in log upd_msg->reliable= 1
[91m [1776449482.56324] Client: [0m---before writing in log upd_msg->data.sensor_type= 1
[91m [1776449482.56328] Client: [0m---before writing in log upd_msg->data.sid= temp_1
[91m [1776449482.56333] Client: [0m---after writing in log upd_msg->seq_no = 186
[91m [1776449482.56338] Client: [0m---after writing in log upd_msg->data.sensor_type = 1
[91m [1776449482.56343] Client: [0m---after writing in log upd_msg->reliable = 1
[91m [1776449482.922608] BSON Message: [0mInside sensor type parsing.
[91m [1776449482.922618] BSON Message: [0mInside sensor type parsing end.
[91m [1776449482.922622] BSON Message: [0mInside sid parsing
[91m [1776449482.922641] Client: [0m---before writing in log upd_msg->seq_no= 78
[91m [1776449482.922650] Client: [0m---before writing in log upd_msg->type= 4
[91m [1776449482.922670] Client: [0m---before writing in log upd_msg->frag_no= 0
[91m [1776449482.922675] Client: [0m---before writing in log upd_msg->reliable= 1
[91m [1776449482.922678] Client: [0m---before writing in log upd_msg->data.sensor_type= 2
[91m [1776449482.922681] Client: [0m---before writing in log upd_msg->data.sid= device_0
[91m [1776449482.922685] Client: [0m---after writing in log upd_msg->seq_no = 78
[91m [1776449482.922689] Client: [0m---after writing in log upd_msg->data.sensor_type = 2
[91m [1776449482.922692] Client: [0m---after writing in log upd_msg->reliable = 1
[91m [1776449483.56474] BSON Message: [0mInside sensor type parsing.
[91m [1776449483.56484] BSON Message: [0mInside sensor type parsing end.
[91m [1776449483.56492] BSON Message: [0mInside sid parsing
[91m [1776449483.56496] BSON Message: [0mInside temp1 parsing.
[91m [1776449483.56501] Client: [0m---before writing in log upd_msg->seq_no= 187
[91m [1776449483.56506] Client: [0m---before writing in log upd_msg->type= 4
[91m [1776449483.56510] Client: [0m---before writing in log upd_msg->frag_no= 0
[91m [1776449483.56515] Client: [0m---before writing in log upd_msg->reliable= 1
[91m [1776449483.56520] Client: [0m---before writing in log upd_msg->data.sensor_type= 1
[91m [1776449483.56525] Client: [0m---before writing in log upd_msg->data.sid= temp_1
[91m [1776449483.56530] Client: [0m---after writing in log upd_msg->seq_no = 187
[91m [1776449483.56534] Client: [0m---after writing in log upd_msg->data.sensor_type = 1
[91m [1776449483.56538] Client: [0m---after writing in log upd_msg->reliable = 1
[91m [1776449483.434752] BSON Message: [0mInside sensor type parsing.
[91m [1776449483.434761] BSON Message: [0mInside sensor type parsing end.
[91m [1776449483.434766] BSON Message: [0mInside sid parsing
[91m [1776449483.434773] Client: [0m---before writing in log upd_msg->seq_no= 79
[91m [1776449483.434779] Client: [0m---before writing in log upd_msg->type= 4
[91m [1776449483.434784] Client: [0m---before writing in log upd_msg->frag_no= 0
[91m [1776449483.434789] Client: [0m---before writing in log upd_msg->reliable= 1
[91m [1776449483.434793] Client: [0m---before writing in log upd_msg->data.sensor_type= 2
[91m [1776449483.434796] Client: [0m---before writing in log upd_msg->data.sid= device_0
[91m [1776449483.434801] Client: [0m---after writing in log upd_msg->seq_no = 79
[91m [1776449483.434805] Client: [0m---after writing in log upd_msg->data.sensor_type = 2
[91m [1776449483.434811] Client: [0m---after writing in log upd_msg->reliable = 1
[91m [1776449484.57438] BSON Message: [0mInside sensor type parsing.
[91m [1776449484.57447] BSON Message: [0mInside sensor type parsing end.
[91m [1776449484.57451] BSON Message: [0mInside sid parsing
[91m [1776449484.57455] BSON Message: [0mInside temp1 parsing.
[91m [1776449484.57460] Client: [0m---before writing in log upd_msg->seq_no= 188
[91m [1776449484.57463] Client: [0m---before writing in log upd_msg->type= 4
[91m [1776449484.57467] Client: [0m---before writing in log upd_msg->frag_no= 0
[91m [1776449484.57471] Client: [0m---before writing in log upd_msg->reliable= 1
[91m [1776449484.57475] Client: [0m---before writing in log upd_msg->data.sensor_type= 1
[91m [1776449484.57478] Client: [0m---before writing in log upd_msg->data.sid= temp_1
[91m [1776449484.57484] Client: [0m---after writing in log upd_msg->seq_no = 188
[91m [1776449484.57489] Client: [0m---after writing in log upd_msg->data.sensor_type = 1
[91m [1776449484.57493] Client: [0m---after writing in log upd_msg->reliable = 1
[91m [1776449484.915529] BSON Message: [0mInside sensor type parsing.
[91m [1776449484.915540] BSON Message: [0mInside sensor type parsing end.
[91m [1776449484.915546] BSON Message: [0mInside sid parsing
[91m [1776449484.915554] Client: [0m---before writing in log upd_msg->seq_no= 80
[91m [1776449484.915565] Client: [0m---before writing in log upd_msg->type= 4
[91m [1776449484.915570] Client: [0m---before writing in log upd_msg->frag_no= 0
[91m [1776449484.915576] Client: [0m---before writing in log upd_msg->reliable= 1
[91m [1776449484.915581] Client: [0m---before writing in log upd_msg->data.sensor_type= 2
[91m [1776449484.915587] Client: [0m---before writing in log upd_msg->data.sid= device_0
[91m [1776449484.915593] Client: [0m---after writing in log upd_msg->seq_no = 80
[91m [1776449484.915599] Client: [0m---after writing in log upd_msg->data.sensor_type = 2
[91m [1776449484.915605] Client: [0m---after writing in log upd_msg->reliable = 1
[91m [1776449485.57186] BSON Message: [0mInside sensor type parsing.
[91m [1776449485.57195] BSON Message: [0mInside sensor type parsing end.
[91m [1776449485.57200] BSON Message: [0mInside sid parsing
[91m [1776449485.57206] BSON Message: [0mInside temp1 parsing.
[91m [1776449485.57212] Client: [0m---before writing in log upd_msg->seq_no= 189
[91m [1776449485.57216] Client: [0m---before writing in log upd_msg->type= 4
[91m [1776449485.57221] Client: [0m---before writing in log upd_msg->frag_no= 0
[91m [1776449485.57226] Client: [0m---before writing in log upd_msg->reliable= 1
[91m [1776449485.57232] Client: [0m---before writing in log upd_msg->data.sensor_type= 1
[91m [1776449485.57236] Client: [0m---before writing in log upd_msg->data.sid= temp_1
[91m [1776449485.57240] Client: [0m---after writing in log upd_msg->seq_no = 189
[91m [1776449485.57244] Client: [0m---after writing in log upd_msg->data.sensor_type = 1
[91m [1776449485.57247] Client: [0m---after writing in log upd_msg->reliable = 1
[91m [1776449485.375672] BSON Message: [0mInside sensor type parsing.
[91m [1776449485.375685] BSON Message: [0mInside sensor type parsing end.
[91m [1776449485.375690] BSON Message: [0mInside sid parsing
[91m [1776449485.375693] BSON Message: [0mInside gps1 parsing.
[91m [1776449485.375698] Client: [0m---before writing in log upd_msg->seq_no= 20
[91m [1776449485.375702] Client: [0m---before writing in log upd_msg->type= 4
[91m [1776449485.375706] Client: [0m---before writing in log upd_msg->frag_no= 0
[91m [1776449485.375710] Client: [0m---before writing in log upd_msg->reliable= 1
[91m [1776449485.375713] Client: [0m---before writing in log upd_msg->data.sensor_type= 3
[91m [1776449485.375718] Client: [0m---before writing in log upd_msg->data.sid= gps_2
[91m [1776449485.375728] Client: [0m---after writing in log upd_msg->seq_no = 20
[91m [1776449485.375733] Client: [0m---after writing in log upd_msg->data.sensor_type = 3
[91m [1776449485.375737] Client: [0m---after writing in log upd_msg->reliable = 1
[91m [1776449486.57333] BSON Message: [0mInside sensor type parsing.
[91m [1776449486.57345] BSON Message: [0mInside sensor type parsing end.
[91m [1776449486.57350] BSON Message: [0mInside sid parsing
[91m [1776449486.57354] BSON Message: [0mInside temp1 parsing.
[91m [1776449486.57357] Client: [0m---before writing in log upd_msg->seq_no= 190
[91m [1776449486.57361] Client: [0m---before writing in log upd_msg->type= 4
[91m [1776449486.57365] Client: [0m---before writing in log upd_msg->frag_no= 0
[91m [1776449486.57369] Client: [0m---before writing in log upd_msg->reliable= 1
[91m [1776449486.57373] Client: [0m---before writing in log upd_msg->data.sensor_type= 1
[91m [1776449486.57377] Client: [0m---before writing in log upd_msg->data.sid= temp_1
[91m [1776449486.57382] Client: [0m---after writing in log upd_msg->seq_no = 190
[91m [1776449486.57386] Client: [0m---after writing in log upd_msg->data.sensor_type = 1
[91m [1776449486.57390] Client: [0m---after writing in log upd_msg->reliable = 1
[91m [1776449487.58094] BSON Message: [0mInside sensor type parsing.
[91m [1776449487.58104] BSON Message: [0mInside sensor type parsing end.
[91m [1776449487.58107] BSON Message: [0mInside sid parsing
[91m [1776449487.58110] BSON Message: [0mInside temp1 parsing.
[91m [1776449487.58114] Client: [0m---before writing in log upd_msg->seq_no= 191
[91m [1776449487.58121] Client: [0m---before writing in log upd_msg->type= 4
[91m [1776449487.58125] Client: [0m---before writing in log upd_msg->frag_no= 0
[91m [1776449487.58130] Client: [0m---before writing in log upd_msg->reliable= 1
[91m [1776449487.58133] Client: [0m---before writing in log upd_msg->data.sensor_type= 1
[91m [1776449487.58137] Client: [0m---before writing in log upd_msg->data.sid= temp_1
[91m [1776449487.58142] Client: [0m---after writing in log upd_msg->seq_no = 191
[91m [1776449487.58146] Client: [0m---after writing in log upd_msg->data.sensor_type = 1
[91m [1776449487.58150] Client: [0m---after writing in log upd_msg->reliable = 1
[91m [1776449487.777694] BSON Message: [0mInside sensor type parsing.
[91m [1776449487.777710] BSON Message: [0mInside sensor type parsing end.
[91m [1776449487.777717] BSON Message: [0mInside sid parsing
[91m [1776449487.777725] Client: [0m---before writing in log upd_msg->seq_no= 81
[91m [1776449487.777730] Client: [0m---before writing in log upd_msg->type= 4
[91m [1776449487.777735] Client: [0m---before writing in log upd_msg->frag_no= 0
[91m [1776449487.777740] Client: [0m---before writing in log upd_msg->reliable= 1
[91m [1776449487.777745] Client: [0m---before writing in log upd_msg->data.sensor_type= 2
[91m [1776449487.777751] Client: [0m---before writing in log upd_msg->data.sid= device_0
[91m [1776449487.777759] Client: [0m---after writing in log upd_msg->seq_no = 81
[91m [1776449487.777766] Client: [0m---after writing in log upd_msg->data.sensor_type = 2
[91m [1776449487.777770] Client: [0m---after writing in log upd_msg->reliable = 1
[91m [1776449488.58876] BSON Message: [0mInside sensor type parsing.
[91m [1776449488.58887] BSON Message: [0mInside sensor type parsing end.
[91m [1776449488.58893] BSON Message: [0mInside sid parsing
[91m [1776449488.58899] BSON Message: [0mInside temp1 parsing.
[91m [1776449488.58906] Client: [0m---before writing in log upd_msg->seq_no= 192
[91m [1776449488.58911] Client: [0m---before writing in log upd_msg->type= 4
[91m [1776449488.58914] Client: [0m---before writing in log upd_msg->frag_no= 0
[91m [1776449488.58928] Client: [0m---before writing in log upd_msg->reliable= 1
[91m [1776449488.58932] Client: [0m---before writing in log upd_msg->data.sensor_type= 1
[91m [1776449488.58937] Client: [0m---before writing in log upd_msg->data.sid= temp_1
[91m [1776449488.58943] Client: [0m---after writing in log upd_msg->seq_no = 192
[91m [1776449488.58948] Client: [0m---after writing in log upd_msg->data.sensor_type = 1
[91m [1776449488.58953] Client: [0m---after writing in log upd_msg->reliable = 1
[91m [1776449489.59292] BSON Message: [0mInside sensor type parsing.
[91m [1776449489.59305] BSON Message: [0mInside sensor type parsing end.
[91m [1776449489.59310] BSON Message: [0mInside sid parsing
[91m [1776449489.59314] BSON Message: [0mInside temp1 parsing.
 server.
Message type is 4
---------Update message arrived------------ 1
Got a message from the server.
Message type is 4
---------Update message arrived------------ 1
Got a message from the server.
Message type is 4
---------Update message arrived------------ 1
Got a message from the server.
Message type is 4
---------Update message arrived------------ 1
Got a message from the server.
Message type is 4
---------Update message arrived------------ 1
Got a message from the server.
Message type is 4
---------Update message arrived------------ 1
Got a message from the server.
Message type is 4
---------Update message arrived------------ 1
Got a message from the server.
Message type is 4
---------Update message arrived------------ 1
Got a message from the server.
Message type is 4
---------Update message arrived------------ 1
Got a message from the server.
Message type is 4
---------Update message arrived------------ 1
Got a message from the server.
Message type is 4
---------Update message arrived------------ 1
Got a message from the server.
Message type is 4
---------Update message arrived------------ 1
Got a message from the server.
Message type is 4
---------Update message arrived------------ 1
Got a message from the server.
Message type is 4
---------Update message arrived------------ 1
Got a message from the server.
Message type is 4
---------Update message arrived------------ 1
Got a message from the server.
Message type is 4
---------Update message arrived------------ 1
Got a message from the server.
Message type is 4
---------Update message arrived------------ 1
Got a message from the server.
Message type is 4
---------Update message arrived------------ 1
Got a message from the server.
Message type is 4
---------Update message arrived------------ 1
Got a message from the server.
Message type is 4
---------Update message arrived------------ 1
Got a message from the server.
Message type is 4
---------Update message arrived------------ 1
Got a message from the server.
Message type is 4
---------Update message arrived------------ 1
Got a message from the server.
Message type is 4
---------Update message arrived------------ 1
Got a message from the server.
Message type is 4
---------Update message arrived------------ 1
Got a message from the server.
Message type is 4
---------Update message arrived------------ 1
Got a message from the server.
Message type is 4
---------Update message arrived------------ 1
Got a message from the server.
Message type is 4
---------Update message arrived------------ 1
Got a message from the server.
Message type is 4
---------Update message arrived------------ 1
Got a message from the server.
Message type is 4
---------Update message arrived------------ 1
Got a message from the server.
Message type is 4
---------Update message arrived------------ 1
Got a message from the server.
Message type is 4
---------Update message arrived------------ 1
Got a message from the server.
Message type is 4
---------Update message arrived------------ 1
Got a message from the server.
Message type is 4
---------Update message arrived------------ 1
Got a message from the server.
Message type is 4
---------Update message arrived------------ 1
Got a message from the server.
Message type is 4
---------Update message arrived------------ 1
Got a message from the server.
Message type is 4
---------Update message arrived------------ 1
Got a message from the server.
Message type is 4
---------Update message arrived------------ 1
Got a message from the server.
Message type is 4
---------Update message arrived------------ 1
Got a message from the server.
Message type is 4
---------Update message arrived------------ 1
Got a message from the server.
Message type is 4
---------Update message arrived------------ 1
Got a message from the server.
Message type is 4
---------Update message arrived------------ 1
Got a message from the server.
Message type is 4
---------Update message arrived------------ 1
Got a message from the server.
Message type is 4
---------Update message arrived------------ 1
Got a message from the server.
Me[91m [1776449489.59329] Client: [0m---before writing in log upd_msg->seq_no= 193
[91m [1776449489.59333] Client: [0m---before writing in log upd_msg->type= 4
[91m [1776449489.59337] Client: [0m---before writing in log upd_msg->frag_no= 0
[91m [1776449489.59342] Client: [0m---before writing in log upd_msg->reliable= 1
[91m [1776449489.59346] Client: [0m---before writing in log upd_msg->data.sensor_type= 1
[91m [1776449489.59350] Client: [0m---before writing in log upd_msg->data.sid= temp_1
[91m [1776449489.59356] Client: [0m---after writing in log upd_msg->seq_no = 193
[91m [1776449489.59360] Client: [0m---after writing in log upd_msg->data.sensor_type = 1
[91m [1776449489.59365] Client: [0m---after writing in log upd_msg->reliable = 1
[91m [1776449490.58820] BSON Message: [0mInside sensor type parsing.
[91m [1776449490.58831] BSON Message: [0mInside sensor type parsing end.
[91m [1776449490.58834] BSON Message: [0mInside sid parsing
[91m [1776449490.58838] BSON Message: [0mInside temp1 parsing.
[91m [1776449490.58842] Client: [0m---before writing in log upd_msg->seq_no= 194
[91m [1776449490.58851] Client: [0m---before writing in log upd_msg->type= 4
[91m [1776449490.58855] Client: [0m---before writing in log upd_msg->frag_no= 0
[91m [1776449490.58859] Client: [0m---before writing in log upd_msg->reliable= 1
[91m [1776449490.58864] Client: [0m---before writing in log upd_msg->data.sensor_type= 1
[91m [1776449490.58868] Client: [0m---before writing in log upd_msg->data.sid= temp_1
[91m [1776449490.58873] Client: [0m---after writing in log upd_msg->seq_no = 194
[91m [1776449490.58877] Client: [0m---after writing in log upd_msg->data.sensor_type = 1
[91m [1776449490.58881] Client: [0m---after writing in log upd_msg->reliable = 1
[91m [1776449490.326579] BSON Message: [0mInside sensor type parsing.
[91m [1776449490.326590] BSON Message: [0mInside sensor type parsing end.
[91m [1776449490.326595] BSON Message: [0mInside sid parsing
[91m [1776449490.326601] Client: [0m---before writing in log upd_msg->seq_no= 82
[91m [1776449490.326606] Client: [0m---before writing in log upd_msg->type= 4
[91m [1776449490.326611] Client: [0m---before writing in log upd_msg->frag_no= 0
[91m [1776449490.326616] Client: [0m---before writing in log upd_msg->reliable= 1
[91m [1776449490.326621] Client: [0m---before writing in log upd_msg->data.sensor_type= 2
[91m [1776449490.326625] Client: [0m---before writing in log upd_msg->data.sid= device_0
[91m [1776449490.326631] Client: [0m---after writing in log upd_msg->seq_no = 82
[91m [1776449490.326637] Client: [0m---after writing in log upd_msg->data.sensor_type = 2
[91m [1776449490.326643] Client: [0m---after writing in log upd_msg->reliable = 1
[91m [1776449491.60134] BSON Message: [0mInside sensor type parsing.
[91m [1776449491.60152] BSON Message: [0mInside sensor type parsing end.
[91m [1776449491.60158] BSON Message: [0mInside sid parsing
[91m [1776449491.60164] BSON Message: [0mInside temp1 parsing.
[91m [1776449491.60170] Client: [0m---before writing in log upd_msg->seq_no= 195
[91m [1776449491.60175] Client: [0m---before writing in log upd_msg->type= 4
[91m [1776449491.60180] Client: [0m---before writing in log upd_msg->frag_no= 0
[91m [1776449491.60185] Client: [0m---before writing in log upd_msg->reliable= 1
[91m [1776449491.60190] Client: [0m---before writing in log upd_msg->data.sensor_type= 1
[91m [1776449491.60194] Client: [0m---before writing in log upd_msg->data.sid= temp_1
[91m [1776449491.60201] Client: [0m---after writing in log upd_msg->seq_no = 195
[91m [1776449491.60205] Client: [0m---after writing in log upd_msg->data.sensor_type = 1
[91m [1776449491.60210] Client: [0m---after writing in log upd_msg->reliable = 1
[91m [1776449491.103731] BSON Message: [0mInside sensor type parsing.
[91m [1776449491.103742] BSON Message: [0mInside sensor type parsing end.
[91m [1776449491.103748] BSON Message: [0mInside sid parsing
[91m [1776449491.103754] Client: [0m---before writing in log upd_msg->seq_no= 83
[91m [1776449491.103759] Client: [0m---before writing in log upd_msg->type= 4
[91m [1776449491.103764] Client: [0m---before writing in log upd_msg->frag_no= 0
[91m [1776449491.103768] Client: [0m---before writing in log upd_msg->reliable= 1
[91m [1776449491.103773] Client: [0m---before writing in log upd_msg->data.sensor_type= 2
[91m [1776449491.103777] Client: [0m---before writing in log upd_msg->data.sid= device_0
[91m [1776449491.103783] Client: [0m---after writing in log upd_msg->seq_no = 83
[91m [1776449491.103787] Client: [0m---after writing in log upd_msg->data.sensor_type = 2
[91m [1776449491.103791] Client: [0m---after writing in log upd_msg->reliable = 1
[91m [1776449491.949841] BSON Message: [0mInside sensor type parsing.
[91m [1776449491.949851] BSON Message: [0mInside sensor type parsing end.
[91m [1776449491.949855] BSON Message: [0mInside sid parsing
[91m [1776449491.949861] Client: [0m---before writing in log upd_msg->seq_no= 84
[91m [1776449491.949865] Client: [0m---before writing in log upd_msg->type= 4
[91m [1776449491.949872] Client: [0m---before writing in log upd_msg->frag_no= 0
[91m [1776449491.949875] Client: [0m---before writing in log upd_msg->reliable= 1
[91m [1776449491.949879] Client: [0m---before writing in log upd_msg->data.sensor_type= 2
[91m [1776449491.949882] Client: [0m---before writing in log upd_msg->data.sid= device_0
[91m [1776449491.949886] Client: [0m---after writing in log upd_msg->seq_no = 84
[91m [1776449491.949889] Client: [0m---after writing in log upd_msg->data.sensor_type = 2
[91m [1776449491.949892] Client: [0m---after writing in log upd_msg->reliable = 1
[91m [1776449492.59232] BSON Message: [0mInside sensor type parsing.
[91m [1776449492.59243] BSON Message: [0mInside sensor type parsing end.
[91m [1776449492.59248] BSON Message: [0mInside sid parsing
[91m [1776449492.59252] BSON Message: [0mInside temp1 parsing.
[91m [1776449492.59257] Client: [0m---before writing in log upd_msg->seq_no= 196
[91m [1776449492.59262] Client: [0m---before writing in log upd_msg->type= 4
[91m [1776449492.59265] Client: [0m---before writing in log upd_msg->frag_no= 0
[91m [1776449492.59269] Client: [0m---before writing in log upd_msg->reliable= 1
[91m [1776449492.59273] Client: [0m---before writing in log upd_msg->data.sensor_type= 1
[91m [1776449492.59277] Client: [0m---before writing in log upd_msg->data.sid= temp_1
[91m [1776449492.59281] Client: [0m---after writing in log upd_msg->seq_no = 196
[91m [1776449492.59285] Client: [0m---after writing in log upd_msg->data.sensor_type = 1
[91m [1776449492.59288] Client: [0m---after writing in log upd_msg->reliable = 1
[91m [1776449492.380767] BSON Message: [0mInside sensor type parsing.
[91m [1776449492.380782] BSON Message: [0mInside sensor type parsing end.
[91m [1776449492.380787] BSON Message: [0mInside sid parsing
[91m [1776449492.380793] Client: [0m---before writing in log upd_msg->seq_no= 85
[91m [1776449492.380798] Client: [0m---before writing in log upd_msg->type= 4
[91m [1776449492.380803] Client: [0m---before writing in log upd_msg->frag_no= 0
[91m [1776449492.380808] Client: [0m---before writing in log upd_msg->reliable= 1
[91m [1776449492.380812] Client: [0m---before writing in log upd_msg->data.sensor_type= 2
[91m [1776449492.380817] Client: [0m---before writing in log upd_msg->data.sid= device_0
[91m [1776449492.380822] Client: [0m---after writing in log upd_msg->seq_no = 85
[91m [1776449492.380826] Client: [0m---after writing in log upd_msg->data.sensor_type = 2
[91m [1776449492.380831] Client: [0m---after writing in log upd_msg->reliable = 1
[91m [1776449493.59835] BSON Message: [0mInside sensor type parsing.
[91m [1776449493.59846] BSON Message: [0mInside sensor type parsing end.
[91m [1776449493.59852] BSON Message: [0mInside sid parsing
[91m [1776449493.59857] BSON Message: [0mInside temp1 parsing.
[91m [1776449493.59863] Client: [0m---before writing in log upd_msg->seq_no= 197
[91m [1776449493.59868] Client: [0m---before writing in log upd_msg->type= 4
[91m [1776449493.59873] Client: [0m---before writing in log upd_msg->frag_no= 0
[91m [1776449493.59878] Client: [0m---before writing in log upd_msg->reliable= 1
[91m [1776449493.59882] Client: [0m---before writing in log upd_msg->data.sensor_type= 1
[91m [1776449493.59888] Client: [0m---before writing in log upd_msg->data.sid= temp_1
[91m [1776449493.59893] Client: [0m---after writing in log upd_msg->seq_no = 197
[91m [1776449493.59897] Client: [0m---after writing in log upd_msg->data.sensor_type = 1
[91m [1776449493.59902] Client: [0m---after writing in log upd_msg->reliable = 1
[91m [1776449494.59830] BSON Message: [0mInside sensor type parsing.
[91m [1776449494.59843] BSON Message: [0mInside sensor type parsing end.
[91m [1776449494.59847] BSON Message: [0mInside sid parsing
[91m [1776449494.59851] BSON Message: [0mInside temp1 parsing.
[91m [1776449494.59856] Client: [0m---before writing in log upd_msg->seq_no= 198
[91m [1776449494.59860] Client: [0m---before writing in log upd_msg->type= 4
[91m [1776449494.59869] Client: [0m---before writing in log upd_msg->frag_no= 0
[91m [1776449494.59873] Client: [0m---before writing in log upd_msg->reliable= 1
[91m [1776449494.59877] Client: [0m---before writing in log upd_msg->data.sensor_type= 1
[91m [1776449494.59881] Client: [0m---before writing in log upd_msg->data.sid= temp_1
[91m [1776449494.59885] Client: [0m---after writing in log upd_msg->seq_no = 198
[91m [1776449494.59889] Client: [0m---after writing in log upd_msg->data.sensor_type = 1
[91m [1776449494.59892] Client: [0m---after writing in log upd_msg->reliable = 1
[91m [1776449495.60573] BSON Message: [0mInside sensor type parsing.
[91m [1776449495.60585] BSON Message: [0mInside sensor type parsing end.
[91m [1776449495.60591] BSON Message: [0mInside sid parsing
[91m [1776449495.60596] BSON Message: [0mInside temp1 parsing.
[91m [1776449495.60602] Client: [0m---before writing in log upd_msg->seq_no= 199
[91m [1776449495.60606] Client: [0m---before writing in log upd_msg->type= 4
[91m [1776449495.60611] Client: [0m---before writing in log upd_msg->frag_no= 0
[91m [1776449495.60616] Client: [0m---before writing in log upd_msg->reliable= 1
[91m [1776449495.60621] Client: [0m---before writing in log upd_msg->data.sensor_type= 1
[91m [1776449495.60625] Client: [0m---before writing in log upd_msg->data.sid= temp_1
[91m [1776449495.60631] Client: [0m---after writing in log upd_msg->seq_no = 199
[91m [1776449495.60636] Client: [0m---after writing in log upd_msg->data.sensor_type = 1
[91m [1776449495.60640] Client: [0m---after writing in log upd_msg->reliable = 1
[91m [1776449496.60468] BSON Message: [0mInside sensor type parsing.
[91m [1776449496.60478] BSON Message: [0mInside sensor type parsing end.
[91m [1776449496.60483] BSON Message: [0mInside sid parsing
[91m [1776449496.60488] BSON Message: [0mInside temp1 parsing.
[91m [1776449496.60493] Client: [0m---before writing in log upd_msg->seq_no= 200
[91m [1776449496.60498] Client: [0m---before writing in log upd_msg->type= 4
[91m [1776449496.60503] Client: [0m---before writing in log upd_msg->frag_no= 0
[91m [1776449496.60508] Client: [0m---before writing in log upd_msg->reliable= 1
[91m [1776449496.60512] Client: [0m---before writing in log upd_msg->data.sensor_type= 1
[91m [1776449496.60518] Client: [0m---before writing in log upd_msg->data.sid= temp_1
[91m [1776449496.60525] Client: [0m---after writing in log upd_msg->seq_no = 200
[91m [1776449496.60531] Client: [0m---after writing in log upd_msg->data.sensor_type = 1
[91m [1776449496.60537] Client: [0m---after writing in log upd_msg->reliable = 1
[91m [1776449496.113554] BSON Message: [0mInside sensor type parsing.
[91m [1776449496.113564] BSON Message: [0mInside sensor type parsing end.
[91m [1776449496.113569] BSON Message: [0mInside sid parsing
[91m [1776449496.113575] Client: [0m---before writing in log upd_msg->seq_no= 86
[91m [1776449496.113581] Client: [0m---before writing in log upd_msg->type= 4
[91m [1776449496.113586] Client: [0m---before writing in log upd_msg->frag_no= 0
[91m [1776449496.113590] Client: [0m---before writing in log upd_msg->reliable= 1
[91m [1776449496.113595] Client: [0m---before writing in log upd_msg->data.sensor_type= 2
[91m [1776449496.113601] Client: [0m---before writing in log upd_msg->data.sid= device_0
[91m [1776449496.113608] Client: [0m---after writing in log upd_msg->seq_no = 86
[91m [1776449496.113613] Client: [0m---after writing in log upd_msg->data.sensor_type = 2
[91m [1776449496.113618] Client: [0m---after writing in log upd_msg->reliable = 1
[91m [1776449496.959835] BSON Message: [0mInside sensor type parsing.
[91m [1776449496.959852] BSON Message: [0mInside sensor type parsing end.
[91m [1776449496.959858] BSON Message: [0mInside sid parsing
[91m [1776449496.959866] Client: [0m---before writing in log upd_msg->seq_no= 87
[91m [1776449496.959872] Client: [0m---before writing in log upd_msg->type= 4
[91m [1776449496.959878] Client: [0m---before writing in log upd_msg->frag_no= 0
[91m [1776449496.959891] Client: [0m---before writing in log upd_msg->reliable= 1
[91m [1776449496.959897] Client: [0m---before writing in log upd_msg->data.sensor_type= 2
[91m [1776449496.959902] Client: [0m---before writing in log upd_msg->data.sid= device_0
[91m [1776449496.959909] Client: [0m---after writing in log upd_msg->seq_no = 87
[91m [1776449496.959925] Client: [0m---after writing in log upd_msg->data.sensor_type = 2
[91m [1776449496.959931] Client: [0m---after writing in log upd_msg->reliable = 1
[91m [1776449497.62042] BSON Message: [0mInside sensor type parsing.
[91m [1776449497.62057] BSON Message: [0mInside sensor type parsing end.
[91m [1776449497.62062] BSON Message: [0mInside sid parsing
[91m [1776449497.62068] BSON Message: [0mInside temp1 parsing.
[91m [1776449497.62073] Client: [0m---before writing in log upd_msg->seq_no= 201
[91m [1776449497.62077] Client: [0m---before writing in log upd_msg->type= 4
[91m [1776449497.62081] Client: [0m---before writing in log upd_msg->frag_no= 0
[91m [1776449497.62085] Client: [0m---before writing in log upd_msg->reliable= 0
[91m [1776449497.62090] Client: [0m---before writing in log upd_msg->data.sensor_type= 1
[91m [1776449497.62095] Client: [0m---before writing in log upd_msg->data.sid= temp_1
[91m [1776449497.62100] Client: [0m---after writing in log upd_msg->seq_no = 201
[91m [1776449497.62105] Client: [0m---after writing in log upd_msg->data.sensor_type = 1
[91m [1776449497.62109] Client: [0m---after writing in log upd_msg->reliable = 0
[91m [1776449498.61801] BSON Message: [0mInside sensor type parsing.
[91m [1776449498.61813] BSON Message: [0mInside sensor type parsing end.
[91m [1776449498.61817] BSON Message: [0mInside sid parsing
[91m [1776449498.61822] BSON Message: [0mInside temp1 parsing.
[91m [1776449498.61827] Client: [0m---before writing in log upd_msg->seq_no= 202
[91m [1776449498.61831] Client: [0m---before writing in log upd_msg->type= 4
[91m [1776449498.61835] Client: [0m---before writing in log upd_msg->frag_no= 0
[91m [1776449498.61839] Client: [0m---before writing in log upd_msg->reliable= 1
[91m [1776449498.61843] Client: [0m---before writing in log upd_msg->data.sensor_type= 1
[91m [1776449498.61847] Client: [0m---before writing in log upd_msg->data.sid= temp_1
[91m [1776449498.61852] Client: [0m---after writing in log upd_msg->seq_no = 202
[91m [1776449498.61857] Client: [0m---after writing in log upd_msg->data.sensor_type = 1
[91m [1776449498.61861] Client: [0m---after writing in log upd_msg->reliable = 1
[91m [1776449499.61440] BSON Message: [0mInside sensor type parsing.
[91m [1776449499.61451] BSON Message: [0mInside sensor type parsing end.
[91m [1776449499.61456] BSON Message: [0mInside sid parsing
[91m [1776449499.61460] BSON Message: [0mInside temp1 parsing.
[91m [1776449499.61465] Client: [0m---before writing in log upd_msg->seq_no= 203
[91m [1776449499.61469] Client: [0m---before writing in log upd_msg->type= 4
[91m [1776449499.61472] Client: [0m---before writing in log upd_msg->frag_no= 0
[91m [1776449499.61476] Client: [0m---before writing in log upd_msg->reliable= 1
[91m [1776449499.61480] Client: [0m---before writing in log upd_msg->data.sensor_type= 1
[91m [1776449499.61484] Client: [0m---before writing in log upd_msg->data.sid= temp_1
[91m [1776449499.61489] Client: [0m---after writing in log upd_msg->seq_no = 203
[91m [1776449499.61492] Client: [0m---after writing in log upd_msg->data.sensor_type = 1
[91m [1776449499.61496] Client: [0m---after writing in log upd_msg->reliable = 1
[91m [1776449499.658942] BSON Message: [0mInside sensor type parsing.
[91m [1776449499.658958] BSON Message: [0mInside sensor type parsing end.
[91m [1776449499.658965] BSON Message: [0mInside sid parsing
[91m [1776449499.658971] BSON Message: [0mInside gps1 parsing.
[91m [1776449499.658978] Client: [0m---before writing in log upd_msg->seq_no= 21
[91m [1776449499.658983] Client: [0m---before writing in log upd_msg->type= 4
[91m [1776449499.658994] Client: [0m---before writing in log upd_msg->frag_no= 0
[91m [1776449499.659000] Client: [0m---before writing in log upd_msg->reliable= 1
[91m [1776449499.659005] Client: [0m---before writing in log upd_msg->data.sensor_type= 3
[91m [1776449499.659009] Client: [0m---before writing in log upd_msg->data.sid= gps_2
[91m [1776449499.659020] Client: [0m---after writing in log upd_msg->seq_no = 21
[91m [1776449499.659025] Client: [0m---after writing in log upd_msg->data.sensor_type = 3
[91m [1776449499.659030] Client: [0m---after writing in log upd_msg->reliable = 1
[91m [1776449500.61758] BSON Message: [0mInside sensor type parsing.
[91m [1776449500.61771] BSON Message: [0mInside sensor type parsing end.
[91m [1776449500.61777] BSON Message: [0mInside sid parsing
[91m [1776449500.61782] BSON Message: [0mInside temp1 parsing.
[91m [1776449500.61788] Client: [0m---before writing in log upd_msg->seq_no= 204
[91m [1776449500.61793] Client: [0m---before writing in log upd_msg->type= 4
[91m [1776449500.61797] Client: [0m---before writing in log upd_msg->frag_no= 0
[91m [1776449500.61802] Client: [0m---before writing in log upd_msg->reliable= 1
[91m [1776449500.61807] Client: [0m---before writing in log upd_msg->data.sensor_type= 1
[91m [1776449500.61811] Client: [0m---before writing in log upd_msg->data.sid= temp_1
[91m [1776449500.61817] Client: [0m---after writing in log upd_msg->seq_no = 204
[91m [1776449500.61822] Client: [0m---after writing in log upd_msg->data.sensor_type = 1
[91m [1776449500.61826] Client: [0m---after writing in log upd_msg->reliable = 1
[91m [1776449501.61959] BSON Message: [0mInside sensor type parsing.
[91m [1776449501.61970] BSON Message: [0mInside sensor type parsing end.
[91m [1776449501.61974] BSON Message: [0mInside sid parsing
[91m [1776449501.61979] BSON Message: [0mInside temp1 parsing.
[91m [1776449501.61984] Client: [0m---before writing in log upd_msg->seq_no= 205
[91m [1776449501.61989] Client: [0m---before writing in log upd_msg->type= 4
[91m [1776449501.61993] Client: [0m---before writing in log upd_msg->frag_no= 0
[91m [1776449501.61997] Client: [0m---before writing in log upd_msg->reliable= 1
[91m [1776449501.62000] Client: [0m---before writing in log upd_msg->data.sensor_type= 1
[91m [1776449501.62004] Client: [0m---before writing in log upd_msg->data.sid= temp_1
[91m [1776449501.62009] Client: [0m---after writing in log upd_msg->seq_no = 205
[91m [1776449501.62012] Client: [0m---after writing in log upd_msg->data.sensor_type = 1
[91m [1776449501.62016] Client: [0m---after writing in log upd_msg->reliable = 1
[91m [1776449501.253141] BSON Message: [0mInside sensor type parsing.
[91m [1776449501.253151] BSON Message: [0mInside sensor type parsing end.
[91m [1776449501.253155] BSON Message: [0mInside sid parsing
[91m [1776449501.253160] Client: [0m---before writing in log upd_msg->seq_no= 88
[91m [1776449501.253164] Client: [0m---before writing in log upd_msg->type= 4
[91m [1776449501.253168] Client: [0m---before writing in log upd_msg->frag_no= 0
[91m [1776449501.253173] Client: [0m---before writing in log upd_msg->reliable= 0
[91m [1776449501.253177] Client: [0m---before writing in log upd_msg->data.sensor_type= 2
[91m [1776449501.253182] Client: [0m---before writing in log upd_msg->data.sid= device_0
[91m [1776449501.253187] Client: [0m---after writing in log upd_msg->seq_no = 88
[91m [1776449501.253190] Client: [0m---after writing in log upd_msg->data.sensor_type = 2
[91m [1776449501.253193] Client: [0m---after writing in log upd_msg->reliable = 0
[91m [1776449502.62298] BSON Message: [0mInside sensor type parsing.
[91m [1776449502.62313] BSON Message: [0mInside sensor type parsing end.
[91m [1776449502.62320] BSON Message: [0mInside sid parsing
[91m [1776449502.62326] BSON Message: [0mInside temp1 parsing.
[91m [1776449502.62333] Client: [0m---before writing in log upd_msg->seq_no= 206
[91m [1776449502.62338] Client: [0m---before writing in log upd_msg->type= 4
[91m [1776449502.62350] Client: [0m---before writing in log upd_msg->frag_no= 0
[91m [1776449502.62356] Client: [0m---before writing in log upd_msg->reliable= 1
[91m [1776449502.62361] Client: [0m---before writing in log upd_msg->data.sensor_type= 1
[91m [1776449502.62367] Client: [0m---before writing in log upd_msg->data.sid= temp_1
[91m [1776449502.62373] Client: [0m---after writing in log upd_msg->seq_no = 206
[91m [1776449502.62379] Client: [0m---after writing in log upd_msg->data.sensor_type = 1
[91m [1776449502.62384] Client: [0m---after writing in log upd_msg->reliable = 1
[91m [1776449503.62652] BSON Message: [0mInside sensor type parsing.
[91m [1776449503.62665] BSON Message: [0mInside sensor type parsing end.
[91m [1776449503.62672] BSON Message: [0mInside sid parsing
[91m [1776449503.62678] BSON Message: [0mInside temp1 parsing.
[91m [1776449503.62685] Client: [0m---before writing in log upd_msg->seq_no= 207
[91m [1776449503.62690] Client: [0m---before writing in log upd_msg->type= 4
[91m [1776449503.62696] Client: [0m---before writing in log upd_msg->frag_no= 0
[91m [1776449503.62702] Client: [0m---before writing in log upd_msg->reliable= 1
[91m [1776449503.62707] Client: [0m---before writing in log upd_msg->data.sensor_type= 1
[91m [1776449503.62713] Client: [0m---before writing in log upd_msg->data.sid= temp_1
[91m [1776449503.62720] Client: [0m---after writing in log upd_msg->seq_no = 207
[91m [1776449503.62725] Client: [0m---after writing in log upd_msg->data.sensor_type = 1
[91m [1776449503.62731] Client: [0m---after writing in log upd_msg->reliable = 1
[91m [1776449504.63505] BSON Message: [0mInside sensor type parsing.
[91m [1776449504.63521] BSON Message: [0mInside sensor type parsing end.
[91m [1776449504.63529] BSON Message: [0mInside sid parsing
[91m [1776449504.63537] BSON Message: [0mInside temp1 parsing.
[91m [1776449504.63546] Client: [0m---before writing in log upd_msg->seq_no= 208
[91m [1776449504.63553] Client: [0m---before writing in log upd_msg->type= 4
[91m [1776449504.63560] Client: [0m---before writing in log upd_msg->frag_no= 0
[91m [1776449504.63567] Client: [0m---before writing in log upd_msg->reliable= 1
[91m [1776449504.63574] Client: [0m---before writing in log upd_msg->data.sensor_type= 1
[91m [1776449504.63582] Client: [0m---before writing in log upd_msg->data.sid= temp_1
[91m [1776449504.63590] Client: [0m---after writing in log upd_msg->seq_no = 208
[91m [1776449504.63597] Client: [0m---after writing in log upd_msg->data.sensor_type = 1
[91m [1776449504.63603] Client: [0m---after writing in log upd_msg->reliable = 1
[91m [1776449505.63356] BSON Message: [0mInside sensor type parsing.
[91m [1776449505.63371] BSON Message: [0mInside sensor type parsing end.
[91m [1776449505.63379] BSON Message: [0mInside sid parsing
[91m [1776449505.63388] BSON Message: [0mInside temp1 parsing.
[91m [1776449505.63396] Client: [0m---before writing in log upd_msg->seq_no= 209
[91m [1776449505.63403] Client: [0m---before writing in log upd_msg->type= 4
[91m [1776449505.63410] Client: [0m---before writing in log upd_msg->frag_no= 0
[91m [1776449505.63418] Client: [0m---before writing in log upd_msg->reliable= 1
[91m [1776449505.63426] Client: [0m---before writing in log upd_msg->data.sensor_type= 1
[91m [1776449505.63433] Client: [0m---before writing in log upd_msg->data.sid= temp_1
[91m [1776449505.63442] Client: [0m---after writing in log upd_msg->seq_no = 209
[91m [1776449505.63449] Client: [0m---after writing in log upd_msg->data.sensor_type = 1
[91m [1776449505.63456] Client: [0m---after writing in log upd_msg->reliable = 1
[91m [1776449505.923496] BSON Message: [0mInside sensor type parsing.
[91m [1776449505.923515] BSON Message: [0mInside sensor type parsing end.
[91m [1776449505.923524] BSON Message: [0mInside sid parsing
[91m [1776449505.923531] Client: [0m---before writing in log upd_msg->seq_no= 89
[91m [1776449505.923537] Client: [0m---before writing in log upd_msg->type= 4
[91m [1776449505.923548] Client: [0m---before writing in log upd_msg->frag_no= 0
[91m [1776449505.923552] Client: [0m---before writing in log upd_msg->reliable= 1
[91m [1776449505.923557] Client: [0m---before writing in log upd_msg->data.sensor_type= 2
[91m [1776449505.923562] Client: [0m---before writing in log upd_msg->data.sid= device_0
[91m [1776449505.923568] Client: [0m---after writing in log upd_msg->seq_no = 89
[91m [1776449505.923573] Client: [0m---after writing in log upd_msg->data.sensor_type = 2
[91m [1776449505.923578] Client: [0m---after writing in log upd_msg->reliable = 1
[91m [1776449506.63573] BSON Message: [0mInside sensor type parsing.
[91m [1776449506.63585] BSON Message: [0mInside sensor type parsing end.
[91m [1776449506.63590] BSON Message: [0mInside sid parsing
[91m [1776449506.63595] BSON Message: [0mInside temp1 parsing.
[91m [1776449506.63601] Client: [0m---before writing in log upd_msg->seq_no= 210
[91m [1776449506.63612] Client: [0m---before writing in log upd_msg->type= 4
[91m [1776449506.63618] Client: [0m---before writing in log upd_msg->frag_no= 0
[91m [1776449506.63624] Client: [0m---before writing in log upd_msg->reliable= 1
[91m [1776449506.63634] Client: [0m---before writing in log upd_msg->data.sensor_type= 1
[91m [1776449506.63641] Client: [0m---before writing in log upd_msg->data.sid= temp_1
[91m [1776449506.63649] Client: [0m---after writing in log upd_msg->seq_no = 210
[91m [1776449506.63654] Client: [0m---after writing in log upd_msg->data.sensor_type = 1
[91m [1776449506.63661] Client: [0m---after writing in log upd_msg->reliable = 1
[91m [1776449506.271813] BSON Message: [0mInside sensor type parsing.
[91m [1776449506.271823] BSON Message: [0mInside sensor type parsing end.
[91m [1776449506.271827] BSON Message: [0mInside sid parsing
[91m [1776449506.271833] Client: [0m---before writing in log upd_msg->seq_no= 90
[91m [1776449506.271837] Client: [0m---before writing in log upd_msg->type= 4
[91m [1776449506.271842] Client: [0m---before writing in log upd_msg->frag_no= 0
[91m [1776449506.271847] Client: [0m---before writing in log upd_msg->reliable= 1
[91m [1776449506.271852] Client: [0m---before writing in log upd_msg->data.sensor_type= 2
[91m [1776449506.271857] Client: [0m---before writing in log upd_msg->data.sid= device_0
[91m [1776449506.271862] Client: [0m---after writing in log upd_msg->seq_no = 90
[91m [1776449506.271867] Client: [0m---after writing in log upd_msg->data.sensor_type = 2
[91m [1776449506.271871] Client: [0m---after writing in log upd_msg->reliable = 1
[91m [1776449507.63733] BSON Message: [0mInside sensor type parsing.
[91m [1776449507.63742] BSON Message: [0mInside sensor type parsing end.
[91m [1776449507.63746] BSON Message: [0mInside sid parsing
[91m [1776449507.63750] BSON Message: [0mInside temp1 parsing.
[91m [1776449507.63755] Client: [0m---before writing in log upd_msg->seq_no= 211
[91m [1776449507.63760] Client: [0m---before writing in log upd_msg->type= 4
[91m [1776449507.63765] Client: [0m---before writing in log upd_msg->frag_no= 0
[91m [1776449507.63769] Client: [0m---before writing in log upd_msg->reliable= 1
[91m [1776449507.63773] Client: [0m---before writing in log upd_msg->data.sensor_type= 1
[91m [1776449507.63777] Client: [0m---before writing in log upd_msg->data.sid= temp_1
[91m [1776449507.63782] Client: [0m---after writing in log upd_msg->seq_no = 211
[91m [1776449507.63786] Client: [0m---after writing in log upd_msg->data.sensor_type = 1
[91m [1776449507.63790] Client: [0m---after writing in log upd_msg->reliable = 1
[91m [1776449508.64038] BSON Message: [0mInside sensor type parsing.
[91m [1776449508.64048] BSON Message: [0mInside sensor type parsing end.
[91m [1776449508.64054] BSON Message: [0mInside sid parsing
[91m [1776449508.64059] BSON Message: [0mInside temp1 parsing.
[91m [1776449508.64065] Client: [0m---before writing in log upd_msg->seq_no= 212
[91m [1776449508.64070] Client: [0m---before writing in log upd_msg->type= 4
[91m [1776449508.64081] Client: [0m---before writing in log upd_msg->frag_no= 0
[91m [1776449508.64084] Client: [0m---before writing in log upd_msg->reliable= 1
[91m [1776449508.64089] Client: [0m---before writing in log upd_msg->data.sensor_type= 1
[91m [1776449508.64094] Client: [0m---before writing in log upd_msg->data.sid= temp_1
[91m [1776449508.64100] Client: [0m---after writing in log upd_msg->seq_no = 212
[91m [1776449508.64105] Client: [0m---after writing in log upd_msg->data.sensor_type = 1
[91m [1776449508.64110] Client: [0m---after writing in log upd_msg->reliable = 1
[91m [1776449508.598101] BSON Message: [0mInside sensor type parsing.
[91m [1776449508.598111] BSON Message: [0mInside sensor type parsing end.
[91m [1776449508.598115] BSON Message: [0mInside sid parsing
[91m [1776449508.598121] Client: [0m---before writing in log upd_msg->seq_no= 91
[91m [1776449508.598127] Client: [0m---before writing in log upd_msg->type= 4
[91m [1776449508.598132] Client: [0m---before writing in log upd_msg->frag_no= 0
[91m [1776449508.598137] Client: [0m---before writing in log upd_msg->reliable= 1
[91m [1776449508.598142] Client: [0m---before writing in log upd_msg->data.sensor_type= 2
[91m [1776449508.598147] Client: [0m---before writing in log upd_msg->data.sid= device_0
[91m [1776449508.598153] Client: [0m---after writing in log upd_msg->seq_no = 91
[91m [1776449508.598158] Client: [0m---after writing in log upd_msg->data.sensor_type = 2
[91m [1776449508.598163] Client: [0m---after writing in log upd_msg->reliable = 1
[91m [1776449509.64864] BSON Message: [0mInside sensor type parsing.
[91m [1776449509.64872] BSON Message: [0mInside sensor type parsing end.
[91m [1776449509.64875] BSON Message: [0mInside sid parsing
[91m [1776449509.64879] BSON Message: [0mInside temp1 parsing.
[91m [1776449509.64903] Client: [0m---before writing in log upd_msg->seq_no= 213
[91m [1776449509.64907] Client: [0m---before writing in log upd_msg->type= 4
[91m [1776449509.64910] Client: [0m---before writing in log upd_msg->frag_no= 0
[91m [1776449509.64913] Client: [0m---before writing in log upd_msg->reliable= 1
[91m [1776449509.64925] Client: [0m---before writing in log upd_msg->data.sensor_type= 1
[91m [1776449509.64928] Client: [0m---before writing in log upd_msg->data.sid= temp_1
[91m [1776449509.64932] Client: [0m---after writing in log upd_msg->seq_no = 213
[91m [1776449509.64935] Client: [0m---after writing in log upd_msg->data.sensor_type = 1
[91m [1776449509.64938] Client: [0m---after writing in log upd_msg->reliable = 1
[91m [1776449510.46292] BSON Message: [0mInside sensor type parsing.
[91m [1776449510.46301] BSON Message: [0mInside sensor type parsing end.
[91m [1776449510.46306] BSON Message: [0mInside sid parsing
[91m [1776449510.46311] BSON Message: [0mInside gps1 parsing.
[91m [1776449510.46316] Client: [0m---before writing in log upd_msg->seq_no= 22
[91m [1776449510.46319] Client: [0m---before writing in log upd_msg->type= 4
[91m [1776449510.46322] Client: [0m---before writing in log upd_msg->frag_no= 0
[91m [1776449510.46325] Client: [0m---before writing in log upd_msg->reliable= 1
[91m [1776449510.46328] Client: [0m---before writing in log upd_msg->data.sensor_type= 3
[91m [1776449510.46331] Client: [0m---before writing in log upd_msg->data.sid= gps_2
[91m [1776449510.46336] Client: [0m---after writing in log upd_msg->seq_no = 22
[91m [1776449510.46339] Client: [0m---after writing in log upd_msg->data.sensor_type = 3
[91m [1776449510.46343] Client: [0m---after writing in log upd_msg->reliable = 1
[91m [1776449510.64492] BSON Message: [0mInside sensor type parsing.
[91m [1776449510.64503] BSON Message: [0mInside sensor type parsing end.
[91m [1776449510.64508] BSON Message: [0mInside sid parsing
[91m [1776449510.64514] BSON Message: [0mInside temp1 parsing.
[91m [1776449510.64520] Client: [0m---before writing in log upd_msg->seq_no= 214
[91m [1776449510.64525] Client: [0m---before writing in log upd_msg->type= 4
[91m [1776449510.64544] Client: [0m---before writing in log upd_msg->frag_no= 0
[91m [1776449510.64548] Client: [0m---before writing in log upd_msg->reliable= 1
[91m [1776449510.64552] Client: [0m---before writing in log upd_msg->data.sensor_type= 1
[91m [1776449510.64557] Client: [0m---before writing in log upd_msg->data.sid= temp_1
[91m [1776449510.64563] Client: [0m---after writing in log upd_msg->seq_no = 214
[91m [1776449510.64567] Client: [0m---after writing in log upd_msg->data.sensor_type = 1
[91m [1776449510.64570] Client: [0m---after writing in log upd_msg->reliable = 1
[91m [1776449511.65172] BSON Message: [0mInside sensor type parsing.
[91m [1776449511.65182] BSON Message: [0mInside sensor type parsing end.
[91m [1776449511.65187] BSON Message: [0mInside sid parsing
[91m [1776449511.65192] BSON Message: [0mInside temp1 parsing.
[91m [1776449511.65197] Client: [0m---before writing in log upd_msg->seq_no= 215
[91m [1776449511.65201] Client: [0m---before writing in log upd_msg->type= 4
[91m [1776449511.65206] Client: [0m---before writing in log upd_msg->frag_no= 0
[91m [1776449511.65211] Client: [0m---before writing in log upd_msg->reliable= 1
[91m [1776449511.65216] Client: [0m---before writing in log upd_msg->data.sensor_type= 1
[91m [1776449511.65222] Client: [0m---before writing in log upd_msg->data.sid= temp_1
[91m [1776449511.65228] Client: [0m---after writing in log upd_msg->seq_no = 215
[91m [1776449511.65233] Client: [0m---after writing in log upd_msg->data.sensor_type = 1
[91m [1776449511.65237] Client: [0m---after writing in log upd_msg->reliable = 1
[91m [1776449512.65470] BSON Message: [0mInside sensor type parsing.
[91m [1776449512.65482] BSON Message: [0mInside sensor type parsing end.
[91m [1776449512.65488] BSON Message: [0mInside sid parsing
[91m [1776449512.65494] BSON Message: [0mInside temp1 parsing.
[91m [1776449512.65501] Client: [0m---before writing in log upd_msg->seq_no= 216
[91m [1776449512.65506] Client: [0m---before writing in log upd_msg->type= 4
[91m [1776449512.65512] Client: [0m---before writing in log upd_msg->frag_no= 0
[91m [1776449512.65517] Client: [0m---before writing in log upd_msg->reliable= 1
[91m [1776449512.65522] Client: [0m---before writing in log upd_msg->data.sensor_type= 1
[91m [1776449512.65526] Client: [0m---before writing in log upd_msg->data.sid= temp_1
[91m [1776449512.65532] Client: [0m---after writing in log upd_msg->seq_no = 216
[91m [1776449512.65537] Client: [0m---after writing in log upd_msg->data.sensor_type = 1
[91m [1776449512.65543] Client: [0m---after writing in log upd_msg->reliable = 1
[91m [1776449512.296790] BSON Message: [0mInside sensor type parsing.
[91m [1776449512.296804] BSON Message: [0mInside sensor type parsing end.
[91m [1776449512.296810] BSON Message: [0mInside sid parsing
[91m [1776449512.296817] Client: [0m---before writing in log upd_msg->seq_no= 92
[91m [1776449512.296822] Client: [0m---before writing in log upd_msg->type= 4
[91m [1776449512.296828] Client: [0m---before writing in log upd_msg->frag_no= 0
[91m [1776449512.296833] Client: [0m---before writing in log upd_msg->reliable= 1
[91m [1776449512.296838] Client: [0m---before writing in log upd_msg->data.sensor_type= 2
[91m [1776449512.296843] Client: [0m---before writing in log upd_msg->data.sid= device_0
[91m [1776449512.296849] Client: [0m---after writing in log upd_msg->seq_no = 92
[91m [1776449512.296854] Client: [0m---after writing in log upd_msg->data.sensor_type = 2
[91m [1776449512.296859] Client: [0m---after writing in log upd_msg->reliable = 1
[91m [1776449513.65330] BSON Message: [0mInside sensor type parsing.
[91m [1776449513.65342] BSON Message: [0mInside sensor type parsing end.
[91m [1776449513.65347] BSON Message: [0mInside sid parsing
[91m [1776449513.65352] BSON Message: [0mInside temp1 parsing.
[91m [1776449513.65359] Client: [0m---before writing in log upd_msg->seq_no= 217
[91m [1776449513.65364] Client: [0m---before writing in log upd_msg->type= 4
[91m [1776449513.65373] Client: [0m---before writing in log upd_msg->frag_no= 0
[91m [1776449513.65378] Client: [0m---before writing in log upd_msg->reliable= 1
[91m [1776449513.65382] Client: [0m---before writing in log upd_msg->data.sensor_type= 1
[91m [1776449513.65387] Client: [0m---before writing in log upd_msg->data.sid= temp_1
[91m [1776449513.65393] Client: [0m---after writing in log upd_msg->seq_no = 217
[91m [1776449513.65397] Client: [0m---after writing in log upd_msg->data.sensor_type = 1
[91m [1776449513.65401] Client: [0m---after writing in log upd_msg->reliable = 1
[91m [1776449513.486891] BSON Message: [0mInside sensor type parsing.
[91m [1776449513.486902] BSON Message: [0mInside sensor type parsing end.
[91m [1776449513.486909] BSON Message: [0mInside sid parsing
[91m [1776449513.486929] Client: [0m---before writing in log upd_msg->seq_no= 93
[91m [1776449513.486939] Client: [0m---before writing in log upd_msg->type= 4
[91m [1776449513.486945] Client: [0m---before writing in log upd_msg->frag_no= 0
[91m [1776449513.486949] Client: [0m---before writing in log upd_msg->reliable= 1
[91m [1776449513.486953] Client: [0m---before writing in log upd_msg->data.sensor_type= 2
[91m [1776449513.486959] Client: [0m---before writing in log upd_msg->data.sid= device_0
[91m [1776449513.486967] Client: [0m---after writing in log upd_msg->seq_no = 93
[91m [1776449513.486973] Client: [0m---after writing in log upd_msg->data.sensor_type = 2
[91m [1776449513.486978] Client: [0m---after writing in log upd_msg->reliable = 1
[91m [1776449514.66235] BSON Message: [0mInside sensor type parsing.
[91m [1776449514.66250] BSON Message: [0mInside sensor type parsing end.
[91m [1776449514.66255] BSON Message: [0mInside sid parsing
[91m [1776449514.66260] BSON Message: [0mInside temp1 parsing.
[91m [1776449514.66267] Client: [0m---before writing in log upd_msg->seq_no= 218
[91m [1776449514.66272] Client: [0m---before writing in log upd_msg->type= 4
[91m [1776449514.66276] Client: [0m---before writing in log upd_msg->frag_no= 0
[91m [1776449514.66281] Client: [0m---before writing in log upd_msg->reliable= 1
[91m [1776449514.66286] Client: [0m---before writing in log upd_msg->data.sensor_type= 1
[91m [1776449514.66290] Client: [0m---before writing in log upd_msg->data.sid= temp_1
[91m [1776449514.66296] Client: [0m---after writing in log upd_msg->seq_no = 218
[91m [1776449514.66300] Client: [0m---after writing in log upd_msg->data.sensor_type = 1
[91m [1776449514.66305] Client: [0m---after writing in log upd_msg->reliable = 1
[91m [1776449515.66469] BSON Message: [0mInside sensor type parsing.
[91m [1776449515.66482] BSON Message: [0mInside sensor type parsing end.
[91m [1776449515.66488] BSON Message: [0mInside sid parsing
[91m [1776449515.66493] BSON Message: [0mInside temp1 parsing.
[91m [1776449515.66499] Client: [0m---before writing in log upd_msg->seq_no= 219
[91m [1776449515.66503] Client: [0m---before writing in log upd_msg->type= 4
[91m [1776449515.66508] Client: [0m---before writing in log upd_msg->frag_no= 0
[91m [1776449515.66512] Client: [0m---before writing in log upd_msg->reliable= 1
[91m [1776449515.66517] Client: [0m---before writing in log upd_msg->data.sensor_type= 1
[91m [1776449515.66522] Client: [0m---before writing in log upd_msg->data.sid= temp_1
[91m [1776449515.66528] Client: [0m---after writing in log upd_msg->seq_no = 219
[91m [1776449515.66532] Client: [0m---after writing in log upd_msg->data.sensor_type = 1
[91m [1776449515.66537] Client: [0m---after writing in log upd_msg->reliable = 1
[91m [1776449516.66435] BSON Message: [0mInside sensor type parsing.
[91m [1776449516.66444] BSON Message: [0mInside sensor type parsing end.
[91m [1776449516.66450] BSON Message: [0mInside sid parsing
[91m [1776449516.66455] BSON Message: [0mInside temp1 parsing.
[91m [1776449516.66461] Client: [0m---before writing in log upd_msg->seq_no= 220
[91m [1776449516.66466] Client: [0m---before writing in log upd_msg->type= 4
[91m [1776449516.66474] Client: [0m---before writing in log upd_msg->frag_no= 0
[91m [1776449516.66478] Client: [0m---before writing in log upd_msg->reliable= 1
[91m [1776449516.66482] Client: [0m---before writing in log upd_msg->data.sensor_type= 1
[91m [1776449516.66486] Client: [0m---before writing in log upd_msg->data.sid= temp_1
[91m [1776449516.66491] Client: [0m---after writing in log upd_msg->seq_no = 220
[91m [1776449516.66494] Client: [0m---after writing in log upd_msg->data.sensor_type = 1
[91m [1776449516.66498] Client: [0m---after writing in log upd_msg->reliable = 1
[91m [1776449517.67094] BSON Message: [0mInside sensor type parsing.
[91m [1776449517.67106] BSON Message: [0mInside sensor type parsing end.
[91m [1776449517.67112] BSON Message: [0mInside sid parsing
[91m [1776449517.67118] BSON Message: [0mInside temp1 parsing.
[91m [1776449517.67125] Client: [0m---before writing in log upd_msg->seq_no= 221
[91m [1776449517.67130] Client: [0m---before writing in log upd_msg->type= 4
[91m [1776449517.67135] Client: [0m---before writing in log upd_msg->frag_no= 0
[91m [1776449517.67141] Client: [0m---before writing in log upd_msg->reliable= 1
[91m [1776449517.67147] Client: [0m---before writing in log upd_msg->data.sensor_type= 1
[91m [1776449517.67152] Client: [0m---before writing in log upd_msg->data.sid= temp_1
[91m [1776449517.67158] Client: [0m---after writing in log upd_msg->seq_no = 221
[91m [1776449517.67164] Client: [0m---after writing in log upd_msg->data.sensor_type = 1
[91m [1776449517.67169] Client: [0m---after writing in log upd_msg->reliable = 1
[91m [1776449517.966469] BSON Message: [0mInside sensor type parsing.
[91m [1776449517.966481] BSON Message: [0mInside sensor type parsing end.
[91m [1776449517.966487] BSON Message: [0mInside sid parsing
ssage type is 4
---------Update message arrived------------ 1
Got a message from the server.
Message type is 4
---------Update message arrived------------ 1
Got a message from the server.
Message type is 4
---------Update message arrived------------ 1
Got a message from the server.
Message type is 4
---------Update message arrived------------ 1
Got a message from the server.
Message type is 4
---------Update message arrived------------ 1
Got a message from the server.
Message type is 4
---------Update message arrived------------ 1
Got a message from the server.
Message type is 4
---------Update message arrived------------ 1
Got a message from the server.
Message type is 4
---------Update message arrived------------ 1
Got a message from the server.
Message type is 4
---------Update message arrived------------ 1
Got a message from the server.
Message type is 4
---------Update message arrived------------ 1
Got a message from the server.
Message type is 4
---------Update message arrived------------ 1
Got a message from the server.
Message type is 4
---------Update message arrived------------ 1
Got a message from the server.
Message type is 4
---------Update message arrived------------ 1
Got a message from the server.
Message type is 4
---------Update message arrived------------ 1
Got a message from the server.
Message type is 4
---------Update message arrived------------ 1
Got a message from the server.
Message type is 4
---------Update message arrived------------ 1
Got a message from the server.
Message type is 4
---------Update message arrived------------ 1
Got a message from the server.
Message type is 4
---------Update message arrived------------ 1
Got a message from the server.
Message type is 4
---------Update message arrived------------ 1
Got a message from the server.
Message type is 4
---------Update message arrived------------ 1
Got a message from the server.
Message type is 4
---------Update message arrived------------ 1
Got a message from the server.
Message type is 4
---------Update message arrived------------ 1
Got a message from the server.
Message type is 4
---------Update message arrived------------ 1
Got a message from the server.
Message type is 4
---------Update message arrived------------ 1
Got a message from the server.
Message type is 4
---------Update message arrived------------ 1
Got a message from the server.
Message type is 4
---------Update message arrived------------ 1
Got a message from the server.
Message type is 4
---------Update message arrived------------ 1
Got a message from the server.
Message type is 4
---------Update message arrived------------ 1
Got a message from the server.
Message type is 4
---------Update message arrived------------ 1
Got a message from the server.
Message type is 4
---------Update message arrived------------ 1
Got a message from the server.
Message type is 4
---------Update message arrived------------ 1
Got a message from the server.
Message type is 4
---------Update message arrived------------ 1
Got a message from the server.
Message type is 4
---------Update message arrived------------ 1
Got a message from the server.
Message type is 4
---------Update message arrived------------ 1
Got a message from the server.
Message type is 4
---------Update message arrived------------ 1
Got a message from the server.
Message type is 4
---------Update message arrived------------ 1
Got a message from the server.
Message type is 4
---------Update message arrived------------ 1
Got a message from the server.
Message type is 4
---------Update message arrived------------ 1
Got a message from the server.
Message type is 4
---------Update message arrived------------ 1
Got a message from the server.
Message type is 4
---------Update message arrived------------ 1
Got a message from the server.
Message type is 4
---------Update message arrived------------ 1
Got a message from the server.
Message type is 4
---------Update message arrived------------ 1
Got a message from the server.
Message type is 4
---------Update message arrived------------ 1
Got a message from the server.
Message type [91m [1776449517.966503] Client: [0m---before writing in log upd_msg->seq_no= 94
[91m [1776449517.966508] Client: [0m---before writing in log upd_msg->type= 4
[91m [1776449517.966513] Client: [0m---before writing in log upd_msg->frag_no= 0
[91m [1776449517.966518] Client: [0m---before writing in log upd_msg->reliable= 1
[91m [1776449517.966523] Client: [0m---before writing in log upd_msg->data.sensor_type= 2
[91m [1776449517.966527] Client: [0m---before writing in log upd_msg->data.sid= device_0
[91m [1776449517.966533] Client: [0m---after writing in log upd_msg->seq_no = 94
[91m [1776449517.966537] Client: [0m---after writing in log upd_msg->data.sensor_type = 2
[91m [1776449517.966542] Client: [0m---after writing in log upd_msg->reliable = 1
[91m [1776449518.67231] BSON Message: [0mInside sensor type parsing.
[91m [1776449518.67243] BSON Message: [0mInside sensor type parsing end.
[91m [1776449518.67248] BSON Message: [0mInside sid parsing
[91m [1776449518.67254] BSON Message: [0mInside temp1 parsing.
[91m [1776449518.67261] Client: [0m---before writing in log upd_msg->seq_no= 222
[91m [1776449518.67268] Client: [0m---before writing in log upd_msg->type= 4
[91m [1776449518.67273] Client: [0m---before writing in log upd_msg->frag_no= 0
[91m [1776449518.67277] Client: [0m---before writing in log upd_msg->reliable= 1
[91m [1776449518.67282] Client: [0m---before writing in log upd_msg->data.sensor_type= 1
[91m [1776449518.67287] Client: [0m---before writing in log upd_msg->data.sid= temp_1
[91m [1776449518.67293] Client: [0m---after writing in log upd_msg->seq_no = 222
[91m [1776449518.67298] Client: [0m---after writing in log upd_msg->data.sensor_type = 1
[91m [1776449518.67303] Client: [0m---after writing in log upd_msg->reliable = 1
[91m [1776449519.67842] BSON Message: [0mInside sensor type parsing.
[91m [1776449519.67852] BSON Message: [0mInside sensor type parsing end.
[91m [1776449519.67857] BSON Message: [0mInside sid parsing
[91m [1776449519.67861] BSON Message: [0mInside temp1 parsing.
[91m [1776449519.67866] Client: [0m---before writing in log upd_msg->seq_no= 223
[91m [1776449519.67871] Client: [0m---before writing in log upd_msg->type= 4
[91m [1776449519.67875] Client: [0m---before writing in log upd_msg->frag_no= 0
[91m [1776449519.67884] Client: [0m---before writing in log upd_msg->reliable= 1
[91m [1776449519.67887] Client: [0m---before writing in log upd_msg->data.sensor_type= 1
[91m [1776449519.67892] Client: [0m---before writing in log upd_msg->data.sid= temp_1
[91m [1776449519.67898] Client: [0m---after writing in log upd_msg->seq_no = 223
[91m [1776449519.67903] Client: [0m---after writing in log upd_msg->data.sensor_type = 1
[91m [1776449519.67907] Client: [0m---after writing in log upd_msg->reliable = 1
[91m [1776449519.797746] BSON Message: [0mInside sensor type parsing.
[91m [1776449519.797758] BSON Message: [0mInside sensor type parsing end.
[91m [1776449519.797763] BSON Message: [0mInside sid parsing
[91m [1776449519.797769] Client: [0m---before writing in log upd_msg->seq_no= 95
[91m [1776449519.797774] Client: [0m---before writing in log upd_msg->type= 4
[91m [1776449519.797778] Client: [0m---before writing in log upd_msg->frag_no= 0
[91m [1776449519.797782] Client: [0m---before writing in log upd_msg->reliable= 1
[91m [1776449519.797787] Client: [0m---before writing in log upd_msg->data.sensor_type= 2
[91m [1776449519.797791] Client: [0m---before writing in log upd_msg->data.sid= device_0
[91m [1776449519.797797] Client: [0m---after writing in log upd_msg->seq_no = 95
[91m [1776449519.797801] Client: [0m---after writing in log upd_msg->data.sensor_type = 2
[91m [1776449519.797806] Client: [0m---after writing in log upd_msg->reliable = 1
[91m [1776449520.67889] BSON Message: [0mInside sensor type parsing.
[91m [1776449520.67901] BSON Message: [0mInside sensor type parsing end.
[91m [1776449520.67907] BSON Message: [0mInside sid parsing
[91m [1776449520.67911] BSON Message: [0mInside temp1 parsing.
[91m [1776449520.67926] Client: [0m---before writing in log upd_msg->seq_no= 224
[91m [1776449520.67933] Client: [0m---before writing in log upd_msg->type= 4
[91m [1776449520.67938] Client: [0m---before writing in log upd_msg->frag_no= 0
[91m [1776449520.67942] Client: [0m---before writing in log upd_msg->reliable= 1
[91m [1776449520.67945] Client: [0m---before writing in log upd_msg->data.sensor_type= 1
[91m [1776449520.67950] Client: [0m---before writing in log upd_msg->data.sid= temp_1
[91m [1776449520.67957] Client: [0m---after writing in log upd_msg->seq_no = 224
[91m [1776449520.67962] Client: [0m---after writing in log upd_msg->data.sensor_type = 1
[91m [1776449520.67968] Client: [0m---after writing in log upd_msg->reliable = 1
[91m [1776449521.68286] BSON Message: [0mInside sensor type parsing.
[91m [1776449521.68297] BSON Message: [0mInside sensor type parsing end.
[91m [1776449521.68301] BSON Message: [0mInside sid parsing
[91m [1776449521.68305] BSON Message: [0mInside temp1 parsing.
[91m [1776449521.68310] Client: [0m---before writing in log upd_msg->seq_no= 225
[91m [1776449521.68313] Client: [0m---before writing in log upd_msg->type= 4
[91m [1776449521.68317] Client: [0m---before writing in log upd_msg->frag_no= 0
[91m [1776449521.68321] Client: [0m---before writing in log upd_msg->reliable= 1
[91m [1776449521.68325] Client: [0m---before writing in log upd_msg->data.sensor_type= 1
[91m [1776449521.68330] Client: [0m---before writing in log upd_msg->data.sid= temp_1
[91m [1776449521.68337] Client: [0m---after writing in log upd_msg->seq_no = 225
[91m [1776449521.68342] Client: [0m---after writing in log upd_msg->data.sensor_type = 1
[91m [1776449521.68346] Client: [0m---after writing in log upd_msg->reliable = 1
[91m [1776449522.63025] BSON Message: [0mInside sensor type parsing.
[91m [1776449522.63035] BSON Message: [0mInside sensor type parsing end.
[91m [1776449522.63039] BSON Message: [0mInside sid parsing
[91m [1776449522.63045] Client: [0m---before writing in log upd_msg->seq_no= 96
[91m [1776449522.63049] Client: [0m---before writing in log upd_msg->type= 4
[91m [1776449522.63052] Client: [0m---before writing in log upd_msg->frag_no= 0
[91m [1776449522.63059] Client: [0m---before writing in log upd_msg->reliable= 1
[91m [1776449522.63063] Client: [0m---before writing in log upd_msg->data.sensor_type= 2
[91m [1776449522.63067] Client: [0m---before writing in log upd_msg->data.sid= device_0
[91m [1776449522.63072] Client: [0m---after writing in log upd_msg->seq_no = 96
[91m [1776449522.63077] Client: [0m---after writing in log upd_msg->data.sensor_type = 2
[91m [1776449522.63082] Client: [0m---after writing in log upd_msg->reliable = 1
[91m [1776449522.68305] BSON Message: [0mInside sensor type parsing.
[91m [1776449522.68316] BSON Message: [0mInside sensor type parsing end.
[91m [1776449522.68322] BSON Message: [0mInside sid parsing
[91m [1776449522.68327] BSON Message: [0mInside temp1 parsing.
[91m [1776449522.68333] Client: [0m---before writing in log upd_msg->seq_no= 226
[91m [1776449522.68338] Client: [0m---before writing in log upd_msg->type= 4
[91m [1776449522.68342] Client: [0m---before writing in log upd_msg->frag_no= 0
[91m [1776449522.68346] Client: [0m---before writing in log upd_msg->reliable= 1
[91m [1776449522.68351] Client: [0m---before writing in log upd_msg->data.sensor_type= 1
[91m [1776449522.68355] Client: [0m---before writing in log upd_msg->data.sid= temp_1
[91m [1776449522.68360] Client: [0m---after writing in log upd_msg->seq_no = 226
[91m [1776449522.68364] Client: [0m---after writing in log upd_msg->data.sensor_type = 1
[91m [1776449522.68368] Client: [0m---after writing in log upd_msg->reliable = 1
[91m [1776449523.68451] BSON Message: [0mInside sensor type parsing.
[91m [1776449523.68463] BSON Message: [0mInside sensor type parsing end.
[91m [1776449523.68468] BSON Message: [0mInside sid parsing
[91m [1776449523.68473] BSON Message: [0mInside temp1 parsing.
[91m [1776449523.68478] Client: [0m---before writing in log upd_msg->seq_no= 227
[91m [1776449523.68483] Client: [0m---before writing in log upd_msg->type= 4
[91m [1776449523.68487] Client: [0m---before writing in log upd_msg->frag_no= 0
[91m [1776449523.68491] Client: [0m---before writing in log upd_msg->reliable= 1
[91m [1776449523.68495] Client: [0m---before writing in log upd_msg->data.sensor_type= 1
[91m [1776449523.68500] Client: [0m---before writing in log upd_msg->data.sid= temp_1
[91m [1776449523.68505] Client: [0m---after writing in log upd_msg->seq_no = 227
[91m [1776449523.68509] Client: [0m---after writing in log upd_msg->data.sensor_type = 1
[91m [1776449523.68513] Client: [0m---after writing in log upd_msg->reliable = 1
[91m [1776449523.368378] BSON Message: [0mInside sensor type parsing.
[91m [1776449523.368390] BSON Message: [0mInside sensor type parsing end.
[91m [1776449523.368395] BSON Message: [0mInside sid parsing
[91m [1776449523.368401] Client: [0m---before writing in log upd_msg->seq_no= 97
[91m [1776449523.368406] Client: [0m---before writing in log upd_msg->type= 4
[91m [1776449523.368410] Client: [0m---before writing in log upd_msg->frag_no= 0
[91m [1776449523.368415] Client: [0m---before writing in log upd_msg->reliable= 1
[91m [1776449523.368419] Client: [0m---before writing in log upd_msg->data.sensor_type= 2
[91m [1776449523.368423] Client: [0m---before writing in log upd_msg->data.sid= device_0
[91m [1776449523.368429] Client: [0m---after writing in log upd_msg->seq_no = 97
[91m [1776449523.368433] Client: [0m---after writing in log upd_msg->data.sensor_type = 2
[91m [1776449523.368439] Client: [0m---after writing in log upd_msg->reliable = 1
[91m [1776449524.69905] BSON Message: [0mInside sensor type parsing.
[91m [1776449524.69914] BSON Message: [0mInside sensor type parsing end.
[91m [1776449524.69928] BSON Message: [0mInside sid parsing
[91m [1776449524.69934] BSON Message: [0mInside temp1 parsing.
[91m [1776449524.69940] Client: [0m---before writing in log upd_msg->seq_no= 228
[91m [1776449524.69944] Client: [0m---before writing in log upd_msg->type= 4
[91m [1776449524.69949] Client: [0m---before writing in log upd_msg->frag_no= 0
[91m [1776449524.69959] Client: [0m---before writing in log upd_msg->reliable= 1
[91m [1776449524.69963] Client: [0m---before writing in log upd_msg->data.sensor_type= 1
[91m [1776449524.69968] Client: [0m---before writing in log upd_msg->data.sid= temp_1
[91m [1776449524.69973] Client: [0m---after writing in log upd_msg->seq_no = 228
[91m [1776449524.69977] Client: [0m---after writing in log upd_msg->data.sensor_type = 1
[91m [1776449524.69981] Client: [0m---after writing in log upd_msg->reliable = 1
[91m [1776449525.69277] BSON Message: [0mInside sensor type parsing.
[91m [1776449525.69293] BSON Message: [0mInside sensor type parsing end.
[91m [1776449525.69298] BSON Message: [0mInside sid parsing
[91m [1776449525.69302] BSON Message: [0mInside temp1 parsing.
[91m [1776449525.69308] Client: [0m---before writing in log upd_msg->seq_no= 229
[91m [1776449525.69313] Client: [0m---before writing in log upd_msg->type= 4
[91m [1776449525.69318] Client: [0m---before writing in log upd_msg->frag_no= 0
[91m [1776449525.69322] Client: [0m---before writing in log upd_msg->reliable= 1
[91m [1776449525.69326] Client: [0m---before writing in log upd_msg->data.sensor_type= 1
[91m [1776449525.69330] Client: [0m---before writing in log upd_msg->data.sid= temp_1
[91m [1776449525.69336] Client: [0m---after writing in log upd_msg->seq_no = 229
[91m [1776449525.69340] Client: [0m---after writing in log upd_msg->data.sensor_type = 1
[91m [1776449525.69345] Client: [0m---after writing in log upd_msg->reliable = 1
[91m [1776449525.218994] BSON Message: [0mInside sensor type parsing.
[91m [1776449525.219005] BSON Message: [0mInside sensor type parsing end.
[91m [1776449525.219009] BSON Message: [0mInside sid parsing
[91m [1776449525.219015] Client: [0m---before writing in log upd_msg->seq_no= 98
[91m [1776449525.219019] Client: [0m---before writing in log upd_msg->type= 4
[91m [1776449525.219023] Client: [0m---before writing in log upd_msg->frag_no= 0
[91m [1776449525.219027] Client: [0m---before writing in log upd_msg->reliable= 1
[91m [1776449525.219031] Client: [0m---before writing in log upd_msg->data.sensor_type= 2
[91m [1776449525.219035] Client: [0m---before writing in log upd_msg->data.sid= device_0
[91m [1776449525.219040] Client: [0m---after writing in log upd_msg->seq_no = 98
[91m [1776449525.219044] Client: [0m---after writing in log upd_msg->data.sensor_type = 2
[91m [1776449525.219048] Client: [0m---after writing in log upd_msg->reliable = 1
[91m [1776449525.383988] BSON Message: [0mInside sensor type parsing.
[91m [1776449525.383999] BSON Message: [0mInside sensor type parsing end.
[91m [1776449525.384004] BSON Message: [0mInside sid parsing
[91m [1776449525.384010] Client: [0m---before writing in log upd_msg->seq_no= 99
[91m [1776449525.384014] Client: [0m---before writing in log upd_msg->type= 4
[91m [1776449525.384018] Client: [0m---before writing in log upd_msg->frag_no= 0
[91m [1776449525.384021] Client: [0m---before writing in log upd_msg->reliable= 1
[91m [1776449525.384025] Client: [0m---before writing in log upd_msg->data.sensor_type= 2
[91m [1776449525.384029] Client: [0m---before writing in log upd_msg->data.sid= device_0
[91m [1776449525.384034] Client: [0m---after writing in log upd_msg->seq_no = 99
[91m [1776449525.384038] Client: [0m---after writing in log upd_msg->data.sensor_type = 2
[91m [1776449525.384042] Client: [0m---after writing in log upd_msg->reliable = 1
[91m [1776449525.910534] BSON Message: [0mInside sensor type parsing.
[91m [1776449525.910548] BSON Message: [0mInside sensor type parsing end.
[91m [1776449525.910553] BSON Message: [0mInside sid parsing
[91m [1776449525.910560] Client: [0m---before writing in log upd_msg->seq_no= 100
[91m [1776449525.910566] Client: [0m---before writing in log upd_msg->type= 4
[91m [1776449525.910571] Client: [0m---before writing in log upd_msg->frag_no= 0
[91m [1776449525.910576] Client: [0m---before writing in log upd_msg->reliable= 1
[91m [1776449525.910581] Client: [0m---before writing in log upd_msg->data.sensor_type= 2
[91m [1776449525.910591] Client: [0m---before writing in log upd_msg->data.sid= device_0
[91m [1776449525.910597] Client: [0m---after writing in log upd_msg->seq_no = 100
[91m [1776449525.910602] Client: [0m---after writing in log upd_msg->data.sensor_type = 2
[91m [1776449525.910607] Client: [0m---after writing in log upd_msg->reliable = 1
[91m [1776449526.69725] BSON Message: [0mInside sensor type parsing.
[91m [1776449526.69741] BSON Message: [0mInside sensor type parsing end.
[91m [1776449526.69746] BSON Message: [0mInside sid parsing
[91m [1776449526.69751] BSON Message: [0mInside temp1 parsing.
[91m [1776449526.69758] Client: [0m---before writing in log upd_msg->seq_no= 230
[91m [1776449526.69763] Client: [0m---before writing in log upd_msg->type= 4
[91m [1776449526.69768] Client: [0m---before writing in log upd_msg->frag_no= 0
[91m [1776449526.69772] Client: [0m---before writing in log upd_msg->reliable= 1
[91m [1776449526.69777] Client: [0m---before writing in log upd_msg->data.sensor_type= 1
[91m [1776449526.69782] Client: [0m---before writing in log upd_msg->data.sid= temp_1
[91m [1776449526.69788] Client: [0m---after writing in log upd_msg->seq_no = 230
[91m [1776449526.69792] Client: [0m---after writing in log upd_msg->data.sensor_type = 1
[91m [1776449526.69797] Client: [0m---after writing in log upd_msg->reliable = 1
[91m [1776449527.69793] BSON Message: [0mInside sensor type parsing.
[91m [1776449527.69805] BSON Message: [0mInside sensor type parsing end.
[91m [1776449527.69811] BSON Message: [0mInside sid parsing
[91m [1776449527.69817] BSON Message: [0mInside temp1 parsing.
[91m [1776449527.69824] Client: [0m---before writing in log upd_msg->seq_no= 231
[91m [1776449527.69830] Client: [0m---before writing in log upd_msg->type= 4
[91m [1776449527.69836] Client: [0m---before writing in log upd_msg->frag_no= 0
[91m [1776449527.69842] Client: [0m---before writing in log upd_msg->reliable= 1
[91m [1776449527.69847] Client: [0m---before writing in log upd_msg->data.sensor_type= 1
[91m [1776449527.69852] Client: [0m---before writing in log upd_msg->data.sid= temp_1
[91m [1776449527.69859] Client: [0m---after writing in log upd_msg->seq_no = 231
[91m [1776449527.69864] Client: [0m---after writing in log upd_msg->data.sensor_type = 1
[91m [1776449527.69869] Client: [0m---after writing in log upd_msg->reliable = 1
[91m [1776449527.612684] BSON Message: [0mInside sensor type parsing.
[91m [1776449527.612693] BSON Message: [0mInside sensor type parsing end.
[91m [1776449527.612697] BSON Message: [0mInside sid parsing
[91m [1776449527.612702] Client: [0m---before writing in log upd_msg->seq_no= 101
[91m [1776449527.612706] Client: [0m---before writing in log upd_msg->type= 4
[91m [1776449527.612710] Client: [0m---before writing in log upd_msg->frag_no= 0
[91m [1776449527.612715] Client: [0m---before writing in log upd_msg->reliable= 1
[91m [1776449527.612720] Client: [0m---before writing in log upd_msg->data.sensor_type= 2
[91m [1776449527.612723] Client: [0m---before writing in log upd_msg->data.sid= device_0
[91m [1776449527.612728] Client: [0m---after writing in log upd_msg->seq_no = 101
[91m [1776449527.612732] Client: [0m---after writing in log upd_msg->data.sensor_type = 2
[91m [1776449527.612737] Client: [0m---after writing in log upd_msg->reliable = 1
[91m [1776449528.6218] BSON Message: [0mInside sensor type parsing.
[91m [1776449528.6231] BSON Message: [0mInside sensor type parsing end.
[91m [1776449528.6236] BSON Message: [0mInside sid parsing
[91m [1776449528.6241] BSON Message: [0mInside gps1 parsing.
[91m [1776449528.6246] Client: [0m---before writing in log upd_msg->seq_no= 23
[91m [1776449528.6251] Client: [0m---before writing in log upd_msg->type= 4
[91m [1776449528.6255] Client: [0m---before writing in log upd_msg->frag_no= 0
[91m [1776449528.6259] Client: [0m---before writing in log upd_msg->reliable= 1
[91m [1776449528.6264] Client: [0m---before writing in log upd_msg->data.sensor_type= 3
[91m [1776449528.6273] Client: [0m---before writing in log upd_msg->data.sid= gps_2
[91m [1776449528.6280] Client: [0m---after writing in log upd_msg->seq_no = 23
[91m [1776449528.6285] Client: [0m---after writing in log upd_msg->data.sensor_type = 3
[91m [1776449528.6289] Client: [0m---after writing in log upd_msg->reliable = 1
[91m [1776449528.70104] BSON Message: [0mInside sensor type parsing.
[91m [1776449528.70116] BSON Message: [0mInside sensor type parsing end.
[91m [1776449528.70122] BSON Message: [0mInside sid parsing
[91m [1776449528.70127] BSON Message: [0mInside temp1 parsing.
[91m [1776449528.70134] Client: [0m---before writing in log upd_msg->seq_no= 232
[91m [1776449528.70139] Client: [0m---before writing in log upd_msg->type= 4
[91m [1776449528.70144] Client: [0m---before writing in log upd_msg->frag_no= 0
[91m [1776449528.70150] Client: [0m---before writing in log upd_msg->reliable= 1
[91m [1776449528.70156] Client: [0m---before writing in log upd_msg->data.sensor_type= 1
[91m [1776449528.70162] Client: [0m---before writing in log upd_msg->data.sid= temp_1
[91m [1776449528.70169] Client: [0m---after writing in log upd_msg->seq_no = 232
[91m [1776449528.70175] Client: [0m---after writing in log upd_msg->data.sensor_type = 1
[91m [1776449528.70208] Client: [0m---after writing in log upd_msg->reliable = 1
[91m [1776449529.71424] BSON Message: [0mInside sensor type parsing.
[91m [1776449529.71432] BSON Message: [0mInside sensor type parsing end.
[91m [1776449529.71435] BSON Message: [0mInside sid parsing
[91m [1776449529.71439] BSON Message: [0mInside temp1 parsing.
[91m [1776449529.71443] Client: [0m---before writing in log upd_msg->seq_no= 233
[91m [1776449529.71446] Client: [0m---before writing in log upd_msg->type= 4
[91m [1776449529.71449] Client: [0m---before writing in log upd_msg->frag_no= 0
[91m [1776449529.71452] Client: [0m---before writing in log upd_msg->reliable= 1
[91m [1776449529.71455] Client: [0m---before writing in log upd_msg->data.sensor_type= 1
[91m [1776449529.71458] Client: [0m---before writing in log upd_msg->data.sid= temp_1
[91m [1776449529.71462] Client: [0m---after writing in log upd_msg->seq_no = 233
[91m [1776449529.71465] Client: [0m---after writing in log upd_msg->data.sensor_type = 1
[91m [1776449529.71468] Client: [0m---after writing in log upd_msg->reliable = 1
[91m [1776449530.71110] BSON Message: [0mInside sensor type parsing.
[91m [1776449530.71124] BSON Message: [0mInside sensor type parsing end.
[91m [1776449530.71131] BSON Message: [0mInside sid parsing
[91m [1776449530.71138] BSON Message: [0mInside temp1 parsing.
[91m [1776449530.71145] Client: [0m---before writing in log upd_msg->seq_no= 234
[91m [1776449530.71151] Client: [0m---before writing in log upd_msg->type= 4
[91m [1776449530.71157] Client: [0m---before writing in log upd_msg->frag_no= 0
[91m [1776449530.71163] Client: [0m---before writing in log upd_msg->reliable= 1
[91m [1776449530.71168] Client: [0m---before writing in log upd_msg->data.sensor_type= 1
[91m [1776449530.71174] Client: [0m---before writing in log upd_msg->data.sid= temp_1
[91m [1776449530.71180] Client: [0m---after writing in log upd_msg->seq_no = 234
[91m [1776449530.71186] Client: [0m---after writing in log upd_msg->data.sensor_type = 1
[91m [1776449530.71191] Client: [0m---after writing in log upd_msg->reliable = 1
[91m [1776449531.70830] BSON Message: [0mInside sensor type parsing.
[91m [1776449531.70841] BSON Message: [0mInside sensor type parsing end.
[91m [1776449531.70846] BSON Message: [0mInside sid parsing
[91m [1776449531.70852] BSON Message: [0mInside temp1 parsing.
[91m [1776449531.70858] Client: [0m---before writing in log upd_msg->seq_no= 235
[91m [1776449531.70863] Client: [0m---before writing in log upd_msg->type= 4
[91m [1776449531.70868] Client: [0m---before writing in log upd_msg->frag_no= 0
[91m [1776449531.70873] Client: [0m---before writing in log upd_msg->reliable= 1
[91m [1776449531.70883] Client: [0m---before writing in log upd_msg->data.sensor_type= 1
[91m [1776449531.70887] Client: [0m---before writing in log upd_msg->data.sid= temp_1
[91m [1776449531.70907] Client: [0m---after writing in log upd_msg->seq_no = 235
[91m [1776449531.70911] Client: [0m---after writing in log upd_msg->data.sensor_type = 1
[91m [1776449531.70922] Client: [0m---after writing in log upd_msg->reliable = 1
[91m [1776449531.445843] BSON Message: [0mInside sensor type parsing.
[91m [1776449531.445857] BSON Message: [0mInside sensor type parsing end.
[91m [1776449531.445864] BSON Message: [0mInside sid parsing
[91m [1776449531.445872] Client: [0m---before writing in log upd_msg->seq_no= 102
[91m [1776449531.445879] Client: [0m---before writing in log upd_msg->type= 4
[91m [1776449531.445885] Client: [0m---before writing in log upd_msg->frag_no= 0
[91m [1776449531.445891] Client: [0m---before writing in log upd_msg->reliable= 1
[91m [1776449531.445898] Client: [0m---before writing in log upd_msg->data.sensor_type= 2
[91m [1776449531.445904] Client: [0m---before writing in log upd_msg->data.sid= device_0
[91m [1776449531.445911] Client: [0m---after writing in log upd_msg->seq_no = 102
[91m [1776449531.445926] Client: [0m---after writing in log upd_msg->data.sensor_type = 2
[91m [1776449531.445933] Client: [0m---after writing in log upd_msg->reliable = 1
[91m [1776449532.71466] BSON Message: [0mInside sensor type parsing.
[91m [1776449532.71476] BSON Message: [0mInside sensor type parsing end.
[91m [1776449532.71482] BSON Message: [0mInside sid parsing
[91m [1776449532.71487] BSON Message: [0mInside temp1 parsing.
[91m [1776449532.71492] Client: [0m---before writing in log upd_msg->seq_no= 236
[91m [1776449532.71497] Client: [0m---before writing in log upd_msg->type= 4
[91m [1776449532.71501] Client: [0m---before writing in log upd_msg->frag_no= 0
[91m [1776449532.71505] Client: [0m---before writing in log upd_msg->reliable= 1
[91m [1776449532.71510] Client: [0m---before writing in log upd_msg->data.sensor_type= 1
[91m [1776449532.71515] Client: [0m---before writing in log upd_msg->data.sid= temp_1
[91m [1776449532.71520] Client: [0m---after writing in log upd_msg->seq_no = 236
[91m [1776449532.71526] Client: [0m---after writing in log upd_msg->data.sensor_type = 1
[91m [1776449532.71531] Client: [0m---after writing in log upd_msg->reliable = 1
[91m [1776449533.71605] BSON Message: [0mInside sensor type parsing.
[91m [1776449533.71615] BSON Message: [0mInside sensor type parsing end.
[91m [1776449533.71621] BSON Message: [0mInside sid parsing
[91m [1776449533.71627] BSON Message: [0mInside temp1 parsing.
[91m [1776449533.71634] Client: [0m---before writing in log upd_msg->seq_no= 237
[91m [1776449533.71640] Client: [0m---before writing in log upd_msg->type= 4
[91m [1776449533.71646] Client: [0m---before writing in log upd_msg->frag_no= 0
[91m [1776449533.71652] Client: [0m---before writing in log upd_msg->reliable= 1
[91m [1776449533.71659] Client: [0m---before writing in log upd_msg->data.sensor_type= 1
[91m [1776449533.71666] Client: [0m---before writing in log upd_msg->data.sid= temp_1
[91m [1776449533.71673] Client: [0m---after writing in log upd_msg->seq_no = 237
[91m [1776449533.71680] Client: [0m---after writing in log upd_msg->data.sensor_type = 1
[91m [1776449533.71686] Client: [0m---after writing in log upd_msg->reliable = 1
[91m [1776449533.422578] BSON Message: [0mInside sensor type parsing.
[91m [1776449533.422594] BSON Message: [0mInside sensor type parsing end.
[91m [1776449533.422601] BSON Message: [0mInside sid parsing
[91m [1776449533.422608] BSON Message: [0mInside gps1 parsing.
[91m [1776449533.422616] Client: [0m---before writing in log upd_msg->seq_no= 24
[91m [1776449533.422623] Client: [0m---before writing in log upd_msg->type= 4
[91m [1776449533.422629] Client: [0m---before writing in log upd_msg->frag_no= 0
[91m [1776449533.422635] Client: [0m---before writing in log upd_msg->reliable= 1
[91m [1776449533.422648] Client: [0m---before writing in log upd_msg->data.sensor_type= 3
[91m [1776449533.422653] Client: [0m---before writing in log upd_msg->data.sid= gps_2
[91m [1776449533.422663] Client: [0m---after writing in log upd_msg->seq_no = 24
[91m [1776449533.422668] Client: [0m---after writing in log upd_msg->data.sensor_type = 3
[91m [1776449533.422674] Client: [0m---after writing in log upd_msg->reliable = 1
[91m [1776449534.73200] BSON Message: [0mInside sensor type parsing.
[91m [1776449534.73210] BSON Message: [0mInside sensor type parsing end.
[91m [1776449534.73215] BSON Message: [0mInside sid parsing
[91m [1776449534.73221] BSON Message: [0mInside temp1 parsing.
[91m [1776449534.73226] Client: [0m---before writing in log upd_msg->seq_no= 238
[91m [1776449534.73232] Client: [0m---before writing in log upd_msg->type= 4
[91m [1776449534.73239] Client: [0m---before writing in log upd_msg->frag_no= 0
[91m [1776449534.73249] Client: [0m---before writing in log upd_msg->reliable= 1
[91m [1776449534.73256] Client: [0m---before writing in log upd_msg->data.sensor_type= 1
[91m [1776449534.73263] Client: [0m---before writing in log upd_msg->data.sid= temp_1
[91m [1776449534.73271] Client: [0m---after writing in log upd_msg->seq_no = 238
[91m [1776449534.73278] Client: [0m---after writing in log upd_msg->data.sensor_type = 1
[91m [1776449534.73284] Client: [0m---after writing in log upd_msg->reliable = 1
[91m [1776449535.72838] BSON Message: [0mInside sensor type parsing.
[91m [1776449535.72853] BSON Message: [0mInside sensor type parsing end.
[91m [1776449535.72862] BSON Message: [0mInside sid parsing
[91m [1776449535.72871] BSON Message: [0mInside temp1 parsing.
[91m [1776449535.72880] Client: [0m---before writing in log upd_msg->seq_no= 239
[91m [1776449535.72889] Client: [0m---before writing in log upd_msg->type= 4
[91m [1776449535.72903] Client: [0m---before writing in log upd_msg->frag_no= 0
[91m [1776449535.72911] Client: [0m---before writing in log upd_msg->reliable= 1
[91m [1776449535.72929] Client: [0m---before writing in log upd_msg->data.sensor_type= 1
[91m [1776449535.72938] Client: [0m---before writing in log upd_msg->data.sid= temp_1
[91m [1776449535.72947] Client: [0m---after writing in log upd_msg->seq_no = 239
[91m [1776449535.72955] Client: [0m---after writing in log upd_msg->data.sensor_type = 1
[91m [1776449535.72963] Client: [0m---after writing in log upd_msg->reliable = 1
[91m [1776449535.662690] BSON Message: [0mInside sensor type parsing.
[91m [1776449535.662703] BSON Message: [0mInside sensor type parsing end.
[91m [1776449535.662712] BSON Message: [0mInside sid parsing
[91m [1776449535.662721] Client: [0m---before writing in log upd_msg->seq_no= 103
[91m [1776449535.662730] Client: [0m---before writing in log upd_msg->type= 4
[91m [1776449535.662737] Client: [0m---before writing in log upd_msg->frag_no= 0
[91m [1776449535.662744] Client: [0m---before writing in log upd_msg->reliable= 1
[91m [1776449535.662752] Client: [0m---before writing in log upd_msg->data.sensor_type= 2
[91m [1776449535.662760] Client: [0m---before writing in log upd_msg->data.sid= device_0
[91m [1776449535.662768] Client: [0m---after writing in log upd_msg->seq_no = 103
[91m [1776449535.662777] Client: [0m---after writing in log upd_msg->data.sensor_type = 2
[91m [1776449535.662785] Client: [0m---after writing in log upd_msg->reliable = 1
[91m [1776449535.813610] BSON Message: [0mInside sensor type parsing.
[91m [1776449535.813624] BSON Message: [0mInside sensor type parsing end.
[91m [1776449535.813632] BSON Message: [0mInside sid parsing
[91m [1776449535.813643] Client: [0m---before writing in log upd_msg->seq_no= 104
[91m [1776449535.813652] Client: [0m---before writing in log upd_msg->type= 4
[91m [1776449535.813658] Client: [0m---before writing in log upd_msg->frag_no= 0
[91m [1776449535.813664] Client: [0m---before writing in log upd_msg->reliable= 1
[91m [1776449535.813673] Client: [0m---before writing in log upd_msg->data.sensor_type= 2
[91m [1776449535.813686] Client: [0m---before writing in log upd_msg->data.sid= device_0
[91m [1776449535.813692] Client: [0m---after writing in log upd_msg->seq_no = 104
[91m [1776449535.813697] Client: [0m---after writing in log upd_msg->data.sensor_type = 2
[91m [1776449535.813701] Client: [0m---after writing in log upd_msg->reliable = 1
[91m [1776449536.72714] BSON Message: [0mInside sensor type parsing.
[91m [1776449536.72727] BSON Message: [0mInside sensor type parsing end.
[91m [1776449536.72733] BSON Message: [0mInside sid parsing
[91m [1776449536.72739] BSON Message: [0mInside temp1 parsing.
[91m [1776449536.72745] Client: [0m---before writing in log upd_msg->seq_no= 240
[91m [1776449536.72751] Client: [0m---before writing in log upd_msg->type= 4
[91m [1776449536.72756] Client: [0m---before writing in log upd_msg->frag_no= 0
[91m [1776449536.72761] Client: [0m---before writing in log upd_msg->reliable= 1
[91m [1776449536.72767] Client: [0m---before writing in log upd_msg->data.sensor_type= 1
[91m [1776449536.72772] Client: [0m---before writing in log upd_msg->data.sid= temp_1
[91m [1776449536.72779] Client: [0m---after writing in log upd_msg->seq_no = 240
[91m [1776449536.72785] Client: [0m---after writing in log upd_msg->data.sensor_type = 1
[91m [1776449536.72790] Client: [0m---after writing in log upd_msg->reliable = 1
[91m [1776449537.72933] BSON Message: [0mInside sensor type parsing.
[91m [1776449537.72942] BSON Message: [0mInside sensor type parsing end.
[91m [1776449537.72946] BSON Message: [0mInside sid parsing
[91m [1776449537.72950] BSON Message: [0mInside temp1 parsing.
[91m [1776449537.72955] Client: [0m---before writing in log upd_msg->seq_no= 241
[91m [1776449537.72959] Client: [0m---before writing in log upd_msg->type= 4
[91m [1776449537.72963] Client: [0m---before writing in log upd_msg->frag_no= 0
[91m [1776449537.72967] Client: [0m---before writing in log upd_msg->reliable= 1
[91m [1776449537.72971] Client: [0m---before writing in log upd_msg->data.sensor_type= 1
[91m [1776449537.72975] Client: [0m---before writing in log upd_msg->data.sid= temp_1
[91m [1776449537.72981] Client: [0m---after writing in log upd_msg->seq_no = 241
[91m [1776449537.72985] Client: [0m---after writing in log upd_msg->data.sensor_type = 1
[91m [1776449537.72988] Client: [0m---after writing in log upd_msg->reliable = 1
[91m [1776449537.727003] BSON Message: [0mInside sensor type parsing.
[91m [1776449537.727016] BSON Message: [0mInside sensor type parsing end.
[91m [1776449537.727024] BSON Message: [0mInside sid parsing
[91m [1776449537.727032] Client: [0m---before writing in log upd_msg->seq_no= 105
[91m [1776449537.727037] Client: [0m---before writing in log upd_msg->type= 4
[91m [1776449537.727044] Client: [0m---before writing in log upd_msg->frag_no= 0
[91m [1776449537.727051] Client: [0m---before writing in log upd_msg->reliable= 1
[91m [1776449537.727057] Client: [0m---before writing in log upd_msg->data.sensor_type= 2
[91m [1776449537.727062] Client: [0m---before writing in log upd_msg->data.sid= device_0
[91m [1776449537.727067] Client: [0m---after writing in log upd_msg->seq_no = 105
[91m [1776449537.727072] Client: [0m---after writing in log upd_msg->data.sensor_type = 2
[91m [1776449537.727076] Client: [0m---after writing in log upd_msg->reliable = 1
[91m [1776449538.79057] BSON Message: [0mInside sensor type parsing.
[91m [1776449538.79070] BSON Message: [0mInside sensor type parsing end.
[91m [1776449538.79077] BSON Message: [0mInside sid parsing
[91m [1776449538.79081] BSON Message: [0mInside temp1 parsing.
[91m [1776449538.79088] Client: [0m---before writing in log upd_msg->seq_no= 242
[91m [1776449538.79093] Client: [0m---before writing in log upd_msg->type= 4
[91m [1776449538.79097] Client: [0m---before writing in log upd_msg->frag_no= 0
[91m [1776449538.79102] Client: [0m---before writing in log upd_msg->reliable= 1
[91m [1776449538.79106] Client: [0m---before writing in log upd_msg->data.sensor_type= 1
[91m [1776449538.79117] Client: [0m---before writing in log upd_msg->data.sid= temp_1
[91m [1776449538.79123] Client: [0m---after writing in log upd_msg->seq_no = 242
[91m [1776449538.79127] Client: [0m---after writing in log upd_msg->data.sensor_type = 1
[91m [1776449538.79131] Client: [0m---after writing in log upd_msg->reliable = 1
[91m [1776449539.74215] BSON Message: [0mInside sensor type parsing.
[91m [1776449539.74226] BSON Message: [0mInside sensor type parsing end.
[91m [1776449539.74232] BSON Message: [0mInside sid parsing
[91m [1776449539.74237] BSON Message: [0mInside temp1 parsing.
[91m [1776449539.74243] Client: [0m---before writing in log upd_msg->seq_no= 243
[91m [1776449539.74247] Client: [0m---before writing in log upd_msg->type= 4
[91m [1776449539.74252] Client: [0m---before writing in log upd_msg->frag_no= 0
[91m [1776449539.74256] Client: [0m---before writing in log upd_msg->reliable= 1
[91m [1776449539.74261] Client: [0m---before writing in log upd_msg->data.sensor_type= 1
[91m [1776449539.74265] Client: [0m---before writing in log upd_msg->data.sid= temp_1
[91m [1776449539.74270] Client: [0m---after writing in log upd_msg->seq_no = 243
[91m [1776449539.74274] Client: [0m---after writing in log upd_msg->data.sensor_type = 1
[91m [1776449539.74279] Client: [0m---after writing in log upd_msg->reliable = 1
[91m [1776449540.73851] BSON Message: [0mInside sensor type parsing.
[91m [1776449540.73862] BSON Message: [0mInside sensor type parsing end.
[91m [1776449540.73867] BSON Message: [0mInside sid parsing
[91m [1776449540.73871] BSON Message: [0mInside temp1 parsing.
[91m [1776449540.73877] Client: [0m---before writing in log upd_msg->seq_no= 244
[91m [1776449540.73881] Client: [0m---before writing in log upd_msg->type= 4
[91m [1776449540.73885] Client: [0m---before writing in log upd_msg->frag_no= 0
[91m [1776449540.73889] Client: [0m---before writing in log upd_msg->reliable= 1
[91m [1776449540.73893] Client: [0m---before writing in log upd_msg->data.sensor_type= 1
[91m [1776449540.73896] Client: [0m---before writing in log upd_msg->data.sid= temp_1
[91m [1776449540.73901] Client: [0m---after writing in log upd_msg->seq_no = 244
[91m [1776449540.73905] Client: [0m---after writing in log upd_msg->data.sensor_type = 1
[91m [1776449540.73908] Client: [0m---after writing in log upd_msg->reliable = 1
[91m [1776449540.985199] BSON Message: [0mInside sensor type parsing.
[91m [1776449540.985208] BSON Message: [0mInside sensor type parsing end.
[91m [1776449540.985211] BSON Message: [0mInside sid parsing
[91m [1776449540.985216] BSON Message: [0mInside gps1 parsing.
[91m [1776449540.985223] Client: [0m---before writing in log upd_msg->seq_no= 25
[91m [1776449540.985229] Client: [0m---before writing in log upd_msg->type= 4
[91m [1776449540.985235] Client: [0m---before writing in log upd_msg->frag_no= 0
[91m [1776449540.985240] Client: [0m---before writing in log upd_msg->reliable= 1
[91m [1776449540.985245] Client: [0m---before writing in log upd_msg->data.sensor_type= 3
[91m [1776449540.985250] Client: [0m---before writing in log upd_msg->data.sid= gps_2
[91m [1776449540.985257] Client: [0m---after writing in log upd_msg->seq_no = 25
[91m [1776449540.985262] Client: [0m---after writing in log upd_msg->data.sensor_type = 3
[91m [1776449540.985267] Client: [0m---after writing in log upd_msg->reliable = 1
[91m [1776449541.74314] BSON Message: [0mInside sensor type parsing.
[91m [1776449541.74325] BSON Message: [0mInside sensor type parsing end.
[91m [1776449541.74331] BSON Message: [0mInside sid parsing
[91m [1776449541.74336] BSON Message: [0mInside temp1 parsing.
[91m [1776449541.74341] Client: [0m---before writing in log upd_msg->seq_no= 245
[91m [1776449541.74346] Client: [0m---before writing in log upd_msg->type= 4
[91m [1776449541.74351] Client: [0m---before writing in log upd_msg->frag_no= 0
[91m [1776449541.74355] Client: [0m---before writing in log upd_msg->reliable= 1
[91m [1776449541.74384] Client: [0m---before writing in log upd_msg->data.sensor_type= 1
[91m [1776449541.74389] Client: [0m---before writing in log upd_msg->data.sid= temp_1
[91m [1776449541.74395] Client: [0m---after writing in log upd_msg->seq_no = 245
[91m [1776449541.74400] Client: [0m---after writing in log upd_msg->data.sensor_type = 1
[91m [1776449541.74405] Client: [0m---after writing in log upd_msg->reliable = 1
[91m [1776449542.74666] BSON Message: [0mInside sensor type parsing.
[91m [1776449542.74691] BSON Message: [0mInside sensor type parsing end.
[91m [1776449542.74697] BSON Message: [0mInside sid parsing
[91m [1776449542.74703] BSON Message: [0mInside temp1 parsing.
[91m [1776449542.74710] Client: [0m---before writing in log upd_msg->seq_no= 246
[91m [1776449542.74716] Client: [0m---before writing in log upd_msg->type= 4
[91m [1776449542.74721] Client: [0m---before writing in log upd_msg->frag_no= 0
[91m [1776449542.74727] Client: [0m---before writing in log upd_msg->reliable= 1
[91m [1776449542.74732] Client: [0m---before writing in log upd_msg->data.sensor_type= 1
[91m [1776449542.74737] Client: [0m---before writing in log upd_msg->data.sid= temp_1
[91m [1776449542.74744] Client: [0m---after writing in log upd_msg->seq_no = 246
[91m [1776449542.74750] Client: [0m---after writing in log upd_msg->data.sensor_type = 1
[91m [1776449542.74755] Client: [0m---after writing in log upd_msg->reliable = 1
[91m [1776449542.718745] BSON Message: [0mInside sensor type parsing.
[91m [1776449542.718759] BSON Message: [0mInside sensor type parsing end.
[91m [1776449542.718764] BSON Message: [0mInside sid parsing
[91m [1776449542.718770] Client: [0m---before writing in log upd_msg->seq_no= 106
[91m [1776449542.718775] Client: [0m---before writing in log upd_msg->type= 4
[91m [1776449542.718780] Client: [0m---before writing in log upd_msg->frag_no= 0
[91m [1776449542.718784] Client: [0m---before writing in log upd_msg->reliable= 1
[91m [1776449542.718789] Client: [0m---before writing in log upd_msg->data.sensor_type= 2
[91m [1776449542.718793] Client: [0m---before writing in log upd_msg->data.sid= device_0
[91m [1776449542.718798] Client: [0m---after writing in log upd_msg->seq_no = 106
[91m [1776449542.718803] Client: [0m---after writing in log upd_msg->data.sensor_type = 2
[91m [1776449542.718807] Client: [0m---after writing in log upd_msg->reliable = 1
[91m [1776449543.74671] BSON Message: [0mInside sensor type parsing.
[91m [1776449543.74681] BSON Message: [0mInside sensor type parsing end.
[91m [1776449543.74685] BSON Message: [0mInside sid parsing
[91m [1776449543.74689] BSON Message: [0mInside temp1 parsing.
[91m [1776449543.74695] Client: [0m---before writing in log upd_msg->seq_no= 247
[91m [1776449543.74700] Client: [0m---before writing in log upd_msg->type= 4
[91m [1776449543.74705] Client: [0m---before writing in log upd_msg->frag_no= 0
[91m [1776449543.74709] Client: [0m---before writing in log upd_msg->reliable= 1
[91m [1776449543.74713] Client: [0m---before writing in log upd_msg->data.sensor_type= 1
[91m [1776449543.74717] Client: [0m---before writing in log upd_msg->data.sid= temp_1
[91m [1776449543.74721] Client: [0m---after writing in log upd_msg->seq_no = 247
[91m [1776449543.74725] Client: [0m---after writing in log upd_msg->data.sensor_type = 1
[91m [1776449543.74729] Client: [0m---after writing in log upd_msg->reliable = 1
[91m [1776449544.75312] BSON Message: [0mInside sensor type parsing.
[91m [1776449544.75323] BSON Message: [0mInside sensor type parsing end.
[91m [1776449544.75328] BSON Message: [0mInside sid parsing
[91m [1776449544.75333] BSON Message: [0mInside temp1 parsing.
[91m [1776449544.75338] Client: [0m---before writing in log upd_msg->seq_no= 248
[91m [1776449544.75342] Client: [0m---before writing in log upd_msg->type= 4
[91m [1776449544.75345] Client: [0m---before writing in log upd_msg->frag_no= 0
[91m [1776449544.75349] Client: [0m---before writing in log upd_msg->reliable= 0
[91m [1776449544.75358] Client: [0m---before writing in log upd_msg->data.sensor_type= 1
[91m [1776449544.75362] Client: [0m---before writing in log upd_msg->data.sid= temp_1
[91m [1776449544.75366] Client: [0m---after writing in log upd_msg->seq_no = 248
[91m [1776449544.75370] Client: [0m---after writing in log upd_msg->data.sensor_type = 1
[91m [1776449544.75374] Client: [0m---after writing in log upd_msg->reliable = 0
[91m [1776449545.76494] BSON Message: [0mInside sensor type parsing.
[91m [1776449545.76507] BSON Message: [0mInside sensor type parsing end.
[91m [1776449545.76512] BSON Message: [0mInside sid parsing
[91m [1776449545.76517] BSON Message: [0mInside temp1 parsing.
is 4
---------Update message arrived------------ 1
Got a message from the server.
Message type is 4
---------Update message arrived------------ 1
Got a message from the server.
Message type is 4
---------Update message arrived------------ 1
Got a message from the server.
Message type is 4
---------Update message arrived------------ 1
Got a message from the server.
Message type is 4
---------Update message arrived------------ 1
Got a message from the server.
Message type is 4
---------Update message arrived------------ 1
Got a message from the server.
Message type is 4
---------Update message arrived------------ 1
Got a message from the server.
Message type is 4
---------Update message arrived------------ 1
Got a message from the server.
Message type is 4
---------Update message arrived------------ 1
Got a message from the server.
Message type is 4
---------Update message arrived------------ 1
Got a message from the server.
Message type is 4
---------Update message arrived------------ 1
Got a message from the server.
Message type is 4
---------Update message arrived------------ 1
Got a message from the server.
Message type is 4
---------Update message arrived------------ 1
Got a message from the server.
Message type is 4
---------Update message arrived------------ 1
Got a message from the server.
Message type is 4
---------Update message arrived------------ 1
Got a message from the server.
Message type is 4
---------Update message arrived------------ 1
Got a message from the server.
Message type is 4
---------Update message arrived------------ 1
Got a message from the server.
Message type is 4
---------Update message arrived------------ 1
Got a message from the server.
Message type is 4
---------Update message arrived------------ 1
Got a message from the server.
Message type is 4
---------Update message arrived------------ 1
Got a message from the server.
Message type is 4
---------Update message arrived------------ 1
Got a message from the server.
Message type is 4
---------Update message arrived------------ 1
Got a message from the server.
Message type is 4
---------Update message arrived------------ 1
Got a message from the server.
Message type is 4
---------Update message arrived------------ 1
Got a message from the server.
Message type is 4
---------Update message arrived------------ 1
Got a message from the server.
Message type is 4
---------Update message arrived------------ 1
Got a message from the server.
Message type is 4
---------Update message arrived------------ 1
Got a message from the server.
Message type is 4
---------Update message arrived------------ 1
Got a message from the server.
Message type is 4
---------Update message arrived------------ 1
Got a message from the server.
Message type is 4
---------Update message arrived------------ 1
Got a message from the server.
Message type is 4
---------Update message arrived------------ 1
Got a message from the server.
Message type is 4
---------Update message arrived------------ 1
Got a message from the server.
Message type is 4
---------Update message arrived------------ 1
Got a message from the server.
Message type is 4
---------Update message arrived------------ 1
Got a message from the server.
Message type is 4
---------Update message arrived------------ 1
Got a message from the server.
Message type is 4
---------Update message arrived------------ 1
Got a message from the server.
Message type is 4
---------Update message arrived------------ 1
Got a message from the server.
Message type is 4
---------Update message arrived------------ 1
Got a message from the server.
Message type is 4
---------Update message arrived------------ 1
Got a message from the server.
Message type is 4
---------Update message arrived------------ 1
Got a message from the server.
Message type is 4
---------Update message arrived------------ 1
Got a message from the server.
Message type is 4
---------Update message arrived------------ 1
Got a message from the server.
Message type is 4
---------Update message arrived------------ 1
Got a message from the server.
Message type is 4
------[91m [1776449545.76529] Client: [0m---before writing in log upd_msg->seq_no= 249
[91m [1776449545.76534] Client: [0m---before writing in log upd_msg->type= 4
[91m [1776449545.76538] Client: [0m---before writing in log upd_msg->frag_no= 0
[91m [1776449545.76543] Client: [0m---before writing in log upd_msg->reliable= 1
[91m [1776449545.76547] Client: [0m---before writing in log upd_msg->data.sensor_type= 1
[91m [1776449545.76552] Client: [0m---before writing in log upd_msg->data.sid= temp_1
[91m [1776449545.76559] Client: [0m---after writing in log upd_msg->seq_no = 249
[91m [1776449545.76565] Client: [0m---after writing in log upd_msg->data.sensor_type = 1
[91m [1776449545.76570] Client: [0m---after writing in log upd_msg->reliable = 1
[91m [1776449545.790730] BSON Message: [0mInside sensor type parsing.
[91m [1776449545.790741] BSON Message: [0mInside sensor type parsing end.
[91m [1776449545.790746] BSON Message: [0mInside sid parsing
[91m [1776449545.790751] Client: [0m---before writing in log upd_msg->seq_no= 107
[91m [1776449545.790755] Client: [0m---before writing in log upd_msg->type= 4
[91m [1776449545.790759] Client: [0m---before writing in log upd_msg->frag_no= 0
[91m [1776449545.790763] Client: [0m---before writing in log upd_msg->reliable= 1
[91m [1776449545.790766] Client: [0m---before writing in log upd_msg->data.sensor_type= 2
[91m [1776449545.790769] Client: [0m---before writing in log upd_msg->data.sid= device_0
[91m [1776449545.790775] Client: [0m---after writing in log upd_msg->seq_no = 107
[91m [1776449545.790778] Client: [0m---after writing in log upd_msg->data.sensor_type = 2
[91m [1776449545.790781] Client: [0m---after writing in log upd_msg->reliable = 1
[91m [1776449546.75598] BSON Message: [0mInside sensor type parsing.
[91m [1776449546.75608] BSON Message: [0mInside sensor type parsing end.
[91m [1776449546.75613] BSON Message: [0mInside sid parsing
[91m [1776449546.75616] BSON Message: [0mInside temp1 parsing.
[91m [1776449546.75620] Client: [0m---before writing in log upd_msg->seq_no= 250
[91m [1776449546.75624] Client: [0m---before writing in log upd_msg->type= 4
[91m [1776449546.75629] Client: [0m---before writing in log upd_msg->frag_no= 0
[91m [1776449546.75633] Client: [0m---before writing in log upd_msg->reliable= 1
[91m [1776449546.75638] Client: [0m---before writing in log upd_msg->data.sensor_type= 1
[91m [1776449546.75643] Client: [0m---before writing in log upd_msg->data.sid= temp_1
[91m [1776449546.75648] Client: [0m---after writing in log upd_msg->seq_no = 250
[91m [1776449546.75652] Client: [0m---after writing in log upd_msg->data.sensor_type = 1
[91m [1776449546.75656] Client: [0m---after writing in log upd_msg->reliable = 1
[91m [1776449546.526835] BSON Message: [0mInside sensor type parsing.
[91m [1776449546.526845] BSON Message: [0mInside sensor type parsing end.
[91m [1776449546.526850] BSON Message: [0mInside sid parsing
[91m [1776449546.526855] Client: [0m---before writing in log upd_msg->seq_no= 108
[91m [1776449546.526859] Client: [0m---before writing in log upd_msg->type= 4
[91m [1776449546.526863] Client: [0m---before writing in log upd_msg->frag_no= 0
[91m [1776449546.526867] Client: [0m---before writing in log upd_msg->reliable= 1
[91m [1776449546.526872] Client: [0m---before writing in log upd_msg->data.sensor_type= 2
[91m [1776449546.526879] Client: [0m---before writing in log upd_msg->data.sid= device_0
[91m [1776449546.526884] Client: [0m---after writing in log upd_msg->seq_no = 108
[91m [1776449546.526888] Client: [0m---after writing in log upd_msg->data.sensor_type = 2
[91m [1776449546.526892] Client: [0m---after writing in log upd_msg->reliable = 1
[91m [1776449547.75967] BSON Message: [0mInside sensor type parsing.
[91m [1776449547.75979] BSON Message: [0mInside sensor type parsing end.
[91m [1776449547.75985] BSON Message: [0mInside sid parsing
[91m [1776449547.75990] BSON Message: [0mInside temp1 parsing.
[91m [1776449547.75996] Client: [0m---before writing in log upd_msg->seq_no= 251
[91m [1776449547.76002] Client: [0m---before writing in log upd_msg->type= 4
[91m [1776449547.76009] Client: [0m---before writing in log upd_msg->frag_no= 0
[91m [1776449547.76015] Client: [0m---before writing in log upd_msg->reliable= 1
[91m [1776449547.76021] Client: [0m---before writing in log upd_msg->data.sensor_type= 1
[91m [1776449547.76026] Client: [0m---before writing in log upd_msg->data.sid= temp_1
[91m [1776449547.76032] Client: [0m---after writing in log upd_msg->seq_no = 251
[91m [1776449547.76037] Client: [0m---after writing in log upd_msg->data.sensor_type = 1
[91m [1776449547.76043] Client: [0m---after writing in log upd_msg->reliable = 1
[91m [1776449548.76643] BSON Message: [0mInside sensor type parsing.
[91m [1776449548.76655] BSON Message: [0mInside sensor type parsing end.
[91m [1776449548.76660] BSON Message: [0mInside sid parsing
[91m [1776449548.76664] BSON Message: [0mInside temp1 parsing.
[91m [1776449548.76669] Client: [0m---before writing in log upd_msg->seq_no= 252
[91m [1776449548.76674] Client: [0m---before writing in log upd_msg->type= 4
[91m [1776449548.76678] Client: [0m---before writing in log upd_msg->frag_no= 0
[91m [1776449548.76682] Client: [0m---before writing in log upd_msg->reliable= 1
[91m [1776449548.76685] Client: [0m---before writing in log upd_msg->data.sensor_type= 1
[91m [1776449548.76689] Client: [0m---before writing in log upd_msg->data.sid= temp_1
[91m [1776449548.76694] Client: [0m---after writing in log upd_msg->seq_no = 252
[91m [1776449548.76698] Client: [0m---after writing in log upd_msg->data.sensor_type = 1
[91m [1776449548.76703] Client: [0m---after writing in log upd_msg->reliable = 1
[91m [1776449549.80482] BSON Message: [0mInside sensor type parsing.
[91m [1776449549.80492] BSON Message: [0mInside sensor type parsing end.
[91m [1776449549.80497] BSON Message: [0mInside sid parsing
[91m [1776449549.80501] BSON Message: [0mInside temp1 parsing.
[91m [1776449549.80507] Client: [0m---before writing in log upd_msg->seq_no= 253
[91m [1776449549.80511] Client: [0m---before writing in log upd_msg->type= 4
[91m [1776449549.80515] Client: [0m---before writing in log upd_msg->frag_no= 0
[91m [1776449549.80519] Client: [0m---before writing in log upd_msg->reliable= 1
[91m [1776449549.80523] Client: [0m---before writing in log upd_msg->data.sensor_type= 1
[91m [1776449549.80527] Client: [0m---before writing in log upd_msg->data.sid= temp_1
[91m [1776449549.80532] Client: [0m---after writing in log upd_msg->seq_no = 253
[91m [1776449549.80536] Client: [0m---after writing in log upd_msg->data.sensor_type = 1
[91m [1776449549.80540] Client: [0m---after writing in log upd_msg->reliable = 1
[91m [1776449549.323756] BSON Message: [0mInside sensor type parsing.
[91m [1776449549.323773] BSON Message: [0mInside sensor type parsing end.
[91m [1776449549.323778] BSON Message: [0mInside sid parsing
[91m [1776449549.323783] Client: [0m---before writing in log upd_msg->seq_no= 109
[91m [1776449549.323788] Client: [0m---before writing in log upd_msg->type= 4
[91m [1776449549.323792] Client: [0m---before writing in log upd_msg->frag_no= 0
[91m [1776449549.323796] Client: [0m---before writing in log upd_msg->reliable= 1
[91m [1776449549.323800] Client: [0m---before writing in log upd_msg->data.sensor_type= 2
[91m [1776449549.323809] Client: [0m---before writing in log upd_msg->data.sid= device_0
[91m [1776449549.323814] Client: [0m---after writing in log upd_msg->seq_no = 109
[91m [1776449549.323818] Client: [0m---after writing in log upd_msg->data.sensor_type = 2
[91m [1776449549.323822] Client: [0m---after writing in log upd_msg->reliable = 1
[91m [1776449550.80096] BSON Message: [0mInside sensor type parsing.
[91m [1776449550.80109] BSON Message: [0mInside sensor type parsing end.
[91m [1776449550.80114] BSON Message: [0mInside sid parsing
[91m [1776449550.80118] BSON Message: [0mInside temp1 parsing.
[91m [1776449550.80123] Client: [0m---before writing in log upd_msg->seq_no= 254
[91m [1776449550.80128] Client: [0m---before writing in log upd_msg->type= 4
[91m [1776449550.80132] Client: [0m---before writing in log upd_msg->frag_no= 0
[91m [1776449550.80136] Client: [0m---before writing in log upd_msg->reliable= 1
[91m [1776449550.80140] Client: [0m---before writing in log upd_msg->data.sensor_type= 1
[91m [1776449550.80146] Client: [0m---before writing in log upd_msg->data.sid= temp_1
[91m [1776449550.80151] Client: [0m---after writing in log upd_msg->seq_no = 254
[91m [1776449550.80156] Client: [0m---after writing in log upd_msg->data.sensor_type = 1
[91m [1776449550.80160] Client: [0m---after writing in log upd_msg->reliable = 1
[91m [1776449551.77785] BSON Message: [0mInside sensor type parsing.
[91m [1776449551.77798] BSON Message: [0mInside sensor type parsing end.
[91m [1776449551.77806] BSON Message: [0mInside sid parsing
[91m [1776449551.77814] BSON Message: [0mInside temp1 parsing.
[91m [1776449551.77822] Client: [0m---before writing in log upd_msg->seq_no= 255
[91m [1776449551.77828] Client: [0m---before writing in log upd_msg->type= 4
[91m [1776449551.77834] Client: [0m---before writing in log upd_msg->frag_no= 0
[91m [1776449551.77840] Client: [0m---before writing in log upd_msg->reliable= 1
[91m [1776449551.77846] Client: [0m---before writing in log upd_msg->data.sensor_type= 1
[91m [1776449551.77852] Client: [0m---before writing in log upd_msg->data.sid= temp_1
[91m [1776449551.77859] Client: [0m---after writing in log upd_msg->seq_no = 255
[91m [1776449551.77864] Client: [0m---after writing in log upd_msg->data.sensor_type = 1
[91m [1776449551.77870] Client: [0m---after writing in log upd_msg->reliable = 1
[91m [1776449552.77977] BSON Message: [0mInside sensor type parsing.
[91m [1776449552.77993] BSON Message: [0mInside sensor type parsing end.
[91m [1776449552.77999] BSON Message: [0mInside sid parsing
[91m [1776449552.78005] BSON Message: [0mInside temp1 parsing.
[91m [1776449552.78011] Client: [0m---before writing in log upd_msg->seq_no= 256
[91m [1776449552.78016] Client: [0m---before writing in log upd_msg->type= 4
[91m [1776449552.78020] Client: [0m---before writing in log upd_msg->frag_no= 0
[91m [1776449552.78024] Client: [0m---before writing in log upd_msg->reliable= 1
[91m [1776449552.78028] Client: [0m---before writing in log upd_msg->data.sensor_type= 1
[91m [1776449552.78033] Client: [0m---before writing in log upd_msg->data.sid= temp_1
[91m [1776449552.78039] Client: [0m---after writing in log upd_msg->seq_no = 256
[91m [1776449552.78044] Client: [0m---after writing in log upd_msg->data.sensor_type = 1
[91m [1776449552.78048] Client: [0m---after writing in log upd_msg->reliable = 1
[91m [1776449553.78264] BSON Message: [0mInside sensor type parsing.
[91m [1776449553.78273] BSON Message: [0mInside sensor type parsing end.
[91m [1776449553.78278] BSON Message: [0mInside sid parsing
[91m [1776449553.78283] BSON Message: [0mInside temp1 parsing.
[91m [1776449553.78289] Client: [0m---before writing in log upd_msg->seq_no= 257
[91m [1776449553.78294] Client: [0m---before writing in log upd_msg->type= 4
[91m [1776449553.78298] Client: [0m---before writing in log upd_msg->frag_no= 0
[91m [1776449553.78303] Client: [0m---before writing in log upd_msg->reliable= 1
[91m [1776449553.78308] Client: [0m---before writing in log upd_msg->data.sensor_type= 1
[91m [1776449553.78316] Client: [0m---before writing in log upd_msg->data.sid= temp_1
[91m [1776449553.78322] Client: [0m---after writing in log upd_msg->seq_no = 257
[91m [1776449553.78328] Client: [0m---after writing in log upd_msg->data.sensor_type = 1
[91m [1776449553.78333] Client: [0m---after writing in log upd_msg->reliable = 1
[91m [1776449553.371556] BSON Message: [0mInside sensor type parsing.
[91m [1776449553.371567] BSON Message: [0mInside sensor type parsing end.
[91m [1776449553.371572] BSON Message: [0mInside sid parsing
[91m [1776449553.371577] Client: [0m---before writing in log upd_msg->seq_no= 110
[91m [1776449553.371582] Client: [0m---before writing in log upd_msg->type= 4
[91m [1776449553.371587] Client: [0m---before writing in log upd_msg->frag_no= 0
[91m [1776449553.371590] Client: [0m---before writing in log upd_msg->reliable= 1
[91m [1776449553.371595] Client: [0m---before writing in log upd_msg->data.sensor_type= 2
[91m [1776449553.371600] Client: [0m---before writing in log upd_msg->data.sid= device_0
[91m [1776449553.371604] Client: [0m---after writing in log upd_msg->seq_no = 110
[91m [1776449553.371609] Client: [0m---after writing in log upd_msg->data.sensor_type = 2
[91m [1776449553.371614] Client: [0m---after writing in log upd_msg->reliable = 1
[91m [1776449553.846670] BSON Message: [0mInside sensor type parsing.
[91m [1776449553.846679] BSON Message: [0mInside sensor type parsing end.
[91m [1776449553.846684] BSON Message: [0mInside sid parsing
[91m [1776449553.846690] Client: [0m---before writing in log upd_msg->seq_no= 111
[91m [1776449553.846694] Client: [0m---before writing in log upd_msg->type= 4
[91m [1776449553.846699] Client: [0m---before writing in log upd_msg->frag_no= 0
[91m [1776449553.846704] Client: [0m---before writing in log upd_msg->reliable= 1
[91m [1776449553.846708] Client: [0m---before writing in log upd_msg->data.sensor_type= 2
[91m [1776449553.846714] Client: [0m---before writing in log upd_msg->data.sid= device_0
[91m [1776449553.846720] Client: [0m---after writing in log upd_msg->seq_no = 111
[91m [1776449553.846725] Client: [0m---after writing in log upd_msg->data.sensor_type = 2
[91m [1776449553.846729] Client: [0m---after writing in log upd_msg->reliable = 1
[91m [1776449554.78413] BSON Message: [0mInside sensor type parsing.
[91m [1776449554.78425] BSON Message: [0mInside sensor type parsing end.
[91m [1776449554.78430] BSON Message: [0mInside sid parsing
[91m [1776449554.78435] BSON Message: [0mInside temp1 parsing.
[91m [1776449554.78440] Client: [0m---before writing in log upd_msg->seq_no= 258
[91m [1776449554.78444] Client: [0m---before writing in log upd_msg->type= 4
[91m [1776449554.78449] Client: [0m---before writing in log upd_msg->frag_no= 0
[91m [1776449554.78453] Client: [0m---before writing in log upd_msg->reliable= 1
[91m [1776449554.78458] Client: [0m---before writing in log upd_msg->data.sensor_type= 1
[91m [1776449554.78462] Client: [0m---before writing in log upd_msg->data.sid= temp_1
[91m [1776449554.78467] Client: [0m---after writing in log upd_msg->seq_no = 258
[91m [1776449554.78472] Client: [0m---after writing in log upd_msg->data.sensor_type = 1
[91m [1776449554.78476] Client: [0m---after writing in log upd_msg->reliable = 1
[91m [1776449554.732386] BSON Message: [0mInside sensor type parsing.
[91m [1776449554.732396] BSON Message: [0mInside sensor type parsing end.
[91m [1776449554.732400] BSON Message: [0mInside sid parsing
[91m [1776449554.732404] BSON Message: [0mInside gps1 parsing.
[91m [1776449554.732409] Client: [0m---before writing in log upd_msg->seq_no= 26
[91m [1776449554.732414] Client: [0m---before writing in log upd_msg->type= 4
[91m [1776449554.732418] Client: [0m---before writing in log upd_msg->frag_no= 0
[91m [1776449554.732423] Client: [0m---before writing in log upd_msg->reliable= 1
[91m [1776449554.732427] Client: [0m---before writing in log upd_msg->data.sensor_type= 3
[91m [1776449554.732435] Client: [0m---before writing in log upd_msg->data.sid= gps_2
[91m [1776449554.732442] Client: [0m---after writing in log upd_msg->seq_no = 26
[91m [1776449554.732445] Client: [0m---after writing in log upd_msg->data.sensor_type = 3
[91m [1776449554.732450] Client: [0m---after writing in log upd_msg->reliable = 1
[91m [1776449555.80791] BSON Message: [0mInside sensor type parsing.
[91m [1776449555.80804] BSON Message: [0mInside sensor type parsing end.
[91m [1776449555.80810] BSON Message: [0mInside sid parsing
[91m [1776449555.80815] BSON Message: [0mInside temp1 parsing.
[91m [1776449555.80822] Client: [0m---before writing in log upd_msg->seq_no= 259
[91m [1776449555.80827] Client: [0m---before writing in log upd_msg->type= 4
[91m [1776449555.80832] Client: [0m---before writing in log upd_msg->frag_no= 0
[91m [1776449555.80837] Client: [0m---before writing in log upd_msg->reliable= 1
[91m [1776449555.80842] Client: [0m---before writing in log upd_msg->data.sensor_type= 1
[91m [1776449555.80847] Client: [0m---before writing in log upd_msg->data.sid= temp_1
[91m [1776449555.80853] Client: [0m---after writing in log upd_msg->seq_no = 259
[91m [1776449555.80858] Client: [0m---after writing in log upd_msg->data.sensor_type = 1
[91m [1776449555.80863] Client: [0m---after writing in log upd_msg->reliable = 1
[91m [1776449555.740411] BSON Message: [0mInside sensor type parsing.
[91m [1776449555.740424] BSON Message: [0mInside sensor type parsing end.
[91m [1776449555.740429] BSON Message: [0mInside sid parsing
[91m [1776449555.740436] Client: [0m---before writing in log upd_msg->seq_no= 112
[91m [1776449555.740440] Client: [0m---before writing in log upd_msg->type= 4
[91m [1776449555.740445] Client: [0m---before writing in log upd_msg->frag_no= 0
[91m [1776449555.740449] Client: [0m---before writing in log upd_msg->reliable= 1
[91m [1776449555.740454] Client: [0m---before writing in log upd_msg->data.sensor_type= 2
[91m [1776449555.740458] Client: [0m---before writing in log upd_msg->data.sid= device_0
[91m [1776449555.740464] Client: [0m---after writing in log upd_msg->seq_no = 112
[91m [1776449555.740468] Client: [0m---after writing in log upd_msg->data.sensor_type = 2
[91m [1776449555.740473] Client: [0m---after writing in log upd_msg->reliable = 1
[91m [1776449556.79051] BSON Message: [0mInside sensor type parsing.
[91m [1776449556.79060] BSON Message: [0mInside sensor type parsing end.
[91m [1776449556.79064] BSON Message: [0mInside sid parsing
[91m [1776449556.79069] BSON Message: [0mInside temp1 parsing.
[91m [1776449556.79073] Client: [0m---before writing in log upd_msg->seq_no= 260
[91m [1776449556.79077] Client: [0m---before writing in log upd_msg->type= 4
[91m [1776449556.79081] Client: [0m---before writing in log upd_msg->frag_no= 0
[91m [1776449556.79084] Client: [0m---before writing in log upd_msg->reliable= 1
[91m [1776449556.79088] Client: [0m---before writing in log upd_msg->data.sensor_type= 1
[91m [1776449556.79092] Client: [0m---before writing in log upd_msg->data.sid= temp_1
[91m [1776449556.79097] Client: [0m---after writing in log upd_msg->seq_no = 260
[91m [1776449556.79101] Client: [0m---after writing in log upd_msg->data.sensor_type = 1
[91m [1776449556.79106] Client: [0m---after writing in log upd_msg->reliable = 1
[91m [1776449557.79823] BSON Message: [0mInside sensor type parsing.
[91m [1776449557.79839] BSON Message: [0mInside sensor type parsing end.
[91m [1776449557.79844] BSON Message: [0mInside sid parsing
[91m [1776449557.79849] BSON Message: [0mInside temp1 parsing.
[91m [1776449557.79855] Client: [0m---before writing in log upd_msg->seq_no= 261
[91m [1776449557.79860] Client: [0m---before writing in log upd_msg->type= 4
[91m [1776449557.79864] Client: [0m---before writing in log upd_msg->frag_no= 0
[91m [1776449557.79869] Client: [0m---before writing in log upd_msg->reliable= 1
[91m [1776449557.79873] Client: [0m---before writing in log upd_msg->data.sensor_type= 1
[91m [1776449557.79883] Client: [0m---before writing in log upd_msg->data.sid= temp_1
[91m [1776449557.79889] Client: [0m---after writing in log upd_msg->seq_no = 261
[91m [1776449557.79893] Client: [0m---after writing in log upd_msg->data.sensor_type = 1
[91m [1776449557.79897] Client: [0m---after writing in log upd_msg->reliable = 1
[91m [1776449557.312275] BSON Message: [0mInside sensor type parsing.
[91m [1776449557.312288] BSON Message: [0mInside sensor type parsing end.
[91m [1776449557.312293] BSON Message: [0mInside sid parsing
[91m [1776449557.312299] Client: [0m---before writing in log upd_msg->seq_no= 113
[91m [1776449557.312304] Client: [0m---before writing in log upd_msg->type= 4
[91m [1776449557.312309] Client: [0m---before writing in log upd_msg->frag_no= 0
[91m [1776449557.312313] Client: [0m---before writing in log upd_msg->reliable= 1
[91m [1776449557.312318] Client: [0m---before writing in log upd_msg->data.sensor_type= 2
[91m [1776449557.312323] Client: [0m---before writing in log upd_msg->data.sid= device_0
[91m [1776449557.312328] Client: [0m---after writing in log upd_msg->seq_no = 113
[91m [1776449557.312333] Client: [0m---after writing in log upd_msg->data.sensor_type = 2
[91m [1776449557.312338] Client: [0m---after writing in log upd_msg->reliable = 1
[91m [1776449558.79755] BSON Message: [0mInside sensor type parsing.
[91m [1776449558.79764] BSON Message: [0mInside sensor type parsing end.
[91m [1776449558.79768] BSON Message: [0mInside sid parsing
[91m [1776449558.79772] BSON Message: [0mInside temp1 parsing.
[91m [1776449558.79777] Client: [0m---before writing in log upd_msg->seq_no= 262
[91m [1776449558.79781] Client: [0m---before writing in log upd_msg->type= 4
[91m [1776449558.79785] Client: [0m---before writing in log upd_msg->frag_no= 0
[91m [1776449558.79789] Client: [0m---before writing in log upd_msg->reliable= 1
[91m [1776449558.79793] Client: [0m---before writing in log upd_msg->data.sensor_type= 1
[91m [1776449558.79798] Client: [0m---before writing in log upd_msg->data.sid= temp_1
[91m [1776449558.79803] Client: [0m---after writing in log upd_msg->seq_no = 262
[91m [1776449558.79808] Client: [0m---after writing in log upd_msg->data.sensor_type = 1
[91m [1776449558.79812] Client: [0m---after writing in log upd_msg->reliable = 1
[91m [1776449559.79801] BSON Message: [0mInside sensor type parsing.
[91m [1776449559.79811] BSON Message: [0mInside sensor type parsing end.
[91m [1776449559.79815] BSON Message: [0mInside sid parsing
[91m [1776449559.79819] BSON Message: [0mInside temp1 parsing.
[91m [1776449559.79825] Client: [0m---before writing in log upd_msg->seq_no= 263
[91m [1776449559.79829] Client: [0m---before writing in log upd_msg->type= 4
[91m [1776449559.79832] Client: [0m---before writing in log upd_msg->frag_no= 0
[91m [1776449559.79836] Client: [0m---before writing in log upd_msg->reliable= 1
[91m [1776449559.79840] Client: [0m---before writing in log upd_msg->data.sensor_type= 1
[91m [1776449559.79843] Client: [0m---before writing in log upd_msg->data.sid= temp_1
[91m [1776449559.79848] Client: [0m---after writing in log upd_msg->seq_no = 263
[91m [1776449559.79852] Client: [0m---after writing in log upd_msg->data.sensor_type = 1
[91m [1776449559.79856] Client: [0m---after writing in log upd_msg->reliable = 1
[91m [1776449559.945067] BSON Message: [0mInside sensor type parsing.
[91m [1776449559.945080] BSON Message: [0mInside sensor type parsing end.
[91m [1776449559.945085] BSON Message: [0mInside sid parsing
[91m [1776449559.945091] Client: [0m---before writing in log upd_msg->seq_no= 114
[91m [1776449559.945096] Client: [0m---before writing in log upd_msg->type= 4
[91m [1776449559.945101] Client: [0m---before writing in log upd_msg->frag_no= 0
[91m [1776449559.945107] Client: [0m---before writing in log upd_msg->reliable= 1
[91m [1776449559.945113] Client: [0m---before writing in log upd_msg->data.sensor_type= 2
[91m [1776449559.945119] Client: [0m---before writing in log upd_msg->data.sid= device_0
[91m [1776449559.945137] Client: [0m---after writing in log upd_msg->seq_no = 114
[91m [1776449559.945157] Client: [0m---after writing in log upd_msg->data.sensor_type = 2
[91m [1776449559.945164] Client: [0m---after writing in log upd_msg->reliable = 1
[91m [1776449560.81225] BSON Message: [0mInside sensor type parsing.
[91m [1776449560.81241] BSON Message: [0mInside sensor type parsing end.
[91m [1776449560.81245] BSON Message: [0mInside sid parsing
[91m [1776449560.81250] BSON Message: [0mInside temp1 parsing.
[91m [1776449560.81256] Client: [0m---before writing in log upd_msg->seq_no= 264
[91m [1776449560.81261] Client: [0m---before writing in log upd_msg->type= 4
[91m [1776449560.81265] Client: [0m---before writing in log upd_msg->frag_no= 0
[91m [1776449560.81269] Client: [0m---before writing in log upd_msg->reliable= 1
[91m [1776449560.81274] Client: [0m---before writing in log upd_msg->data.sensor_type= 1
[91m [1776449560.81278] Client: [0m---before writing in log upd_msg->data.sid= temp_1
[91m [1776449560.81283] Client: [0m---after writing in log upd_msg->seq_no = 264
[91m [1776449560.81287] Client: [0m---after writing in log upd_msg->data.sensor_type = 1
[91m [1776449560.81291] Client: [0m---after writing in log upd_msg->reliable = 1
[91m [1776449561.34132] BSON Message: [0mInside sensor type parsing.
[91m [1776449561.34146] BSON Message: [0mInside sensor type parsing end.
[91m [1776449561.34151] BSON Message: [0mInside sid parsing
[91m [1776449561.34158] Client: [0m---before writing in log upd_msg->seq_no= 115
[91m [1776449561.34163] Client: [0m---before writing in log upd_msg->type= 4
[91m [1776449561.34168] Client: [0m---before writing in log upd_msg->frag_no= 0
[91m [1776449561.34173] Client: [0m---before writing in log upd_msg->reliable= 1
[91m [1776449561.34178] Client: [0m---before writing in log upd_msg->data.sensor_type= 2
[91m [1776449561.34182] Client: [0m---before writing in log upd_msg->data.sid= device_0
[91m [1776449561.34187] Client: [0m---after writing in log upd_msg->seq_no = 115
[91m [1776449561.34192] Client: [0m---after writing in log upd_msg->data.sensor_type = 2
[91m [1776449561.34197] Client: [0m---after writing in log upd_msg->reliable = 1
[91m [1776449561.80731] BSON Message: [0mInside sensor type parsing.
[91m [1776449561.80742] BSON Message: [0mInside sensor type parsing end.
[91m [1776449561.80746] BSON Message: [0mInside sid parsing
[91m [1776449561.80750] BSON Message: [0mInside temp1 parsing.
[91m [1776449561.80756] Client: [0m---before writing in log upd_msg->seq_no= 265
[91m [1776449561.80760] Client: [0m---before writing in log upd_msg->type= 4
[91m [1776449561.80763] Client: [0m---before writing in log upd_msg->frag_no= 0
[91m [1776449561.80767] Client: [0m---before writing in log upd_msg->reliable= 1
[91m [1776449561.80772] Client: [0m---before writing in log upd_msg->data.sensor_type= 1
[91m [1776449561.80776] Client: [0m---before writing in log upd_msg->data.sid= temp_1
[91m [1776449561.80780] Client: [0m---after writing in log upd_msg->seq_no = 265
[91m [1776449561.80784] Client: [0m---after writing in log upd_msg->data.sensor_type = 1
[91m [1776449561.80788] Client: [0m---after writing in log upd_msg->reliable = 1
[91m [1776449562.81932] BSON Message: [0mInside sensor type parsing.
[91m [1776449562.81944] BSON Message: [0mInside sensor type parsing end.
[91m [1776449562.81949] BSON Message: [0mInside sid parsing
[91m [1776449562.81955] BSON Message: [0mInside temp1 parsing.
[91m [1776449562.81961] Client: [0m---before writing in log upd_msg->seq_no= 266
[91m [1776449562.81965] Client: [0m---before writing in log upd_msg->type= 4
[91m [1776449562.81970] Client: [0m---before writing in log upd_msg->frag_no= 0
[91m [1776449562.81974] Client: [0m---before writing in log upd_msg->reliable= 1
[91m [1776449562.81979] Client: [0m---before writing in log upd_msg->data.sensor_type= 1
[91m [1776449562.81983] Client: [0m---before writing in log upd_msg->data.sid= temp_1
[91m [1776449562.81994] Client: [0m---after writing in log upd_msg->seq_no = 266
[91m [1776449562.81999] Client: [0m---after writing in log upd_msg->data.sensor_type = 1
[91m [1776449562.82004] Client: [0m---after writing in log upd_msg->reliable = 1
[91m [1776449563.29232] BSON Message: [0mInside sensor type parsing.
[91m [1776449563.29245] BSON Message: [0mInside sensor type parsing end.
[91m [1776449563.29252] BSON Message: [0mInside sid parsing
[91m [1776449563.29258] BSON Message: [0mInside gps1 parsing.
[91m [1776449563.29265] Client: [0m---before writing in log upd_msg->seq_no= 27
[91m [1776449563.29270] Client: [0m---before writing in log upd_msg->type= 4
[91m [1776449563.29275] Client: [0m---before writing in log upd_msg->frag_no= 0
[91m [1776449563.29279] Client: [0m---before writing in log upd_msg->reliable= 1
[91m [1776449563.29284] Client: [0m---before writing in log upd_msg->data.sensor_type= 3
[91m [1776449563.29289] Client: [0m---before writing in log upd_msg->data.sid= gps_2
[91m [1776449563.29297] Client: [0m---after writing in log upd_msg->seq_no = 27
[91m [1776449563.29302] Client: [0m---after writing in log upd_msg->data.sensor_type = 3
[91m [1776449563.29307] Client: [0m---after writing in log upd_msg->reliable = 1
[91m [1776449563.81475] BSON Message: [0mInside sensor type parsing.
[91m [1776449563.81484] BSON Message: [0mInside sensor type parsing end.
[91m [1776449563.81489] BSON Message: [0mInside sid parsing
[91m [1776449563.81493] BSON Message: [0mInside temp1 parsing.
[91m [1776449563.81499] Client: [0m---before writing in log upd_msg->seq_no= 267
[91m [1776449563.81504] Client: [0m---before writing in log upd_msg->type= 4
[91m [1776449563.81509] Client: [0m---before writing in log upd_msg->frag_no= 0
[91m [1776449563.81513] Client: [0m---before writing in log upd_msg->reliable= 1
[91m [1776449563.81516] Client: [0m---before writing in log upd_msg->data.sensor_type= 1
[91m [1776449563.81522] Client: [0m---before writing in log upd_msg->data.sid= temp_1
[91m [1776449563.81527] Client: [0m---after writing in log upd_msg->seq_no = 267
[91m [1776449563.81531] Client: [0m---after writing in log upd_msg->data.sensor_type = 1
[91m [1776449563.81536] Client: [0m---after writing in log upd_msg->reliable = 1
[91m [1776449564.81955] BSON Message: [0mInside sensor type parsing.
[91m [1776449564.81969] BSON Message: [0mInside sensor type parsing end.
[91m [1776449564.81976] BSON Message: [0mInside sid parsing
[91m [1776449564.81982] BSON Message: [0mInside temp1 parsing.
[91m [1776449564.81989] Client: [0m---before writing in log upd_msg->seq_no= 268
[91m [1776449564.81995] Client: [0m---before writing in log upd_msg->type= 4
[91m [1776449564.82001] Client: [0m---before writing in log upd_msg->frag_no= 0
[91m [1776449564.82006] Client: [0m---before writing in log upd_msg->reliable= 1
[91m [1776449564.82012] Client: [0m---before writing in log upd_msg->data.sensor_type= 1
[91m [1776449564.82018] Client: [0m---before writing in log upd_msg->data.sid= temp_1
[91m [1776449564.82024] Client: [0m---after writing in log upd_msg->seq_no = 268
[91m [1776449564.82030] Client: [0m---after writing in log upd_msg->data.sensor_type = 1
[91m [1776449564.82036] Client: [0m---after writing in log upd_msg->reliable = 1
[91m [1776449564.217889] BSON Message: [0mInside sensor type parsing.
[91m [1776449564.217901] BSON Message: [0mInside sensor type parsing end.
[91m [1776449564.217906] BSON Message: [0mInside sid parsing
[91m [1776449564.217911] Client: [0m---before writing in log upd_msg->seq_no= 116
[91m [1776449564.217926] Client: [0m---before writing in log upd_msg->type= 4
[91m [1776449564.217930] Client: [0m---before writing in log upd_msg->frag_no= 0
[91m [1776449564.217934] Client: [0m---before writing in log upd_msg->reliable= 1
[91m [1776449564.217938] Client: [0m---before writing in log upd_msg->data.sensor_type= 2
[91m [1776449564.217942] Client: [0m---before writing in log upd_msg->data.sid= device_0
[91m [1776449564.217952] Client: [0m---after writing in log upd_msg->seq_no = 116
[91m [1776449564.217956] Client: [0m---after writing in log upd_msg->data.sensor_type = 2
[91m [1776449564.217960] Client: [0m---after writing in log upd_msg->reliable = 1
[91m [1776449565.82189] BSON Message: [0mInside sensor type parsing.
[91m [1776449565.82204] BSON Message: [0mInside sensor type parsing end.
[91m [1776449565.82212] BSON Message: [0mInside sid parsing
[91m [1776449565.82220] BSON Message: [0mInside temp1 parsing.
[91m [1776449565.82229] Client: [0m---before writing in log upd_msg->seq_no= 269
[91m [1776449565.82237] Client: [0m---before writing in log upd_msg->type= 4
[91m [1776449565.82244] Client: [0m---before writing in log upd_msg->frag_no= 0
[91m [1776449565.82252] Client: [0m---before writing in log upd_msg->reliable= 1
[91m [1776449565.82259] Client: [0m---before writing in log upd_msg->data.sensor_type= 1
[91m [1776449565.82267] Client: [0m---before writing in log upd_msg->data.sid= temp_1
[91m [1776449565.82278] Client: [0m---after writing in log upd_msg->seq_no = 269
[91m [1776449565.82287] Client: [0m---after writing in log upd_msg->data.sensor_type = 1
[91m [1776449565.82296] Client: [0m---after writing in log upd_msg->reliable = 1
[91m [1776449566.83184] BSON Message: [0mInside sensor type parsing.
[91m [1776449566.83200] BSON Message: [0mInside sensor type parsing end.
[91m [1776449566.83210] BSON Message: [0mInside sid parsing
[91m [1776449566.83219] BSON Message: [0mInside temp1 parsing.
[91m [1776449566.83229] Client: [0m---before writing in log upd_msg->seq_no= 270
[91m [1776449566.83238] Client: [0m---before writing in log upd_msg->type= 4
[91m [1776449566.83247] Client: [0m---before writing in log upd_msg->frag_no= 0
[91m [1776449566.83256] Client: [0m---before writing in log upd_msg->reliable= 1
[91m [1776449566.83264] Client: [0m---before writing in log upd_msg->data.sensor_type= 1
[91m [1776449566.83272] Client: [0m---before writing in log upd_msg->data.sid= temp_1
[91m [1776449566.83282] Client: [0m---after writing in log upd_msg->seq_no = 270
[91m [1776449566.83290] Client: [0m---after writing in log upd_msg->data.sensor_type = 1
[91m [1776449566.83299] Client: [0m---after writing in log upd_msg->reliable = 1
[91m [1776449567.82587] BSON Message: [0mInside sensor type parsing.
[91m [1776449567.82601] BSON Message: [0mInside sensor type parsing end.
[91m [1776449567.82608] BSON Message: [0mInside sid parsing
[91m [1776449567.82616] BSON Message: [0mInside temp1 parsing.
[91m [1776449567.82623] Client: [0m---before writing in log upd_msg->seq_no= 271
[91m [1776449567.82685] Client: [0m---before writing in log upd_msg->type= 4
[91m [1776449567.82693] Client: [0m---before writing in log upd_msg->frag_no= 0
[91m [1776449567.82700] Client: [0m---before writing in log upd_msg->reliable= 1
[91m [1776449567.82706] Client: [0m---before writing in log upd_msg->data.sensor_type= 1
[91m [1776449567.82712] Client: [0m---before writing in log upd_msg->data.sid= temp_1
[91m [1776449567.82719] Client: [0m---after writing in log upd_msg->seq_no = 271
[91m [1776449567.82727] Client: [0m---after writing in log upd_msg->data.sensor_type = 1
[91m [1776449567.82734] Client: [0m---after writing in log upd_msg->reliable = 1
[91m [1776449567.251864] BSON Message: [0mInside sensor type parsing.
[91m [1776449567.251879] BSON Message: [0mInside sensor type parsing end.
[91m [1776449567.251886] BSON Message: [0mInside sid parsing
[91m [1776449567.251894] BSON Message: [0mInside gps1 parsing.
[91m [1776449567.251903] Client: [0m---before writing in log upd_msg->seq_no= 28
[91m [1776449567.251910] Client: [0m---before writing in log upd_msg->type= 4
[91m [1776449567.251926] Client: [0m---before writing in log upd_msg->frag_no= 0
[91m [1776449567.251935] Client: [0m---before writing in log upd_msg->reliable= 1
[91m [1776449567.251942] Client: [0m---before writing in log upd_msg->data.sensor_type= 3
[91m [1776449567.251955] Client: [0m---before writing in log upd_msg->data.sid= gps_2
[91m [1776449567.251962] Client: [0m---after writing in log upd_msg->seq_no = 28
[91m [1776449567.251967] Client: [0m---after writing in log upd_msg->data.sensor_type = 3
[91m [1776449567.251971] Client: [0m---after writing in log upd_msg->reliable = 1
[91m [1776449568.54488] BSON Message: [0mInside sensor type parsing.
[91m [1776449568.54501] BSON Message: [0mInside sensor type parsing end.
[91m [1776449568.54508] BSON Message: [0mInside sid parsing
[91m [1776449568.54514] Client: [0m---before writing in log upd_msg->seq_no= 117
[91m [1776449568.54519] Client: [0m---before writing in log upd_msg->type= 4
[91m [1776449568.54524] Client: [0m---before writing in log upd_msg->frag_no= 0
[91m [1776449568.54529] Client: [0m---before writing in log upd_msg->reliable= 1
[91m [1776449568.54534] Client: [0m---before writing in log upd_msg->data.sensor_type= 2
[91m [1776449568.54539] Client: [0m---before writing in log upd_msg->data.sid= device_0
[91m [1776449568.54545] Client: [0m---after writing in log upd_msg->seq_no = 117
[91m [1776449568.54549] Client: [0m---after writing in log upd_msg->data.sensor_type = 2
[91m [1776449568.54554] Client: [0m---after writing in log upd_msg->reliable = 1
[91m [1776449568.82948] BSON Message: [0mInside sensor type parsing.
[91m [1776449568.82970] BSON Message: [0mInside sensor type parsing end.
[91m [1776449568.82976] BSON Message: [0mInside sid parsing
[91m [1776449568.82982] BSON Message: [0mInside temp1 parsing.
[91m [1776449568.82989] Client: [0m---before writing in log upd_msg->seq_no= 272
[91m [1776449568.82994] Client: [0m---before writing in log upd_msg->type= 4
[91m [1776449568.83009] Client: [0m---before writing in log upd_msg->frag_no= 0
[91m [1776449568.83013] Client: [0m---before writing in log upd_msg->reliable= 1
[91m [1776449568.83016] Client: [0m---before writing in log upd_msg->data.sensor_type= 1
[91m [1776449568.83019] Client: [0m---before writing in log upd_msg->data.sid= temp_1
[91m [1776449568.83024] Client: [0m---after writing in log upd_msg->seq_no = 272
[91m [1776449568.83029] Client: [0m---after writing in log upd_msg->data.sensor_type = 1
[91m [1776449568.83033] Client: [0m---after writing in log upd_msg->reliable = 1
[91m [1776449569.84549] BSON Message: [0mInside sensor type parsing.
[91m [1776449569.84560] BSON Message: [0mInside sensor type parsing end.
[91m [1776449569.84563] BSON Message: [0mInside sid parsing
[91m [1776449569.84567] BSON Message: [0mInside temp1 parsing.
[91m [1776449569.84571] Client: [0m---before writing in log upd_msg->seq_no= 273
[91m [1776449569.84574] Client: [0m---before writing in log upd_msg->type= 4
[91m [1776449569.84577] Client: [0m---before writing in log upd_msg->frag_no= 0
[91m [1776449569.84580] Client: [0m---before writing in log upd_msg->reliable= 0
[91m [1776449569.84584] Client: [0m---before writing in log upd_msg->data.sensor_type= 1
[91m [1776449569.84587] Client: [0m---before writing in log upd_msg->data.sid= temp_1
[91m [1776449569.84590] Client: [0m---after writing in log upd_msg->seq_no = 273
[91m [1776449569.84593] Client: [0m---after writing in log upd_msg->data.sensor_type = 1
[91m [1776449569.84597] Client: [0m---after writing in log upd_msg->reliable = 0
[91m [1776449570.83629] BSON Message: [0mInside sensor type parsing.
[91m [1776449570.83641] BSON Message: [0mInside sensor type parsing end.
[91m [1776449570.83647] BSON Message: [0mInside sid parsing
[91m [1776449570.83652] BSON Message: [0mInside temp1 parsing.
[91m [1776449570.83659] Client: [0m---before writing in log upd_msg->seq_no= 274
[91m [1776449570.83668] Client: [0m---before writing in log upd_msg->type= 4
[91m [1776449570.83673] Client: [0m---before writing in log upd_msg->frag_no= 0
[91m [1776449570.83677] Client: [0m---before writing in log upd_msg->reliable= 1
[91m [1776449570.83683] Client: [0m---before writing in log upd_msg->data.sensor_type= 1
[91m [1776449570.83693] Client: [0m---before writing in log upd_msg->data.sid= temp_1
[91m [1776449570.83699] Client: [0m---after writing in log upd_msg->seq_no = 274
[91m [1776449570.83703] Client: [0m---after writing in log upd_msg->data.sensor_type = 1
[91m [1776449570.83708] Client: [0m---after writing in log upd_msg->reliable = 1
[91m [1776449571.84264] BSON Message: [0mInside sensor type parsing.
[91m [1776449571.84280] BSON Message: [0mInside sensor type parsing end.
[91m [1776449571.84286] BSON Message: [0mInside sid parsing
[91m [1776449571.84292] BSON Message: [0mInside temp1 parsing.
[91m [1776449571.84300] Client: [0m---before writing in log upd_msg->seq_no= 275
[91m [1776449571.84306] Client: [0m---before writing in log upd_msg->type= 4
[91m [1776449571.84311] Client: [0m---before writing in log upd_msg->frag_no= 0
[91m [1776449571.84315] Client: [0m---before writing in log upd_msg->reliable= 1
[91m [1776449571.84320] Client: [0m---before writing in log upd_msg->data.sensor_type= 1
[91m [1776449571.84325] Client: [0m---before writing in log upd_msg->data.sid= temp_1
[91m [1776449571.84331] Client: [0m---after writing in log upd_msg->seq_no = 275
[91m [1776449571.84339] Client: [0m---after writing in log upd_msg->data.sensor_type = 1
[91m [1776449571.84345] Client: [0m---after writing in log upd_msg->reliable = 1
[91m [1776449571.237724] BSON Message: [0mInside sensor type parsing.
[91m [1776449571.237736] BSON Message: [0mInside sensor type parsing end.
[91m [1776449571.237743] BSON Message: [0mInside sid parsing
[91m [1776449571.237750] Client: [0m---before writing in log upd_msg->seq_no= 118
[91m [1776449571.237756] Client: [0m---before writing in log upd_msg->type= 4
[91m [1776449571.237762] Client: [0m---before writing in log upd_msg->frag_no= 0
[91m [1776449571.237767] Client: [0m---before writing in log upd_msg->reliable= 1
[91m [1776449571.237773] Client: [0m---before writing in log upd_msg->data.sensor_type= 2
[91m [1776449571.237778] Client: [0m---before writing in log upd_msg->data.sid= device_0
[91m [1776449571.237784] Client: [0m---after writing in log upd_msg->seq_no = 118
[91m [1776449571.237789] Client: [0m---after writing in log upd_msg->data.sensor_type = 2
[91m [1776449571.237796] Client: [0m---after writing in log upd_msg->reliable = 1
[91m [1776449572.84272] BSON Message: [0mInside sensor type parsing.
[91m [1776449572.84285] BSON Message: [0mInside sensor type parsing end.
[91m [1776449572.84295] BSON Message: [0mInside sid parsing
[91m [1776449572.84301] BSON Message: [0mInside temp1 parsing.
[91m [1776449572.84307] Client: [0m---before writing in log upd_msg->seq_no= 276
[91m [1776449572.84313] Client: [0m---before writing in log upd_msg->type= 4
[91m [1776449572.84319] Client: [0m---before writing in log upd_msg->frag_no= 0
[91m [1776449572.84325] Client: [0m---before writing in log upd_msg->reliable= 1
[91m [1776449572.84332] Client: [0m---before writing in log upd_msg->data.sensor_type= 1
[91m [1776449572.84339] Client: [0m---before writing in log upd_msg->data.sid= temp_1
[91m [1776449572.84347] Client: [0m---after writing in log upd_msg->seq_no = 276
[91m [1776449572.84353] Client: [0m---after writing in log upd_msg->data.sensor_type = 1
[91m [1776449572.84359] Client: [0m---after writing in log upd_msg->reliable = 1
[91m [1776449573.84456] BSON Message: [0mInside sensor type parsing.
[91m [1776449573.84468] BSON Message: [0mInside sensor type parsing end.
[91m [1776449573.84474] BSON Message: [0mInside sid parsing
[91m [1776449573.84478] BSON Message: [0mInside temp1 parsing.
---Update message arrived------------ 1
Got a message from the server.
Message type is 4
---------Update message arrived------------ 1
Got a message from the server.
Message type is 4
---------Update message arrived------------ 1
Got a message from the server.
Message type is 4
---------Update message arrived------------ 1
Got a message from the server.
Message type is 4
---------Update message arrived------------ 1
Got a message from the server.
Message type is 4
---------Update message arrived------------ 1
Got a message from the server.
Message type is 4
---------Update message arrived------------ 1
Got a message from the server.
Message type is 4
---------Update message arrived------------ 1
Got a message from the server.
Message type is 4
---------Update message arrived------------ 1
Got a message from the server.
Message type is 4
---------Update message arrived------------ 1
Got a message from the server.
Message type is 4
---------Update message arrived------------ 1
Got a message from the server.
Message type is 4
---------Update message arrived------------ 1
Got a message from the server.
Message type is 4
---------Update message arrived------------ 1
Got a message from the server.
Message type is 4
---------Update message arrived------------ 1
Got a message from the server.
Message type is 4
---------Update message arrived------------ 1
Got a message from the server.
Message type is 4
---------Update message arrived------------ 1
Got a message from the server.
Message type is 4
---------Update message arrived------------ 1
Got a message from the server.
Message type is 4
---------Update message arrived------------ 1
Got a message from the server.
Message type is 4
---------Update message arrived------------ 1
Got a message from the server.
Message type is 4
---------Update message arrived------------ 1
Got a message from the server.
Message type is 4
---------Update message arrived------------ 1
Got a message from the server.
Message type is 4
---------Update message arrived------------ 1
Got a message from the server.
Message type is 4
---------Update message arrived------------ 1
Got a message from the server.
Message type is 4
---------Update message arrived------------ 1
Got a message from the server.
Message type is 4
---------Update message arrived------------ 1
Got a message from the server.
Message type is 4
---------Update message arrived------------ 1
Got a message from the server.
Message type is 4
---------Update message arrived------------ 1
Got a message from the server.
Message type is 4
---------Update message arrived------------ 1
Got a message from the server.
Message type is 4
---------Update message arrived------------ 1
Got a message from the server.
Message type is 4
---------Update message arrived------------ 1
Got a message from the server.
Message type is 4
---------Update message arrived------------ 1
Got a message from the server.
Message type is 4
---------Update message arrived------------ 1
Got a message from the server.
Message type is 4
---------Update message arrived------------ 1
Got a message from the server.
Message type is 4
---------Update message arrived------------ 1
Got a message from the server.
Message type is 4
---------Update message arrived------------ 1
Got a message from the server.
Message type is 4
---------Update message arrived------------ 1
Got a message from the server.
Message type is 4
---------Update message arrived------------ 1
Got a message from the server.
Message type is 4
---------Update message arrived------------ 1
Got a message from the server.
Message type is 4
---------Update message arrived------------ 1
Got a message from the server.
Message type is 4
---------Update message arrived------------ 1
Got a message from the server.
Message type is 4
---------Update message arrived------------ 1
Got a message from the server.
Message type is 4
---------Update message arrived------------ 1
Got a message from the server.
Message type is 4
---------Update message arrived------------ 1
Got a message from the server.
Message type is 4
---------Update m[91m [1776449573.84492] Client: [0m---before writing in log upd_msg->seq_no= 277
[91m [1776449573.84497] Client: [0m---before writing in log upd_msg->type= 4
[91m [1776449573.84501] Client: [0m---before writing in log upd_msg->frag_no= 0
[91m [1776449573.84505] Client: [0m---before writing in log upd_msg->reliable= 1
[91m [1776449573.84510] Client: [0m---before writing in log upd_msg->data.sensor_type= 1
[91m [1776449573.84518] Client: [0m---before writing in log upd_msg->data.sid= temp_1
[91m [1776449573.84524] Client: [0m---after writing in log upd_msg->seq_no = 277
[91m [1776449573.84528] Client: [0m---after writing in log upd_msg->data.sensor_type = 1
[91m [1776449573.84532] Client: [0m---after writing in log upd_msg->reliable = 1
[91m [1776449574.84557] BSON Message: [0mInside sensor type parsing.
[91m [1776449574.84568] BSON Message: [0mInside sensor type parsing end.
[91m [1776449574.84572] BSON Message: [0mInside sid parsing
[91m [1776449574.84577] BSON Message: [0mInside temp1 parsing.
[91m [1776449574.84582] Client: [0m---before writing in log upd_msg->seq_no= 278
[91m [1776449574.84586] Client: [0m---before writing in log upd_msg->type= 4
[91m [1776449574.84590] Client: [0m---before writing in log upd_msg->frag_no= 0
[91m [1776449574.84594] Client: [0m---before writing in log upd_msg->reliable= 1
[91m [1776449574.84598] Client: [0m---before writing in log upd_msg->data.sensor_type= 1
[91m [1776449574.84602] Client: [0m---before writing in log upd_msg->data.sid= temp_1
[91m [1776449574.84607] Client: [0m---after writing in log upd_msg->seq_no = 278
[91m [1776449574.84611] Client: [0m---after writing in log upd_msg->data.sensor_type = 1
[91m [1776449574.84615] Client: [0m---after writing in log upd_msg->reliable = 1
[91m [1776449574.657732] BSON Message: [0mInside sensor type parsing.
[91m [1776449574.657743] BSON Message: [0mInside sensor type parsing end.
[91m [1776449574.657749] BSON Message: [0mInside sid parsing
[91m [1776449574.657753] BSON Message: [0mInside gps1 parsing.
[91m [1776449574.657759] Client: [0m---before writing in log upd_msg->seq_no= 29
[91m [1776449574.657764] Client: [0m---before writing in log upd_msg->type= 4
[91m [1776449574.657769] Client: [0m---before writing in log upd_msg->frag_no= 0
[91m [1776449574.657773] Client: [0m---before writing in log upd_msg->reliable= 1
[91m [1776449574.657779] Client: [0m---before writing in log upd_msg->data.sensor_type= 3
[91m [1776449574.657784] Client: [0m---before writing in log upd_msg->data.sid= gps_2
[91m [1776449574.657792] Client: [0m---after writing in log upd_msg->seq_no = 29
[91m [1776449574.657797] Client: [0m---after writing in log upd_msg->data.sensor_type = 3
[91m [1776449574.657801] Client: [0m---after writing in log upd_msg->reliable = 1
[91m [1776449575.85211] BSON Message: [0mInside sensor type parsing.
[91m [1776449575.85221] BSON Message: [0mInside sensor type parsing end.
[91m [1776449575.85225] BSON Message: [0mInside sid parsing
[91m [1776449575.85229] BSON Message: [0mInside temp1 parsing.
[91m [1776449575.85234] Client: [0m---before writing in log upd_msg->seq_no= 279
[91m [1776449575.85238] Client: [0m---before writing in log upd_msg->type= 4
[91m [1776449575.85242] Client: [0m---before writing in log upd_msg->frag_no= 0
[91m [1776449575.85247] Client: [0m---before writing in log upd_msg->reliable= 1
[91m [1776449575.85252] Client: [0m---before writing in log upd_msg->data.sensor_type= 1
[91m [1776449575.85257] Client: [0m---before writing in log upd_msg->data.sid= temp_1
[91m [1776449575.85263] Client: [0m---after writing in log upd_msg->seq_no = 279
[91m [1776449575.85267] Client: [0m---after writing in log upd_msg->data.sensor_type = 1
[91m [1776449575.85272] Client: [0m---after writing in log upd_msg->reliable = 1
[91m [1776449575.682857] BSON Message: [0mInside sensor type parsing.
[91m [1776449575.682868] BSON Message: [0mInside sensor type parsing end.
[91m [1776449575.682873] BSON Message: [0mInside sid parsing
[91m [1776449575.682880] Client: [0m---before writing in log upd_msg->seq_no= 119
[91m [1776449575.682884] Client: [0m---before writing in log upd_msg->type= 4
[91m [1776449575.682889] Client: [0m---before writing in log upd_msg->frag_no= 0
[91m [1776449575.682893] Client: [0m---before writing in log upd_msg->reliable= 1
[91m [1776449575.682898] Client: [0m---before writing in log upd_msg->data.sensor_type= 2
[91m [1776449575.682907] Client: [0m---before writing in log upd_msg->data.sid= device_0
[91m [1776449575.682913] Client: [0m---after writing in log upd_msg->seq_no = 119
[91m [1776449575.682926] Client: [0m---after writing in log upd_msg->data.sensor_type = 2
[91m [1776449575.682931] Client: [0m---after writing in log upd_msg->reliable = 1
[91m [1776449576.85304] BSON Message: [0mInside sensor type parsing.
[91m [1776449576.85313] BSON Message: [0mInside sensor type parsing end.
[91m [1776449576.85318] BSON Message: [0mInside sid parsing
[91m [1776449576.85322] BSON Message: [0mInside temp1 parsing.
[91m [1776449576.85326] Client: [0m---before writing in log upd_msg->seq_no= 280
[91m [1776449576.85330] Client: [0m---before writing in log upd_msg->type= 4
[91m [1776449576.85334] Client: [0m---before writing in log upd_msg->frag_no= 0
[91m [1776449576.85339] Client: [0m---before writing in log upd_msg->reliable= 1
[91m [1776449576.85347] Client: [0m---before writing in log upd_msg->data.sensor_type= 1
[91m [1776449576.85353] Client: [0m---before writing in log upd_msg->data.sid= temp_1
[91m [1776449576.85360] Client: [0m---after writing in log upd_msg->seq_no = 280
[91m [1776449576.85365] Client: [0m---after writing in log upd_msg->data.sensor_type = 1
[91m [1776449576.85369] Client: [0m---after writing in log upd_msg->reliable = 1
[91m [1776449577.85723] BSON Message: [0mInside sensor type parsing.
[91m [1776449577.85734] BSON Message: [0mInside sensor type parsing end.
[91m [1776449577.85739] BSON Message: [0mInside sid parsing
[91m [1776449577.85745] BSON Message: [0mInside temp1 parsing.
[91m [1776449577.85751] Client: [0m---before writing in log upd_msg->seq_no= 281
[91m [1776449577.85755] Client: [0m---before writing in log upd_msg->type= 4
[91m [1776449577.85760] Client: [0m---before writing in log upd_msg->frag_no= 0
[91m [1776449577.85765] Client: [0m---before writing in log upd_msg->reliable= 1
[91m [1776449577.85769] Client: [0m---before writing in log upd_msg->data.sensor_type= 1
[91m [1776449577.85774] Client: [0m---before writing in log upd_msg->data.sid= temp_1
[91m [1776449577.85780] Client: [0m---after writing in log upd_msg->seq_no = 281
[91m [1776449577.85784] Client: [0m---after writing in log upd_msg->data.sensor_type = 1
[91m [1776449577.85789] Client: [0m---after writing in log upd_msg->reliable = 1
[91m [1776449578.85927] BSON Message: [0mInside sensor type parsing.
[91m [1776449578.85938] BSON Message: [0mInside sensor type parsing end.
[91m [1776449578.85943] BSON Message: [0mInside sid parsing
[91m [1776449578.85948] BSON Message: [0mInside temp1 parsing.
[91m [1776449578.85954] Client: [0m---before writing in log upd_msg->seq_no= 282
[91m [1776449578.85960] Client: [0m---before writing in log upd_msg->type= 4
[91m [1776449578.85964] Client: [0m---before writing in log upd_msg->frag_no= 0
[91m [1776449578.85969] Client: [0m---before writing in log upd_msg->reliable= 1
[91m [1776449578.85974] Client: [0m---before writing in log upd_msg->data.sensor_type= 1
[91m [1776449578.85979] Client: [0m---before writing in log upd_msg->data.sid= temp_1
[91m [1776449578.85985] Client: [0m---after writing in log upd_msg->seq_no = 282
[91m [1776449578.85990] Client: [0m---after writing in log upd_msg->data.sensor_type = 1
[91m [1776449578.85995] Client: [0m---after writing in log upd_msg->reliable = 1
[91m [1776449579.88277] BSON Message: [0mInside sensor type parsing.
[91m [1776449579.88292] BSON Message: [0mInside sensor type parsing end.
[91m [1776449579.88298] BSON Message: [0mInside sid parsing
[91m [1776449579.88302] BSON Message: [0mInside temp1 parsing.
[91m [1776449579.88308] Client: [0m---before writing in log upd_msg->seq_no= 283
[91m [1776449579.88312] Client: [0m---before writing in log upd_msg->type= 4
[91m [1776449579.88317] Client: [0m---before writing in log upd_msg->frag_no= 0
[91m [1776449579.88321] Client: [0m---before writing in log upd_msg->reliable= 1
[91m [1776449579.88326] Client: [0m---before writing in log upd_msg->data.sensor_type= 1
[91m [1776449579.88336] Client: [0m---before writing in log upd_msg->data.sid= temp_1
[91m [1776449579.88342] Client: [0m---after writing in log upd_msg->seq_no = 283
[91m [1776449579.88346] Client: [0m---after writing in log upd_msg->data.sensor_type = 1
[91m [1776449579.88350] Client: [0m---after writing in log upd_msg->reliable = 1
[91m [1776449579.496470] BSON Message: [0mInside sensor type parsing.
[91m [1776449579.496483] BSON Message: [0mInside sensor type parsing end.
[91m [1776449579.496488] BSON Message: [0mInside sid parsing
[91m [1776449579.496495] Client: [0m---before writing in log upd_msg->seq_no= 120
[91m [1776449579.496500] Client: [0m---before writing in log upd_msg->type= 4
[91m [1776449579.496504] Client: [0m---before writing in log upd_msg->frag_no= 0
[91m [1776449579.496509] Client: [0m---before writing in log upd_msg->reliable= 1
[91m [1776449579.496513] Client: [0m---before writing in log upd_msg->data.sensor_type= 2
[91m [1776449579.496517] Client: [0m---before writing in log upd_msg->data.sid= device_0
[91m [1776449579.496522] Client: [0m---after writing in log upd_msg->seq_no = 120
[91m [1776449579.496527] Client: [0m---after writing in log upd_msg->data.sensor_type = 2
[91m [1776449579.496532] Client: [0m---after writing in log upd_msg->reliable = 1
[91m [1776449580.91078] BSON Message: [0mInside sensor type parsing.
[91m [1776449580.91091] BSON Message: [0mInside sensor type parsing end.
[91m [1776449580.91096] BSON Message: [0mInside sid parsing
[91m [1776449580.91100] BSON Message: [0mInside temp1 parsing.
[91m [1776449580.91105] Client: [0m---before writing in log upd_msg->seq_no= 284
[91m [1776449580.91110] Client: [0m---before writing in log upd_msg->type= 4
[91m [1776449580.91114] Client: [0m---before writing in log upd_msg->frag_no= 0
[91m [1776449580.91118] Client: [0m---before writing in log upd_msg->reliable= 1
[91m [1776449580.91124] Client: [0m---before writing in log upd_msg->data.sensor_type= 1
[91m [1776449580.91128] Client: [0m---before writing in log upd_msg->data.sid= temp_1
[91m [1776449580.91133] Client: [0m---after writing in log upd_msg->seq_no = 284
[91m [1776449580.91136] Client: [0m---after writing in log upd_msg->data.sensor_type = 1
[91m [1776449580.91140] Client: [0m---after writing in log upd_msg->reliable = 1
[91m [1776449580.711662] BSON Message: [0mInside sensor type parsing.
[91m [1776449580.711674] BSON Message: [0mInside sensor type parsing end.
[91m [1776449580.711680] BSON Message: [0mInside sid parsing
[91m [1776449580.711686] BSON Message: [0mInside gps1 parsing.
[91m [1776449580.711693] Client: [0m---before writing in log upd_msg->seq_no= 30
[91m [1776449580.711698] Client: [0m---before writing in log upd_msg->type= 4
[91m [1776449580.711704] Client: [0m---before writing in log upd_msg->frag_no= 0
[91m [1776449580.711709] Client: [0m---before writing in log upd_msg->reliable= 1
[91m [1776449580.711714] Client: [0m---before writing in log upd_msg->data.sensor_type= 3
[91m [1776449580.711720] Client: [0m---before writing in log upd_msg->data.sid= gps_2
[91m [1776449580.711728] Client: [0m---after writing in log upd_msg->seq_no = 30
[91m [1776449580.711735] Client: [0m---after writing in log upd_msg->data.sensor_type = 3
[91m [1776449580.711741] Client: [0m---after writing in log upd_msg->reliable = 1
[91m [1776449581.88158] BSON Message: [0mInside sensor type parsing.
[91m [1776449581.88172] BSON Message: [0mInside sensor type parsing end.
[91m [1776449581.88178] BSON Message: [0mInside sid parsing
[91m [1776449581.88184] BSON Message: [0mInside temp1 parsing.
[91m [1776449581.88191] Client: [0m---before writing in log upd_msg->seq_no= 285
[91m [1776449581.88196] Client: [0m---before writing in log upd_msg->type= 4
[91m [1776449581.88202] Client: [0m---before writing in log upd_msg->frag_no= 0
[91m [1776449581.88208] Client: [0m---before writing in log upd_msg->reliable= 1
[91m [1776449581.88213] Client: [0m---before writing in log upd_msg->data.sensor_type= 1
[91m [1776449581.88224] Client: [0m---before writing in log upd_msg->data.sid= temp_1
[91m [1776449581.88230] Client: [0m---after writing in log upd_msg->seq_no = 285
[91m [1776449581.88235] Client: [0m---after writing in log upd_msg->data.sensor_type = 1
[91m [1776449581.88240] Client: [0m---after writing in log upd_msg->reliable = 1
[91m [1776449582.89392] BSON Message: [0mInside sensor type parsing.
[91m [1776449582.89402] BSON Message: [0mInside sensor type parsing end.
[91m [1776449582.89407] BSON Message: [0mInside sid parsing
[91m [1776449582.89412] BSON Message: [0mInside temp1 parsing.
[91m [1776449582.89418] Client: [0m---before writing in log upd_msg->seq_no= 286
[91m [1776449582.89422] Client: [0m---before writing in log upd_msg->type= 4
[91m [1776449582.89426] Client: [0m---before writing in log upd_msg->frag_no= 0
[91m [1776449582.89430] Client: [0m---before writing in log upd_msg->reliable= 1
[91m [1776449582.89435] Client: [0m---before writing in log upd_msg->data.sensor_type= 1
[91m [1776449582.89439] Client: [0m---before writing in log upd_msg->data.sid= temp_1
[91m [1776449582.89445] Client: [0m---after writing in log upd_msg->seq_no = 286
[91m [1776449582.89449] Client: [0m---after writing in log upd_msg->data.sensor_type = 1
[91m [1776449582.89453] Client: [0m---after writing in log upd_msg->reliable = 1
[91m [1776449583.88241] BSON Message: [0mInside sensor type parsing.
[91m [1776449583.88251] BSON Message: [0mInside sensor type parsing end.
[91m [1776449583.88256] BSON Message: [0mInside sid parsing
[91m [1776449583.88260] BSON Message: [0mInside temp1 parsing.
[91m [1776449583.88265] Client: [0m---before writing in log upd_msg->seq_no= 287
[91m [1776449583.88269] Client: [0m---before writing in log upd_msg->type= 4
[91m [1776449583.88273] Client: [0m---before writing in log upd_msg->frag_no= 0
[91m [1776449583.88278] Client: [0m---before writing in log upd_msg->reliable= 1
[91m [1776449583.88282] Client: [0m---before writing in log upd_msg->data.sensor_type= 1
[91m [1776449583.88287] Client: [0m---before writing in log upd_msg->data.sid= temp_1
[91m [1776449583.88295] Client: [0m---after writing in log upd_msg->seq_no = 287
[91m [1776449583.88299] Client: [0m---after writing in log upd_msg->data.sensor_type = 1
[91m [1776449583.88302] Client: [0m---after writing in log upd_msg->reliable = 1
[91m [1776449583.980793] BSON Message: [0mInside sensor type parsing.
[91m [1776449583.980806] BSON Message: [0mInside sensor type parsing end.
[91m [1776449583.980810] BSON Message: [0mInside sid parsing
[91m [1776449583.980815] Client: [0m---before writing in log upd_msg->seq_no= 121
[91m [1776449583.980819] Client: [0m---before writing in log upd_msg->type= 4
[91m [1776449583.980823] Client: [0m---before writing in log upd_msg->frag_no= 0
[91m [1776449583.980845] Client: [0m---before writing in log upd_msg->reliable= 1
[91m [1776449583.980859] Client: [0m---before writing in log upd_msg->data.sensor_type= 2
[91m [1776449583.980864] Client: [0m---before writing in log upd_msg->data.sid= device_0
[91m [1776449583.980870] Client: [0m---after writing in log upd_msg->seq_no = 121
[91m [1776449583.980874] Client: [0m---after writing in log upd_msg->data.sensor_type = 2
[91m [1776449583.980879] Client: [0m---after writing in log upd_msg->reliable = 1
[91m [1776449584.88427] BSON Message: [0mInside sensor type parsing.
[91m [1776449584.88436] BSON Message: [0mInside sensor type parsing end.
[91m [1776449584.88440] BSON Message: [0mInside sid parsing
[91m [1776449584.88445] BSON Message: [0mInside temp1 parsing.
[91m [1776449584.88452] Client: [0m---before writing in log upd_msg->seq_no= 288
[91m [1776449584.88457] Client: [0m---before writing in log upd_msg->type= 4
[91m [1776449584.88460] Client: [0m---before writing in log upd_msg->frag_no= 0
[91m [1776449584.88464] Client: [0m---before writing in log upd_msg->reliable= 1
[91m [1776449584.88468] Client: [0m---before writing in log upd_msg->data.sensor_type= 1
[91m [1776449584.88476] Client: [0m---before writing in log upd_msg->data.sid= temp_1
[91m [1776449584.88482] Client: [0m---after writing in log upd_msg->seq_no = 288
[91m [1776449584.88486] Client: [0m---after writing in log upd_msg->data.sensor_type = 1
[91m [1776449584.88491] Client: [0m---after writing in log upd_msg->reliable = 1
[91m [1776449584.235001] BSON Message: [0mInside sensor type parsing.
[91m [1776449584.235015] BSON Message: [0mInside sensor type parsing end.
[91m [1776449584.235021] BSON Message: [0mInside sid parsing
[91m [1776449584.235028] Client: [0m---before writing in log upd_msg->seq_no= 122
[91m [1776449584.235033] Client: [0m---before writing in log upd_msg->type= 4
[91m [1776449584.235039] Client: [0m---before writing in log upd_msg->frag_no= 0
[91m [1776449584.235044] Client: [0m---before writing in log upd_msg->reliable= 1
[91m [1776449584.235049] Client: [0m---before writing in log upd_msg->data.sensor_type= 2
[91m [1776449584.235055] Client: [0m---before writing in log upd_msg->data.sid= device_0
[91m [1776449584.235061] Client: [0m---after writing in log upd_msg->seq_no = 122
[91m [1776449584.235066] Client: [0m---after writing in log upd_msg->data.sensor_type = 2
[91m [1776449584.235072] Client: [0m---after writing in log upd_msg->reliable = 1
[91m [1776449585.89173] BSON Message: [0mInside sensor type parsing.
[91m [1776449585.89184] BSON Message: [0mInside sensor type parsing end.
[91m [1776449585.89189] BSON Message: [0mInside sid parsing
[91m [1776449585.89193] BSON Message: [0mInside temp1 parsing.
[91m [1776449585.89199] Client: [0m---before writing in log upd_msg->seq_no= 289
[91m [1776449585.89203] Client: [0m---before writing in log upd_msg->type= 4
[91m [1776449585.89208] Client: [0m---before writing in log upd_msg->frag_no= 0
[91m [1776449585.89212] Client: [0m---before writing in log upd_msg->reliable= 1
[91m [1776449585.89217] Client: [0m---before writing in log upd_msg->data.sensor_type= 1
[91m [1776449585.89221] Client: [0m---before writing in log upd_msg->data.sid= temp_1
[91m [1776449585.89227] Client: [0m---after writing in log upd_msg->seq_no = 289
[91m [1776449585.89231] Client: [0m---after writing in log upd_msg->data.sensor_type = 1
[91m [1776449585.89236] Client: [0m---after writing in log upd_msg->reliable = 1
[91m [1776449586.89273] BSON Message: [0mInside sensor type parsing.
[91m [1776449586.89285] BSON Message: [0mInside sensor type parsing end.
[91m [1776449586.89290] BSON Message: [0mInside sid parsing
[91m [1776449586.89296] BSON Message: [0mInside temp1 parsing.
[91m [1776449586.89304] Client: [0m---before writing in log upd_msg->seq_no= 290
[91m [1776449586.89309] Client: [0m---before writing in log upd_msg->type= 4
[91m [1776449586.89315] Client: [0m---before writing in log upd_msg->frag_no= 0
[91m [1776449586.89320] Client: [0m---before writing in log upd_msg->reliable= 1
[91m [1776449586.89325] Client: [0m---before writing in log upd_msg->data.sensor_type= 1
[91m [1776449586.89331] Client: [0m---before writing in log upd_msg->data.sid= temp_1
[91m [1776449586.89338] Client: [0m---after writing in log upd_msg->seq_no = 290
[91m [1776449586.89343] Client: [0m---after writing in log upd_msg->data.sensor_type = 1
[91m [1776449586.89348] Client: [0m---after writing in log upd_msg->reliable = 1
[91m [1776449587.83582] BSON Message: [0mInside sensor type parsing.
[91m [1776449587.83594] BSON Message: [0mInside sensor type parsing end.
[91m [1776449587.83602] BSON Message: [0mInside sid parsing
[91m [1776449587.83611] Client: [0m---before writing in log upd_msg->seq_no= 123
[91m [1776449587.83619] Client: [0m---before writing in log upd_msg->type= 4
[91m [1776449587.83627] Client: [0m---before writing in log upd_msg->frag_no= 0
[91m [1776449587.83634] Client: [0m---before writing in log upd_msg->reliable= 1
[91m [1776449587.83643] Client: [0m---before writing in log upd_msg->data.sensor_type= 2
[91m [1776449587.83650] Client: [0m---before writing in log upd_msg->data.sid= device_0
[91m [1776449587.83665] Client: [0m---after writing in log upd_msg->seq_no = 123
[91m [1776449587.83673] Client: [0m---after writing in log upd_msg->data.sensor_type = 2
[91m [1776449587.83681] Client: [0m---after writing in log upd_msg->reliable = 1
[91m [1776449587.89426] BSON Message: [0mInside sensor type parsing.
[91m [1776449587.89441] BSON Message: [0mInside sensor type parsing end.
[91m [1776449587.89448] BSON Message: [0mInside sid parsing
[91m [1776449587.89453] BSON Message: [0mInside temp1 parsing.
[91m [1776449587.89460] Client: [0m---before writing in log upd_msg->seq_no= 291
[91m [1776449587.89467] Client: [0m---before writing in log upd_msg->type= 4
[91m [1776449587.89471] Client: [0m---before writing in log upd_msg->frag_no= 0
[91m [1776449587.89477] Client: [0m---before writing in log upd_msg->reliable= 1
[91m [1776449587.89482] Client: [0m---before writing in log upd_msg->data.sensor_type= 1
[91m [1776449587.89488] Client: [0m---before writing in log upd_msg->data.sid= temp_1
[91m [1776449587.89494] Client: [0m---after writing in log upd_msg->seq_no = 291
[91m [1776449587.89499] Client: [0m---after writing in log upd_msg->data.sensor_type = 1
[91m [1776449587.89503] Client: [0m---after writing in log upd_msg->reliable = 1
[91m [1776449587.566734] BSON Message: [0mInside sensor type parsing.
[91m [1776449587.566747] BSON Message: [0mInside sensor type parsing end.
[91m [1776449587.566754] BSON Message: [0mInside sid parsing
[91m [1776449587.566761] Client: [0m---before writing in log upd_msg->seq_no= 124
[91m [1776449587.566767] Client: [0m---before writing in log upd_msg->type= 4
[91m [1776449587.566777] Client: [0m---before writing in log upd_msg->frag_no= 0
[91m [1776449587.566783] Client: [0m---before writing in log upd_msg->reliable= 1
[91m [1776449587.566789] Client: [0m---before writing in log upd_msg->data.sensor_type= 2
[91m [1776449587.566794] Client: [0m---before writing in log upd_msg->data.sid= device_0
[91m [1776449587.566800] Client: [0m---after writing in log upd_msg->seq_no = 124
[91m [1776449587.566804] Client: [0m---after writing in log upd_msg->data.sensor_type = 2
[91m [1776449587.566808] Client: [0m---after writing in log upd_msg->reliable = 1
[91m [1776449588.89713] BSON Message: [0mInside sensor type parsing.
[91m [1776449588.89726] BSON Message: [0mInside sensor type parsing end.
[91m [1776449588.89730] BSON Message: [0mInside sid parsing
[91m [1776449588.89735] BSON Message: [0mInside temp1 parsing.
[91m [1776449588.89740] Client: [0m---before writing in log upd_msg->seq_no= 292
[91m [1776449588.89744] Client: [0m---before writing in log upd_msg->type= 4
[91m [1776449588.89748] Client: [0m---before writing in log upd_msg->frag_no= 0
[91m [1776449588.89752] Client: [0m---before writing in log upd_msg->reliable= 1
[91m [1776449588.89756] Client: [0m---before writing in log upd_msg->data.sensor_type= 1
[91m [1776449588.89760] Client: [0m---before writing in log upd_msg->data.sid= temp_1
[91m [1776449588.89765] Client: [0m---after writing in log upd_msg->seq_no = 292
[91m [1776449588.89769] Client: [0m---after writing in log upd_msg->data.sensor_type = 1
[91m [1776449588.89773] Client: [0m---after writing in log upd_msg->reliable = 1
[91m [1776449589.90161] BSON Message: [0mInside sensor type parsing.
[91m [1776449589.90170] BSON Message: [0mInside sensor type parsing end.
[91m [1776449589.90175] BSON Message: [0mInside sid parsing
[91m [1776449589.90179] BSON Message: [0mInside temp1 parsing.
[91m [1776449589.90184] Client: [0m---before writing in log upd_msg->seq_no= 293
[91m [1776449589.90188] Client: [0m---before writing in log upd_msg->type= 4
[91m [1776449589.90192] Client: [0m---before writing in log upd_msg->frag_no= 0
[91m [1776449589.90196] Client: [0m---before writing in log upd_msg->reliable= 1
[91m [1776449589.90200] Client: [0m---before writing in log upd_msg->data.sensor_type= 1
[91m [1776449589.90204] Client: [0m---before writing in log upd_msg->data.sid= temp_1
[91m [1776449589.90212] Client: [0m---after writing in log upd_msg->seq_no = 293
[91m [1776449589.90216] Client: [0m---after writing in log upd_msg->data.sensor_type = 1
[91m [1776449589.90221] Client: [0m---after writing in log upd_msg->reliable = 1
[91m [1776449590.90409] BSON Message: [0mInside sensor type parsing.
[91m [1776449590.90422] BSON Message: [0mInside sensor type parsing end.
[91m [1776449590.90428] BSON Message: [0mInside sid parsing
[91m [1776449590.90434] BSON Message: [0mInside temp1 parsing.
[91m [1776449590.90441] Client: [0m---before writing in log upd_msg->seq_no= 294
[91m [1776449590.90446] Client: [0m---before writing in log upd_msg->type= 4
[91m [1776449590.90452] Client: [0m---before writing in log upd_msg->frag_no= 0
[91m [1776449590.90458] Client: [0m---before writing in log upd_msg->reliable= 1
[91m [1776449590.90464] Client: [0m---before writing in log upd_msg->data.sensor_type= 1
[91m [1776449590.90471] Client: [0m---before writing in log upd_msg->data.sid= temp_1
[91m [1776449590.90479] Client: [0m---after writing in log upd_msg->seq_no = 294
[91m [1776449590.90484] Client: [0m---after writing in log upd_msg->data.sensor_type = 1
[91m [1776449590.90491] Client: [0m---after writing in log upd_msg->reliable = 1
[91m [1776449590.601506] BSON Message: [0mInside sensor type parsing.
[91m [1776449590.601517] BSON Message: [0mInside sensor type parsing end.
[91m [1776449590.601523] BSON Message: [0mInside sid parsing
[91m [1776449590.601529] Client: [0m---before writing in log upd_msg->seq_no= 125
[91m [1776449590.601534] Client: [0m---before writing in log upd_msg->type= 4
[91m [1776449590.601540] Client: [0m---before writing in log upd_msg->frag_no= 0
[91m [1776449590.601545] Client: [0m---before writing in log upd_msg->reliable= 1
[91m [1776449590.601549] Client: [0m---before writing in log upd_msg->data.sensor_type= 2
[91m [1776449590.601554] Client: [0m---before writing in log upd_msg->data.sid= device_0
[91m [1776449590.601560] Client: [0m---after writing in log upd_msg->seq_no = 125
[91m [1776449590.601564] Client: [0m---after writing in log upd_msg->data.sensor_type = 2
[91m [1776449590.601569] Client: [0m---after writing in log upd_msg->reliable = 1
[91m [1776449591.90507] BSON Message: [0mInside sensor type parsing.
[91m [1776449591.90516] BSON Message: [0mInside sensor type parsing end.
[91m [1776449591.90520] BSON Message: [0mInside sid parsing
[91m [1776449591.90524] BSON Message: [0mInside temp1 parsing.
[91m [1776449591.90528] Client: [0m---before writing in log upd_msg->seq_no= 295
[91m [1776449591.90532] Client: [0m---before writing in log upd_msg->type= 4
[91m [1776449591.90536] Client: [0m---before writing in log upd_msg->frag_no= 0
[91m [1776449591.90540] Client: [0m---before writing in log upd_msg->reliable= 1
[91m [1776449591.90545] Client: [0m---before writing in log upd_msg->data.sensor_type= 1
[91m [1776449591.90549] Client: [0m---before writing in log upd_msg->data.sid= temp_1
[91m [1776449591.90555] Client: [0m---after writing in log upd_msg->seq_no = 295
[91m [1776449591.90559] Client: [0m---after writing in log upd_msg->data.sensor_type = 1
[91m [1776449591.90562] Client: [0m---after writing in log upd_msg->reliable = 1
[91m [1776449591.103779] BSON Message: [0mInside sensor type parsing.
[91m [1776449591.103792] BSON Message: [0mInside sensor type parsing end.
[91m [1776449591.103797] BSON Message: [0mInside sid parsing
[91m [1776449591.103801] BSON Message: [0mInside gps1 parsing.
[91m [1776449591.103807] Client: [0m---before writing in log upd_msg->seq_no= 31
[91m [1776449591.103811] Client: [0m---before writing in log upd_msg->type= 4
[91m [1776449591.103815] Client: [0m---before writing in log upd_msg->frag_no= 0
[91m [1776449591.103820] Client: [0m---before writing in log upd_msg->reliable= 1
[91m [1776449591.103824] Client: [0m---before writing in log upd_msg->data.sensor_type= 3
[91m [1776449591.103828] Client: [0m---before writing in log upd_msg->data.sid= gps_2
[91m [1776449591.103840] Client: [0m---after writing in log upd_msg->seq_no = 31
[91m [1776449591.103845] Client: [0m---after writing in log upd_msg->data.sensor_type = 3
[91m [1776449591.103850] Client: [0m---after writing in log upd_msg->reliable = 1
[91m [1776449592.91162] BSON Message: [0mInside sensor type parsing.
[91m [1776449592.91175] BSON Message: [0mInside sensor type parsing end.
[91m [1776449592.91180] BSON Message: [0mInside sid parsing
[91m [1776449592.91184] BSON Message: [0mInside temp1 parsing.
[91m [1776449592.91189] Client: [0m---before writing in log upd_msg->seq_no= 296
[91m [1776449592.91193] Client: [0m---before writing in log upd_msg->type= 4
[91m [1776449592.91197] Client: [0m---before writing in log upd_msg->frag_no= 0
[91m [1776449592.91202] Client: [0m---before writing in log upd_msg->reliable= 1
[91m [1776449592.91208] Client: [0m---before writing in log upd_msg->data.sensor_type= 1
[91m [1776449592.91212] Client: [0m---before writing in log upd_msg->data.sid= temp_1
[91m [1776449592.91219] Client: [0m---after writing in log upd_msg->seq_no = 296
[91m [1776449592.91223] Client: [0m---after writing in log upd_msg->data.sensor_type = 1
[91m [1776449592.91226] Client: [0m---after writing in log upd_msg->reliable = 1
[91m [1776449593.91598] BSON Message: [0mInside sensor type parsing.
[91m [1776449593.91608] BSON Message: [0mInside sensor type parsing end.
[91m [1776449593.91612] BSON Message: [0mInside sid parsing
[91m [1776449593.91617] BSON Message: [0mInside temp1 parsing.
[91m [1776449593.91623] Client: [0m---before writing in log upd_msg->seq_no= 297
[91m [1776449593.91627] Client: [0m---before writing in log upd_msg->type= 4
[91m [1776449593.91632] Client: [0m---before writing in log upd_msg->frag_no= 0
[91m [1776449593.91637] Client: [0m---before writing in log upd_msg->reliable= 1
[91m [1776449593.91643] Client: [0m---before writing in log upd_msg->data.sensor_type= 1
[91m [1776449593.91649] Client: [0m---before writing in log upd_msg->data.sid= temp_1
[91m [1776449593.91655] Client: [0m---after writing in log upd_msg->seq_no = 297
[91m [1776449593.91659] Client: [0m---after writing in log upd_msg->data.sensor_type = 1
[91m [1776449593.91663] Client: [0m---after writing in log upd_msg->reliable = 1
[91m [1776449594.93954] BSON Message: [0mInside sensor type parsing.
[91m [1776449594.93968] BSON Message: [0mInside sensor type parsing end.
[91m [1776449594.93973] BSON Message: [0mInside sid parsing
[91m [1776449594.93979] BSON Message: [0mInside temp1 parsing.
[91m [1776449594.93985] Client: [0m---before writing in log upd_msg->seq_no= 298
[91m [1776449594.93989] Client: [0m---before writing in log upd_msg->type= 4
[91m [1776449594.93994] Client: [0m---before writing in log upd_msg->frag_no= 0
[91m [1776449594.93999] Client: [0m---before writing in log upd_msg->reliable= 1
[91m [1776449594.94004] Client: [0m---before writing in log upd_msg->data.sensor_type= 1
[91m [1776449594.94008] Client: [0m---before writing in log upd_msg->data.sid= temp_1
[91m [1776449594.94014] Client: [0m---after writing in log upd_msg->seq_no = 298
[91m [1776449594.94018] Client: [0m---after writing in log upd_msg->data.sensor_type = 1
[91m [1776449594.94026] Client: [0m---after writing in log upd_msg->reliable = 1
[91m [1776449594.277080] BSON Message: [0mInside sensor type parsing.
[91m [1776449594.277090] BSON Message: [0mInside sensor type parsing end.
[91m [1776449594.277095] BSON Message: [0mInside sid parsing
[91m [1776449594.277102] Client: [0m---before writing in log upd_msg->seq_no= 126
[91m [1776449594.277106] Client: [0m---before writing in log upd_msg->type= 4
[91m [1776449594.277111] Client: [0m---before writing in log upd_msg->frag_no= 0
[91m [1776449594.277116] Client: [0m---before writing in log upd_msg->reliable= 1
[91m [1776449594.277121] Client: [0m---before writing in log upd_msg->data.sensor_type= 2
[91m [1776449594.277126] Client: [0m---before writing in log upd_msg->data.sid= device_0
[91m [1776449594.277135] Client: [0m---after writing in log upd_msg->seq_no = 126
[91m [1776449594.277140] Client: [0m---after writing in log upd_msg->data.sensor_type = 2
[91m [1776449594.277145] Client: [0m---after writing in log upd_msg->reliable = 1
[91m [1776449595.92254] BSON Message: [0mInside sensor type parsing.
[91m [1776449595.92264] BSON Message: [0mInside sensor type parsing end.
[91m [1776449595.92268] BSON Message: [0mInside sid parsing
[91m [1776449595.92272] BSON Message: [0mInside temp1 parsing.
[91m [1776449595.92276] Client: [0m---before writing in log upd_msg->seq_no= 299
[91m [1776449595.92280] Client: [0m---before writing in log upd_msg->type= 4
[91m [1776449595.92284] Client: [0m---before writing in log upd_msg->frag_no= 0
[91m [1776449595.92287] Client: [0m---before writing in log upd_msg->reliable= 1
[91m [1776449595.92291] Client: [0m---before writing in log upd_msg->data.sensor_type= 1
[91m [1776449595.92295] Client: [0m---before writing in log upd_msg->data.sid= temp_1
[91m [1776449595.92299] Client: [0m---after writing in log upd_msg->seq_no = 299
[91m [1776449595.92304] Client: [0m---after writing in log upd_msg->data.sensor_type = 1
[91m [1776449595.92309] Client: [0m---after writing in log upd_msg->reliable = 1
[91m [1776449596.92554] BSON Message: [0mInside sensor type parsing.
[91m [1776449596.92594] BSON Message: [0mInside sensor type parsing end.
[91m [1776449596.92602] BSON Message: [0mInside sid parsing
[91m [1776449596.92610] BSON Message: [0mInside temp1 parsing.
[91m [1776449596.92619] Client: [0m---before writing in log upd_msg->seq_no= 300
[91m [1776449596.92626] Client: [0m---before writing in log upd_msg->type= 4
[91m [1776449596.92633] Client: [0m---before writing in log upd_msg->frag_no= 0
[91m [1776449596.92641] Client: [0m---before writing in log upd_msg->reliable= 1
[91m [1776449596.92648] Client: [0m---before writing in log upd_msg->data.sensor_type= 1
[91m [1776449596.92656] Client: [0m---before writing in log upd_msg->data.sid= temp_1
[91m [1776449596.92664] Client: [0m---after writing in log upd_msg->seq_no = 300
[91m [1776449596.92671] Client: [0m---after writing in log upd_msg->data.sensor_type = 1
[91m [1776449596.92678] Client: [0m---after writing in log upd_msg->reliable = 1
[91m [1776449597.94092] BSON Message: [0mInside sensor type parsing.
[91m [1776449597.94106] BSON Message: [0mInside sensor type parsing end.
[91m [1776449597.94114] BSON Message: [0mInside sid parsing
[91m [1776449597.94120] BSON Message: [0mInside temp1 parsing.
[91m [1776449597.94128] Client: [0m---before writing in log upd_msg->seq_no= 301
[91m [1776449597.94135] Client: [0m---before writing in log upd_msg->type= 4
[91m [1776449597.94141] Client: [0m---before writing in log upd_msg->frag_no= 0
[91m [1776449597.94148] Client: [0m---before writing in log upd_msg->reliable= 1
[91m [1776449597.94155] Client: [0m---before writing in log upd_msg->data.sensor_type= 1
[91m [1776449597.94161] Client: [0m---before writing in log upd_msg->data.sid= temp_1
[91m [1776449597.94169] Client: [0m---after writing in log upd_msg->seq_no = 301
[91m [1776449597.94176] Client: [0m---after writing in log upd_msg->data.sensor_type = 1
[91m [1776449597.94182] Client: [0m---after writing in log upd_msg->reliable = 1
[91m [1776449597.146854] BSON Message: [0mInside sensor type parsing.
[91m [1776449597.146871] BSON Message: [0mInside sensor type parsing end.
[91m [1776449597.146880] BSON Message: [0mInside sid parsing
[91m [1776449597.146891] Client: [0m---before writing in log upd_msg->seq_no= 127
[91m [1776449597.146900] Client: [0m---before writing in log upd_msg->type= 4
[91m [1776449597.146908] Client: [0m---before writing in log upd_msg->frag_no= 0
[91m [1776449597.146924] Client: [0m---before writing in log upd_msg->reliable= 1
[91m [1776449597.146935] Client: [0m---before writing in log upd_msg->data.sensor_type= 2
[91m [1776449597.146943] Client: [0m---before writing in log upd_msg->data.sid= device_0
[91m [1776449597.146957] Client: [0m---after writing in log upd_msg->seq_no = 127
[91m [1776449597.146963] Client: [0m---after writing in log upd_msg->data.sensor_type = 2
[91m [1776449597.146968] Client: [0m---after writing in log upd_msg->reliable = 1
[91m [1776449598.93178] BSON Message: [0mInside sensor type parsing.
[91m [1776449598.93190] BSON Message: [0mInside sensor type parsing end.
[91m [1776449598.93194] BSON Message: [0mInside sid parsing
[91m [1776449598.93198] BSON Message: [0mInside temp1 parsing.
[91m [1776449598.93203] Client: [0m---before writing in log upd_msg->seq_no= 302
[91m [1776449598.93208] Client: [0m---before writing in log upd_msg->type= 4
[91m [1776449598.93213] Client: [0m---before writing in log upd_msg->frag_no= 0
[91m [1776449598.93218] Client: [0m---before writing in log upd_msg->reliable= 1
[91m [1776449598.93224] Client: [0m---before writing in log upd_msg->data.sensor_type= 1
[91m [1776449598.93230] Client: [0m---before writing in log upd_msg->data.sid= temp_1
[91m [1776449598.93236] Client: [0m---after writing in log upd_msg->seq_no = 302
[91m [1776449598.93240] Client: [0m---after writing in log upd_msg->data.sensor_type = 1
[91m [1776449598.93245] Client: [0m---after writing in log upd_msg->reliable = 1
[91m [1776449599.93298] BSON Message: [0mInside sensor type parsing.
[91m [1776449599.93310] BSON Message: [0mInside sensor type parsing end.
[91m [1776449599.93315] BSON Message: [0mInside sid parsing
[91m [1776449599.93319] BSON Message: [0mInside temp1 parsing.
[91m [1776449599.93324] Client: [0m---before writing in log upd_msg->seq_no= 303
[91m [1776449599.93329] Client: [0m---before writing in log upd_msg->type= 4
[91m [1776449599.93332] Client: [0m---before writing in log upd_msg->frag_no= 0
[91m [1776449599.93337] Client: [0m---before writing in log upd_msg->reliable= 1
[91m [1776449599.93340] Client: [0m---before writing in log upd_msg->data.sensor_type= 1
[91m [1776449599.93344] Client: [0m---before writing in log upd_msg->data.sid= temp_1
[91m [1776449599.93349] Client: [0m---after writing in log upd_msg->seq_no = 303
[91m [1776449599.93355] Client: [0m---after writing in log upd_msg->data.sensor_type = 1
[91m [1776449599.93359] Client: [0m---after writing in log upd_msg->reliable = 1
[91m [1776449600.93716] BSON Message: [0mInside sensor type parsing.
[91m [1776449600.93732] BSON Message: [0mInside sensor type parsing end.
[91m [1776449600.93739] BSON Message: [0mInside sid parsing
[91m [1776449600.93746] BSON Message: [0mInside temp1 parsing.
[91m [1776449600.93754] Client: [0m---before writing in log upd_msg->seq_no= 304
[91m [1776449600.93761] Client: [0m---before writing in log upd_msg->type= 4
[91m [1776449600.93767] Client: [0m---before writing in log upd_msg->frag_no= 0
[91m [1776449600.93773] Client: [0m---before writing in log upd_msg->reliable= 1
[91m [1776449600.93779] Client: [0m---before writing in log upd_msg->data.sensor_type= 1
[91m [1776449600.93786] Client: [0m---before writing in log upd_msg->data.sid= temp_1
[91m [1776449600.93794] Client: [0m---after writing in log upd_msg->seq_no = 304
[91m [1776449600.93801] Client: [0m---after writing in log upd_msg->data.sensor_type = 1
[91m [1776449600.93807] Client: [0m---after writing in log upd_msg->reliable = 1
[91m [1776449600.153365] BSON Message: [0mInside sensor type parsing.
[91m [1776449600.153377] BSON Message: [0mInside sensor type parsing end.
[91m [1776449600.153382] BSON Message: [0mInside sid parsing
[91m [1776449600.153387] BSON Message: [0mInside gps1 parsing.
[91m [1776449600.153392] Client: [0m---before writing in log upd_msg->seq_no= 32
[91m [1776449600.153397] Client: [0m---before writing in log upd_msg->type= 4
[91m [1776449600.153401] Client: [0m---before writing in log upd_msg->frag_no= 0
[91m [1776449600.153406] Client: [0m---before writing in log upd_msg->reliable= 1
[91m [1776449600.153410] Client: [0m---before writing in log upd_msg->data.sensor_type= 3
[91m [1776449600.153419] Client: [0m---before writing in log upd_msg->data.sid= gps_2
[91m [1776449600.153425] Client: [0m---after writing in log upd_msg->seq_no = 32
[91m [1776449600.153430] Client: [0m---after writing in log upd_msg->data.sensor_type = 3
[91m [1776449600.153434] Client: [0m---after writing in log upd_msg->reliable = 1
[91m [1776449601.94269] BSON Message: [0mInside sensor type parsing.
[91m [1776449601.94279] BSON Message: [0mInside sensor type parsing end.
[91m [1776449601.94284] BSON Message: [0mInside sid parsing
[91m [1776449601.94289] BSON Message: [0mInside temp1 parsing.
[91m [1776449601.94295] Client: [0m---before writing in log upd_msg->seq_no= 305
[91m [1776449601.94299] Client: [0m---before writing in log upd_msg->type= 4
[91m [1776449601.94304] Client: [0m---before writing in log upd_msg->frag_no= 0
[91m [1776449601.94308] Client: [0m---before writing in log upd_msg->reliable= 1
[91m [1776449601.94313] Client: [0m---before writing in log upd_msg->data.sensor_type= 1
[91m [1776449601.94318] Client: [0m---before writing in log upd_msg->data.sid= temp_1
[91m [1776449601.94323] Client: [0m---after writing in log upd_msg->seq_no = 305
[91m [1776449601.94329] Client: [0m---after writing in log upd_msg->data.sensor_type = 1
[91m [1776449601.94334] Client: [0m---after writing in log upd_msg->reliable = 1
[91m [1776449601.249006] BSON Message: [0mInside sensor type parsing.
[91m [1776449601.249020] BSON Message: [0mInside sensor type parsing end.
[91m [1776449601.249025] BSON Message: [0mInside sid parsing
[91m [1776449601.249031] Client: [0m---before writing in log upd_msg->seq_no= 128
[91m [1776449601.249036] Client: [0m---before writing in log upd_msg->type= 4
[91m [1776449601.249041] Client: [0m---before writing in log upd_msg->frag_no= 0
[91m [1776449601.249046] Client: [0m---before writing in log upd_msg->reliable= 1
[91m [1776449601.249053] Client: [0m---before writing in log upd_msg->data.sensor_type= 2
[91m [1776449601.249059] Client: [0m---before writing in log upd_msg->data.sid= device_0
[91m [1776449601.249066] Client: [0m---after writing in log upd_msg->seq_no = 128
[91m [1776449601.249071] Client: [0m---after writing in log upd_msg->data.sensor_type = 2
[91m [1776449601.249075] Client: [0m---after writing in log upd_msg->reliable = 1
[91m [1776449602.94328] BSON Message: [0mInside sensor type parsing.
[91m [1776449602.94336] BSON Message: [0mInside sensor type parsing end.
[91m [1776449602.94340] BSON Message: [0mInside sid parsing
[91m [1776449602.94343] BSON Message: [0mInside temp1 parsing.
essage arrived------------ 1
Got a message from the server.
Message type is 4
---------Update message arrived------------ 1
Got a message from the server.
Message type is 4
---------Update message arrived------------ 1
Got a message from the server.
Message type is 4
---------Update message arrived------------ 1
Got a message from the server.
Message type is 4
---------Update message arrived------------ 1
Got a message from the server.
Message type is 4
---------Update message arrived------------ 1
Got a message from the server.
Message type is 4
---------Update message arrived------------ 1
Got a message from the server.
Message type is 4
---------Update message arrived------------ 1
Got a message from the server.
Message type is 4
---------Update message arrived------------ 1
Got a message from the server.
Message type is 4
---------Update message arrived------------ 1
Got a message from the server.
Message type is 4
---------Update message arrived------------ 1
Got a message from the server.
Message type is 4
---------Update message arrived------------ 1
Got a message from the server.
Message type is 4
---------Update message arrived------------ 1
Got a message from the server.
Message type is 4
---------Update message arrived------------ 1
Got a message from the server.
Message type is 4
---------Update message arrived------------ 1
Got a message from the server.
Message type is 4
---------Update message arrived------------ 1
Got a message from the server.
Message type is 4
---------Update message arrived------------ 1
Got a message from the server.
Message type is 4
---------Update message arrived------------ 1
Got a message from the server.
Message type is 4
---------Update message arrived------------ 1
Got a message from the server.
Message type is 4
---------Update message arrived------------ 1
Got a message from the server.
Message type is 4
---------Update message arrived------------ 1
Got a message from the server.
Message type is 4
---------Update message arrived------------ 1
Got a message from the server.
Message type is 4
---------Update message arrived------------ 1
Got a message from the server.
Message type is 4
---------Update message arrived------------ 1
Got a message from the server.
Message type is 4
---------Update message arrived------------ 1
Got a message from the server.
Message type is 4
---------Update message arrived------------ 1
Got a message from the server.
Message type is 4
---------Update message arrived------------ 1
Got a message from the server.
Message type is 4
---------Update message arrived------------ 1
Got a message from the server.
Message type is 4
---------Update message arrived------------ 1
Got a message from the server.
Message type is 4
---------Update message arrived------------ 1
Got a message from the server.
Message type is 4
---------Update message arrived------------ 1
Got a message from the server.
Message type is 4
---------Update message arrived------------ 1
Got a message from the server.
Message type is 4
---------Update message arrived------------ 1
Got a message from the server.
Message type is 4
---------Update message arrived------------ 1
Got a message from the server.
Message type is 4
---------Update message arrived------------ 1
Got a message from the server.
Message type is 4
---------Update message arrived------------ 1
Got a message from the server.
Message type is 4
---------Update message arrived------------ 1
Got a message from the server.
Message type is 4
---------Update message arrived------------ 1
Got a message from the server.
Message type is 4
---------Update message arrived------------ 1
Got a message from the server.
Message type is 4
---------Update message arrived------------ 1
Got a message from the server.
Message type is 4
---------Update message arrived------------ 1
Got a message from the server.
Message type is 4
---------Update message arrived------------ 1
Got a message from the server.
Message type is 4
---------Update message arrived------------ 1
Got a message from the server.
Message type is 4
---------Update message arri[91m [1776449602.94352] Client: [0m---before writing in log upd_msg->seq_no= 306
[91m [1776449602.94358] Client: [0m---before writing in log upd_msg->type= 4
[91m [1776449602.94363] Client: [0m---before writing in log upd_msg->frag_no= 0
[91m [1776449602.94367] Client: [0m---before writing in log upd_msg->reliable= 1
[91m [1776449602.94371] Client: [0m---before writing in log upd_msg->data.sensor_type= 1
[91m [1776449602.94375] Client: [0m---before writing in log upd_msg->data.sid= temp_1
[91m [1776449602.94380] Client: [0m---after writing in log upd_msg->seq_no = 306
[91m [1776449602.94384] Client: [0m---after writing in log upd_msg->data.sensor_type = 1
[91m [1776449602.94388] Client: [0m---after writing in log upd_msg->reliable = 1
