[91m [1776449296.767568] BSON Message: [0mInside sensor type parsing.
[91m [1776449296.767584] BSON Message: [0mInside sensor type parsing end.
[91m [1776449296.767587] BSON Message: [0mInside sid parsing
[91m [1776449296.767591] BSON Message: [0mInside temp1 parsing.
[91m [1776449296.767597] Client: [0m---before writing in log upd_msg->seq_no= 0
[91m [1776449296.767600] Client: [0m---before writing in log upd_msg->type= 4
[91m [1776449296.767603] Client: [0m---before writing in log upd_msg->frag_no= 0
[91m [1776449296.767606] Client: [0m---before writing in log upd_msg->reliable= 1
[91m [1776449296.767609] Client: [0m---before writing in log upd_msg->data.sensor_type= 1
[91m [1776449296.767612] Client: [0m---before writing in log upd_msg->data.sid= temp_1
[91m [1776449296.767619] Client: [0m---after writing in log upd_msg->seq_no = 0
[91m [1776449296.767622] Client: [0m---after writing in log upd_msg->data.sensor_type = 1
[91m [1776449296.767625] Client: [0m---after writing in log upd_msg->reliable = 1
[91m [1776449296.767641] BSON Message: [0mInside sensor type parsing.
[91m [1776449296.767645] BSON Message: [0mInside sensor type parsing end.
[91m [1776449296.767648] BSON Message: [0mInside sid parsing
[91m [1776449296.767651] Client: [0m---before writing in log upd_msg->seq_no= 0
[91m [1776449296.767654] Client: [0m---before writing in log upd_msg->type= 4
[91m [1776449296.767658] Client: [0m---before writing in log upd_msg->frag_no= 0
[91m [1776449296.767661] Client: [0m---before writing in log upd_msg->reliable= 1
[91m [1776449296.767665] Client: [0m---before writing in log upd_msg->data.sensor_type= 2
[91m [1776449296.767669] Client: [0m---before writing in log upd_msg->data.sid= device_0
[91m [1776449296.767675] Client: [0m---after writing in log upd_msg->seq_no = 0
[91m [1776449296.767679] Client: [0m---after writing in log upd_msg->data.sensor_type = 2
[91m [1776449296.767682] Client: [0m---after writing in log upd_msg->reliable = 1
[91m [1776449296.767694] BSON Message: [0mInside sensor type parsing.
[91m [1776449296.767697] BSON Message: [0mInside sensor type parsing end.
[91m [1776449296.767700] BSON Message: [0mInside sid parsing
[91m [1776449296.767703] BSON Message: [0mInside gps1 parsing.
[91m [1776449296.767707] Client: [0m---before writing in log upd_msg->seq_no= 0
[91m [1776449296.767710] Client: [0m---before writing in log upd_msg->type= 4
[91m [1776449296.767713] Client: [0m---before writing in log upd_msg->frag_no= 0
[91m [1776449296.767716] Client: [0m---before writing in log upd_msg->reliable= 1
[91m [1776449296.767719] Client: [0m---before writing in log upd_msg->data.sensor_type= 3
[91m [1776449296.767722] Client: [0m---before writing in log upd_msg->data.sid= gps_2
[91m [1776449296.767729] Client: [0m---after writing in log upd_msg->seq_no = 0
[91m [1776449296.767734] Client: [0m---after writing in log upd_msg->data.sensor_type = 3
[91m [1776449296.767738] Client: [0m---after writing in log upd_msg->reliable = 1
[91m [1776449296.998283] BSON Message: [0mInside sensor type parsing.
[91m [1776449296.998291] BSON Message: [0mInside sensor type parsing end.
[91m [1776449296.998296] BSON Message: [0mInside sid parsing
[91m [1776449296.998300] BSON Message: [0mInside temp1 parsing.
[91m [1776449296.998305] Client: [0m---before writing in log upd_msg->seq_no= 1
[91m [1776449296.998309] Client: [0m---before writing in log upd_msg->type= 4
[91m [1776449296.998313] Client: [0m---before writing in log upd_msg->frag_no= 0
[91m [1776449296.998317] Client: [0m---before writing in log upd_msg->reliable= 1
[91m [1776449296.998321] Client: [0m---before writing in log upd_msg->data.sensor_type= 1
[91m [1776449296.998324] Client: [0m---before writing in log upd_msg->data.sid= temp_1
[91m [1776449296.998329] Client: [0m---after writing in log upd_msg->seq_no = 1
[91m [1776449296.998333] Client: [0m---after writing in log upd_msg->data.sensor_type = 1
[91m [1776449296.998338] Client: [0m---after writing in log upd_msg->reliable = 1
[91m [1776449297.398169] BSON Message: [0mInside sensor type parsing.
[91m [1776449297.398180] BSON Message: [0mInside sensor type parsing end.
[91m [1776449297.398185] BSON Message: [0mInside sid parsing
[91m [1776449297.398191] Client: [0m---before writing in log upd_msg->seq_no= 1
[91m [1776449297.398196] Client: [0m---before writing in log upd_msg->type= 4
[91m [1776449297.398200] Client: [0m---before writing in log upd_msg->frag_no= 0
[91m [1776449297.398205] Client: [0m---before writing in log upd_msg->reliable= 1
[91m [1776449297.398209] Client: [0m---before writing in log upd_msg->data.sensor_type= 2
[91m [1776449297.398214] Client: [0m---before writing in log upd_msg->data.sid= device_0
[91m [1776449297.398219] Client: [0m---after writing in log upd_msg->seq_no = 1
[91m [1776449297.398224] Client: [0m---after writing in log upd_msg->data.sensor_type = 2
[91m [1776449297.398228] Client: [0m---after writing in log upd_msg->reliable = 1
[91m [1776449297.998652] BSON Message: [0mInside sensor type parsing.
[91m [1776449297.998662] BSON Message: [0mInside sensor type parsing end.
[91m [1776449297.998666] BSON Message: [0mInside sid parsing
[91m [1776449297.998670] BSON Message: [0mInside temp1 parsing.
[91m [1776449297.998676] Client: [0m---before writing in log upd_msg->seq_no= 2
[91m [1776449297.998682] Client: [0m---before writing in log upd_msg->type= 4
[91m [1776449297.998686] Client: [0m---before writing in log upd_msg->frag_no= 0
[91m [1776449297.998690] Client: [0m---before writing in log upd_msg->reliable= 1
[91m [1776449297.998695] Client: [0m---before writing in log upd_msg->data.sensor_type= 1
[91m [1776449297.998699] Client: [0m---before writing in log upd_msg->data.sid= temp_1
[91m [1776449297.998705] Client: [0m---after writing in log upd_msg->seq_no = 2
[91m [1776449297.998710] Client: [0m---after writing in log upd_msg->data.sensor_type = 1
[91m [1776449297.998715] Client: [0m---after writing in log upd_msg->reliable = 1
[91m [1776449298.998781] BSON Message: [0mInside sensor type parsing.
[91m [1776449298.998793] BSON Message: [0mInside sensor type parsing end.
[91m [1776449298.998799] BSON Message: [0mInside sid parsing
[91m [1776449298.998805] BSON Message: [0mInside temp1 parsing.
[91m [1776449298.998811] Client: [0m---before writing in log upd_msg->seq_no= 3
[91m [1776449298.998817] Client: [0m---before writing in log upd_msg->type= 4
[91m [1776449298.998822] Client: [0m---before writing in log upd_msg->frag_no= 0
[91m [1776449298.998827] Client: [0m---before writing in log upd_msg->reliable= 1
[91m [1776449298.998832] Client: [0m---before writing in log upd_msg->data.sensor_type= 1
[91m [1776449298.998837] Client: [0m---before writing in log upd_msg->data.sid= temp_1
[91m [1776449298.998843] Client: [0m---after writing in log upd_msg->seq_no = 3
[91m [1776449298.998849] Client: [0m---after writing in log upd_msg->data.sensor_type = 1
[91m [1776449298.998854] Client: [0m---after writing in log upd_msg->reliable = 1
[91m [1776449299.999096] BSON Message: [0mInside sensor type parsing.
[91m [1776449299.999108] BSON Message: [0mInside sensor type parsing end.
[91m [1776449299.999116] BSON Message: [0mInside sid parsing
[91m [1776449299.999123] BSON Message: [0mInside temp1 parsing.
[91m [1776449299.999131] Client: [0m---before writing in log upd_msg->seq_no= 4
[91m [1776449299.999135] Client: [0m---before writing in log upd_msg->type= 4
[91m [1776449299.999140] Client: [0m---before writing in log upd_msg->frag_no= 0
[91m [1776449299.999144] Client: [0m---before writing in log upd_msg->reliable= 1
[91m [1776449299.999151] Client: [0m---before writing in log upd_msg->data.sensor_type= 1
[91m [1776449299.999158] Client: [0m---before writing in log upd_msg->data.sid= temp_1
[91m [1776449299.999165] Client: [0m---after writing in log upd_msg->seq_no = 4
[91m [1776449299.999172] Client: [0m---after writing in log upd_msg->data.sensor_type = 1
[91m [1776449299.999179] Client: [0m---after writing in log upd_msg->reliable = 1
[91m [1776449300.316149] BSON Message: [0mInside sensor type parsing.
[91m [1776449300.316161] BSON Message: [0mInside sensor type parsing end.
[91m [1776449300.316167] BSON Message: [0mInside sid parsing
[91m [1776449300.316173] Client: [0m---before writing in log upd_msg->seq_no= 2
[91m [1776449300.316179] Client: [0m---before writing in log upd_msg->type= 4
[91m [1776449300.316185] Client: [0m---before writing in log upd_msg->frag_no= 0
[91m [1776449300.316191] Client: [0m---before writing in log upd_msg->reliable= 1
[91m [1776449300.316196] Client: [0m---before writing in log upd_msg->data.sensor_type= 2
[91m [1776449300.316200] Client: [0m---before writing in log upd_msg->data.sid= device_0
[91m [1776449300.316207] Client: [0m---after writing in log upd_msg->seq_no = 2
[91m [1776449300.316212] Client: [0m---after writing in log upd_msg->data.sensor_type = 2
[91m [1776449300.316217] Client: [0m---after writing in log upd_msg->reliable = 1
[91m [1776449300.393495] BSON Message: [0mInside sensor type parsing.
[91m [1776449300.393505] BSON Message: [0mInside sensor type parsing end.
[91m [1776449300.393510] BSON Message: [0mInside sid parsing
[91m [1776449300.393514] BSON Message: [0mInside gps1 parsing.
[91m [1776449300.393519] Client: [0m---before writing in log upd_msg->seq_no= 1
[91m [1776449300.393525] Client: [0m---before writing in log upd_msg->type= 4
[91m [1776449300.393529] Client: [0m---before writing in log upd_msg->frag_no= 0
[91m [1776449300.393532] Client: [0m---before writing in log upd_msg->reliable= 1
[91m [1776449300.393536] Client: [0m---before writing in log upd_msg->data.sensor_type= 3
[91m [1776449300.393540] Client: [0m---before writing in log upd_msg->data.sid= gps_2
[91m [1776449300.393546] Client: [0m---after writing in log upd_msg->seq_no = 1
[91m [1776449300.393550] Client: [0m---after writing in log upd_msg->data.sensor_type = 3
[91m [1776449300.393554] Client: [0m---after writing in log upd_msg->reliable = 1
[91m [1776449300.999485] BSON Message: [0mInside sensor type parsing.
[91m [1776449300.999494] BSON Message: [0mInside sensor type parsing end.
[91m [1776449300.999499] BSON Message: [0mInside sid parsing
[91m [1776449300.999505] BSON Message: [0mInside temp1 parsing.
[91m [1776449300.999512] Client: [0m---before writing in log upd_msg->seq_no= 5
[91m [1776449300.999518] Client: [0m---before writing in log upd_msg->type= 4
[91m [1776449300.999522] Client: [0m---before writing in log upd_msg->frag_no= 0
[91m [1776449300.999526] Client: [0m---before writing in log upd_msg->reliable= 1
[91m [1776449300.999529] Client: [0m---before writing in log upd_msg->data.sensor_type= 1
[91m [1776449300.999537] Client: [0m---before writing in log upd_msg->data.sid= temp_1
[91m [1776449300.999543] Client: [0m---after writing in log upd_msg->seq_no = 5
[91m [1776449300.999548] Client: [0m---after writing in log upd_msg->data.sensor_type = 1
[91m [1776449300.999553] Client: [0m---after writing in log upd_msg->reliable = 1
[91m [1776449301.999608] BSON Message: [0mInside sensor type parsing.
[91m [1776449301.999617] BSON Message: [0mInside sensor type parsing end.
[91m [1776449301.999622] BSON Message: [0mInside sid parsing
[91m [1776449301.999626] BSON Message: [0mInside temp1 parsing.
[91m [1776449301.999631] Client: [0m---before writing in log upd_msg->seq_no= 6
[91m [1776449301.999635] Client: [0m---before writing in log upd_msg->type= 4
[91m [1776449301.999639] Client: [0m---before writing in log upd_msg->frag_no= 0
[91m [1776449301.999643] Client: [0m---before writing in log upd_msg->reliable= 1
[91m [1776449301.999646] Client: [0m---before writing in log upd_msg->data.sensor_type= 1
[91m [1776449301.999650] Client: [0m---before writing in log upd_msg->data.sid= temp_1
[91m [1776449301.999655] Client: [0m---after writing in log upd_msg->seq_no = 6
[91m [1776449301.999659] Client: [0m---after writing in log upd_msg->data.sensor_type = 1
[91m [1776449301.999663] Client: [0m---after writing in log upd_msg->reliable = 1
[91m [1776449302.999740] BSON Message: [0mInside sensor type parsing.
[91m [1776449302.999753] BSON Message: [0mInside sensor type parsing end.
[91m [1776449302.999760] BSON Message: [0mInside sid parsing
[91m [1776449302.999766] BSON Message: [0mInside temp1 parsing.
[91m [1776449302.999773] Client: [0m---before writing in log upd_msg->seq_no= 7
[91m [1776449302.999779] Client: [0m---before writing in log upd_msg->type= 4
[91m [1776449302.999786] Client: [0m---before writing in log upd_msg->frag_no= 0
[91m [1776449302.999792] Client: [0m---before writing in log upd_msg->reliable= 1
[91m [1776449302.999798] Client: [0m---before writing in log upd_msg->data.sensor_type= 1
[91m [1776449302.999804] Client: [0m---before writing in log upd_msg->data.sid= temp_1
[91m [1776449302.999811] Client: [0m---after writing in log upd_msg->seq_no = 7
[91m [1776449302.999817] Client: [0m---after writing in log upd_msg->data.sensor_type = 1
[91m [1776449302.999823] Client: [0m---after writing in log upd_msg->reliable = 1
[91m [1776449303.179572] BSON Message: [0mInside sensor type parsing.
[91m [1776449303.179587] BSON Message: [0mInside sensor type parsing end.
[91m [1776449303.179597] BSON Message: [0mInside sid parsing
[91m [1776449303.179608] Client: [0m---before writing in log upd_msg->seq_no= 3
[91m [1776449303.179617] Client: [0m---before writing in log upd_msg->type= 4
[91m [1776449303.179625] Client: [0m---before writing in log upd_msg->frag_no= 0
[91m [1776449303.179636] Client: [0m---before writing in log upd_msg->reliable= 1
[91m [1776449303.179647] Client: [0m---before writing in log upd_msg->data.sensor_type= 2
[91m [1776449303.179654] Client: [0m---before writing in log upd_msg->data.sid= device_0
[91m [1776449303.179663] Client: [0m---after writing in log upd_msg->seq_no = 3
[91m [1776449303.179670] Client: [0m---after writing in log upd_msg->data.sensor_type = 2
[91m [1776449303.179678] Client: [0m---after writing in log upd_msg->reliable = 1
[91m [1776449303.407352] BSON Message: [0mInside sensor type parsing.
[91m [1776449303.407364] BSON Message: [0mInside sensor type parsing end.
[91m [1776449303.407372] BSON Message: [0mInside sid parsing
[91m [1776449303.407381] Client: [0m---before writing in log upd_msg->seq_no= 4
[91m [1776449303.407387] Client: [0m---before writing in log upd_msg->type= 4
[91m [1776449303.407394] Client: [0m---before writing in log upd_msg->frag_no= 0
[91m [1776449303.407402] Client: [0m---before writing in log upd_msg->reliable= 0
[91m [1776449303.407410] Client: [0m---before writing in log upd_msg->data.sensor_type= 2
[91m [1776449303.407417] Client: [0m---before writing in log upd_msg->data.sid= device_0
[91m [1776449303.407426] Client: [0m---after writing in log upd_msg->seq_no = 4
[91m [1776449303.407434] Client: [0m---after writing in log upd_msg->data.sensor_type = 2
[91m [1776449303.407443] Client: [0m---after writing in log upd_msg->reliable = 0
[91m [1776449304.489] BSON Message: [0mInside sensor type parsing.
[91m [1776449304.497] BSON Message: [0mInside sensor type parsing end.
[91m [1776449304.502] BSON Message: [0mInside sid parsing
[91m [1776449304.507] BSON Message: [0mInside temp1 parsing.
[91m [1776449304.513] Client: [0m---before writing in log upd_msg->seq_no= 8
[91m [1776449304.518] Client: [0m---before writing in log upd_msg->type= 4
[91m [1776449304.523] Client: [0m---before writing in log upd_msg->frag_no= 0
[91m [1776449304.529] Client: [0m---before writing in log upd_msg->reliable= 1
[91m [1776449304.537] Client: [0m---before writing in log upd_msg->data.sensor_type= 1
[91m [1776449304.553] Client: [0m---before writing in log upd_msg->data.sid= temp_1
[91m [1776449304.562] Client: [0m---after writing in log upd_msg->seq_no = 8
[91m [1776449304.569] Client: [0m---after writing in log upd_msg->data.sensor_type = 1
[91m [1776449304.575] Client: [0m---after writing in log upd_msg->reliable = 1
[91m [1776449305.1049] BSON Message: [0mInside sensor type parsing.
[91m [1776449305.1072] BSON Message: [0mInside sensor type parsing end.
[91m [1776449305.1078] BSON Message: [0mInside sid parsing
[91m [1776449305.1085] BSON Message: [0mInside temp1 parsing.
[91m [1776449305.1091] Client: [0m---before writing in log upd_msg->seq_no= 9
[91m [1776449305.1097] Client: [0m---before writing in log upd_msg->type= 4
[91m [1776449305.1103] Client: [0m---before writing in log upd_msg->frag_no= 0
[91m [1776449305.1108] Client: [0m---before writing in log upd_msg->reliable= 1
[91m [1776449305.1113] Client: [0m---before writing in log upd_msg->data.sensor_type= 1
[91m [1776449305.1119] Client: [0m---before writing in log upd_msg->data.sid= temp_1
[91m [1776449305.1125] Client: [0m---after writing in log upd_msg->seq_no = 9
[91m [1776449305.1130] Client: [0m---after writing in log upd_msg->data.sensor_type = 1
[91m [1776449305.1136] Client: [0m---after writing in log upd_msg->reliable = 1
[91m [1776449305.659243] BSON Message: [0mInside sensor type parsing.
[91m [1776449305.659257] BSON Message: [0mInside sensor type parsing end.
[91m [1776449305.659264] BSON Message: [0mInside sid parsing
[91m [1776449305.659272] BSON Message: [0mInside gps1 parsing.
[91m [1776449305.659279] Client: [0m---before writing in log upd_msg->seq_no= 2
[91m [1776449305.659286] Client: [0m---before writing in log upd_msg->type= 4
[91m [1776449305.659292] Client: [0m---before writing in log upd_msg->frag_no= 0
[91m [1776449305.659298] Client: [0m---before writing in log upd_msg->reliable= 1
[91m [1776449305.659304] Client: [0m---before writing in log upd_msg->data.sensor_type= 3
[91m [1776449305.659308] Client: [0m---before writing in log upd_msg->data.sid= gps_2
[91m [1776449305.659315] Client: [0m---after writing in log upd_msg->seq_no = 2
[91m [1776449305.659319] Client: [0m---after writing in log upd_msg->data.sensor_type = 3
[91m [1776449305.659323] Client: [0m---after writing in log upd_msg->reliable = 1
[91m [1776449306.738] BSON Message: [0mInside sensor type parsing.
[91m [1776449306.746] BSON Message: [0mInside sensor type parsing end.
[91m [1776449306.749] BSON Message: [0mInside sid parsing
[91m [1776449306.754] BSON Message: [0mInside temp1 parsing.
[91m [1776449306.760] Client: [0m---before writing in log upd_msg->seq_no= 10
[91m [1776449306.766] Client: [0m---before writing in log upd_msg->type= 4
[91m [1776449306.769] Client: [0m---before writing in log upd_msg->frag_no= 0
[91m [1776449306.773] Client: [0m---before writing in log upd_msg->reliable= 1
[91m [1776449306.776] Client: [0m---before writing in log upd_msg->data.sensor_type= 1
[91m [1776449306.779] Client: [0m---before writing in log upd_msg->data.sid= temp_1
[91m [1776449306.783] Client: [0m---after writing in log upd_msg->seq_no = 10
[91m [1776449306.786] Client: [0m---after writing in log upd_msg->data.sensor_type = 1
[91m [1776449306.789] Client: [0m---after writing in log upd_msg->reliable = 1
[91m [1776449307.1043] BSON Message: [0mInside sensor type parsing.
[91m [1776449307.1054] BSON Message: [0mInside sensor type parsing end.
[91m [1776449307.1057] BSON Message: [0mInside sid parsing
[91m [1776449307.1061] BSON Message: [0mInside temp1 parsing.
[91m [1776449307.1065] Client: [0m---before writing in log upd_msg->seq_no= 11
[91m [1776449307.1069] Client: [0m---before writing in log upd_msg->type= 4
[91m [1776449307.1074] Client: [0m---before writing in log upd_msg->frag_no= 0
[91m [1776449307.1079] Client: [0m---before writing in log upd_msg->reliable= 0
[91m [1776449307.1082] Client: [0m---before writing in log upd_msg->data.sensor_type= 1
[91m [1776449307.1085] Client: [0m---before writing in log upd_msg->data.sid= temp_1
[91m [1776449307.1088] Client: [0m---after writing in log upd_msg->seq_no = 11
[91m [1776449307.1091] Client: [0m---after writing in log upd_msg->data.sensor_type = 1
[91m [1776449307.1095] Client: [0m---after writing in log upd_msg->reliable = 0
[91m [1776449307.509036] BSON Message: [0mInside sensor type parsing.
[91m [1776449307.509057] BSON Message: [0mInside sensor type parsing end.
[91m [1776449307.509063] BSON Message: [0mInside sid parsing
[91m [1776449307.509070] Client: [0m---before writing in log upd_msg->seq_no= 5
[91m [1776449307.509076] Client: [0m---before writing in log upd_msg->type= 4
[91m [1776449307.509081] Client: [0m---before writing in log upd_msg->frag_no= 0
[91m [1776449307.509086] Client: [0m---before writing in log upd_msg->reliable= 1
[91m [1776449307.509092] Client: [0m---before writing in log upd_msg->data.sensor_type= 2
[91m [1776449307.509097] Client: [0m---before writing in log upd_msg->data.sid= device_0
[91m [1776449307.509104] Client: [0m---after writing in log upd_msg->seq_no = 5
[91m [1776449307.509109] Client: [0m---after writing in log upd_msg->data.sensor_type = 2
[91m [1776449307.509114] Client: [0m---after writing in log upd_msg->reliable = 1
[91m [1776449308.1724] BSON Message: [0mInside sensor type parsing.
[91m [1776449308.1739] BSON Message: [0mInside sensor type parsing end.
[91m [1776449308.1746] BSON Message: [0mInside sid parsing
[91m [1776449308.1752] BSON Message: [0mInside temp1 parsing.
[91m [1776449308.1760] Client: [0m---before writing in log upd_msg->seq_no= 12
[91m [1776449308.1767] Client: [0m---before writing in log upd_msg->type= 4
[91m [1776449308.1772] Client: [0m---before writing in log upd_msg->frag_no= 0
[91m [1776449308.1778] Client: [0m---before writing in log upd_msg->reliable= 1
[91m [1776449308.1784] Client: [0m---before writing in log upd_msg->data.sensor_type= 1
[91m [1776449308.1790] Client: [0m---before writing in log upd_msg->data.sid= temp_1
[91m [1776449308.1796] Client: [0m---after writing in log upd_msg->seq_no = 12
[91m [1776449308.1800] Client: [0m---after writing in log upd_msg->data.sensor_type = 1
[91m [1776449308.1803] Client: [0m---after writing in log upd_msg->reliable = 1
[91m [1776449309.1643] BSON Message: [0mInside sensor type parsing.
[91m [1776449309.1654] BSON Message: [0mInside sensor type parsing end.
[91m [1776449309.1659] BSON Message: [0mInside sid parsing
[91m [1776449309.1664] BSON Message: [0mInside temp1 parsing.
[91m [1776449309.1669] Client: [0m---before writing in log upd_msg->seq_no= 13
[91m [1776449309.1674] Client: [0m---before writing in log upd_msg->type= 4
[91m [1776449309.1678] Client: [0m---before writing in log upd_msg->frag_no= 0
[91m [1776449309.1682] Client: [0m---before writing in log upd_msg->reliable= 1
[91m [1776449309.1685] Client: [0m---before writing in log upd_msg->data.sensor_type= 1
[91m [1776449309.1689] Client: [0m---before writing in log upd_msg->data.sid= temp_1
[91m [1776449309.1694] Client: [0m---after writing in log upd_msg->seq_no = 13
[91m [1776449309.1698] Client: [0m---after writing in log upd_msg->data.sensor_type = 1
[91m [1776449309.1702] Client: [0m---after writing in log upd_msg->reliable = 1
[91m [1776449310.2780] BSON Message: [0mInside sensor type parsing.
[91m [1776449310.2793] BSON Message: [0mInside sensor type parsing end.
[91m [1776449310.2800] BSON Message: [0mInside sid parsing
[91m [1776449310.2807] BSON Message: [0mInside temp1 parsing.
[91m [1776449310.2813] Client: [0m---before writing in log upd_msg->seq_no= 14
[91m [1776449310.2819] Client: [0m---before writing in log upd_msg->type= 4
[91m [1776449310.2825] Client: [0m---before writing in log upd_msg->frag_no= 0
[91m [1776449310.2829] Client: [0m---before writing in log upd_msg->reliable= 1
[91m [1776449310.2834] Client: [0m---before writing in log upd_msg->data.sensor_type= 1
[91m [1776449310.2840] Client: [0m---before writing in log upd_msg->data.sid= temp_1
[91m [1776449310.2847] Client: [0m---after writing in log upd_msg->seq_no = 14
[91m [1776449310.2853] Client: [0m---after writing in log upd_msg->data.sensor_type = 1
[91m [1776449310.2858] Client: [0m---after writing in log upd_msg->reliable = 1
[91m [1776449311.2518] BSON Message: [0mInside sensor type parsing.
[91m [1776449311.2533] BSON Message: [0mInside sensor type parsing end.
[91m [1776449311.2547] BSON Message: [0mInside sid parsing
[91m [1776449311.2553] BSON Message: [0mInside temp1 parsing.
[91m [1776449311.2560] Client: [0m---before writing in log upd_msg->seq_no= 15
[91m [1776449311.2567] Client: [0m---before writing in log upd_msg->type= 4
[91m [1776449311.2573] Client: [0m---before writing in log upd_msg->frag_no= 0
[91m [1776449311.2579] Client: [0m---before writing in log upd_msg->reliable= 1
[91m [1776449311.2585] Client: [0m---before writing in log upd_msg->data.sensor_type= 1
[91m [1776449311.2590] Client: [0m---before writing in log upd_msg->data.sid= temp_1
[91m [1776449311.2598] Client: [0m---after writing in log upd_msg->seq_no = 15
[91m [1776449311.2603] Client: [0m---after writing in log upd_msg->data.sensor_type = 1
[91m [1776449311.2608] Client: [0m---after writing in log upd_msg->reliable = 1
[91m [1776449312.2764] BSON Message: [0mInside sensor type parsing.
[91m [1776449312.2775] BSON Message: [0mInside sensor type parsing end.
[91m [1776449312.2780] BSON Message: [0mInside sid parsing
[91m [1776449312.2785] BSON Message: [0mInside temp1 parsing.
[91m [1776449312.2791] Client: [0m---before writing in log upd_msg->seq_no= 16
[91m [1776449312.2796] Client: [0m---before writing in log upd_msg->type= 4
[91m [1776449312.2801] Client: [0m---before writing in log upd_msg->frag_no= 0
[91m [1776449312.2805] Client: [0m---before writing in log upd_msg->reliable= 1
[91m [1776449312.2810] Client: [0m---before writing in log upd_msg->data.sensor_type= 1
[91m [1776449312.2815] Client: [0m---before writing in log upd_msg->data.sid= temp_1
[91m [1776449312.2820] Client: [0m---after writing in log upd_msg->seq_no = 16
[91m [1776449312.2825] Client: [0m---after writing in log upd_msg->data.sensor_type = 1
[91m [1776449312.2830] Client: [0m---after writing in log upd_msg->reliable = 1
[91m [1776449312.217283] BSON Message: [0mInside sensor type parsing.
[91m [1776449312.217312] BSON Message: [0mInside sensor type parsing end.
[91m [1776449312.217319] BSON Message: [0mInside sid parsing
[91m [1776449312.217324] Client: [0m---before writing in log upd_msg->seq_no= 6
[91m [1776449312.217329] Client: [0m---before writing in log upd_msg->type= 4
[91m [1776449312.217334] Client: [0m---before writing in log upd_msg->frag_no= 0
[91m [1776449312.217339] Client: [0m---before writing in log upd_msg->reliable= 1
[91m [1776449312.217343] Client: [0m---before writing in log upd_msg->data.sensor_type= 2
[91m [1776449312.217348] Client: [0m---before writing in log upd_msg->data.sid= device_0
[91m [1776449312.217354] Client: [0m---after writing in log upd_msg->seq_no = 6
[91m [1776449312.217374] Client: [0m---after writing in log upd_msg->data.sensor_type = 2
[91m [1776449312.217379] Client: [0m---after writing in log upd_msg->reliable = 1
[91m [1776449313.3014] BSON Message: [0mInside sensor type parsing.
[91m [1776449313.3025] BSON Message: [0mInside sensor type parsing end.
[91m [1776449313.3030] BSON Message: [0mInside sid parsing
[91m [1776449313.3036] BSON Message: [0mInside temp1 parsing.
[91m [1776449313.3043] Client: [0m---before writing in log upd_msg->seq_no= 17
[91m [1776449313.3049] Client: [0m---before writing in log upd_msg->type= 4
[91m [1776449313.3054] Client: [0m---before writing in log upd_msg->frag_no= 0
[91m [1776449313.3059] Client: [0m---before writing in log upd_msg->reliable= 1
[91m [1776449313.3064] Client: [0m---before writing in log upd_msg->data.sensor_type= 1
[91m [1776449313.3068] Client: [0m---before writing in log upd_msg->data.sid= temp_1
[91m [1776449313.3074] Client: [0m---after writing in log upd_msg->seq_no = 17
[91m [1776449313.3079] Client: [0m---after writing in log upd_msg->data.sensor_type = 1
[91m [1776449313.3083] Client: [0m---after writing in log upd_msg->reliable = 1
[91m [1776449314.3676] BSON Message: [0mInside sensor type parsing.
[91m [1776449314.3690] BSON Message: [0mInside sensor type parsing end.
[91m [1776449314.3702] BSON Message: [0mInside sid parsing
[91m [1776449314.3709] BSON Message: [0mInside temp1 parsing.
[91m [1776449314.3716] Client: [0m---before writing in log upd_msg->seq_no= 18
[91m [1776449314.3721] Client: [0m---before writing in log upd_msg->type= 4
[91m [1776449314.3727] Client: [0m---before writing in log upd_msg->frag_no= 0
[91m [1776449314.3732] Client: [0m---before writing in log upd_msg->reliable= 1
[91m [1776449314.3738] Client: [0m---before writing in log upd_msg->data.sensor_type= 1
[91m [1776449314.3744] Client: [0m---before writing in log upd_msg->data.sid= temp_1
[91m [1776449314.3750] Client: [0m---after writing in log upd_msg->seq_no = 18
[91m [1776449314.3756] Client: [0m---after writing in log upd_msg->data.sensor_type = 1
[91m [1776449314.3761] Client: [0m---after writing in log upd_msg->reliable = 1
[91m [1776449314.269288] BSON Message: [0mInside sensor type parsing.
[91m [1776449314.269296] BSON Message: [0mInside sensor type parsing end.
[91m [1776449314.269299] BSON Message: [0mInside sid parsing
[91m [1776449314.269303] Client: [0m---before writing in log upd_msg->seq_no= 7
[91m [1776449314.269307] Client: [0m---before writing in log upd_msg->type= 4
[91m [1776449314.269310] Client: [0m---before writing in log upd_msg->frag_no= 0
[91m [1776449314.269313] Client: [0m---before writing in log upd_msg->reliable= 1
[91m [1776449314.269316] Client: [0m---before writing in log upd_msg->data.sensor_type= 2
[91m [1776449314.269319] Client: [0m---before writing in log upd_msg->data.sid= device_0
[91m [1776449314.269323] Client: [0m---after writing in log upd_msg->seq_no = 7
[91m [1776449314.269327] Client: [0m---after writing in log upd_msg->data.sensor_type = 2
[91m [1776449314.269331] Client: [0m---after writing in log upd_msg->reliable = 1
[91m [1776449315.5858] BSON Message: [0mInside sensor type parsing.
[91m [1776449315.5871] BSON Message: [0mInside sensor type parsing end.
[91m [1776449315.5876] BSON Message: [0mInside sid parsing
[91m [1776449315.5881] BSON Message: [0mInside temp1 parsing.
[91m [1776449315.5887] Client: [0m---before writing in log upd_msg->seq_no= 19
[91m [1776449315.5893] Client: [0m---before writing in log upd_msg->type= 4
[91m [1776449315.5898] Client: [0m---before writing in log upd_msg->frag_no= 0
[91m [1776449315.5903] Client: [0m---before writing in log upd_msg->reliable= 1
[91m [1776449315.5908] Client: [0m---before writing in log upd_msg->data.sensor_type= 1
[91m [1776449315.5913] Client: [0m---before writing in log upd_msg->data.sid= temp_1
[91m [1776449315.5927] Client: [0m---after writing in log upd_msg->seq_no = 19
[91m [1776449315.5932] Client: [0m---after writing in log upd_msg->data.sensor_type = 1
[91m [1776449315.5937] Client: [0m---after writing in log upd_msg->reliable = 1
[91m [1776449315.669804] BSON Message: [0mInside sensor type parsing.
[91m [1776449315.669817] BSON Message: [0mInside sensor type parsing end.
[91m [1776449315.669823] BSON Message: [0mInside sid parsing
[91m [1776449315.669829] BSON Message: [0mInside gps1 parsing.
[91m [1776449315.669836] Client: [0m---before writing in log upd_msg->seq_no= 3
[91m [1776449315.669842] Client: [0m---before writing in log upd_msg->type= 4
[91m [1776449315.669847] Client: [0m---before writing in log upd_msg->frag_no= 0
[91m [1776449315.669853] Client: [0m---before writing in log upd_msg->reliable= 1
[91m [1776449315.669858] Client: [0m---before writing in log upd_msg->data.sensor_type= 3
[91m [1776449315.669863] Client: [0m---before writing in log upd_msg->data.sid= gps_2
[91m [1776449315.669871] Client: [0m---after writing in log upd_msg->seq_no = 3
[91m [1776449315.669877] Client: [0m---after writing in log upd_msg->data.sensor_type = 3
[91m [1776449315.669882] Client: [0m---after writing in log upd_msg->reliable = 1
[91m [1776449315.792334] BSON Message: [0mInside sensor type parsing.
[91m [1776449315.792347] BSON Message: [0mInside sensor type parsing end.
[91m [1776449315.792353] BSON Message: [0mInside sid parsing
[91m [1776449315.792368] Client: [0m---before writing in log upd_msg->seq_no= 8
[91m [1776449315.792374] Client: [0m---before writing in log upd_msg->type= 4
[91m [1776449315.792379] Client: [0m---before writing in log upd_msg->frag_no= 0
[91m [1776449315.792385] Client: [0m---before writing in log upd_msg->reliable= 1
[91m [1776449315.792391] Client: [0m---before writing in log upd_msg->data.sensor_type= 2
[91m [1776449315.792396] Client: [0m---before writing in log upd_msg->data.sid= device_0
[91m [1776449315.792402] Client: [0m---after writing in log upd_msg->seq_no = 8
[91m [1776449315.792408] Client: [0m---after writing in log upd_msg->data.sensor_type = 2
[91m [1776449315.792414] Client: [0m---after writing in log upd_msg->reliable = 1
[91m [1776449316.4331] BSON Message: [0mInside sensor type parsing.
[91m [1776449316.4346] BSON Message: [0mInside sensor type parsing end.
[91m [1776449316.4354] BSON Message: [0mInside sid parsing
[91m [1776449316.4361] BSON Message: [0mInside temp1 parsing.
[91m [1776449316.4369] Client: [0m---before writing in log upd_msg->seq_no= 20
[91m [1776449316.4377] Client: [0m---before writing in log upd_msg->type= 4
[91m [1776449316.4384] Client: [0m---before writing in log upd_msg->frag_no= 0
[91m [1776449316.4390] Client: [0m---before writing in log upd_msg->reliable= 1
[91m [1776449316.4397] Client: [0m---before writing in log upd_msg->data.sensor_type= 1
[91m [1776449316.4404] Client: [0m---before writing in log upd_msg->data.sid= temp_1
[91m [1776449316.4412] Client: [0m---after writing in log upd_msg->seq_no = 20
[91m [1776449316.4418] Client: [0m---after writing in log upd_msg->data.sensor_type = 1
[91m [1776449316.4425] Client: [0m---after writing in log upd_msg->reliable = 1
[91m [1776449316.575699] BSON Message: [0mInside sensor type parsing.
[91m [1776449316.575712] BSON Message: [0mInside sensor type parsing end.
[91m [1776449316.575718] BSON Message: [0mInside sid parsing
[91m [1776449316.575724] Client: [0m---before writing in log upd_msg->seq_no= 9
[91m [1776449316.575730] Client: [0m---before writing in log upd_msg->type= 4
[91m [1776449316.575735] Client: [0m---before writing in log upd_msg->frag_no= 0
[91m [1776449316.575741] Client: [0m---before writing in log upd_msg->reliable= 1
[91m [1776449316.575746] Client: [0m---before writing in log upd_msg->data.sensor_type= 2
[91m [1776449316.575751] Client: [0m---before writing in log upd_msg->data.sid= device_0
[91m [1776449316.575758] Client: [0m---after writing in log upd_msg->seq_no = 9
[91m [1776449316.575763] Client: [0m---after writing in log upd_msg->data.sensor_type = 2
[91m [1776449316.575769] Client: [0m---after writing in log upd_msg->reliable = 1
[91m [1776449317.5259] BSON Message: [0mInside sensor type parsing.
[91m [1776449317.5272] BSON Message: [0mInside sensor type parsing end.
[91m [1776449317.5277] BSON Message: [0mInside sid parsing
[91m [1776449317.5281] BSON Message: [0mInside temp1 parsing.
[91m [1776449317.5286] Client: [0m---before writing in log upd_msg->seq_no= 21
[91m [1776449317.5289] Client: [0m---before writing in log upd_msg->type= 4
[91m [1776449317.5294] Client: [0m---before writing in log upd_msg->frag_no= 0
[91m [1776449317.5299] Client: [0m---before writing in log upd_msg->reliable= 1
[91m [1776449317.5304] Client: [0m---before writing in log upd_msg->data.sensor_type= 1
[91m [1776449317.5307] Client: [0m---before writing in log upd_msg->data.sid= temp_1
[91m [1776449317.5312] Client: [0m---after writing in log upd_msg->seq_no = 21
[91m [1776449317.5316] Client: [0m---after writing in log upd_msg->data.sensor_type = 1
[91m [1776449317.5320] Client: [0m---after writing in log upd_msg->reliable = 1
[91m [1776449318.5027] BSON Message: [0mInside sensor type parsing.
[91m [1776449318.5037] BSON Message: [0mInside sensor type parsing end.
[91m [1776449318.5041] BSON Message: [0mInside sid parsing
[91m [1776449318.5046] BSON Message: [0mInside temp1 parsing.
[91m [1776449318.5056] Client: [0m---before writing in log upd_msg->seq_no= 22
[91m [1776449318.5062] Client: [0m---before writing in log upd_msg->type= 4
[91m [1776449318.5067] Client: [0m---before writing in log upd_msg->frag_no= 0
[91m [1776449318.5071] Client: [0m---before writing in log upd_msg->reliable= 1
[91m [1776449318.5075] Client: [0m---before writing in log upd_msg->data.sensor_type= 1
[91m [1776449318.5079] Client: [0m---before writing in log upd_msg->data.sid= temp_1
[91m [1776449318.5085] Client: [0m---after writing in log upd_msg->seq_no = 22
[91m [1776449318.5089] Client: [0m---after writing in log upd_msg->data.sensor_type = 1
[91m [1776449318.5093] Client: [0m---after writing in log upd_msg->reliable = 1
[91m [1776449318.751952] BSON Message: [0mInside sensor type parsing.
[91m [1776449318.751966] BSON Message: [0mInside sensor type parsing end.
[91m [1776449318.751972] BSON Message: [0mInside sid parsing
connceting to 127.0.0.1
Got a message from the server.
Message type is 1
Sensors: 
gps_2
device_0
temp_1
Subscribing to all sensors.
Got a message from the server.
Message type is 3
what is happening
subscription ok for gps_2 
requested to remove a subscription but no such subscription found
what is happening
subscription ok for device_0 
requested to remove a subscription but no such subscription found
what is happening
subscription ok for temp_1 
requested to remove a subscription but no such subscription found
Got a message from the server.
Message type is 4
---------Update message arrived------------ 1
Got a message from the server.
Message type is 4
---------Update message arrived------------ 1
Got a message from the server.
Message type is 4
---------Update message arrived------------ 1
Got a message from the server.
Message type is 4
---------Update message arrived------------ 1
Got a message from the server.
Message type is 4
---------Update message arrived------------ 1
Got a message from the server.
Message type is 4
---------Update message arrived------------ 1
Got a message from the server.
Message type is 4
---------Update message arrived------------ 1
Got a message from the server.
Message type is 4
---------Update message arrived------------ 1
Got a message from the server.
Message type is 4
---------Update message arrived------------ 1
Got a message from the server.
Message type is 4
---------Update message arrived------------ 1
Got a message from the server.
Message type is 4
---------Update message arrived------------ 1
Got a message from the server.
Message type is 4
---------Update message arrived------------ 1
Got a message from the server.
Message type is 4
---------Update message arrived------------ 1
Got a message from the server.
Message type is 4
---------Update message arrived------------ 1
Got a message from the server.
Message type is 4
---------Update message arrived------------ 1
Got a message from the server.
Message type is 4
---------Update message arrived------------ 1
Got a message from the server.
Message type is 4
---------Update message arrived------------ 1
Got a message from the server.
Message type is 4
---------Update message arrived------------ 1
Got a message from the server.
Message type is 4
---------Update message arrived------------ 1
Got a message from the server.
Message type is 4
---------Update message arrived------------ 1
Got a message from the server.
Message type is 4
---------Update message arrived------------ 1
Got a message from the server.
Message type is 4
---------Update message arrived------------ 1
Got a message from the server.
Message type is 4
---------Update message arrived------------ 1
Got a message from the server.
Message type is 4
---------Update message arrived------------ 1
Got a message from the server.
Message type is 4
---------Update message arrived------------ 1
Got a message from the server.
Message type is 4
---------Update message arrived------------ 1
Got a message from the server.
Message type is 4
---------Update message arrived------------ 1
Got a message from the server.
Message type is 4
---------Update message arrived------------ 1
Got a message from the server.
Message type is 4
---------Update message arrived------------ 1
Got a message from the server.
Message type is 4
---------Update message arrived------------ 1
Got a message from the server.
Message type is 4
---------Update message arrived------------ 1
Got a message from the server.
Message type is 4
---------Update message arrived------------ 1
Got a message from the server.
Message type is 4
---------Update message arrived------------ 1
Got a message from the server.
Message type is 4
---------Update message arrived------------ 1
Got a message from the server.
Message type is 4
---------Update message arrived------------ 1
Got a message from the server.
Message type is 4
---------Update message arrived------------ 1
Got a message from the server.
Message type is 4
---------Update message arrived------------ 1
Got a message from the server.
Message type is 4
---------Upda[91m [1776449318.751988] Client: [0m---before writing in log upd_msg->seq_no= 10
[91m [1776449318.751994] Client: [0m---before writing in log upd_msg->type= 4
[91m [1776449318.752000] Client: [0m---before writing in log upd_msg->frag_no= 0
[91m [1776449318.752005] Client: [0m---before writing in log upd_msg->reliable= 1
[91m [1776449318.752010] Client: [0m---before writing in log upd_msg->data.sensor_type= 2
[91m [1776449318.752016] Client: [0m---before writing in log upd_msg->data.sid= device_0
[91m [1776449318.752022] Client: [0m---after writing in log upd_msg->seq_no = 10
[91m [1776449318.752027] Client: [0m---after writing in log upd_msg->data.sensor_type = 2
[91m [1776449318.752033] Client: [0m---after writing in log upd_msg->reliable = 1
[91m [1776449319.5969] BSON Message: [0mInside sensor type parsing.
[91m [1776449319.5997] BSON Message: [0mInside sensor type parsing end.
[91m [1776449319.6014] BSON Message: [0mInside sid parsing
[91m [1776449319.6023] BSON Message: [0mInside temp1 parsing.
[91m [1776449319.6564] Client: [0m---before writing in log upd_msg->seq_no= 23
[91m [1776449319.6572] Client: [0m---before writing in log upd_msg->type= 4
[91m [1776449319.6579] Client: [0m---before writing in log upd_msg->frag_no= 0
[91m [1776449319.6587] Client: [0m---before writing in log upd_msg->reliable= 1
[91m [1776449319.6594] Client: [0m---before writing in log upd_msg->data.sensor_type= 1
[91m [1776449319.6602] Client: [0m---before writing in log upd_msg->data.sid= temp_1
[91m [1776449319.6610] Client: [0m---after writing in log upd_msg->seq_no = 23
[91m [1776449319.6617] Client: [0m---after writing in log upd_msg->data.sensor_type = 1
[91m [1776449319.6624] Client: [0m---after writing in log upd_msg->reliable = 1
[91m [1776449320.5716] BSON Message: [0mInside sensor type parsing.
[91m [1776449320.5728] BSON Message: [0mInside sensor type parsing end.
[91m [1776449320.5737] BSON Message: [0mInside sid parsing
[91m [1776449320.5746] BSON Message: [0mInside temp1 parsing.
[91m [1776449320.5756] Client: [0m---before writing in log upd_msg->seq_no= 24
[91m [1776449320.5765] Client: [0m---before writing in log upd_msg->type= 4
[91m [1776449320.5774] Client: [0m---before writing in log upd_msg->frag_no= 0
[91m [1776449320.5782] Client: [0m---before writing in log upd_msg->reliable= 1
[91m [1776449320.5790] Client: [0m---before writing in log upd_msg->data.sensor_type= 1
[91m [1776449320.5798] Client: [0m---before writing in log upd_msg->data.sid= temp_1
[91m [1776449320.5808] Client: [0m---after writing in log upd_msg->seq_no = 24
[91m [1776449320.5816] Client: [0m---after writing in log upd_msg->data.sensor_type = 1
[91m [1776449320.5823] Client: [0m---after writing in log upd_msg->reliable = 1
[91m [1776449321.5673] BSON Message: [0mInside sensor type parsing.
[91m [1776449321.5686] BSON Message: [0mInside sensor type parsing end.
[91m [1776449321.5693] BSON Message: [0mInside sid parsing
[91m [1776449321.5699] BSON Message: [0mInside temp1 parsing.
[91m [1776449321.5707] Client: [0m---before writing in log upd_msg->seq_no= 25
[91m [1776449321.5718] Client: [0m---before writing in log upd_msg->type= 4
[91m [1776449321.5722] Client: [0m---before writing in log upd_msg->frag_no= 0
[91m [1776449321.5726] Client: [0m---before writing in log upd_msg->reliable= 1
[91m [1776449321.5730] Client: [0m---before writing in log upd_msg->data.sensor_type= 1
[91m [1776449321.5736] Client: [0m---before writing in log upd_msg->data.sid= temp_1
[91m [1776449321.5742] Client: [0m---after writing in log upd_msg->seq_no = 25
[91m [1776449321.5746] Client: [0m---after writing in log upd_msg->data.sensor_type = 1
[91m [1776449321.5750] Client: [0m---after writing in log upd_msg->reliable = 1
[91m [1776449321.155460] BSON Message: [0mInside sensor type parsing.
[91m [1776449321.155476] BSON Message: [0mInside sensor type parsing end.
[91m [1776449321.155482] BSON Message: [0mInside sid parsing
[91m [1776449321.155489] Client: [0m---before writing in log upd_msg->seq_no= 11
[91m [1776449321.155497] Client: [0m---before writing in log upd_msg->type= 4
[91m [1776449321.155502] Client: [0m---before writing in log upd_msg->frag_no= 0
[91m [1776449321.155506] Client: [0m---before writing in log upd_msg->reliable= 1
[91m [1776449321.155510] Client: [0m---before writing in log upd_msg->data.sensor_type= 2
[91m [1776449321.155515] Client: [0m---before writing in log upd_msg->data.sid= device_0
[91m [1776449321.155522] Client: [0m---after writing in log upd_msg->seq_no = 11
[91m [1776449321.155527] Client: [0m---after writing in log upd_msg->data.sensor_type = 2
[91m [1776449321.155532] Client: [0m---after writing in log upd_msg->reliable = 1
[91m [1776449322.6714] BSON Message: [0mInside sensor type parsing.
[91m [1776449322.6723] BSON Message: [0mInside sensor type parsing end.
[91m [1776449322.6727] BSON Message: [0mInside sid parsing
[91m [1776449322.6731] BSON Message: [0mInside temp1 parsing.
[91m [1776449322.6736] Client: [0m---before writing in log upd_msg->seq_no= 26
[91m [1776449322.6740] Client: [0m---before writing in log upd_msg->type= 4
[91m [1776449322.6745] Client: [0m---before writing in log upd_msg->frag_no= 0
[91m [1776449322.6750] Client: [0m---before writing in log upd_msg->reliable= 1
[91m [1776449322.6756] Client: [0m---before writing in log upd_msg->data.sensor_type= 1
[91m [1776449322.6762] Client: [0m---before writing in log upd_msg->data.sid= temp_1
[91m [1776449322.6768] Client: [0m---after writing in log upd_msg->seq_no = 26
[91m [1776449322.6773] Client: [0m---after writing in log upd_msg->data.sensor_type = 1
[91m [1776449322.6778] Client: [0m---after writing in log upd_msg->reliable = 1
[91m [1776449323.6824] BSON Message: [0mInside sensor type parsing.
[91m [1776449323.6835] BSON Message: [0mInside sensor type parsing end.
[91m [1776449323.6840] BSON Message: [0mInside sid parsing
[91m [1776449323.6845] BSON Message: [0mInside temp1 parsing.
[91m [1776449323.6851] Client: [0m---before writing in log upd_msg->seq_no= 27
[91m [1776449323.6857] Client: [0m---before writing in log upd_msg->type= 4
[91m [1776449323.6861] Client: [0m---before writing in log upd_msg->frag_no= 0
[91m [1776449323.6866] Client: [0m---before writing in log upd_msg->reliable= 0
[91m [1776449323.6872] Client: [0m---before writing in log upd_msg->data.sensor_type= 1
[91m [1776449323.6878] Client: [0m---before writing in log upd_msg->data.sid= temp_1
[91m [1776449323.6884] Client: [0m---after writing in log upd_msg->seq_no = 27
[91m [1776449323.6888] Client: [0m---after writing in log upd_msg->data.sensor_type = 1
[91m [1776449323.6892] Client: [0m---after writing in log upd_msg->reliable = 0
[91m [1776449324.6621] BSON Message: [0mInside sensor type parsing.
[91m [1776449324.6632] BSON Message: [0mInside sensor type parsing end.
[91m [1776449324.6637] BSON Message: [0mInside sid parsing
[91m [1776449324.6641] BSON Message: [0mInside temp1 parsing.
[91m [1776449324.6647] Client: [0m---before writing in log upd_msg->seq_no= 28
[91m [1776449324.6651] Client: [0m---before writing in log upd_msg->type= 4
[91m [1776449324.6659] Client: [0m---before writing in log upd_msg->frag_no= 0
[91m [1776449324.6663] Client: [0m---before writing in log upd_msg->reliable= 1
[91m [1776449324.6668] Client: [0m---before writing in log upd_msg->data.sensor_type= 1
[91m [1776449324.6672] Client: [0m---before writing in log upd_msg->data.sid= temp_1
[91m [1776449324.6677] Client: [0m---after writing in log upd_msg->seq_no = 28
[91m [1776449324.6682] Client: [0m---after writing in log upd_msg->data.sensor_type = 1
[91m [1776449324.6686] Client: [0m---after writing in log upd_msg->reliable = 1
[91m [1776449324.177666] BSON Message: [0mInside sensor type parsing.
[91m [1776449324.177679] BSON Message: [0mInside sensor type parsing end.
[91m [1776449324.177685] BSON Message: [0mInside sid parsing
[91m [1776449324.177692] Client: [0m---before writing in log upd_msg->seq_no= 12
[91m [1776449324.177699] Client: [0m---before writing in log upd_msg->type= 4
[91m [1776449324.177705] Client: [0m---before writing in log upd_msg->frag_no= 0
[91m [1776449324.177710] Client: [0m---before writing in log upd_msg->reliable= 1
[91m [1776449324.177716] Client: [0m---before writing in log upd_msg->data.sensor_type= 2
[91m [1776449324.177721] Client: [0m---before writing in log upd_msg->data.sid= device_0
[91m [1776449324.177727] Client: [0m---after writing in log upd_msg->seq_no = 12
[91m [1776449324.177733] Client: [0m---after writing in log upd_msg->data.sensor_type = 2
[91m [1776449324.177738] Client: [0m---after writing in log upd_msg->reliable = 1
[91m [1776449324.442753] BSON Message: [0mInside sensor type parsing.
[91m [1776449324.442766] BSON Message: [0mInside sensor type parsing end.
[91m [1776449324.442772] BSON Message: [0mInside sid parsing
[91m [1776449324.442779] BSON Message: [0mInside gps1 parsing.
[91m [1776449324.442787] Client: [0m---before writing in log upd_msg->seq_no= 4
[91m [1776449324.442794] Client: [0m---before writing in log upd_msg->type= 4
[91m [1776449324.442801] Client: [0m---before writing in log upd_msg->frag_no= 0
[91m [1776449324.442807] Client: [0m---before writing in log upd_msg->reliable= 1
[91m [1776449324.442813] Client: [0m---before writing in log upd_msg->data.sensor_type= 3
[91m [1776449324.442819] Client: [0m---before writing in log upd_msg->data.sid= gps_2
[91m [1776449324.442828] Client: [0m---after writing in log upd_msg->seq_no = 4
[91m [1776449324.442834] Client: [0m---after writing in log upd_msg->data.sensor_type = 3
[91m [1776449324.442840] Client: [0m---after writing in log upd_msg->reliable = 1
[91m [1776449325.6934] BSON Message: [0mInside sensor type parsing.
[91m [1776449325.6949] BSON Message: [0mInside sensor type parsing end.
[91m [1776449325.6956] BSON Message: [0mInside sid parsing
[91m [1776449325.6960] BSON Message: [0mInside temp1 parsing.
[91m [1776449325.6964] Client: [0m---before writing in log upd_msg->seq_no= 29
[91m [1776449325.6968] Client: [0m---before writing in log upd_msg->type= 4
[91m [1776449325.6973] Client: [0m---before writing in log upd_msg->frag_no= 0
[91m [1776449325.6981] Client: [0m---before writing in log upd_msg->reliable= 1
[91m [1776449325.6987] Client: [0m---before writing in log upd_msg->data.sensor_type= 1
[91m [1776449325.6991] Client: [0m---before writing in log upd_msg->data.sid= temp_1
[91m [1776449325.6997] Client: [0m---after writing in log upd_msg->seq_no = 29
[91m [1776449325.7001] Client: [0m---after writing in log upd_msg->data.sensor_type = 1
[91m [1776449325.7005] Client: [0m---after writing in log upd_msg->reliable = 1
[91m [1776449326.7176] BSON Message: [0mInside sensor type parsing.
[91m [1776449326.7187] BSON Message: [0mInside sensor type parsing end.
[91m [1776449326.7192] BSON Message: [0mInside sid parsing
[91m [1776449326.7197] BSON Message: [0mInside temp1 parsing.
[91m [1776449326.7202] Client: [0m---before writing in log upd_msg->seq_no= 30
[91m [1776449326.7207] Client: [0m---before writing in log upd_msg->type= 4
[91m [1776449326.7215] Client: [0m---before writing in log upd_msg->frag_no= 0
[91m [1776449326.7220] Client: [0m---before writing in log upd_msg->reliable= 1
[91m [1776449326.7225] Client: [0m---before writing in log upd_msg->data.sensor_type= 1
[91m [1776449326.7229] Client: [0m---before writing in log upd_msg->data.sid= temp_1
[91m [1776449326.7235] Client: [0m---after writing in log upd_msg->seq_no = 30
[91m [1776449326.7239] Client: [0m---after writing in log upd_msg->data.sensor_type = 1
[91m [1776449326.7243] Client: [0m---after writing in log upd_msg->reliable = 1
[91m [1776449326.551543] BSON Message: [0mInside sensor type parsing.
[91m [1776449326.551559] BSON Message: [0mInside sensor type parsing end.
[91m [1776449326.551564] BSON Message: [0mInside sid parsing
[91m [1776449326.551570] Client: [0m---before writing in log upd_msg->seq_no= 13
[91m [1776449326.551576] Client: [0m---before writing in log upd_msg->type= 4
[91m [1776449326.551580] Client: [0m---before writing in log upd_msg->frag_no= 0
[91m [1776449326.551585] Client: [0m---before writing in log upd_msg->reliable= 1
[91m [1776449326.551590] Client: [0m---before writing in log upd_msg->data.sensor_type= 2
[91m [1776449326.551594] Client: [0m---before writing in log upd_msg->data.sid= device_0
[91m [1776449326.551601] Client: [0m---after writing in log upd_msg->seq_no = 13
[91m [1776449326.551606] Client: [0m---after writing in log upd_msg->data.sensor_type = 2
[91m [1776449326.551611] Client: [0m---after writing in log upd_msg->reliable = 1
[91m [1776449327.7613] BSON Message: [0mInside sensor type parsing.
[91m [1776449327.7624] BSON Message: [0mInside sensor type parsing end.
[91m [1776449327.7628] BSON Message: [0mInside sid parsing
[91m [1776449327.7634] BSON Message: [0mInside temp1 parsing.
[91m [1776449327.7640] Client: [0m---before writing in log upd_msg->seq_no= 31
[91m [1776449327.7644] Client: [0m---before writing in log upd_msg->type= 4
[91m [1776449327.7647] Client: [0m---before writing in log upd_msg->frag_no= 0
[91m [1776449327.7650] Client: [0m---before writing in log upd_msg->reliable= 1
[91m [1776449327.7654] Client: [0m---before writing in log upd_msg->data.sensor_type= 1
[91m [1776449327.7658] Client: [0m---before writing in log upd_msg->data.sid= temp_1
[91m [1776449327.7663] Client: [0m---after writing in log upd_msg->seq_no = 31
[91m [1776449327.7667] Client: [0m---after writing in log upd_msg->data.sensor_type = 1
[91m [1776449327.7671] Client: [0m---after writing in log upd_msg->reliable = 1
[91m [1776449328.8734] BSON Message: [0mInside sensor type parsing.
[91m [1776449328.8750] BSON Message: [0mInside sensor type parsing end.
[91m [1776449328.8755] BSON Message: [0mInside sid parsing
[91m [1776449328.8760] BSON Message: [0mInside temp1 parsing.
[91m [1776449328.8767] Client: [0m---before writing in log upd_msg->seq_no= 32
[91m [1776449328.8771] Client: [0m---before writing in log upd_msg->type= 4
[91m [1776449328.8775] Client: [0m---before writing in log upd_msg->frag_no= 0
[91m [1776449328.8780] Client: [0m---before writing in log upd_msg->reliable= 1
[91m [1776449328.8784] Client: [0m---before writing in log upd_msg->data.sensor_type= 1
[91m [1776449328.8788] Client: [0m---before writing in log upd_msg->data.sid= temp_1
[91m [1776449328.8794] Client: [0m---after writing in log upd_msg->seq_no = 32
[91m [1776449328.8798] Client: [0m---after writing in log upd_msg->data.sensor_type = 1
[91m [1776449328.8802] Client: [0m---after writing in log upd_msg->reliable = 1
[91m [1776449328.390564] BSON Message: [0mInside sensor type parsing.
[91m [1776449328.390575] BSON Message: [0mInside sensor type parsing end.
[91m [1776449328.390581] BSON Message: [0mInside sid parsing
[91m [1776449328.390587] Client: [0m---before writing in log upd_msg->seq_no= 14
[91m [1776449328.390592] Client: [0m---before writing in log upd_msg->type= 4
[91m [1776449328.390597] Client: [0m---before writing in log upd_msg->frag_no= 0
[91m [1776449328.390606] Client: [0m---before writing in log upd_msg->reliable= 1
[91m [1776449328.390611] Client: [0m---before writing in log upd_msg->data.sensor_type= 2
[91m [1776449328.390616] Client: [0m---before writing in log upd_msg->data.sid= device_0
[91m [1776449328.390622] Client: [0m---after writing in log upd_msg->seq_no = 14
[91m [1776449328.390628] Client: [0m---after writing in log upd_msg->data.sensor_type = 2
[91m [1776449328.390634] Client: [0m---after writing in log upd_msg->reliable = 1
[91m [1776449329.8622] BSON Message: [0mInside sensor type parsing.
[91m [1776449329.8636] BSON Message: [0mInside sensor type parsing end.
[91m [1776449329.8643] BSON Message: [0mInside sid parsing
[91m [1776449329.8651] BSON Message: [0mInside temp1 parsing.
[91m [1776449329.8658] Client: [0m---before writing in log upd_msg->seq_no= 33
[91m [1776449329.8665] Client: [0m---before writing in log upd_msg->type= 4
[91m [1776449329.8672] Client: [0m---before writing in log upd_msg->frag_no= 0
[91m [1776449329.8678] Client: [0m---before writing in log upd_msg->reliable= 1
[91m [1776449329.8684] Client: [0m---before writing in log upd_msg->data.sensor_type= 1
[91m [1776449329.8690] Client: [0m---before writing in log upd_msg->data.sid= temp_1
[91m [1776449329.8698] Client: [0m---after writing in log upd_msg->seq_no = 33
[91m [1776449329.8705] Client: [0m---after writing in log upd_msg->data.sensor_type = 1
[91m [1776449329.8711] Client: [0m---after writing in log upd_msg->reliable = 1
[91m [1776449329.522954] BSON Message: [0mInside sensor type parsing.
[91m [1776449329.522966] BSON Message: [0mInside sensor type parsing end.
[91m [1776449329.522970] BSON Message: [0mInside sid parsing
[91m [1776449329.522976] Client: [0m---before writing in log upd_msg->seq_no= 15
[91m [1776449329.522980] Client: [0m---before writing in log upd_msg->type= 4
[91m [1776449329.522984] Client: [0m---before writing in log upd_msg->frag_no= 0
[91m [1776449329.522988] Client: [0m---before writing in log upd_msg->reliable= 1
[91m [1776449329.522992] Client: [0m---before writing in log upd_msg->data.sensor_type= 2
[91m [1776449329.522996] Client: [0m---before writing in log upd_msg->data.sid= device_0
[91m [1776449329.523001] Client: [0m---after writing in log upd_msg->seq_no = 15
[91m [1776449329.523006] Client: [0m---after writing in log upd_msg->data.sensor_type = 2
[91m [1776449329.523009] Client: [0m---after writing in log upd_msg->reliable = 1
[91m [1776449330.9045] BSON Message: [0mInside sensor type parsing.
[91m [1776449330.9059] BSON Message: [0mInside sensor type parsing end.
[91m [1776449330.9065] BSON Message: [0mInside sid parsing
[91m [1776449330.9070] BSON Message: [0mInside temp1 parsing.
[91m [1776449330.9077] Client: [0m---before writing in log upd_msg->seq_no= 34
[91m [1776449330.9082] Client: [0m---before writing in log upd_msg->type= 4
[91m [1776449330.9086] Client: [0m---before writing in log upd_msg->frag_no= 0
[91m [1776449330.9091] Client: [0m---before writing in log upd_msg->reliable= 0
[91m [1776449330.9096] Client: [0m---before writing in log upd_msg->data.sensor_type= 1
[91m [1776449330.9101] Client: [0m---before writing in log upd_msg->data.sid= temp_1
[91m [1776449330.9107] Client: [0m---after writing in log upd_msg->seq_no = 34
[91m [1776449330.9112] Client: [0m---after writing in log upd_msg->data.sensor_type = 1
[91m [1776449330.9116] Client: [0m---after writing in log upd_msg->reliable = 0
[91m [1776449330.938837] BSON Message: [0mInside sensor type parsing.
[91m [1776449330.938848] BSON Message: [0mInside sensor type parsing end.
[91m [1776449330.938853] BSON Message: [0mInside sid parsing
[91m [1776449330.938860] Client: [0m---before writing in log upd_msg->seq_no= 16
[91m [1776449330.938864] Client: [0m---before writing in log upd_msg->type= 4
[91m [1776449330.938869] Client: [0m---before writing in log upd_msg->frag_no= 0
[91m [1776449330.938873] Client: [0m---before writing in log upd_msg->reliable= 1
[91m [1776449330.938882] Client: [0m---before writing in log upd_msg->data.sensor_type= 2
[91m [1776449330.938888] Client: [0m---before writing in log upd_msg->data.sid= device_0
[91m [1776449330.938895] Client: [0m---after writing in log upd_msg->seq_no = 16
[91m [1776449330.938901] Client: [0m---after writing in log upd_msg->data.sensor_type = 2
[91m [1776449330.938907] Client: [0m---after writing in log upd_msg->reliable = 1
[91m [1776449331.9372] BSON Message: [0mInside sensor type parsing.
[91m [1776449331.9382] BSON Message: [0mInside sensor type parsing end.
[91m [1776449331.9387] BSON Message: [0mInside sid parsing
[91m [1776449331.9392] BSON Message: [0mInside temp1 parsing.
[91m [1776449331.9398] Client: [0m---before writing in log upd_msg->seq_no= 35
[91m [1776449331.9403] Client: [0m---before writing in log upd_msg->type= 4
[91m [1776449331.9407] Client: [0m---before writing in log upd_msg->frag_no= 0
[91m [1776449331.9415] Client: [0m---before writing in log upd_msg->reliable= 1
[91m [1776449331.9420] Client: [0m---before writing in log upd_msg->data.sensor_type= 1
[91m [1776449331.9424] Client: [0m---before writing in log upd_msg->data.sid= temp_1
[91m [1776449331.9430] Client: [0m---after writing in log upd_msg->seq_no = 35
[91m [1776449331.9436] Client: [0m---after writing in log upd_msg->data.sensor_type = 1
[91m [1776449331.9442] Client: [0m---after writing in log upd_msg->reliable = 1
[91m [1776449331.307566] BSON Message: [0mInside sensor type parsing.
[91m [1776449331.307575] BSON Message: [0mInside sensor type parsing end.
[91m [1776449331.307580] BSON Message: [0mInside sid parsing
[91m [1776449331.307585] BSON Message: [0mInside gps1 parsing.
[91m [1776449331.307591] Client: [0m---before writing in log upd_msg->seq_no= 5
[91m [1776449331.307595] Client: [0m---before writing in log upd_msg->type= 4
[91m [1776449331.307600] Client: [0m---before writing in log upd_msg->frag_no= 0
[91m [1776449331.307604] Client: [0m---before writing in log upd_msg->reliable= 1
[91m [1776449331.307609] Client: [0m---before writing in log upd_msg->data.sensor_type= 3
[91m [1776449331.307614] Client: [0m---before writing in log upd_msg->data.sid= gps_2
[91m [1776449331.307621] Client: [0m---after writing in log upd_msg->seq_no = 5
[91m [1776449331.307626] Client: [0m---after writing in log upd_msg->data.sensor_type = 3
[91m [1776449331.307632] Client: [0m---after writing in log upd_msg->reliable = 1
[91m [1776449331.388987] BSON Message: [0mInside sensor type parsing.
[91m [1776449331.388998] BSON Message: [0mInside sensor type parsing end.
[91m [1776449331.389004] BSON Message: [0mInside sid parsing
[91m [1776449331.389011] Client: [0m---before writing in log upd_msg->seq_no= 17
[91m [1776449331.389017] Client: [0m---before writing in log upd_msg->type= 4
[91m [1776449331.389023] Client: [0m---before writing in log upd_msg->frag_no= 0
[91m [1776449331.389027] Client: [0m---before writing in log upd_msg->reliable= 1
[91m [1776449331.389033] Client: [0m---before writing in log upd_msg->data.sensor_type= 2
[91m [1776449331.389038] Client: [0m---before writing in log upd_msg->data.sid= device_0
[91m [1776449331.389044] Client: [0m---after writing in log upd_msg->seq_no = 17
[91m [1776449331.389048] Client: [0m---after writing in log upd_msg->data.sensor_type = 2
[91m [1776449331.389053] Client: [0m---after writing in log upd_msg->reliable = 1
[91m [1776449331.903527] BSON Message: [0mInside sensor type parsing.
[91m [1776449331.903540] BSON Message: [0mInside sensor type parsing end.
[91m [1776449331.903545] BSON Message: [0mInside sid parsing
[91m [1776449331.903552] Client: [0m---before writing in log upd_msg->seq_no= 18
[91m [1776449331.903557] Client: [0m---before writing in log upd_msg->type= 4
[91m [1776449331.903562] Client: [0m---before writing in log upd_msg->frag_no= 0
[91m [1776449331.903566] Client: [0m---before writing in log upd_msg->reliable= 1
[91m [1776449331.903570] Client: [0m---before writing in log upd_msg->data.sensor_type= 2
[91m [1776449331.903579] Client: [0m---before writing in log upd_msg->data.sid= device_0
[91m [1776449331.903585] Client: [0m---after writing in log upd_msg->seq_no = 18
[91m [1776449331.903590] Client: [0m---after writing in log upd_msg->data.sensor_type = 2
[91m [1776449331.903594] Client: [0m---after writing in log upd_msg->reliable = 1
[91m [1776449332.9661] BSON Message: [0mInside sensor type parsing.
[91m [1776449332.9675] BSON Message: [0mInside sensor type parsing end.
[91m [1776449332.9681] BSON Message: [0mInside sid parsing
[91m [1776449332.9687] BSON Message: [0mInside temp1 parsing.
[91m [1776449332.9692] Client: [0m---before writing in log upd_msg->seq_no= 36
[91m [1776449332.9697] Client: [0m---before writing in log upd_msg->type= 4
[91m [1776449332.9702] Client: [0m---before writing in log upd_msg->frag_no= 0
[91m [1776449332.9706] Client: [0m---before writing in log upd_msg->reliable= 1
[91m [1776449332.9711] Client: [0m---before writing in log upd_msg->data.sensor_type= 1
[91m [1776449332.9715] Client: [0m---before writing in log upd_msg->data.sid= temp_1
[91m [1776449332.9721] Client: [0m---after writing in log upd_msg->seq_no = 36
[91m [1776449332.9725] Client: [0m---after writing in log upd_msg->data.sensor_type = 1
[91m [1776449332.9730] Client: [0m---after writing in log upd_msg->reliable = 1
[91m [1776449333.9701] BSON Message: [0mInside sensor type parsing.
[91m [1776449333.9711] BSON Message: [0mInside sensor type parsing end.
[91m [1776449333.9716] BSON Message: [0mInside sid parsing
[91m [1776449333.9721] BSON Message: [0mInside temp1 parsing.
[91m [1776449333.9724] Client: [0m---before writing in log upd_msg->seq_no= 37
[91m [1776449333.9728] Client: [0m---before writing in log upd_msg->type= 4
[91m [1776449333.9731] Client: [0m---before writing in log upd_msg->frag_no= 0
[91m [1776449333.9736] Client: [0m---before writing in log upd_msg->reliable= 0
[91m [1776449333.9740] Client: [0m---before writing in log upd_msg->data.sensor_type= 1
[91m [1776449333.9745] Client: [0m---before writing in log upd_msg->data.sid= temp_1
[91m [1776449333.9750] Client: [0m---after writing in log upd_msg->seq_no = 37
[91m [1776449333.9754] Client: [0m---after writing in log upd_msg->data.sensor_type = 1
[91m [1776449333.9757] Client: [0m---after writing in log upd_msg->reliable = 0
[91m [1776449334.10482] BSON Message: [0mInside sensor type parsing.
[91m [1776449334.10496] BSON Message: [0mInside sensor type parsing end.
[91m [1776449334.10502] BSON Message: [0mInside sid parsing
[91m [1776449334.10509] BSON Message: [0mInside temp1 parsing.
[91m [1776449334.10516] Client: [0m---before writing in log upd_msg->seq_no= 38
[91m [1776449334.10521] Client: [0m---before writing in log upd_msg->type= 4
[91m [1776449334.10527] Client: [0m---before writing in log upd_msg->frag_no= 0
[91m [1776449334.10532] Client: [0m---before writing in log upd_msg->reliable= 1
[91m [1776449334.10538] Client: [0m---before writing in log upd_msg->data.sensor_type= 1
[91m [1776449334.10543] Client: [0m---before writing in log upd_msg->data.sid= temp_1
[91m [1776449334.10549] Client: [0m---after writing in log upd_msg->seq_no = 38
[91m [1776449334.10555] Client: [0m---after writing in log upd_msg->data.sensor_type = 1
[91m [1776449334.10560] Client: [0m---after writing in log upd_msg->reliable = 1
[91m [1776449335.10612] BSON Message: [0mInside sensor type parsing.
[91m [1776449335.10624] BSON Message: [0mInside sensor type parsing end.
[91m [1776449335.10630] BSON Message: [0mInside sid parsing
[91m [1776449335.10636] BSON Message: [0mInside temp1 parsing.
[91m [1776449335.10643] Client: [0m---before writing in log upd_msg->seq_no= 39
[91m [1776449335.10649] Client: [0m---before writing in log upd_msg->type= 4
[91m [1776449335.10654] Client: [0m---before writing in log upd_msg->frag_no= 0
[91m [1776449335.10659] Client: [0m---before writing in log upd_msg->reliable= 1
[91m [1776449335.10664] Client: [0m---before writing in log upd_msg->data.sensor_type= 1
[91m [1776449335.10675] Client: [0m---before writing in log upd_msg->data.sid= temp_1
[91m [1776449335.10681] Client: [0m---after writing in log upd_msg->seq_no = 39
[91m [1776449335.10687] Client: [0m---after writing in log upd_msg->data.sensor_type = 1
[91m [1776449335.10692] Client: [0m---after writing in log upd_msg->reliable = 1
[91m [1776449336.11172] BSON Message: [0mInside sensor type parsing.
[91m [1776449336.11185] BSON Message: [0mInside sensor type parsing end.
[91m [1776449336.11191] BSON Message: [0mInside sid parsing
[91m [1776449336.11197] BSON Message: [0mInside temp1 parsing.
[91m [1776449336.11202] Client: [0m---before writing in log upd_msg->seq_no= 40
[91m [1776449336.11207] Client: [0m---before writing in log upd_msg->type= 4
[91m [1776449336.11211] Client: [0m---before writing in log upd_msg->frag_no= 0
[91m [1776449336.11216] Client: [0m---before writing in log upd_msg->reliable= 1
[91m [1776449336.11220] Client: [0m---before writing in log upd_msg->data.sensor_type= 1
[91m [1776449336.11224] Client: [0m---before writing in log upd_msg->data.sid= temp_1
[91m [1776449336.11229] Client: [0m---after writing in log upd_msg->seq_no = 40
[91m [1776449336.11233] Client: [0m---after writing in log upd_msg->data.sensor_type = 1
[91m [1776449336.11237] Client: [0m---after writing in log upd_msg->reliable = 1
[91m [1776449336.801755] BSON Message: [0mInside sensor type parsing.
[91m [1776449336.801766] BSON Message: [0mInside sensor type parsing end.
[91m [1776449336.801771] BSON Message: [0mInside sid parsing
[91m [1776449336.801778] Client: [0m---before writing in log upd_msg->seq_no= 19
[91m [1776449336.801783] Client: [0m---before writing in log upd_msg->type= 4
[91m [1776449336.801787] Client: [0m---before writing in log upd_msg->frag_no= 0
[91m [1776449336.801792] Client: [0m---before writing in log upd_msg->reliable= 1
[91m [1776449336.801797] Client: [0m---before writing in log upd_msg->data.sensor_type= 2
[91m [1776449336.801802] Client: [0m---before writing in log upd_msg->data.sid= device_0
[91m [1776449336.801808] Client: [0m---after writing in log upd_msg->seq_no = 19
[91m [1776449336.801812] Client: [0m---after writing in log upd_msg->data.sensor_type = 2
[91m [1776449336.801816] Client: [0m---after writing in log upd_msg->reliable = 1
[91m [1776449337.11287] BSON Message: [0mInside sensor type parsing.
[91m [1776449337.11302] BSON Message: [0mInside sensor type parsing end.
[91m [1776449337.11308] BSON Message: [0mInside sid parsing
[91m [1776449337.11314] BSON Message: [0mInside temp1 parsing.
[91m [1776449337.11321] Client: [0m---before writing in log upd_msg->seq_no= 41
[91m [1776449337.11332] Client: [0m---before writing in log upd_msg->type= 4
[91m [1776449337.11337] Client: [0m---before writing in log upd_msg->frag_no= 0
[91m [1776449337.11341] Client: [0m---before writing in log upd_msg->reliable= 1
[91m [1776449337.11346] Client: [0m---before writing in log upd_msg->data.sensor_type= 1
[91m [1776449337.11350] Client: [0m---before writing in log upd_msg->data.sid= temp_1
[91m [1776449337.11355] Client: [0m---after writing in log upd_msg->seq_no = 41
[91m [1776449337.11360] Client: [0m---after writing in log upd_msg->data.sensor_type = 1
[91m [1776449337.11365] Client: [0m---after writing in log upd_msg->reliable = 1
[91m [1776449337.757048] BSON Message: [0mInside sensor type parsing.
[91m [1776449337.757062] BSON Message: [0mInside sensor type parsing end.
[91m [1776449337.757069] BSON Message: [0mInside sid parsing
[91m [1776449337.757077] Client: [0m---before writing in log upd_msg->seq_no= 20
[91m [1776449337.757084] Client: [0m---before writing in log upd_msg->type= 4
[91m [1776449337.757090] Client: [0m---before writing in log upd_msg->frag_no= 0
[91m [1776449337.757096] Client: [0m---before writing in log upd_msg->reliable= 0
[91m [1776449337.757099] Client: [0m---before writing in log upd_msg->data.sensor_type= 2
[91m [1776449337.757103] Client: [0m---before writing in log upd_msg->data.sid= device_0
[91m [1776449337.757112] Client: [0m---after writing in log upd_msg->seq_no = 20
[91m [1776449337.757116] Client: [0m---after writing in log upd_msg->data.sensor_type = 2
[91m [1776449337.757120] Client: [0m---after writing in log upd_msg->reliable = 0
[91m [1776449338.11415] BSON Message: [0mInside sensor type parsing.
[91m [1776449338.11423] BSON Message: [0mInside sensor type parsing end.
[91m [1776449338.11428] BSON Message: [0mInside sid parsing
[91m [1776449338.11431] BSON Message: [0mInside temp1 parsing.
[91m [1776449338.11437] Client: [0m---before writing in log upd_msg->seq_no= 42
[91m [1776449338.11443] Client: [0m---before writing in log upd_msg->type= 4
[91m [1776449338.11449] Client: [0m---before writing in log upd_msg->frag_no= 0
[91m [1776449338.11454] Client: [0m---before writing in log upd_msg->reliable= 1
[91m [1776449338.11460] Client: [0m---before writing in log upd_msg->data.sensor_type= 1
[91m [1776449338.11466] Client: [0m---before writing in log upd_msg->data.sid= temp_1
[91m [1776449338.11472] Client: [0m---after writing in log upd_msg->seq_no = 42
[91m [1776449338.11478] Client: [0m---after writing in log upd_msg->data.sensor_type = 1
[91m [1776449338.11483] Client: [0m---after writing in log upd_msg->reliable = 1
[91m [1776449339.11632] BSON Message: [0mInside sensor type parsing.
[91m [1776449339.11643] BSON Message: [0mInside sensor type parsing end.
[91m [1776449339.11648] BSON Message: [0mInside sid parsing
[91m [1776449339.11653] BSON Message: [0mInside temp1 parsing.
[91m [1776449339.11658] Client: [0m---before writing in log upd_msg->seq_no= 43
[91m [1776449339.11663] Client: [0m---before writing in log upd_msg->type= 4
[91m [1776449339.11669] Client: [0m---before writing in log upd_msg->frag_no= 0
[91m [1776449339.11674] Client: [0m---before writing in log upd_msg->reliable= 1
[91m [1776449339.11679] Client: [0m---before writing in log upd_msg->data.sensor_type= 1
[91m [1776449339.11684] Client: [0m---before writing in log upd_msg->data.sid= temp_1
[91m [1776449339.11689] Client: [0m---after writing in log upd_msg->seq_no = 43
[91m [1776449339.11693] Client: [0m---after writing in log upd_msg->data.sensor_type = 1
[91m [1776449339.11698] Client: [0m---after writing in log upd_msg->reliable = 1
[91m [1776449339.742458] BSON Message: [0mInside sensor type parsing.
[91m [1776449339.742472] BSON Message: [0mInside sensor type parsing end.
[91m [1776449339.742480] BSON Message: [0mInside sid parsing
[91m [1776449339.742486] BSON Message: [0mInside gps1 parsing.
[91m [1776449339.742492] Client: [0m---before writing in log upd_msg->seq_no= 6
[91m [1776449339.742497] Client: [0m---before writing in log upd_msg->type= 4
[91m [1776449339.742503] Client: [0m---before writing in log upd_msg->frag_no= 0
[91m [1776449339.742508] Client: [0m---before writing in log upd_msg->reliable= 1
[91m [1776449339.742513] Client: [0m---before writing in log upd_msg->data.sensor_type= 3
[91m [1776449339.742519] Client: [0m---before writing in log upd_msg->data.sid= gps_2
[91m [1776449339.742526] Client: [0m---after writing in log upd_msg->seq_no = 6
[91m [1776449339.742532] Client: [0m---after writing in log upd_msg->data.sensor_type = 3
[91m [1776449339.742537] Client: [0m---after writing in log upd_msg->reliable = 1
[91m [1776449340.12080] BSON Message: [0mInside sensor type parsing.
[91m [1776449340.12089] BSON Message: [0mInside sensor type parsing end.
[91m [1776449340.12094] BSON Message: [0mInside sid parsing
[91m [1776449340.12099] BSON Message: [0mInside temp1 parsing.
[91m [1776449340.12105] Client: [0m---before writing in log upd_msg->seq_no= 44
[91m [1776449340.12109] Client: [0m---before writing in log upd_msg->type= 4
[91m [1776449340.12114] Client: [0m---before writing in log upd_msg->frag_no= 0
[91m [1776449340.12118] Client: [0m---before writing in log upd_msg->reliable= 1
[91m [1776449340.12123] Client: [0m---before writing in log upd_msg->data.sensor_type= 1
[91m [1776449340.12132] Client: [0m---before writing in log upd_msg->data.sid= temp_1
[91m [1776449340.12138] Client: [0m---after writing in log upd_msg->seq_no = 44
[91m [1776449340.12142] Client: [0m---after writing in log upd_msg->data.sensor_type = 1
[91m [1776449340.12147] Client: [0m---after writing in log upd_msg->reliable = 1
[91m [1776449340.647601] BSON Message: [0mInside sensor type parsing.
[91m [1776449340.647612] BSON Message: [0mInside sensor type parsing end.
[91m [1776449340.647618] BSON Message: [0mInside sid parsing
[91m [1776449340.647625] Client: [0m---before writing in log upd_msg->seq_no= 21
[91m [1776449340.647630] Client: [0m---before writing in log upd_msg->type= 4
[91m [1776449340.647635] Client: [0m---before writing in log upd_msg->frag_no= 0
[91m [1776449340.647640] Client: [0m---before writing in log upd_msg->reliable= 1
[91m [1776449340.647645] Client: [0m---before writing in log upd_msg->data.sensor_type= 2
[91m [1776449340.647650] Client: [0m---before writing in log upd_msg->data.sid= device_0
[91m [1776449340.647656] Client: [0m---after writing in log upd_msg->seq_no = 21
[91m [1776449340.647661] Client: [0m---after writing in log upd_msg->data.sensor_type = 2
[91m [1776449340.647667] Client: [0m---after writing in log upd_msg->reliable = 1
[91m [1776449341.12166] BSON Message: [0mInside sensor type parsing.
[91m [1776449341.12180] BSON Message: [0mInside sensor type parsing end.
[91m [1776449341.12186] BSON Message: [0mInside sid parsing
[91m [1776449341.12191] BSON Message: [0mInside temp1 parsing.
[91m [1776449341.12196] Client: [0m---before writing in log upd_msg->seq_no= 45
[91m [1776449341.12201] Client: [0m---before writing in log upd_msg->type= 4
[91m [1776449341.12206] Client: [0m---before writing in log upd_msg->frag_no= 0
[91m [1776449341.12211] Client: [0m---before writing in log upd_msg->reliable= 1
[91m [1776449341.12215] Client: [0m---before writing in log upd_msg->data.sensor_type= 1
[91m [1776449341.12220] Client: [0m---before writing in log upd_msg->data.sid= temp_1
[91m [1776449341.12225] Client: [0m---after writing in log upd_msg->seq_no = 45
[91m [1776449341.12230] Client: [0m---after writing in log upd_msg->data.sensor_type = 1
[91m [1776449341.12235] Client: [0m---after writing in log upd_msg->reliable = 1
[91m [1776449342.12314] BSON Message: [0mInside sensor type parsing.
[91m [1776449342.12326] BSON Message: [0mInside sensor type parsing end.
[91m [1776449342.12331] BSON Message: [0mInside sid parsing
[91m [1776449342.12336] BSON Message: [0mInside temp1 parsing.
[91m [1776449342.12342] Client: [0m---before writing in log upd_msg->seq_no= 46
[91m [1776449342.12346] Client: [0m---before writing in log upd_msg->type= 4
[91m [1776449342.12351] Client: [0m---before writing in log upd_msg->frag_no= 0
[91m [1776449342.12356] Client: [0m---before writing in log upd_msg->reliable= 1
[91m [1776449342.12360] Client: [0m---before writing in log upd_msg->data.sensor_type= 1
[91m [1776449342.12365] Client: [0m---before writing in log upd_msg->data.sid= temp_1
[91m [1776449342.12371] Client: [0m---after writing in log upd_msg->seq_no = 46
[91m [1776449342.12375] Client: [0m---after writing in log upd_msg->data.sensor_type = 1
[91m [1776449342.12383] Client: [0m---after writing in log upd_msg->reliable = 1
[91m [1776449343.12895] BSON Message: [0mInside sensor type parsing.
[91m [1776449343.12906] BSON Message: [0mInside sensor type parsing end.
[91m [1776449343.12912] BSON Message: [0mInside sid parsing
[91m [1776449343.12927] BSON Message: [0mInside temp1 parsing.
[91m [1776449343.12933] Client: [0m---before writing in log upd_msg->seq_no= 47
[91m [1776449343.12938] Client: [0m---before writing in log upd_msg->type= 4
[91m [1776449343.12943] Client: [0m---before writing in log upd_msg->frag_no= 0
[91m [1776449343.12948] Client: [0m---before writing in log upd_msg->reliable= 1
[91m [1776449343.12952] Client: [0m---before writing in log upd_msg->data.sensor_type= 1
[91m [1776449343.12962] Client: [0m---before writing in log upd_msg->data.sid= temp_1
[91m [1776449343.12969] Client: [0m---after writing in log upd_msg->seq_no = 47
[91m [1776449343.12975] Client: [0m---after writing in log upd_msg->data.sensor_type = 1
[91m [1776449343.12981] Client: [0m---after writing in log upd_msg->reliable = 1
[91m [1776449343.145310] BSON Message: [0mInside sensor type parsing.
[91m [1776449343.145320] BSON Message: [0mInside sensor type parsing end.
[91m [1776449343.145325] BSON Message: [0mInside sid parsing
[91m [1776449343.145331] Client: [0m---before writing in log upd_msg->seq_no= 22
[91m [1776449343.145336] Client: [0m---before writing in log upd_msg->type= 4
[91m [1776449343.145340] Client: [0m---before writing in log upd_msg->frag_no= 0
[91m [1776449343.145345] Client: [0m---before writing in log upd_msg->reliable= 1
[91m [1776449343.145349] Client: [0m---before writing in log upd_msg->data.sensor_type= 2
[91m [1776449343.145354] Client: [0m---before writing in log upd_msg->data.sid= device_0
[91m [1776449343.145359] Client: [0m---after writing in log upd_msg->seq_no = 22
[91m [1776449343.145363] Client: [0m---after writing in log upd_msg->data.sensor_type = 2
[91m [1776449343.145368] Client: [0m---after writing in log upd_msg->reliable = 1
[91m [1776449344.14428] BSON Message: [0mInside sensor type parsing.
[91m [1776449344.14441] BSON Message: [0mInside sensor type parsing end.
[91m [1776449344.14446] BSON Message: [0mInside sid parsing
[91m [1776449344.14451] BSON Message: [0mInside temp1 parsing.
[91m [1776449344.14457] Client: [0m---before writing in log upd_msg->seq_no= 48
[91m [1776449344.14461] Client: [0m---before writing in log upd_msg->type= 4
[91m [1776449344.14465] Client: [0m---before writing in log upd_msg->frag_no= 0
[91m [1776449344.14469] Client: [0m---before writing in log upd_msg->reliable= 1
[91m [1776449344.14473] Client: [0m---before writing in log upd_msg->data.sensor_type= 1
[91m [1776449344.14477] Client: [0m---before writing in log upd_msg->data.sid= temp_1
[91m [1776449344.14482] Client: [0m---after writing in log upd_msg->seq_no = 48
[91m [1776449344.14486] Client: [0m---after writing in log upd_msg->data.sensor_type = 1
[91m [1776449344.14490] Client: [0m---after writing in log upd_msg->reliable = 1
[91m [1776449345.14043] BSON Message: [0mInside sensor type parsing.
[91m [1776449345.14052] BSON Message: [0mInside sensor type parsing end.
[91m [1776449345.14056] BSON Message: [0mInside sid parsing
[91m [1776449345.14060] BSON Message: [0mInside temp1 parsing.
[91m [1776449345.14065] Client: [0m---before writing in log upd_msg->seq_no= 49
[91m [1776449345.14069] Client: [0m---before writing in log upd_msg->type= 4
[91m [1776449345.14073] Client: [0m---before writing in log upd_msg->frag_no= 0
[91m [1776449345.14076] Client: [0m---before writing in log upd_msg->reliable= 1
[91m [1776449345.14080] Client: [0m---before writing in log upd_msg->data.sensor_type= 1
[91m [1776449345.14084] Client: [0m---before writing in log upd_msg->data.sid= temp_1
[91m [1776449345.14090] Client: [0m---after writing in log upd_msg->seq_no = 49
[91m [1776449345.14094] Client: [0m---after writing in log upd_msg->data.sensor_type = 1
[91m [1776449345.14098] Client: [0m---after writing in log upd_msg->reliable = 1
[91m [1776449345.430340] BSON Message: [0mInside sensor type parsing.
[91m [1776449345.430351] BSON Message: [0mInside sensor type parsing end.
[91m [1776449345.430357] BSON Message: [0mInside sid parsing
te message arrived------------ 1
Got a message from the server.
Message type is 4
---------Update message arrived------------ 1
Got a message from the server.
Message type is 4
---------Update message arrived------------ 1
Got a message from the server.
Message type is 4
---------Update message arrived------------ 1
Got a message from the server.
Message type is 4
---------Update message arrived------------ 1
Got a message from the server.
Message type is 4
---------Update message arrived------------ 1
Got a message from the server.
Message type is 4
---------Update message arrived------------ 1
Got a message from the server.
Message type is 4
---------Update message arrived------------ 1
Got a message from the server.
Message type is 4
---------Update message arrived------------ 1
Got a message from the server.
Message type is 4
---------Update message arrived------------ 1
Got a message from the server.
Message type is 4
---------Update message arrived------------ 1
Got a message from the server.
Message type is 4
---------Update message arrived------------ 1
Got a message from the server.
Message type is 4
---------Update message arrived------------ 1
Got a message from the server.
Message type is 4
---------Update message arrived------------ 1
Got a message from the server.
Message type is 4
---------Update message arrived------------ 1
Got a message from the server.
Message type is 4
---------Update message arrived------------ 1
Got a message from the server.
Message type is 4
---------Update message arrived------------ 1
Got a message from the server.
Message type is 4
---------Update message arrived------------ 1
Got a message from the server.
Message type is 4
---------Update message arrived------------ 1
Got a message from the server.
Message type is 4
---------Update message arrived------------ 1
Got a message from the server.
Message type is 4
---------Update message arrived------------ 1
Got a message from the server.
Message type is 4
---------Update message arrived------------ 1
Got a message from the server.
Message type is 4
---------Update message arrived------------ 1
Got a message from the server.
Message type is 4
---------Update message arrived------------ 1
Got a message from the server.
Message type is 4
---------Update message arrived------------ 1
Got a message from the server.
Message type is 4
---------Update message arrived------------ 1
Got a message from the server.
Message type is 4
---------Update message arrived------------ 1
Got a message from the server.
Message type is 4
---------Update message arrived------------ 1
Got a message from the server.
Message type is 4
---------Update message arrived------------ 1
Got a message from the server.
Message type is 4
---------Update message arrived------------ 1
Got a message from the server.
Message type is 4
---------Update message arrived------------ 1
Got a message from the server.
Message type is 4
---------Update message arrived------------ 1
Got a message from the server.
Message type is 4
---------Update message arrived------------ 1
Got a message from the server.
Message type is 4
---------Update message arrived------------ 1
Got a message from the server.
Message type is 4
---------Update message arrived------------ 1
Got a message from the server.
Message type is 4
---------Update message arrived------------ 1
Got a message from the server.
Message type is 4
---------Update message arrived------------ 1
Got a message from the server.
Message type is 4
---------Update message arrived------------ 1
Got a message from the server.
Message type is 4
---------Update message arrived------------ 1
Got a message from the server.
Message type is 4
---------Update message arrived------------ 1
Got a message from the server.
Message type is 4
---------Update message arrived------------ 1
Got a message from the server.
Message type is 4
---------Update message arrived------------ 1
Got a message from the server.
Message type is 4
---------Update message arrived------------ 1
Got a message from the server.
Message type is 4
---------Update message [91m [1776449345.430372] Client: [0m---before writing in log upd_msg->seq_no= 23
[91m [1776449345.430377] Client: [0m---before writing in log upd_msg->type= 4
[91m [1776449345.430382] Client: [0m---before writing in log upd_msg->frag_no= 0
[91m [1776449345.430387] Client: [0m---before writing in log upd_msg->reliable= 1
[91m [1776449345.430392] Client: [0m---before writing in log upd_msg->data.sensor_type= 2
[91m [1776449345.430397] Client: [0m---before writing in log upd_msg->data.sid= device_0
[91m [1776449345.430408] Client: [0m---after writing in log upd_msg->seq_no = 23
[91m [1776449345.430413] Client: [0m---after writing in log upd_msg->data.sensor_type = 2
[91m [1776449345.430419] Client: [0m---after writing in log upd_msg->reliable = 1
[91m [1776449346.13784] BSON Message: [0mInside sensor type parsing.
[91m [1776449346.13796] BSON Message: [0mInside sensor type parsing end.
[91m [1776449346.13802] BSON Message: [0mInside sid parsing
[91m [1776449346.13807] BSON Message: [0mInside temp1 parsing.
[91m [1776449346.13813] Client: [0m---before writing in log upd_msg->seq_no= 50
[91m [1776449346.13818] Client: [0m---before writing in log upd_msg->type= 4
[91m [1776449346.13822] Client: [0m---before writing in log upd_msg->frag_no= 0
[91m [1776449346.13827] Client: [0m---before writing in log upd_msg->reliable= 1
[91m [1776449346.13832] Client: [0m---before writing in log upd_msg->data.sensor_type= 1
[91m [1776449346.13837] Client: [0m---before writing in log upd_msg->data.sid= temp_1
[91m [1776449346.13842] Client: [0m---after writing in log upd_msg->seq_no = 50
[91m [1776449346.13846] Client: [0m---after writing in log upd_msg->data.sensor_type = 1
[91m [1776449346.13851] Client: [0m---after writing in log upd_msg->reliable = 1
[91m [1776449347.14717] BSON Message: [0mInside sensor type parsing.
[91m [1776449347.14733] BSON Message: [0mInside sensor type parsing end.
[91m [1776449347.14737] BSON Message: [0mInside sid parsing
[91m [1776449347.14742] BSON Message: [0mInside temp1 parsing.
[91m [1776449347.14747] Client: [0m---before writing in log upd_msg->seq_no= 51
[91m [1776449347.14751] Client: [0m---before writing in log upd_msg->type= 4
[91m [1776449347.14755] Client: [0m---before writing in log upd_msg->frag_no= 0
[91m [1776449347.14760] Client: [0m---before writing in log upd_msg->reliable= 1
[91m [1776449347.14764] Client: [0m---before writing in log upd_msg->data.sensor_type= 1
[91m [1776449347.14767] Client: [0m---before writing in log upd_msg->data.sid= temp_1
[91m [1776449347.14773] Client: [0m---after writing in log upd_msg->seq_no = 51
[91m [1776449347.14777] Client: [0m---after writing in log upd_msg->data.sensor_type = 1
[91m [1776449347.14781] Client: [0m---after writing in log upd_msg->reliable = 1
[91m [1776449347.72619] BSON Message: [0mInside sensor type parsing.
[91m [1776449347.72628] BSON Message: [0mInside sensor type parsing end.
[91m [1776449347.72632] BSON Message: [0mInside sid parsing
[91m [1776449347.72637] Client: [0m---before writing in log upd_msg->seq_no= 24
[91m [1776449347.72641] Client: [0m---before writing in log upd_msg->type= 4
[91m [1776449347.72645] Client: [0m---before writing in log upd_msg->frag_no= 0
[91m [1776449347.72650] Client: [0m---before writing in log upd_msg->reliable= 1
[91m [1776449347.72655] Client: [0m---before writing in log upd_msg->data.sensor_type= 2
[91m [1776449347.72660] Client: [0m---before writing in log upd_msg->data.sid= device_0
[91m [1776449347.72666] Client: [0m---after writing in log upd_msg->seq_no = 24
[91m [1776449347.72669] Client: [0m---after writing in log upd_msg->data.sensor_type = 2
[91m [1776449347.72673] Client: [0m---after writing in log upd_msg->reliable = 1
[91m [1776449348.14613] BSON Message: [0mInside sensor type parsing.
[91m [1776449348.14622] BSON Message: [0mInside sensor type parsing end.
[91m [1776449348.14625] BSON Message: [0mInside sid parsing
[91m [1776449348.14630] BSON Message: [0mInside temp1 parsing.
[91m [1776449348.14635] Client: [0m---before writing in log upd_msg->seq_no= 52
[91m [1776449348.14639] Client: [0m---before writing in log upd_msg->type= 4
[91m [1776449348.14643] Client: [0m---before writing in log upd_msg->frag_no= 0
[91m [1776449348.14647] Client: [0m---before writing in log upd_msg->reliable= 1
[91m [1776449348.14651] Client: [0m---before writing in log upd_msg->data.sensor_type= 1
[91m [1776449348.14655] Client: [0m---before writing in log upd_msg->data.sid= temp_1
[91m [1776449348.14664] Client: [0m---after writing in log upd_msg->seq_no = 52
[91m [1776449348.14668] Client: [0m---after writing in log upd_msg->data.sensor_type = 1
[91m [1776449348.14672] Client: [0m---after writing in log upd_msg->reliable = 1
[91m [1776449348.811958] BSON Message: [0mInside sensor type parsing.
[91m [1776449348.811971] BSON Message: [0mInside sensor type parsing end.
[91m [1776449348.811979] BSON Message: [0mInside sid parsing
[91m [1776449348.811987] Client: [0m---before writing in log upd_msg->seq_no= 25
[91m [1776449348.811993] Client: [0m---before writing in log upd_msg->type= 4
[91m [1776449348.812000] Client: [0m---before writing in log upd_msg->frag_no= 0
[91m [1776449348.812006] Client: [0m---before writing in log upd_msg->reliable= 1
[91m [1776449348.812011] Client: [0m---before writing in log upd_msg->data.sensor_type= 2
[91m [1776449348.812017] Client: [0m---before writing in log upd_msg->data.sid= device_0
[91m [1776449348.812024] Client: [0m---after writing in log upd_msg->seq_no = 25
[91m [1776449348.812029] Client: [0m---after writing in log upd_msg->data.sensor_type = 2
[91m [1776449348.812035] Client: [0m---after writing in log upd_msg->reliable = 1
[91m [1776449349.14926] BSON Message: [0mInside sensor type parsing.
[91m [1776449349.14944] BSON Message: [0mInside sensor type parsing end.
[91m [1776449349.14950] BSON Message: [0mInside sid parsing
[91m [1776449349.14956] BSON Message: [0mInside temp1 parsing.
[91m [1776449349.14964] Client: [0m---before writing in log upd_msg->seq_no= 53
[91m [1776449349.14969] Client: [0m---before writing in log upd_msg->type= 4
[91m [1776449349.14975] Client: [0m---before writing in log upd_msg->frag_no= 0
[91m [1776449349.14979] Client: [0m---before writing in log upd_msg->reliable= 1
[91m [1776449349.14983] Client: [0m---before writing in log upd_msg->data.sensor_type= 1
[91m [1776449349.14988] Client: [0m---before writing in log upd_msg->data.sid= temp_1
[91m [1776449349.14994] Client: [0m---after writing in log upd_msg->seq_no = 53
[91m [1776449349.14999] Client: [0m---after writing in log upd_msg->data.sensor_type = 1
[91m [1776449349.15004] Client: [0m---after writing in log upd_msg->reliable = 1
[91m [1776449350.15181] BSON Message: [0mInside sensor type parsing.
[91m [1776449350.15194] BSON Message: [0mInside sensor type parsing end.
[91m [1776449350.15202] BSON Message: [0mInside sid parsing
[91m [1776449350.15212] BSON Message: [0mInside temp1 parsing.
[91m [1776449350.15222] Client: [0m---before writing in log upd_msg->seq_no= 54
[91m [1776449350.15231] Client: [0m---before writing in log upd_msg->type= 4
[91m [1776449350.15239] Client: [0m---before writing in log upd_msg->frag_no= 0
[91m [1776449350.15247] Client: [0m---before writing in log upd_msg->reliable= 1
[91m [1776449350.15255] Client: [0m---before writing in log upd_msg->data.sensor_type= 1
[91m [1776449350.15277] Client: [0m---before writing in log upd_msg->data.sid= temp_1
[91m [1776449350.15286] Client: [0m---after writing in log upd_msg->seq_no = 54
[91m [1776449350.15294] Client: [0m---after writing in log upd_msg->data.sensor_type = 1
[91m [1776449350.15304] Client: [0m---after writing in log upd_msg->reliable = 1
[91m [1776449351.15783] BSON Message: [0mInside sensor type parsing.
[91m [1776449351.15795] BSON Message: [0mInside sensor type parsing end.
[91m [1776449351.15801] BSON Message: [0mInside sid parsing
[91m [1776449351.15807] BSON Message: [0mInside temp1 parsing.
[91m [1776449351.15814] Client: [0m---before writing in log upd_msg->seq_no= 55
[91m [1776449351.15821] Client: [0m---before writing in log upd_msg->type= 4
[91m [1776449351.15827] Client: [0m---before writing in log upd_msg->frag_no= 0
[91m [1776449351.15833] Client: [0m---before writing in log upd_msg->reliable= 1
[91m [1776449351.15840] Client: [0m---before writing in log upd_msg->data.sensor_type= 1
[91m [1776449351.15847] Client: [0m---before writing in log upd_msg->data.sid= temp_1
[91m [1776449351.15860] Client: [0m---after writing in log upd_msg->seq_no = 55
[91m [1776449351.15864] Client: [0m---after writing in log upd_msg->data.sensor_type = 1
[91m [1776449351.15867] Client: [0m---after writing in log upd_msg->reliable = 1
[91m [1776449351.185731] BSON Message: [0mInside sensor type parsing.
[91m [1776449351.185743] BSON Message: [0mInside sensor type parsing end.
[91m [1776449351.185749] BSON Message: [0mInside sid parsing
[91m [1776449351.185756] Client: [0m---before writing in log upd_msg->seq_no= 26
[91m [1776449351.185760] Client: [0m---before writing in log upd_msg->type= 4
[91m [1776449351.185764] Client: [0m---before writing in log upd_msg->frag_no= 0
[91m [1776449351.185768] Client: [0m---before writing in log upd_msg->reliable= 1
[91m [1776449351.185772] Client: [0m---before writing in log upd_msg->data.sensor_type= 2
[91m [1776449351.185775] Client: [0m---before writing in log upd_msg->data.sid= device_0
[91m [1776449351.185780] Client: [0m---after writing in log upd_msg->seq_no = 26
[91m [1776449351.185784] Client: [0m---after writing in log upd_msg->data.sensor_type = 2
[91m [1776449351.185787] Client: [0m---after writing in log upd_msg->reliable = 1
[91m [1776449352.15617] BSON Message: [0mInside sensor type parsing.
[91m [1776449352.15627] BSON Message: [0mInside sensor type parsing end.
[91m [1776449352.15633] BSON Message: [0mInside sid parsing
[91m [1776449352.15639] BSON Message: [0mInside temp1 parsing.
[91m [1776449352.15645] Client: [0m---before writing in log upd_msg->seq_no= 56
[91m [1776449352.15649] Client: [0m---before writing in log upd_msg->type= 4
[91m [1776449352.15652] Client: [0m---before writing in log upd_msg->frag_no= 0
[91m [1776449352.15656] Client: [0m---before writing in log upd_msg->reliable= 1
[91m [1776449352.15660] Client: [0m---before writing in log upd_msg->data.sensor_type= 1
[91m [1776449352.15664] Client: [0m---before writing in log upd_msg->data.sid= temp_1
[91m [1776449352.15668] Client: [0m---after writing in log upd_msg->seq_no = 56
[91m [1776449352.15672] Client: [0m---after writing in log upd_msg->data.sensor_type = 1
[91m [1776449352.15675] Client: [0m---after writing in log upd_msg->reliable = 1
[91m [1776449353.15870] BSON Message: [0mInside sensor type parsing.
[91m [1776449353.15880] BSON Message: [0mInside sensor type parsing end.
[91m [1776449353.15886] BSON Message: [0mInside sid parsing
[91m [1776449353.15891] BSON Message: [0mInside temp1 parsing.
[91m [1776449353.15897] Client: [0m---before writing in log upd_msg->seq_no= 57
[91m [1776449353.15902] Client: [0m---before writing in log upd_msg->type= 4
[91m [1776449353.15907] Client: [0m---before writing in log upd_msg->frag_no= 0
[91m [1776449353.15912] Client: [0m---before writing in log upd_msg->reliable= 1
[91m [1776449353.15933] Client: [0m---before writing in log upd_msg->data.sensor_type= 1
[91m [1776449353.15939] Client: [0m---before writing in log upd_msg->data.sid= temp_1
[91m [1776449353.15945] Client: [0m---after writing in log upd_msg->seq_no = 57
[91m [1776449353.15950] Client: [0m---after writing in log upd_msg->data.sensor_type = 1
[91m [1776449353.15955] Client: [0m---after writing in log upd_msg->reliable = 1
[91m [1776449353.177834] BSON Message: [0mInside sensor type parsing.
[91m [1776449353.177846] BSON Message: [0mInside sensor type parsing end.
[91m [1776449353.177850] BSON Message: [0mInside sid parsing
[91m [1776449353.177855] Client: [0m---before writing in log upd_msg->seq_no= 27
[91m [1776449353.177858] Client: [0m---before writing in log upd_msg->type= 4
[91m [1776449353.177862] Client: [0m---before writing in log upd_msg->frag_no= 0
[91m [1776449353.177867] Client: [0m---before writing in log upd_msg->reliable= 1
[91m [1776449353.177872] Client: [0m---before writing in log upd_msg->data.sensor_type= 2
[91m [1776449353.177876] Client: [0m---before writing in log upd_msg->data.sid= device_0
[91m [1776449353.177880] Client: [0m---after writing in log upd_msg->seq_no = 27
[91m [1776449353.177887] Client: [0m---after writing in log upd_msg->data.sensor_type = 2
[91m [1776449353.177891] Client: [0m---after writing in log upd_msg->reliable = 1
[91m [1776449353.551695] BSON Message: [0mInside sensor type parsing.
[91m [1776449353.551706] BSON Message: [0mInside sensor type parsing end.
[91m [1776449353.551711] BSON Message: [0mInside sid parsing
[91m [1776449353.551717] Client: [0m---before writing in log upd_msg->seq_no= 28
[91m [1776449353.551722] Client: [0m---before writing in log upd_msg->type= 4
[91m [1776449353.551727] Client: [0m---before writing in log upd_msg->frag_no= 0
[91m [1776449353.551731] Client: [0m---before writing in log upd_msg->reliable= 1
[91m [1776449353.551736] Client: [0m---before writing in log upd_msg->data.sensor_type= 2
[91m [1776449353.551741] Client: [0m---before writing in log upd_msg->data.sid= device_0
[91m [1776449353.551748] Client: [0m---after writing in log upd_msg->seq_no = 28
[91m [1776449353.551754] Client: [0m---after writing in log upd_msg->data.sensor_type = 2
[91m [1776449353.551759] Client: [0m---after writing in log upd_msg->reliable = 1
[91m [1776449354.16113] BSON Message: [0mInside sensor type parsing.
[91m [1776449354.16122] BSON Message: [0mInside sensor type parsing end.
[91m [1776449354.16127] BSON Message: [0mInside sid parsing
[91m [1776449354.16132] BSON Message: [0mInside temp1 parsing.
[91m [1776449354.16138] Client: [0m---before writing in log upd_msg->seq_no= 58
[91m [1776449354.16141] Client: [0m---before writing in log upd_msg->type= 4
[91m [1776449354.16144] Client: [0m---before writing in log upd_msg->frag_no= 0
[91m [1776449354.16147] Client: [0m---before writing in log upd_msg->reliable= 0
[91m [1776449354.16150] Client: [0m---before writing in log upd_msg->data.sensor_type= 1
[91m [1776449354.16154] Client: [0m---before writing in log upd_msg->data.sid= temp_1
[91m [1776449354.16158] Client: [0m---after writing in log upd_msg->seq_no = 58
[91m [1776449354.16163] Client: [0m---after writing in log upd_msg->data.sensor_type = 1
[91m [1776449354.16167] Client: [0m---after writing in log upd_msg->reliable = 0
[91m [1776449355.16453] BSON Message: [0mInside sensor type parsing.
[91m [1776449355.16466] BSON Message: [0mInside sensor type parsing end.
[91m [1776449355.16472] BSON Message: [0mInside sid parsing
[91m [1776449355.16482] BSON Message: [0mInside temp1 parsing.
[91m [1776449355.16489] Client: [0m---before writing in log upd_msg->seq_no= 59
[91m [1776449355.16494] Client: [0m---before writing in log upd_msg->type= 4
[91m [1776449355.16548] Client: [0m---before writing in log upd_msg->frag_no= 0
[91m [1776449355.16553] Client: [0m---before writing in log upd_msg->reliable= 1
[91m [1776449355.16558] Client: [0m---before writing in log upd_msg->data.sensor_type= 1
[91m [1776449355.16563] Client: [0m---before writing in log upd_msg->data.sid= temp_1
[91m [1776449355.16568] Client: [0m---after writing in log upd_msg->seq_no = 59
[91m [1776449355.16573] Client: [0m---after writing in log upd_msg->data.sensor_type = 1
[91m [1776449355.16578] Client: [0m---after writing in log upd_msg->reliable = 1
[91m [1776449355.909540] BSON Message: [0mInside sensor type parsing.
[91m [1776449355.909556] BSON Message: [0mInside sensor type parsing end.
[91m [1776449355.909563] BSON Message: [0mInside sid parsing
[91m [1776449355.909570] BSON Message: [0mInside gps1 parsing.
[91m [1776449355.909577] Client: [0m---before writing in log upd_msg->seq_no= 7
[91m [1776449355.909583] Client: [0m---before writing in log upd_msg->type= 4
[91m [1776449355.909589] Client: [0m---before writing in log upd_msg->frag_no= 0
[91m [1776449355.909595] Client: [0m---before writing in log upd_msg->reliable= 1
[91m [1776449355.909601] Client: [0m---before writing in log upd_msg->data.sensor_type= 3
[91m [1776449355.909607] Client: [0m---before writing in log upd_msg->data.sid= gps_2
[91m [1776449355.909616] Client: [0m---after writing in log upd_msg->seq_no = 7
[91m [1776449355.909629] Client: [0m---after writing in log upd_msg->data.sensor_type = 3
[91m [1776449355.909634] Client: [0m---after writing in log upd_msg->reliable = 1
[91m [1776449356.16840] BSON Message: [0mInside sensor type parsing.
[91m [1776449356.16856] BSON Message: [0mInside sensor type parsing end.
[91m [1776449356.16864] BSON Message: [0mInside sid parsing
[91m [1776449356.16869] BSON Message: [0mInside temp1 parsing.
[91m [1776449356.16875] Client: [0m---before writing in log upd_msg->seq_no= 60
[91m [1776449356.16880] Client: [0m---before writing in log upd_msg->type= 4
[91m [1776449356.16884] Client: [0m---before writing in log upd_msg->frag_no= 0
[91m [1776449356.16888] Client: [0m---before writing in log upd_msg->reliable= 1
[91m [1776449356.16895] Client: [0m---before writing in log upd_msg->data.sensor_type= 1
[91m [1776449356.16901] Client: [0m---before writing in log upd_msg->data.sid= temp_1
[91m [1776449356.16909] Client: [0m---after writing in log upd_msg->seq_no = 60
[91m [1776449356.16927] Client: [0m---after writing in log upd_msg->data.sensor_type = 1
[91m [1776449356.16936] Client: [0m---after writing in log upd_msg->reliable = 1
[91m [1776449357.17501] BSON Message: [0mInside sensor type parsing.
[91m [1776449357.17510] BSON Message: [0mInside sensor type parsing end.
[91m [1776449357.17514] BSON Message: [0mInside sid parsing
[91m [1776449357.17519] BSON Message: [0mInside temp1 parsing.
[91m [1776449357.17524] Client: [0m---before writing in log upd_msg->seq_no= 61
[91m [1776449357.17528] Client: [0m---before writing in log upd_msg->type= 4
[91m [1776449357.17532] Client: [0m---before writing in log upd_msg->frag_no= 0
[91m [1776449357.17535] Client: [0m---before writing in log upd_msg->reliable= 1
[91m [1776449357.17540] Client: [0m---before writing in log upd_msg->data.sensor_type= 1
[91m [1776449357.17544] Client: [0m---before writing in log upd_msg->data.sid= temp_1
[91m [1776449357.17551] Client: [0m---after writing in log upd_msg->seq_no = 61
[91m [1776449357.17555] Client: [0m---after writing in log upd_msg->data.sensor_type = 1
[91m [1776449357.17560] Client: [0m---after writing in log upd_msg->reliable = 1
[91m [1776449358.17710] BSON Message: [0mInside sensor type parsing.
[91m [1776449358.17722] BSON Message: [0mInside sensor type parsing end.
[91m [1776449358.17728] BSON Message: [0mInside sid parsing
[91m [1776449358.17735] BSON Message: [0mInside temp1 parsing.
[91m [1776449358.17741] Client: [0m---before writing in log upd_msg->seq_no= 62
[91m [1776449358.17747] Client: [0m---before writing in log upd_msg->type= 4
[91m [1776449358.17754] Client: [0m---before writing in log upd_msg->frag_no= 0
[91m [1776449358.17760] Client: [0m---before writing in log upd_msg->reliable= 1
[91m [1776449358.17767] Client: [0m---before writing in log upd_msg->data.sensor_type= 1
[91m [1776449358.17775] Client: [0m---before writing in log upd_msg->data.sid= temp_1
[91m [1776449358.17784] Client: [0m---after writing in log upd_msg->seq_no = 62
[91m [1776449358.17791] Client: [0m---after writing in log upd_msg->data.sensor_type = 1
[91m [1776449358.17799] Client: [0m---after writing in log upd_msg->reliable = 1
[91m [1776449358.424253] BSON Message: [0mInside sensor type parsing.
[91m [1776449358.424264] BSON Message: [0mInside sensor type parsing end.
[91m [1776449358.424269] BSON Message: [0mInside sid parsing
[91m [1776449358.424276] Client: [0m---before writing in log upd_msg->seq_no= 29
[91m [1776449358.424281] Client: [0m---before writing in log upd_msg->type= 4
[91m [1776449358.424287] Client: [0m---before writing in log upd_msg->frag_no= 0
[91m [1776449358.424291] Client: [0m---before writing in log upd_msg->reliable= 1
[91m [1776449358.424294] Client: [0m---before writing in log upd_msg->data.sensor_type= 2
[91m [1776449358.424298] Client: [0m---before writing in log upd_msg->data.sid= device_0
[91m [1776449358.424302] Client: [0m---after writing in log upd_msg->seq_no = 29
[91m [1776449358.424311] Client: [0m---after writing in log upd_msg->data.sensor_type = 2
[91m [1776449358.424317] Client: [0m---after writing in log upd_msg->reliable = 1
[91m [1776449359.17896] BSON Message: [0mInside sensor type parsing.
[91m [1776449359.17909] BSON Message: [0mInside sensor type parsing end.
[91m [1776449359.17914] BSON Message: [0mInside sid parsing
[91m [1776449359.17931] BSON Message: [0mInside temp1 parsing.
[91m [1776449359.17937] Client: [0m---before writing in log upd_msg->seq_no= 63
[91m [1776449359.17942] Client: [0m---before writing in log upd_msg->type= 4
[91m [1776449359.17947] Client: [0m---before writing in log upd_msg->frag_no= 0
[91m [1776449359.17952] Client: [0m---before writing in log upd_msg->reliable= 1
[91m [1776449359.17957] Client: [0m---before writing in log upd_msg->data.sensor_type= 1
[91m [1776449359.17962] Client: [0m---before writing in log upd_msg->data.sid= temp_1
[91m [1776449359.17969] Client: [0m---after writing in log upd_msg->seq_no = 63
[91m [1776449359.17974] Client: [0m---after writing in log upd_msg->data.sensor_type = 1
[91m [1776449359.17980] Client: [0m---after writing in log upd_msg->reliable = 1
[91m [1776449360.17907] BSON Message: [0mInside sensor type parsing.
[91m [1776449360.17927] BSON Message: [0mInside sensor type parsing end.
[91m [1776449360.17932] BSON Message: [0mInside sid parsing
[91m [1776449360.17937] BSON Message: [0mInside temp1 parsing.
[91m [1776449360.17942] Client: [0m---before writing in log upd_msg->seq_no= 64
[91m [1776449360.17946] Client: [0m---before writing in log upd_msg->type= 4
[91m [1776449360.17951] Client: [0m---before writing in log upd_msg->frag_no= 0
[91m [1776449360.17959] Client: [0m---before writing in log upd_msg->reliable= 1
[91m [1776449360.17963] Client: [0m---before writing in log upd_msg->data.sensor_type= 1
[91m [1776449360.17968] Client: [0m---before writing in log upd_msg->data.sid= temp_1
[91m [1776449360.17973] Client: [0m---after writing in log upd_msg->seq_no = 64
[91m [1776449360.17977] Client: [0m---after writing in log upd_msg->data.sensor_type = 1
[91m [1776449360.17982] Client: [0m---after writing in log upd_msg->reliable = 1
[91m [1776449361.18124] BSON Message: [0mInside sensor type parsing.
[91m [1776449361.18141] BSON Message: [0mInside sensor type parsing end.
[91m [1776449361.18149] BSON Message: [0mInside sid parsing
[91m [1776449361.18157] BSON Message: [0mInside temp1 parsing.
[91m [1776449361.18165] Client: [0m---before writing in log upd_msg->seq_no= 65
[91m [1776449361.18172] Client: [0m---before writing in log upd_msg->type= 4
[91m [1776449361.18178] Client: [0m---before writing in log upd_msg->frag_no= 0
[91m [1776449361.18185] Client: [0m---before writing in log upd_msg->reliable= 1
[91m [1776449361.18191] Client: [0m---before writing in log upd_msg->data.sensor_type= 1
[91m [1776449361.18198] Client: [0m---before writing in log upd_msg->data.sid= temp_1
[91m [1776449361.18205] Client: [0m---after writing in log upd_msg->seq_no = 65
[91m [1776449361.18210] Client: [0m---after writing in log upd_msg->data.sensor_type = 1
[91m [1776449361.18216] Client: [0m---after writing in log upd_msg->reliable = 1
[91m [1776449361.899428] BSON Message: [0mInside sensor type parsing.
[91m [1776449361.899439] BSON Message: [0mInside sensor type parsing end.
[91m [1776449361.899446] BSON Message: [0mInside sid parsing
[91m [1776449361.899452] BSON Message: [0mInside gps1 parsing.
[91m [1776449361.899459] Client: [0m---before writing in log upd_msg->seq_no= 8
[91m [1776449361.899464] Client: [0m---before writing in log upd_msg->type= 4
[91m [1776449361.899467] Client: [0m---before writing in log upd_msg->frag_no= 0
[91m [1776449361.899471] Client: [0m---before writing in log upd_msg->reliable= 1
[91m [1776449361.899474] Client: [0m---before writing in log upd_msg->data.sensor_type= 3
[91m [1776449361.899478] Client: [0m---before writing in log upd_msg->data.sid= gps_2
[91m [1776449361.899488] Client: [0m---after writing in log upd_msg->seq_no = 8
[91m [1776449361.899494] Client: [0m---after writing in log upd_msg->data.sensor_type = 3
[91m [1776449361.899498] Client: [0m---after writing in log upd_msg->reliable = 1
[91m [1776449362.18776] BSON Message: [0mInside sensor type parsing.
[91m [1776449362.18786] BSON Message: [0mInside sensor type parsing end.
[91m [1776449362.18792] BSON Message: [0mInside sid parsing
[91m [1776449362.18798] BSON Message: [0mInside temp1 parsing.
[91m [1776449362.18805] Client: [0m---before writing in log upd_msg->seq_no= 66
[91m [1776449362.18810] Client: [0m---before writing in log upd_msg->type= 4
[91m [1776449362.18815] Client: [0m---before writing in log upd_msg->frag_no= 0
[91m [1776449362.18820] Client: [0m---before writing in log upd_msg->reliable= 1
[91m [1776449362.18825] Client: [0m---before writing in log upd_msg->data.sensor_type= 1
[91m [1776449362.18830] Client: [0m---before writing in log upd_msg->data.sid= temp_1
[91m [1776449362.18836] Client: [0m---after writing in log upd_msg->seq_no = 66
[91m [1776449362.18840] Client: [0m---after writing in log upd_msg->data.sensor_type = 1
[91m [1776449362.18845] Client: [0m---after writing in log upd_msg->reliable = 1
[91m [1776449363.19148] BSON Message: [0mInside sensor type parsing.
[91m [1776449363.19161] BSON Message: [0mInside sensor type parsing end.
[91m [1776449363.19166] BSON Message: [0mInside sid parsing
[91m [1776449363.19170] BSON Message: [0mInside temp1 parsing.
[91m [1776449363.19176] Client: [0m---before writing in log upd_msg->seq_no= 67
[91m [1776449363.19181] Client: [0m---before writing in log upd_msg->type= 4
[91m [1776449363.19186] Client: [0m---before writing in log upd_msg->frag_no= 0
[91m [1776449363.19191] Client: [0m---before writing in log upd_msg->reliable= 1
[91m [1776449363.19195] Client: [0m---before writing in log upd_msg->data.sensor_type= 1
[91m [1776449363.19200] Client: [0m---before writing in log upd_msg->data.sid= temp_1
[91m [1776449363.19206] Client: [0m---after writing in log upd_msg->seq_no = 67
[91m [1776449363.19211] Client: [0m---after writing in log upd_msg->data.sensor_type = 1
[91m [1776449363.19215] Client: [0m---after writing in log upd_msg->reliable = 1
[91m [1776449363.32923] BSON Message: [0mInside sensor type parsing.
[91m [1776449363.32935] BSON Message: [0mInside sensor type parsing end.
[91m [1776449363.32940] BSON Message: [0mInside sid parsing
[91m [1776449363.32945] Client: [0m---before writing in log upd_msg->seq_no= 30
[91m [1776449363.32949] Client: [0m---before writing in log upd_msg->type= 4
[91m [1776449363.32954] Client: [0m---before writing in log upd_msg->frag_no= 0
[91m [1776449363.32957] Client: [0m---before writing in log upd_msg->reliable= 1
[91m [1776449363.32961] Client: [0m---before writing in log upd_msg->data.sensor_type= 2
[91m [1776449363.32965] Client: [0m---before writing in log upd_msg->data.sid= device_0
[91m [1776449363.32971] Client: [0m---after writing in log upd_msg->seq_no = 30
[91m [1776449363.32975] Client: [0m---after writing in log upd_msg->data.sensor_type = 2
[91m [1776449363.32978] Client: [0m---after writing in log upd_msg->reliable = 1
[91m [1776449364.18938] BSON Message: [0mInside sensor type parsing.
[91m [1776449364.18949] BSON Message: [0mInside sensor type parsing end.
[91m [1776449364.18954] BSON Message: [0mInside sid parsing
[91m [1776449364.18959] BSON Message: [0mInside temp1 parsing.
[91m [1776449364.18965] Client: [0m---before writing in log upd_msg->seq_no= 68
[91m [1776449364.18969] Client: [0m---before writing in log upd_msg->type= 4
[91m [1776449364.18974] Client: [0m---before writing in log upd_msg->frag_no= 0
[91m [1776449364.18978] Client: [0m---before writing in log upd_msg->reliable= 1
[91m [1776449364.18983] Client: [0m---before writing in log upd_msg->data.sensor_type= 1
[91m [1776449364.18986] Client: [0m---before writing in log upd_msg->data.sid= temp_1
[91m [1776449364.18991] Client: [0m---after writing in log upd_msg->seq_no = 68
[91m [1776449364.19000] Client: [0m---after writing in log upd_msg->data.sensor_type = 1
[91m [1776449364.19004] Client: [0m---after writing in log upd_msg->reliable = 1
[91m [1776449365.20317] BSON Message: [0mInside sensor type parsing.
[91m [1776449365.20326] BSON Message: [0mInside sensor type parsing end.
[91m [1776449365.20330] BSON Message: [0mInside sid parsing
[91m [1776449365.20334] BSON Message: [0mInside temp1 parsing.
[91m [1776449365.20337] Client: [0m---before writing in log upd_msg->seq_no= 69
[91m [1776449365.20341] Client: [0m---before writing in log upd_msg->type= 4
[91m [1776449365.20344] Client: [0m---before writing in log upd_msg->frag_no= 0
[91m [1776449365.20347] Client: [0m---before writing in log upd_msg->reliable= 1
[91m [1776449365.20350] Client: [0m---before writing in log upd_msg->data.sensor_type= 1
[91m [1776449365.20353] Client: [0m---before writing in log upd_msg->data.sid= temp_1
[91m [1776449365.20356] Client: [0m---after writing in log upd_msg->seq_no = 69
[91m [1776449365.20359] Client: [0m---after writing in log upd_msg->data.sensor_type = 1
[91m [1776449365.20362] Client: [0m---after writing in log upd_msg->reliable = 1
[91m [1776449366.19580] BSON Message: [0mInside sensor type parsing.
[91m [1776449366.19591] BSON Message: [0mInside sensor type parsing end.
[91m [1776449366.19597] BSON Message: [0mInside sid parsing
[91m [1776449366.19602] BSON Message: [0mInside temp1 parsing.
[91m [1776449366.19606] Client: [0m---before writing in log upd_msg->seq_no= 70
[91m [1776449366.19610] Client: [0m---before writing in log upd_msg->type= 4
[91m [1776449366.19614] Client: [0m---before writing in log upd_msg->frag_no= 0
[91m [1776449366.19618] Client: [0m---before writing in log upd_msg->reliable= 1
[91m [1776449366.19622] Client: [0m---before writing in log upd_msg->data.sensor_type= 1
[91m [1776449366.19626] Client: [0m---before writing in log upd_msg->data.sid= temp_1
[91m [1776449366.19631] Client: [0m---after writing in log upd_msg->seq_no = 70
[91m [1776449366.19634] Client: [0m---after writing in log upd_msg->data.sensor_type = 1
[91m [1776449366.19638] Client: [0m---after writing in log upd_msg->reliable = 1
[91m [1776449366.219113] BSON Message: [0mInside sensor type parsing.
[91m [1776449366.219124] BSON Message: [0mInside sensor type parsing end.
[91m [1776449366.219129] BSON Message: [0mInside sid parsing
[91m [1776449366.219135] Client: [0m---before writing in log upd_msg->seq_no= 31
[91m [1776449366.219139] Client: [0m---before writing in log upd_msg->type= 4
[91m [1776449366.219143] Client: [0m---before writing in log upd_msg->frag_no= 0
[91m [1776449366.219147] Client: [0m---before writing in log upd_msg->reliable= 1
[91m [1776449366.219151] Client: [0m---before writing in log upd_msg->data.sensor_type= 2
[91m [1776449366.219155] Client: [0m---before writing in log upd_msg->data.sid= device_0
[91m [1776449366.219160] Client: [0m---after writing in log upd_msg->seq_no = 31
[91m [1776449366.219164] Client: [0m---after writing in log upd_msg->data.sensor_type = 2
[91m [1776449366.219167] Client: [0m---after writing in log upd_msg->reliable = 1
[91m [1776449367.19993] BSON Message: [0mInside sensor type parsing.
[91m [1776449367.20005] BSON Message: [0mInside sensor type parsing end.
[91m [1776449367.20012] BSON Message: [0mInside sid parsing
[91m [1776449367.20020] BSON Message: [0mInside temp1 parsing.
[91m [1776449367.20029] Client: [0m---before writing in log upd_msg->seq_no= 71
[91m [1776449367.20036] Client: [0m---before writing in log upd_msg->type= 4
[91m [1776449367.20045] Client: [0m---before writing in log upd_msg->frag_no= 0
[91m [1776449367.20051] Client: [0m---before writing in log upd_msg->reliable= 1
[91m [1776449367.20058] Client: [0m---before writing in log upd_msg->data.sensor_type= 1
[91m [1776449367.20064] Client: [0m---before writing in log upd_msg->data.sid= temp_1
[91m [1776449367.20073] Client: [0m---after writing in log upd_msg->seq_no = 71
[91m [1776449367.20088] Client: [0m---after writing in log upd_msg->data.sensor_type = 1
[91m [1776449367.20095] Client: [0m---after writing in log upd_msg->reliable = 1
[91m [1776449368.20824] BSON Message: [0mInside sensor type parsing.
[91m [1776449368.20837] BSON Message: [0mInside sensor type parsing end.
[91m [1776449368.20843] BSON Message: [0mInside sid parsing
[91m [1776449368.20849] BSON Message: [0mInside temp1 parsing.
[91m [1776449368.20856] Client: [0m---before writing in log upd_msg->seq_no= 72
[91m [1776449368.20862] Client: [0m---before writing in log upd_msg->type= 4
[91m [1776449368.20868] Client: [0m---before writing in log upd_msg->frag_no= 0
[91m [1776449368.20873] Client: [0m---before writing in log upd_msg->reliable= 1
[91m [1776449368.20878] Client: [0m---before writing in log upd_msg->data.sensor_type= 1
[91m [1776449368.20883] Client: [0m---before writing in log upd_msg->data.sid= temp_1
[91m [1776449368.20890] Client: [0m---after writing in log upd_msg->seq_no = 72
[91m [1776449368.20896] Client: [0m---after writing in log upd_msg->data.sensor_type = 1
[91m [1776449368.20901] Client: [0m---after writing in log upd_msg->reliable = 1
[91m [1776449368.798041] BSON Message: [0mInside sensor type parsing.
[91m [1776449368.798050] BSON Message: [0mInside sensor type parsing end.
[91m [1776449368.798055] BSON Message: [0mInside sid parsing
[91m [1776449368.798060] Client: [0m---before writing in log upd_msg->seq_no= 32
[91m [1776449368.798066] Client: [0m---before writing in log upd_msg->type= 4
[91m [1776449368.798071] Client: [0m---before writing in log upd_msg->frag_no= 0
[91m [1776449368.798076] Client: [0m---before writing in log upd_msg->reliable= 1
[91m [1776449368.798079] Client: [0m---before writing in log upd_msg->data.sensor_type= 2
[91m [1776449368.798083] Client: [0m---before writing in log upd_msg->data.sid= device_0
[91m [1776449368.798087] Client: [0m---after writing in log upd_msg->seq_no = 32
[91m [1776449368.798091] Client: [0m---after writing in log upd_msg->data.sensor_type = 2
[91m [1776449368.798095] Client: [0m---after writing in log upd_msg->reliable = 1
[91m [1776449369.20423] BSON Message: [0mInside sensor type parsing.
[91m [1776449369.20434] BSON Message: [0mInside sensor type parsing end.
[91m [1776449369.20439] BSON Message: [0mInside sid parsing
[91m [1776449369.20444] BSON Message: [0mInside temp1 parsing.
[91m [1776449369.20449] Client: [0m---before writing in log upd_msg->seq_no= 73
[91m [1776449369.20454] Client: [0m---before writing in log upd_msg->type= 4
[91m [1776449369.20461] Client: [0m---before writing in log upd_msg->frag_no= 0
[91m [1776449369.20466] Client: [0m---before writing in log upd_msg->reliable= 1
[91m [1776449369.20470] Client: [0m---before writing in log upd_msg->data.sensor_type= 1
[91m [1776449369.20475] Client: [0m---before writing in log upd_msg->data.sid= temp_1
[91m [1776449369.20480] Client: [0m---after writing in log upd_msg->seq_no = 73
[91m [1776449369.20485] Client: [0m---after writing in log upd_msg->data.sensor_type = 1
[91m [1776449369.20489] Client: [0m---after writing in log upd_msg->reliable = 1
[91m [1776449370.21024] BSON Message: [0mInside sensor type parsing.
[91m [1776449370.21033] BSON Message: [0mInside sensor type parsing end.
[91m [1776449370.21038] BSON Message: [0mInside sid parsing
[91m [1776449370.21044] BSON Message: [0mInside temp1 parsing.
[91m [1776449370.21049] Client: [0m---before writing in log upd_msg->seq_no= 74
[91m [1776449370.21055] Client: [0m---before writing in log upd_msg->type= 4
[91m [1776449370.21060] Client: [0m---before writing in log upd_msg->frag_no= 0
[91m [1776449370.21065] Client: [0m---before writing in log upd_msg->reliable= 1
[91m [1776449370.21070] Client: [0m---before writing in log upd_msg->data.sensor_type= 1
[91m [1776449370.21074] Client: [0m---before writing in log upd_msg->data.sid= temp_1
[91m [1776449370.21080] Client: [0m---after writing in log upd_msg->seq_no = 74
[91m [1776449370.21089] Client: [0m---after writing in log upd_msg->data.sensor_type = 1
[91m [1776449370.21094] Client: [0m---after writing in log upd_msg->reliable = 1
[91m [1776449370.336789] BSON Message: [0mInside sensor type parsing.
[91m [1776449370.336800] BSON Message: [0mInside sensor type parsing end.
[91m [1776449370.336806] BSON Message: [0mInside sid parsing
[91m [1776449370.336811] BSON Message: [0mInside gps1 parsing.
[91m [1776449370.336816] Client: [0m---before writing in log upd_msg->seq_no= 9
[91m [1776449370.336822] Client: [0m---before writing in log upd_msg->type= 4
[91m [1776449370.336826] Client: [0m---before writing in log upd_msg->frag_no= 0
[91m [1776449370.336830] Client: [0m---before writing in log upd_msg->reliable= 1
[91m [1776449370.336835] Client: [0m---before writing in log upd_msg->data.sensor_type= 3
[91m [1776449370.336841] Client: [0m---before writing in log upd_msg->data.sid= gps_2
[91m [1776449370.336849] Client: [0m---after writing in log upd_msg->seq_no = 9
[91m [1776449370.336855] Client: [0m---after writing in log upd_msg->data.sensor_type = 3
[91m [1776449370.336860] Client: [0m---after writing in log upd_msg->reliable = 1
[91m [1776449371.21563] BSON Message: [0mInside sensor type parsing.
[91m [1776449371.21575] BSON Message: [0mInside sensor type parsing end.
[91m [1776449371.21581] BSON Message: [0mInside sid parsing
[91m [1776449371.21587] BSON Message: [0mInside temp1 parsing.
[91m [1776449371.21594] Client: [0m---before writing in log upd_msg->seq_no= 75
[91m [1776449371.21619] Client: [0m---before writing in log upd_msg->type= 4
[91m [1776449371.21623] Client: [0m---before writing in log upd_msg->frag_no= 0
[91m [1776449371.21627] Client: [0m---before writing in log upd_msg->reliable= 1
[91m [1776449371.21631] Client: [0m---before writing in log upd_msg->data.sensor_type= 1
[91m [1776449371.21635] Client: [0m---before writing in log upd_msg->data.sid= temp_1
[91m [1776449371.21642] Client: [0m---after writing in log upd_msg->seq_no = 75
[91m [1776449371.21648] Client: [0m---after writing in log upd_msg->data.sensor_type = 1
[91m [1776449371.21653] Client: [0m---after writing in log upd_msg->reliable = 1
[91m [1776449372.21433] BSON Message: [0mInside sensor type parsing.
[91m [1776449372.21446] BSON Message: [0mInside sensor type parsing end.
[91m [1776449372.21453] BSON Message: [0mInside sid parsing
[91m [1776449372.21459] BSON Message: [0mInside temp1 parsing.
[91m [1776449372.21466] Client: [0m---before writing in log upd_msg->seq_no= 76
[91m [1776449372.21472] Client: [0m---before writing in log upd_msg->type= 4
[91m [1776449372.21477] Client: [0m---before writing in log upd_msg->frag_no= 0
[91m [1776449372.21482] Client: [0m---before writing in log upd_msg->reliable= 1
[91m [1776449372.21487] Client: [0m---before writing in log upd_msg->data.sensor_type= 1
[91m [1776449372.21493] Client: [0m---before writing in log upd_msg->data.sid= temp_1
[91m [1776449372.21500] Client: [0m---after writing in log upd_msg->seq_no = 76
[91m [1776449372.21506] Client: [0m---after writing in log upd_msg->data.sensor_type = 1
[91m [1776449372.21511] Client: [0m---after writing in log upd_msg->reliable = 1
[91m [1776449373.22097] BSON Message: [0mInside sensor type parsing.
[91m [1776449373.22108] BSON Message: [0mInside sensor type parsing end.
[91m [1776449373.22113] BSON Message: [0mInside sid parsing
[91m [1776449373.22119] BSON Message: [0mInside temp1 parsing.
[91m [1776449373.22125] Client: [0m---before writing in log upd_msg->seq_no= 77
[91m [1776449373.22130] Client: [0m---before writing in log upd_msg->type= 4
[91m [1776449373.22134] Client: [0m---before writing in log upd_msg->frag_no= 0
[91m [1776449373.22139] Client: [0m---before writing in log upd_msg->reliable= 0
[91m [1776449373.22144] Client: [0m---before writing in log upd_msg->data.sensor_type= 1
[91m [1776449373.22148] Client: [0m---before writing in log upd_msg->data.sid= temp_1
[91m [1776449373.22158] Client: [0m---after writing in log upd_msg->seq_no = 77
[91m [1776449373.22162] Client: [0m---after writing in log upd_msg->data.sensor_type = 1
[91m [1776449373.22167] Client: [0m---after writing in log upd_msg->reliable = 0
[91m [1776449373.265913] BSON Message: [0mInside sensor type parsing.
[91m [1776449373.265932] BSON Message: [0mInside sensor type parsing end.
[91m [1776449373.265936] BSON Message: [0mInside sid parsing
[91m [1776449373.265941] Client: [0m---before writing in log upd_msg->seq_no= 33
[91m [1776449373.265945] Client: [0m---before writing in log upd_msg->type= 4
[91m [1776449373.265949] Client: [0m---before writing in log upd_msg->frag_no= 0
[91m [1776449373.265954] Client: [0m---before writing in log upd_msg->reliable= 1
[91m [1776449373.265959] Client: [0m---before writing in log upd_msg->data.sensor_type= 2
[91m [1776449373.265964] Client: [0m---before writing in log upd_msg->data.sid= device_0
[91m [1776449373.265970] Client: [0m---after writing in log upd_msg->seq_no = 33
[91m [1776449373.265975] Client: [0m---after writing in log upd_msg->data.sensor_type = 2
[91m [1776449373.265980] Client: [0m---after writing in log upd_msg->reliable = 1
[91m [1776449374.23164] BSON Message: [0mInside sensor type parsing.
[91m [1776449374.23177] BSON Message: [0mInside sensor type parsing end.
[91m [1776449374.23183] BSON Message: [0mInside sid parsing
[91m [1776449374.23189] BSON Message: [0mInside temp1 parsing.
[91m [1776449374.23195] Client: [0m---before writing in log upd_msg->seq_no= 78
[91m [1776449374.23201] Client: [0m---before writing in log upd_msg->type= 4
[91m [1776449374.23206] Client: [0m---before writing in log upd_msg->frag_no= 0
[91m [1776449374.23211] Client: [0m---before writing in log upd_msg->reliable= 1
[91m [1776449374.23217] Client: [0m---before writing in log upd_msg->data.sensor_type= 1
[91m [1776449374.23222] Client: [0m---before writing in log upd_msg->data.sid= temp_1
[91m [1776449374.23228] Client: [0m---after writing in log upd_msg->seq_no = 78
[91m [1776449374.23233] Client: [0m---after writing in log upd_msg->data.sensor_type = 1
[91m [1776449374.23242] Client: [0m---after writing in log upd_msg->reliable = 1
[91m [1776449374.961179] BSON Message: [0mInside sensor type parsing.
[91m [1776449374.961187] BSON Message: [0mInside sensor type parsing end.
[91m [1776449374.961190] BSON Message: [0mInside sid parsing
arrived------------ 1
Got a message from the server.
Message type is 4
---------Update message arrived------------ 1
Got a message from the server.
Message type is 4
---------Update message arrived------------ 1
Got a message from the server.
Message type is 4
---------Update message arrived------------ 1
Got a message from the server.
Message type is 4
---------Update message arrived------------ 1
Got a message from the server.
Message type is 4
---------Update message arrived------------ 1
Got a message from the server.
Message type is 4
---------Update message arrived------------ 1
Got a message from the server.
Message type is 4
---------Update message arrived------------ 1
Got a message from the server.
Message type is 4
---------Update message arrived------------ 1
Got a message from the server.
Message type is 4
---------Update message arrived------------ 1
Got a message from the server.
Message type is 4
---------Update message arrived------------ 1
Got a message from the server.
Message type is 4
---------Update message arrived------------ 1
Got a message from the server.
Message type is 4
---------Update message arrived------------ 1
Got a message from the server.
Message type is 4
---------Update message arrived------------ 1
Got a message from the server.
Message type is 4
---------Update message arrived------------ 1
Got a message from the server.
Message type is 4
---------Update message arrived------------ 1
Got a message from the server.
Message type is 4
---------Update message arrived------------ 1
Got a message from the server.
Message type is 4
---------Update message arrived------------ 1
Got a message from the server.
Message type is 4
---------Update message arrived------------ 1
Got a message from the server.
Message type is 4
---------Update message arrived------------ 1
Got a message from the server.
Message type is 4
---------Update message arrived------------ 1
Got a message from the server.
Message type is 4
---------Update message arrived------------ 1
Got a message from the server.
Message type is 4
---------Update message arrived------------ 1
Got a message from the server.
Message type is 4
---------Update message arrived------------ 1
Got a message from the server.
Message type is 4
---------Update message arrived------------ 1
Got a message from the server.
Message type is 4
---------Update message arrived------------ 1
Got a message from the server.
Message type is 4
---------Update message arrived------------ 1
Got a message from the server.
Message type is 4
---------Update message arrived------------ 1
Got a message from the server.
Message type is 4
---------Update message arrived------------ 1
Got a message from the server.
Message type is 4
---------Update message arrived------------ 1
Got a message from the server.
Message type is 4
---------Update message arrived------------ 1
Got a message from the server.
Message type is 4
---------Update message arrived------------ 1
Got a message from the server.
Message type is 4
---------Update message arrived------------ 1
Got a message from the server.
Message type is 4
---------Update message arrived------------ 1
Got a message from the server.
Message type is 4
---------Update message arrived------------ 1
Got a message from the server.
Message type is 4
---------Update message arrived------------ 1
Got a message from the server.
Message type is 4
---------Update message arrived------------ 1
Got a message from the server.
Message type is 4
---------Update message arrived------------ 1
Got a message from the server.
Message type is 4
---------Update message arrived------------ 1
Got a message from the server.
Message type is 4
---------Update message arrived------------ 1
Got a message from the server.
Message type is 4
---------Update message arrived------------ 1
Got a message from the server.
Message type is 4
---------Update message arrived------------ 1
Got a message from the server.
Message type is 4
---------Update message arrived------------ 1
Got a message from the server.
Message type is 4
---------Update message arrived----[91m [1776449374.961200] Client: [0m---before writing in log upd_msg->seq_no= 34
[91m [1776449374.961204] Client: [0m---before writing in log upd_msg->type= 4
[91m [1776449374.961209] Client: [0m---before writing in log upd_msg->frag_no= 0
[91m [1776449374.961213] Client: [0m---before writing in log upd_msg->reliable= 1
[91m [1776449374.961217] Client: [0m---before writing in log upd_msg->data.sensor_type= 2
[91m [1776449374.961221] Client: [0m---before writing in log upd_msg->data.sid= device_0
[91m [1776449374.961225] Client: [0m---after writing in log upd_msg->seq_no = 34
[91m [1776449374.961230] Client: [0m---after writing in log upd_msg->data.sensor_type = 2
[91m [1776449374.961234] Client: [0m---after writing in log upd_msg->reliable = 1
[91m [1776449375.22414] BSON Message: [0mInside sensor type parsing.
[91m [1776449375.22425] BSON Message: [0mInside sensor type parsing end.
[91m [1776449375.22430] BSON Message: [0mInside sid parsing
[91m [1776449375.22434] BSON Message: [0mInside temp1 parsing.
[91m [1776449375.22440] Client: [0m---before writing in log upd_msg->seq_no= 79
[91m [1776449375.22444] Client: [0m---before writing in log upd_msg->type= 4
[91m [1776449375.22449] Client: [0m---before writing in log upd_msg->frag_no= 0
[91m [1776449375.22453] Client: [0m---before writing in log upd_msg->reliable= 1
[91m [1776449375.22457] Client: [0m---before writing in log upd_msg->data.sensor_type= 1
[91m [1776449375.22462] Client: [0m---before writing in log upd_msg->data.sid= temp_1
[91m [1776449375.22467] Client: [0m---after writing in log upd_msg->seq_no = 79
[91m [1776449375.22476] Client: [0m---after writing in log upd_msg->data.sensor_type = 1
[91m [1776449375.22481] Client: [0m---after writing in log upd_msg->reliable = 1
[91m [1776449376.22870] BSON Message: [0mInside sensor type parsing.
[91m [1776449376.22880] BSON Message: [0mInside sensor type parsing end.
[91m [1776449376.22886] BSON Message: [0mInside sid parsing
[91m [1776449376.22894] BSON Message: [0mInside temp1 parsing.
[91m [1776449376.22900] Client: [0m---before writing in log upd_msg->seq_no= 80
[91m [1776449376.22905] Client: [0m---before writing in log upd_msg->type= 4
[91m [1776449376.22910] Client: [0m---before writing in log upd_msg->frag_no= 0
[91m [1776449376.22914] Client: [0m---before writing in log upd_msg->reliable= 1
[91m [1776449376.22930] Client: [0m---before writing in log upd_msg->data.sensor_type= 1
[91m [1776449376.22935] Client: [0m---before writing in log upd_msg->data.sid= temp_1
[91m [1776449376.22941] Client: [0m---after writing in log upd_msg->seq_no = 80
[91m [1776449376.22945] Client: [0m---after writing in log upd_msg->data.sensor_type = 1
[91m [1776449376.22950] Client: [0m---after writing in log upd_msg->reliable = 1
[91m [1776449376.480693] BSON Message: [0mInside sensor type parsing.
[91m [1776449376.480704] BSON Message: [0mInside sensor type parsing end.
[91m [1776449376.480709] BSON Message: [0mInside sid parsing
[91m [1776449376.480716] Client: [0m---before writing in log upd_msg->seq_no= 35
[91m [1776449376.480720] Client: [0m---before writing in log upd_msg->type= 4
[91m [1776449376.480725] Client: [0m---before writing in log upd_msg->frag_no= 0
[91m [1776449376.480728] Client: [0m---before writing in log upd_msg->reliable= 1
[91m [1776449376.480732] Client: [0m---before writing in log upd_msg->data.sensor_type= 2
[91m [1776449376.480736] Client: [0m---before writing in log upd_msg->data.sid= device_0
[91m [1776449376.480741] Client: [0m---after writing in log upd_msg->seq_no = 35
[91m [1776449376.480745] Client: [0m---after writing in log upd_msg->data.sensor_type = 2
[91m [1776449376.480749] Client: [0m---after writing in log upd_msg->reliable = 1
[91m [1776449377.23224] BSON Message: [0mInside sensor type parsing.
[91m [1776449377.23238] BSON Message: [0mInside sensor type parsing end.
[91m [1776449377.23244] BSON Message: [0mInside sid parsing
[91m [1776449377.23250] BSON Message: [0mInside temp1 parsing.
[91m [1776449377.23257] Client: [0m---before writing in log upd_msg->seq_no= 81
[91m [1776449377.23262] Client: [0m---before writing in log upd_msg->type= 4
[91m [1776449377.23267] Client: [0m---before writing in log upd_msg->frag_no= 0
[91m [1776449377.23272] Client: [0m---before writing in log upd_msg->reliable= 1
[91m [1776449377.23277] Client: [0m---before writing in log upd_msg->data.sensor_type= 1
[91m [1776449377.23282] Client: [0m---before writing in log upd_msg->data.sid= temp_1
[91m [1776449377.23287] Client: [0m---after writing in log upd_msg->seq_no = 81
[91m [1776449377.23292] Client: [0m---after writing in log upd_msg->data.sensor_type = 1
[91m [1776449377.23296] Client: [0m---after writing in log upd_msg->reliable = 1
[91m [1776449378.23546] BSON Message: [0mInside sensor type parsing.
[91m [1776449378.23558] BSON Message: [0mInside sensor type parsing end.
[91m [1776449378.23562] BSON Message: [0mInside sid parsing
[91m [1776449378.23569] BSON Message: [0mInside temp1 parsing.
[91m [1776449378.23575] Client: [0m---before writing in log upd_msg->seq_no= 82
[91m [1776449378.23581] Client: [0m---before writing in log upd_msg->type= 4
[91m [1776449378.23585] Client: [0m---before writing in log upd_msg->frag_no= 0
[91m [1776449378.23590] Client: [0m---before writing in log upd_msg->reliable= 1
[91m [1776449378.23595] Client: [0m---before writing in log upd_msg->data.sensor_type= 1
[91m [1776449378.23600] Client: [0m---before writing in log upd_msg->data.sid= temp_1
[91m [1776449378.23606] Client: [0m---after writing in log upd_msg->seq_no = 82
[91m [1776449378.23616] Client: [0m---after writing in log upd_msg->data.sensor_type = 1
[91m [1776449378.23621] Client: [0m---after writing in log upd_msg->reliable = 1
[91m [1776449378.320518] BSON Message: [0mInside sensor type parsing.
[91m [1776449378.320532] BSON Message: [0mInside sensor type parsing end.
[91m [1776449378.320538] BSON Message: [0mInside sid parsing
[91m [1776449378.320544] BSON Message: [0mInside gps1 parsing.
[91m [1776449378.320551] Client: [0m---before writing in log upd_msg->seq_no= 10
[91m [1776449378.320557] Client: [0m---before writing in log upd_msg->type= 4
[91m [1776449378.320561] Client: [0m---before writing in log upd_msg->frag_no= 0
[91m [1776449378.320566] Client: [0m---before writing in log upd_msg->reliable= 1
[91m [1776449378.320571] Client: [0m---before writing in log upd_msg->data.sensor_type= 3
[91m [1776449378.320576] Client: [0m---before writing in log upd_msg->data.sid= gps_2
[91m [1776449378.320583] Client: [0m---after writing in log upd_msg->seq_no = 10
[91m [1776449378.320588] Client: [0m---after writing in log upd_msg->data.sensor_type = 3
[91m [1776449378.320593] Client: [0m---after writing in log upd_msg->reliable = 1
[91m [1776449379.23996] BSON Message: [0mInside sensor type parsing.
[91m [1776449379.24023] BSON Message: [0mInside sensor type parsing end.
[91m [1776449379.24028] BSON Message: [0mInside sid parsing
[91m [1776449379.24033] BSON Message: [0mInside temp1 parsing.
[91m [1776449379.24040] Client: [0m---before writing in log upd_msg->seq_no= 83
[91m [1776449379.24046] Client: [0m---before writing in log upd_msg->type= 4
[91m [1776449379.24051] Client: [0m---before writing in log upd_msg->frag_no= 0
[91m [1776449379.24060] Client: [0m---before writing in log upd_msg->reliable= 1
[91m [1776449379.24064] Client: [0m---before writing in log upd_msg->data.sensor_type= 1
[91m [1776449379.24069] Client: [0m---before writing in log upd_msg->data.sid= temp_1
[91m [1776449379.24075] Client: [0m---after writing in log upd_msg->seq_no = 83
[91m [1776449379.24081] Client: [0m---after writing in log upd_msg->data.sensor_type = 1
[91m [1776449379.24085] Client: [0m---after writing in log upd_msg->reliable = 1
[91m [1776449379.919211] BSON Message: [0mInside sensor type parsing.
[91m [1776449379.919225] BSON Message: [0mInside sensor type parsing end.
[91m [1776449379.919230] BSON Message: [0mInside sid parsing
[91m [1776449379.919235] Client: [0m---before writing in log upd_msg->seq_no= 36
[91m [1776449379.919239] Client: [0m---before writing in log upd_msg->type= 4
[91m [1776449379.919243] Client: [0m---before writing in log upd_msg->frag_no= 0
[91m [1776449379.919247] Client: [0m---before writing in log upd_msg->reliable= 1
[91m [1776449379.919251] Client: [0m---before writing in log upd_msg->data.sensor_type= 2
[91m [1776449379.919255] Client: [0m---before writing in log upd_msg->data.sid= device_0
[91m [1776449379.919259] Client: [0m---after writing in log upd_msg->seq_no = 36
[91m [1776449379.919264] Client: [0m---after writing in log upd_msg->data.sensor_type = 2
[91m [1776449379.919268] Client: [0m---after writing in log upd_msg->reliable = 1
[91m [1776449380.24297] BSON Message: [0mInside sensor type parsing.
[91m [1776449380.24314] BSON Message: [0mInside sensor type parsing end.
[91m [1776449380.24321] BSON Message: [0mInside sid parsing
[91m [1776449380.24328] BSON Message: [0mInside temp1 parsing.
[91m [1776449380.24335] Client: [0m---before writing in log upd_msg->seq_no= 84
[91m [1776449380.24342] Client: [0m---before writing in log upd_msg->type= 4
[91m [1776449380.24347] Client: [0m---before writing in log upd_msg->frag_no= 0
[91m [1776449380.24354] Client: [0m---before writing in log upd_msg->reliable= 1
[91m [1776449380.24359] Client: [0m---before writing in log upd_msg->data.sensor_type= 1
[91m [1776449380.24365] Client: [0m---before writing in log upd_msg->data.sid= temp_1
[91m [1776449380.24372] Client: [0m---after writing in log upd_msg->seq_no = 84
[91m [1776449380.24400] Client: [0m---after writing in log upd_msg->data.sensor_type = 1
[91m [1776449380.24405] Client: [0m---after writing in log upd_msg->reliable = 1
[91m [1776449380.822384] BSON Message: [0mInside sensor type parsing.
[91m [1776449380.822397] BSON Message: [0mInside sensor type parsing end.
[91m [1776449380.822404] BSON Message: [0mInside sid parsing
[91m [1776449380.822412] Client: [0m---before writing in log upd_msg->seq_no= 37
[91m [1776449380.822419] Client: [0m---before writing in log upd_msg->type= 4
[91m [1776449380.822425] Client: [0m---before writing in log upd_msg->frag_no= 0
[91m [1776449380.822431] Client: [0m---before writing in log upd_msg->reliable= 1
[91m [1776449380.822438] Client: [0m---before writing in log upd_msg->data.sensor_type= 2
[91m [1776449380.822444] Client: [0m---before writing in log upd_msg->data.sid= device_0
[91m [1776449380.822451] Client: [0m---after writing in log upd_msg->seq_no = 37
[91m [1776449380.822457] Client: [0m---after writing in log upd_msg->data.sensor_type = 2
[91m [1776449380.822464] Client: [0m---after writing in log upd_msg->reliable = 1
[91m [1776449381.25123] BSON Message: [0mInside sensor type parsing.
[91m [1776449381.25134] BSON Message: [0mInside sensor type parsing end.
[91m [1776449381.25141] BSON Message: [0mInside sid parsing
[91m [1776449381.25149] BSON Message: [0mInside temp1 parsing.
[91m [1776449381.25156] Client: [0m---before writing in log upd_msg->seq_no= 85
[91m [1776449381.25161] Client: [0m---before writing in log upd_msg->type= 4
[91m [1776449381.25166] Client: [0m---before writing in log upd_msg->frag_no= 0
[91m [1776449381.25172] Client: [0m---before writing in log upd_msg->reliable= 1
[91m [1776449381.25177] Client: [0m---before writing in log upd_msg->data.sensor_type= 1
[91m [1776449381.25182] Client: [0m---before writing in log upd_msg->data.sid= temp_1
[91m [1776449381.25188] Client: [0m---after writing in log upd_msg->seq_no = 85
[91m [1776449381.25193] Client: [0m---after writing in log upd_msg->data.sensor_type = 1
[91m [1776449381.25198] Client: [0m---after writing in log upd_msg->reliable = 1
[91m [1776449382.25052] BSON Message: [0mInside sensor type parsing.
[91m [1776449382.25066] BSON Message: [0mInside sensor type parsing end.
[91m [1776449382.25075] BSON Message: [0mInside sid parsing
[91m [1776449382.25083] BSON Message: [0mInside temp1 parsing.
[91m [1776449382.25094] Client: [0m---before writing in log upd_msg->seq_no= 86
[91m [1776449382.25101] Client: [0m---before writing in log upd_msg->type= 4
[91m [1776449382.25109] Client: [0m---before writing in log upd_msg->frag_no= 0
[91m [1776449382.25118] Client: [0m---before writing in log upd_msg->reliable= 1
[91m [1776449382.25126] Client: [0m---before writing in log upd_msg->data.sensor_type= 1
[91m [1776449382.25134] Client: [0m---before writing in log upd_msg->data.sid= temp_1
[91m [1776449382.25143] Client: [0m---after writing in log upd_msg->seq_no = 86
[91m [1776449382.25150] Client: [0m---after writing in log upd_msg->data.sensor_type = 1
[91m [1776449382.25157] Client: [0m---after writing in log upd_msg->reliable = 1
[91m [1776449383.25171] BSON Message: [0mInside sensor type parsing.
[91m [1776449383.25190] BSON Message: [0mInside sensor type parsing end.
[91m [1776449383.25199] BSON Message: [0mInside sid parsing
[91m [1776449383.25205] BSON Message: [0mInside temp1 parsing.
[91m [1776449383.25215] Client: [0m---before writing in log upd_msg->seq_no= 87
[91m [1776449383.25224] Client: [0m---before writing in log upd_msg->type= 4
[91m [1776449383.25232] Client: [0m---before writing in log upd_msg->frag_no= 0
[91m [1776449383.25240] Client: [0m---before writing in log upd_msg->reliable= 1
[91m [1776449383.25247] Client: [0m---before writing in log upd_msg->data.sensor_type= 1
[91m [1776449383.25254] Client: [0m---before writing in log upd_msg->data.sid= temp_1
[91m [1776449383.25263] Client: [0m---after writing in log upd_msg->seq_no = 87
[91m [1776449383.25277] Client: [0m---after writing in log upd_msg->data.sensor_type = 1
[91m [1776449383.25282] Client: [0m---after writing in log upd_msg->reliable = 1
[91m [1776449384.25551] BSON Message: [0mInside sensor type parsing.
[91m [1776449384.25563] BSON Message: [0mInside sensor type parsing end.
[91m [1776449384.25568] BSON Message: [0mInside sid parsing
[91m [1776449384.25573] BSON Message: [0mInside temp1 parsing.
[91m [1776449384.25579] Client: [0m---before writing in log upd_msg->seq_no= 88
[91m [1776449384.25584] Client: [0m---before writing in log upd_msg->type= 4
[91m [1776449384.25588] Client: [0m---before writing in log upd_msg->frag_no= 0
[91m [1776449384.25593] Client: [0m---before writing in log upd_msg->reliable= 1
[91m [1776449384.25597] Client: [0m---before writing in log upd_msg->data.sensor_type= 1
[91m [1776449384.25601] Client: [0m---before writing in log upd_msg->data.sid= temp_1
[91m [1776449384.25607] Client: [0m---after writing in log upd_msg->seq_no = 88
[91m [1776449384.25611] Client: [0m---after writing in log upd_msg->data.sensor_type = 1
[91m [1776449384.25615] Client: [0m---after writing in log upd_msg->reliable = 1
[91m [1776449384.136521] BSON Message: [0mInside sensor type parsing.
[91m [1776449384.136530] BSON Message: [0mInside sensor type parsing end.
[91m [1776449384.136535] BSON Message: [0mInside sid parsing
[91m [1776449384.136539] BSON Message: [0mInside gps1 parsing.
[91m [1776449384.136544] Client: [0m---before writing in log upd_msg->seq_no= 11
[91m [1776449384.136549] Client: [0m---before writing in log upd_msg->type= 4
[91m [1776449384.136553] Client: [0m---before writing in log upd_msg->frag_no= 0
[91m [1776449384.136557] Client: [0m---before writing in log upd_msg->reliable= 1
[91m [1776449384.136560] Client: [0m---before writing in log upd_msg->data.sensor_type= 3
[91m [1776449384.136564] Client: [0m---before writing in log upd_msg->data.sid= gps_2
[91m [1776449384.136570] Client: [0m---after writing in log upd_msg->seq_no = 11
[91m [1776449384.136574] Client: [0m---after writing in log upd_msg->data.sensor_type = 3
[91m [1776449384.136578] Client: [0m---after writing in log upd_msg->reliable = 1
[91m [1776449384.830228] BSON Message: [0mInside sensor type parsing.
[91m [1776449384.830236] BSON Message: [0mInside sensor type parsing end.
[91m [1776449384.830240] BSON Message: [0mInside sid parsing
[91m [1776449384.830245] Client: [0m---before writing in log upd_msg->seq_no= 38
[91m [1776449384.830249] Client: [0m---before writing in log upd_msg->type= 4
[91m [1776449384.830253] Client: [0m---before writing in log upd_msg->frag_no= 0
[91m [1776449384.830257] Client: [0m---before writing in log upd_msg->reliable= 1
[91m [1776449384.830260] Client: [0m---before writing in log upd_msg->data.sensor_type= 2
[91m [1776449384.830263] Client: [0m---before writing in log upd_msg->data.sid= device_0
[91m [1776449384.830267] Client: [0m---after writing in log upd_msg->seq_no = 38
[91m [1776449384.830272] Client: [0m---after writing in log upd_msg->data.sensor_type = 2
[91m [1776449384.830275] Client: [0m---after writing in log upd_msg->reliable = 1
[91m [1776449385.26718] BSON Message: [0mInside sensor type parsing.
[91m [1776449385.26728] BSON Message: [0mInside sensor type parsing end.
[91m [1776449385.26738] BSON Message: [0mInside sid parsing
[91m [1776449385.26743] BSON Message: [0mInside temp1 parsing.
[91m [1776449385.26749] Client: [0m---before writing in log upd_msg->seq_no= 89
[91m [1776449385.26754] Client: [0m---before writing in log upd_msg->type= 4
[91m [1776449385.26758] Client: [0m---before writing in log upd_msg->frag_no= 0
[91m [1776449385.26763] Client: [0m---before writing in log upd_msg->reliable= 1
[91m [1776449385.26768] Client: [0m---before writing in log upd_msg->data.sensor_type= 1
[91m [1776449385.26773] Client: [0m---before writing in log upd_msg->data.sid= temp_1
[91m [1776449385.26778] Client: [0m---after writing in log upd_msg->seq_no = 89
[91m [1776449385.26787] Client: [0m---after writing in log upd_msg->data.sensor_type = 1
[91m [1776449385.26793] Client: [0m---after writing in log upd_msg->reliable = 1
[91m [1776449386.26075] BSON Message: [0mInside sensor type parsing.
[91m [1776449386.26085] BSON Message: [0mInside sensor type parsing end.
[91m [1776449386.26090] BSON Message: [0mInside sid parsing
[91m [1776449386.26096] BSON Message: [0mInside temp1 parsing.
[91m [1776449386.26102] Client: [0m---before writing in log upd_msg->seq_no= 90
[91m [1776449386.26107] Client: [0m---before writing in log upd_msg->type= 4
[91m [1776449386.26113] Client: [0m---before writing in log upd_msg->frag_no= 0
[91m [1776449386.26119] Client: [0m---before writing in log upd_msg->reliable= 1
[91m [1776449386.26123] Client: [0m---before writing in log upd_msg->data.sensor_type= 1
[91m [1776449386.26127] Client: [0m---before writing in log upd_msg->data.sid= temp_1
[91m [1776449386.26132] Client: [0m---after writing in log upd_msg->seq_no = 90
[91m [1776449386.26136] Client: [0m---after writing in log upd_msg->data.sensor_type = 1
[91m [1776449386.26141] Client: [0m---after writing in log upd_msg->reliable = 1
[91m [1776449387.30051] BSON Message: [0mInside sensor type parsing.
[91m [1776449387.30061] BSON Message: [0mInside sensor type parsing end.
[91m [1776449387.30065] BSON Message: [0mInside sid parsing
[91m [1776449387.30068] BSON Message: [0mInside temp1 parsing.
[91m [1776449387.30072] Client: [0m---before writing in log upd_msg->seq_no= 91
[91m [1776449387.30075] Client: [0m---before writing in log upd_msg->type= 4
[91m [1776449387.30079] Client: [0m---before writing in log upd_msg->frag_no= 0
[91m [1776449387.30082] Client: [0m---before writing in log upd_msg->reliable= 1
[91m [1776449387.30085] Client: [0m---before writing in log upd_msg->data.sensor_type= 1
[91m [1776449387.30088] Client: [0m---before writing in log upd_msg->data.sid= temp_1
[91m [1776449387.30092] Client: [0m---after writing in log upd_msg->seq_no = 91
[91m [1776449387.30095] Client: [0m---after writing in log upd_msg->data.sensor_type = 1
[91m [1776449387.30098] Client: [0m---after writing in log upd_msg->reliable = 1
[91m [1776449388.26757] BSON Message: [0mInside sensor type parsing.
[91m [1776449388.26770] BSON Message: [0mInside sensor type parsing end.
[91m [1776449388.26776] BSON Message: [0mInside sid parsing
[91m [1776449388.26781] BSON Message: [0mInside temp1 parsing.
[91m [1776449388.26787] Client: [0m---before writing in log upd_msg->seq_no= 92
[91m [1776449388.26792] Client: [0m---before writing in log upd_msg->type= 4
[91m [1776449388.26797] Client: [0m---before writing in log upd_msg->frag_no= 0
[91m [1776449388.26802] Client: [0m---before writing in log upd_msg->reliable= 1
[91m [1776449388.26807] Client: [0m---before writing in log upd_msg->data.sensor_type= 1
[91m [1776449388.26812] Client: [0m---before writing in log upd_msg->data.sid= temp_1
[91m [1776449388.26818] Client: [0m---after writing in log upd_msg->seq_no = 92
[91m [1776449388.26823] Client: [0m---after writing in log upd_msg->data.sensor_type = 1
[91m [1776449388.26827] Client: [0m---after writing in log upd_msg->reliable = 1
[91m [1776449388.437358] BSON Message: [0mInside sensor type parsing.
[91m [1776449388.437370] BSON Message: [0mInside sensor type parsing end.
[91m [1776449388.437376] BSON Message: [0mInside sid parsing
[91m [1776449388.437382] Client: [0m---before writing in log upd_msg->seq_no= 39
[91m [1776449388.437387] Client: [0m---before writing in log upd_msg->type= 4
[91m [1776449388.437392] Client: [0m---before writing in log upd_msg->frag_no= 0
[91m [1776449388.437396] Client: [0m---before writing in log upd_msg->reliable= 1
[91m [1776449388.437400] Client: [0m---before writing in log upd_msg->data.sensor_type= 2
[91m [1776449388.437405] Client: [0m---before writing in log upd_msg->data.sid= device_0
[91m [1776449388.437410] Client: [0m---after writing in log upd_msg->seq_no = 39
[91m [1776449388.437415] Client: [0m---after writing in log upd_msg->data.sensor_type = 2
[91m [1776449388.437424] Client: [0m---after writing in log upd_msg->reliable = 1
[91m [1776449389.26982] BSON Message: [0mInside sensor type parsing.
[91m [1776449389.26996] BSON Message: [0mInside sensor type parsing end.
[91m [1776449389.27002] BSON Message: [0mInside sid parsing
[91m [1776449389.27008] BSON Message: [0mInside temp1 parsing.
[91m [1776449389.27014] Client: [0m---before writing in log upd_msg->seq_no= 93
[91m [1776449389.27019] Client: [0m---before writing in log upd_msg->type= 4
[91m [1776449389.27023] Client: [0m---before writing in log upd_msg->frag_no= 0
[91m [1776449389.27027] Client: [0m---before writing in log upd_msg->reliable= 1
[91m [1776449389.27032] Client: [0m---before writing in log upd_msg->data.sensor_type= 1
[91m [1776449389.27036] Client: [0m---before writing in log upd_msg->data.sid= temp_1
[91m [1776449389.27042] Client: [0m---after writing in log upd_msg->seq_no = 93
[91m [1776449389.27046] Client: [0m---after writing in log upd_msg->data.sensor_type = 1
[91m [1776449389.27051] Client: [0m---after writing in log upd_msg->reliable = 1
[91m [1776449390.28626] BSON Message: [0mInside sensor type parsing.
[91m [1776449390.28657] BSON Message: [0mInside sensor type parsing end.
[91m [1776449390.28663] BSON Message: [0mInside sid parsing
[91m [1776449390.28668] BSON Message: [0mInside temp1 parsing.
[91m [1776449390.28676] Client: [0m---before writing in log upd_msg->seq_no= 94
[91m [1776449390.28681] Client: [0m---before writing in log upd_msg->type= 4
[91m [1776449390.28686] Client: [0m---before writing in log upd_msg->frag_no= 0
[91m [1776449390.28691] Client: [0m---before writing in log upd_msg->reliable= 1
[91m [1776449390.28695] Client: [0m---before writing in log upd_msg->data.sensor_type= 1
[91m [1776449390.28700] Client: [0m---before writing in log upd_msg->data.sid= temp_1
[91m [1776449390.28705] Client: [0m---after writing in log upd_msg->seq_no = 94
[91m [1776449390.28709] Client: [0m---after writing in log upd_msg->data.sensor_type = 1
[91m [1776449390.28714] Client: [0m---after writing in log upd_msg->reliable = 1
[91m [1776449391.28141] BSON Message: [0mInside sensor type parsing.
[91m [1776449391.28156] BSON Message: [0mInside sensor type parsing end.
[91m [1776449391.28162] BSON Message: [0mInside sid parsing
[91m [1776449391.28168] BSON Message: [0mInside temp1 parsing.
[91m [1776449391.28175] Client: [0m---before writing in log upd_msg->seq_no= 95
[91m [1776449391.28180] Client: [0m---before writing in log upd_msg->type= 4
[91m [1776449391.28186] Client: [0m---before writing in log upd_msg->frag_no= 0
[91m [1776449391.28191] Client: [0m---before writing in log upd_msg->reliable= 1
[91m [1776449391.28197] Client: [0m---before writing in log upd_msg->data.sensor_type= 1
[91m [1776449391.28203] Client: [0m---before writing in log upd_msg->data.sid= temp_1
[91m [1776449391.28210] Client: [0m---after writing in log upd_msg->seq_no = 95
[91m [1776449391.28215] Client: [0m---after writing in log upd_msg->data.sensor_type = 1
[91m [1776449391.28221] Client: [0m---after writing in log upd_msg->reliable = 1
[91m [1776449391.150156] BSON Message: [0mInside sensor type parsing.
[91m [1776449391.150167] BSON Message: [0mInside sensor type parsing end.
[91m [1776449391.150173] BSON Message: [0mInside sid parsing
[91m [1776449391.150179] BSON Message: [0mInside gps1 parsing.
[91m [1776449391.150197] Client: [0m---before writing in log upd_msg->seq_no= 12
[91m [1776449391.150201] Client: [0m---before writing in log upd_msg->type= 4
[91m [1776449391.150205] Client: [0m---before writing in log upd_msg->frag_no= 0
[91m [1776449391.150208] Client: [0m---before writing in log upd_msg->reliable= 1
[91m [1776449391.150212] Client: [0m---before writing in log upd_msg->data.sensor_type= 3
[91m [1776449391.150216] Client: [0m---before writing in log upd_msg->data.sid= gps_2
[91m [1776449391.150222] Client: [0m---after writing in log upd_msg->seq_no = 12
[91m [1776449391.150230] Client: [0m---after writing in log upd_msg->data.sensor_type = 3
[91m [1776449391.150233] Client: [0m---after writing in log upd_msg->reliable = 1
[91m [1776449391.175305] BSON Message: [0mInside sensor type parsing.
[91m [1776449391.175313] BSON Message: [0mInside sensor type parsing end.
[91m [1776449391.175318] BSON Message: [0mInside sid parsing
[91m [1776449391.175325] Client: [0m---before writing in log upd_msg->seq_no= 40
[91m [1776449391.175330] Client: [0m---before writing in log upd_msg->type= 4
[91m [1776449391.175335] Client: [0m---before writing in log upd_msg->frag_no= 0
[91m [1776449391.175339] Client: [0m---before writing in log upd_msg->reliable= 0
[91m [1776449391.175343] Client: [0m---before writing in log upd_msg->data.sensor_type= 2
[91m [1776449391.175346] Client: [0m---before writing in log upd_msg->data.sid= device_0
[91m [1776449391.175350] Client: [0m---after writing in log upd_msg->seq_no = 40
[91m [1776449391.175353] Client: [0m---after writing in log upd_msg->data.sensor_type = 2
[91m [1776449391.175356] Client: [0m---after writing in log upd_msg->reliable = 0
[91m [1776449392.28368] BSON Message: [0mInside sensor type parsing.
[91m [1776449392.28380] BSON Message: [0mInside sensor type parsing end.
[91m [1776449392.28386] BSON Message: [0mInside sid parsing
[91m [1776449392.28392] BSON Message: [0mInside temp1 parsing.
[91m [1776449392.28400] Client: [0m---before writing in log upd_msg->seq_no= 96
[91m [1776449392.28405] Client: [0m---before writing in log upd_msg->type= 4
[91m [1776449392.28410] Client: [0m---before writing in log upd_msg->frag_no= 0
[91m [1776449392.28417] Client: [0m---before writing in log upd_msg->reliable= 1
[91m [1776449392.28425] Client: [0m---before writing in log upd_msg->data.sensor_type= 1
[91m [1776449392.28432] Client: [0m---before writing in log upd_msg->data.sid= temp_1
[91m [1776449392.28437] Client: [0m---after writing in log upd_msg->seq_no = 96
[91m [1776449392.28442] Client: [0m---after writing in log upd_msg->data.sensor_type = 1
[91m [1776449392.28447] Client: [0m---after writing in log upd_msg->reliable = 1
[91m [1776449393.28744] BSON Message: [0mInside sensor type parsing.
[91m [1776449393.28755] BSON Message: [0mInside sensor type parsing end.
[91m [1776449393.28760] BSON Message: [0mInside sid parsing
[91m [1776449393.28764] BSON Message: [0mInside temp1 parsing.
[91m [1776449393.28770] Client: [0m---before writing in log upd_msg->seq_no= 97
[91m [1776449393.28775] Client: [0m---before writing in log upd_msg->type= 4
[91m [1776449393.28779] Client: [0m---before writing in log upd_msg->frag_no= 0
[91m [1776449393.28784] Client: [0m---before writing in log upd_msg->reliable= 1
[91m [1776449393.28788] Client: [0m---before writing in log upd_msg->data.sensor_type= 1
[91m [1776449393.28792] Client: [0m---before writing in log upd_msg->data.sid= temp_1
[91m [1776449393.28797] Client: [0m---after writing in log upd_msg->seq_no = 97
[91m [1776449393.28802] Client: [0m---after writing in log upd_msg->data.sensor_type = 1
[91m [1776449393.28806] Client: [0m---after writing in log upd_msg->reliable = 1
[91m [1776449393.288198] BSON Message: [0mInside sensor type parsing.
[91m [1776449393.288212] BSON Message: [0mInside sensor type parsing end.
[91m [1776449393.288219] BSON Message: [0mInside sid parsing
[91m [1776449393.288227] Client: [0m---before writing in log upd_msg->seq_no= 41
[91m [1776449393.288235] Client: [0m---before writing in log upd_msg->type= 4
[91m [1776449393.288240] Client: [0m---before writing in log upd_msg->frag_no= 0
[91m [1776449393.288246] Client: [0m---before writing in log upd_msg->reliable= 1
[91m [1776449393.288252] Client: [0m---before writing in log upd_msg->data.sensor_type= 2
[91m [1776449393.288257] Client: [0m---before writing in log upd_msg->data.sid= device_0
[91m [1776449393.288264] Client: [0m---after writing in log upd_msg->seq_no = 41
[91m [1776449393.288268] Client: [0m---after writing in log upd_msg->data.sensor_type = 2
[91m [1776449393.288279] Client: [0m---after writing in log upd_msg->reliable = 1
[91m [1776449394.29253] BSON Message: [0mInside sensor type parsing.
[91m [1776449394.29265] BSON Message: [0mInside sensor type parsing end.
[91m [1776449394.29270] BSON Message: [0mInside sid parsing
[91m [1776449394.29275] BSON Message: [0mInside temp1 parsing.
[91m [1776449394.29281] Client: [0m---before writing in log upd_msg->seq_no= 98
[91m [1776449394.29285] Client: [0m---before writing in log upd_msg->type= 4
[91m [1776449394.29290] Client: [0m---before writing in log upd_msg->frag_no= 0
[91m [1776449394.29294] Client: [0m---before writing in log upd_msg->reliable= 1
[91m [1776449394.29298] Client: [0m---before writing in log upd_msg->data.sensor_type= 1
[91m [1776449394.29303] Client: [0m---before writing in log upd_msg->data.sid= temp_1
[91m [1776449394.29308] Client: [0m---after writing in log upd_msg->seq_no = 98
[91m [1776449394.29312] Client: [0m---after writing in log upd_msg->data.sensor_type = 1
[91m [1776449394.29317] Client: [0m---after writing in log upd_msg->reliable = 1
[91m [1776449395.29166] BSON Message: [0mInside sensor type parsing.
[91m [1776449395.29177] BSON Message: [0mInside sensor type parsing end.
[91m [1776449395.29182] BSON Message: [0mInside sid parsing
[91m [1776449395.29187] BSON Message: [0mInside temp1 parsing.
[91m [1776449395.29193] Client: [0m---before writing in log upd_msg->seq_no= 99
[91m [1776449395.29197] Client: [0m---before writing in log upd_msg->type= 4
[91m [1776449395.29202] Client: [0m---before writing in log upd_msg->frag_no= 0
[91m [1776449395.29207] Client: [0m---before writing in log upd_msg->reliable= 1
[91m [1776449395.29211] Client: [0m---before writing in log upd_msg->data.sensor_type= 1
[91m [1776449395.29216] Client: [0m---before writing in log upd_msg->data.sid= temp_1
[91m [1776449395.29221] Client: [0m---after writing in log upd_msg->seq_no = 99
[91m [1776449395.29226] Client: [0m---after writing in log upd_msg->data.sensor_type = 1
[91m [1776449395.29231] Client: [0m---after writing in log upd_msg->reliable = 1
[91m [1776449395.468157] BSON Message: [0mInside sensor type parsing.
[91m [1776449395.468167] BSON Message: [0mInside sensor type parsing end.
[91m [1776449395.468173] BSON Message: [0mInside sid parsing
[91m [1776449395.468178] Client: [0m---before writing in log upd_msg->seq_no= 42
[91m [1776449395.468183] Client: [0m---before writing in log upd_msg->type= 4
[91m [1776449395.468188] Client: [0m---before writing in log upd_msg->frag_no= 0
[91m [1776449395.468194] Client: [0m---before writing in log upd_msg->reliable= 1
[91m [1776449395.468198] Client: [0m---before writing in log upd_msg->data.sensor_type= 2
[91m [1776449395.468203] Client: [0m---before writing in log upd_msg->data.sid= device_0
[91m [1776449395.468209] Client: [0m---after writing in log upd_msg->seq_no = 42
[91m [1776449395.468213] Client: [0m---after writing in log upd_msg->data.sensor_type = 2
[91m [1776449395.468218] Client: [0m---after writing in log upd_msg->reliable = 1
[91m [1776449396.29416] BSON Message: [0mInside sensor type parsing.
[91m [1776449396.29426] BSON Message: [0mInside sensor type parsing end.
[91m [1776449396.29431] BSON Message: [0mInside sid parsing
[91m [1776449396.29436] BSON Message: [0mInside temp1 parsing.
[91m [1776449396.29441] Client: [0m---before writing in log upd_msg->seq_no= 100
[91m [1776449396.29444] Client: [0m---before writing in log upd_msg->type= 4
[91m [1776449396.29448] Client: [0m---before writing in log upd_msg->frag_no= 0
[91m [1776449396.29452] Client: [0m---before writing in log upd_msg->reliable= 1
[91m [1776449396.29456] Client: [0m---before writing in log upd_msg->data.sensor_type= 1
[91m [1776449396.29460] Client: [0m---before writing in log upd_msg->data.sid= temp_1
[91m [1776449396.29465] Client: [0m---after writing in log upd_msg->seq_no = 100
[91m [1776449396.29468] Client: [0m---after writing in log upd_msg->data.sensor_type = 1
[91m [1776449396.29476] Client: [0m---after writing in log upd_msg->reliable = 1
[91m [1776449397.29951] BSON Message: [0mInside sensor type parsing.
[91m [1776449397.29964] BSON Message: [0mInside sensor type parsing end.
[91m [1776449397.29970] BSON Message: [0mInside sid parsing
[91m [1776449397.29976] BSON Message: [0mInside temp1 parsing.
[91m [1776449397.29982] Client: [0m---before writing in log upd_msg->seq_no= 101
[91m [1776449397.29987] Client: [0m---before writing in log upd_msg->type= 4
[91m [1776449397.29992] Client: [0m---before writing in log upd_msg->frag_no= 0
[91m [1776449397.29997] Client: [0m---before writing in log upd_msg->reliable= 1
[91m [1776449397.30003] Client: [0m---before writing in log upd_msg->data.sensor_type= 1
[91m [1776449397.30008] Client: [0m---before writing in log upd_msg->data.sid= temp_1
[91m [1776449397.30014] Client: [0m---after writing in log upd_msg->seq_no = 101
[91m [1776449397.30019] Client: [0m---after writing in log upd_msg->data.sensor_type = 1
[91m [1776449397.30024] Client: [0m---after writing in log upd_msg->reliable = 1
[91m [1776449398.30339] BSON Message: [0mInside sensor type parsing.
[91m [1776449398.30350] BSON Message: [0mInside sensor type parsing end.
[91m [1776449398.30356] BSON Message: [0mInside sid parsing
[91m [1776449398.30361] BSON Message: [0mInside temp1 parsing.
[91m [1776449398.30365] Client: [0m---before writing in log upd_msg->seq_no= 102
[91m [1776449398.30370] Client: [0m---before writing in log upd_msg->type= 4
[91m [1776449398.30375] Client: [0m---before writing in log upd_msg->frag_no= 0
[91m [1776449398.30380] Client: [0m---before writing in log upd_msg->reliable= 1
[91m [1776449398.30385] Client: [0m---before writing in log upd_msg->data.sensor_type= 1
[91m [1776449398.30389] Client: [0m---before writing in log upd_msg->data.sid= temp_1
[91m [1776449398.30395] Client: [0m---after writing in log upd_msg->seq_no = 102
[91m [1776449398.30399] Client: [0m---after writing in log upd_msg->data.sensor_type = 1
[91m [1776449398.30404] Client: [0m---after writing in log upd_msg->reliable = 1
[91m [1776449399.30548] BSON Message: [0mInside sensor type parsing.
[91m [1776449399.30559] BSON Message: [0mInside sensor type parsing end.
[91m [1776449399.30563] BSON Message: [0mInside sid parsing
[91m [1776449399.30567] BSON Message: [0mInside temp1 parsing.
[91m [1776449399.30571] Client: [0m---before writing in log upd_msg->seq_no= 103
[91m [1776449399.30574] Client: [0m---before writing in log upd_msg->type= 4
[91m [1776449399.30577] Client: [0m---before writing in log upd_msg->frag_no= 0
[91m [1776449399.30580] Client: [0m---before writing in log upd_msg->reliable= 1
[91m [1776449399.30583] Client: [0m---before writing in log upd_msg->data.sensor_type= 1
[91m [1776449399.30586] Client: [0m---before writing in log upd_msg->data.sid= temp_1
[91m [1776449399.30589] Client: [0m---after writing in log upd_msg->seq_no = 103
[91m [1776449399.30593] Client: [0m---after writing in log upd_msg->data.sensor_type = 1
[91m [1776449399.30596] Client: [0m---after writing in log upd_msg->reliable = 1
[91m [1776449399.307272] BSON Message: [0mInside sensor type parsing.
[91m [1776449399.307285] BSON Message: [0mInside sensor type parsing end.
[91m [1776449399.307291] BSON Message: [0mInside sid parsing
[91m [1776449399.307298] Client: [0m---before writing in log upd_msg->seq_no= 43
[91m [1776449399.307303] Client: [0m---before writing in log upd_msg->type= 4
[91m [1776449399.307308] Client: [0m---before writing in log upd_msg->frag_no= 0
[91m [1776449399.307314] Client: [0m---before writing in log upd_msg->reliable= 1
[91m [1776449399.307319] Client: [0m---before writing in log upd_msg->data.sensor_type= 2
[91m [1776449399.307324] Client: [0m---before writing in log upd_msg->data.sid= device_0
[91m [1776449399.307331] Client: [0m---after writing in log upd_msg->seq_no = 43
[91m [1776449399.307336] Client: [0m---after writing in log upd_msg->data.sensor_type = 2
[91m [1776449399.307347] Client: [0m---after writing in log upd_msg->reliable = 1
[91m [1776449400.31802] BSON Message: [0mInside sensor type parsing.
[91m [1776449400.31816] BSON Message: [0mInside sensor type parsing end.
[91m [1776449400.31822] BSON Message: [0mInside sid parsing
[91m [1776449400.31827] BSON Message: [0mInside temp1 parsing.
[91m [1776449400.31833] Client: [0m---before writing in log upd_msg->seq_no= 104
[91m [1776449400.31839] Client: [0m---before writing in log upd_msg->type= 4
[91m [1776449400.31845] Client: [0m---before writing in log upd_msg->frag_no= 0
[91m [1776449400.31850] Client: [0m---before writing in log upd_msg->reliable= 1
[91m [1776449400.31855] Client: [0m---before writing in log upd_msg->data.sensor_type= 1
[91m [1776449400.31880] Client: [0m---before writing in log upd_msg->data.sid= temp_1
[91m [1776449400.31887] Client: [0m---after writing in log upd_msg->seq_no = 104
[91m [1776449400.31893] Client: [0m---after writing in log upd_msg->data.sensor_type = 1
[91m [1776449400.31898] Client: [0m---after writing in log upd_msg->reliable = 1
[91m [1776449401.31387] BSON Message: [0mInside sensor type parsing.
[91m [1776449401.31397] BSON Message: [0mInside sensor type parsing end.
[91m [1776449401.31403] BSON Message: [0mInside sid parsing
[91m [1776449401.31408] BSON Message: [0mInside temp1 parsing.
[91m [1776449401.31414] Client: [0m---before writing in log upd_msg->seq_no= 105
[91m [1776449401.31421] Client: [0m---before writing in log upd_msg->type= 4
[91m [1776449401.31426] Client: [0m---before writing in log upd_msg->frag_no= 0
[91m [1776449401.31430] Client: [0m---before writing in log upd_msg->reliable= 1
[91m [1776449401.31434] Client: [0m---before writing in log upd_msg->data.sensor_type= 1
[91m [1776449401.31440] Client: [0m---before writing in log upd_msg->data.sid= temp_1
[91m [1776449401.31445] Client: [0m---after writing in log upd_msg->seq_no = 105
[91m [1776449401.31450] Client: [0m---after writing in log upd_msg->data.sensor_type = 1
[91m [1776449401.31455] Client: [0m---after writing in log upd_msg->reliable = 1
[91m [1776449402.31307] BSON Message: [0mInside sensor type parsing.
[91m [1776449402.31317] BSON Message: [0mInside sensor type parsing end.
[91m [1776449402.31322] BSON Message: [0mInside sid parsing
[91m [1776449402.31326] BSON Message: [0mInside temp1 parsing.
[91m [1776449402.31332] Client: [0m---before writing in log upd_msg->seq_no= 106
[91m [1776449402.31336] Client: [0m---before writing in log upd_msg->type= 4
[91m [1776449402.31339] Client: [0m---before writing in log upd_msg->frag_no= 0
[91m [1776449402.31343] Client: [0m---before writing in log upd_msg->reliable= 0
[91m [1776449402.31347] Client: [0m---before writing in log upd_msg->data.sensor_type= 1
[91m [1776449402.31351] Client: [0m---before writing in log upd_msg->data.sid= temp_1
[91m [1776449402.31356] Client: [0m---after writing in log upd_msg->seq_no = 106
[91m [1776449402.31359] Client: [0m---after writing in log upd_msg->data.sensor_type = 1
[91m [1776449402.31363] Client: [0m---after writing in log upd_msg->reliable = 0
[91m [1776449402.457081] BSON Message: [0mInside sensor type parsing.
[91m [1776449402.457095] BSON Message: [0mInside sensor type parsing end.
[91m [1776449402.457101] BSON Message: [0mInside sid parsing
[91m [1776449402.457108] Client: [0m---before writing in log upd_msg->seq_no= 44
[91m [1776449402.457114] Client: [0m---before writing in log upd_msg->type= 4
[91m [1776449402.457120] Client: [0m---before writing in log upd_msg->frag_no= 0
[91m [1776449402.457126] Client: [0m---before writing in log upd_msg->reliable= 1
[91m [1776449402.457131] Client: [0m---before writing in log upd_msg->data.sensor_type= 2
[91m [1776449402.457137] Client: [0m---before writing in log upd_msg->data.sid= device_0
[91m [1776449402.457144] Client: [0m---after writing in log upd_msg->seq_no = 44
[91m [1776449402.457150] Client: [0m---after writing in log upd_msg->data.sensor_type = 2
[91m [1776449402.457161] Client: [0m---after writing in log upd_msg->reliable = 1
[91m [1776449403.32604] BSON Message: [0mInside sensor type parsing.
[91m [1776449403.32617] BSON Message: [0mInside sensor type parsing end.
[91m [1776449403.32623] BSON Message: [0mInside sid parsing
[91m [1776449403.32628] BSON Message: [0mInside temp1 parsing.
[91m [1776449403.32635] Client: [0m---before writing in log upd_msg->seq_no= 107
[91m [1776449403.32641] Client: [0m---before writing in log upd_msg->type= 4
[91m [1776449403.32646] Client: [0m---before writing in log upd_msg->frag_no= 0
[91m [1776449403.32652] Client: [0m---before writing in log upd_msg->reliable= 1
[91m [1776449403.32657] Client: [0m---before writing in log upd_msg->data.sensor_type= 1
[91m [1776449403.32665] Client: [0m---before writing in log upd_msg->data.sid= temp_1
[91m [1776449403.32671] Client: [0m---after writing in log upd_msg->seq_no = 107
[91m [1776449403.32676] Client: [0m---after writing in log upd_msg->data.sensor_type = 1
[91m [1776449403.32682] Client: [0m---after writing in log upd_msg->reliable = 1
[91m [1776449403.779744] BSON Message: [0mInside sensor type parsing.
[91m [1776449403.779757] BSON Message: [0mInside sensor type parsing end.
[91m [1776449403.779763] BSON Message: [0mInside sid parsing
[91m [1776449403.779770] Client: [0m---before writing in log upd_msg->seq_no= 45
[91m [1776449403.779775] Client: [0m---before writing in log upd_msg->type= 4
[91m [1776449403.779780] Client: [0m---before writing in log upd_msg->frag_no= 0
[91m [1776449403.779786] Client: [0m---before writing in log upd_msg->reliable= 1
[91m [1776449403.779792] Client: [0m---before writing in log upd_msg->data.sensor_type= 2
[91m [1776449403.779797] Client: [0m---before writing in log upd_msg->data.sid= device_0
[91m [1776449403.779803] Client: [0m---after writing in log upd_msg->seq_no = 45
[91m [1776449403.779808] Client: [0m---after writing in log upd_msg->data.sensor_type = 2
[91m [1776449403.779813] Client: [0m---after writing in log upd_msg->reliable = 1
[91m [1776449404.32181] BSON Message: [0mInside sensor type parsing.
[91m [1776449404.32194] BSON Message: [0mInside sensor type parsing end.
[91m [1776449404.32200] BSON Message: [0mInside sid parsing
[91m [1776449404.32205] BSON Message: [0mInside temp1 parsing.
-------- 1
Got a message from the server.
Message type is 4
---------Update message arrived------------ 1
Got a message from the server.
Message type is 4
---------Update message arrived------------ 1
Got a message from the server.
Message type is 4
---------Update message arrived------------ 1
Got a message from the server.
Message type is 4
---------Update message arrived------------ 1
Got a message from the server.
Message type is 4
---------Update message arrived------------ 1
Got a message from the server.
Message type is 4
---------Update message arrived------------ 1
Got a message from the server.
Message type is 4
---------Update message arrived------------ 1
Got a message from the server.
Message type is 4
---------Update message arrived------------ 1
Got a message from the server.
Message type is 4
---------Update message arrived------------ 1
Got a message from the server.
Message type is 4
---------Update message arrived------------ 1
Got a message from the server.
Message type is 4
---------Update message arrived------------ 1
Got a message from the server.
Message type is 4
---------Update message arrived------------ 1
Got a message from the server.
Message type is 4
---------Update message arrived------------ 1
Got a message from the server.
Message type is 4
---------Update message arrived------------ 1
Got a message from the server.
Message type is 4
---------Update message arrived------------ 1
Got a message from the server.
Message type is 4
---------Update message arrived------------ 1
Got a message from the server.
Message type is 4
---------Update message arrived------------ 1
Got a message from the server.
Message type is 4
---------Update message arrived------------ 1
Got a message from the server.
Message type is 4
---------Update message arrived------------ 1
Got a message from the server.
Message type is 4
---------Update message arrived------------ 1
Got a message from the server.
Message type is 4
---------Update message arrived------------ 1
Got a message from the server.
Message type is 4
---------Update message arrived------------ 1
Got a message from the server.
Message type is 4
---------Update message arrived------------ 1
Got a message from the server.
Message type is 4
---------Update message arrived------------ 1
Got a message from the server.
Message type is 4
---------Update message arrived------------ 1
Got a message from the server.
Message type is 4
---------Update message arrived------------ 1
Got a message from the server.
Message type is 4
---------Update message arrived------------ 1
Got a message from the server.
Message type is 4
---------Update message arrived------------ 1
Got a message from the server.
Message type is 4
---------Update message arrived------------ 1
Got a message from the server.
Message type is 4
---------Update message arrived------------ 1
Got a message from the server.
Message type is 4
---------Update message arrived------------ 1
Got a message from the server.
Message type is 4
---------Update message arrived------------ 1
Got a message from the server.
Message type is 4
---------Update message arrived------------ 1
Got a message from the server.
Message type is 4
---------Update message arrived------------ 1
Got a message from the server.
Message type is 4
---------Update message arrived------------ 1
Got a message from the server.
Message type is 4
---------Update message arrived------------ 1
Got a message from the server.
Message type is 4
---------Update message arrived------------ 1
Got a message from the server.
Message type is 4
---------Update message arrived------------ 1
Got a message from the server.
Message type is 4
---------Update message arrived------------ 1
Got a message from the server.
Message type is 4
---------Update message arrived------------ 1
Got a message from the server.
Message type is 4
---------Update message arrived------------ 1
Got a message from the server.
Message type is 4
---------Update message arrived------------ 1
Got a message from the server.
Message type is 4
---------Update message arrived------------ 1
[91m [1776449404.32218] Client: [0m---before writing in log upd_msg->seq_no= 108
[91m [1776449404.32223] Client: [0m---before writing in log upd_msg->type= 4
[91m [1776449404.32228] Client: [0m---before writing in log upd_msg->frag_no= 0
[91m [1776449404.32236] Client: [0m---before writing in log upd_msg->reliable= 1
[91m [1776449404.32240] Client: [0m---before writing in log upd_msg->data.sensor_type= 1
[91m [1776449404.32244] Client: [0m---before writing in log upd_msg->data.sid= temp_1
[91m [1776449404.32250] Client: [0m---after writing in log upd_msg->seq_no = 108
[91m [1776449404.32254] Client: [0m---after writing in log upd_msg->data.sensor_type = 1
[91m [1776449404.32258] Client: [0m---after writing in log upd_msg->reliable = 1
[91m [1776449405.32895] BSON Message: [0mInside sensor type parsing.
[91m [1776449405.32907] BSON Message: [0mInside sensor type parsing end.
[91m [1776449405.32913] BSON Message: [0mInside sid parsing
[91m [1776449405.32992] BSON Message: [0mInside temp1 parsing.
[91m [1776449405.32998] Client: [0m---before writing in log upd_msg->seq_no= 109
[91m [1776449405.33003] Client: [0m---before writing in log upd_msg->type= 4
[91m [1776449405.33007] Client: [0m---before writing in log upd_msg->frag_no= 0
[91m [1776449405.33012] Client: [0m---before writing in log upd_msg->reliable= 1
[91m [1776449405.33016] Client: [0m---before writing in log upd_msg->data.sensor_type= 1
[91m [1776449405.33020] Client: [0m---before writing in log upd_msg->data.sid= temp_1
[91m [1776449405.33026] Client: [0m---after writing in log upd_msg->seq_no = 109
[91m [1776449405.33030] Client: [0m---after writing in log upd_msg->data.sensor_type = 1
[91m [1776449405.33039] Client: [0m---after writing in log upd_msg->reliable = 1
[91m [1776449405.558542] BSON Message: [0mInside sensor type parsing.
[91m [1776449405.558556] BSON Message: [0mInside sensor type parsing end.
[91m [1776449405.558563] BSON Message: [0mInside sid parsing
[91m [1776449405.558570] Client: [0m---before writing in log upd_msg->seq_no= 46
[91m [1776449405.558576] Client: [0m---before writing in log upd_msg->type= 4
[91m [1776449405.558582] Client: [0m---before writing in log upd_msg->frag_no= 0
[91m [1776449405.558588] Client: [0m---before writing in log upd_msg->reliable= 1
[91m [1776449405.558593] Client: [0m---before writing in log upd_msg->data.sensor_type= 2
[91m [1776449405.558598] Client: [0m---before writing in log upd_msg->data.sid= device_0
[91m [1776449405.558605] Client: [0m---after writing in log upd_msg->seq_no = 46
[91m [1776449405.558610] Client: [0m---after writing in log upd_msg->data.sensor_type = 2
[91m [1776449405.558616] Client: [0m---after writing in log upd_msg->reliable = 1
[91m [1776449406.32911] BSON Message: [0mInside sensor type parsing.
[91m [1776449406.32937] BSON Message: [0mInside sensor type parsing end.
[91m [1776449406.32944] BSON Message: [0mInside sid parsing
[91m [1776449406.32951] BSON Message: [0mInside temp1 parsing.
[91m [1776449406.32957] Client: [0m---before writing in log upd_msg->seq_no= 110
[91m [1776449406.32963] Client: [0m---before writing in log upd_msg->type= 4
[91m [1776449406.32969] Client: [0m---before writing in log upd_msg->frag_no= 0
[91m [1776449406.32974] Client: [0m---before writing in log upd_msg->reliable= 1
[91m [1776449406.32980] Client: [0m---before writing in log upd_msg->data.sensor_type= 1
[91m [1776449406.32985] Client: [0m---before writing in log upd_msg->data.sid= temp_1
[91m [1776449406.32992] Client: [0m---after writing in log upd_msg->seq_no = 110
[91m [1776449406.32997] Client: [0m---after writing in log upd_msg->data.sensor_type = 1
[91m [1776449406.33003] Client: [0m---after writing in log upd_msg->reliable = 1
[91m [1776449406.54322] BSON Message: [0mInside sensor type parsing.
[91m [1776449406.54331] BSON Message: [0mInside sensor type parsing end.
[91m [1776449406.54335] BSON Message: [0mInside sid parsing
[91m [1776449406.54340] Client: [0m---before writing in log upd_msg->seq_no= 47
[91m [1776449406.54345] Client: [0m---before writing in log upd_msg->type= 4
[91m [1776449406.54350] Client: [0m---before writing in log upd_msg->frag_no= 0
[91m [1776449406.54353] Client: [0m---before writing in log upd_msg->reliable= 1
[91m [1776449406.54356] Client: [0m---before writing in log upd_msg->data.sensor_type= 2
[91m [1776449406.54359] Client: [0m---before writing in log upd_msg->data.sid= device_0
[91m [1776449406.54364] Client: [0m---after writing in log upd_msg->seq_no = 47
[91m [1776449406.54368] Client: [0m---after writing in log upd_msg->data.sensor_type = 2
[91m [1776449406.54372] Client: [0m---after writing in log upd_msg->reliable = 1
[91m [1776449407.32975] BSON Message: [0mInside sensor type parsing.
[91m [1776449407.32984] BSON Message: [0mInside sensor type parsing end.
[91m [1776449407.32989] BSON Message: [0mInside sid parsing
[91m [1776449407.32995] BSON Message: [0mInside temp1 parsing.
[91m [1776449407.33002] Client: [0m---before writing in log upd_msg->seq_no= 111
[91m [1776449407.33006] Client: [0m---before writing in log upd_msg->type= 4
[91m [1776449407.33010] Client: [0m---before writing in log upd_msg->frag_no= 0
[91m [1776449407.33014] Client: [0m---before writing in log upd_msg->reliable= 1
[91m [1776449407.33017] Client: [0m---before writing in log upd_msg->data.sensor_type= 1
[91m [1776449407.33024] Client: [0m---before writing in log upd_msg->data.sid= temp_1
[91m [1776449407.33028] Client: [0m---after writing in log upd_msg->seq_no = 111
[91m [1776449407.33032] Client: [0m---after writing in log upd_msg->data.sensor_type = 1
[91m [1776449407.33036] Client: [0m---after writing in log upd_msg->reliable = 1
[91m [1776449407.759963] BSON Message: [0mInside sensor type parsing.
[91m [1776449407.759971] BSON Message: [0mInside sensor type parsing end.
[91m [1776449407.759974] BSON Message: [0mInside sid parsing
[91m [1776449407.759978] Client: [0m---before writing in log upd_msg->seq_no= 48
[91m [1776449407.759982] Client: [0m---before writing in log upd_msg->type= 4
[91m [1776449407.759985] Client: [0m---before writing in log upd_msg->frag_no= 0
[91m [1776449407.759988] Client: [0m---before writing in log upd_msg->reliable= 1
[91m [1776449407.759991] Client: [0m---before writing in log upd_msg->data.sensor_type= 2
[91m [1776449407.759995] Client: [0m---before writing in log upd_msg->data.sid= device_0
[91m [1776449407.760000] Client: [0m---after writing in log upd_msg->seq_no = 48
[91m [1776449407.760004] Client: [0m---after writing in log upd_msg->data.sensor_type = 2
[91m [1776449407.760008] Client: [0m---after writing in log upd_msg->reliable = 1
[91m [1776449408.33138] BSON Message: [0mInside sensor type parsing.
[91m [1776449408.33148] BSON Message: [0mInside sensor type parsing end.
[91m [1776449408.33153] BSON Message: [0mInside sid parsing
[91m [1776449408.33162] BSON Message: [0mInside temp1 parsing.
[91m [1776449408.33168] Client: [0m---before writing in log upd_msg->seq_no= 112
[91m [1776449408.33173] Client: [0m---before writing in log upd_msg->type= 4
[91m [1776449408.33178] Client: [0m---before writing in log upd_msg->frag_no= 0
[91m [1776449408.33183] Client: [0m---before writing in log upd_msg->reliable= 1
[91m [1776449408.33188] Client: [0m---before writing in log upd_msg->data.sensor_type= 1
[91m [1776449408.33191] Client: [0m---before writing in log upd_msg->data.sid= temp_1
[91m [1776449408.33197] Client: [0m---after writing in log upd_msg->seq_no = 112
[91m [1776449408.33201] Client: [0m---after writing in log upd_msg->data.sensor_type = 1
[91m [1776449408.33205] Client: [0m---after writing in log upd_msg->reliable = 1
[91m [1776449409.33809] BSON Message: [0mInside sensor type parsing.
[91m [1776449409.33823] BSON Message: [0mInside sensor type parsing end.
[91m [1776449409.33829] BSON Message: [0mInside sid parsing
[91m [1776449409.33835] BSON Message: [0mInside temp1 parsing.
[91m [1776449409.33841] Client: [0m---before writing in log upd_msg->seq_no= 113
[91m [1776449409.33846] Client: [0m---before writing in log upd_msg->type= 4
[91m [1776449409.33851] Client: [0m---before writing in log upd_msg->frag_no= 0
[91m [1776449409.33856] Client: [0m---before writing in log upd_msg->reliable= 1
[91m [1776449409.33864] Client: [0m---before writing in log upd_msg->data.sensor_type= 1
[91m [1776449409.33869] Client: [0m---before writing in log upd_msg->data.sid= temp_1
[91m [1776449409.33875] Client: [0m---after writing in log upd_msg->seq_no = 113
[91m [1776449409.33879] Client: [0m---after writing in log upd_msg->data.sensor_type = 1
[91m [1776449409.33884] Client: [0m---after writing in log upd_msg->reliable = 1
[91m [1776449409.139714] BSON Message: [0mInside sensor type parsing.
[91m [1776449409.139727] BSON Message: [0mInside sensor type parsing end.
[91m [1776449409.139731] BSON Message: [0mInside sid parsing
[91m [1776449409.139736] BSON Message: [0mInside gps1 parsing.
[91m [1776449409.139741] Client: [0m---before writing in log upd_msg->seq_no= 13
[91m [1776449409.139744] Client: [0m---before writing in log upd_msg->type= 4
[91m [1776449409.139748] Client: [0m---before writing in log upd_msg->frag_no= 0
[91m [1776449409.139752] Client: [0m---before writing in log upd_msg->reliable= 1
[91m [1776449409.139756] Client: [0m---before writing in log upd_msg->data.sensor_type= 3
[91m [1776449409.139760] Client: [0m---before writing in log upd_msg->data.sid= gps_2
[91m [1776449409.139767] Client: [0m---after writing in log upd_msg->seq_no = 13
[91m [1776449409.139771] Client: [0m---after writing in log upd_msg->data.sensor_type = 3
[91m [1776449409.139775] Client: [0m---after writing in log upd_msg->reliable = 1
[91m [1776449410.33899] BSON Message: [0mInside sensor type parsing.
[91m [1776449410.33909] BSON Message: [0mInside sensor type parsing end.
[91m [1776449410.33914] BSON Message: [0mInside sid parsing
[91m [1776449410.33931] BSON Message: [0mInside temp1 parsing.
[91m [1776449410.33938] Client: [0m---before writing in log upd_msg->seq_no= 114
[91m [1776449410.33944] Client: [0m---before writing in log upd_msg->type= 4
[91m [1776449410.33950] Client: [0m---before writing in log upd_msg->frag_no= 0
[91m [1776449410.33954] Client: [0m---before writing in log upd_msg->reliable= 1
[91m [1776449410.33959] Client: [0m---before writing in log upd_msg->data.sensor_type= 1
[91m [1776449410.33965] Client: [0m---before writing in log upd_msg->data.sid= temp_1
[91m [1776449410.33971] Client: [0m---after writing in log upd_msg->seq_no = 114
[91m [1776449410.33975] Client: [0m---after writing in log upd_msg->data.sensor_type = 1
[91m [1776449410.33979] Client: [0m---after writing in log upd_msg->reliable = 1
[91m [1776449411.33938] BSON Message: [0mInside sensor type parsing.
[91m [1776449411.33950] BSON Message: [0mInside sensor type parsing end.
[91m [1776449411.33956] BSON Message: [0mInside sid parsing
[91m [1776449411.33961] BSON Message: [0mInside temp1 parsing.
[91m [1776449411.33967] Client: [0m---before writing in log upd_msg->seq_no= 115
[91m [1776449411.33971] Client: [0m---before writing in log upd_msg->type= 4
[91m [1776449411.33975] Client: [0m---before writing in log upd_msg->frag_no= 0
[91m [1776449411.33979] Client: [0m---before writing in log upd_msg->reliable= 1
[91m [1776449411.33983] Client: [0m---before writing in log upd_msg->data.sensor_type= 1
[91m [1776449411.33987] Client: [0m---before writing in log upd_msg->data.sid= temp_1
[91m [1776449411.33992] Client: [0m---after writing in log upd_msg->seq_no = 115
[91m [1776449411.33995] Client: [0m---after writing in log upd_msg->data.sensor_type = 1
[91m [1776449411.33999] Client: [0m---after writing in log upd_msg->reliable = 1
[91m [1776449411.644872] BSON Message: [0mInside sensor type parsing.
[91m [1776449411.644884] BSON Message: [0mInside sensor type parsing end.
[91m [1776449411.644891] BSON Message: [0mInside sid parsing
[91m [1776449411.644899] Client: [0m---before writing in log upd_msg->seq_no= 49
[91m [1776449411.644906] Client: [0m---before writing in log upd_msg->type= 4
[91m [1776449411.644912] Client: [0m---before writing in log upd_msg->frag_no= 0
[91m [1776449411.644927] Client: [0m---before writing in log upd_msg->reliable= 1
[91m [1776449411.644933] Client: [0m---before writing in log upd_msg->data.sensor_type= 2
[91m [1776449411.644940] Client: [0m---before writing in log upd_msg->data.sid= device_0
[91m [1776449411.644947] Client: [0m---after writing in log upd_msg->seq_no = 49
[91m [1776449411.644953] Client: [0m---after writing in log upd_msg->data.sensor_type = 2
[91m [1776449411.644961] Client: [0m---after writing in log upd_msg->reliable = 1
[91m [1776449412.34858] BSON Message: [0mInside sensor type parsing.
[91m [1776449412.34870] BSON Message: [0mInside sensor type parsing end.
[91m [1776449412.34878] BSON Message: [0mInside sid parsing
[91m [1776449412.34885] BSON Message: [0mInside temp1 parsing.
[91m [1776449412.34894] Client: [0m---before writing in log upd_msg->seq_no= 116
[91m [1776449412.34901] Client: [0m---before writing in log upd_msg->type= 4
[91m [1776449412.34908] Client: [0m---before writing in log upd_msg->frag_no= 0
[91m [1776449412.34925] Client: [0m---before writing in log upd_msg->reliable= 0
[91m [1776449412.34934] Client: [0m---before writing in log upd_msg->data.sensor_type= 1
[91m [1776449412.34941] Client: [0m---before writing in log upd_msg->data.sid= temp_1
[91m [1776449412.34950] Client: [0m---after writing in log upd_msg->seq_no = 116
[91m [1776449412.34957] Client: [0m---after writing in log upd_msg->data.sensor_type = 1
[91m [1776449412.34965] Client: [0m---after writing in log upd_msg->reliable = 0
[91m [1776449413.34833] BSON Message: [0mInside sensor type parsing.
[91m [1776449413.34842] BSON Message: [0mInside sensor type parsing end.
[91m [1776449413.34847] BSON Message: [0mInside sid parsing
[91m [1776449413.34852] BSON Message: [0mInside temp1 parsing.
[91m [1776449413.34859] Client: [0m---before writing in log upd_msg->seq_no= 117
[91m [1776449413.34863] Client: [0m---before writing in log upd_msg->type= 4
[91m [1776449413.34867] Client: [0m---before writing in log upd_msg->frag_no= 0
[91m [1776449413.34873] Client: [0m---before writing in log upd_msg->reliable= 1
[91m [1776449413.34879] Client: [0m---before writing in log upd_msg->data.sensor_type= 1
[91m [1776449413.34884] Client: [0m---before writing in log upd_msg->data.sid= temp_1
[91m [1776449413.34889] Client: [0m---after writing in log upd_msg->seq_no = 117
[91m [1776449413.34893] Client: [0m---after writing in log upd_msg->data.sensor_type = 1
[91m [1776449413.34897] Client: [0m---after writing in log upd_msg->reliable = 1
[91m [1776449414.34879] BSON Message: [0mInside sensor type parsing.
[91m [1776449414.34890] BSON Message: [0mInside sensor type parsing end.
[91m [1776449414.34895] BSON Message: [0mInside sid parsing
[91m [1776449414.34899] BSON Message: [0mInside temp1 parsing.
[91m [1776449414.34905] Client: [0m---before writing in log upd_msg->seq_no= 118
[91m [1776449414.34909] Client: [0m---before writing in log upd_msg->type= 4
[91m [1776449414.34913] Client: [0m---before writing in log upd_msg->frag_no= 0
[91m [1776449414.34927] Client: [0m---before writing in log upd_msg->reliable= 1
[91m [1776449414.34932] Client: [0m---before writing in log upd_msg->data.sensor_type= 1
[91m [1776449414.34936] Client: [0m---before writing in log upd_msg->data.sid= temp_1
[91m [1776449414.34942] Client: [0m---after writing in log upd_msg->seq_no = 118
[91m [1776449414.34946] Client: [0m---after writing in log upd_msg->data.sensor_type = 1
[91m [1776449414.34950] Client: [0m---after writing in log upd_msg->reliable = 1
[91m [1776449414.698138] BSON Message: [0mInside sensor type parsing.
[91m [1776449414.698148] BSON Message: [0mInside sensor type parsing end.
[91m [1776449414.698153] BSON Message: [0mInside sid parsing
[91m [1776449414.698159] Client: [0m---before writing in log upd_msg->seq_no= 50
[91m [1776449414.698164] Client: [0m---before writing in log upd_msg->type= 4
[91m [1776449414.698169] Client: [0m---before writing in log upd_msg->frag_no= 0
[91m [1776449414.698174] Client: [0m---before writing in log upd_msg->reliable= 1
[91m [1776449414.698180] Client: [0m---before writing in log upd_msg->data.sensor_type= 2
[91m [1776449414.698185] Client: [0m---before writing in log upd_msg->data.sid= device_0
[91m [1776449414.698190] Client: [0m---after writing in log upd_msg->seq_no = 50
[91m [1776449414.698194] Client: [0m---after writing in log upd_msg->data.sensor_type = 2
[91m [1776449414.698199] Client: [0m---after writing in log upd_msg->reliable = 1
[91m [1776449415.35418] BSON Message: [0mInside sensor type parsing.
[91m [1776449415.35428] BSON Message: [0mInside sensor type parsing end.
[91m [1776449415.35433] BSON Message: [0mInside sid parsing
[91m [1776449415.35437] BSON Message: [0mInside temp1 parsing.
[91m [1776449415.35443] Client: [0m---before writing in log upd_msg->seq_no= 119
[91m [1776449415.35448] Client: [0m---before writing in log upd_msg->type= 4
[91m [1776449415.35452] Client: [0m---before writing in log upd_msg->frag_no= 0
[91m [1776449415.35456] Client: [0m---before writing in log upd_msg->reliable= 1
[91m [1776449415.35461] Client: [0m---before writing in log upd_msg->data.sensor_type= 1
[91m [1776449415.35466] Client: [0m---before writing in log upd_msg->data.sid= temp_1
[91m [1776449415.35472] Client: [0m---after writing in log upd_msg->seq_no = 119
[91m [1776449415.35478] Client: [0m---after writing in log upd_msg->data.sensor_type = 1
[91m [1776449415.35483] Client: [0m---after writing in log upd_msg->reliable = 1
[91m [1776449415.219149] BSON Message: [0mInside sensor type parsing.
[91m [1776449415.219163] BSON Message: [0mInside sensor type parsing end.
[91m [1776449415.219168] BSON Message: [0mInside sid parsing
[91m [1776449415.219175] Client: [0m---before writing in log upd_msg->seq_no= 51
[91m [1776449415.219181] Client: [0m---before writing in log upd_msg->type= 4
[91m [1776449415.219185] Client: [0m---before writing in log upd_msg->frag_no= 0
[91m [1776449415.219189] Client: [0m---before writing in log upd_msg->reliable= 1
[91m [1776449415.219194] Client: [0m---before writing in log upd_msg->data.sensor_type= 2
[91m [1776449415.219198] Client: [0m---before writing in log upd_msg->data.sid= device_0
[91m [1776449415.219203] Client: [0m---after writing in log upd_msg->seq_no = 51
[91m [1776449415.219207] Client: [0m---after writing in log upd_msg->data.sensor_type = 2
[91m [1776449415.219212] Client: [0m---after writing in log upd_msg->reliable = 1
[91m [1776449416.35645] BSON Message: [0mInside sensor type parsing.
[91m [1776449416.35658] BSON Message: [0mInside sensor type parsing end.
[91m [1776449416.35663] BSON Message: [0mInside sid parsing
[91m [1776449416.35669] BSON Message: [0mInside temp1 parsing.
[91m [1776449416.35675] Client: [0m---before writing in log upd_msg->seq_no= 120
[91m [1776449416.35680] Client: [0m---before writing in log upd_msg->type= 4
[91m [1776449416.35684] Client: [0m---before writing in log upd_msg->frag_no= 0
[91m [1776449416.35688] Client: [0m---before writing in log upd_msg->reliable= 1
[91m [1776449416.35693] Client: [0m---before writing in log upd_msg->data.sensor_type= 1
[91m [1776449416.35698] Client: [0m---before writing in log upd_msg->data.sid= temp_1
[91m [1776449416.35703] Client: [0m---after writing in log upd_msg->seq_no = 120
[91m [1776449416.35708] Client: [0m---after writing in log upd_msg->data.sensor_type = 1
[91m [1776449416.35712] Client: [0m---after writing in log upd_msg->reliable = 1
[91m [1776449416.438388] BSON Message: [0mInside sensor type parsing.
[91m [1776449416.438399] BSON Message: [0mInside sensor type parsing end.
[91m [1776449416.438404] BSON Message: [0mInside sid parsing
[91m [1776449416.438411] Client: [0m---before writing in log upd_msg->seq_no= 52
[91m [1776449416.438415] Client: [0m---before writing in log upd_msg->type= 4
[91m [1776449416.438420] Client: [0m---before writing in log upd_msg->frag_no= 0
[91m [1776449416.438425] Client: [0m---before writing in log upd_msg->reliable= 1
[91m [1776449416.438429] Client: [0m---before writing in log upd_msg->data.sensor_type= 2
[91m [1776449416.438434] Client: [0m---before writing in log upd_msg->data.sid= device_0
[91m [1776449416.438439] Client: [0m---after writing in log upd_msg->seq_no = 52
[91m [1776449416.438443] Client: [0m---after writing in log upd_msg->data.sensor_type = 2
[91m [1776449416.438448] Client: [0m---after writing in log upd_msg->reliable = 1
[91m [1776449416.843515] BSON Message: [0mInside sensor type parsing.
[91m [1776449416.843525] BSON Message: [0mInside sensor type parsing end.
[91m [1776449416.843529] BSON Message: [0mInside sid parsing
[91m [1776449416.843532] BSON Message: [0mInside gps1 parsing.
[91m [1776449416.843536] Client: [0m---before writing in log upd_msg->seq_no= 14
[91m [1776449416.843539] Client: [0m---before writing in log upd_msg->type= 4
[91m [1776449416.843542] Client: [0m---before writing in log upd_msg->frag_no= 0
[91m [1776449416.843546] Client: [0m---before writing in log upd_msg->reliable= 1
[91m [1776449416.843548] Client: [0m---before writing in log upd_msg->data.sensor_type= 3
[91m [1776449416.843551] Client: [0m---before writing in log upd_msg->data.sid= gps_2
[91m [1776449416.843557] Client: [0m---after writing in log upd_msg->seq_no = 14
[91m [1776449416.843560] Client: [0m---after writing in log upd_msg->data.sensor_type = 3
[91m [1776449416.843563] Client: [0m---after writing in log upd_msg->reliable = 1
[91m [1776449417.36342] BSON Message: [0mInside sensor type parsing.
[91m [1776449417.36355] BSON Message: [0mInside sensor type parsing end.
[91m [1776449417.36360] BSON Message: [0mInside sid parsing
[91m [1776449417.36365] BSON Message: [0mInside temp1 parsing.
[91m [1776449417.36371] Client: [0m---before writing in log upd_msg->seq_no= 121
[91m [1776449417.36375] Client: [0m---before writing in log upd_msg->type= 4
[91m [1776449417.36380] Client: [0m---before writing in log upd_msg->frag_no= 0
[91m [1776449417.36385] Client: [0m---before writing in log upd_msg->reliable= 1
[91m [1776449417.36390] Client: [0m---before writing in log upd_msg->data.sensor_type= 1
[91m [1776449417.36394] Client: [0m---before writing in log upd_msg->data.sid= temp_1
[91m [1776449417.36400] Client: [0m---after writing in log upd_msg->seq_no = 121
[91m [1776449417.36404] Client: [0m---after writing in log upd_msg->data.sensor_type = 1
[91m [1776449417.36408] Client: [0m---after writing in log upd_msg->reliable = 1
[91m [1776449418.36490] BSON Message: [0mInside sensor type parsing.
[91m [1776449418.36503] BSON Message: [0mInside sensor type parsing end.
[91m [1776449418.36510] BSON Message: [0mInside sid parsing
[91m [1776449418.36516] BSON Message: [0mInside temp1 parsing.
[91m [1776449418.36524] Client: [0m---before writing in log upd_msg->seq_no= 122
[91m [1776449418.36530] Client: [0m---before writing in log upd_msg->type= 4
[91m [1776449418.36536] Client: [0m---before writing in log upd_msg->frag_no= 0
[91m [1776449418.36543] Client: [0m---before writing in log upd_msg->reliable= 1
[91m [1776449418.36548] Client: [0m---before writing in log upd_msg->data.sensor_type= 1
[91m [1776449418.36554] Client: [0m---before writing in log upd_msg->data.sid= temp_1
[91m [1776449418.36562] Client: [0m---after writing in log upd_msg->seq_no = 122
[91m [1776449418.36568] Client: [0m---after writing in log upd_msg->data.sensor_type = 1
[91m [1776449418.36574] Client: [0m---after writing in log upd_msg->reliable = 1
[91m [1776449418.616827] BSON Message: [0mInside sensor type parsing.
[91m [1776449418.616839] BSON Message: [0mInside sensor type parsing end.
[91m [1776449418.616845] BSON Message: [0mInside sid parsing
[91m [1776449418.616852] Client: [0m---before writing in log upd_msg->seq_no= 53
[91m [1776449418.616857] Client: [0m---before writing in log upd_msg->type= 4
[91m [1776449418.616861] Client: [0m---before writing in log upd_msg->frag_no= 0
[91m [1776449418.616866] Client: [0m---before writing in log upd_msg->reliable= 1
[91m [1776449418.616871] Client: [0m---before writing in log upd_msg->data.sensor_type= 2
[91m [1776449418.616874] Client: [0m---before writing in log upd_msg->data.sid= device_0
[91m [1776449418.616880] Client: [0m---after writing in log upd_msg->seq_no = 53
[91m [1776449418.616884] Client: [0m---after writing in log upd_msg->data.sensor_type = 2
[91m [1776449418.616889] Client: [0m---after writing in log upd_msg->reliable = 1
[91m [1776449419.36578] BSON Message: [0mInside sensor type parsing.
[91m [1776449419.36587] BSON Message: [0mInside sensor type parsing end.
[91m [1776449419.36592] BSON Message: [0mInside sid parsing
[91m [1776449419.36597] BSON Message: [0mInside temp1 parsing.
[91m [1776449419.36603] Client: [0m---before writing in log upd_msg->seq_no= 123
[91m [1776449419.36606] Client: [0m---before writing in log upd_msg->type= 4
[91m [1776449419.36609] Client: [0m---before writing in log upd_msg->frag_no= 0
[91m [1776449419.36613] Client: [0m---before writing in log upd_msg->reliable= 1
[91m [1776449419.36617] Client: [0m---before writing in log upd_msg->data.sensor_type= 1
[91m [1776449419.36621] Client: [0m---before writing in log upd_msg->data.sid= temp_1
[91m [1776449419.36626] Client: [0m---after writing in log upd_msg->seq_no = 123
[91m [1776449419.36630] Client: [0m---after writing in log upd_msg->data.sensor_type = 1
[91m [1776449419.36634] Client: [0m---after writing in log upd_msg->reliable = 1
[91m [1776449420.36699] BSON Message: [0mInside sensor type parsing.
[91m [1776449420.36713] BSON Message: [0mInside sensor type parsing end.
[91m [1776449420.36719] BSON Message: [0mInside sid parsing
[91m [1776449420.36723] BSON Message: [0mInside temp1 parsing.
[91m [1776449420.36729] Client: [0m---before writing in log upd_msg->seq_no= 124
[91m [1776449420.36733] Client: [0m---before writing in log upd_msg->type= 4
[91m [1776449420.36737] Client: [0m---before writing in log upd_msg->frag_no= 0
[91m [1776449420.36742] Client: [0m---before writing in log upd_msg->reliable= 1
[91m [1776449420.36746] Client: [0m---before writing in log upd_msg->data.sensor_type= 1
[91m [1776449420.36751] Client: [0m---before writing in log upd_msg->data.sid= temp_1
[91m [1776449420.36756] Client: [0m---after writing in log upd_msg->seq_no = 124
[91m [1776449420.36760] Client: [0m---after writing in log upd_msg->data.sensor_type = 1
[91m [1776449420.36764] Client: [0m---after writing in log upd_msg->reliable = 1
[91m [1776449421.37334] BSON Message: [0mInside sensor type parsing.
[91m [1776449421.37349] BSON Message: [0mInside sensor type parsing end.
[91m [1776449421.37356] BSON Message: [0mInside sid parsing
[91m [1776449421.37362] BSON Message: [0mInside temp1 parsing.
[91m [1776449421.37370] Client: [0m---before writing in log upd_msg->seq_no= 125
[91m [1776449421.37376] Client: [0m---before writing in log upd_msg->type= 4
[91m [1776449421.37381] Client: [0m---before writing in log upd_msg->frag_no= 0
[91m [1776449421.37387] Client: [0m---before writing in log upd_msg->reliable= 1
[91m [1776449421.37393] Client: [0m---before writing in log upd_msg->data.sensor_type= 1
[91m [1776449421.37399] Client: [0m---before writing in log upd_msg->data.sid= temp_1
[91m [1776449421.37406] Client: [0m---after writing in log upd_msg->seq_no = 125
[91m [1776449421.37412] Client: [0m---after writing in log upd_msg->data.sensor_type = 1
[91m [1776449421.37417] Client: [0m---after writing in log upd_msg->reliable = 1
[91m [1776449422.37537] BSON Message: [0mInside sensor type parsing.
[91m [1776449422.37548] BSON Message: [0mInside sensor type parsing end.
[91m [1776449422.37554] BSON Message: [0mInside sid parsing
[91m [1776449422.37560] BSON Message: [0mInside temp1 parsing.
[91m [1776449422.37565] Client: [0m---before writing in log upd_msg->seq_no= 126
[91m [1776449422.37570] Client: [0m---before writing in log upd_msg->type= 4
[91m [1776449422.37576] Client: [0m---before writing in log upd_msg->frag_no= 0
[91m [1776449422.37581] Client: [0m---before writing in log upd_msg->reliable= 1
[91m [1776449422.37586] Client: [0m---before writing in log upd_msg->data.sensor_type= 1
[91m [1776449422.37591] Client: [0m---before writing in log upd_msg->data.sid= temp_1
[91m [1776449422.37597] Client: [0m---after writing in log upd_msg->seq_no = 126
[91m [1776449422.37601] Client: [0m---after writing in log upd_msg->data.sensor_type = 1
[91m [1776449422.37606] Client: [0m---after writing in log upd_msg->reliable = 1
[91m [1776449423.38387] BSON Message: [0mInside sensor type parsing.
[91m [1776449423.38398] BSON Message: [0mInside sensor type parsing end.
[91m [1776449423.38403] BSON Message: [0mInside sid parsing
[91m [1776449423.38408] BSON Message: [0mInside temp1 parsing.
[91m [1776449423.38413] Client: [0m---before writing in log upd_msg->seq_no= 127
[91m [1776449423.38418] Client: [0m---before writing in log upd_msg->type= 4
[91m [1776449423.38422] Client: [0m---before writing in log upd_msg->frag_no= 0
[91m [1776449423.38426] Client: [0m---before writing in log upd_msg->reliable= 1
[91m [1776449423.38431] Client: [0m---before writing in log upd_msg->data.sensor_type= 1
[91m [1776449423.38435] Client: [0m---before writing in log upd_msg->data.sid= temp_1
[91m [1776449423.38440] Client: [0m---after writing in log upd_msg->seq_no = 127
[91m [1776449423.38444] Client: [0m---after writing in log upd_msg->data.sensor_type = 1
[91m [1776449423.38448] Client: [0m---after writing in log upd_msg->reliable = 1
[91m [1776449423.514576] BSON Message: [0mInside sensor type parsing.
[91m [1776449423.514585] BSON Message: [0mInside sensor type parsing end.
[91m [1776449423.514590] BSON Message: [0mInside sid parsing
[91m [1776449423.514596] Client: [0m---before writing in log upd_msg->seq_no= 54
[91m [1776449423.514601] Client: [0m---before writing in log upd_msg->type= 4
[91m [1776449423.514610] Client: [0m---before writing in log upd_msg->frag_no= 0
[91m [1776449423.514615] Client: [0m---before writing in log upd_msg->reliable= 1
[91m [1776449423.514621] Client: [0m---before writing in log upd_msg->data.sensor_type= 2
[91m [1776449423.514627] Client: [0m---before writing in log upd_msg->data.sid= device_0
[91m [1776449423.514633] Client: [0m---after writing in log upd_msg->seq_no = 54
[91m [1776449423.514638] Client: [0m---after writing in log upd_msg->data.sensor_type = 2
[91m [1776449423.514643] Client: [0m---after writing in log upd_msg->reliable = 1
[91m [1776449424.38566] BSON Message: [0mInside sensor type parsing.
[91m [1776449424.38578] BSON Message: [0mInside sensor type parsing end.
[91m [1776449424.38583] BSON Message: [0mInside sid parsing
[91m [1776449424.38587] BSON Message: [0mInside temp1 parsing.
[91m [1776449424.38593] Client: [0m---before writing in log upd_msg->seq_no= 128
[91m [1776449424.38598] Client: [0m---before writing in log upd_msg->type= 4
[91m [1776449424.38603] Client: [0m---before writing in log upd_msg->frag_no= 0
[91m [1776449424.38607] Client: [0m---before writing in log upd_msg->reliable= 1
[91m [1776449424.38611] Client: [0m---before writing in log upd_msg->data.sensor_type= 1
[91m [1776449424.38615] Client: [0m---before writing in log upd_msg->data.sid= temp_1
[91m [1776449424.38621] Client: [0m---after writing in log upd_msg->seq_no = 128
[91m [1776449424.38625] Client: [0m---after writing in log upd_msg->data.sensor_type = 1
[91m [1776449424.38629] Client: [0m---after writing in log upd_msg->reliable = 1
[91m [1776449424.838983] BSON Message: [0mInside sensor type parsing.
[91m [1776449424.838995] BSON Message: [0mInside sensor type parsing end.
[91m [1776449424.839002] BSON Message: [0mInside sid parsing
[91m [1776449424.839008] Client: [0m---before writing in log upd_msg->seq_no= 55
[91m [1776449424.839011] Client: [0m---before writing in log upd_msg->type= 4
[91m [1776449424.839014] Client: [0m---before writing in log upd_msg->frag_no= 0
[91m [1776449424.839017] Client: [0m---before writing in log upd_msg->reliable= 1
[91m [1776449424.839020] Client: [0m---before writing in log upd_msg->data.sensor_type= 2
[91m [1776449424.839026] Client: [0m---before writing in log upd_msg->data.sid= device_0
[91m [1776449424.839033] Client: [0m---after writing in log upd_msg->seq_no = 55
[91m [1776449424.839038] Client: [0m---after writing in log upd_msg->data.sensor_type = 2
[91m [1776449424.839042] Client: [0m---after writing in log upd_msg->reliable = 1
[91m [1776449425.38285] BSON Message: [0mInside sensor type parsing.
[91m [1776449425.38395] BSON Message: [0mInside sensor type parsing end.
[91m [1776449425.38401] BSON Message: [0mInside sid parsing
[91m [1776449425.38406] BSON Message: [0mInside temp1 parsing.
[91m [1776449425.38412] Client: [0m---before writing in log upd_msg->seq_no= 129
[91m [1776449425.38416] Client: [0m---before writing in log upd_msg->type= 4
[91m [1776449425.38421] Client: [0m---before writing in log upd_msg->frag_no= 0
[91m [1776449425.38425] Client: [0m---before writing in log upd_msg->reliable= 1
[91m [1776449425.38430] Client: [0m---before writing in log upd_msg->data.sensor_type= 1
[91m [1776449425.38434] Client: [0m---before writing in log upd_msg->data.sid= temp_1
[91m [1776449425.38440] Client: [0m---after writing in log upd_msg->seq_no = 129
[91m [1776449425.38445] Client: [0m---after writing in log upd_msg->data.sensor_type = 1
[91m [1776449425.38449] Client: [0m---after writing in log upd_msg->reliable = 1
[91m [1776449426.38624] BSON Message: [0mInside sensor type parsing.
[91m [1776449426.38639] BSON Message: [0mInside sensor type parsing end.
[91m [1776449426.38643] BSON Message: [0mInside sid parsing
[91m [1776449426.38647] BSON Message: [0mInside temp1 parsing.
[91m [1776449426.38652] Client: [0m---before writing in log upd_msg->seq_no= 130
[91m [1776449426.38657] Client: [0m---before writing in log upd_msg->type= 4
[91m [1776449426.38661] Client: [0m---before writing in log upd_msg->frag_no= 0
[91m [1776449426.38665] Client: [0m---before writing in log upd_msg->reliable= 1
[91m [1776449426.38669] Client: [0m---before writing in log upd_msg->data.sensor_type= 1
[91m [1776449426.38673] Client: [0m---before writing in log upd_msg->data.sid= temp_1
[91m [1776449426.38678] Client: [0m---after writing in log upd_msg->seq_no = 130
[91m [1776449426.38682] Client: [0m---after writing in log upd_msg->data.sensor_type = 1
[91m [1776449426.38686] Client: [0m---after writing in log upd_msg->reliable = 1
[91m [1776449427.39065] BSON Message: [0mInside sensor type parsing.
[91m [1776449427.39076] BSON Message: [0mInside sensor type parsing end.
[91m [1776449427.39081] BSON Message: [0mInside sid parsing
[91m [1776449427.39086] BSON Message: [0mInside temp1 parsing.
[91m [1776449427.39092] Client: [0m---before writing in log upd_msg->seq_no= 131
[91m [1776449427.39097] Client: [0m---before writing in log upd_msg->type= 4
[91m [1776449427.39103] Client: [0m---before writing in log upd_msg->frag_no= 0
[91m [1776449427.39107] Client: [0m---before writing in log upd_msg->reliable= 1
[91m [1776449427.39111] Client: [0m---before writing in log upd_msg->data.sensor_type= 1
[91m [1776449427.39115] Client: [0m---before writing in log upd_msg->data.sid= temp_1
[91m [1776449427.39119] Client: [0m---after writing in log upd_msg->seq_no = 131
[91m [1776449427.39123] Client: [0m---after writing in log upd_msg->data.sensor_type = 1
[91m [1776449427.39126] Client: [0m---after writing in log upd_msg->reliable = 1
[91m [1776449427.496070] BSON Message: [0mInside sensor type parsing.
[91m [1776449427.496079] BSON Message: [0mInside sensor type parsing end.
[91m [1776449427.496083] BSON Message: [0mInside sid parsing
[91m [1776449427.496089] Client: [0m---before writing in log upd_msg->seq_no= 56
[91m [1776449427.496094] Client: [0m---before writing in log upd_msg->type= 4
[91m [1776449427.496100] Client: [0m---before writing in log upd_msg->frag_no= 0
[91m [1776449427.496105] Client: [0m---before writing in log upd_msg->reliable= 1
[91m [1776449427.496110] Client: [0m---before writing in log upd_msg->data.sensor_type= 2
[91m [1776449427.496114] Client: [0m---before writing in log upd_msg->data.sid= device_0
[91m [1776449427.496120] Client: [0m---after writing in log upd_msg->seq_no = 56
[91m [1776449427.496124] Client: [0m---after writing in log upd_msg->data.sensor_type = 2
[91m [1776449427.496129] Client: [0m---after writing in log upd_msg->reliable = 1
[91m [1776449428.39640] BSON Message: [0mInside sensor type parsing.
[91m [1776449428.39653] BSON Message: [0mInside sensor type parsing end.
[91m [1776449428.39657] BSON Message: [0mInside sid parsing
[91m [1776449428.39661] BSON Message: [0mInside temp1 parsing.
[91m [1776449428.39666] Client: [0m---before writing in log upd_msg->seq_no= 132
[91m [1776449428.39671] Client: [0m---before writing in log upd_msg->type= 4
[91m [1776449428.39677] Client: [0m---before writing in log upd_msg->frag_no= 0
[91m [1776449428.39681] Client: [0m---before writing in log upd_msg->reliable= 1
[91m [1776449428.39686] Client: [0m---before writing in log upd_msg->data.sensor_type= 1
[91m [1776449428.39691] Client: [0m---before writing in log upd_msg->data.sid= temp_1
[91m [1776449428.39697] Client: [0m---after writing in log upd_msg->seq_no = 132
[91m [1776449428.39701] Client: [0m---after writing in log upd_msg->data.sensor_type = 1
[91m [1776449428.39706] Client: [0m---after writing in log upd_msg->reliable = 1
[91m [1776449429.39851] BSON Message: [0mInside sensor type parsing.
[91m [1776449429.39867] BSON Message: [0mInside sensor type parsing end.
[91m [1776449429.39873] BSON Message: [0mInside sid parsing
[91m [1776449429.39878] BSON Message: [0mInside temp1 parsing.
[91m [1776449429.39883] Client: [0m---before writing in log upd_msg->seq_no= 133
[91m [1776449429.39888] Client: [0m---before writing in log upd_msg->type= 4
[91m [1776449429.39892] Client: [0m---before writing in log upd_msg->frag_no= 0
[91m [1776449429.39896] Client: [0m---before writing in log upd_msg->reliable= 1
[91m [1776449429.39901] Client: [0m---before writing in log upd_msg->data.sensor_type= 1
[91m [1776449429.39906] Client: [0m---before writing in log upd_msg->data.sid= temp_1
[91m [1776449429.39911] Client: [0m---after writing in log upd_msg->seq_no = 133
[91m [1776449429.39924] Client: [0m---after writing in log upd_msg->data.sensor_type = 1
[91m [1776449429.39931] Client: [0m---after writing in log upd_msg->reliable = 1
[91m [1776449430.40558] BSON Message: [0mInside sensor type parsing.
[91m [1776449430.40572] BSON Message: [0mInside sensor type parsing end.
[91m [1776449430.40578] BSON Message: [0mInside sid parsing
[91m [1776449430.40585] BSON Message: [0mInside temp1 parsing.
[91m [1776449430.40592] Client: [0m---before writing in log upd_msg->seq_no= 134
[91m [1776449430.40598] Client: [0m---before writing in log upd_msg->type= 4
[91m [1776449430.40603] Client: [0m---before writing in log upd_msg->frag_no= 0
[91m [1776449430.40609] Client: [0m---before writing in log upd_msg->reliable= 1
[91m [1776449430.40614] Client: [0m---before writing in log upd_msg->data.sensor_type= 1
[91m [1776449430.40620] Client: [0m---before writing in log upd_msg->data.sid= temp_1
[91m [1776449430.40626] Client: [0m---after writing in log upd_msg->seq_no = 134
[91m [1776449430.40632] Client: [0m---after writing in log upd_msg->data.sensor_type = 1
[91m [1776449430.40638] Client: [0m---after writing in log upd_msg->reliable = 1
[91m [1776449430.86097] BSON Message: [0mInside sensor type parsing.
[91m [1776449430.86111] BSON Message: [0mInside sensor type parsing end.
[91m [1776449430.86118] BSON Message: [0mInside sid parsing
[91m [1776449430.86123] BSON Message: [0mInside gps1 parsing.
[91m [1776449430.86130] Client: [0m---before writing in log upd_msg->seq_no= 15
[91m [1776449430.86135] Client: [0m---before writing in log upd_msg->type= 4
[91m [1776449430.86140] Client: [0m---before writing in log upd_msg->frag_no= 0
[91m [1776449430.86145] Client: [0m---before writing in log upd_msg->reliable= 1
[91m [1776449430.86150] Client: [0m---before writing in log upd_msg->data.sensor_type= 3
[91m [1776449430.86155] Client: [0m---before writing in log upd_msg->data.sid= gps_2
[91m [1776449430.86163] Client: [0m---after writing in log upd_msg->seq_no = 15
[91m [1776449430.86168] Client: [0m---after writing in log upd_msg->data.sensor_type = 3
[91m [1776449430.86173] Client: [0m---after writing in log upd_msg->reliable = 1
[91m [1776449431.40501] BSON Message: [0mInside sensor type parsing.
[91m [1776449431.40513] BSON Message: [0mInside sensor type parsing end.
[91m [1776449431.40519] BSON Message: [0mInside sid parsing
[91m [1776449431.40525] BSON Message: [0mInside temp1 parsing.
[91m [1776449431.40532] Client: [0m---before writing in log upd_msg->seq_no= 135
[91m [1776449431.40538] Client: [0m---before writing in log upd_msg->type= 4
[91m [1776449431.40543] Client: [0m---before writing in log upd_msg->frag_no= 0
[91m [1776449431.40549] Client: [0m---before writing in log upd_msg->reliable= 1
[91m [1776449431.40554] Client: [0m---before writing in log upd_msg->data.sensor_type= 1
[91m [1776449431.40559] Client: [0m---before writing in log upd_msg->data.sid= temp_1
[91m [1776449431.40566] Client: [0m---after writing in log upd_msg->seq_no = 135
[91m [1776449431.40571] Client: [0m---after writing in log upd_msg->data.sensor_type = 1
[91m [1776449431.40577] Client: [0m---after writing in log upd_msg->reliable = 1
[91m [1776449432.40907] BSON Message: [0mInside sensor type parsing.
[91m [1776449432.40925] BSON Message: [0mInside sensor type parsing end.
[91m [1776449432.40929] BSON Message: [0mInside sid parsing
[91m [1776449432.40934] BSON Message: [0mInside temp1 parsing.
[91m [1776449432.40939] Client: [0m---before writing in log upd_msg->seq_no= 136
[91m [1776449432.40943] Client: [0m---before writing in log upd_msg->type= 4
[91m [1776449432.40947] Client: [0m---before writing in log upd_msg->frag_no= 0
[91m [1776449432.40951] Client: [0m---before writing in log upd_msg->reliable= 1
[91m [1776449432.40956] Client: [0m---before writing in log upd_msg->data.sensor_type= 1
[91m [1776449432.40959] Client: [0m---before writing in log upd_msg->data.sid= temp_1
[91m [1776449432.40964] Client: [0m---after writing in log upd_msg->seq_no = 136
[91m [1776449432.40968] Client: [0m---after writing in log upd_msg->data.sensor_type = 1
[91m [1776449432.40972] Client: [0m---after writing in log upd_msg->reliable = 1
[91m [1776449432.277967] BSON Message: [0mInside sensor type parsing.
[91m [1776449432.277976] BSON Message: [0mInside sensor type parsing end.
[91m [1776449432.277980] BSON Message: [0mInside sid parsing
Got a message from the server.
Message type is 4
---------Update message arrived------------ 1
Got a message from the server.
Message type is 4
---------Update message arrived------------ 1
Got a message from the server.
Message type is 4
---------Update message arrived------------ 1
Got a message from the server.
Message type is 4
---------Update message arrived------------ 1
Got a message from the server.
Message type is 4
---------Update message arrived------------ 1
Got a message from the server.
Message type is 4
---------Update message arrived------------ 1
Got a message from the server.
Message type is 4
---------Update message arrived------------ 1
Got a message from the server.
Message type is 4
---------Update message arrived------------ 1
Got a message from the server.
Message type is 4
---------Update message arrived------------ 1
Got a message from the server.
Message type is 4
---------Update message arrived------------ 1
Got a message from the server.
Message type is 4
---------Update message arrived------------ 1
Got a message from the server.
Message type is 4
---------Update message arrived------------ 1
Got a message from the server.
Message type is 4
---------Update message arrived------------ 1
Got a message from the server.
Message type is 4
---------Update message arrived------------ 1
Got a message from the server.
Message type is 4
---------Update message arrived------------ 1
Got a message from the server.
Message type is 4
---------Update message arrived------------ 1
Got a message from the server.
Message type is 4
---------Update message arrived------------ 1
Got a message from the server.
Message type is 4
---------Update message arrived------------ 1
Got a message from the server.
Message type is 4
---------Update message arrived------------ 1
Got a message from the server.
Message type is 4
---------Update message arrived------------ 1
Got a message from the server.
Message type is 4
---------Update message arrived------------ 1
Got a message from the server.
Message type is 4
---------Update message arrived------------ 1
Got a message from the server.
Message type is 4
---------Update message arrived------------ 1
Got a message from the server.
Message type is 4
---------Update message arrived------------ 1
Got a message from the server.
Message type is 4
---------Update message arrived------------ 1
Got a message from the server.
Message type is 4
---------Update message arrived------------ 1
Got a message from the server.
Message type is 4
---------Update message arrived------------ 1
Got a message from the server.
Message type is 4
---------Update message arrived------------ 1
Got a message from the server.
Message type is 4
---------Update message arrived------------ 1
Got a message from the server.
Message type is 4
---------Update message arrived------------ 1
Got a message from the server.
Message type is 4
---------Update message arrived------------ 1
Got a message from the server.
Message type is 4
---------Update message arrived------------ 1
Got a message from the server.
Message type is 4
---------Update message arrived------------ 1
Got a message from the server.
Message type is 4
---------Update message arrived------------ 1
Got a message from the server.
Message type is 4
---------Update message arrived------------ 1
Got a message from the server.
Message type is 4
---------Update message arrived------------ 1
Got a message from the server.
Message type is 4
---------Update message arrived------------ 1
Got a message from the server.
Message type is 4
---------Update message arrived------------ 1
Got a message from the server.
Message type is 4
---------Update message arrived------------ 1
Got a message from the server.
Message type is 4
---------Update message arrived------------ 1
Got a message from the server.
Message type is 4
---------Update message arrived------------ 1
Got a message from the server.
Message type is 4
---------Update message arrived------------ 1
Got a message from the server.
Message type is 4
---------Update message arrived------------ 1
Got a messa[91m [1776449432.277991] Client: [0m---before writing in log upd_msg->seq_no= 57
[91m [1776449432.277995] Client: [0m---before writing in log upd_msg->type= 4
[91m [1776449432.278000] Client: [0m---before writing in log upd_msg->frag_no= 0
[91m [1776449432.278040] Client: [0m---before writing in log upd_msg->reliable= 1
[91m [1776449432.278044] Client: [0m---before writing in log upd_msg->data.sensor_type= 2
[91m [1776449432.278049] Client: [0m---before writing in log upd_msg->data.sid= device_0
[91m [1776449432.278054] Client: [0m---after writing in log upd_msg->seq_no = 57
[91m [1776449432.278058] Client: [0m---after writing in log upd_msg->data.sensor_type = 2
[91m [1776449432.278061] Client: [0m---after writing in log upd_msg->reliable = 1
[91m [1776449433.41103] BSON Message: [0mInside sensor type parsing.
[91m [1776449433.41115] BSON Message: [0mInside sensor type parsing end.
[91m [1776449433.41121] BSON Message: [0mInside sid parsing
[91m [1776449433.41127] BSON Message: [0mInside temp1 parsing.
[91m [1776449433.41139] Client: [0m---before writing in log upd_msg->seq_no= 137
[91m [1776449433.41146] Client: [0m---before writing in log upd_msg->type= 4
[91m [1776449433.41154] Client: [0m---before writing in log upd_msg->frag_no= 0
[91m [1776449433.41160] Client: [0m---before writing in log upd_msg->reliable= 1
[91m [1776449433.41167] Client: [0m---before writing in log upd_msg->data.sensor_type= 1
[91m [1776449433.41172] Client: [0m---before writing in log upd_msg->data.sid= temp_1
[91m [1776449433.41180] Client: [0m---after writing in log upd_msg->seq_no = 137
[91m [1776449433.41186] Client: [0m---after writing in log upd_msg->data.sensor_type = 1
[91m [1776449433.41192] Client: [0m---after writing in log upd_msg->reliable = 1
[91m [1776449434.41482] BSON Message: [0mInside sensor type parsing.
[91m [1776449434.41491] BSON Message: [0mInside sensor type parsing end.
[91m [1776449434.41495] BSON Message: [0mInside sid parsing
[91m [1776449434.41566] BSON Message: [0mInside temp1 parsing.
[91m [1776449434.41572] Client: [0m---before writing in log upd_msg->seq_no= 138
[91m [1776449434.41577] Client: [0m---before writing in log upd_msg->type= 4
[91m [1776449434.41580] Client: [0m---before writing in log upd_msg->frag_no= 0
[91m [1776449434.41584] Client: [0m---before writing in log upd_msg->reliable= 1
[91m [1776449434.41589] Client: [0m---before writing in log upd_msg->data.sensor_type= 1
[91m [1776449434.41593] Client: [0m---before writing in log upd_msg->data.sid= temp_1
[91m [1776449434.41598] Client: [0m---after writing in log upd_msg->seq_no = 138
[91m [1776449434.41602] Client: [0m---after writing in log upd_msg->data.sensor_type = 1
[91m [1776449434.41606] Client: [0m---after writing in log upd_msg->reliable = 1
[91m [1776449435.41315] BSON Message: [0mInside sensor type parsing.
[91m [1776449435.41327] BSON Message: [0mInside sensor type parsing end.
[91m [1776449435.41333] BSON Message: [0mInside sid parsing
[91m [1776449435.41338] BSON Message: [0mInside temp1 parsing.
[91m [1776449435.41343] Client: [0m---before writing in log upd_msg->seq_no= 139
[91m [1776449435.41348] Client: [0m---before writing in log upd_msg->type= 4
[91m [1776449435.41353] Client: [0m---before writing in log upd_msg->frag_no= 0
[91m [1776449435.41357] Client: [0m---before writing in log upd_msg->reliable= 1
[91m [1776449435.41362] Client: [0m---before writing in log upd_msg->data.sensor_type= 1
[91m [1776449435.41366] Client: [0m---before writing in log upd_msg->data.sid= temp_1
[91m [1776449435.41371] Client: [0m---after writing in log upd_msg->seq_no = 139
[91m [1776449435.41376] Client: [0m---after writing in log upd_msg->data.sensor_type = 1
[91m [1776449435.41381] Client: [0m---after writing in log upd_msg->reliable = 1
[91m [1776449436.41872] BSON Message: [0mInside sensor type parsing.
[91m [1776449436.41884] BSON Message: [0mInside sensor type parsing end.
[91m [1776449436.41891] BSON Message: [0mInside sid parsing
[91m [1776449436.41897] BSON Message: [0mInside temp1 parsing.
[91m [1776449436.41904] Client: [0m---before writing in log upd_msg->seq_no= 140
[91m [1776449436.41910] Client: [0m---before writing in log upd_msg->type= 4
[91m [1776449436.41928] Client: [0m---before writing in log upd_msg->frag_no= 0
[91m [1776449436.41936] Client: [0m---before writing in log upd_msg->reliable= 1
[91m [1776449436.41942] Client: [0m---before writing in log upd_msg->data.sensor_type= 1
[91m [1776449436.41948] Client: [0m---before writing in log upd_msg->data.sid= temp_1
[91m [1776449436.41956] Client: [0m---after writing in log upd_msg->seq_no = 140
[91m [1776449436.41963] Client: [0m---after writing in log upd_msg->data.sensor_type = 1
[91m [1776449436.41973] Client: [0m---after writing in log upd_msg->reliable = 1
[91m [1776449437.42937] BSON Message: [0mInside sensor type parsing.
[91m [1776449437.42950] BSON Message: [0mInside sensor type parsing end.
[91m [1776449437.42954] BSON Message: [0mInside sid parsing
[91m [1776449437.42959] BSON Message: [0mInside temp1 parsing.
[91m [1776449437.42964] Client: [0m---before writing in log upd_msg->seq_no= 141
[91m [1776449437.42970] Client: [0m---before writing in log upd_msg->type= 4
[91m [1776449437.42975] Client: [0m---before writing in log upd_msg->frag_no= 0
[91m [1776449437.42980] Client: [0m---before writing in log upd_msg->reliable= 1
[91m [1776449437.42983] Client: [0m---before writing in log upd_msg->data.sensor_type= 1
[91m [1776449437.42988] Client: [0m---before writing in log upd_msg->data.sid= temp_1
[91m [1776449437.42994] Client: [0m---after writing in log upd_msg->seq_no = 141
[91m [1776449437.42998] Client: [0m---after writing in log upd_msg->data.sensor_type = 1
[91m [1776449437.43002] Client: [0m---after writing in log upd_msg->reliable = 1
[91m [1776449437.61871] BSON Message: [0mInside sensor type parsing.
[91m [1776449437.61880] BSON Message: [0mInside sensor type parsing end.
[91m [1776449437.61885] BSON Message: [0mInside sid parsing
[91m [1776449437.61890] Client: [0m---before writing in log upd_msg->seq_no= 58
[91m [1776449437.61894] Client: [0m---before writing in log upd_msg->type= 4
[91m [1776449437.61898] Client: [0m---before writing in log upd_msg->frag_no= 0
[91m [1776449437.61901] Client: [0m---before writing in log upd_msg->reliable= 1
[91m [1776449437.61905] Client: [0m---before writing in log upd_msg->data.sensor_type= 2
[91m [1776449437.61909] Client: [0m---before writing in log upd_msg->data.sid= device_0
[91m [1776449437.61922] Client: [0m---after writing in log upd_msg->seq_no = 58
[91m [1776449437.61928] Client: [0m---after writing in log upd_msg->data.sensor_type = 2
[91m [1776449437.61932] Client: [0m---after writing in log upd_msg->reliable = 1
[91m [1776449438.43377] BSON Message: [0mInside sensor type parsing.
[91m [1776449438.43386] BSON Message: [0mInside sensor type parsing end.
[91m [1776449438.43389] BSON Message: [0mInside sid parsing
[91m [1776449438.43393] BSON Message: [0mInside temp1 parsing.
[91m [1776449438.43397] Client: [0m---before writing in log upd_msg->seq_no= 142
[91m [1776449438.43400] Client: [0m---before writing in log upd_msg->type= 4
[91m [1776449438.43403] Client: [0m---before writing in log upd_msg->frag_no= 0
[91m [1776449438.43406] Client: [0m---before writing in log upd_msg->reliable= 1
[91m [1776449438.43409] Client: [0m---before writing in log upd_msg->data.sensor_type= 1
[91m [1776449438.43412] Client: [0m---before writing in log upd_msg->data.sid= temp_1
[91m [1776449438.43416] Client: [0m---after writing in log upd_msg->seq_no = 142
[91m [1776449438.43419] Client: [0m---after writing in log upd_msg->data.sensor_type = 1
[91m [1776449438.43422] Client: [0m---after writing in log upd_msg->reliable = 1
[91m [1776449438.706401] BSON Message: [0mInside sensor type parsing.
[91m [1776449438.706416] BSON Message: [0mInside sensor type parsing end.
[91m [1776449438.706422] BSON Message: [0mInside sid parsing
[91m [1776449438.706428] Client: [0m---before writing in log upd_msg->seq_no= 59
[91m [1776449438.706432] Client: [0m---before writing in log upd_msg->type= 4
[91m [1776449438.706436] Client: [0m---before writing in log upd_msg->frag_no= 0
[91m [1776449438.706440] Client: [0m---before writing in log upd_msg->reliable= 1
[91m [1776449438.706444] Client: [0m---before writing in log upd_msg->data.sensor_type= 2
[91m [1776449438.706448] Client: [0m---before writing in log upd_msg->data.sid= device_0
[91m [1776449438.706453] Client: [0m---after writing in log upd_msg->seq_no = 59
[91m [1776449438.706457] Client: [0m---after writing in log upd_msg->data.sensor_type = 2
[91m [1776449438.706461] Client: [0m---after writing in log upd_msg->reliable = 1
[91m [1776449438.970045] BSON Message: [0mInside sensor type parsing.
[91m [1776449438.970057] BSON Message: [0mInside sensor type parsing end.
[91m [1776449438.970063] BSON Message: [0mInside sid parsing
[91m [1776449438.970070] Client: [0m---before writing in log upd_msg->seq_no= 60
[91m [1776449438.970075] Client: [0m---before writing in log upd_msg->type= 4
[91m [1776449438.970081] Client: [0m---before writing in log upd_msg->frag_no= 0
[91m [1776449438.970086] Client: [0m---before writing in log upd_msg->reliable= 1
[91m [1776449438.970091] Client: [0m---before writing in log upd_msg->data.sensor_type= 2
[91m [1776449438.970096] Client: [0m---before writing in log upd_msg->data.sid= device_0
[91m [1776449438.970102] Client: [0m---after writing in log upd_msg->seq_no = 60
[91m [1776449438.970108] Client: [0m---after writing in log upd_msg->data.sensor_type = 2
[91m [1776449438.970113] Client: [0m---after writing in log upd_msg->reliable = 1
[91m [1776449439.44392] BSON Message: [0mInside sensor type parsing.
[91m [1776449439.44412] BSON Message: [0mInside sensor type parsing end.
[91m [1776449439.44418] BSON Message: [0mInside sid parsing
[91m [1776449439.44423] BSON Message: [0mInside temp1 parsing.
[91m [1776449439.44429] Client: [0m---before writing in log upd_msg->seq_no= 143
[91m [1776449439.44433] Client: [0m---before writing in log upd_msg->type= 4
[91m [1776449439.44438] Client: [0m---before writing in log upd_msg->frag_no= 0
[91m [1776449439.44442] Client: [0m---before writing in log upd_msg->reliable= 1
[91m [1776449439.44447] Client: [0m---before writing in log upd_msg->data.sensor_type= 1
[91m [1776449439.44451] Client: [0m---before writing in log upd_msg->data.sid= temp_1
[91m [1776449439.44458] Client: [0m---after writing in log upd_msg->seq_no = 143
[91m [1776449439.44462] Client: [0m---after writing in log upd_msg->data.sensor_type = 1
[91m [1776449439.44466] Client: [0m---after writing in log upd_msg->reliable = 1
[91m [1776449440.43410] BSON Message: [0mInside sensor type parsing.
[91m [1776449440.43428] BSON Message: [0mInside sensor type parsing end.
[91m [1776449440.43433] BSON Message: [0mInside sid parsing
[91m [1776449440.43439] BSON Message: [0mInside temp1 parsing.
[91m [1776449440.43445] Client: [0m---before writing in log upd_msg->seq_no= 144
[91m [1776449440.43451] Client: [0m---before writing in log upd_msg->type= 4
[91m [1776449440.43456] Client: [0m---before writing in log upd_msg->frag_no= 0
[91m [1776449440.43462] Client: [0m---before writing in log upd_msg->reliable= 1
[91m [1776449440.43467] Client: [0m---before writing in log upd_msg->data.sensor_type= 1
[91m [1776449440.43472] Client: [0m---before writing in log upd_msg->data.sid= temp_1
[91m [1776449440.43478] Client: [0m---after writing in log upd_msg->seq_no = 144
[91m [1776449440.43484] Client: [0m---after writing in log upd_msg->data.sensor_type = 1
[91m [1776449440.43489] Client: [0m---after writing in log upd_msg->reliable = 1
[91m [1776449441.43817] BSON Message: [0mInside sensor type parsing.
[91m [1776449441.43830] BSON Message: [0mInside sensor type parsing end.
[91m [1776449441.43835] BSON Message: [0mInside sid parsing
[91m [1776449441.43840] BSON Message: [0mInside temp1 parsing.
[91m [1776449441.43846] Client: [0m---before writing in log upd_msg->seq_no= 145
[91m [1776449441.43850] Client: [0m---before writing in log upd_msg->type= 4
[91m [1776449441.43855] Client: [0m---before writing in log upd_msg->frag_no= 0
[91m [1776449441.43860] Client: [0m---before writing in log upd_msg->reliable= 1
[91m [1776449441.43864] Client: [0m---before writing in log upd_msg->data.sensor_type= 1
[91m [1776449441.43868] Client: [0m---before writing in log upd_msg->data.sid= temp_1
[91m [1776449441.43873] Client: [0m---after writing in log upd_msg->seq_no = 145
[91m [1776449441.43877] Client: [0m---after writing in log upd_msg->data.sensor_type = 1
[91m [1776449441.43882] Client: [0m---after writing in log upd_msg->reliable = 1
[91m [1776449442.44214] BSON Message: [0mInside sensor type parsing.
[91m [1776449442.44232] BSON Message: [0mInside sensor type parsing end.
[91m [1776449442.44241] BSON Message: [0mInside sid parsing
[91m [1776449442.44250] BSON Message: [0mInside temp1 parsing.
[91m [1776449442.44260] Client: [0m---before writing in log upd_msg->seq_no= 146
[91m [1776449442.44268] Client: [0m---before writing in log upd_msg->type= 4
[91m [1776449442.44277] Client: [0m---before writing in log upd_msg->frag_no= 0
[91m [1776449442.44285] Client: [0m---before writing in log upd_msg->reliable= 1
[91m [1776449442.44294] Client: [0m---before writing in log upd_msg->data.sensor_type= 1
[91m [1776449442.44302] Client: [0m---before writing in log upd_msg->data.sid= temp_1
[91m [1776449442.44311] Client: [0m---after writing in log upd_msg->seq_no = 146
[91m [1776449442.44320] Client: [0m---after writing in log upd_msg->data.sensor_type = 1
[91m [1776449442.44328] Client: [0m---after writing in log upd_msg->reliable = 1
[91m [1776449442.855369] BSON Message: [0mInside sensor type parsing.
[91m [1776449442.855382] BSON Message: [0mInside sensor type parsing end.
[91m [1776449442.855390] BSON Message: [0mInside sid parsing
[91m [1776449442.855398] BSON Message: [0mInside gps1 parsing.
[91m [1776449442.855407] Client: [0m---before writing in log upd_msg->seq_no= 16
[91m [1776449442.855413] Client: [0m---before writing in log upd_msg->type= 4
[91m [1776449442.855421] Client: [0m---before writing in log upd_msg->frag_no= 0
[91m [1776449442.855428] Client: [0m---before writing in log upd_msg->reliable= 1
[91m [1776449442.855435] Client: [0m---before writing in log upd_msg->data.sensor_type= 3
[91m [1776449442.855443] Client: [0m---before writing in log upd_msg->data.sid= gps_2
[91m [1776449442.855452] Client: [0m---after writing in log upd_msg->seq_no = 16
[91m [1776449442.855460] Client: [0m---after writing in log upd_msg->data.sensor_type = 3
[91m [1776449442.855469] Client: [0m---after writing in log upd_msg->reliable = 1
[91m [1776449443.44488] BSON Message: [0mInside sensor type parsing.
[91m [1776449443.44505] BSON Message: [0mInside sensor type parsing end.
[91m [1776449443.44512] BSON Message: [0mInside sid parsing
[91m [1776449443.44521] BSON Message: [0mInside temp1 parsing.
[91m [1776449443.44531] Client: [0m---before writing in log upd_msg->seq_no= 147
[91m [1776449443.44539] Client: [0m---before writing in log upd_msg->type= 4
[91m [1776449443.44547] Client: [0m---before writing in log upd_msg->frag_no= 0
[91m [1776449443.44554] Client: [0m---before writing in log upd_msg->reliable= 1
[91m [1776449443.44561] Client: [0m---before writing in log upd_msg->data.sensor_type= 1
[91m [1776449443.44569] Client: [0m---before writing in log upd_msg->data.sid= temp_1
[91m [1776449443.44578] Client: [0m---after writing in log upd_msg->seq_no = 147
[91m [1776449443.44585] Client: [0m---after writing in log upd_msg->data.sensor_type = 1
[91m [1776449443.44594] Client: [0m---after writing in log upd_msg->reliable = 1
[91m [1776449443.671509] BSON Message: [0mInside sensor type parsing.
[91m [1776449443.671522] BSON Message: [0mInside sensor type parsing end.
[91m [1776449443.671529] BSON Message: [0mInside sid parsing
[91m [1776449443.671536] Client: [0m---before writing in log upd_msg->seq_no= 61
[91m [1776449443.671542] Client: [0m---before writing in log upd_msg->type= 4
[91m [1776449443.671547] Client: [0m---before writing in log upd_msg->frag_no= 0
[91m [1776449443.671552] Client: [0m---before writing in log upd_msg->reliable= 0
[91m [1776449443.671558] Client: [0m---before writing in log upd_msg->data.sensor_type= 2
[91m [1776449443.671563] Client: [0m---before writing in log upd_msg->data.sid= device_0
[91m [1776449443.671568] Client: [0m---after writing in log upd_msg->seq_no = 61
[91m [1776449443.671573] Client: [0m---after writing in log upd_msg->data.sensor_type = 2
[91m [1776449443.671578] Client: [0m---after writing in log upd_msg->reliable = 0
[91m [1776449444.44665] BSON Message: [0mInside sensor type parsing.
[91m [1776449444.44678] BSON Message: [0mInside sensor type parsing end.
[91m [1776449444.44684] BSON Message: [0mInside sid parsing
[91m [1776449444.44689] BSON Message: [0mInside temp1 parsing.
[91m [1776449444.44695] Client: [0m---before writing in log upd_msg->seq_no= 148
[91m [1776449444.44699] Client: [0m---before writing in log upd_msg->type= 4
[91m [1776449444.44704] Client: [0m---before writing in log upd_msg->frag_no= 0
[91m [1776449444.44709] Client: [0m---before writing in log upd_msg->reliable= 1
[91m [1776449444.44714] Client: [0m---before writing in log upd_msg->data.sensor_type= 1
[91m [1776449444.44718] Client: [0m---before writing in log upd_msg->data.sid= temp_1
[91m [1776449444.44724] Client: [0m---after writing in log upd_msg->seq_no = 148
[91m [1776449444.44728] Client: [0m---after writing in log upd_msg->data.sensor_type = 1
[91m [1776449444.44733] Client: [0m---after writing in log upd_msg->reliable = 1
[91m [1776449444.724393] BSON Message: [0mInside sensor type parsing.
[91m [1776449444.724401] BSON Message: [0mInside sensor type parsing end.
[91m [1776449444.724404] BSON Message: [0mInside sid parsing
[91m [1776449444.724408] Client: [0m---before writing in log upd_msg->seq_no= 62
[91m [1776449444.724412] Client: [0m---before writing in log upd_msg->type= 4
[91m [1776449444.724416] Client: [0m---before writing in log upd_msg->frag_no= 0
[91m [1776449444.724420] Client: [0m---before writing in log upd_msg->reliable= 1
[91m [1776449444.724424] Client: [0m---before writing in log upd_msg->data.sensor_type= 2
[91m [1776449444.724428] Client: [0m---before writing in log upd_msg->data.sid= device_0
[91m [1776449444.724433] Client: [0m---after writing in log upd_msg->seq_no = 62
[91m [1776449444.724437] Client: [0m---after writing in log upd_msg->data.sensor_type = 2
[91m [1776449444.724441] Client: [0m---after writing in log upd_msg->reliable = 1
[91m [1776449445.45161] BSON Message: [0mInside sensor type parsing.
[91m [1776449445.45185] BSON Message: [0mInside sensor type parsing end.
[91m [1776449445.45191] BSON Message: [0mInside sid parsing
[91m [1776449445.45196] BSON Message: [0mInside temp1 parsing.
[91m [1776449445.45202] Client: [0m---before writing in log upd_msg->seq_no= 149
[91m [1776449445.45208] Client: [0m---before writing in log upd_msg->type= 4
[91m [1776449445.45212] Client: [0m---before writing in log upd_msg->frag_no= 0
[91m [1776449445.45217] Client: [0m---before writing in log upd_msg->reliable= 1
[91m [1776449445.45221] Client: [0m---before writing in log upd_msg->data.sensor_type= 1
[91m [1776449445.45226] Client: [0m---before writing in log upd_msg->data.sid= temp_1
[91m [1776449445.45232] Client: [0m---after writing in log upd_msg->seq_no = 149
[91m [1776449445.45237] Client: [0m---after writing in log upd_msg->data.sensor_type = 1
[91m [1776449445.45241] Client: [0m---after writing in log upd_msg->reliable = 1
[91m [1776449446.45480] BSON Message: [0mInside sensor type parsing.
[91m [1776449446.45490] BSON Message: [0mInside sensor type parsing end.
[91m [1776449446.45495] BSON Message: [0mInside sid parsing
[91m [1776449446.45499] BSON Message: [0mInside temp1 parsing.
[91m [1776449446.45505] Client: [0m---before writing in log upd_msg->seq_no= 150
[91m [1776449446.45510] Client: [0m---before writing in log upd_msg->type= 4
[91m [1776449446.45515] Client: [0m---before writing in log upd_msg->frag_no= 0
[91m [1776449446.45533] Client: [0m---before writing in log upd_msg->reliable= 1
[91m [1776449446.45537] Client: [0m---before writing in log upd_msg->data.sensor_type= 1
[91m [1776449446.45542] Client: [0m---before writing in log upd_msg->data.sid= temp_1
[91m [1776449446.45549] Client: [0m---after writing in log upd_msg->seq_no = 150
[91m [1776449446.45553] Client: [0m---after writing in log upd_msg->data.sensor_type = 1
[91m [1776449446.45557] Client: [0m---after writing in log upd_msg->reliable = 1
[91m [1776449447.45626] BSON Message: [0mInside sensor type parsing.
[91m [1776449447.45635] BSON Message: [0mInside sensor type parsing end.
[91m [1776449447.45639] BSON Message: [0mInside sid parsing
[91m [1776449447.45643] BSON Message: [0mInside temp1 parsing.
[91m [1776449447.45648] Client: [0m---before writing in log upd_msg->seq_no= 151
[91m [1776449447.45653] Client: [0m---before writing in log upd_msg->type= 4
[91m [1776449447.45657] Client: [0m---before writing in log upd_msg->frag_no= 0
[91m [1776449447.45661] Client: [0m---before writing in log upd_msg->reliable= 1
[91m [1776449447.45665] Client: [0m---before writing in log upd_msg->data.sensor_type= 1
[91m [1776449447.45669] Client: [0m---before writing in log upd_msg->data.sid= temp_1
[91m [1776449447.45673] Client: [0m---after writing in log upd_msg->seq_no = 151
[91m [1776449447.45677] Client: [0m---after writing in log upd_msg->data.sensor_type = 1
[91m [1776449447.45682] Client: [0m---after writing in log upd_msg->reliable = 1
[91m [1776449448.46040] BSON Message: [0mInside sensor type parsing.
[91m [1776449448.46050] BSON Message: [0mInside sensor type parsing end.
[91m [1776449448.46056] BSON Message: [0mInside sid parsing
[91m [1776449448.46062] BSON Message: [0mInside temp1 parsing.
[91m [1776449448.46069] Client: [0m---before writing in log upd_msg->seq_no= 152
[91m [1776449448.46074] Client: [0m---before writing in log upd_msg->type= 4
[91m [1776449448.46079] Client: [0m---before writing in log upd_msg->frag_no= 0
[91m [1776449448.46084] Client: [0m---before writing in log upd_msg->reliable= 1
[91m [1776449448.46089] Client: [0m---before writing in log upd_msg->data.sensor_type= 1
[91m [1776449448.46094] Client: [0m---before writing in log upd_msg->data.sid= temp_1
[91m [1776449448.46100] Client: [0m---after writing in log upd_msg->seq_no = 152
[91m [1776449448.46105] Client: [0m---after writing in log upd_msg->data.sensor_type = 1
[91m [1776449448.46109] Client: [0m---after writing in log upd_msg->reliable = 1
[91m [1776449448.573714] BSON Message: [0mInside sensor type parsing.
[91m [1776449448.573725] BSON Message: [0mInside sensor type parsing end.
[91m [1776449448.573732] BSON Message: [0mInside sid parsing
[91m [1776449448.573738] Client: [0m---before writing in log upd_msg->seq_no= 63
[91m [1776449448.573742] Client: [0m---before writing in log upd_msg->type= 4
[91m [1776449448.573747] Client: [0m---before writing in log upd_msg->frag_no= 0
[91m [1776449448.573752] Client: [0m---before writing in log upd_msg->reliable= 1
[91m [1776449448.573757] Client: [0m---before writing in log upd_msg->data.sensor_type= 2
[91m [1776449448.573762] Client: [0m---before writing in log upd_msg->data.sid= device_0
[91m [1776449448.573768] Client: [0m---after writing in log upd_msg->seq_no = 63
[91m [1776449448.573772] Client: [0m---after writing in log upd_msg->data.sensor_type = 2
[91m [1776449448.573777] Client: [0m---after writing in log upd_msg->reliable = 1
[91m [1776449449.46244] BSON Message: [0mInside sensor type parsing.
[91m [1776449449.46253] BSON Message: [0mInside sensor type parsing end.
[91m [1776449449.46257] BSON Message: [0mInside sid parsing
[91m [1776449449.46261] BSON Message: [0mInside temp1 parsing.
[91m [1776449449.46266] Client: [0m---before writing in log upd_msg->seq_no= 153
[91m [1776449449.46270] Client: [0m---before writing in log upd_msg->type= 4
[91m [1776449449.46274] Client: [0m---before writing in log upd_msg->frag_no= 0
[91m [1776449449.46278] Client: [0m---before writing in log upd_msg->reliable= 1
[91m [1776449449.46282] Client: [0m---before writing in log upd_msg->data.sensor_type= 1
[91m [1776449449.46286] Client: [0m---before writing in log upd_msg->data.sid= temp_1
[91m [1776449449.46291] Client: [0m---after writing in log upd_msg->seq_no = 153
[91m [1776449449.46295] Client: [0m---after writing in log upd_msg->data.sensor_type = 1
[91m [1776449449.46300] Client: [0m---after writing in log upd_msg->reliable = 1
[91m [1776449449.138422] BSON Message: [0mInside sensor type parsing.
[91m [1776449449.138430] BSON Message: [0mInside sensor type parsing end.
[91m [1776449449.138434] BSON Message: [0mInside sid parsing
[91m [1776449449.138439] Client: [0m---before writing in log upd_msg->seq_no= 64
[91m [1776449449.138443] Client: [0m---before writing in log upd_msg->type= 4
[91m [1776449449.138447] Client: [0m---before writing in log upd_msg->frag_no= 0
[91m [1776449449.138450] Client: [0m---before writing in log upd_msg->reliable= 1
[91m [1776449449.138454] Client: [0m---before writing in log upd_msg->data.sensor_type= 2
[91m [1776449449.138458] Client: [0m---before writing in log upd_msg->data.sid= device_0
[91m [1776449449.138463] Client: [0m---after writing in log upd_msg->seq_no = 64
[91m [1776449449.138467] Client: [0m---after writing in log upd_msg->data.sensor_type = 2
[91m [1776449449.138472] Client: [0m---after writing in log upd_msg->reliable = 1
[91m [1776449449.376760] BSON Message: [0mInside sensor type parsing.
[91m [1776449449.376775] BSON Message: [0mInside sensor type parsing end.
[91m [1776449449.376783] BSON Message: [0mInside sid parsing
[91m [1776449449.376790] BSON Message: [0mInside gps1 parsing.
[91m [1776449449.376797] Client: [0m---before writing in log upd_msg->seq_no= 17
[91m [1776449449.376803] Client: [0m---before writing in log upd_msg->type= 4
[91m [1776449449.376809] Client: [0m---before writing in log upd_msg->frag_no= 0
[91m [1776449449.376815] Client: [0m---before writing in log upd_msg->reliable= 1
[91m [1776449449.376821] Client: [0m---before writing in log upd_msg->data.sensor_type= 3
[91m [1776449449.376828] Client: [0m---before writing in log upd_msg->data.sid= gps_2
[91m [1776449449.376837] Client: [0m---after writing in log upd_msg->seq_no = 17
[91m [1776449449.376845] Client: [0m---after writing in log upd_msg->data.sensor_type = 3
[91m [1776449449.376851] Client: [0m---after writing in log upd_msg->reliable = 1
[91m [1776449450.46432] BSON Message: [0mInside sensor type parsing.
[91m [1776449450.46444] BSON Message: [0mInside sensor type parsing end.
[91m [1776449450.46448] BSON Message: [0mInside sid parsing
[91m [1776449450.46451] BSON Message: [0mInside temp1 parsing.
[91m [1776449450.46455] Client: [0m---before writing in log upd_msg->seq_no= 154
[91m [1776449450.46459] Client: [0m---before writing in log upd_msg->type= 4
[91m [1776449450.46462] Client: [0m---before writing in log upd_msg->frag_no= 0
[91m [1776449450.46465] Client: [0m---before writing in log upd_msg->reliable= 1
[91m [1776449450.46469] Client: [0m---before writing in log upd_msg->data.sensor_type= 1
[91m [1776449450.46474] Client: [0m---before writing in log upd_msg->data.sid= temp_1
[91m [1776449450.46478] Client: [0m---after writing in log upd_msg->seq_no = 154
[91m [1776449450.46482] Client: [0m---after writing in log upd_msg->data.sensor_type = 1
[91m [1776449450.46485] Client: [0m---after writing in log upd_msg->reliable = 1
[91m [1776449451.47070] BSON Message: [0mInside sensor type parsing.
[91m [1776449451.47081] BSON Message: [0mInside sensor type parsing end.
[91m [1776449451.47087] BSON Message: [0mInside sid parsing
[91m [1776449451.47094] BSON Message: [0mInside temp1 parsing.
[91m [1776449451.47101] Client: [0m---before writing in log upd_msg->seq_no= 155
[91m [1776449451.47106] Client: [0m---before writing in log upd_msg->type= 4
[91m [1776449451.47112] Client: [0m---before writing in log upd_msg->frag_no= 0
[91m [1776449451.47117] Client: [0m---before writing in log upd_msg->reliable= 1
[91m [1776449451.47122] Client: [0m---before writing in log upd_msg->data.sensor_type= 1
[91m [1776449451.47126] Client: [0m---before writing in log upd_msg->data.sid= temp_1
[91m [1776449451.47132] Client: [0m---after writing in log upd_msg->seq_no = 155
[91m [1776449451.47136] Client: [0m---after writing in log upd_msg->data.sensor_type = 1
[91m [1776449451.47142] Client: [0m---after writing in log upd_msg->reliable = 1
[91m [1776449452.47330] BSON Message: [0mInside sensor type parsing.
[91m [1776449452.47346] BSON Message: [0mInside sensor type parsing end.
[91m [1776449452.47351] BSON Message: [0mInside sid parsing
[91m [1776449452.47356] BSON Message: [0mInside temp1 parsing.
[91m [1776449452.47363] Client: [0m---before writing in log upd_msg->seq_no= 156
[91m [1776449452.47369] Client: [0m---before writing in log upd_msg->type= 4
[91m [1776449452.47374] Client: [0m---before writing in log upd_msg->frag_no= 0
[91m [1776449452.47379] Client: [0m---before writing in log upd_msg->reliable= 1
[91m [1776449452.47384] Client: [0m---before writing in log upd_msg->data.sensor_type= 1
[91m [1776449452.47388] Client: [0m---before writing in log upd_msg->data.sid= temp_1
[91m [1776449452.47394] Client: [0m---after writing in log upd_msg->seq_no = 156
[91m [1776449452.47399] Client: [0m---after writing in log upd_msg->data.sensor_type = 1
[91m [1776449452.47403] Client: [0m---after writing in log upd_msg->reliable = 1
[91m [1776449453.47840] BSON Message: [0mInside sensor type parsing.
[91m [1776449453.47850] BSON Message: [0mInside sensor type parsing end.
[91m [1776449453.47854] BSON Message: [0mInside sid parsing
[91m [1776449453.47858] BSON Message: [0mInside temp1 parsing.
[91m [1776449453.47862] Client: [0m---before writing in log upd_msg->seq_no= 157
[91m [1776449453.47866] Client: [0m---before writing in log upd_msg->type= 4
[91m [1776449453.47870] Client: [0m---before writing in log upd_msg->frag_no= 0
[91m [1776449453.47873] Client: [0m---before writing in log upd_msg->reliable= 1
[91m [1776449453.47877] Client: [0m---before writing in log upd_msg->data.sensor_type= 1
[91m [1776449453.47880] Client: [0m---before writing in log upd_msg->data.sid= temp_1
[91m [1776449453.47884] Client: [0m---after writing in log upd_msg->seq_no = 157
[91m [1776449453.47887] Client: [0m---after writing in log upd_msg->data.sensor_type = 1
[91m [1776449453.47891] Client: [0m---after writing in log upd_msg->reliable = 1
[91m [1776449453.119669] BSON Message: [0mInside sensor type parsing.
[91m [1776449453.119683] BSON Message: [0mInside sensor type parsing end.
[91m [1776449453.119687] BSON Message: [0mInside sid parsing
[91m [1776449453.119693] Client: [0m---before writing in log upd_msg->seq_no= 65
[91m [1776449453.119697] Client: [0m---before writing in log upd_msg->type= 4
[91m [1776449453.119700] Client: [0m---before writing in log upd_msg->frag_no= 0
[91m [1776449453.119704] Client: [0m---before writing in log upd_msg->reliable= 1
[91m [1776449453.119707] Client: [0m---before writing in log upd_msg->data.sensor_type= 2
[91m [1776449453.119711] Client: [0m---before writing in log upd_msg->data.sid= device_0
[91m [1776449453.119716] Client: [0m---after writing in log upd_msg->seq_no = 65
[91m [1776449453.119720] Client: [0m---after writing in log upd_msg->data.sensor_type = 2
[91m [1776449453.119725] Client: [0m---after writing in log upd_msg->reliable = 1
[91m [1776449454.48614] BSON Message: [0mInside sensor type parsing.
[91m [1776449454.48627] BSON Message: [0mInside sensor type parsing end.
[91m [1776449454.48632] BSON Message: [0mInside sid parsing
[91m [1776449454.48637] BSON Message: [0mInside temp1 parsing.
[91m [1776449454.48643] Client: [0m---before writing in log upd_msg->seq_no= 158
[91m [1776449454.48648] Client: [0m---before writing in log upd_msg->type= 4
[91m [1776449454.48652] Client: [0m---before writing in log upd_msg->frag_no= 0
[91m [1776449454.48657] Client: [0m---before writing in log upd_msg->reliable= 1
[91m [1776449454.48661] Client: [0m---before writing in log upd_msg->data.sensor_type= 1
[91m [1776449454.48668] Client: [0m---before writing in log upd_msg->data.sid= temp_1
[91m [1776449454.48673] Client: [0m---after writing in log upd_msg->seq_no = 158
[91m [1776449454.48677] Client: [0m---after writing in log upd_msg->data.sensor_type = 1
[91m [1776449454.48681] Client: [0m---after writing in log upd_msg->reliable = 1
[91m [1776449455.48018] BSON Message: [0mInside sensor type parsing.
[91m [1776449455.48028] BSON Message: [0mInside sensor type parsing end.
[91m [1776449455.48034] BSON Message: [0mInside sid parsing
[91m [1776449455.48039] BSON Message: [0mInside temp1 parsing.
[91m [1776449455.48045] Client: [0m---before writing in log upd_msg->seq_no= 159
[91m [1776449455.48050] Client: [0m---before writing in log upd_msg->type= 4
[91m [1776449455.48054] Client: [0m---before writing in log upd_msg->frag_no= 0
[91m [1776449455.48059] Client: [0m---before writing in log upd_msg->reliable= 1
[91m [1776449455.48064] Client: [0m---before writing in log upd_msg->data.sensor_type= 1
[91m [1776449455.48068] Client: [0m---before writing in log upd_msg->data.sid= temp_1
[91m [1776449455.48074] Client: [0m---after writing in log upd_msg->seq_no = 159
[91m [1776449455.48079] Client: [0m---after writing in log upd_msg->data.sensor_type = 1
[91m [1776449455.48085] Client: [0m---after writing in log upd_msg->reliable = 1
[91m [1776449455.343897] BSON Message: [0mInside sensor type parsing.
[91m [1776449455.343909] BSON Message: [0mInside sensor type parsing end.
[91m [1776449455.343925] BSON Message: [0mInside sid parsing
[91m [1776449455.343935] Client: [0m---before writing in log upd_msg->seq_no= 66
[91m [1776449455.343941] Client: [0m---before writing in log upd_msg->type= 4
[91m [1776449455.343946] Client: [0m---before writing in log upd_msg->frag_no= 0
[91m [1776449455.343951] Client: [0m---before writing in log upd_msg->reliable= 1
[91m [1776449455.343957] Client: [0m---before writing in log upd_msg->data.sensor_type= 2
[91m [1776449455.343963] Client: [0m---before writing in log upd_msg->data.sid= device_0
[91m [1776449455.343969] Client: [0m---after writing in log upd_msg->seq_no = 66
[91m [1776449455.343975] Client: [0m---after writing in log upd_msg->data.sensor_type = 2
[91m [1776449455.343980] Client: [0m---after writing in log upd_msg->reliable = 1
[91m [1776449456.48700] BSON Message: [0mInside sensor type parsing.
[91m [1776449456.48713] BSON Message: [0mInside sensor type parsing end.
[91m [1776449456.48717] BSON Message: [0mInside sid parsing
[91m [1776449456.48722] BSON Message: [0mInside temp1 parsing.
[91m [1776449456.48727] Client: [0m---before writing in log upd_msg->seq_no= 160
[91m [1776449456.48731] Client: [0m---before writing in log upd_msg->type= 4
[91m [1776449456.48735] Client: [0m---before writing in log upd_msg->frag_no= 0
[91m [1776449456.48739] Client: [0m---before writing in log upd_msg->reliable= 1
[91m [1776449456.48743] Client: [0m---before writing in log upd_msg->data.sensor_type= 1
[91m [1776449456.48747] Client: [0m---before writing in log upd_msg->data.sid= temp_1
[91m [1776449456.48752] Client: [0m---after writing in log upd_msg->seq_no = 160
[91m [1776449456.48756] Client: [0m---after writing in log upd_msg->data.sensor_type = 1
[91m [1776449456.48760] Client: [0m---after writing in log upd_msg->reliable = 1
[91m [1776449457.48593] BSON Message: [0mInside sensor type parsing.
[91m [1776449457.48603] BSON Message: [0mInside sensor type parsing end.
[91m [1776449457.48609] BSON Message: [0mInside sid parsing
[91m [1776449457.48614] BSON Message: [0mInside temp1 parsing.
[91m [1776449457.48624] Client: [0m---before writing in log upd_msg->seq_no= 161
[91m [1776449457.48629] Client: [0m---before writing in log upd_msg->type= 4
[91m [1776449457.48633] Client: [0m---before writing in log upd_msg->frag_no= 0
[91m [1776449457.48638] Client: [0m---before writing in log upd_msg->reliable= 1
[91m [1776449457.48643] Client: [0m---before writing in log upd_msg->data.sensor_type= 1
[91m [1776449457.48648] Client: [0m---before writing in log upd_msg->data.sid= temp_1
[91m [1776449457.48654] Client: [0m---after writing in log upd_msg->seq_no = 161
[91m [1776449457.48660] Client: [0m---after writing in log upd_msg->data.sensor_type = 1
[91m [1776449457.48666] Client: [0m---after writing in log upd_msg->reliable = 1
[91m [1776449457.507368] BSON Message: [0mInside sensor type parsing.
[91m [1776449457.507380] BSON Message: [0mInside sensor type parsing end.
[91m [1776449457.507386] BSON Message: [0mInside sid parsing
[91m [1776449457.507392] Client: [0m---before writing in log upd_msg->seq_no= 67
[91m [1776449457.507397] Client: [0m---before writing in log upd_msg->type= 4
[91m [1776449457.507401] Client: [0m---before writing in log upd_msg->frag_no= 0
[91m [1776449457.507406] Client: [0m---before writing in log upd_msg->reliable= 1
[91m [1776449457.507414] Client: [0m---before writing in log upd_msg->data.sensor_type= 2
[91m [1776449457.507418] Client: [0m---before writing in log upd_msg->data.sid= device_0
[91m [1776449457.507424] Client: [0m---after writing in log upd_msg->seq_no = 67
[91m [1776449457.507429] Client: [0m---after writing in log upd_msg->data.sensor_type = 2
[91m [1776449457.507433] Client: [0m---after writing in log upd_msg->reliable = 1
[91m [1776449458.48882] BSON Message: [0mInside sensor type parsing.
[91m [1776449458.48894] BSON Message: [0mInside sensor type parsing end.
[91m [1776449458.48900] BSON Message: [0mInside sid parsing
[91m [1776449458.48905] BSON Message: [0mInside temp1 parsing.
[91m [1776449458.48911] Client: [0m---before writing in log upd_msg->seq_no= 162
[91m [1776449458.48925] Client: [0m---before writing in log upd_msg->type= 4
[91m [1776449458.48931] Client: [0m---before writing in log upd_msg->frag_no= 0
[91m [1776449458.48936] Client: [0m---before writing in log upd_msg->reliable= 1
[91m [1776449458.48941] Client: [0m---before writing in log upd_msg->data.sensor_type= 1
[91m [1776449458.48946] Client: [0m---before writing in log upd_msg->data.sid= temp_1
[91m [1776449458.48952] Client: [0m---after writing in log upd_msg->seq_no = 162
[91m [1776449458.48956] Client: [0m---after writing in log upd_msg->data.sensor_type = 1
[91m [1776449458.48960] Client: [0m---after writing in log upd_msg->reliable = 1
[91m [1776449459.49369] BSON Message: [0mInside sensor type parsing.
[91m [1776449459.49381] BSON Message: [0mInside sensor type parsing end.
[91m [1776449459.49386] BSON Message: [0mInside sid parsing
[91m [1776449459.49390] BSON Message: [0mInside temp1 parsing.
[91m [1776449459.49395] Client: [0m---before writing in log upd_msg->seq_no= 163
[91m [1776449459.49399] Client: [0m---before writing in log upd_msg->type= 4
[91m [1776449459.49402] Client: [0m---before writing in log upd_msg->frag_no= 0
[91m [1776449459.49406] Client: [0m---before writing in log upd_msg->reliable= 1
[91m [1776449459.49411] Client: [0m---before writing in log upd_msg->data.sensor_type= 1
[91m [1776449459.49415] Client: [0m---before writing in log upd_msg->data.sid= temp_1
[91m [1776449459.49421] Client: [0m---after writing in log upd_msg->seq_no = 163
[91m [1776449459.49426] Client: [0m---after writing in log upd_msg->data.sensor_type = 1
[91m [1776449459.49430] Client: [0m---after writing in log upd_msg->reliable = 1
[91m [1776449460.49550] BSON Message: [0mInside sensor type parsing.
[91m [1776449460.49562] BSON Message: [0mInside sensor type parsing end.
[91m [1776449460.49569] BSON Message: [0mInside sid parsing
[91m [1776449460.49575] BSON Message: [0mInside temp1 parsing.
[91m [1776449460.49583] Client: [0m---before writing in log upd_msg->seq_no= 164
[91m [1776449460.49589] Client: [0m---before writing in log upd_msg->type= 4
[91m [1776449460.49595] Client: [0m---before writing in log upd_msg->frag_no= 0
[91m [1776449460.49600] Client: [0m---before writing in log upd_msg->reliable= 1
[91m [1776449460.49605] Client: [0m---before writing in log upd_msg->data.sensor_type= 1
[91m [1776449460.49609] Client: [0m---before writing in log upd_msg->data.sid= temp_1
[91m [1776449460.49615] Client: [0m---after writing in log upd_msg->seq_no = 164
[91m [1776449460.49619] Client: [0m---after writing in log upd_msg->data.sensor_type = 1
[91m [1776449460.49624] Client: [0m---after writing in log upd_msg->reliable = 1
[91m [1776449460.562984] BSON Message: [0mInside sensor type parsing.
[91m [1776449460.562994] BSON Message: [0mInside sensor type parsing end.
[91m [1776449460.562999] BSON Message: [0mInside sid parsing
[91m [1776449460.563006] Client: [0m---before writing in log upd_msg->seq_no= 68
[91m [1776449460.563011] Client: [0m---before writing in log upd_msg->type= 4
[91m [1776449460.563016] Client: [0m---before writing in log upd_msg->frag_no= 0
[91m [1776449460.563020] Client: [0m---before writing in log upd_msg->reliable= 1
[91m [1776449460.563024] Client: [0m---before writing in log upd_msg->data.sensor_type= 2
[91m [1776449460.563028] Client: [0m---before writing in log upd_msg->data.sid= device_0
[91m [1776449460.563034] Client: [0m---after writing in log upd_msg->seq_no = 68
[91m [1776449460.563039] Client: [0m---after writing in log upd_msg->data.sensor_type = 2
[91m [1776449460.563044] Client: [0m---after writing in log upd_msg->reliable = 1
[91m [1776449461.49832] BSON Message: [0mInside sensor type parsing.
[91m [1776449461.49843] BSON Message: [0mInside sensor type parsing end.
[91m [1776449461.49849] BSON Message: [0mInside sid parsing
[91m [1776449461.49853] BSON Message: [0mInside temp1 parsing.
[91m [1776449461.49859] Client: [0m---before writing in log upd_msg->seq_no= 165
[91m [1776449461.49864] Client: [0m---before writing in log upd_msg->type= 4
[91m [1776449461.49869] Client: [0m---before writing in log upd_msg->frag_no= 0
[91m [1776449461.49875] Client: [0m---before writing in log upd_msg->reliable= 0
[91m [1776449461.49880] Client: [0m---before writing in log upd_msg->data.sensor_type= 1
[91m [1776449461.49885] Client: [0m---before writing in log upd_msg->data.sid= temp_1
[91m [1776449461.49889] Client: [0m---after writing in log upd_msg->seq_no = 165
[91m [1776449461.49893] Client: [0m---after writing in log upd_msg->data.sensor_type = 1
[91m [1776449461.49897] Client: [0m---after writing in log upd_msg->reliable = 0
[91m [1776449461.891164] BSON Message: [0mInside sensor type parsing.
[91m [1776449461.891180] BSON Message: [0mInside sensor type parsing end.
[91m [1776449461.891185] BSON Message: [0mInside sid parsing
ge from the server.
Message type is 4
---------Update message arrived------------ 1
Got a message from the server.
Message type is 4
---------Update message arrived------------ 1
Got a message from the server.
Message type is 4
---------Update message arrived------------ 1
Got a message from the server.
Message type is 4
---------Update message arrived------------ 1
Got a message from the server.
Message type is 4
---------Update message arrived------------ 1
Got a message from the server.
Message type is 4
---------Update message arrived------------ 1
Got a message from the server.
Message type is 4
---------Update message arrived------------ 1
Got a message from the server.
Message type is 4
---------Update message arrived------------ 1
Got a message from the server.
Message type is 4
---------Update message arrived------------ 1
Got a message from the server.
Message type is 4
---------Update message arrived------------ 1
Got a message from the server.
Message type is 4
---------Update message arrived------------ 1
Got a message from the server.
Message type is 4
---------Update message arrived------------ 1
Got a message from the server.
Message type is 4
---------Update message arrived------------ 1
Got a message from the server.
Message type is 4
---------Update message arrived------------ 1
Got a message from the server.
Message type is 4
---------Update message arrived------------ 1
Got a message from the server.
Message type is 4
---------Update message arrived------------ 1
Got a message from the server.
Message type is 4
---------Update message arrived------------ 1
Got a message from the server.
Message type is 4
---------Update message arrived------------ 1
Got a message from the server.
Message type is 4
---------Update message arrived------------ 1
Got a message from the server.
Message type is 4
---------Update message arrived------------ 1
Got a message from the server.
Message type is 4
---------Update message arrived------------ 1
Got a message from the server.
Message type is 4
---------Update message arrived------------ 1
Got a message from the server.
Message type is 4
---------Update message arrived------------ 1
Got a message from the server.
Message type is 4
---------Update message arrived------------ 1
Got a message from the server.
Message type is 4
---------Update message arrived------------ 1
Got a message from the server.
Message type is 4
---------Update message arrived------------ 1
Got a message from the server.
Message type is 4
---------Update message arrived------------ 1
Got a message from the server.
Message type is 4
---------Update message arrived------------ 1
Got a message from the server.
Message type is 4
---------Update message arrived------------ 1
Got a message from the server.
Message type is 4
---------Update message arrived------------ 1
Got a message from the server.
Message type is 4
---------Update message arrived------------ 1
Got a message from the server.
Message type is 4
---------Update message arrived------------ 1
Got a message from the server.
Message type is 4
---------Update message arrived------------ 1
Got a message from the server.
Message type is 4
---------Update message arrived------------ 1
Got a message from the server.
Message type is 4
---------Update message arrived------------ 1
Got a message from the server.
Message type is 4
---------Update message arrived------------ 1
Got a message from the server.
Message type is 4
---------Update message arrived------------ 1
Got a message from the server.
Message type is 4
---------Update message arrived------------ 1
Got a message from the server.
Message type is 4
---------Update message arrived------------ 1
Got a message from the server.
Message type is 4
---------Update message arrived------------ 1
Got a message from the server.
Message type is 4
---------Update message arrived------------ 1
Got a message from the server.
Message type is 4
---------Update message arrived------------ 1
Got a message from the server.
Message type is 4
---------Update message arrived------------ 1
Got a message from the[91m [1776449461.891197] Client: [0m---before writing in log upd_msg->seq_no= 69
[91m [1776449461.891201] Client: [0m---before writing in log upd_msg->type= 4
[91m [1776449461.891206] Client: [0m---before writing in log upd_msg->frag_no= 0
[91m [1776449461.891211] Client: [0m---before writing in log upd_msg->reliable= 1
[91m [1776449461.891215] Client: [0m---before writing in log upd_msg->data.sensor_type= 2
[91m [1776449461.891220] Client: [0m---before writing in log upd_msg->data.sid= device_0
[91m [1776449461.891225] Client: [0m---after writing in log upd_msg->seq_no = 69
[91m [1776449461.891229] Client: [0m---after writing in log upd_msg->data.sensor_type = 2
[91m [1776449461.891234] Client: [0m---after writing in log upd_msg->reliable = 1
[91m [1776449462.50164] BSON Message: [0mInside sensor type parsing.
[91m [1776449462.50174] BSON Message: [0mInside sensor type parsing end.
[91m [1776449462.50178] BSON Message: [0mInside sid parsing
[91m [1776449462.50182] BSON Message: [0mInside temp1 parsing.
[91m [1776449462.50187] Client: [0m---before writing in log upd_msg->seq_no= 166
[91m [1776449462.50191] Client: [0m---before writing in log upd_msg->type= 4
[91m [1776449462.50195] Client: [0m---before writing in log upd_msg->frag_no= 0
[91m [1776449462.50199] Client: [0m---before writing in log upd_msg->reliable= 1
[91m [1776449462.50203] Client: [0m---before writing in log upd_msg->data.sensor_type= 1
[91m [1776449462.50207] Client: [0m---before writing in log upd_msg->data.sid= temp_1
[91m [1776449462.50212] Client: [0m---after writing in log upd_msg->seq_no = 166
[91m [1776449462.50217] Client: [0m---after writing in log upd_msg->data.sensor_type = 1
[91m [1776449462.50222] Client: [0m---after writing in log upd_msg->reliable = 1
[91m [1776449463.50678] BSON Message: [0mInside sensor type parsing.
[91m [1776449463.50689] BSON Message: [0mInside sensor type parsing end.
[91m [1776449463.50695] BSON Message: [0mInside sid parsing
[91m [1776449463.50699] BSON Message: [0mInside temp1 parsing.
[91m [1776449463.50705] Client: [0m---before writing in log upd_msg->seq_no= 167
[91m [1776449463.50710] Client: [0m---before writing in log upd_msg->type= 4
[91m [1776449463.50715] Client: [0m---before writing in log upd_msg->frag_no= 0
[91m [1776449463.50720] Client: [0m---before writing in log upd_msg->reliable= 1
[91m [1776449463.50725] Client: [0m---before writing in log upd_msg->data.sensor_type= 1
[91m [1776449463.50731] Client: [0m---before writing in log upd_msg->data.sid= temp_1
[91m [1776449463.50736] Client: [0m---after writing in log upd_msg->seq_no = 167
[91m [1776449463.50739] Client: [0m---after writing in log upd_msg->data.sensor_type = 1
[91m [1776449463.50744] Client: [0m---after writing in log upd_msg->reliable = 1
[91m [1776449463.137772] BSON Message: [0mInside sensor type parsing.
[91m [1776449463.137783] BSON Message: [0mInside sensor type parsing end.
[91m [1776449463.137788] BSON Message: [0mInside sid parsing
[91m [1776449463.137795] Client: [0m---before writing in log upd_msg->seq_no= 70
[91m [1776449463.137801] Client: [0m---before writing in log upd_msg->type= 4
[91m [1776449463.137806] Client: [0m---before writing in log upd_msg->frag_no= 0
[91m [1776449463.137811] Client: [0m---before writing in log upd_msg->reliable= 1
[91m [1776449463.137816] Client: [0m---before writing in log upd_msg->data.sensor_type= 2
[91m [1776449463.137821] Client: [0m---before writing in log upd_msg->data.sid= device_0
[91m [1776449463.137827] Client: [0m---after writing in log upd_msg->seq_no = 70
[91m [1776449463.137831] Client: [0m---after writing in log upd_msg->data.sensor_type = 2
[91m [1776449463.137836] Client: [0m---after writing in log upd_msg->reliable = 1
[91m [1776449463.225859] BSON Message: [0mInside sensor type parsing.
[91m [1776449463.225869] BSON Message: [0mInside sensor type parsing end.
[91m [1776449463.225878] BSON Message: [0mInside sid parsing
[91m [1776449463.225883] BSON Message: [0mInside gps1 parsing.
[91m [1776449463.225890] Client: [0m---before writing in log upd_msg->seq_no= 18
[91m [1776449463.225894] Client: [0m---before writing in log upd_msg->type= 4
[91m [1776449463.225899] Client: [0m---before writing in log upd_msg->frag_no= 0
[91m [1776449463.225905] Client: [0m---before writing in log upd_msg->reliable= 1
[91m [1776449463.225911] Client: [0m---before writing in log upd_msg->data.sensor_type= 3
[91m [1776449463.225925] Client: [0m---before writing in log upd_msg->data.sid= gps_2
[91m [1776449463.225934] Client: [0m---after writing in log upd_msg->seq_no = 18
[91m [1776449463.225938] Client: [0m---after writing in log upd_msg->data.sensor_type = 3
[91m [1776449463.225942] Client: [0m---after writing in log upd_msg->reliable = 1
[91m [1776449463.448686] BSON Message: [0mInside sensor type parsing.
[91m [1776449463.448696] BSON Message: [0mInside sensor type parsing end.
[91m [1776449463.448702] BSON Message: [0mInside sid parsing
[91m [1776449463.448707] Client: [0m---before writing in log upd_msg->seq_no= 71
[91m [1776449463.448713] Client: [0m---before writing in log upd_msg->type= 4
[91m [1776449463.448718] Client: [0m---before writing in log upd_msg->frag_no= 0
[91m [1776449463.448724] Client: [0m---before writing in log upd_msg->reliable= 1
[91m [1776449463.448729] Client: [0m---before writing in log upd_msg->data.sensor_type= 2
[91m [1776449463.448733] Client: [0m---before writing in log upd_msg->data.sid= device_0
[91m [1776449463.448739] Client: [0m---after writing in log upd_msg->seq_no = 71
[91m [1776449463.448743] Client: [0m---after writing in log upd_msg->data.sensor_type = 2
[91m [1776449463.448748] Client: [0m---after writing in log upd_msg->reliable = 1
[91m [1776449464.50713] BSON Message: [0mInside sensor type parsing.
[91m [1776449464.50728] BSON Message: [0mInside sensor type parsing end.
[91m [1776449464.50733] BSON Message: [0mInside sid parsing
[91m [1776449464.50738] BSON Message: [0mInside temp1 parsing.
[91m [1776449464.50743] Client: [0m---before writing in log upd_msg->seq_no= 168
[91m [1776449464.50747] Client: [0m---before writing in log upd_msg->type= 4
[91m [1776449464.50751] Client: [0m---before writing in log upd_msg->frag_no= 0
[91m [1776449464.50756] Client: [0m---before writing in log upd_msg->reliable= 1
[91m [1776449464.50760] Client: [0m---before writing in log upd_msg->data.sensor_type= 1
[91m [1776449464.50764] Client: [0m---before writing in log upd_msg->data.sid= temp_1
[91m [1776449464.50784] Client: [0m---after writing in log upd_msg->seq_no = 168
[91m [1776449464.50788] Client: [0m---after writing in log upd_msg->data.sensor_type = 1
[91m [1776449464.50792] Client: [0m---after writing in log upd_msg->reliable = 1
[91m [1776449465.51242] BSON Message: [0mInside sensor type parsing.
[91m [1776449465.51254] BSON Message: [0mInside sensor type parsing end.
[91m [1776449465.51259] BSON Message: [0mInside sid parsing
[91m [1776449465.51263] BSON Message: [0mInside temp1 parsing.
[91m [1776449465.51270] Client: [0m---before writing in log upd_msg->seq_no= 169
[91m [1776449465.51274] Client: [0m---before writing in log upd_msg->type= 4
[91m [1776449465.51278] Client: [0m---before writing in log upd_msg->frag_no= 0
[91m [1776449465.51283] Client: [0m---before writing in log upd_msg->reliable= 1
[91m [1776449465.51287] Client: [0m---before writing in log upd_msg->data.sensor_type= 1
[91m [1776449465.51292] Client: [0m---before writing in log upd_msg->data.sid= temp_1
[91m [1776449465.51297] Client: [0m---after writing in log upd_msg->seq_no = 169
[91m [1776449465.51302] Client: [0m---after writing in log upd_msg->data.sensor_type = 1
[91m [1776449465.51307] Client: [0m---after writing in log upd_msg->reliable = 1
[91m [1776449465.430368] BSON Message: [0mInside sensor type parsing.
[91m [1776449465.430378] BSON Message: [0mInside sensor type parsing end.
[91m [1776449465.430388] BSON Message: [0mInside sid parsing
[91m [1776449465.430395] Client: [0m---before writing in log upd_msg->seq_no= 72
[91m [1776449465.430400] Client: [0m---before writing in log upd_msg->type= 4
[91m [1776449465.430404] Client: [0m---before writing in log upd_msg->frag_no= 0
[91m [1776449465.430409] Client: [0m---before writing in log upd_msg->reliable= 1
[91m [1776449465.430413] Client: [0m---before writing in log upd_msg->data.sensor_type= 2
[91m [1776449465.430417] Client: [0m---before writing in log upd_msg->data.sid= device_0
[91m [1776449465.430423] Client: [0m---after writing in log upd_msg->seq_no = 72
[91m [1776449465.430428] Client: [0m---after writing in log upd_msg->data.sensor_type = 2
[91m [1776449465.430433] Client: [0m---after writing in log upd_msg->reliable = 1
[91m [1776449466.52015] BSON Message: [0mInside sensor type parsing.
[91m [1776449466.52028] BSON Message: [0mInside sensor type parsing end.
[91m [1776449466.52034] BSON Message: [0mInside sid parsing
[91m [1776449466.52038] BSON Message: [0mInside temp1 parsing.
[91m [1776449466.52043] Client: [0m---before writing in log upd_msg->seq_no= 170
[91m [1776449466.52047] Client: [0m---before writing in log upd_msg->type= 4
[91m [1776449466.52050] Client: [0m---before writing in log upd_msg->frag_no= 0
[91m [1776449466.52055] Client: [0m---before writing in log upd_msg->reliable= 1
[91m [1776449466.52060] Client: [0m---before writing in log upd_msg->data.sensor_type= 1
[91m [1776449466.52066] Client: [0m---before writing in log upd_msg->data.sid= temp_1
[91m [1776449466.52073] Client: [0m---after writing in log upd_msg->seq_no = 170
[91m [1776449466.52079] Client: [0m---after writing in log upd_msg->data.sensor_type = 1
[91m [1776449466.52085] Client: [0m---after writing in log upd_msg->reliable = 1
[91m [1776449466.486489] BSON Message: [0mInside sensor type parsing.
[91m [1776449466.486498] BSON Message: [0mInside sensor type parsing end.
[91m [1776449466.486503] BSON Message: [0mInside sid parsing
[91m [1776449466.486507] Client: [0m---before writing in log upd_msg->seq_no= 73
[91m [1776449466.486511] Client: [0m---before writing in log upd_msg->type= 4
[91m [1776449466.486515] Client: [0m---before writing in log upd_msg->frag_no= 0
[91m [1776449466.486519] Client: [0m---before writing in log upd_msg->reliable= 1
[91m [1776449466.486523] Client: [0m---before writing in log upd_msg->data.sensor_type= 2
[91m [1776449466.486526] Client: [0m---before writing in log upd_msg->data.sid= device_0
[91m [1776449466.486531] Client: [0m---after writing in log upd_msg->seq_no = 73
[91m [1776449466.486535] Client: [0m---after writing in log upd_msg->data.sensor_type = 2
[91m [1776449466.486538] Client: [0m---after writing in log upd_msg->reliable = 1
[91m [1776449467.51811] BSON Message: [0mInside sensor type parsing.
[91m [1776449467.51821] BSON Message: [0mInside sensor type parsing end.
[91m [1776449467.51827] BSON Message: [0mInside sid parsing
[91m [1776449467.51831] BSON Message: [0mInside temp1 parsing.
[91m [1776449467.51837] Client: [0m---before writing in log upd_msg->seq_no= 171
[91m [1776449467.51842] Client: [0m---before writing in log upd_msg->type= 4
[91m [1776449467.51847] Client: [0m---before writing in log upd_msg->frag_no= 0
[91m [1776449467.51851] Client: [0m---before writing in log upd_msg->reliable= 1
[91m [1776449467.51857] Client: [0m---before writing in log upd_msg->data.sensor_type= 1
[91m [1776449467.51862] Client: [0m---before writing in log upd_msg->data.sid= temp_1
[91m [1776449467.51870] Client: [0m---after writing in log upd_msg->seq_no = 171
[91m [1776449467.51876] Client: [0m---after writing in log upd_msg->data.sensor_type = 1
[91m [1776449467.51881] Client: [0m---after writing in log upd_msg->reliable = 1
[91m [1776449468.52185] BSON Message: [0mInside sensor type parsing.
[91m [1776449468.52194] BSON Message: [0mInside sensor type parsing end.
[91m [1776449468.52197] BSON Message: [0mInside sid parsing
[91m [1776449468.52204] BSON Message: [0mInside temp1 parsing.
[91m [1776449468.52208] Client: [0m---before writing in log upd_msg->seq_no= 172
[91m [1776449468.52211] Client: [0m---before writing in log upd_msg->type= 4
[91m [1776449468.52214] Client: [0m---before writing in log upd_msg->frag_no= 0
[91m [1776449468.52217] Client: [0m---before writing in log upd_msg->reliable= 0
[91m [1776449468.52222] Client: [0m---before writing in log upd_msg->data.sensor_type= 1
[91m [1776449468.52225] Client: [0m---before writing in log upd_msg->data.sid= temp_1
[91m [1776449468.52229] Client: [0m---after writing in log upd_msg->seq_no = 172
[91m [1776449468.52232] Client: [0m---after writing in log upd_msg->data.sensor_type = 1
[91m [1776449468.52235] Client: [0m---after writing in log upd_msg->reliable = 0
[91m [1776449469.52031] BSON Message: [0mInside sensor type parsing.
[91m [1776449469.52041] BSON Message: [0mInside sensor type parsing end.
[91m [1776449469.52047] BSON Message: [0mInside sid parsing
[91m [1776449469.52052] BSON Message: [0mInside temp1 parsing.
[91m [1776449469.52058] Client: [0m---before writing in log upd_msg->seq_no= 173
[91m [1776449469.52063] Client: [0m---before writing in log upd_msg->type= 4
[91m [1776449469.52069] Client: [0m---before writing in log upd_msg->frag_no= 0
[91m [1776449469.52074] Client: [0m---before writing in log upd_msg->reliable= 1
[91m [1776449469.52079] Client: [0m---before writing in log upd_msg->data.sensor_type= 1
[91m [1776449469.52084] Client: [0m---before writing in log upd_msg->data.sid= temp_1
[91m [1776449469.52090] Client: [0m---after writing in log upd_msg->seq_no = 173
[91m [1776449469.52094] Client: [0m---after writing in log upd_msg->data.sensor_type = 1
[91m [1776449469.52099] Client: [0m---after writing in log upd_msg->reliable = 1
[91m [1776449470.13166] BSON Message: [0mInside sensor type parsing.
[91m [1776449470.13175] BSON Message: [0mInside sensor type parsing end.
[91m [1776449470.13179] BSON Message: [0mInside sid parsing
[91m [1776449470.13183] Client: [0m---before writing in log upd_msg->seq_no= 74
[91m [1776449470.13188] Client: [0m---before writing in log upd_msg->type= 4
[91m [1776449470.13192] Client: [0m---before writing in log upd_msg->frag_no= 0
[91m [1776449470.13196] Client: [0m---before writing in log upd_msg->reliable= 1
[91m [1776449470.13200] Client: [0m---before writing in log upd_msg->data.sensor_type= 2
[91m [1776449470.13203] Client: [0m---before writing in log upd_msg->data.sid= device_0
[91m [1776449470.13209] Client: [0m---after writing in log upd_msg->seq_no = 74
[91m [1776449470.13213] Client: [0m---after writing in log upd_msg->data.sensor_type = 2
[91m [1776449470.13218] Client: [0m---after writing in log upd_msg->reliable = 1
[91m [1776449470.52441] BSON Message: [0mInside sensor type parsing.
[91m [1776449470.52453] BSON Message: [0mInside sensor type parsing end.
[91m [1776449470.52460] BSON Message: [0mInside sid parsing
[91m [1776449470.52465] BSON Message: [0mInside temp1 parsing.
[91m [1776449470.52472] Client: [0m---before writing in log upd_msg->seq_no= 174
[91m [1776449470.52479] Client: [0m---before writing in log upd_msg->type= 4
[91m [1776449470.52484] Client: [0m---before writing in log upd_msg->frag_no= 0
[91m [1776449470.52490] Client: [0m---before writing in log upd_msg->reliable= 1
[91m [1776449470.52496] Client: [0m---before writing in log upd_msg->data.sensor_type= 1
[91m [1776449470.52503] Client: [0m---before writing in log upd_msg->data.sid= temp_1
[91m [1776449470.52512] Client: [0m---after writing in log upd_msg->seq_no = 174
[91m [1776449470.52519] Client: [0m---after writing in log upd_msg->data.sensor_type = 1
[91m [1776449470.52525] Client: [0m---after writing in log upd_msg->reliable = 1
[91m [1776449470.695496] BSON Message: [0mInside sensor type parsing.
[91m [1776449470.695506] BSON Message: [0mInside sensor type parsing end.
[91m [1776449470.695510] BSON Message: [0mInside sid parsing
[91m [1776449470.695518] BSON Message: [0mInside gps1 parsing.
[91m [1776449470.695523] Client: [0m---before writing in log upd_msg->seq_no= 19
[91m [1776449470.695567] Client: [0m---before writing in log upd_msg->type= 4
[91m [1776449470.695570] Client: [0m---before writing in log upd_msg->frag_no= 0
[91m [1776449470.695574] Client: [0m---before writing in log upd_msg->reliable= 1
[91m [1776449470.695578] Client: [0m---before writing in log upd_msg->data.sensor_type= 3
[91m [1776449470.695582] Client: [0m---before writing in log upd_msg->data.sid= gps_2
[91m [1776449470.695589] Client: [0m---after writing in log upd_msg->seq_no = 19
[91m [1776449470.695594] Client: [0m---after writing in log upd_msg->data.sensor_type = 3
[91m [1776449470.695598] Client: [0m---after writing in log upd_msg->reliable = 1
[91m [1776449471.52953] BSON Message: [0mInside sensor type parsing.
[91m [1776449471.52966] BSON Message: [0mInside sensor type parsing end.
[91m [1776449471.52971] BSON Message: [0mInside sid parsing
[91m [1776449471.52976] BSON Message: [0mInside temp1 parsing.
[91m [1776449471.52982] Client: [0m---before writing in log upd_msg->seq_no= 175
[91m [1776449471.52987] Client: [0m---before writing in log upd_msg->type= 4
[91m [1776449471.52991] Client: [0m---before writing in log upd_msg->frag_no= 0
[91m [1776449471.53010] Client: [0m---before writing in log upd_msg->reliable= 1
[91m [1776449471.53015] Client: [0m---before writing in log upd_msg->data.sensor_type= 1
[91m [1776449471.53019] Client: [0m---before writing in log upd_msg->data.sid= temp_1
[91m [1776449471.53024] Client: [0m---after writing in log upd_msg->seq_no = 175
[91m [1776449471.53029] Client: [0m---after writing in log upd_msg->data.sensor_type = 1
[91m [1776449471.53033] Client: [0m---after writing in log upd_msg->reliable = 1
[91m [1776449472.53075] BSON Message: [0mInside sensor type parsing.
[91m [1776449472.53088] BSON Message: [0mInside sensor type parsing end.
[91m [1776449472.53093] BSON Message: [0mInside sid parsing
[91m [1776449472.53097] BSON Message: [0mInside temp1 parsing.
[91m [1776449472.53104] Client: [0m---before writing in log upd_msg->seq_no= 176
[91m [1776449472.53110] Client: [0m---before writing in log upd_msg->type= 4
[91m [1776449472.53115] Client: [0m---before writing in log upd_msg->frag_no= 0
[91m [1776449472.53120] Client: [0m---before writing in log upd_msg->reliable= 1
[91m [1776449472.53125] Client: [0m---before writing in log upd_msg->data.sensor_type= 1
[91m [1776449472.53130] Client: [0m---before writing in log upd_msg->data.sid= temp_1
[91m [1776449472.53136] Client: [0m---after writing in log upd_msg->seq_no = 176
[91m [1776449472.53140] Client: [0m---after writing in log upd_msg->data.sensor_type = 1
[91m [1776449472.53145] Client: [0m---after writing in log upd_msg->reliable = 1
[91m [1776449473.53567] BSON Message: [0mInside sensor type parsing.
[91m [1776449473.53583] BSON Message: [0mInside sensor type parsing end.
[91m [1776449473.53593] BSON Message: [0mInside sid parsing
[91m [1776449473.53603] BSON Message: [0mInside temp1 parsing.
[91m [1776449473.53614] Client: [0m---before writing in log upd_msg->seq_no= 177
[91m [1776449473.53623] Client: [0m---before writing in log upd_msg->type= 4
[91m [1776449473.53633] Client: [0m---before writing in log upd_msg->frag_no= 0
[91m [1776449473.53642] Client: [0m---before writing in log upd_msg->reliable= 1
[91m [1776449473.53651] Client: [0m---before writing in log upd_msg->data.sensor_type= 1
[91m [1776449473.53661] Client: [0m---before writing in log upd_msg->data.sid= temp_1
[91m [1776449473.53672] Client: [0m---after writing in log upd_msg->seq_no = 177
[91m [1776449473.53680] Client: [0m---after writing in log upd_msg->data.sensor_type = 1
[91m [1776449473.53689] Client: [0m---after writing in log upd_msg->reliable = 1
[91m [1776449473.758560] BSON Message: [0mInside sensor type parsing.
[91m [1776449473.758573] BSON Message: [0mInside sensor type parsing end.
[91m [1776449473.758587] BSON Message: [0mInside sid parsing
[91m [1776449473.758593] Client: [0m---before writing in log upd_msg->seq_no= 75
[91m [1776449473.758598] Client: [0m---before writing in log upd_msg->type= 4
[91m [1776449473.758602] Client: [0m---before writing in log upd_msg->frag_no= 0
[91m [1776449473.758607] Client: [0m---before writing in log upd_msg->reliable= 1
[91m [1776449473.758611] Client: [0m---before writing in log upd_msg->data.sensor_type= 2
[91m [1776449473.758615] Client: [0m---before writing in log upd_msg->data.sid= device_0
[91m [1776449473.758621] Client: [0m---after writing in log upd_msg->seq_no = 75
[91m [1776449473.758624] Client: [0m---after writing in log upd_msg->data.sensor_type = 2
[91m [1776449473.758628] Client: [0m---after writing in log upd_msg->reliable = 1
[91m [1776449474.54443] BSON Message: [0mInside sensor type parsing.
[91m [1776449474.54451] BSON Message: [0mInside sensor type parsing end.
[91m [1776449474.54455] BSON Message: [0mInside sid parsing
[91m [1776449474.54458] BSON Message: [0mInside temp1 parsing.
[91m [1776449474.54462] Client: [0m---before writing in log upd_msg->seq_no= 178
[91m [1776449474.54466] Client: [0m---before writing in log upd_msg->type= 4
[91m [1776449474.54469] Client: [0m---before writing in log upd_msg->frag_no= 0
[91m [1776449474.54472] Client: [0m---before writing in log upd_msg->reliable= 1
[91m [1776449474.54475] Client: [0m---before writing in log upd_msg->data.sensor_type= 1
[91m [1776449474.54477] Client: [0m---before writing in log upd_msg->data.sid= temp_1
[91m [1776449474.54481] Client: [0m---after writing in log upd_msg->seq_no = 178
[91m [1776449474.54484] Client: [0m---after writing in log upd_msg->data.sensor_type = 1
[91m [1776449474.54487] Client: [0m---after writing in log upd_msg->reliable = 1
[91m [1776449474.82810] BSON Message: [0mInside sensor type parsing.
[91m [1776449474.82818] BSON Message: [0mInside sensor type parsing end.
[91m [1776449474.82822] BSON Message: [0mInside sid parsing
[91m [1776449474.82826] Client: [0m---before writing in log upd_msg->seq_no= 76
[91m [1776449474.82829] Client: [0m---before writing in log upd_msg->type= 4
[91m [1776449474.82832] Client: [0m---before writing in log upd_msg->frag_no= 0
[91m [1776449474.82835] Client: [0m---before writing in log upd_msg->reliable= 1
[91m [1776449474.82838] Client: [0m---before writing in log upd_msg->data.sensor_type= 2
[91m [1776449474.82842] Client: [0m---before writing in log upd_msg->data.sid= device_0
[91m [1776449474.82846] Client: [0m---after writing in log upd_msg->seq_no = 76
[91m [1776449474.82849] Client: [0m---after writing in log upd_msg->data.sensor_type = 2
[91m [1776449474.82854] Client: [0m---after writing in log upd_msg->reliable = 1
[91m [1776449475.53903] BSON Message: [0mInside sensor type parsing.
[91m [1776449475.53914] BSON Message: [0mInside sensor type parsing end.
[91m [1776449475.53930] BSON Message: [0mInside sid parsing
[91m [1776449475.53935] BSON Message: [0mInside temp1 parsing.
[91m [1776449475.53942] Client: [0m---before writing in log upd_msg->seq_no= 179
[91m [1776449475.53947] Client: [0m---before writing in log upd_msg->type= 4
[91m [1776449475.53952] Client: [0m---before writing in log upd_msg->frag_no= 0
[91m [1776449475.53957] Client: [0m---before writing in log upd_msg->reliable= 1
[91m [1776449475.53961] Client: [0m---before writing in log upd_msg->data.sensor_type= 1
[91m [1776449475.53966] Client: [0m---before writing in log upd_msg->data.sid= temp_1
[91m [1776449475.53971] Client: [0m---after writing in log upd_msg->seq_no = 179
[91m [1776449475.53976] Client: [0m---after writing in log upd_msg->data.sensor_type = 1
[91m [1776449475.53981] Client: [0m---after writing in log upd_msg->reliable = 1
[91m [1776449476.54328] BSON Message: [0mInside sensor type parsing.
[91m [1776449476.54340] BSON Message: [0mInside sensor type parsing end.
[91m [1776449476.54346] BSON Message: [0mInside sid parsing
[91m [1776449476.54351] BSON Message: [0mInside temp1 parsing.
[91m [1776449476.54362] Client: [0m---before writing in log upd_msg->seq_no= 180
[91m [1776449476.54367] Client: [0m---before writing in log upd_msg->type= 4
[91m [1776449476.54373] Client: [0m---before writing in log upd_msg->frag_no= 0
[91m [1776449476.54378] Client: [0m---before writing in log upd_msg->reliable= 1
[91m [1776449476.54382] Client: [0m---before writing in log upd_msg->data.sensor_type= 1
[91m [1776449476.54388] Client: [0m---before writing in log upd_msg->data.sid= temp_1
[91m [1776449476.54394] Client: [0m---after writing in log upd_msg->seq_no = 180
[91m [1776449476.54398] Client: [0m---after writing in log upd_msg->data.sensor_type = 1
[91m [1776449476.54403] Client: [0m---after writing in log upd_msg->reliable = 1
[91m [1776449477.54534] BSON Message: [0mInside sensor type parsing.
[91m [1776449477.54546] BSON Message: [0mInside sensor type parsing end.
[91m [1776449477.54550] BSON Message: [0mInside sid parsing
[91m [1776449477.54555] BSON Message: [0mInside temp1 parsing.
[91m [1776449477.54560] Client: [0m---before writing in log upd_msg->seq_no= 181
[91m [1776449477.54564] Client: [0m---before writing in log upd_msg->type= 4
[91m [1776449477.54568] Client: [0m---before writing in log upd_msg->frag_no= 0
[91m [1776449477.54572] Client: [0m---before writing in log upd_msg->reliable= 1
[91m [1776449477.54576] Client: [0m---before writing in log upd_msg->data.sensor_type= 1
[91m [1776449477.54580] Client: [0m---before writing in log upd_msg->data.sid= temp_1
[91m [1776449477.54585] Client: [0m---after writing in log upd_msg->seq_no = 181
[91m [1776449477.54589] Client: [0m---after writing in log upd_msg->data.sensor_type = 1
[91m [1776449477.54593] Client: [0m---after writing in log upd_msg->reliable = 1
[91m [1776449477.974822] BSON Message: [0mInside sensor type parsing.
[91m [1776449477.974848] BSON Message: [0mInside sensor type parsing end.
[91m [1776449477.974855] BSON Message: [0mInside sid parsing
[91m [1776449477.974861] Client: [0m---before writing in log upd_msg->seq_no= 77
[91m [1776449477.974866] Client: [0m---before writing in log upd_msg->type= 4
[91m [1776449477.974871] Client: [0m---before writing in log upd_msg->frag_no= 0
[91m [1776449477.974876] Client: [0m---before writing in log upd_msg->reliable= 1
[91m [1776449477.974881] Client: [0m---before writing in log upd_msg->data.sensor_type= 2
[91m [1776449477.974885] Client: [0m---before writing in log upd_msg->data.sid= device_0
[91m [1776449477.974890] Client: [0m---after writing in log upd_msg->seq_no = 77
[91m [1776449477.974894] Client: [0m---after writing in log upd_msg->data.sensor_type = 2
[91m [1776449477.974900] Client: [0m---after writing in log upd_msg->reliable = 1
[91m [1776449478.54844] BSON Message: [0mInside sensor type parsing.
[91m [1776449478.54854] BSON Message: [0mInside sensor type parsing end.
[91m [1776449478.54859] BSON Message: [0mInside sid parsing
[91m [1776449478.54865] BSON Message: [0mInside temp1 parsing.
[91m [1776449478.54870] Client: [0m---before writing in log upd_msg->seq_no= 182
[91m [1776449478.54875] Client: [0m---before writing in log upd_msg->type= 4
[91m [1776449478.54880] Client: [0m---before writing in log upd_msg->frag_no= 0
[91m [1776449478.54885] Client: [0m---before writing in log upd_msg->reliable= 1
[91m [1776449478.54889] Client: [0m---before writing in log upd_msg->data.sensor_type= 1
[91m [1776449478.54897] Client: [0m---before writing in log upd_msg->data.sid= temp_1
[91m [1776449478.54903] Client: [0m---after writing in log upd_msg->seq_no = 182
[91m [1776449478.54909] Client: [0m---after writing in log upd_msg->data.sensor_type = 1
[91m [1776449478.54923] Client: [0m---after writing in log upd_msg->reliable = 1
[91m [1776449479.55791] BSON Message: [0mInside sensor type parsing.
[91m [1776449479.55805] BSON Message: [0mInside sensor type parsing end.
[91m [1776449479.55810] BSON Message: [0mInside sid parsing
[91m [1776449479.55815] BSON Message: [0mInside temp1 parsing.
[91m [1776449479.55826] Client: [0m---before writing in log upd_msg->seq_no= 183
[91m [1776449479.55831] Client: [0m---before writing in log upd_msg->type= 4
[91m [1776449479.55835] Client: [0m---before writing in log upd_msg->frag_no= 0
[91m [1776449479.55839] Client: [0m---before writing in log upd_msg->reliable= 1
[91m [1776449479.55843] Client: [0m---before writing in log upd_msg->data.sensor_type= 1
[91m [1776449479.55848] Client: [0m---before writing in log upd_msg->data.sid= temp_1
[91m [1776449479.55852] Client: [0m---after writing in log upd_msg->seq_no = 183
[91m [1776449479.55856] Client: [0m---after writing in log upd_msg->data.sensor_type = 1
[91m [1776449479.55861] Client: [0m---after writing in log upd_msg->reliable = 1
[91m [1776449480.55787] BSON Message: [0mInside sensor type parsing.
[91m [1776449480.55800] BSON Message: [0mInside sensor type parsing end.
[91m [1776449480.55805] BSON Message: [0mInside sid parsing
[91m [1776449480.55810] BSON Message: [0mInside temp1 parsing.
[91m [1776449480.55815] Client: [0m---before writing in log upd_msg->seq_no= 184
[91m [1776449480.55820] Client: [0m---before writing in log upd_msg->type= 4
[91m [1776449480.55825] Client: [0m---before writing in log upd_msg->frag_no= 0
[91m [1776449480.55829] Client: [0m---before writing in log upd_msg->reliable= 1
[91m [1776449480.55834] Client: [0m---before writing in log upd_msg->data.sensor_type= 1
[91m [1776449480.55841] Client: [0m---before writing in log upd_msg->data.sid= temp_1
[91m [1776449480.55846] Client: [0m---after writing in log upd_msg->seq_no = 184
[91m [1776449480.55851] Client: [0m---after writing in log upd_msg->data.sensor_type = 1
[91m [1776449480.55855] Client: [0m---after writing in log upd_msg->reliable = 1
[91m [1776449481.55934] BSON Message: [0mInside sensor type parsing.
[91m [1776449481.55947] BSON Message: [0mInside sensor type parsing end.
[91m [1776449481.55953] BSON Message: [0mInside sid parsing
[91m [1776449481.55959] BSON Message: [0mInside temp1 parsing.
[91m [1776449481.55966] Client: [0m---before writing in log upd_msg->seq_no= 185
[91m [1776449481.55972] Client: [0m---before writing in log upd_msg->type= 4
[91m [1776449481.55977] Client: [0m---before writing in log upd_msg->frag_no= 0
[91m [1776449481.55983] Client: [0m---before writing in log upd_msg->reliable= 1
[91m [1776449481.55989] Client: [0m---before writing in log upd_msg->data.sensor_type= 1
[91m [1776449481.55995] Client: [0m---before writing in log upd_msg->data.sid= temp_1
[91m [1776449481.56002] Client: [0m---after writing in log upd_msg->seq_no = 185
[91m [1776449481.56009] Client: [0m---after writing in log upd_msg->data.sensor_type = 1
[91m [1776449481.56015] Client: [0m---after writing in log upd_msg->reliable = 1
[91m [1776449482.56247] BSON Message: [0mInside sensor type parsing.
[91m [1776449482.56260] BSON Message: [0mInside sensor type parsing end.
[91m [1776449482.56264] BSON Message: [0mInside sid parsing
[91m [1776449482.56268] BSON Message: [0mInside temp1 parsing.
[91m [1776449482.56273] Client: [0m---before writing in log upd_msg->seq_no= 186
[91m [1776449482.56276] Client: [0m---before writing in log upd_msg->type= 4
[91m [1776449482.56282] Client: [0m---before writing in log upd_msg->frag_no= 0
[91m [1776449482.56287] Client: [0m---before writing in log upd_msg->reliable= 1
[91m [1776449482.56293] Client: [0m---before writing in log upd_msg->data.sensor_type= 1
[91m [1776449482.56297] Client: [0m---before writing in log upd_msg->data.sid= temp_1
[91m [1776449482.56304] Client: [0m---after writing in log upd_msg->seq_no = 186
[91m [1776449482.56309] Client: [0m---after writing in log upd_msg->data.sensor_type = 1
[91m [1776449482.56314] Client: [0m---after writing in log upd_msg->reliable = 1
[91m [1776449482.922594] BSON Message: [0mInside sensor type parsing.
[91m [1776449482.922604] BSON Message: [0mInside sensor type parsing end.
[91m [1776449482.922609] BSON Message: [0mInside sid parsing
[91m [1776449482.922619] Client: [0m---before writing in log upd_msg->seq_no= 78
[91m [1776449482.922623] Client: [0m---before writing in log upd_msg->type= 4
[91m [1776449482.922626] Client: [0m---before writing in log upd_msg->frag_no= 0
[91m [1776449482.922631] Client: [0m---before writing in log upd_msg->reliable= 1
[91m [1776449482.922636] Client: [0m---before writing in log upd_msg->data.sensor_type= 2
[91m [1776449482.922639] Client: [0m---before writing in log upd_msg->data.sid= device_0
[91m [1776449482.922643] Client: [0m---after writing in log upd_msg->seq_no = 78
[91m [1776449482.922647] Client: [0m---after writing in log upd_msg->data.sensor_type = 2
[91m [1776449482.922651] Client: [0m---after writing in log upd_msg->reliable = 1
[91m [1776449483.56460] BSON Message: [0mInside sensor type parsing.
[91m [1776449483.56472] BSON Message: [0mInside sensor type parsing end.
[91m [1776449483.56481] BSON Message: [0mInside sid parsing
[91m [1776449483.56486] BSON Message: [0mInside temp1 parsing.
[91m [1776449483.56493] Client: [0m---before writing in log upd_msg->seq_no= 187
[91m [1776449483.56497] Client: [0m---before writing in log upd_msg->type= 4
[91m [1776449483.56502] Client: [0m---before writing in log upd_msg->frag_no= 0
[91m [1776449483.56506] Client: [0m---before writing in log upd_msg->reliable= 1
[91m [1776449483.56510] Client: [0m---before writing in log upd_msg->data.sensor_type= 1
[91m [1776449483.56515] Client: [0m---before writing in log upd_msg->data.sid= temp_1
[91m [1776449483.56521] Client: [0m---after writing in log upd_msg->seq_no = 187
[91m [1776449483.56526] Client: [0m---after writing in log upd_msg->data.sensor_type = 1
[91m [1776449483.56531] Client: [0m---after writing in log upd_msg->reliable = 1
[91m [1776449483.434737] BSON Message: [0mInside sensor type parsing.
[91m [1776449483.434748] BSON Message: [0mInside sensor type parsing end.
[91m [1776449483.434753] BSON Message: [0mInside sid parsing
[91m [1776449483.434759] Client: [0m---before writing in log upd_msg->seq_no= 79
[91m [1776449483.434763] Client: [0m---before writing in log upd_msg->type= 4
[91m [1776449483.434768] Client: [0m---before writing in log upd_msg->frag_no= 0
[91m [1776449483.434773] Client: [0m---before writing in log upd_msg->reliable= 1
[91m [1776449483.434777] Client: [0m---before writing in log upd_msg->data.sensor_type= 2
[91m [1776449483.434782] Client: [0m---before writing in log upd_msg->data.sid= device_0
[91m [1776449483.434787] Client: [0m---after writing in log upd_msg->seq_no = 79
[91m [1776449483.434794] Client: [0m---after writing in log upd_msg->data.sensor_type = 2
[91m [1776449483.434801] Client: [0m---after writing in log upd_msg->reliable = 1
[91m [1776449484.56715] BSON Message: [0mInside sensor type parsing.
[91m [1776449484.56725] BSON Message: [0mInside sensor type parsing end.
[91m [1776449484.56730] BSON Message: [0mInside sid parsing
[91m [1776449484.56736] BSON Message: [0mInside temp1 parsing.
[91m [1776449484.56741] Client: [0m---before writing in log upd_msg->seq_no= 188
[91m [1776449484.56746] Client: [0m---before writing in log upd_msg->type= 4
[91m [1776449484.56750] Client: [0m---before writing in log upd_msg->frag_no= 0
[91m [1776449484.56754] Client: [0m---before writing in log upd_msg->reliable= 1
[91m [1776449484.56758] Client: [0m---before writing in log upd_msg->data.sensor_type= 1
[91m [1776449484.56762] Client: [0m---before writing in log upd_msg->data.sid= temp_1
[91m [1776449484.56766] Client: [0m---after writing in log upd_msg->seq_no = 188
[91m [1776449484.56770] Client: [0m---after writing in log upd_msg->data.sensor_type = 1
[91m [1776449484.56774] Client: [0m---after writing in log upd_msg->reliable = 1
[91m [1776449484.915350] BSON Message: [0mInside sensor type parsing.
[91m [1776449484.915362] BSON Message: [0mInside sensor type parsing end.
[91m [1776449484.915367] BSON Message: [0mInside sid parsing
[91m [1776449484.915373] Client: [0m---before writing in log upd_msg->seq_no= 80
[91m [1776449484.915382] Client: [0m---before writing in log upd_msg->type= 4
[91m [1776449484.915386] Client: [0m---before writing in log upd_msg->frag_no= 0
[91m [1776449484.915391] Client: [0m---before writing in log upd_msg->reliable= 1
[91m [1776449484.915396] Client: [0m---before writing in log upd_msg->data.sensor_type= 2
[91m [1776449484.915401] Client: [0m---before writing in log upd_msg->data.sid= device_0
[91m [1776449484.915408] Client: [0m---after writing in log upd_msg->seq_no = 80
[91m [1776449484.915413] Client: [0m---after writing in log upd_msg->data.sensor_type = 2
[91m [1776449484.915418] Client: [0m---after writing in log upd_msg->reliable = 1
[91m [1776449485.57164] BSON Message: [0mInside sensor type parsing.
[91m [1776449485.57173] BSON Message: [0mInside sensor type parsing end.
[91m [1776449485.57178] BSON Message: [0mInside sid parsing
[91m [1776449485.57184] BSON Message: [0mInside temp1 parsing.
[91m [1776449485.57190] Client: [0m---before writing in log upd_msg->seq_no= 189
[91m [1776449485.57195] Client: [0m---before writing in log upd_msg->type= 4
[91m [1776449485.57201] Client: [0m---before writing in log upd_msg->frag_no= 0
[91m [1776449485.57205] Client: [0m---before writing in log upd_msg->reliable= 1
[91m [1776449485.57210] Client: [0m---before writing in log upd_msg->data.sensor_type= 1
[91m [1776449485.57215] Client: [0m---before writing in log upd_msg->data.sid= temp_1
[91m [1776449485.57221] Client: [0m---after writing in log upd_msg->seq_no = 189
[91m [1776449485.57225] Client: [0m---after writing in log upd_msg->data.sensor_type = 1
[91m [1776449485.57230] Client: [0m---after writing in log upd_msg->reliable = 1
[91m [1776449485.376418] BSON Message: [0mInside sensor type parsing.
[91m [1776449485.376428] BSON Message: [0mInside sensor type parsing end.
[91m [1776449485.376432] BSON Message: [0mInside sid parsing
[91m [1776449485.376436] BSON Message: [0mInside gps1 parsing.
[91m [1776449485.376441] Client: [0m---before writing in log upd_msg->seq_no= 20
[91m [1776449485.376446] Client: [0m---before writing in log upd_msg->type= 4
[91m [1776449485.376451] Client: [0m---before writing in log upd_msg->frag_no= 0
[91m [1776449485.376455] Client: [0m---before writing in log upd_msg->reliable= 1
[91m [1776449485.376461] Client: [0m---before writing in log upd_msg->data.sensor_type= 3
[91m [1776449485.376466] Client: [0m---before writing in log upd_msg->data.sid= gps_2
[91m [1776449485.376473] Client: [0m---after writing in log upd_msg->seq_no = 20
[91m [1776449485.376477] Client: [0m---after writing in log upd_msg->data.sensor_type = 3
[91m [1776449485.376482] Client: [0m---after writing in log upd_msg->reliable = 1
[91m [1776449486.57317] BSON Message: [0mInside sensor type parsing.
[91m [1776449486.57327] BSON Message: [0mInside sensor type parsing end.
[91m [1776449486.57333] BSON Message: [0mInside sid parsing
[91m [1776449486.57338] BSON Message: [0mInside temp1 parsing.
[91m [1776449486.57344] Client: [0m---before writing in log upd_msg->seq_no= 190
[91m [1776449486.57349] Client: [0m---before writing in log upd_msg->type= 4
[91m [1776449486.57353] Client: [0m---before writing in log upd_msg->frag_no= 0
[91m [1776449486.57357] Client: [0m---before writing in log upd_msg->reliable= 1
[91m [1776449486.57362] Client: [0m---before writing in log upd_msg->data.sensor_type= 1
[91m [1776449486.57366] Client: [0m---before writing in log upd_msg->data.sid= temp_1
[91m [1776449486.57371] Client: [0m---after writing in log upd_msg->seq_no = 190
[91m [1776449486.57376] Client: [0m---after writing in log upd_msg->data.sensor_type = 1
[91m [1776449486.57380] Client: [0m---after writing in log upd_msg->reliable = 1
[91m [1776449487.58077] BSON Message: [0mInside sensor type parsing.
[91m [1776449487.58088] BSON Message: [0mInside sensor type parsing end.
[91m [1776449487.58095] BSON Message: [0mInside sid parsing
[91m [1776449487.58102] BSON Message: [0mInside temp1 parsing.
[91m [1776449487.58114] Client: [0m---before writing in log upd_msg->seq_no= 191
[91m [1776449487.58118] Client: [0m---before writing in log upd_msg->type= 4
[91m [1776449487.58122] Client: [0m---before writing in log upd_msg->frag_no= 0
[91m [1776449487.58126] Client: [0m---before writing in log upd_msg->reliable= 1
[91m [1776449487.58130] Client: [0m---before writing in log upd_msg->data.sensor_type= 1
[91m [1776449487.58134] Client: [0m---before writing in log upd_msg->data.sid= temp_1
[91m [1776449487.58139] Client: [0m---after writing in log upd_msg->seq_no = 191
[91m [1776449487.58143] Client: [0m---after writing in log upd_msg->data.sensor_type = 1
[91m [1776449487.58147] Client: [0m---after writing in log upd_msg->reliable = 1
[91m [1776449487.777684] BSON Message: [0mInside sensor type parsing.
[91m [1776449487.777701] BSON Message: [0mInside sensor type parsing end.
[91m [1776449487.777707] BSON Message: [0mInside sid parsing
[91m [1776449487.777714] Client: [0m---before writing in log upd_msg->seq_no= 81
[91m [1776449487.777721] Client: [0m---before writing in log upd_msg->type= 4
[91m [1776449487.777726] Client: [0m---before writing in log upd_msg->frag_no= 0
[91m [1776449487.777732] Client: [0m---before writing in log upd_msg->reliable= 1
[91m [1776449487.777737] Client: [0m---before writing in log upd_msg->data.sensor_type= 2
[91m [1776449487.777742] Client: [0m---before writing in log upd_msg->data.sid= device_0
[91m [1776449487.777749] Client: [0m---after writing in log upd_msg->seq_no = 81
[91m [1776449487.777754] Client: [0m---after writing in log upd_msg->data.sensor_type = 2
[91m [1776449487.777760] Client: [0m---after writing in log upd_msg->reliable = 1
[91m [1776449488.58812] BSON Message: [0mInside sensor type parsing.
[91m [1776449488.58826] BSON Message: [0mInside sensor type parsing end.
[91m [1776449488.58832] BSON Message: [0mInside sid parsing
[91m [1776449488.58838] BSON Message: [0mInside temp1 parsing.
[91m [1776449488.58845] Client: [0m---before writing in log upd_msg->seq_no= 192
[91m [1776449488.58850] Client: [0m---before writing in log upd_msg->type= 4
[91m [1776449488.58856] Client: [0m---before writing in log upd_msg->frag_no= 0
[91m [1776449488.58862] Client: [0m---before writing in log upd_msg->reliable= 1
[91m [1776449488.58866] Client: [0m---before writing in log upd_msg->data.sensor_type= 1
[91m [1776449488.58872] Client: [0m---before writing in log upd_msg->data.sid= temp_1
[91m [1776449488.58878] Client: [0m---after writing in log upd_msg->seq_no = 192
[91m [1776449488.58883] Client: [0m---after writing in log upd_msg->data.sensor_type = 1
[91m [1776449488.58888] Client: [0m---after writing in log upd_msg->reliable = 1
[91m [1776449489.59281] BSON Message: [0mInside sensor type parsing.
[91m [1776449489.59297] BSON Message: [0mInside sensor type parsing end.
[91m [1776449489.59302] BSON Message: [0mInside sid parsing
[91m [1776449489.59307] BSON Message: [0mInside temp1 parsing.
 server.
Message type is 4
---------Update message arrived------------ 1
Got a message from the server.
Message type is 4
---------Update message arrived------------ 1
Got a message from the server.
Message type is 4
---------Update message arrived------------ 1
Got a message from the server.
Message type is 4
---------Update message arrived------------ 1
Got a message from the server.
Message type is 4
---------Update message arrived------------ 1
Got a message from the server.
Message type is 4
---------Update message arrived------------ 1
Got a message from the server.
Message type is 4
---------Update message arrived------------ 1
Got a message from the server.
Message type is 4
---------Update message arrived------------ 1
Got a message from the server.
Message type is 4
---------Update message arrived------------ 1
Got a message from the server.
Message type is 4
---------Update message arrived------------ 1
Got a message from the server.
Message type is 4
---------Update message arrived------------ 1
Got a message from the server.
Message type is 4
---------Update message arrived------------ 1
Got a message from the server.
Message type is 4
---------Update message arrived------------ 1
Got a message from the server.
Message type is 4
---------Update message arrived------------ 1
Got a message from the server.
Message type is 4
---------Update message arrived------------ 1
Got a message from the server.
Message type is 4
---------Update message arrived------------ 1
Got a message from the server.
Message type is 4
---------Update message arrived------------ 1
Got a message from the server.
Message type is 4
---------Update message arrived------------ 1
Got a message from the server.
Message type is 4
---------Update message arrived------------ 1
Got a message from the server.
Message type is 4
---------Update message arrived------------ 1
Got a message from the server.
Message type is 4
---------Update message arrived------------ 1
Got a message from the server.
Message type is 4
---------Update message arrived------------ 1
Got a message from the server.
Message type is 4
---------Update message arrived------------ 1
Got a message from the server.
Message type is 4
---------Update message arrived------------ 1
Got a message from the server.
Message type is 4
---------Update message arrived------------ 1
Got a message from the server.
Message type is 4
---------Update message arrived------------ 1
Got a message from the server.
Message type is 4
---------Update message arrived------------ 1
Got a message from the server.
Message type is 4
---------Update message arrived------------ 1
Got a message from the server.
Message type is 4
---------Update message arrived------------ 1
Got a message from the server.
Message type is 4
---------Update message arrived------------ 1
Got a message from the server.
Message type is 4
---------Update message arrived------------ 1
Got a message from the server.
Message type is 4
---------Update message arrived------------ 1
Got a message from the server.
Message type is 4
---------Update message arrived------------ 1
Got a message from the server.
Message type is 4
---------Update message arrived------------ 1
Got a message from the server.
Message type is 4
---------Update message arrived------------ 1
Got a message from the server.
Message type is 4
---------Update message arrived------------ 1
Got a message from the server.
Message type is 4
---------Update message arrived------------ 1
Got a message from the server.
Message type is 4
---------Update message arrived------------ 1
Got a message from the server.
Message type is 4
---------Update message arrived------------ 1
Got a message from the server.
Message type is 4
---------Update message arrived------------ 1
Got a message from the server.
Message type is 4
---------Update message arrived------------ 1
Got a message from the server.
Message type is 4
---------Update message arrived------------ 1
Got a message from the server.
Message type is 4
---------Update message arrived------------ 1
Got a message from the server.
Me[91m [1776449489.59323] Client: [0m---before writing in log upd_msg->seq_no= 193
[91m [1776449489.59328] Client: [0m---before writing in log upd_msg->type= 4
[91m [1776449489.59332] Client: [0m---before writing in log upd_msg->frag_no= 0
[91m [1776449489.59337] Client: [0m---before writing in log upd_msg->reliable= 1
[91m [1776449489.59342] Client: [0m---before writing in log upd_msg->data.sensor_type= 1
[91m [1776449489.59347] Client: [0m---before writing in log upd_msg->data.sid= temp_1
[91m [1776449489.59352] Client: [0m---after writing in log upd_msg->seq_no = 193
[91m [1776449489.59356] Client: [0m---after writing in log upd_msg->data.sensor_type = 1
[91m [1776449489.59361] Client: [0m---after writing in log upd_msg->reliable = 1
[91m [1776449490.58807] BSON Message: [0mInside sensor type parsing.
[91m [1776449490.58817] BSON Message: [0mInside sensor type parsing end.
[91m [1776449490.58822] BSON Message: [0mInside sid parsing
[91m [1776449490.58827] BSON Message: [0mInside temp1 parsing.
[91m [1776449490.58837] Client: [0m---before writing in log upd_msg->seq_no= 194
[91m [1776449490.58840] Client: [0m---before writing in log upd_msg->type= 4
[91m [1776449490.58844] Client: [0m---before writing in log upd_msg->frag_no= 0
[91m [1776449490.58847] Client: [0m---before writing in log upd_msg->reliable= 1
[91m [1776449490.58850] Client: [0m---before writing in log upd_msg->data.sensor_type= 1
[91m [1776449490.58853] Client: [0m---before writing in log upd_msg->data.sid= temp_1
[91m [1776449490.58857] Client: [0m---after writing in log upd_msg->seq_no = 194
[91m [1776449490.58861] Client: [0m---after writing in log upd_msg->data.sensor_type = 1
[91m [1776449490.58866] Client: [0m---after writing in log upd_msg->reliable = 1
[91m [1776449490.326558] BSON Message: [0mInside sensor type parsing.
[91m [1776449490.326571] BSON Message: [0mInside sensor type parsing end.
[91m [1776449490.326577] BSON Message: [0mInside sid parsing
[91m [1776449490.326583] Client: [0m---before writing in log upd_msg->seq_no= 82
[91m [1776449490.326589] Client: [0m---before writing in log upd_msg->type= 4
[91m [1776449490.326594] Client: [0m---before writing in log upd_msg->frag_no= 0
[91m [1776449490.326599] Client: [0m---before writing in log upd_msg->reliable= 1
[91m [1776449490.326604] Client: [0m---before writing in log upd_msg->data.sensor_type= 2
[91m [1776449490.326609] Client: [0m---before writing in log upd_msg->data.sid= device_0
[91m [1776449490.326615] Client: [0m---after writing in log upd_msg->seq_no = 82
[91m [1776449490.326620] Client: [0m---after writing in log upd_msg->data.sensor_type = 2
[91m [1776449490.326625] Client: [0m---after writing in log upd_msg->reliable = 1
[91m [1776449491.60116] BSON Message: [0mInside sensor type parsing.
[91m [1776449491.60130] BSON Message: [0mInside sensor type parsing end.
[91m [1776449491.60136] BSON Message: [0mInside sid parsing
[91m [1776449491.60142] BSON Message: [0mInside temp1 parsing.
[91m [1776449491.60149] Client: [0m---before writing in log upd_msg->seq_no= 195
[91m [1776449491.60155] Client: [0m---before writing in log upd_msg->type= 4
[91m [1776449491.60161] Client: [0m---before writing in log upd_msg->frag_no= 0
[91m [1776449491.60166] Client: [0m---before writing in log upd_msg->reliable= 1
[91m [1776449491.60172] Client: [0m---before writing in log upd_msg->data.sensor_type= 1
[91m [1776449491.60178] Client: [0m---before writing in log upd_msg->data.sid= temp_1
[91m [1776449491.60184] Client: [0m---after writing in log upd_msg->seq_no = 195
[91m [1776449491.60189] Client: [0m---after writing in log upd_msg->data.sensor_type = 1
[91m [1776449491.60195] Client: [0m---after writing in log upd_msg->reliable = 1
[91m [1776449491.103097] BSON Message: [0mInside sensor type parsing.
[91m [1776449491.103108] BSON Message: [0mInside sensor type parsing end.
[91m [1776449491.103113] BSON Message: [0mInside sid parsing
[91m [1776449491.103119] Client: [0m---before writing in log upd_msg->seq_no= 83
[91m [1776449491.103124] Client: [0m---before writing in log upd_msg->type= 4
[91m [1776449491.103128] Client: [0m---before writing in log upd_msg->frag_no= 0
[91m [1776449491.103133] Client: [0m---before writing in log upd_msg->reliable= 1
[91m [1776449491.103137] Client: [0m---before writing in log upd_msg->data.sensor_type= 2
[91m [1776449491.103142] Client: [0m---before writing in log upd_msg->data.sid= device_0
[91m [1776449491.103148] Client: [0m---after writing in log upd_msg->seq_no = 83
[91m [1776449491.103153] Client: [0m---after writing in log upd_msg->data.sensor_type = 2
[91m [1776449491.103157] Client: [0m---after writing in log upd_msg->reliable = 1
[91m [1776449491.949112] BSON Message: [0mInside sensor type parsing.
[91m [1776449491.949122] BSON Message: [0mInside sensor type parsing end.
[91m [1776449491.949127] BSON Message: [0mInside sid parsing
[91m [1776449491.949133] Client: [0m---before writing in log upd_msg->seq_no= 84
[91m [1776449491.949145] Client: [0m---before writing in log upd_msg->type= 4
[91m [1776449491.949150] Client: [0m---before writing in log upd_msg->frag_no= 0
[91m [1776449491.949154] Client: [0m---before writing in log upd_msg->reliable= 1
[91m [1776449491.949159] Client: [0m---before writing in log upd_msg->data.sensor_type= 2
[91m [1776449491.949164] Client: [0m---before writing in log upd_msg->data.sid= device_0
[91m [1776449491.949170] Client: [0m---after writing in log upd_msg->seq_no = 84
[91m [1776449491.949175] Client: [0m---after writing in log upd_msg->data.sensor_type = 2
[91m [1776449491.949179] Client: [0m---after writing in log upd_msg->reliable = 1
[91m [1776449492.59896] BSON Message: [0mInside sensor type parsing.
[91m [1776449492.59904] BSON Message: [0mInside sensor type parsing end.
[91m [1776449492.59908] BSON Message: [0mInside sid parsing
[91m [1776449492.59912] BSON Message: [0mInside temp1 parsing.
[91m [1776449492.59925] Client: [0m---before writing in log upd_msg->seq_no= 196
[91m [1776449492.59930] Client: [0m---before writing in log upd_msg->type= 4
[91m [1776449492.59934] Client: [0m---before writing in log upd_msg->frag_no= 0
[91m [1776449492.59937] Client: [0m---before writing in log upd_msg->reliable= 1
[91m [1776449492.59941] Client: [0m---before writing in log upd_msg->data.sensor_type= 1
[91m [1776449492.59945] Client: [0m---before writing in log upd_msg->data.sid= temp_1
[91m [1776449492.59949] Client: [0m---after writing in log upd_msg->seq_no = 196
[91m [1776449492.59954] Client: [0m---after writing in log upd_msg->data.sensor_type = 1
[91m [1776449492.59961] Client: [0m---after writing in log upd_msg->reliable = 1
[91m [1776449492.380586] BSON Message: [0mInside sensor type parsing.
[91m [1776449492.380599] BSON Message: [0mInside sensor type parsing end.
[91m [1776449492.380606] BSON Message: [0mInside sid parsing
[91m [1776449492.380613] Client: [0m---before writing in log upd_msg->seq_no= 85
[91m [1776449492.380619] Client: [0m---before writing in log upd_msg->type= 4
[91m [1776449492.380625] Client: [0m---before writing in log upd_msg->frag_no= 0
[91m [1776449492.380631] Client: [0m---before writing in log upd_msg->reliable= 1
[91m [1776449492.380637] Client: [0m---before writing in log upd_msg->data.sensor_type= 2
[91m [1776449492.380643] Client: [0m---before writing in log upd_msg->data.sid= device_0
[91m [1776449492.380650] Client: [0m---after writing in log upd_msg->seq_no = 85
[91m [1776449492.380655] Client: [0m---after writing in log upd_msg->data.sensor_type = 2
[91m [1776449492.380660] Client: [0m---after writing in log upd_msg->reliable = 1
[91m [1776449493.59820] BSON Message: [0mInside sensor type parsing.
[91m [1776449493.59834] BSON Message: [0mInside sensor type parsing end.
[91m [1776449493.59840] BSON Message: [0mInside sid parsing
[91m [1776449493.59845] BSON Message: [0mInside temp1 parsing.
[91m [1776449493.59853] Client: [0m---before writing in log upd_msg->seq_no= 197
[91m [1776449493.59858] Client: [0m---before writing in log upd_msg->type= 4
[91m [1776449493.59863] Client: [0m---before writing in log upd_msg->frag_no= 0
[91m [1776449493.59868] Client: [0m---before writing in log upd_msg->reliable= 1
[91m [1776449493.59874] Client: [0m---before writing in log upd_msg->data.sensor_type= 1
[91m [1776449493.59879] Client: [0m---before writing in log upd_msg->data.sid= temp_1
[91m [1776449493.59886] Client: [0m---after writing in log upd_msg->seq_no = 197
[91m [1776449493.59891] Client: [0m---after writing in log upd_msg->data.sensor_type = 1
[91m [1776449493.59896] Client: [0m---after writing in log upd_msg->reliable = 1
[91m [1776449494.59815] BSON Message: [0mInside sensor type parsing.
[91m [1776449494.59829] BSON Message: [0mInside sensor type parsing end.
[91m [1776449494.59834] BSON Message: [0mInside sid parsing
[91m [1776449494.59839] BSON Message: [0mInside temp1 parsing.
[91m [1776449494.59844] Client: [0m---before writing in log upd_msg->seq_no= 198
[91m [1776449494.59855] Client: [0m---before writing in log upd_msg->type= 4
[91m [1776449494.59860] Client: [0m---before writing in log upd_msg->frag_no= 0
[91m [1776449494.59864] Client: [0m---before writing in log upd_msg->reliable= 1
[91m [1776449494.59869] Client: [0m---before writing in log upd_msg->data.sensor_type= 1
[91m [1776449494.59873] Client: [0m---before writing in log upd_msg->data.sid= temp_1
[91m [1776449494.59879] Client: [0m---after writing in log upd_msg->seq_no = 198
[91m [1776449494.59883] Client: [0m---after writing in log upd_msg->data.sensor_type = 1
[91m [1776449494.59888] Client: [0m---after writing in log upd_msg->reliable = 1
[91m [1776449495.60641] BSON Message: [0mInside sensor type parsing.
[91m [1776449495.60653] BSON Message: [0mInside sensor type parsing end.
[91m [1776449495.60658] BSON Message: [0mInside sid parsing
[91m [1776449495.60663] BSON Message: [0mInside temp1 parsing.
[91m [1776449495.60672] Client: [0m---before writing in log upd_msg->seq_no= 199
[91m [1776449495.60677] Client: [0m---before writing in log upd_msg->type= 4
[91m [1776449495.60681] Client: [0m---before writing in log upd_msg->frag_no= 0
[91m [1776449495.60686] Client: [0m---before writing in log upd_msg->reliable= 1
[91m [1776449495.60690] Client: [0m---before writing in log upd_msg->data.sensor_type= 1
[91m [1776449495.60695] Client: [0m---before writing in log upd_msg->data.sid= temp_1
[91m [1776449495.60700] Client: [0m---after writing in log upd_msg->seq_no = 199
[91m [1776449495.60705] Client: [0m---after writing in log upd_msg->data.sensor_type = 1
[91m [1776449495.60709] Client: [0m---after writing in log upd_msg->reliable = 1
[91m [1776449496.60453] BSON Message: [0mInside sensor type parsing.
[91m [1776449496.60467] BSON Message: [0mInside sensor type parsing end.
[91m [1776449496.60473] BSON Message: [0mInside sid parsing
[91m [1776449496.60479] BSON Message: [0mInside temp1 parsing.
[91m [1776449496.60486] Client: [0m---before writing in log upd_msg->seq_no= 200
[91m [1776449496.60492] Client: [0m---before writing in log upd_msg->type= 4
[91m [1776449496.60498] Client: [0m---before writing in log upd_msg->frag_no= 0
[91m [1776449496.60503] Client: [0m---before writing in log upd_msg->reliable= 1
[91m [1776449496.60508] Client: [0m---before writing in log upd_msg->data.sensor_type= 1
[91m [1776449496.60514] Client: [0m---before writing in log upd_msg->data.sid= temp_1
[91m [1776449496.60521] Client: [0m---after writing in log upd_msg->seq_no = 200
[91m [1776449496.60526] Client: [0m---after writing in log upd_msg->data.sensor_type = 1
[91m [1776449496.60531] Client: [0m---after writing in log upd_msg->reliable = 1
[91m [1776449496.113465] BSON Message: [0mInside sensor type parsing.
[91m [1776449496.113480] BSON Message: [0mInside sensor type parsing end.
[91m [1776449496.113486] BSON Message: [0mInside sid parsing
[91m [1776449496.113493] Client: [0m---before writing in log upd_msg->seq_no= 86
[91m [1776449496.113499] Client: [0m---before writing in log upd_msg->type= 4
[91m [1776449496.113505] Client: [0m---before writing in log upd_msg->frag_no= 0
[91m [1776449496.113510] Client: [0m---before writing in log upd_msg->reliable= 1
[91m [1776449496.113516] Client: [0m---before writing in log upd_msg->data.sensor_type= 2
[91m [1776449496.113521] Client: [0m---before writing in log upd_msg->data.sid= device_0
[91m [1776449496.113528] Client: [0m---after writing in log upd_msg->seq_no = 86
[91m [1776449496.113533] Client: [0m---after writing in log upd_msg->data.sensor_type = 2
[91m [1776449496.113538] Client: [0m---after writing in log upd_msg->reliable = 1
[91m [1776449496.959816] BSON Message: [0mInside sensor type parsing.
[91m [1776449496.959828] BSON Message: [0mInside sensor type parsing end.
[91m [1776449496.959835] BSON Message: [0mInside sid parsing
[91m [1776449496.959843] Client: [0m---before writing in log upd_msg->seq_no= 87
[91m [1776449496.959850] Client: [0m---before writing in log upd_msg->type= 4
[91m [1776449496.959860] Client: [0m---before writing in log upd_msg->frag_no= 0
[91m [1776449496.959865] Client: [0m---before writing in log upd_msg->reliable= 1
[91m [1776449496.959871] Client: [0m---before writing in log upd_msg->data.sensor_type= 2
[91m [1776449496.959877] Client: [0m---before writing in log upd_msg->data.sid= device_0
[91m [1776449496.959883] Client: [0m---after writing in log upd_msg->seq_no = 87
[91m [1776449496.959889] Client: [0m---after writing in log upd_msg->data.sensor_type = 2
[91m [1776449496.959895] Client: [0m---after writing in log upd_msg->reliable = 1
[91m [1776449497.63937] BSON Message: [0mInside sensor type parsing.
[91m [1776449497.63951] BSON Message: [0mInside sensor type parsing end.
[91m [1776449497.63956] BSON Message: [0mInside sid parsing
[91m [1776449497.63960] BSON Message: [0mInside temp1 parsing.
[91m [1776449497.63965] Client: [0m---before writing in log upd_msg->seq_no= 201
[91m [1776449497.63969] Client: [0m---before writing in log upd_msg->type= 4
[91m [1776449497.63973] Client: [0m---before writing in log upd_msg->frag_no= 0
[91m [1776449497.63977] Client: [0m---before writing in log upd_msg->reliable= 1
[91m [1776449497.63981] Client: [0m---before writing in log upd_msg->data.sensor_type= 1
[91m [1776449497.63985] Client: [0m---before writing in log upd_msg->data.sid= temp_1
[91m [1776449497.63989] Client: [0m---after writing in log upd_msg->seq_no = 201
[91m [1776449497.63993] Client: [0m---after writing in log upd_msg->data.sensor_type = 1
[91m [1776449497.63997] Client: [0m---after writing in log upd_msg->reliable = 1
[91m [1776449498.61705] BSON Message: [0mInside sensor type parsing.
[91m [1776449498.61717] BSON Message: [0mInside sensor type parsing end.
[91m [1776449498.61721] BSON Message: [0mInside sid parsing
[91m [1776449498.61725] BSON Message: [0mInside temp1 parsing.
[91m [1776449498.61731] Client: [0m---before writing in log upd_msg->seq_no= 202
[91m [1776449498.61737] Client: [0m---before writing in log upd_msg->type= 4
[91m [1776449498.61742] Client: [0m---before writing in log upd_msg->frag_no= 0
[91m [1776449498.61746] Client: [0m---before writing in log upd_msg->reliable= 1
[91m [1776449498.61749] Client: [0m---before writing in log upd_msg->data.sensor_type= 1
[91m [1776449498.61752] Client: [0m---before writing in log upd_msg->data.sid= temp_1
[91m [1776449498.61758] Client: [0m---after writing in log upd_msg->seq_no = 202
[91m [1776449498.61762] Client: [0m---after writing in log upd_msg->data.sensor_type = 1
[91m [1776449498.61765] Client: [0m---after writing in log upd_msg->reliable = 1
[91m [1776449499.61430] BSON Message: [0mInside sensor type parsing.
[91m [1776449499.61443] BSON Message: [0mInside sensor type parsing end.
[91m [1776449499.61448] BSON Message: [0mInside sid parsing
[91m [1776449499.61453] BSON Message: [0mInside temp1 parsing.
[91m [1776449499.61459] Client: [0m---before writing in log upd_msg->seq_no= 203
[91m [1776449499.61463] Client: [0m---before writing in log upd_msg->type= 4
[91m [1776449499.61468] Client: [0m---before writing in log upd_msg->frag_no= 0
[91m [1776449499.61473] Client: [0m---before writing in log upd_msg->reliable= 1
[91m [1776449499.61477] Client: [0m---before writing in log upd_msg->data.sensor_type= 1
[91m [1776449499.61482] Client: [0m---before writing in log upd_msg->data.sid= temp_1
[91m [1776449499.61487] Client: [0m---after writing in log upd_msg->seq_no = 203
[91m [1776449499.61492] Client: [0m---after writing in log upd_msg->data.sensor_type = 1
[91m [1776449499.61500] Client: [0m---after writing in log upd_msg->reliable = 1
[91m [1776449499.659024] BSON Message: [0mInside sensor type parsing.
[91m [1776449499.659041] BSON Message: [0mInside sensor type parsing end.
[91m [1776449499.659049] BSON Message: [0mInside sid parsing
[91m [1776449499.659056] BSON Message: [0mInside gps1 parsing.
[91m [1776449499.659065] Client: [0m---before writing in log upd_msg->seq_no= 21
[91m [1776449499.659080] Client: [0m---before writing in log upd_msg->type= 4
[91m [1776449499.659088] Client: [0m---before writing in log upd_msg->frag_no= 0
[91m [1776449499.659096] Client: [0m---before writing in log upd_msg->reliable= 1
[91m [1776449499.659103] Client: [0m---before writing in log upd_msg->data.sensor_type= 3
[91m [1776449499.659107] Client: [0m---before writing in log upd_msg->data.sid= gps_2
[91m [1776449499.659116] Client: [0m---after writing in log upd_msg->seq_no = 21
[91m [1776449499.659123] Client: [0m---after writing in log upd_msg->data.sensor_type = 3
[91m [1776449499.659129] Client: [0m---after writing in log upd_msg->reliable = 1
[91m [1776449500.62172] BSON Message: [0mInside sensor type parsing.
[91m [1776449500.62184] BSON Message: [0mInside sensor type parsing end.
[91m [1776449500.62190] BSON Message: [0mInside sid parsing
[91m [1776449500.62195] BSON Message: [0mInside temp1 parsing.
[91m [1776449500.62201] Client: [0m---before writing in log upd_msg->seq_no= 204
[91m [1776449500.62206] Client: [0m---before writing in log upd_msg->type= 4
[91m [1776449500.62211] Client: [0m---before writing in log upd_msg->frag_no= 0
[91m [1776449500.62215] Client: [0m---before writing in log upd_msg->reliable= 1
[91m [1776449500.62220] Client: [0m---before writing in log upd_msg->data.sensor_type= 1
[91m [1776449500.62224] Client: [0m---before writing in log upd_msg->data.sid= temp_1
[91m [1776449500.62230] Client: [0m---after writing in log upd_msg->seq_no = 204
[91m [1776449500.62235] Client: [0m---after writing in log upd_msg->data.sensor_type = 1
[91m [1776449500.62239] Client: [0m---after writing in log upd_msg->reliable = 1
[91m [1776449501.61940] BSON Message: [0mInside sensor type parsing.
[91m [1776449501.61956] BSON Message: [0mInside sensor type parsing end.
[91m [1776449501.61963] BSON Message: [0mInside sid parsing
[91m [1776449501.61970] BSON Message: [0mInside temp1 parsing.
[91m [1776449501.61978] Client: [0m---before writing in log upd_msg->seq_no= 205
[91m [1776449501.61984] Client: [0m---before writing in log upd_msg->type= 4
[91m [1776449501.61990] Client: [0m---before writing in log upd_msg->frag_no= 0
[91m [1776449501.61994] Client: [0m---before writing in log upd_msg->reliable= 1
[91m [1776449501.61998] Client: [0m---before writing in log upd_msg->data.sensor_type= 1
[91m [1776449501.62002] Client: [0m---before writing in log upd_msg->data.sid= temp_1
[91m [1776449501.62006] Client: [0m---after writing in log upd_msg->seq_no = 205
[91m [1776449501.62010] Client: [0m---after writing in log upd_msg->data.sensor_type = 1
[91m [1776449501.62014] Client: [0m---after writing in log upd_msg->reliable = 1
[91m [1776449501.253136] BSON Message: [0mInside sensor type parsing.
[91m [1776449501.253149] BSON Message: [0mInside sensor type parsing end.
[91m [1776449501.253154] BSON Message: [0mInside sid parsing
[91m [1776449501.253160] Client: [0m---before writing in log upd_msg->seq_no= 88
[91m [1776449501.253164] Client: [0m---before writing in log upd_msg->type= 4
[91m [1776449501.253168] Client: [0m---before writing in log upd_msg->frag_no= 0
[91m [1776449501.253172] Client: [0m---before writing in log upd_msg->reliable= 1
[91m [1776449501.253176] Client: [0m---before writing in log upd_msg->data.sensor_type= 2
[91m [1776449501.253180] Client: [0m---before writing in log upd_msg->data.sid= device_0
[91m [1776449501.253185] Client: [0m---after writing in log upd_msg->seq_no = 88
[91m [1776449501.253189] Client: [0m---after writing in log upd_msg->data.sensor_type = 2
[91m [1776449501.253193] Client: [0m---after writing in log upd_msg->reliable = 1
[91m [1776449502.62281] BSON Message: [0mInside sensor type parsing.
[91m [1776449502.62295] BSON Message: [0mInside sensor type parsing end.
[91m [1776449502.62301] BSON Message: [0mInside sid parsing
[91m [1776449502.62307] BSON Message: [0mInside temp1 parsing.
[91m [1776449502.62313] Client: [0m---before writing in log upd_msg->seq_no= 206
[91m [1776449502.62324] Client: [0m---before writing in log upd_msg->type= 4
[91m [1776449502.62329] Client: [0m---before writing in log upd_msg->frag_no= 0
[91m [1776449502.62334] Client: [0m---before writing in log upd_msg->reliable= 1
[91m [1776449502.62339] Client: [0m---before writing in log upd_msg->data.sensor_type= 1
[91m [1776449502.62344] Client: [0m---before writing in log upd_msg->data.sid= temp_1
[91m [1776449502.62349] Client: [0m---after writing in log upd_msg->seq_no = 206
[91m [1776449502.62354] Client: [0m---after writing in log upd_msg->data.sensor_type = 1
[91m [1776449502.62359] Client: [0m---after writing in log upd_msg->reliable = 1
[91m [1776449503.62637] BSON Message: [0mInside sensor type parsing.
[91m [1776449503.62648] BSON Message: [0mInside sensor type parsing end.
[91m [1776449503.62654] BSON Message: [0mInside sid parsing
[91m [1776449503.62659] BSON Message: [0mInside temp1 parsing.
[91m [1776449503.62664] Client: [0m---before writing in log upd_msg->seq_no= 207
[91m [1776449503.62670] Client: [0m---before writing in log upd_msg->type= 4
[91m [1776449503.62675] Client: [0m---before writing in log upd_msg->frag_no= 0
[91m [1776449503.62680] Client: [0m---before writing in log upd_msg->reliable= 1
[91m [1776449503.62685] Client: [0m---before writing in log upd_msg->data.sensor_type= 1
[91m [1776449503.62690] Client: [0m---before writing in log upd_msg->data.sid= temp_1
[91m [1776449503.62696] Client: [0m---after writing in log upd_msg->seq_no = 207
[91m [1776449503.62700] Client: [0m---after writing in log upd_msg->data.sensor_type = 1
[91m [1776449503.62705] Client: [0m---after writing in log upd_msg->reliable = 1
[91m [1776449504.63655] BSON Message: [0mInside sensor type parsing.
[91m [1776449504.63669] BSON Message: [0mInside sensor type parsing end.
[91m [1776449504.63676] BSON Message: [0mInside sid parsing
[91m [1776449504.63681] BSON Message: [0mInside temp1 parsing.
[91m [1776449504.63687] Client: [0m---before writing in log upd_msg->seq_no= 208
[91m [1776449504.63692] Client: [0m---before writing in log upd_msg->type= 4
[91m [1776449504.63697] Client: [0m---before writing in log upd_msg->frag_no= 0
[91m [1776449504.63702] Client: [0m---before writing in log upd_msg->reliable= 1
[91m [1776449504.63707] Client: [0m---before writing in log upd_msg->data.sensor_type= 1
[91m [1776449504.63712] Client: [0m---before writing in log upd_msg->data.sid= temp_1
[91m [1776449504.63717] Client: [0m---after writing in log upd_msg->seq_no = 208
[91m [1776449504.63722] Client: [0m---after writing in log upd_msg->data.sensor_type = 1
[91m [1776449504.63727] Client: [0m---after writing in log upd_msg->reliable = 1
[91m [1776449505.63299] BSON Message: [0mInside sensor type parsing.
[91m [1776449505.63314] BSON Message: [0mInside sensor type parsing end.
[91m [1776449505.63323] BSON Message: [0mInside sid parsing
[91m [1776449505.63332] BSON Message: [0mInside temp1 parsing.
[91m [1776449505.63342] Client: [0m---before writing in log upd_msg->seq_no= 209
[91m [1776449505.63351] Client: [0m---before writing in log upd_msg->type= 4
[91m [1776449505.63359] Client: [0m---before writing in log upd_msg->frag_no= 0
[91m [1776449505.63367] Client: [0m---before writing in log upd_msg->reliable= 1
[91m [1776449505.63375] Client: [0m---before writing in log upd_msg->data.sensor_type= 1
[91m [1776449505.63384] Client: [0m---before writing in log upd_msg->data.sid= temp_1
[91m [1776449505.63394] Client: [0m---after writing in log upd_msg->seq_no = 209
[91m [1776449505.63402] Client: [0m---after writing in log upd_msg->data.sensor_type = 1
[91m [1776449505.63410] Client: [0m---after writing in log upd_msg->reliable = 1
[91m [1776449505.923477] BSON Message: [0mInside sensor type parsing.
[91m [1776449505.923494] BSON Message: [0mInside sensor type parsing end.
[91m [1776449505.923504] BSON Message: [0mInside sid parsing
[91m [1776449505.923514] Client: [0m---before writing in log upd_msg->seq_no= 89
[91m [1776449505.923524] Client: [0m---before writing in log upd_msg->type= 4
[91m [1776449505.923537] Client: [0m---before writing in log upd_msg->frag_no= 0
[91m [1776449505.923543] Client: [0m---before writing in log upd_msg->reliable= 1
[91m [1776449505.923549] Client: [0m---before writing in log upd_msg->data.sensor_type= 2
[91m [1776449505.923554] Client: [0m---before writing in log upd_msg->data.sid= device_0
[91m [1776449505.923561] Client: [0m---after writing in log upd_msg->seq_no = 89
[91m [1776449505.923567] Client: [0m---after writing in log upd_msg->data.sensor_type = 2
[91m [1776449505.923572] Client: [0m---after writing in log upd_msg->reliable = 1
[91m [1776449506.63553] BSON Message: [0mInside sensor type parsing.
[91m [1776449506.63565] BSON Message: [0mInside sensor type parsing end.
[91m [1776449506.63571] BSON Message: [0mInside sid parsing
[91m [1776449506.63576] BSON Message: [0mInside temp1 parsing.
[91m [1776449506.63583] Client: [0m---before writing in log upd_msg->seq_no= 210
[91m [1776449506.63588] Client: [0m---before writing in log upd_msg->type= 4
[91m [1776449506.63593] Client: [0m---before writing in log upd_msg->frag_no= 0
[91m [1776449506.63599] Client: [0m---before writing in log upd_msg->reliable= 1
[91m [1776449506.63604] Client: [0m---before writing in log upd_msg->data.sensor_type= 1
[91m [1776449506.63609] Client: [0m---before writing in log upd_msg->data.sid= temp_1
[91m [1776449506.63615] Client: [0m---after writing in log upd_msg->seq_no = 210
[91m [1776449506.63621] Client: [0m---after writing in log upd_msg->data.sensor_type = 1
[91m [1776449506.63626] Client: [0m---after writing in log upd_msg->reliable = 1
[91m [1776449506.272579] BSON Message: [0mInside sensor type parsing.
[91m [1776449506.272587] BSON Message: [0mInside sensor type parsing end.
[91m [1776449506.272592] BSON Message: [0mInside sid parsing
[91m [1776449506.272596] Client: [0m---before writing in log upd_msg->seq_no= 90
[91m [1776449506.272600] Client: [0m---before writing in log upd_msg->type= 4
[91m [1776449506.272604] Client: [0m---before writing in log upd_msg->frag_no= 0
[91m [1776449506.272607] Client: [0m---before writing in log upd_msg->reliable= 1
[91m [1776449506.272611] Client: [0m---before writing in log upd_msg->data.sensor_type= 2
[91m [1776449506.272615] Client: [0m---before writing in log upd_msg->data.sid= device_0
[91m [1776449506.272619] Client: [0m---after writing in log upd_msg->seq_no = 90
[91m [1776449506.272623] Client: [0m---after writing in log upd_msg->data.sensor_type = 2
[91m [1776449506.272626] Client: [0m---after writing in log upd_msg->reliable = 1
[91m [1776449507.63721] BSON Message: [0mInside sensor type parsing.
[91m [1776449507.63731] BSON Message: [0mInside sensor type parsing end.
[91m [1776449507.63735] BSON Message: [0mInside sid parsing
[91m [1776449507.63739] BSON Message: [0mInside temp1 parsing.
[91m [1776449507.63743] Client: [0m---before writing in log upd_msg->seq_no= 211
[91m [1776449507.63747] Client: [0m---before writing in log upd_msg->type= 4
[91m [1776449507.63754] Client: [0m---before writing in log upd_msg->frag_no= 0
[91m [1776449507.63758] Client: [0m---before writing in log upd_msg->reliable= 1
[91m [1776449507.63762] Client: [0m---before writing in log upd_msg->data.sensor_type= 1
[91m [1776449507.63766] Client: [0m---before writing in log upd_msg->data.sid= temp_1
[91m [1776449507.63772] Client: [0m---after writing in log upd_msg->seq_no = 211
[91m [1776449507.63777] Client: [0m---after writing in log upd_msg->data.sensor_type = 1
[91m [1776449507.63781] Client: [0m---after writing in log upd_msg->reliable = 1
[91m [1776449508.64024] BSON Message: [0mInside sensor type parsing.
[91m [1776449508.64033] BSON Message: [0mInside sensor type parsing end.
[91m [1776449508.64037] BSON Message: [0mInside sid parsing
[91m [1776449508.64041] BSON Message: [0mInside temp1 parsing.
[91m [1776449508.64047] Client: [0m---before writing in log upd_msg->seq_no= 212
[91m [1776449508.64053] Client: [0m---before writing in log upd_msg->type= 4
[91m [1776449508.64063] Client: [0m---before writing in log upd_msg->frag_no= 0
[91m [1776449508.64068] Client: [0m---before writing in log upd_msg->reliable= 1
[91m [1776449508.64072] Client: [0m---before writing in log upd_msg->data.sensor_type= 1
[91m [1776449508.64076] Client: [0m---before writing in log upd_msg->data.sid= temp_1
[91m [1776449508.64082] Client: [0m---after writing in log upd_msg->seq_no = 212
[91m [1776449508.64087] Client: [0m---after writing in log upd_msg->data.sensor_type = 1
[91m [1776449508.64092] Client: [0m---after writing in log upd_msg->reliable = 1
[91m [1776449508.598070] BSON Message: [0mInside sensor type parsing.
[91m [1776449508.598080] BSON Message: [0mInside sensor type parsing end.
[91m [1776449508.598085] BSON Message: [0mInside sid parsing
[91m [1776449508.598090] Client: [0m---before writing in log upd_msg->seq_no= 91
[91m [1776449508.598094] Client: [0m---before writing in log upd_msg->type= 4
[91m [1776449508.598097] Client: [0m---before writing in log upd_msg->frag_no= 0
[91m [1776449508.598101] Client: [0m---before writing in log upd_msg->reliable= 0
[91m [1776449508.598104] Client: [0m---before writing in log upd_msg->data.sensor_type= 2
[91m [1776449508.598108] Client: [0m---before writing in log upd_msg->data.sid= device_0
[91m [1776449508.598112] Client: [0m---after writing in log upd_msg->seq_no = 91
[91m [1776449508.598116] Client: [0m---after writing in log upd_msg->data.sensor_type = 2
[91m [1776449508.598120] Client: [0m---after writing in log upd_msg->reliable = 0
[91m [1776449509.64156] BSON Message: [0mInside sensor type parsing.
[91m [1776449509.64169] BSON Message: [0mInside sensor type parsing end.
[91m [1776449509.64174] BSON Message: [0mInside sid parsing
[91m [1776449509.64178] BSON Message: [0mInside temp1 parsing.
[91m [1776449509.64183] Client: [0m---before writing in log upd_msg->seq_no= 213
[91m [1776449509.64187] Client: [0m---before writing in log upd_msg->type= 4
[91m [1776449509.64191] Client: [0m---before writing in log upd_msg->frag_no= 0
[91m [1776449509.64195] Client: [0m---before writing in log upd_msg->reliable= 1
[91m [1776449509.64200] Client: [0m---before writing in log upd_msg->data.sensor_type= 1
[91m [1776449509.64204] Client: [0m---before writing in log upd_msg->data.sid= temp_1
[91m [1776449509.64208] Client: [0m---after writing in log upd_msg->seq_no = 213
[91m [1776449509.64212] Client: [0m---after writing in log upd_msg->data.sensor_type = 1
[91m [1776449509.64217] Client: [0m---after writing in log upd_msg->reliable = 1
[91m [1776449510.46276] BSON Message: [0mInside sensor type parsing.
[91m [1776449510.46288] BSON Message: [0mInside sensor type parsing end.
[91m [1776449510.46293] BSON Message: [0mInside sid parsing
[91m [1776449510.46298] BSON Message: [0mInside gps1 parsing.
[91m [1776449510.46304] Client: [0m---before writing in log upd_msg->seq_no= 22
[91m [1776449510.46309] Client: [0m---before writing in log upd_msg->type= 4
[91m [1776449510.46313] Client: [0m---before writing in log upd_msg->frag_no= 0
[91m [1776449510.46317] Client: [0m---before writing in log upd_msg->reliable= 1
[91m [1776449510.46325] Client: [0m---before writing in log upd_msg->data.sensor_type= 3
[91m [1776449510.46329] Client: [0m---before writing in log upd_msg->data.sid= gps_2
[91m [1776449510.46336] Client: [0m---after writing in log upd_msg->seq_no = 22
[91m [1776449510.46340] Client: [0m---after writing in log upd_msg->data.sensor_type = 3
[91m [1776449510.46344] Client: [0m---after writing in log upd_msg->reliable = 1
[91m [1776449510.64474] BSON Message: [0mInside sensor type parsing.
[91m [1776449510.64486] BSON Message: [0mInside sensor type parsing end.
[91m [1776449510.64492] BSON Message: [0mInside sid parsing
[91m [1776449510.64497] BSON Message: [0mInside temp1 parsing.
[91m [1776449510.64504] Client: [0m---before writing in log upd_msg->seq_no= 214
[91m [1776449510.64509] Client: [0m---before writing in log upd_msg->type= 4
[91m [1776449510.64519] Client: [0m---before writing in log upd_msg->frag_no= 0
[91m [1776449510.64524] Client: [0m---before writing in log upd_msg->reliable= 1
[91m [1776449510.64528] Client: [0m---before writing in log upd_msg->data.sensor_type= 1
[91m [1776449510.64533] Client: [0m---before writing in log upd_msg->data.sid= temp_1
[91m [1776449510.64538] Client: [0m---after writing in log upd_msg->seq_no = 214
[91m [1776449510.64542] Client: [0m---after writing in log upd_msg->data.sensor_type = 1
[91m [1776449510.64546] Client: [0m---after writing in log upd_msg->reliable = 1
[91m [1776449511.65007] BSON Message: [0mInside sensor type parsing.
[91m [1776449511.65025] BSON Message: [0mInside sensor type parsing end.
[91m [1776449511.65030] BSON Message: [0mInside sid parsing
[91m [1776449511.65054] BSON Message: [0mInside temp1 parsing.
[91m [1776449511.65060] Client: [0m---before writing in log upd_msg->seq_no= 215
[91m [1776449511.65066] Client: [0m---before writing in log upd_msg->type= 4
[91m [1776449511.65071] Client: [0m---before writing in log upd_msg->frag_no= 0
[91m [1776449511.65075] Client: [0m---before writing in log upd_msg->reliable= 1
[91m [1776449511.65080] Client: [0m---before writing in log upd_msg->data.sensor_type= 1
[91m [1776449511.65085] Client: [0m---before writing in log upd_msg->data.sid= temp_1
[91m [1776449511.65091] Client: [0m---after writing in log upd_msg->seq_no = 215
[91m [1776449511.65095] Client: [0m---after writing in log upd_msg->data.sensor_type = 1
[91m [1776449511.65100] Client: [0m---after writing in log upd_msg->reliable = 1
[91m [1776449512.65362] BSON Message: [0mInside sensor type parsing.
[91m [1776449512.65374] BSON Message: [0mInside sensor type parsing end.
[91m [1776449512.65381] BSON Message: [0mInside sid parsing
[91m [1776449512.65386] BSON Message: [0mInside temp1 parsing.
[91m [1776449512.65391] Client: [0m---before writing in log upd_msg->seq_no= 216
[91m [1776449512.65394] Client: [0m---before writing in log upd_msg->type= 4
[91m [1776449512.65398] Client: [0m---before writing in log upd_msg->frag_no= 0
[91m [1776449512.65402] Client: [0m---before writing in log upd_msg->reliable= 1
[91m [1776449512.65405] Client: [0m---before writing in log upd_msg->data.sensor_type= 1
[91m [1776449512.65409] Client: [0m---before writing in log upd_msg->data.sid= temp_1
[91m [1776449512.65413] Client: [0m---after writing in log upd_msg->seq_no = 216
[91m [1776449512.65417] Client: [0m---after writing in log upd_msg->data.sensor_type = 1
[91m [1776449512.65421] Client: [0m---after writing in log upd_msg->reliable = 1
[91m [1776449512.296773] BSON Message: [0mInside sensor type parsing.
[91m [1776449512.296783] BSON Message: [0mInside sensor type parsing end.
[91m [1776449512.296788] BSON Message: [0mInside sid parsing
[91m [1776449512.296794] Client: [0m---before writing in log upd_msg->seq_no= 92
[91m [1776449512.296799] Client: [0m---before writing in log upd_msg->type= 4
[91m [1776449512.296803] Client: [0m---before writing in log upd_msg->frag_no= 0
[91m [1776449512.296808] Client: [0m---before writing in log upd_msg->reliable= 1
[91m [1776449512.296814] Client: [0m---before writing in log upd_msg->data.sensor_type= 2
[91m [1776449512.296819] Client: [0m---before writing in log upd_msg->data.sid= device_0
[91m [1776449512.296826] Client: [0m---after writing in log upd_msg->seq_no = 92
[91m [1776449512.296830] Client: [0m---after writing in log upd_msg->data.sensor_type = 2
[91m [1776449512.296834] Client: [0m---after writing in log upd_msg->reliable = 1
[91m [1776449513.65317] BSON Message: [0mInside sensor type parsing.
[91m [1776449513.65329] BSON Message: [0mInside sensor type parsing end.
[91m [1776449513.65334] BSON Message: [0mInside sid parsing
[91m [1776449513.65338] BSON Message: [0mInside temp1 parsing.
[91m [1776449513.65344] Client: [0m---before writing in log upd_msg->seq_no= 217
[91m [1776449513.65349] Client: [0m---before writing in log upd_msg->type= 4
[91m [1776449513.65357] Client: [0m---before writing in log upd_msg->frag_no= 0
[91m [1776449513.65362] Client: [0m---before writing in log upd_msg->reliable= 1
[91m [1776449513.65366] Client: [0m---before writing in log upd_msg->data.sensor_type= 1
[91m [1776449513.65370] Client: [0m---before writing in log upd_msg->data.sid= temp_1
[91m [1776449513.65375] Client: [0m---after writing in log upd_msg->seq_no = 217
[91m [1776449513.65379] Client: [0m---after writing in log upd_msg->data.sensor_type = 1
[91m [1776449513.65383] Client: [0m---after writing in log upd_msg->reliable = 1
[91m [1776449513.486871] BSON Message: [0mInside sensor type parsing.
[91m [1776449513.486884] BSON Message: [0mInside sensor type parsing end.
[91m [1776449513.486888] BSON Message: [0mInside sid parsing
[91m [1776449513.486893] Client: [0m---before writing in log upd_msg->seq_no= 93
[91m [1776449513.486899] Client: [0m---before writing in log upd_msg->type= 4
[91m [1776449513.486904] Client: [0m---before writing in log upd_msg->frag_no= 0
[91m [1776449513.486908] Client: [0m---before writing in log upd_msg->reliable= 0
[91m [1776449513.486913] Client: [0m---before writing in log upd_msg->data.sensor_type= 2
[91m [1776449513.486927] Client: [0m---before writing in log upd_msg->data.sid= device_0
[91m [1776449513.486933] Client: [0m---after writing in log upd_msg->seq_no = 93
[91m [1776449513.486938] Client: [0m---after writing in log upd_msg->data.sensor_type = 2
[91m [1776449513.486943] Client: [0m---after writing in log upd_msg->reliable = 0
[91m [1776449514.66129] BSON Message: [0mInside sensor type parsing.
[91m [1776449514.66143] BSON Message: [0mInside sensor type parsing end.
[91m [1776449514.66148] BSON Message: [0mInside sid parsing
[91m [1776449514.66154] BSON Message: [0mInside temp1 parsing.
[91m [1776449514.66161] Client: [0m---before writing in log upd_msg->seq_no= 218
[91m [1776449514.66165] Client: [0m---before writing in log upd_msg->type= 4
[91m [1776449514.66170] Client: [0m---before writing in log upd_msg->frag_no= 0
[91m [1776449514.66174] Client: [0m---before writing in log upd_msg->reliable= 1
[91m [1776449514.66178] Client: [0m---before writing in log upd_msg->data.sensor_type= 1
[91m [1776449514.66182] Client: [0m---before writing in log upd_msg->data.sid= temp_1
[91m [1776449514.66188] Client: [0m---after writing in log upd_msg->seq_no = 218
[91m [1776449514.66192] Client: [0m---after writing in log upd_msg->data.sensor_type = 1
[91m [1776449514.66197] Client: [0m---after writing in log upd_msg->reliable = 1
[91m [1776449515.66457] BSON Message: [0mInside sensor type parsing.
[91m [1776449515.66466] BSON Message: [0mInside sensor type parsing end.
[91m [1776449515.66471] BSON Message: [0mInside sid parsing
[91m [1776449515.66476] BSON Message: [0mInside temp1 parsing.
[91m [1776449515.66482] Client: [0m---before writing in log upd_msg->seq_no= 219
[91m [1776449515.66487] Client: [0m---before writing in log upd_msg->type= 4
[91m [1776449515.66491] Client: [0m---before writing in log upd_msg->frag_no= 0
[91m [1776449515.66496] Client: [0m---before writing in log upd_msg->reliable= 1
[91m [1776449515.66501] Client: [0m---before writing in log upd_msg->data.sensor_type= 1
[91m [1776449515.66507] Client: [0m---before writing in log upd_msg->data.sid= temp_1
[91m [1776449515.66513] Client: [0m---after writing in log upd_msg->seq_no = 219
[91m [1776449515.66517] Client: [0m---after writing in log upd_msg->data.sensor_type = 1
[91m [1776449515.66520] Client: [0m---after writing in log upd_msg->reliable = 1
[91m [1776449516.66421] BSON Message: [0mInside sensor type parsing.
[91m [1776449516.66431] BSON Message: [0mInside sensor type parsing end.
[91m [1776449516.66435] BSON Message: [0mInside sid parsing
[91m [1776449516.66440] BSON Message: [0mInside temp1 parsing.
[91m [1776449516.66445] Client: [0m---before writing in log upd_msg->seq_no= 220
[91m [1776449516.66449] Client: [0m---before writing in log upd_msg->type= 4
[91m [1776449516.66457] Client: [0m---before writing in log upd_msg->frag_no= 0
[91m [1776449516.66461] Client: [0m---before writing in log upd_msg->reliable= 1
[91m [1776449516.66465] Client: [0m---before writing in log upd_msg->data.sensor_type= 1
[91m [1776449516.66470] Client: [0m---before writing in log upd_msg->data.sid= temp_1
[91m [1776449516.66475] Client: [0m---after writing in log upd_msg->seq_no = 220
[91m [1776449516.66479] Client: [0m---after writing in log upd_msg->data.sensor_type = 1
[91m [1776449516.66484] Client: [0m---after writing in log upd_msg->reliable = 1
[91m [1776449517.67079] BSON Message: [0mInside sensor type parsing.
[91m [1776449517.67088] BSON Message: [0mInside sensor type parsing end.
[91m [1776449517.67093] BSON Message: [0mInside sid parsing
[91m [1776449517.67098] BSON Message: [0mInside temp1 parsing.
[91m [1776449517.67104] Client: [0m---before writing in log upd_msg->seq_no= 221
[91m [1776449517.67109] Client: [0m---before writing in log upd_msg->type= 4
[91m [1776449517.67113] Client: [0m---before writing in log upd_msg->frag_no= 0
[91m [1776449517.67117] Client: [0m---before writing in log upd_msg->reliable= 1
[91m [1776449517.67122] Client: [0m---before writing in log upd_msg->data.sensor_type= 1
[91m [1776449517.67126] Client: [0m---before writing in log upd_msg->data.sid= temp_1
[91m [1776449517.67133] Client: [0m---after writing in log upd_msg->seq_no = 221
[91m [1776449517.67138] Client: [0m---after writing in log upd_msg->data.sensor_type = 1
[91m [1776449517.67143] Client: [0m---after writing in log upd_msg->reliable = 1
[91m [1776449517.965614] BSON Message: [0mInside sensor type parsing.
[91m [1776449517.965632] BSON Message: [0mInside sensor type parsing end.
[91m [1776449517.965639] BSON Message: [0mInside sid parsing
ssage type is 4
---------Update message arrived------------ 1
Got a message from the server.
Message type is 4
---------Update message arrived------------ 1
Got a message from the server.
Message type is 4
---------Update message arrived------------ 1
Got a message from the server.
Message type is 4
---------Update message arrived------------ 1
Got a message from the server.
Message type is 4
---------Update message arrived------------ 1
Got a message from the server.
Message type is 4
---------Update message arrived------------ 1
Got a message from the server.
Message type is 4
---------Update message arrived------------ 1
Got a message from the server.
Message type is 4
---------Update message arrived------------ 1
Got a message from the server.
Message type is 4
---------Update message arrived------------ 1
Got a message from the server.
Message type is 4
---------Update message arrived------------ 1
Got a message from the server.
Message type is 4
---------Update message arrived------------ 1
Got a message from the server.
Message type is 4
---------Update message arrived------------ 1
Got a message from the server.
Message type is 4
---------Update message arrived------------ 1
Got a message from the server.
Message type is 4
---------Update message arrived------------ 1
Got a message from the server.
Message type is 4
---------Update message arrived------------ 1
Got a message from the server.
Message type is 4
---------Update message arrived------------ 1
Got a message from the server.
Message type is 4
---------Update message arrived------------ 1
Got a message from the server.
Message type is 4
---------Update message arrived------------ 1
Got a message from the server.
Message type is 4
---------Update message arrived------------ 1
Got a message from the server.
Message type is 4
---------Update message arrived------------ 1
Got a message from the server.
Message type is 4
---------Update message arrived------------ 1
Got a message from the server.
Message type is 4
---------Update message arrived------------ 1
Got a message from the server.
Message type is 4
---------Update message arrived------------ 1
Got a message from the server.
Message type is 4
---------Update message arrived------------ 1
Got a message from the server.
Message type is 4
---------Update message arrived------------ 1
Got a message from the server.
Message type is 4
---------Update message arrived------------ 1
Got a message from the server.
Message type is 4
---------Update message arrived------------ 1
Got a message from the server.
Message type is 4
---------Update message arrived------------ 1
Got a message from the server.
Message type is 4
---------Update message arrived------------ 1
Got a message from the server.
Message type is 4
---------Update message arrived------------ 1
Got a message from the server.
Message type is 4
---------Update message arrived------------ 1
Got a message from the server.
Message type is 4
---------Update message arrived------------ 1
Got a message from the server.
Message type is 4
---------Update message arrived------------ 1
Got a message from the server.
Message type is 4
---------Update message arrived------------ 1
Got a message from the server.
Message type is 4
---------Update message arrived------------ 1
Got a message from the server.
Message type is 4
---------Update message arrived------------ 1
Got a message from the server.
Message type is 4
---------Update message arrived------------ 1
Got a message from the server.
Message type is 4
---------Update message arrived------------ 1
Got a message from the server.
Message type is 4
---------Update message arrived------------ 1
Got a message from the server.
Message type is 4
---------Update message arrived------------ 1
Got a message from the server.
Message type is 4
---------Update message arrived------------ 1
Got a message from the server.
Message type is 4
---------Update message arrived------------ 1
Got a message from the server.
Message type is 4
---------Update message arrived------------ 1
Got a message from the server.
Message type [91m [1776449517.965658] Client: [0m---before writing in log upd_msg->seq_no= 94
[91m [1776449517.965664] Client: [0m---before writing in log upd_msg->type= 4
[91m [1776449517.965669] Client: [0m---before writing in log upd_msg->frag_no= 0
[91m [1776449517.965675] Client: [0m---before writing in log upd_msg->reliable= 1
[91m [1776449517.965680] Client: [0m---before writing in log upd_msg->data.sensor_type= 2
[91m [1776449517.965685] Client: [0m---before writing in log upd_msg->data.sid= device_0
[91m [1776449517.965692] Client: [0m---after writing in log upd_msg->seq_no = 94
[91m [1776449517.965698] Client: [0m---after writing in log upd_msg->data.sensor_type = 2
[91m [1776449517.965703] Client: [0m---after writing in log upd_msg->reliable = 1
[91m [1776449518.67211] BSON Message: [0mInside sensor type parsing.
[91m [1776449518.67225] BSON Message: [0mInside sensor type parsing end.
[91m [1776449518.67231] BSON Message: [0mInside sid parsing
[91m [1776449518.67237] BSON Message: [0mInside temp1 parsing.
[91m [1776449518.67243] Client: [0m---before writing in log upd_msg->seq_no= 222
[91m [1776449518.67249] Client: [0m---before writing in log upd_msg->type= 4
[91m [1776449518.67254] Client: [0m---before writing in log upd_msg->frag_no= 0
[91m [1776449518.67259] Client: [0m---before writing in log upd_msg->reliable= 1
[91m [1776449518.67264] Client: [0m---before writing in log upd_msg->data.sensor_type= 1
[91m [1776449518.67269] Client: [0m---before writing in log upd_msg->data.sid= temp_1
[91m [1776449518.67275] Client: [0m---after writing in log upd_msg->seq_no = 222
[91m [1776449518.67279] Client: [0m---after writing in log upd_msg->data.sensor_type = 1
[91m [1776449518.67284] Client: [0m---after writing in log upd_msg->reliable = 1
[91m [1776449519.67826] BSON Message: [0mInside sensor type parsing.
[91m [1776449519.67839] BSON Message: [0mInside sensor type parsing end.
[91m [1776449519.67844] BSON Message: [0mInside sid parsing
[91m [1776449519.67850] BSON Message: [0mInside temp1 parsing.
[91m [1776449519.67856] Client: [0m---before writing in log upd_msg->seq_no= 223
[91m [1776449519.67861] Client: [0m---before writing in log upd_msg->type= 4
[91m [1776449519.67872] Client: [0m---before writing in log upd_msg->frag_no= 0
[91m [1776449519.67876] Client: [0m---before writing in log upd_msg->reliable= 1
[91m [1776449519.67881] Client: [0m---before writing in log upd_msg->data.sensor_type= 1
[91m [1776449519.67886] Client: [0m---before writing in log upd_msg->data.sid= temp_1
[91m [1776449519.67891] Client: [0m---after writing in log upd_msg->seq_no = 223
[91m [1776449519.67896] Client: [0m---after writing in log upd_msg->data.sensor_type = 1
[91m [1776449519.67901] Client: [0m---after writing in log upd_msg->reliable = 1
[91m [1776449519.797664] BSON Message: [0mInside sensor type parsing.
[91m [1776449519.797676] BSON Message: [0mInside sensor type parsing end.
[91m [1776449519.797680] BSON Message: [0mInside sid parsing
[91m [1776449519.797685] Client: [0m---before writing in log upd_msg->seq_no= 95
[91m [1776449519.797690] Client: [0m---before writing in log upd_msg->type= 4
[91m [1776449519.797694] Client: [0m---before writing in log upd_msg->frag_no= 0
[91m [1776449519.797698] Client: [0m---before writing in log upd_msg->reliable= 1
[91m [1776449519.797702] Client: [0m---before writing in log upd_msg->data.sensor_type= 2
[91m [1776449519.797707] Client: [0m---before writing in log upd_msg->data.sid= device_0
[91m [1776449519.797713] Client: [0m---after writing in log upd_msg->seq_no = 95
[91m [1776449519.797718] Client: [0m---after writing in log upd_msg->data.sensor_type = 2
[91m [1776449519.797723] Client: [0m---after writing in log upd_msg->reliable = 1
[91m [1776449520.67871] BSON Message: [0mInside sensor type parsing.
[91m [1776449520.67886] BSON Message: [0mInside sensor type parsing end.
[91m [1776449520.67893] BSON Message: [0mInside sid parsing
[91m [1776449520.67900] BSON Message: [0mInside temp1 parsing.
[91m [1776449520.67907] Client: [0m---before writing in log upd_msg->seq_no= 224
[91m [1776449520.67925] Client: [0m---before writing in log upd_msg->type= 4
[91m [1776449520.67934] Client: [0m---before writing in log upd_msg->frag_no= 0
[91m [1776449520.67940] Client: [0m---before writing in log upd_msg->reliable= 1
[91m [1776449520.67946] Client: [0m---before writing in log upd_msg->data.sensor_type= 1
[91m [1776449520.67952] Client: [0m---before writing in log upd_msg->data.sid= temp_1
[91m [1776449520.67959] Client: [0m---after writing in log upd_msg->seq_no = 224
[91m [1776449520.67962] Client: [0m---after writing in log upd_msg->data.sensor_type = 1
[91m [1776449520.67967] Client: [0m---after writing in log upd_msg->reliable = 1
[91m [1776449521.68242] BSON Message: [0mInside sensor type parsing.
[91m [1776449521.68256] BSON Message: [0mInside sensor type parsing end.
[91m [1776449521.68262] BSON Message: [0mInside sid parsing
[91m [1776449521.68268] BSON Message: [0mInside temp1 parsing.
[91m [1776449521.68275] Client: [0m---before writing in log upd_msg->seq_no= 225
[91m [1776449521.68281] Client: [0m---before writing in log upd_msg->type= 4
[91m [1776449521.68286] Client: [0m---before writing in log upd_msg->frag_no= 0
[91m [1776449521.68291] Client: [0m---before writing in log upd_msg->reliable= 1
[91m [1776449521.68297] Client: [0m---before writing in log upd_msg->data.sensor_type= 1
[91m [1776449521.68302] Client: [0m---before writing in log upd_msg->data.sid= temp_1
[91m [1776449521.68309] Client: [0m---after writing in log upd_msg->seq_no = 225
[91m [1776449521.68315] Client: [0m---after writing in log upd_msg->data.sensor_type = 1
[91m [1776449521.68320] Client: [0m---after writing in log upd_msg->reliable = 1
[91m [1776449522.63005] BSON Message: [0mInside sensor type parsing.
[91m [1776449522.63015] BSON Message: [0mInside sensor type parsing end.
[91m [1776449522.63021] BSON Message: [0mInside sid parsing
[91m [1776449522.63026] Client: [0m---before writing in log upd_msg->seq_no= 96
[91m [1776449522.63031] Client: [0m---before writing in log upd_msg->type= 4
[91m [1776449522.63034] Client: [0m---before writing in log upd_msg->frag_no= 0
[91m [1776449522.63042] Client: [0m---before writing in log upd_msg->reliable= 1
[91m [1776449522.63046] Client: [0m---before writing in log upd_msg->data.sensor_type= 2
[91m [1776449522.63050] Client: [0m---before writing in log upd_msg->data.sid= device_0
[91m [1776449522.63055] Client: [0m---after writing in log upd_msg->seq_no = 96
[91m [1776449522.63059] Client: [0m---after writing in log upd_msg->data.sensor_type = 2
[91m [1776449522.63063] Client: [0m---after writing in log upd_msg->reliable = 1
[91m [1776449522.68292] BSON Message: [0mInside sensor type parsing.
[91m [1776449522.68310] BSON Message: [0mInside sensor type parsing end.
[91m [1776449522.68315] BSON Message: [0mInside sid parsing
[91m [1776449522.68320] BSON Message: [0mInside temp1 parsing.
[91m [1776449522.68326] Client: [0m---before writing in log upd_msg->seq_no= 226
[91m [1776449522.68331] Client: [0m---before writing in log upd_msg->type= 4
[91m [1776449522.68335] Client: [0m---before writing in log upd_msg->frag_no= 0
[91m [1776449522.68340] Client: [0m---before writing in log upd_msg->reliable= 1
[91m [1776449522.68344] Client: [0m---before writing in log upd_msg->data.sensor_type= 1
[91m [1776449522.68348] Client: [0m---before writing in log upd_msg->data.sid= temp_1
[91m [1776449522.68354] Client: [0m---after writing in log upd_msg->seq_no = 226
[91m [1776449522.68358] Client: [0m---after writing in log upd_msg->data.sensor_type = 1
[91m [1776449522.68363] Client: [0m---after writing in log upd_msg->reliable = 1
[91m [1776449523.68421] BSON Message: [0mInside sensor type parsing.
[91m [1776449523.68432] BSON Message: [0mInside sensor type parsing end.
[91m [1776449523.68437] BSON Message: [0mInside sid parsing
[91m [1776449523.68442] BSON Message: [0mInside temp1 parsing.
[91m [1776449523.68448] Client: [0m---before writing in log upd_msg->seq_no= 227
[91m [1776449523.68453] Client: [0m---before writing in log upd_msg->type= 4
[91m [1776449523.68459] Client: [0m---before writing in log upd_msg->frag_no= 0
[91m [1776449523.68463] Client: [0m---before writing in log upd_msg->reliable= 1
[91m [1776449523.68468] Client: [0m---before writing in log upd_msg->data.sensor_type= 1
[91m [1776449523.68473] Client: [0m---before writing in log upd_msg->data.sid= temp_1
[91m [1776449523.68478] Client: [0m---after writing in log upd_msg->seq_no = 227
[91m [1776449523.68483] Client: [0m---after writing in log upd_msg->data.sensor_type = 1
[91m [1776449523.68488] Client: [0m---after writing in log upd_msg->reliable = 1
[91m [1776449523.368360] BSON Message: [0mInside sensor type parsing.
[91m [1776449523.368375] BSON Message: [0mInside sensor type parsing end.
[91m [1776449523.368380] BSON Message: [0mInside sid parsing
[91m [1776449523.368386] Client: [0m---before writing in log upd_msg->seq_no= 97
[91m [1776449523.368392] Client: [0m---before writing in log upd_msg->type= 4
[91m [1776449523.368397] Client: [0m---before writing in log upd_msg->frag_no= 0
[91m [1776449523.368402] Client: [0m---before writing in log upd_msg->reliable= 1
[91m [1776449523.368406] Client: [0m---before writing in log upd_msg->data.sensor_type= 2
[91m [1776449523.368410] Client: [0m---before writing in log upd_msg->data.sid= device_0
[91m [1776449523.368416] Client: [0m---after writing in log upd_msg->seq_no = 97
[91m [1776449523.368421] Client: [0m---after writing in log upd_msg->data.sensor_type = 2
[91m [1776449523.368426] Client: [0m---after writing in log upd_msg->reliable = 1
[91m [1776449524.68856] BSON Message: [0mInside sensor type parsing.
[91m [1776449524.68866] BSON Message: [0mInside sensor type parsing end.
[91m [1776449524.68870] BSON Message: [0mInside sid parsing
[91m [1776449524.68875] BSON Message: [0mInside temp1 parsing.
[91m [1776449524.68881] Client: [0m---before writing in log upd_msg->seq_no= 228
[91m [1776449524.68885] Client: [0m---before writing in log upd_msg->type= 4
[91m [1776449524.68889] Client: [0m---before writing in log upd_msg->frag_no= 0
[91m [1776449524.68897] Client: [0m---before writing in log upd_msg->reliable= 1
[91m [1776449524.68901] Client: [0m---before writing in log upd_msg->data.sensor_type= 1
[91m [1776449524.68904] Client: [0m---before writing in log upd_msg->data.sid= temp_1
[91m [1776449524.68909] Client: [0m---after writing in log upd_msg->seq_no = 228
[91m [1776449524.68913] Client: [0m---after writing in log upd_msg->data.sensor_type = 1
[91m [1776449524.68925] Client: [0m---after writing in log upd_msg->reliable = 1
[91m [1776449525.69316] BSON Message: [0mInside sensor type parsing.
[91m [1776449525.69329] BSON Message: [0mInside sensor type parsing end.
[91m [1776449525.69334] BSON Message: [0mInside sid parsing
[91m [1776449525.69339] BSON Message: [0mInside temp1 parsing.
[91m [1776449525.69345] Client: [0m---before writing in log upd_msg->seq_no= 229
[91m [1776449525.69350] Client: [0m---before writing in log upd_msg->type= 4
[91m [1776449525.69354] Client: [0m---before writing in log upd_msg->frag_no= 0
[91m [1776449525.69359] Client: [0m---before writing in log upd_msg->reliable= 1
[91m [1776449525.69364] Client: [0m---before writing in log upd_msg->data.sensor_type= 1
[91m [1776449525.69369] Client: [0m---before writing in log upd_msg->data.sid= temp_1
[91m [1776449525.69374] Client: [0m---after writing in log upd_msg->seq_no = 229
[91m [1776449525.69378] Client: [0m---after writing in log upd_msg->data.sensor_type = 1
[91m [1776449525.69382] Client: [0m---after writing in log upd_msg->reliable = 1
[91m [1776449525.218981] BSON Message: [0mInside sensor type parsing.
[91m [1776449525.218993] BSON Message: [0mInside sensor type parsing end.
[91m [1776449525.218998] BSON Message: [0mInside sid parsing
[91m [1776449525.219003] Client: [0m---before writing in log upd_msg->seq_no= 98
[91m [1776449525.219008] Client: [0m---before writing in log upd_msg->type= 4
[91m [1776449525.219013] Client: [0m---before writing in log upd_msg->frag_no= 0
[91m [1776449525.219017] Client: [0m---before writing in log upd_msg->reliable= 1
[91m [1776449525.219022] Client: [0m---before writing in log upd_msg->data.sensor_type= 2
[91m [1776449525.219027] Client: [0m---before writing in log upd_msg->data.sid= device_0
[91m [1776449525.219032] Client: [0m---after writing in log upd_msg->seq_no = 98
[91m [1776449525.219037] Client: [0m---after writing in log upd_msg->data.sensor_type = 2
[91m [1776449525.219041] Client: [0m---after writing in log upd_msg->reliable = 1
[91m [1776449525.383975] BSON Message: [0mInside sensor type parsing.
[91m [1776449525.383989] BSON Message: [0mInside sensor type parsing end.
[91m [1776449525.383996] BSON Message: [0mInside sid parsing
[91m [1776449525.384003] Client: [0m---before writing in log upd_msg->seq_no= 99
[91m [1776449525.384009] Client: [0m---before writing in log upd_msg->type= 4
[91m [1776449525.384014] Client: [0m---before writing in log upd_msg->frag_no= 0
[91m [1776449525.384020] Client: [0m---before writing in log upd_msg->reliable= 1
[91m [1776449525.384026] Client: [0m---before writing in log upd_msg->data.sensor_type= 2
[91m [1776449525.384031] Client: [0m---before writing in log upd_msg->data.sid= device_0
[91m [1776449525.384038] Client: [0m---after writing in log upd_msg->seq_no = 99
[91m [1776449525.384043] Client: [0m---after writing in log upd_msg->data.sensor_type = 2
[91m [1776449525.384049] Client: [0m---after writing in log upd_msg->reliable = 1
[91m [1776449525.910592] BSON Message: [0mInside sensor type parsing.
[91m [1776449525.910604] BSON Message: [0mInside sensor type parsing end.
[91m [1776449525.910608] BSON Message: [0mInside sid parsing
[91m [1776449525.910616] Client: [0m---before writing in log upd_msg->seq_no= 100
[91m [1776449525.910620] Client: [0m---before writing in log upd_msg->type= 4
[91m [1776449525.910625] Client: [0m---before writing in log upd_msg->frag_no= 0
[91m [1776449525.910629] Client: [0m---before writing in log upd_msg->reliable= 1
[91m [1776449525.910638] Client: [0m---before writing in log upd_msg->data.sensor_type= 2
[91m [1776449525.910642] Client: [0m---before writing in log upd_msg->data.sid= device_0
[91m [1776449525.910646] Client: [0m---after writing in log upd_msg->seq_no = 100
[91m [1776449525.910650] Client: [0m---after writing in log upd_msg->data.sensor_type = 2
[91m [1776449525.910653] Client: [0m---after writing in log upd_msg->reliable = 1
[91m [1776449526.69712] BSON Message: [0mInside sensor type parsing.
[91m [1776449526.69727] BSON Message: [0mInside sensor type parsing end.
[91m [1776449526.69733] BSON Message: [0mInside sid parsing
[91m [1776449526.69738] BSON Message: [0mInside temp1 parsing.
[91m [1776449526.69744] Client: [0m---before writing in log upd_msg->seq_no= 230
[91m [1776449526.69749] Client: [0m---before writing in log upd_msg->type= 4
[91m [1776449526.69754] Client: [0m---before writing in log upd_msg->frag_no= 0
[91m [1776449526.69759] Client: [0m---before writing in log upd_msg->reliable= 1
[91m [1776449526.69763] Client: [0m---before writing in log upd_msg->data.sensor_type= 1
[91m [1776449526.69768] Client: [0m---before writing in log upd_msg->data.sid= temp_1
[91m [1776449526.69774] Client: [0m---after writing in log upd_msg->seq_no = 230
[91m [1776449526.69778] Client: [0m---after writing in log upd_msg->data.sensor_type = 1
[91m [1776449526.69783] Client: [0m---after writing in log upd_msg->reliable = 1
[91m [1776449527.69782] BSON Message: [0mInside sensor type parsing.
[91m [1776449527.69792] BSON Message: [0mInside sensor type parsing end.
[91m [1776449527.69797] BSON Message: [0mInside sid parsing
[91m [1776449527.69802] BSON Message: [0mInside temp1 parsing.
[91m [1776449527.69808] Client: [0m---before writing in log upd_msg->seq_no= 231
[91m [1776449527.69812] Client: [0m---before writing in log upd_msg->type= 4
[91m [1776449527.69817] Client: [0m---before writing in log upd_msg->frag_no= 0
[91m [1776449527.69821] Client: [0m---before writing in log upd_msg->reliable= 1
[91m [1776449527.69826] Client: [0m---before writing in log upd_msg->data.sensor_type= 1
[91m [1776449527.69831] Client: [0m---before writing in log upd_msg->data.sid= temp_1
[91m [1776449527.69836] Client: [0m---after writing in log upd_msg->seq_no = 231
[91m [1776449527.69841] Client: [0m---after writing in log upd_msg->data.sensor_type = 1
[91m [1776449527.69847] Client: [0m---after writing in log upd_msg->reliable = 1
[91m [1776449527.612667] BSON Message: [0mInside sensor type parsing.
[91m [1776449527.612678] BSON Message: [0mInside sensor type parsing end.
[91m [1776449527.612683] BSON Message: [0mInside sid parsing
[91m [1776449527.612689] Client: [0m---before writing in log upd_msg->seq_no= 101
[91m [1776449527.612694] Client: [0m---before writing in log upd_msg->type= 4
[91m [1776449527.612698] Client: [0m---before writing in log upd_msg->frag_no= 0
[91m [1776449527.612702] Client: [0m---before writing in log upd_msg->reliable= 1
[91m [1776449527.612706] Client: [0m---before writing in log upd_msg->data.sensor_type= 2
[91m [1776449527.612710] Client: [0m---before writing in log upd_msg->data.sid= device_0
[91m [1776449527.612715] Client: [0m---after writing in log upd_msg->seq_no = 101
[91m [1776449527.612719] Client: [0m---after writing in log upd_msg->data.sensor_type = 2
[91m [1776449527.612723] Client: [0m---after writing in log upd_msg->reliable = 1
[91m [1776449528.6102] BSON Message: [0mInside sensor type parsing.
[91m [1776449528.6115] BSON Message: [0mInside sensor type parsing end.
[91m [1776449528.6121] BSON Message: [0mInside sid parsing
[91m [1776449528.6127] BSON Message: [0mInside gps1 parsing.
[91m [1776449528.6136] Client: [0m---before writing in log upd_msg->seq_no= 23
[91m [1776449528.6142] Client: [0m---before writing in log upd_msg->type= 4
[91m [1776449528.6148] Client: [0m---before writing in log upd_msg->frag_no= 0
[91m [1776449528.6158] Client: [0m---before writing in log upd_msg->reliable= 1
[91m [1776449528.6169] Client: [0m---before writing in log upd_msg->data.sensor_type= 3
[91m [1776449528.6174] Client: [0m---before writing in log upd_msg->data.sid= gps_2
[91m [1776449528.6183] Client: [0m---after writing in log upd_msg->seq_no = 23
[91m [1776449528.6189] Client: [0m---after writing in log upd_msg->data.sensor_type = 3
[91m [1776449528.6211] Client: [0m---after writing in log upd_msg->reliable = 1
[91m [1776449528.70087] BSON Message: [0mInside sensor type parsing.
[91m [1776449528.70104] BSON Message: [0mInside sensor type parsing end.
[91m [1776449528.70110] BSON Message: [0mInside sid parsing
[91m [1776449528.70115] BSON Message: [0mInside temp1 parsing.
[91m [1776449528.70121] Client: [0m---before writing in log upd_msg->seq_no= 232
[91m [1776449528.70127] Client: [0m---before writing in log upd_msg->type= 4
[91m [1776449528.70134] Client: [0m---before writing in log upd_msg->frag_no= 0
[91m [1776449528.70139] Client: [0m---before writing in log upd_msg->reliable= 1
[91m [1776449528.70144] Client: [0m---before writing in log upd_msg->data.sensor_type= 1
[91m [1776449528.70149] Client: [0m---before writing in log upd_msg->data.sid= temp_1
[91m [1776449528.70156] Client: [0m---after writing in log upd_msg->seq_no = 232
[91m [1776449528.70160] Client: [0m---after writing in log upd_msg->data.sensor_type = 1
[91m [1776449528.70165] Client: [0m---after writing in log upd_msg->reliable = 1
[91m [1776449529.71355] BSON Message: [0mInside sensor type parsing.
[91m [1776449529.71363] BSON Message: [0mInside sensor type parsing end.
[91m [1776449529.71367] BSON Message: [0mInside sid parsing
[91m [1776449529.71370] BSON Message: [0mInside temp1 parsing.
[91m [1776449529.71374] Client: [0m---before writing in log upd_msg->seq_no= 233
[91m [1776449529.71377] Client: [0m---before writing in log upd_msg->type= 4
[91m [1776449529.71380] Client: [0m---before writing in log upd_msg->frag_no= 0
[91m [1776449529.71383] Client: [0m---before writing in log upd_msg->reliable= 1
[91m [1776449529.71386] Client: [0m---before writing in log upd_msg->data.sensor_type= 1
[91m [1776449529.71389] Client: [0m---before writing in log upd_msg->data.sid= temp_1
[91m [1776449529.71393] Client: [0m---after writing in log upd_msg->seq_no = 233
[91m [1776449529.71396] Client: [0m---after writing in log upd_msg->data.sensor_type = 1
[91m [1776449529.71399] Client: [0m---after writing in log upd_msg->reliable = 1
[91m [1776449530.71092] BSON Message: [0mInside sensor type parsing.
[91m [1776449530.71107] BSON Message: [0mInside sensor type parsing end.
[91m [1776449530.71115] BSON Message: [0mInside sid parsing
[91m [1776449530.71120] BSON Message: [0mInside temp1 parsing.
[91m [1776449530.71126] Client: [0m---before writing in log upd_msg->seq_no= 234
[91m [1776449530.71130] Client: [0m---before writing in log upd_msg->type= 4
[91m [1776449530.71134] Client: [0m---before writing in log upd_msg->frag_no= 0
[91m [1776449530.71138] Client: [0m---before writing in log upd_msg->reliable= 1
[91m [1776449530.71143] Client: [0m---before writing in log upd_msg->data.sensor_type= 1
[91m [1776449530.71147] Client: [0m---before writing in log upd_msg->data.sid= temp_1
[91m [1776449530.71152] Client: [0m---after writing in log upd_msg->seq_no = 234
[91m [1776449530.71157] Client: [0m---after writing in log upd_msg->data.sensor_type = 1
[91m [1776449530.71162] Client: [0m---after writing in log upd_msg->reliable = 1
[91m [1776449531.70821] BSON Message: [0mInside sensor type parsing.
[91m [1776449531.70834] BSON Message: [0mInside sensor type parsing end.
[91m [1776449531.70840] BSON Message: [0mInside sid parsing
[91m [1776449531.70845] BSON Message: [0mInside temp1 parsing.
[91m [1776449531.70851] Client: [0m---before writing in log upd_msg->seq_no= 235
[91m [1776449531.70855] Client: [0m---before writing in log upd_msg->type= 4
[91m [1776449531.70860] Client: [0m---before writing in log upd_msg->frag_no= 0
[91m [1776449531.70865] Client: [0m---before writing in log upd_msg->reliable= 1
[91m [1776449531.70874] Client: [0m---before writing in log upd_msg->data.sensor_type= 1
[91m [1776449531.70879] Client: [0m---before writing in log upd_msg->data.sid= temp_1
[91m [1776449531.70885] Client: [0m---after writing in log upd_msg->seq_no = 235
[91m [1776449531.70890] Client: [0m---after writing in log upd_msg->data.sensor_type = 1
[91m [1776449531.70894] Client: [0m---after writing in log upd_msg->reliable = 1
[91m [1776449531.445703] BSON Message: [0mInside sensor type parsing.
[91m [1776449531.445722] BSON Message: [0mInside sensor type parsing end.
[91m [1776449531.445729] BSON Message: [0mInside sid parsing
[91m [1776449531.445736] Client: [0m---before writing in log upd_msg->seq_no= 102
[91m [1776449531.445744] Client: [0m---before writing in log upd_msg->type= 4
[91m [1776449531.445751] Client: [0m---before writing in log upd_msg->frag_no= 0
[91m [1776449531.445759] Client: [0m---before writing in log upd_msg->reliable= 1
[91m [1776449531.445766] Client: [0m---before writing in log upd_msg->data.sensor_type= 2
[91m [1776449531.445772] Client: [0m---before writing in log upd_msg->data.sid= device_0
[91m [1776449531.445780] Client: [0m---after writing in log upd_msg->seq_no = 102
[91m [1776449531.445786] Client: [0m---after writing in log upd_msg->data.sensor_type = 2
[91m [1776449531.445793] Client: [0m---after writing in log upd_msg->reliable = 1
[91m [1776449532.71448] BSON Message: [0mInside sensor type parsing.
[91m [1776449532.71460] BSON Message: [0mInside sensor type parsing end.
[91m [1776449532.71466] BSON Message: [0mInside sid parsing
[91m [1776449532.71471] BSON Message: [0mInside temp1 parsing.
[91m [1776449532.71477] Client: [0m---before writing in log upd_msg->seq_no= 236
[91m [1776449532.71482] Client: [0m---before writing in log upd_msg->type= 4
[91m [1776449532.71486] Client: [0m---before writing in log upd_msg->frag_no= 0
[91m [1776449532.71491] Client: [0m---before writing in log upd_msg->reliable= 1
[91m [1776449532.71496] Client: [0m---before writing in log upd_msg->data.sensor_type= 1
[91m [1776449532.71500] Client: [0m---before writing in log upd_msg->data.sid= temp_1
[91m [1776449532.71506] Client: [0m---after writing in log upd_msg->seq_no = 236
[91m [1776449532.71510] Client: [0m---after writing in log upd_msg->data.sensor_type = 1
[91m [1776449532.71515] Client: [0m---after writing in log upd_msg->reliable = 1
[91m [1776449533.72388] BSON Message: [0mInside sensor type parsing.
[91m [1776449533.72397] BSON Message: [0mInside sensor type parsing end.
[91m [1776449533.72402] BSON Message: [0mInside sid parsing
[91m [1776449533.72407] BSON Message: [0mInside temp1 parsing.
[91m [1776449533.72413] Client: [0m---before writing in log upd_msg->seq_no= 237
[91m [1776449533.72418] Client: [0m---before writing in log upd_msg->type= 4
[91m [1776449533.72422] Client: [0m---before writing in log upd_msg->frag_no= 0
[91m [1776449533.72427] Client: [0m---before writing in log upd_msg->reliable= 1
[91m [1776449533.72431] Client: [0m---before writing in log upd_msg->data.sensor_type= 1
[91m [1776449533.72436] Client: [0m---before writing in log upd_msg->data.sid= temp_1
[91m [1776449533.72441] Client: [0m---after writing in log upd_msg->seq_no = 237
[91m [1776449533.72446] Client: [0m---after writing in log upd_msg->data.sensor_type = 1
[91m [1776449533.72452] Client: [0m---after writing in log upd_msg->reliable = 1
[91m [1776449533.422558] BSON Message: [0mInside sensor type parsing.
[91m [1776449533.422569] BSON Message: [0mInside sensor type parsing end.
[91m [1776449533.422575] BSON Message: [0mInside sid parsing
[91m [1776449533.422579] BSON Message: [0mInside gps1 parsing.
[91m [1776449533.422585] Client: [0m---before writing in log upd_msg->seq_no= 24
[91m [1776449533.422591] Client: [0m---before writing in log upd_msg->type= 4
[91m [1776449533.422597] Client: [0m---before writing in log upd_msg->frag_no= 0
[91m [1776449533.422602] Client: [0m---before writing in log upd_msg->reliable= 1
[91m [1776449533.422611] Client: [0m---before writing in log upd_msg->data.sensor_type= 3
[91m [1776449533.422614] Client: [0m---before writing in log upd_msg->data.sid= gps_2
[91m [1776449533.422621] Client: [0m---after writing in log upd_msg->seq_no = 24
[91m [1776449533.422627] Client: [0m---after writing in log upd_msg->data.sensor_type = 3
[91m [1776449533.422631] Client: [0m---after writing in log upd_msg->reliable = 1
[91m [1776449534.73117] BSON Message: [0mInside sensor type parsing.
[91m [1776449534.73135] BSON Message: [0mInside sensor type parsing end.
[91m [1776449534.73142] BSON Message: [0mInside sid parsing
[91m [1776449534.73149] BSON Message: [0mInside temp1 parsing.
[91m [1776449534.73156] Client: [0m---before writing in log upd_msg->seq_no= 238
[91m [1776449534.73165] Client: [0m---before writing in log upd_msg->type= 4
[91m [1776449534.73172] Client: [0m---before writing in log upd_msg->frag_no= 0
[91m [1776449534.73177] Client: [0m---before writing in log upd_msg->reliable= 1
[91m [1776449534.73313] Client: [0m---before writing in log upd_msg->data.sensor_type= 1
[91m [1776449534.73323] Client: [0m---before writing in log upd_msg->data.sid= temp_1
[91m [1776449534.73332] Client: [0m---after writing in log upd_msg->seq_no = 238
[91m [1776449534.73337] Client: [0m---after writing in log upd_msg->data.sensor_type = 1
[91m [1776449534.73342] Client: [0m---after writing in log upd_msg->reliable = 1
[91m [1776449535.72656] BSON Message: [0mInside sensor type parsing.
[91m [1776449535.72674] BSON Message: [0mInside sensor type parsing end.
[91m [1776449535.72683] BSON Message: [0mInside sid parsing
[91m [1776449535.72692] BSON Message: [0mInside temp1 parsing.
[91m [1776449535.72701] Client: [0m---before writing in log upd_msg->seq_no= 239
[91m [1776449535.72710] Client: [0m---before writing in log upd_msg->type= 4
[91m [1776449535.72718] Client: [0m---before writing in log upd_msg->frag_no= 0
[91m [1776449535.72726] Client: [0m---before writing in log upd_msg->reliable= 1
[91m [1776449535.72735] Client: [0m---before writing in log upd_msg->data.sensor_type= 1
[91m [1776449535.72743] Client: [0m---before writing in log upd_msg->data.sid= temp_1
[91m [1776449535.72753] Client: [0m---after writing in log upd_msg->seq_no = 239
[91m [1776449535.72761] Client: [0m---after writing in log upd_msg->data.sensor_type = 1
[91m [1776449535.72769] Client: [0m---after writing in log upd_msg->reliable = 1
[91m [1776449535.661412] BSON Message: [0mInside sensor type parsing.
[91m [1776449535.661431] BSON Message: [0mInside sensor type parsing end.
[91m [1776449535.661442] BSON Message: [0mInside sid parsing
[91m [1776449535.661453] Client: [0m---before writing in log upd_msg->seq_no= 103
[91m [1776449535.661461] Client: [0m---before writing in log upd_msg->type= 4
[91m [1776449535.661471] Client: [0m---before writing in log upd_msg->frag_no= 0
[91m [1776449535.661479] Client: [0m---before writing in log upd_msg->reliable= 1
[91m [1776449535.661488] Client: [0m---before writing in log upd_msg->data.sensor_type= 2
[91m [1776449535.661497] Client: [0m---before writing in log upd_msg->data.sid= device_0
[91m [1776449535.661508] Client: [0m---after writing in log upd_msg->seq_no = 103
[91m [1776449535.661516] Client: [0m---after writing in log upd_msg->data.sensor_type = 2
[91m [1776449535.661525] Client: [0m---after writing in log upd_msg->reliable = 1
[91m [1776449535.813592] BSON Message: [0mInside sensor type parsing.
[91m [1776449535.813603] BSON Message: [0mInside sensor type parsing end.
[91m [1776449535.813609] BSON Message: [0mInside sid parsing
[91m [1776449535.813616] Client: [0m---before writing in log upd_msg->seq_no= 104
[91m [1776449535.813635] Client: [0m---before writing in log upd_msg->type= 4
[91m [1776449535.813646] Client: [0m---before writing in log upd_msg->frag_no= 0
[91m [1776449535.813652] Client: [0m---before writing in log upd_msg->reliable= 0
[91m [1776449535.813664] Client: [0m---before writing in log upd_msg->data.sensor_type= 2
[91m [1776449535.813668] Client: [0m---before writing in log upd_msg->data.sid= device_0
[91m [1776449535.813673] Client: [0m---after writing in log upd_msg->seq_no = 104
[91m [1776449535.813678] Client: [0m---after writing in log upd_msg->data.sensor_type = 2
[91m [1776449535.813683] Client: [0m---after writing in log upd_msg->reliable = 0
[91m [1776449536.72695] BSON Message: [0mInside sensor type parsing.
[91m [1776449536.72710] BSON Message: [0mInside sensor type parsing end.
[91m [1776449536.72717] BSON Message: [0mInside sid parsing
[91m [1776449536.72723] BSON Message: [0mInside temp1 parsing.
[91m [1776449536.72730] Client: [0m---before writing in log upd_msg->seq_no= 240
[91m [1776449536.72735] Client: [0m---before writing in log upd_msg->type= 4
[91m [1776449536.72739] Client: [0m---before writing in log upd_msg->frag_no= 0
[91m [1776449536.72743] Client: [0m---before writing in log upd_msg->reliable= 1
[91m [1776449536.72748] Client: [0m---before writing in log upd_msg->data.sensor_type= 1
[91m [1776449536.72753] Client: [0m---before writing in log upd_msg->data.sid= temp_1
[91m [1776449536.72759] Client: [0m---after writing in log upd_msg->seq_no = 240
[91m [1776449536.72764] Client: [0m---after writing in log upd_msg->data.sensor_type = 1
[91m [1776449536.72769] Client: [0m---after writing in log upd_msg->reliable = 1
[91m [1776449537.72924] BSON Message: [0mInside sensor type parsing.
[91m [1776449537.72935] BSON Message: [0mInside sensor type parsing end.
[91m [1776449537.72940] BSON Message: [0mInside sid parsing
[91m [1776449537.72945] BSON Message: [0mInside temp1 parsing.
[91m [1776449537.72951] Client: [0m---before writing in log upd_msg->seq_no= 241
[91m [1776449537.72956] Client: [0m---before writing in log upd_msg->type= 4
[91m [1776449537.72960] Client: [0m---before writing in log upd_msg->frag_no= 0
[91m [1776449537.72965] Client: [0m---before writing in log upd_msg->reliable= 1
[91m [1776449537.72970] Client: [0m---before writing in log upd_msg->data.sensor_type= 1
[91m [1776449537.72974] Client: [0m---before writing in log upd_msg->data.sid= temp_1
[91m [1776449537.72980] Client: [0m---after writing in log upd_msg->seq_no = 241
[91m [1776449537.72984] Client: [0m---after writing in log upd_msg->data.sensor_type = 1
[91m [1776449537.72989] Client: [0m---after writing in log upd_msg->reliable = 1
[91m [1776449537.726983] BSON Message: [0mInside sensor type parsing.
[91m [1776449537.726995] BSON Message: [0mInside sensor type parsing end.
[91m [1776449537.727000] BSON Message: [0mInside sid parsing
[91m [1776449537.727008] Client: [0m---before writing in log upd_msg->seq_no= 105
[91m [1776449537.727014] Client: [0m---before writing in log upd_msg->type= 4
[91m [1776449537.727021] Client: [0m---before writing in log upd_msg->frag_no= 0
[91m [1776449537.727026] Client: [0m---before writing in log upd_msg->reliable= 1
[91m [1776449537.727032] Client: [0m---before writing in log upd_msg->data.sensor_type= 2
[91m [1776449537.727038] Client: [0m---before writing in log upd_msg->data.sid= device_0
[91m [1776449537.727046] Client: [0m---after writing in log upd_msg->seq_no = 105
[91m [1776449537.727051] Client: [0m---after writing in log upd_msg->data.sensor_type = 2
[91m [1776449537.727057] Client: [0m---after writing in log upd_msg->reliable = 1
[91m [1776449538.81544] BSON Message: [0mInside sensor type parsing.
[91m [1776449538.81557] BSON Message: [0mInside sensor type parsing end.
[91m [1776449538.81562] BSON Message: [0mInside sid parsing
[91m [1776449538.81566] BSON Message: [0mInside temp1 parsing.
[91m [1776449538.81588] Client: [0m---before writing in log upd_msg->seq_no= 242
[91m [1776449538.81592] Client: [0m---before writing in log upd_msg->type= 4
[91m [1776449538.81596] Client: [0m---before writing in log upd_msg->frag_no= 0
[91m [1776449538.81600] Client: [0m---before writing in log upd_msg->reliable= 1
[91m [1776449538.81609] Client: [0m---before writing in log upd_msg->data.sensor_type= 1
[91m [1776449538.81614] Client: [0m---before writing in log upd_msg->data.sid= temp_1
[91m [1776449538.81619] Client: [0m---after writing in log upd_msg->seq_no = 242
[91m [1776449538.81623] Client: [0m---after writing in log upd_msg->data.sensor_type = 1
[91m [1776449538.81627] Client: [0m---after writing in log upd_msg->reliable = 1
[91m [1776449539.74419] BSON Message: [0mInside sensor type parsing.
[91m [1776449539.74428] BSON Message: [0mInside sensor type parsing end.
[91m [1776449539.74433] BSON Message: [0mInside sid parsing
[91m [1776449539.74437] BSON Message: [0mInside temp1 parsing.
[91m [1776449539.74442] Client: [0m---before writing in log upd_msg->seq_no= 243
[91m [1776449539.74446] Client: [0m---before writing in log upd_msg->type= 4
[91m [1776449539.74451] Client: [0m---before writing in log upd_msg->frag_no= 0
[91m [1776449539.74454] Client: [0m---before writing in log upd_msg->reliable= 1
[91m [1776449539.74458] Client: [0m---before writing in log upd_msg->data.sensor_type= 1
[91m [1776449539.74462] Client: [0m---before writing in log upd_msg->data.sid= temp_1
[91m [1776449539.74468] Client: [0m---after writing in log upd_msg->seq_no = 243
[91m [1776449539.74472] Client: [0m---after writing in log upd_msg->data.sensor_type = 1
[91m [1776449539.74477] Client: [0m---after writing in log upd_msg->reliable = 1
[91m [1776449540.73841] BSON Message: [0mInside sensor type parsing.
[91m [1776449540.73850] BSON Message: [0mInside sensor type parsing end.
[91m [1776449540.73855] BSON Message: [0mInside sid parsing
[91m [1776449540.73859] BSON Message: [0mInside temp1 parsing.
[91m [1776449540.73865] Client: [0m---before writing in log upd_msg->seq_no= 244
[91m [1776449540.73870] Client: [0m---before writing in log upd_msg->type= 4
[91m [1776449540.73875] Client: [0m---before writing in log upd_msg->frag_no= 0
[91m [1776449540.73880] Client: [0m---before writing in log upd_msg->reliable= 1
[91m [1776449540.73884] Client: [0m---before writing in log upd_msg->data.sensor_type= 1
[91m [1776449540.73890] Client: [0m---before writing in log upd_msg->data.sid= temp_1
[91m [1776449540.73896] Client: [0m---after writing in log upd_msg->seq_no = 244
[91m [1776449540.73901] Client: [0m---after writing in log upd_msg->data.sensor_type = 1
[91m [1776449540.73906] Client: [0m---after writing in log upd_msg->reliable = 1
[91m [1776449540.984463] BSON Message: [0mInside sensor type parsing.
[91m [1776449540.984473] BSON Message: [0mInside sensor type parsing end.
[91m [1776449540.984479] BSON Message: [0mInside sid parsing
[91m [1776449540.984484] BSON Message: [0mInside gps1 parsing.
[91m [1776449540.984492] Client: [0m---before writing in log upd_msg->seq_no= 25
[91m [1776449540.984497] Client: [0m---before writing in log upd_msg->type= 4
[91m [1776449540.984502] Client: [0m---before writing in log upd_msg->frag_no= 0
[91m [1776449540.984508] Client: [0m---before writing in log upd_msg->reliable= 1
[91m [1776449540.984513] Client: [0m---before writing in log upd_msg->data.sensor_type= 3
[91m [1776449540.984517] Client: [0m---before writing in log upd_msg->data.sid= gps_2
[91m [1776449540.984525] Client: [0m---after writing in log upd_msg->seq_no = 25
[91m [1776449540.984531] Client: [0m---after writing in log upd_msg->data.sensor_type = 3
[91m [1776449540.984536] Client: [0m---after writing in log upd_msg->reliable = 1
[91m [1776449541.74238] BSON Message: [0mInside sensor type parsing.
[91m [1776449541.74251] BSON Message: [0mInside sensor type parsing end.
[91m [1776449541.74257] BSON Message: [0mInside sid parsing
[91m [1776449541.74263] BSON Message: [0mInside temp1 parsing.
[91m [1776449541.74269] Client: [0m---before writing in log upd_msg->seq_no= 245
[91m [1776449541.74275] Client: [0m---before writing in log upd_msg->type= 4
[91m [1776449541.74280] Client: [0m---before writing in log upd_msg->frag_no= 0
[91m [1776449541.74286] Client: [0m---before writing in log upd_msg->reliable= 1
[91m [1776449541.74297] Client: [0m---before writing in log upd_msg->data.sensor_type= 1
[91m [1776449541.74303] Client: [0m---before writing in log upd_msg->data.sid= temp_1
[91m [1776449541.74310] Client: [0m---after writing in log upd_msg->seq_no = 245
[91m [1776449541.74316] Client: [0m---after writing in log upd_msg->data.sensor_type = 1
[91m [1776449541.74321] Client: [0m---after writing in log upd_msg->reliable = 1
[91m [1776449542.74654] BSON Message: [0mInside sensor type parsing.
[91m [1776449542.74666] BSON Message: [0mInside sensor type parsing end.
[91m [1776449542.74691] BSON Message: [0mInside sid parsing
[91m [1776449542.74697] BSON Message: [0mInside temp1 parsing.
[91m [1776449542.74704] Client: [0m---before writing in log upd_msg->seq_no= 246
[91m [1776449542.74710] Client: [0m---before writing in log upd_msg->type= 4
[91m [1776449542.74715] Client: [0m---before writing in log upd_msg->frag_no= 0
[91m [1776449542.74719] Client: [0m---before writing in log upd_msg->reliable= 1
[91m [1776449542.74723] Client: [0m---before writing in log upd_msg->data.sensor_type= 1
[91m [1776449542.74727] Client: [0m---before writing in log upd_msg->data.sid= temp_1
[91m [1776449542.74732] Client: [0m---after writing in log upd_msg->seq_no = 246
[91m [1776449542.74737] Client: [0m---after writing in log upd_msg->data.sensor_type = 1
[91m [1776449542.74742] Client: [0m---after writing in log upd_msg->reliable = 1
[91m [1776449542.718726] BSON Message: [0mInside sensor type parsing.
[91m [1776449542.718734] BSON Message: [0mInside sensor type parsing end.
[91m [1776449542.718739] BSON Message: [0mInside sid parsing
[91m [1776449542.718744] Client: [0m---before writing in log upd_msg->seq_no= 106
[91m [1776449542.718747] Client: [0m---before writing in log upd_msg->type= 4
[91m [1776449542.718750] Client: [0m---before writing in log upd_msg->frag_no= 0
[91m [1776449542.718754] Client: [0m---before writing in log upd_msg->reliable= 1
[91m [1776449542.718758] Client: [0m---before writing in log upd_msg->data.sensor_type= 2
[91m [1776449542.718761] Client: [0m---before writing in log upd_msg->data.sid= device_0
[91m [1776449542.718765] Client: [0m---after writing in log upd_msg->seq_no = 106
[91m [1776449542.718769] Client: [0m---after writing in log upd_msg->data.sensor_type = 2
[91m [1776449542.718773] Client: [0m---after writing in log upd_msg->reliable = 1
[91m [1776449543.74718] BSON Message: [0mInside sensor type parsing.
[91m [1776449543.74728] BSON Message: [0mInside sensor type parsing end.
[91m [1776449543.74732] BSON Message: [0mInside sid parsing
[91m [1776449543.74736] BSON Message: [0mInside temp1 parsing.
[91m [1776449543.74742] Client: [0m---before writing in log upd_msg->seq_no= 247
[91m [1776449543.74747] Client: [0m---before writing in log upd_msg->type= 4
[91m [1776449543.74750] Client: [0m---before writing in log upd_msg->frag_no= 0
[91m [1776449543.74753] Client: [0m---before writing in log upd_msg->reliable= 1
[91m [1776449543.74758] Client: [0m---before writing in log upd_msg->data.sensor_type= 1
[91m [1776449543.74762] Client: [0m---before writing in log upd_msg->data.sid= temp_1
[91m [1776449543.74767] Client: [0m---after writing in log upd_msg->seq_no = 247
[91m [1776449543.74771] Client: [0m---after writing in log upd_msg->data.sensor_type = 1
[91m [1776449543.74775] Client: [0m---after writing in log upd_msg->reliable = 1
[91m [1776449544.75294] BSON Message: [0mInside sensor type parsing.
[91m [1776449544.75305] BSON Message: [0mInside sensor type parsing end.
[91m [1776449544.75309] BSON Message: [0mInside sid parsing
[91m [1776449544.75312] BSON Message: [0mInside temp1 parsing.
[91m [1776449544.75316] Client: [0m---before writing in log upd_msg->seq_no= 248
[91m [1776449544.75320] Client: [0m---before writing in log upd_msg->type= 4
[91m [1776449544.75323] Client: [0m---before writing in log upd_msg->frag_no= 0
[91m [1776449544.75326] Client: [0m---before writing in log upd_msg->reliable= 1
[91m [1776449544.75335] Client: [0m---before writing in log upd_msg->data.sensor_type= 1
[91m [1776449544.75340] Client: [0m---before writing in log upd_msg->data.sid= temp_1
[91m [1776449544.75346] Client: [0m---after writing in log upd_msg->seq_no = 248
[91m [1776449544.75351] Client: [0m---after writing in log upd_msg->data.sensor_type = 1
[91m [1776449544.75356] Client: [0m---after writing in log upd_msg->reliable = 1
[91m [1776449545.76477] BSON Message: [0mInside sensor type parsing.
[91m [1776449545.76492] BSON Message: [0mInside sensor type parsing end.
[91m [1776449545.76498] BSON Message: [0mInside sid parsing
[91m [1776449545.76504] BSON Message: [0mInside temp1 parsing.
is 4
---------Update message arrived------------ 1
Got a message from the server.
Message type is 4
---------Update message arrived------------ 1
Got a message from the server.
Message type is 4
---------Update message arrived------------ 1
Got a message from the server.
Message type is 4
---------Update message arrived------------ 1
Got a message from the server.
Message type is 4
---------Update message arrived------------ 1
Got a message from the server.
Message type is 4
---------Update message arrived------------ 1
Got a message from the server.
Message type is 4
---------Update message arrived------------ 1
Got a message from the server.
Message type is 4
---------Update message arrived------------ 1
Got a message from the server.
Message type is 4
---------Update message arrived------------ 1
Got a message from the server.
Message type is 4
---------Update message arrived------------ 1
Got a message from the server.
Message type is 4
---------Update message arrived------------ 1
Got a message from the server.
Message type is 4
---------Update message arrived------------ 1
Got a message from the server.
Message type is 4
---------Update message arrived------------ 1
Got a message from the server.
Message type is 4
---------Update message arrived------------ 1
Got a message from the server.
Message type is 4
---------Update message arrived------------ 1
Got a message from the server.
Message type is 4
---------Update message arrived------------ 1
Got a message from the server.
Message type is 4
---------Update message arrived------------ 1
Got a message from the server.
Message type is 4
---------Update message arrived------------ 1
Got a message from the server.
Message type is 4
---------Update message arrived------------ 1
Got a message from the server.
Message type is 4
---------Update message arrived------------ 1
Got a message from the server.
Message type is 4
---------Update message arrived------------ 1
Got a message from the server.
Message type is 4
---------Update message arrived------------ 1
Got a message from the server.
Message type is 4
---------Update message arrived------------ 1
Got a message from the server.
Message type is 4
---------Update message arrived------------ 1
Got a message from the server.
Message type is 4
---------Update message arrived------------ 1
Got a message from the server.
Message type is 4
---------Update message arrived------------ 1
Got a message from the server.
Message type is 4
---------Update message arrived------------ 1
Got a message from the server.
Message type is 4
---------Update message arrived------------ 1
Got a message from the server.
Message type is 4
---------Update message arrived------------ 1
Got a message from the server.
Message type is 4
---------Update message arrived------------ 1
Got a message from the server.
Message type is 4
---------Update message arrived------------ 1
Got a message from the server.
Message type is 4
---------Update message arrived------------ 1
Got a message from the server.
Message type is 4
---------Update message arrived------------ 1
Got a message from the server.
Message type is 4
---------Update message arrived------------ 1
Got a message from the server.
Message type is 4
---------Update message arrived------------ 1
Got a message from the server.
Message type is 4
---------Update message arrived------------ 1
Got a message from the server.
Message type is 4
---------Update message arrived------------ 1
Got a message from the server.
Message type is 4
---------Update message arrived------------ 1
Got a message from the server.
Message type is 4
---------Update message arrived------------ 1
Got a message from the server.
Message type is 4
---------Update message arrived------------ 1
Got a message from the server.
Message type is 4
---------Update message arrived------------ 1
Got a message from the server.
Message type is 4
---------Update message arrived------------ 1
Got a message from the server.
Message type is 4
---------Update message arrived------------ 1
Got a message from the server.
Message type is 4
------[91m [1776449545.76520] Client: [0m---before writing in log upd_msg->seq_no= 249
[91m [1776449545.76526] Client: [0m---before writing in log upd_msg->type= 4
[91m [1776449545.76531] Client: [0m---before writing in log upd_msg->frag_no= 0
[91m [1776449545.76536] Client: [0m---before writing in log upd_msg->reliable= 1
[91m [1776449545.76541] Client: [0m---before writing in log upd_msg->data.sensor_type= 1
[91m [1776449545.76547] Client: [0m---before writing in log upd_msg->data.sid= temp_1
[91m [1776449545.76553] Client: [0m---after writing in log upd_msg->seq_no = 249
[91m [1776449545.76558] Client: [0m---after writing in log upd_msg->data.sensor_type = 1
[91m [1776449545.76563] Client: [0m---after writing in log upd_msg->reliable = 1
[91m [1776449545.790715] BSON Message: [0mInside sensor type parsing.
[91m [1776449545.790726] BSON Message: [0mInside sensor type parsing end.
[91m [1776449545.790729] BSON Message: [0mInside sid parsing
[91m [1776449545.790733] Client: [0m---before writing in log upd_msg->seq_no= 107
[91m [1776449545.790737] Client: [0m---before writing in log upd_msg->type= 4
[91m [1776449545.790740] Client: [0m---before writing in log upd_msg->frag_no= 0
[91m [1776449545.790743] Client: [0m---before writing in log upd_msg->reliable= 1
[91m [1776449545.790746] Client: [0m---before writing in log upd_msg->data.sensor_type= 2
[91m [1776449545.790749] Client: [0m---before writing in log upd_msg->data.sid= device_0
[91m [1776449545.790752] Client: [0m---after writing in log upd_msg->seq_no = 107
[91m [1776449545.790755] Client: [0m---after writing in log upd_msg->data.sensor_type = 2
[91m [1776449545.790759] Client: [0m---after writing in log upd_msg->reliable = 1
[91m [1776449546.75801] BSON Message: [0mInside sensor type parsing.
[91m [1776449546.75809] BSON Message: [0mInside sensor type parsing end.
[91m [1776449546.75813] BSON Message: [0mInside sid parsing
[91m [1776449546.75816] BSON Message: [0mInside temp1 parsing.
[91m [1776449546.75820] Client: [0m---before writing in log upd_msg->seq_no= 250
[91m [1776449546.75823] Client: [0m---before writing in log upd_msg->type= 4
[91m [1776449546.75827] Client: [0m---before writing in log upd_msg->frag_no= 0
[91m [1776449546.75830] Client: [0m---before writing in log upd_msg->reliable= 1
[91m [1776449546.75833] Client: [0m---before writing in log upd_msg->data.sensor_type= 1
[91m [1776449546.75836] Client: [0m---before writing in log upd_msg->data.sid= temp_1
[91m [1776449546.75841] Client: [0m---after writing in log upd_msg->seq_no = 250
[91m [1776449546.75844] Client: [0m---after writing in log upd_msg->data.sensor_type = 1
[91m [1776449546.75847] Client: [0m---after writing in log upd_msg->reliable = 1
[91m [1776449546.526819] BSON Message: [0mInside sensor type parsing.
[91m [1776449546.526830] BSON Message: [0mInside sensor type parsing end.
[91m [1776449546.526835] BSON Message: [0mInside sid parsing
[91m [1776449546.526840] Client: [0m---before writing in log upd_msg->seq_no= 108
[91m [1776449546.526845] Client: [0m---before writing in log upd_msg->type= 4
[91m [1776449546.526849] Client: [0m---before writing in log upd_msg->frag_no= 0
[91m [1776449546.526853] Client: [0m---before writing in log upd_msg->reliable= 1
[91m [1776449546.526862] Client: [0m---before writing in log upd_msg->data.sensor_type= 2
[91m [1776449546.526866] Client: [0m---before writing in log upd_msg->data.sid= device_0
[91m [1776449546.526870] Client: [0m---after writing in log upd_msg->seq_no = 108
[91m [1776449546.526873] Client: [0m---after writing in log upd_msg->data.sensor_type = 2
[91m [1776449546.526877] Client: [0m---after writing in log upd_msg->reliable = 1
[91m [1776449547.76245] BSON Message: [0mInside sensor type parsing.
[91m [1776449547.76261] BSON Message: [0mInside sensor type parsing end.
[91m [1776449547.76266] BSON Message: [0mInside sid parsing
[91m [1776449547.76271] BSON Message: [0mInside temp1 parsing.
[91m [1776449547.76277] Client: [0m---before writing in log upd_msg->seq_no= 251
[91m [1776449547.76282] Client: [0m---before writing in log upd_msg->type= 4
[91m [1776449547.76287] Client: [0m---before writing in log upd_msg->frag_no= 0
[91m [1776449547.76291] Client: [0m---before writing in log upd_msg->reliable= 1
[91m [1776449547.76296] Client: [0m---before writing in log upd_msg->data.sensor_type= 1
[91m [1776449547.76300] Client: [0m---before writing in log upd_msg->data.sid= temp_1
[91m [1776449547.76306] Client: [0m---after writing in log upd_msg->seq_no = 251
[91m [1776449547.76311] Client: [0m---after writing in log upd_msg->data.sensor_type = 1
[91m [1776449547.76315] Client: [0m---after writing in log upd_msg->reliable = 1
[91m [1776449548.76632] BSON Message: [0mInside sensor type parsing.
[91m [1776449548.76643] BSON Message: [0mInside sensor type parsing end.
[91m [1776449548.76647] BSON Message: [0mInside sid parsing
[91m [1776449548.76652] BSON Message: [0mInside temp1 parsing.
[91m [1776449548.76656] Client: [0m---before writing in log upd_msg->seq_no= 252
[91m [1776449548.76661] Client: [0m---before writing in log upd_msg->type= 4
[91m [1776449548.76665] Client: [0m---before writing in log upd_msg->frag_no= 0
[91m [1776449548.76671] Client: [0m---before writing in log upd_msg->reliable= 1
[91m [1776449548.76676] Client: [0m---before writing in log upd_msg->data.sensor_type= 1
[91m [1776449548.76681] Client: [0m---before writing in log upd_msg->data.sid= temp_1
[91m [1776449548.76686] Client: [0m---after writing in log upd_msg->seq_no = 252
[91m [1776449548.76691] Client: [0m---after writing in log upd_msg->data.sensor_type = 1
[91m [1776449548.76696] Client: [0m---after writing in log upd_msg->reliable = 1
[91m [1776449549.78135] BSON Message: [0mInside sensor type parsing.
[91m [1776449549.78152] BSON Message: [0mInside sensor type parsing end.
[91m [1776449549.78157] BSON Message: [0mInside sid parsing
[91m [1776449549.78162] BSON Message: [0mInside temp1 parsing.
[91m [1776449549.78169] Client: [0m---before writing in log upd_msg->seq_no= 253
[91m [1776449549.78173] Client: [0m---before writing in log upd_msg->type= 4
[91m [1776449549.78178] Client: [0m---before writing in log upd_msg->frag_no= 0
[91m [1776449549.78183] Client: [0m---before writing in log upd_msg->reliable= 1
[91m [1776449549.78187] Client: [0m---before writing in log upd_msg->data.sensor_type= 1
[91m [1776449549.78191] Client: [0m---before writing in log upd_msg->data.sid= temp_1
[91m [1776449549.78195] Client: [0m---after writing in log upd_msg->seq_no = 253
[91m [1776449549.78199] Client: [0m---after writing in log upd_msg->data.sensor_type = 1
[91m [1776449549.78203] Client: [0m---after writing in log upd_msg->reliable = 1
[91m [1776449549.323741] BSON Message: [0mInside sensor type parsing.
[91m [1776449549.323815] BSON Message: [0mInside sensor type parsing end.
[91m [1776449549.323822] BSON Message: [0mInside sid parsing
[91m [1776449549.323828] Client: [0m---before writing in log upd_msg->seq_no= 109
[91m [1776449549.323832] Client: [0m---before writing in log upd_msg->type= 4
[91m [1776449549.323835] Client: [0m---before writing in log upd_msg->frag_no= 0
[91m [1776449549.323852] Client: [0m---before writing in log upd_msg->reliable= 1
[91m [1776449549.323863] Client: [0m---before writing in log upd_msg->data.sensor_type= 2
[91m [1776449549.323867] Client: [0m---before writing in log upd_msg->data.sid= device_0
[91m [1776449549.323876] Client: [0m---after writing in log upd_msg->seq_no = 109
[91m [1776449549.323881] Client: [0m---after writing in log upd_msg->data.sensor_type = 2
[91m [1776449549.323885] Client: [0m---after writing in log upd_msg->reliable = 1
[91m [1776449550.79989] BSON Message: [0mInside sensor type parsing.
[91m [1776449550.80005] BSON Message: [0mInside sensor type parsing end.
[91m [1776449550.80010] BSON Message: [0mInside sid parsing
[91m [1776449550.80015] BSON Message: [0mInside temp1 parsing.
[91m [1776449550.80020] Client: [0m---before writing in log upd_msg->seq_no= 254
[91m [1776449550.80025] Client: [0m---before writing in log upd_msg->type= 4
[91m [1776449550.80029] Client: [0m---before writing in log upd_msg->frag_no= 0
[91m [1776449550.80033] Client: [0m---before writing in log upd_msg->reliable= 1
[91m [1776449550.80037] Client: [0m---before writing in log upd_msg->data.sensor_type= 1
[91m [1776449550.80041] Client: [0m---before writing in log upd_msg->data.sid= temp_1
[91m [1776449550.80047] Client: [0m---after writing in log upd_msg->seq_no = 254
[91m [1776449550.80051] Client: [0m---after writing in log upd_msg->data.sensor_type = 1
[91m [1776449550.80055] Client: [0m---after writing in log upd_msg->reliable = 1
[91m [1776449551.77769] BSON Message: [0mInside sensor type parsing.
[91m [1776449551.77783] BSON Message: [0mInside sensor type parsing end.
[91m [1776449551.77791] BSON Message: [0mInside sid parsing
[91m [1776449551.77796] BSON Message: [0mInside temp1 parsing.
[91m [1776449551.77802] Client: [0m---before writing in log upd_msg->seq_no= 255
[91m [1776449551.77807] Client: [0m---before writing in log upd_msg->type= 4
[91m [1776449551.77813] Client: [0m---before writing in log upd_msg->frag_no= 0
[91m [1776449551.77819] Client: [0m---before writing in log upd_msg->reliable= 1
[91m [1776449551.77827] Client: [0m---before writing in log upd_msg->data.sensor_type= 1
[91m [1776449551.77835] Client: [0m---before writing in log upd_msg->data.sid= temp_1
[91m [1776449551.77843] Client: [0m---after writing in log upd_msg->seq_no = 255
[91m [1776449551.77849] Client: [0m---after writing in log upd_msg->data.sensor_type = 1
[91m [1776449551.77856] Client: [0m---after writing in log upd_msg->reliable = 1
[91m [1776449552.77961] BSON Message: [0mInside sensor type parsing.
[91m [1776449552.77972] BSON Message: [0mInside sensor type parsing end.
[91m [1776449552.77976] BSON Message: [0mInside sid parsing
[91m [1776449552.77980] BSON Message: [0mInside temp1 parsing.
[91m [1776449552.77985] Client: [0m---before writing in log upd_msg->seq_no= 256
[91m [1776449552.77989] Client: [0m---before writing in log upd_msg->type= 4
[91m [1776449552.77993] Client: [0m---before writing in log upd_msg->frag_no= 0
[91m [1776449552.77996] Client: [0m---before writing in log upd_msg->reliable= 1
[91m [1776449552.78000] Client: [0m---before writing in log upd_msg->data.sensor_type= 1
[91m [1776449552.78004] Client: [0m---before writing in log upd_msg->data.sid= temp_1
[91m [1776449552.78008] Client: [0m---after writing in log upd_msg->seq_no = 256
[91m [1776449552.78012] Client: [0m---after writing in log upd_msg->data.sensor_type = 1
[91m [1776449552.78017] Client: [0m---after writing in log upd_msg->reliable = 1
[91m [1776449553.78235] BSON Message: [0mInside sensor type parsing.
[91m [1776449553.78251] BSON Message: [0mInside sensor type parsing end.
[91m [1776449553.78256] BSON Message: [0mInside sid parsing
[91m [1776449553.78262] BSON Message: [0mInside temp1 parsing.
[91m [1776449553.78268] Client: [0m---before writing in log upd_msg->seq_no= 257
[91m [1776449553.78273] Client: [0m---before writing in log upd_msg->type= 4
[91m [1776449553.78277] Client: [0m---before writing in log upd_msg->frag_no= 0
[91m [1776449553.78282] Client: [0m---before writing in log upd_msg->reliable= 1
[91m [1776449553.78294] Client: [0m---before writing in log upd_msg->data.sensor_type= 1
[91m [1776449553.78302] Client: [0m---before writing in log upd_msg->data.sid= temp_1
[91m [1776449553.78307] Client: [0m---after writing in log upd_msg->seq_no = 257
[91m [1776449553.78311] Client: [0m---after writing in log upd_msg->data.sensor_type = 1
[91m [1776449553.78316] Client: [0m---after writing in log upd_msg->reliable = 1
[91m [1776449553.371533] BSON Message: [0mInside sensor type parsing.
[91m [1776449553.371542] BSON Message: [0mInside sensor type parsing end.
[91m [1776449553.371546] BSON Message: [0mInside sid parsing
[91m [1776449553.371550] Client: [0m---before writing in log upd_msg->seq_no= 110
[91m [1776449553.371554] Client: [0m---before writing in log upd_msg->type= 4
[91m [1776449553.371559] Client: [0m---before writing in log upd_msg->frag_no= 0
[91m [1776449553.371564] Client: [0m---before writing in log upd_msg->reliable= 1
[91m [1776449553.371568] Client: [0m---before writing in log upd_msg->data.sensor_type= 2
[91m [1776449553.371573] Client: [0m---before writing in log upd_msg->data.sid= device_0
[91m [1776449553.371579] Client: [0m---after writing in log upd_msg->seq_no = 110
[91m [1776449553.371584] Client: [0m---after writing in log upd_msg->data.sensor_type = 2
[91m [1776449553.371588] Client: [0m---after writing in log upd_msg->reliable = 1
[91m [1776449553.846649] BSON Message: [0mInside sensor type parsing.
[91m [1776449553.846658] BSON Message: [0mInside sensor type parsing end.
[91m [1776449553.846662] BSON Message: [0mInside sid parsing
[91m [1776449553.846668] Client: [0m---before writing in log upd_msg->seq_no= 111
[91m [1776449553.846673] Client: [0m---before writing in log upd_msg->type= 4
[91m [1776449553.846678] Client: [0m---before writing in log upd_msg->frag_no= 0
[91m [1776449553.846683] Client: [0m---before writing in log upd_msg->reliable= 1
[91m [1776449553.846688] Client: [0m---before writing in log upd_msg->data.sensor_type= 2
[91m [1776449553.846692] Client: [0m---before writing in log upd_msg->data.sid= device_0
[91m [1776449553.846698] Client: [0m---after writing in log upd_msg->seq_no = 111
[91m [1776449553.846702] Client: [0m---after writing in log upd_msg->data.sensor_type = 2
[91m [1776449553.846707] Client: [0m---after writing in log upd_msg->reliable = 1
[91m [1776449554.78395] BSON Message: [0mInside sensor type parsing.
[91m [1776449554.78406] BSON Message: [0mInside sensor type parsing end.
[91m [1776449554.78411] BSON Message: [0mInside sid parsing
[91m [1776449554.78415] BSON Message: [0mInside temp1 parsing.
[91m [1776449554.78420] Client: [0m---before writing in log upd_msg->seq_no= 258
[91m [1776449554.78424] Client: [0m---before writing in log upd_msg->type= 4
[91m [1776449554.78428] Client: [0m---before writing in log upd_msg->frag_no= 0
[91m [1776449554.78432] Client: [0m---before writing in log upd_msg->reliable= 1
[91m [1776449554.78436] Client: [0m---before writing in log upd_msg->data.sensor_type= 1
[91m [1776449554.78439] Client: [0m---before writing in log upd_msg->data.sid= temp_1
[91m [1776449554.78444] Client: [0m---after writing in log upd_msg->seq_no = 258
[91m [1776449554.78448] Client: [0m---after writing in log upd_msg->data.sensor_type = 1
[91m [1776449554.78452] Client: [0m---after writing in log upd_msg->reliable = 1
[91m [1776449554.732610] BSON Message: [0mInside sensor type parsing.
[91m [1776449554.732620] BSON Message: [0mInside sensor type parsing end.
[91m [1776449554.732625] BSON Message: [0mInside sid parsing
[91m [1776449554.732631] BSON Message: [0mInside gps1 parsing.
[91m [1776449554.732637] Client: [0m---before writing in log upd_msg->seq_no= 26
[91m [1776449554.732642] Client: [0m---before writing in log upd_msg->type= 4
[91m [1776449554.732645] Client: [0m---before writing in log upd_msg->frag_no= 0
[91m [1776449554.732649] Client: [0m---before writing in log upd_msg->reliable= 1
[91m [1776449554.732658] Client: [0m---before writing in log upd_msg->data.sensor_type= 3
[91m [1776449554.732662] Client: [0m---before writing in log upd_msg->data.sid= gps_2
[91m [1776449554.732669] Client: [0m---after writing in log upd_msg->seq_no = 26
[91m [1776449554.732673] Client: [0m---after writing in log upd_msg->data.sensor_type = 3
[91m [1776449554.732677] Client: [0m---after writing in log upd_msg->reliable = 1
[91m [1776449555.79382] BSON Message: [0mInside sensor type parsing.
[91m [1776449555.79393] BSON Message: [0mInside sensor type parsing end.
[91m [1776449555.79398] BSON Message: [0mInside sid parsing
[91m [1776449555.79403] BSON Message: [0mInside temp1 parsing.
[91m [1776449555.79408] Client: [0m---before writing in log upd_msg->seq_no= 259
[91m [1776449555.79412] Client: [0m---before writing in log upd_msg->type= 4
[91m [1776449555.79416] Client: [0m---before writing in log upd_msg->frag_no= 0
[91m [1776449555.79420] Client: [0m---before writing in log upd_msg->reliable= 1
[91m [1776449555.79424] Client: [0m---before writing in log upd_msg->data.sensor_type= 1
[91m [1776449555.79428] Client: [0m---before writing in log upd_msg->data.sid= temp_1
[91m [1776449555.79433] Client: [0m---after writing in log upd_msg->seq_no = 259
[91m [1776449555.79437] Client: [0m---after writing in log upd_msg->data.sensor_type = 1
[91m [1776449555.79441] Client: [0m---after writing in log upd_msg->reliable = 1
[91m [1776449555.740398] BSON Message: [0mInside sensor type parsing.
[91m [1776449555.740406] BSON Message: [0mInside sensor type parsing end.
[91m [1776449555.740410] BSON Message: [0mInside sid parsing
[91m [1776449555.740414] Client: [0m---before writing in log upd_msg->seq_no= 112
[91m [1776449555.740417] Client: [0m---before writing in log upd_msg->type= 4
[91m [1776449555.740420] Client: [0m---before writing in log upd_msg->frag_no= 0
[91m [1776449555.740423] Client: [0m---before writing in log upd_msg->reliable= 0
[91m [1776449555.740426] Client: [0m---before writing in log upd_msg->data.sensor_type= 2
[91m [1776449555.740429] Client: [0m---before writing in log upd_msg->data.sid= device_0
[91m [1776449555.740433] Client: [0m---after writing in log upd_msg->seq_no = 112
[91m [1776449555.740436] Client: [0m---after writing in log upd_msg->data.sensor_type = 2
[91m [1776449555.740440] Client: [0m---after writing in log upd_msg->reliable = 0
[91m [1776449556.79034] BSON Message: [0mInside sensor type parsing.
[91m [1776449556.79046] BSON Message: [0mInside sensor type parsing end.
[91m [1776449556.79051] BSON Message: [0mInside sid parsing
[91m [1776449556.79055] BSON Message: [0mInside temp1 parsing.
[91m [1776449556.79060] Client: [0m---before writing in log upd_msg->seq_no= 260
[91m [1776449556.79064] Client: [0m---before writing in log upd_msg->type= 4
[91m [1776449556.79068] Client: [0m---before writing in log upd_msg->frag_no= 0
[91m [1776449556.79072] Client: [0m---before writing in log upd_msg->reliable= 1
[91m [1776449556.79076] Client: [0m---before writing in log upd_msg->data.sensor_type= 1
[91m [1776449556.79080] Client: [0m---before writing in log upd_msg->data.sid= temp_1
[91m [1776449556.79085] Client: [0m---after writing in log upd_msg->seq_no = 260
[91m [1776449556.79089] Client: [0m---after writing in log upd_msg->data.sensor_type = 1
[91m [1776449556.79092] Client: [0m---after writing in log upd_msg->reliable = 1
[91m [1776449557.80688] BSON Message: [0mInside sensor type parsing.
[91m [1776449557.80700] BSON Message: [0mInside sensor type parsing end.
[91m [1776449557.80704] BSON Message: [0mInside sid parsing
[91m [1776449557.80709] BSON Message: [0mInside temp1 parsing.
[91m [1776449557.80714] Client: [0m---before writing in log upd_msg->seq_no= 261
[91m [1776449557.80719] Client: [0m---before writing in log upd_msg->type= 4
[91m [1776449557.80723] Client: [0m---before writing in log upd_msg->frag_no= 0
[91m [1776449557.80726] Client: [0m---before writing in log upd_msg->reliable= 1
[91m [1776449557.80734] Client: [0m---before writing in log upd_msg->data.sensor_type= 1
[91m [1776449557.80738] Client: [0m---before writing in log upd_msg->data.sid= temp_1
[91m [1776449557.80743] Client: [0m---after writing in log upd_msg->seq_no = 261
[91m [1776449557.80748] Client: [0m---after writing in log upd_msg->data.sensor_type = 1
[91m [1776449557.80752] Client: [0m---after writing in log upd_msg->reliable = 1
[91m [1776449557.312258] BSON Message: [0mInside sensor type parsing.
[91m [1776449557.312271] BSON Message: [0mInside sensor type parsing end.
[91m [1776449557.312277] BSON Message: [0mInside sid parsing
[91m [1776449557.312284] Client: [0m---before writing in log upd_msg->seq_no= 113
[91m [1776449557.312289] Client: [0m---before writing in log upd_msg->type= 4
[91m [1776449557.312295] Client: [0m---before writing in log upd_msg->frag_no= 0
[91m [1776449557.312300] Client: [0m---before writing in log upd_msg->reliable= 1
[91m [1776449557.312305] Client: [0m---before writing in log upd_msg->data.sensor_type= 2
[91m [1776449557.312310] Client: [0m---before writing in log upd_msg->data.sid= device_0
[91m [1776449557.312316] Client: [0m---after writing in log upd_msg->seq_no = 113
[91m [1776449557.312319] Client: [0m---after writing in log upd_msg->data.sensor_type = 2
[91m [1776449557.312324] Client: [0m---after writing in log upd_msg->reliable = 1
[91m [1776449558.79743] BSON Message: [0mInside sensor type parsing.
[91m [1776449558.79756] BSON Message: [0mInside sensor type parsing end.
[91m [1776449558.79762] BSON Message: [0mInside sid parsing
[91m [1776449558.79767] BSON Message: [0mInside temp1 parsing.
[91m [1776449558.79773] Client: [0m---before writing in log upd_msg->seq_no= 262
[91m [1776449558.79778] Client: [0m---before writing in log upd_msg->type= 4
[91m [1776449558.79783] Client: [0m---before writing in log upd_msg->frag_no= 0
[91m [1776449558.79787] Client: [0m---before writing in log upd_msg->reliable= 1
[91m [1776449558.79792] Client: [0m---before writing in log upd_msg->data.sensor_type= 1
[91m [1776449558.79796] Client: [0m---before writing in log upd_msg->data.sid= temp_1
[91m [1776449558.79802] Client: [0m---after writing in log upd_msg->seq_no = 262
[91m [1776449558.79806] Client: [0m---after writing in log upd_msg->data.sensor_type = 1
[91m [1776449558.79811] Client: [0m---after writing in log upd_msg->reliable = 1
[91m [1776449559.79789] BSON Message: [0mInside sensor type parsing.
[91m [1776449559.79799] BSON Message: [0mInside sensor type parsing end.
[91m [1776449559.79804] BSON Message: [0mInside sid parsing
[91m [1776449559.79809] BSON Message: [0mInside temp1 parsing.
[91m [1776449559.79814] Client: [0m---before writing in log upd_msg->seq_no= 263
[91m [1776449559.79818] Client: [0m---before writing in log upd_msg->type= 4
[91m [1776449559.79822] Client: [0m---before writing in log upd_msg->frag_no= 0
[91m [1776449559.79826] Client: [0m---before writing in log upd_msg->reliable= 1
[91m [1776449559.79830] Client: [0m---before writing in log upd_msg->data.sensor_type= 1
[91m [1776449559.79833] Client: [0m---before writing in log upd_msg->data.sid= temp_1
[91m [1776449559.79839] Client: [0m---after writing in log upd_msg->seq_no = 263
[91m [1776449559.79843] Client: [0m---after writing in log upd_msg->data.sensor_type = 1
[91m [1776449559.79847] Client: [0m---after writing in log upd_msg->reliable = 1
[91m [1776449559.945049] BSON Message: [0mInside sensor type parsing.
[91m [1776449559.945062] BSON Message: [0mInside sensor type parsing end.
[91m [1776449559.945068] BSON Message: [0mInside sid parsing
[91m [1776449559.945076] Client: [0m---before writing in log upd_msg->seq_no= 114
[91m [1776449559.945082] Client: [0m---before writing in log upd_msg->type= 4
[91m [1776449559.945086] Client: [0m---before writing in log upd_msg->frag_no= 0
[91m [1776449559.945090] Client: [0m---before writing in log upd_msg->reliable= 1
[91m [1776449559.945093] Client: [0m---before writing in log upd_msg->data.sensor_type= 2
[91m [1776449559.945102] Client: [0m---before writing in log upd_msg->data.sid= device_0
[91m [1776449559.945107] Client: [0m---after writing in log upd_msg->seq_no = 114
[91m [1776449559.945111] Client: [0m---after writing in log upd_msg->data.sensor_type = 2
[91m [1776449559.945114] Client: [0m---after writing in log upd_msg->reliable = 1
[91m [1776449560.81201] BSON Message: [0mInside sensor type parsing.
[91m [1776449560.81216] BSON Message: [0mInside sensor type parsing end.
[91m [1776449560.81221] BSON Message: [0mInside sid parsing
[91m [1776449560.81227] BSON Message: [0mInside temp1 parsing.
[91m [1776449560.81237] Client: [0m---before writing in log upd_msg->seq_no= 264
[91m [1776449560.81242] Client: [0m---before writing in log upd_msg->type= 4
[91m [1776449560.81247] Client: [0m---before writing in log upd_msg->frag_no= 0
[91m [1776449560.81252] Client: [0m---before writing in log upd_msg->reliable= 1
[91m [1776449560.81256] Client: [0m---before writing in log upd_msg->data.sensor_type= 1
[91m [1776449560.81261] Client: [0m---before writing in log upd_msg->data.sid= temp_1
[91m [1776449560.81267] Client: [0m---after writing in log upd_msg->seq_no = 264
[91m [1776449560.81271] Client: [0m---after writing in log upd_msg->data.sensor_type = 1
[91m [1776449560.81276] Client: [0m---after writing in log upd_msg->reliable = 1
[91m [1776449561.33998] BSON Message: [0mInside sensor type parsing.
[91m [1776449561.34010] BSON Message: [0mInside sensor type parsing end.
[91m [1776449561.34014] BSON Message: [0mInside sid parsing
[91m [1776449561.34018] Client: [0m---before writing in log upd_msg->seq_no= 115
[91m [1776449561.34022] Client: [0m---before writing in log upd_msg->type= 4
[91m [1776449561.34025] Client: [0m---before writing in log upd_msg->frag_no= 0
[91m [1776449561.34029] Client: [0m---before writing in log upd_msg->reliable= 1
[91m [1776449561.34032] Client: [0m---before writing in log upd_msg->data.sensor_type= 2
[91m [1776449561.34036] Client: [0m---before writing in log upd_msg->data.sid= device_0
[91m [1776449561.34040] Client: [0m---after writing in log upd_msg->seq_no = 115
[91m [1776449561.34043] Client: [0m---after writing in log upd_msg->data.sensor_type = 2
[91m [1776449561.34047] Client: [0m---after writing in log upd_msg->reliable = 1
[91m [1776449561.80720] BSON Message: [0mInside sensor type parsing.
[91m [1776449561.80732] BSON Message: [0mInside sensor type parsing end.
[91m [1776449561.80737] BSON Message: [0mInside sid parsing
[91m [1776449561.80742] BSON Message: [0mInside temp1 parsing.
[91m [1776449561.80748] Client: [0m---before writing in log upd_msg->seq_no= 265
[91m [1776449561.80753] Client: [0m---before writing in log upd_msg->type= 4
[91m [1776449561.80757] Client: [0m---before writing in log upd_msg->frag_no= 0
[91m [1776449561.80762] Client: [0m---before writing in log upd_msg->reliable= 1
[91m [1776449561.80768] Client: [0m---before writing in log upd_msg->data.sensor_type= 1
[91m [1776449561.80772] Client: [0m---before writing in log upd_msg->data.sid= temp_1
[91m [1776449561.80777] Client: [0m---after writing in log upd_msg->seq_no = 265
[91m [1776449561.80781] Client: [0m---after writing in log upd_msg->data.sensor_type = 1
[91m [1776449561.80784] Client: [0m---after writing in log upd_msg->reliable = 1
[91m [1776449562.81745] BSON Message: [0mInside sensor type parsing.
[91m [1776449562.81756] BSON Message: [0mInside sensor type parsing end.
[91m [1776449562.81760] BSON Message: [0mInside sid parsing
[91m [1776449562.81765] BSON Message: [0mInside temp1 parsing.
[91m [1776449562.81770] Client: [0m---before writing in log upd_msg->seq_no= 266
[91m [1776449562.81774] Client: [0m---before writing in log upd_msg->type= 4
[91m [1776449562.81777] Client: [0m---before writing in log upd_msg->frag_no= 0
[91m [1776449562.81781] Client: [0m---before writing in log upd_msg->reliable= 1
[91m [1776449562.81785] Client: [0m---before writing in log upd_msg->data.sensor_type= 1
[91m [1776449562.81794] Client: [0m---before writing in log upd_msg->data.sid= temp_1
[91m [1776449562.81798] Client: [0m---after writing in log upd_msg->seq_no = 266
[91m [1776449562.81802] Client: [0m---after writing in log upd_msg->data.sensor_type = 1
[91m [1776449562.81806] Client: [0m---after writing in log upd_msg->reliable = 1
[91m [1776449563.29214] BSON Message: [0mInside sensor type parsing.
[91m [1776449563.29229] BSON Message: [0mInside sensor type parsing end.
[91m [1776449563.29235] BSON Message: [0mInside sid parsing
[91m [1776449563.29241] BSON Message: [0mInside gps1 parsing.
[91m [1776449563.29248] Client: [0m---before writing in log upd_msg->seq_no= 27
[91m [1776449563.29254] Client: [0m---before writing in log upd_msg->type= 4
[91m [1776449563.29259] Client: [0m---before writing in log upd_msg->frag_no= 0
[91m [1776449563.29264] Client: [0m---before writing in log upd_msg->reliable= 1
[91m [1776449563.29270] Client: [0m---before writing in log upd_msg->data.sensor_type= 3
[91m [1776449563.29275] Client: [0m---before writing in log upd_msg->data.sid= gps_2
[91m [1776449563.29283] Client: [0m---after writing in log upd_msg->seq_no = 27
[91m [1776449563.29289] Client: [0m---after writing in log upd_msg->data.sensor_type = 3
[91m [1776449563.29294] Client: [0m---after writing in log upd_msg->reliable = 1
[91m [1776449563.81446] BSON Message: [0mInside sensor type parsing.
[91m [1776449563.81454] BSON Message: [0mInside sensor type parsing end.
[91m [1776449563.81460] BSON Message: [0mInside sid parsing
[91m [1776449563.81465] BSON Message: [0mInside temp1 parsing.
[91m [1776449563.81471] Client: [0m---before writing in log upd_msg->seq_no= 267
[91m [1776449563.81477] Client: [0m---before writing in log upd_msg->type= 4
[91m [1776449563.81480] Client: [0m---before writing in log upd_msg->frag_no= 0
[91m [1776449563.81484] Client: [0m---before writing in log upd_msg->reliable= 1
[91m [1776449563.81487] Client: [0m---before writing in log upd_msg->data.sensor_type= 1
[91m [1776449563.81490] Client: [0m---before writing in log upd_msg->data.sid= temp_1
[91m [1776449563.81495] Client: [0m---after writing in log upd_msg->seq_no = 267
[91m [1776449563.81499] Client: [0m---after writing in log upd_msg->data.sensor_type = 1
[91m [1776449563.81503] Client: [0m---after writing in log upd_msg->reliable = 1
[91m [1776449564.81935] BSON Message: [0mInside sensor type parsing.
[91m [1776449564.81946] BSON Message: [0mInside sensor type parsing end.
[91m [1776449564.81951] BSON Message: [0mInside sid parsing
[91m [1776449564.81956] BSON Message: [0mInside temp1 parsing.
[91m [1776449564.81961] Client: [0m---before writing in log upd_msg->seq_no= 268
[91m [1776449564.81966] Client: [0m---before writing in log upd_msg->type= 4
[91m [1776449564.81970] Client: [0m---before writing in log upd_msg->frag_no= 0
[91m [1776449564.81975] Client: [0m---before writing in log upd_msg->reliable= 1
[91m [1776449564.81979] Client: [0m---before writing in log upd_msg->data.sensor_type= 1
[91m [1776449564.81983] Client: [0m---before writing in log upd_msg->data.sid= temp_1
[91m [1776449564.81989] Client: [0m---after writing in log upd_msg->seq_no = 268
[91m [1776449564.81994] Client: [0m---after writing in log upd_msg->data.sensor_type = 1
[91m [1776449564.81998] Client: [0m---after writing in log upd_msg->reliable = 1
[91m [1776449564.217879] BSON Message: [0mInside sensor type parsing.
[91m [1776449564.217893] BSON Message: [0mInside sensor type parsing end.
[91m [1776449564.217898] BSON Message: [0mInside sid parsing
[91m [1776449564.217904] Client: [0m---before writing in log upd_msg->seq_no= 116
[91m [1776449564.217909] Client: [0m---before writing in log upd_msg->type= 4
[91m [1776449564.217914] Client: [0m---before writing in log upd_msg->frag_no= 0
[91m [1776449564.217931] Client: [0m---before writing in log upd_msg->reliable= 1
[91m [1776449564.217935] Client: [0m---before writing in log upd_msg->data.sensor_type= 2
[91m [1776449564.217946] Client: [0m---before writing in log upd_msg->data.sid= device_0
[91m [1776449564.217952] Client: [0m---after writing in log upd_msg->seq_no = 116
[91m [1776449564.217957] Client: [0m---after writing in log upd_msg->data.sensor_type = 2
[91m [1776449564.217962] Client: [0m---after writing in log upd_msg->reliable = 1
[91m [1776449565.82174] BSON Message: [0mInside sensor type parsing.
[91m [1776449565.82188] BSON Message: [0mInside sensor type parsing end.
[91m [1776449565.82195] BSON Message: [0mInside sid parsing
[91m [1776449565.82203] BSON Message: [0mInside temp1 parsing.
[91m [1776449565.82211] Client: [0m---before writing in log upd_msg->seq_no= 269
[91m [1776449565.82219] Client: [0m---before writing in log upd_msg->type= 4
[91m [1776449565.82227] Client: [0m---before writing in log upd_msg->frag_no= 0
[91m [1776449565.82236] Client: [0m---before writing in log upd_msg->reliable= 1
[91m [1776449565.82245] Client: [0m---before writing in log upd_msg->data.sensor_type= 1
[91m [1776449565.82252] Client: [0m---before writing in log upd_msg->data.sid= temp_1
[91m [1776449565.82259] Client: [0m---after writing in log upd_msg->seq_no = 269
[91m [1776449565.82268] Client: [0m---after writing in log upd_msg->data.sensor_type = 1
[91m [1776449565.82276] Client: [0m---after writing in log upd_msg->reliable = 1
[91m [1776449566.82701] BSON Message: [0mInside sensor type parsing.
[91m [1776449566.82717] BSON Message: [0mInside sensor type parsing end.
[91m [1776449566.82726] BSON Message: [0mInside sid parsing
[91m [1776449566.82736] BSON Message: [0mInside temp1 parsing.
[91m [1776449566.82745] Client: [0m---before writing in log upd_msg->seq_no= 270
[91m [1776449566.82754] Client: [0m---before writing in log upd_msg->type= 4
[91m [1776449566.82762] Client: [0m---before writing in log upd_msg->frag_no= 0
[91m [1776449566.82770] Client: [0m---before writing in log upd_msg->reliable= 1
[91m [1776449566.82780] Client: [0m---before writing in log upd_msg->data.sensor_type= 1
[91m [1776449566.82788] Client: [0m---before writing in log upd_msg->data.sid= temp_1
[91m [1776449566.82799] Client: [0m---after writing in log upd_msg->seq_no = 270
[91m [1776449566.82808] Client: [0m---after writing in log upd_msg->data.sensor_type = 1
[91m [1776449566.82817] Client: [0m---after writing in log upd_msg->reliable = 1
[91m [1776449567.82585] BSON Message: [0mInside sensor type parsing.
[91m [1776449567.82599] BSON Message: [0mInside sensor type parsing end.
[91m [1776449567.82606] BSON Message: [0mInside sid parsing
[91m [1776449567.82614] BSON Message: [0mInside temp1 parsing.
[91m [1776449567.82623] Client: [0m---before writing in log upd_msg->seq_no= 271
[91m [1776449567.82630] Client: [0m---before writing in log upd_msg->type= 4
[91m [1776449567.82637] Client: [0m---before writing in log upd_msg->frag_no= 0
[91m [1776449567.82645] Client: [0m---before writing in log upd_msg->reliable= 1
[91m [1776449567.82652] Client: [0m---before writing in log upd_msg->data.sensor_type= 1
[91m [1776449567.82659] Client: [0m---before writing in log upd_msg->data.sid= temp_1
[91m [1776449567.82668] Client: [0m---after writing in log upd_msg->seq_no = 271
[91m [1776449567.82675] Client: [0m---after writing in log upd_msg->data.sensor_type = 1
[91m [1776449567.82682] Client: [0m---after writing in log upd_msg->reliable = 1
[91m [1776449567.251740] BSON Message: [0mInside sensor type parsing.
[91m [1776449567.251753] BSON Message: [0mInside sensor type parsing end.
[91m [1776449567.251761] BSON Message: [0mInside sid parsing
[91m [1776449567.251768] BSON Message: [0mInside gps1 parsing.
[91m [1776449567.251777] Client: [0m---before writing in log upd_msg->seq_no= 28
[91m [1776449567.251784] Client: [0m---before writing in log upd_msg->type= 4
[91m [1776449567.251791] Client: [0m---before writing in log upd_msg->frag_no= 0
[91m [1776449567.251798] Client: [0m---before writing in log upd_msg->reliable= 1
[91m [1776449567.251805] Client: [0m---before writing in log upd_msg->data.sensor_type= 3
[91m [1776449567.251816] Client: [0m---before writing in log upd_msg->data.sid= gps_2
[91m [1776449567.251823] Client: [0m---after writing in log upd_msg->seq_no = 28
[91m [1776449567.251827] Client: [0m---after writing in log upd_msg->data.sensor_type = 3
[91m [1776449567.251832] Client: [0m---after writing in log upd_msg->reliable = 1
[91m [1776449568.54471] BSON Message: [0mInside sensor type parsing.
[91m [1776449568.54481] BSON Message: [0mInside sensor type parsing end.
[91m [1776449568.54487] BSON Message: [0mInside sid parsing
[91m [1776449568.54492] Client: [0m---before writing in log upd_msg->seq_no= 117
[91m [1776449568.54497] Client: [0m---before writing in log upd_msg->type= 4
[91m [1776449568.54501] Client: [0m---before writing in log upd_msg->frag_no= 0
[91m [1776449568.54506] Client: [0m---before writing in log upd_msg->reliable= 1
[91m [1776449568.54511] Client: [0m---before writing in log upd_msg->data.sensor_type= 2
[91m [1776449568.54517] Client: [0m---before writing in log upd_msg->data.sid= device_0
[91m [1776449568.54524] Client: [0m---after writing in log upd_msg->seq_no = 117
[91m [1776449568.54529] Client: [0m---after writing in log upd_msg->data.sensor_type = 2
[91m [1776449568.54533] Client: [0m---after writing in log upd_msg->reliable = 1
[91m [1776449568.82930] BSON Message: [0mInside sensor type parsing.
[91m [1776449568.82943] BSON Message: [0mInside sensor type parsing end.
[91m [1776449568.82948] BSON Message: [0mInside sid parsing
[91m [1776449568.82953] BSON Message: [0mInside temp1 parsing.
[91m [1776449568.82959] Client: [0m---before writing in log upd_msg->seq_no= 272
[91m [1776449568.82964] Client: [0m---before writing in log upd_msg->type= 4
[91m [1776449568.82969] Client: [0m---before writing in log upd_msg->frag_no= 0
[91m [1776449568.82973] Client: [0m---before writing in log upd_msg->reliable= 1
[91m [1776449568.82978] Client: [0m---before writing in log upd_msg->data.sensor_type= 1
[91m [1776449568.82983] Client: [0m---before writing in log upd_msg->data.sid= temp_1
[91m [1776449568.82989] Client: [0m---after writing in log upd_msg->seq_no = 272
[91m [1776449568.82993] Client: [0m---after writing in log upd_msg->data.sensor_type = 1
[91m [1776449568.82998] Client: [0m---after writing in log upd_msg->reliable = 1
[91m [1776449569.84299] BSON Message: [0mInside sensor type parsing.
[91m [1776449569.84308] BSON Message: [0mInside sensor type parsing end.
[91m [1776449569.84313] BSON Message: [0mInside sid parsing
[91m [1776449569.84317] BSON Message: [0mInside temp1 parsing.
[91m [1776449569.84322] Client: [0m---before writing in log upd_msg->seq_no= 273
[91m [1776449569.84326] Client: [0m---before writing in log upd_msg->type= 4
[91m [1776449569.84329] Client: [0m---before writing in log upd_msg->frag_no= 0
[91m [1776449569.84333] Client: [0m---before writing in log upd_msg->reliable= 1
[91m [1776449569.84337] Client: [0m---before writing in log upd_msg->data.sensor_type= 1
[91m [1776449569.84341] Client: [0m---before writing in log upd_msg->data.sid= temp_1
[91m [1776449569.84347] Client: [0m---after writing in log upd_msg->seq_no = 273
[91m [1776449569.84352] Client: [0m---after writing in log upd_msg->data.sensor_type = 1
[91m [1776449569.84356] Client: [0m---after writing in log upd_msg->reliable = 1
[91m [1776449570.83631] BSON Message: [0mInside sensor type parsing.
[91m [1776449570.83641] BSON Message: [0mInside sensor type parsing end.
[91m [1776449570.83647] BSON Message: [0mInside sid parsing
[91m [1776449570.83652] BSON Message: [0mInside temp1 parsing.
[91m [1776449570.83659] Client: [0m---before writing in log upd_msg->seq_no= 274
[91m [1776449570.83664] Client: [0m---before writing in log upd_msg->type= 4
[91m [1776449570.83669] Client: [0m---before writing in log upd_msg->frag_no= 0
[91m [1776449570.83673] Client: [0m---before writing in log upd_msg->reliable= 1
[91m [1776449570.83677] Client: [0m---before writing in log upd_msg->data.sensor_type= 1
[91m [1776449570.83688] Client: [0m---before writing in log upd_msg->data.sid= temp_1
[91m [1776449570.83694] Client: [0m---after writing in log upd_msg->seq_no = 274
[91m [1776449570.83698] Client: [0m---after writing in log upd_msg->data.sensor_type = 1
[91m [1776449570.83703] Client: [0m---after writing in log upd_msg->reliable = 1
[91m [1776449571.84247] BSON Message: [0mInside sensor type parsing.
[91m [1776449571.84260] BSON Message: [0mInside sensor type parsing end.
[91m [1776449571.84266] BSON Message: [0mInside sid parsing
[91m [1776449571.84272] BSON Message: [0mInside temp1 parsing.
[91m [1776449571.84279] Client: [0m---before writing in log upd_msg->seq_no= 275
[91m [1776449571.84285] Client: [0m---before writing in log upd_msg->type= 4
[91m [1776449571.84291] Client: [0m---before writing in log upd_msg->frag_no= 0
[91m [1776449571.84297] Client: [0m---before writing in log upd_msg->reliable= 1
[91m [1776449571.84303] Client: [0m---before writing in log upd_msg->data.sensor_type= 1
[91m [1776449571.84310] Client: [0m---before writing in log upd_msg->data.sid= temp_1
[91m [1776449571.84316] Client: [0m---after writing in log upd_msg->seq_no = 275
[91m [1776449571.84320] Client: [0m---after writing in log upd_msg->data.sensor_type = 1
[91m [1776449571.84324] Client: [0m---after writing in log upd_msg->reliable = 1
[91m [1776449571.237708] BSON Message: [0mInside sensor type parsing.
[91m [1776449571.237722] BSON Message: [0mInside sensor type parsing end.
[91m [1776449571.237729] BSON Message: [0mInside sid parsing
[91m [1776449571.237737] Client: [0m---before writing in log upd_msg->seq_no= 118
[91m [1776449571.237742] Client: [0m---before writing in log upd_msg->type= 4
[91m [1776449571.237748] Client: [0m---before writing in log upd_msg->frag_no= 0
[91m [1776449571.237754] Client: [0m---before writing in log upd_msg->reliable= 1
[91m [1776449571.237760] Client: [0m---before writing in log upd_msg->data.sensor_type= 2
[91m [1776449571.237766] Client: [0m---before writing in log upd_msg->data.sid= device_0
[91m [1776449571.237772] Client: [0m---after writing in log upd_msg->seq_no = 118
[91m [1776449571.237778] Client: [0m---after writing in log upd_msg->data.sensor_type = 2
[91m [1776449571.237783] Client: [0m---after writing in log upd_msg->reliable = 1
[91m [1776449572.84253] BSON Message: [0mInside sensor type parsing.
[91m [1776449572.84262] BSON Message: [0mInside sensor type parsing end.
[91m [1776449572.84266] BSON Message: [0mInside sid parsing
[91m [1776449572.84270] BSON Message: [0mInside temp1 parsing.
[91m [1776449572.84275] Client: [0m---before writing in log upd_msg->seq_no= 276
[91m [1776449572.84279] Client: [0m---before writing in log upd_msg->type= 4
[91m [1776449572.84284] Client: [0m---before writing in log upd_msg->frag_no= 0
[91m [1776449572.84289] Client: [0m---before writing in log upd_msg->reliable= 1
[91m [1776449572.84293] Client: [0m---before writing in log upd_msg->data.sensor_type= 1
[91m [1776449572.84296] Client: [0m---before writing in log upd_msg->data.sid= temp_1
[91m [1776449572.84302] Client: [0m---after writing in log upd_msg->seq_no = 276
[91m [1776449572.84307] Client: [0m---after writing in log upd_msg->data.sensor_type = 1
[91m [1776449572.84310] Client: [0m---after writing in log upd_msg->reliable = 1
[91m [1776449573.84439] BSON Message: [0mInside sensor type parsing.
[91m [1776449573.84450] BSON Message: [0mInside sensor type parsing end.
[91m [1776449573.84455] BSON Message: [0mInside sid parsing
[91m [1776449573.84460] BSON Message: [0mInside temp1 parsing.
---Update message arrived------------ 1
Got a message from the server.
Message type is 4
---------Update message arrived------------ 1
Got a message from the server.
Message type is 4
---------Update message arrived------------ 1
Got a message from the server.
Message type is 4
---------Update message arrived------------ 1
Got a message from the server.
Message type is 4
---------Update message arrived------------ 1
Got a message from the server.
Message type is 4
---------Update message arrived------------ 1
Got a message from the server.
Message type is 4
---------Update message arrived------------ 1
Got a message from the server.
Message type is 4
---------Update message arrived------------ 1
Got a message from the server.
Message type is 4
---------Update message arrived------------ 1
Got a message from the server.
Message type is 4
---------Update message arrived------------ 1
Got a message from the server.
Message type is 4
---------Update message arrived------------ 1
Got a message from the server.
Message type is 4
---------Update message arrived------------ 1
Got a message from the server.
Message type is 4
---------Update message arrived------------ 1
Got a message from the server.
Message type is 4
---------Update message arrived------------ 1
Got a message from the server.
Message type is 4
---------Update message arrived------------ 1
Got a message from the server.
Message type is 4
---------Update message arrived------------ 1
Got a message from the server.
Message type is 4
---------Update message arrived------------ 1
Got a message from the server.
Message type is 4
---------Update message arrived------------ 1
Got a message from the server.
Message type is 4
---------Update message arrived------------ 1
Got a message from the server.
Message type is 4
---------Update message arrived------------ 1
Got a message from the server.
Message type is 4
---------Update message arrived------------ 1
Got a message from the server.
Message type is 4
---------Update message arrived------------ 1
Got a message from the server.
Message type is 4
---------Update message arrived------------ 1
Got a message from the server.
Message type is 4
---------Update message arrived------------ 1
Got a message from the server.
Message type is 4
---------Update message arrived------------ 1
Got a message from the server.
Message type is 4
---------Update message arrived------------ 1
Got a message from the server.
Message type is 4
---------Update message arrived------------ 1
Got a message from the server.
Message type is 4
---------Update message arrived------------ 1
Got a message from the server.
Message type is 4
---------Update message arrived------------ 1
Got a message from the server.
Message type is 4
---------Update message arrived------------ 1
Got a message from the server.
Message type is 4
---------Update message arrived------------ 1
Got a message from the server.
Message type is 4
---------Update message arrived------------ 1
Got a message from the server.
Message type is 4
---------Update message arrived------------ 1
Got a message from the server.
Message type is 4
---------Update message arrived------------ 1
Got a message from the server.
Message type is 4
---------Update message arrived------------ 1
Got a message from the server.
Message type is 4
---------Update message arrived------------ 1
Got a message from the server.
Message type is 4
---------Update message arrived------------ 1
Got a message from the server.
Message type is 4
---------Update message arrived------------ 1
Got a message from the server.
Message type is 4
---------Update message arrived------------ 1
Got a message from the server.
Message type is 4
---------Update message arrived------------ 1
Got a message from the server.
Message type is 4
---------Update message arrived------------ 1
Got a message from the server.
Message type is 4
---------Update message arrived------------ 1
Got a message from the server.
Message type is 4
---------Update message arrived------------ 1
Got a message from the server.
Message type is 4
---------Update m[91m [1776449573.84474] Client: [0m---before writing in log upd_msg->seq_no= 277
[91m [1776449573.84480] Client: [0m---before writing in log upd_msg->type= 4
[91m [1776449573.84484] Client: [0m---before writing in log upd_msg->frag_no= 0
[91m [1776449573.84489] Client: [0m---before writing in log upd_msg->reliable= 1
[91m [1776449573.84494] Client: [0m---before writing in log upd_msg->data.sensor_type= 1
[91m [1776449573.84502] Client: [0m---before writing in log upd_msg->data.sid= temp_1
[91m [1776449573.84508] Client: [0m---after writing in log upd_msg->seq_no = 277
[91m [1776449573.84512] Client: [0m---after writing in log upd_msg->data.sensor_type = 1
[91m [1776449573.84517] Client: [0m---after writing in log upd_msg->reliable = 1
[91m [1776449574.84542] BSON Message: [0mInside sensor type parsing.
[91m [1776449574.84553] BSON Message: [0mInside sensor type parsing end.
[91m [1776449574.84559] BSON Message: [0mInside sid parsing
[91m [1776449574.84563] BSON Message: [0mInside temp1 parsing.
[91m [1776449574.84569] Client: [0m---before writing in log upd_msg->seq_no= 278
[91m [1776449574.84574] Client: [0m---before writing in log upd_msg->type= 4
[91m [1776449574.84578] Client: [0m---before writing in log upd_msg->frag_no= 0
[91m [1776449574.84582] Client: [0m---before writing in log upd_msg->reliable= 1
[91m [1776449574.84587] Client: [0m---before writing in log upd_msg->data.sensor_type= 1
[91m [1776449574.84591] Client: [0m---before writing in log upd_msg->data.sid= temp_1
[91m [1776449574.84597] Client: [0m---after writing in log upd_msg->seq_no = 278
[91m [1776449574.84601] Client: [0m---after writing in log upd_msg->data.sensor_type = 1
[91m [1776449574.84605] Client: [0m---after writing in log upd_msg->reliable = 1
[91m [1776449574.657747] BSON Message: [0mInside sensor type parsing.
[91m [1776449574.657758] BSON Message: [0mInside sensor type parsing end.
[91m [1776449574.657765] BSON Message: [0mInside sid parsing
[91m [1776449574.657770] BSON Message: [0mInside gps1 parsing.
[91m [1776449574.657775] Client: [0m---before writing in log upd_msg->seq_no= 29
[91m [1776449574.657779] Client: [0m---before writing in log upd_msg->type= 4
[91m [1776449574.657783] Client: [0m---before writing in log upd_msg->frag_no= 0
[91m [1776449574.657786] Client: [0m---before writing in log upd_msg->reliable= 1
[91m [1776449574.657790] Client: [0m---before writing in log upd_msg->data.sensor_type= 3
[91m [1776449574.657793] Client: [0m---before writing in log upd_msg->data.sid= gps_2
[91m [1776449574.657801] Client: [0m---after writing in log upd_msg->seq_no = 29
[91m [1776449574.657806] Client: [0m---after writing in log upd_msg->data.sensor_type = 3
[91m [1776449574.657811] Client: [0m---after writing in log upd_msg->reliable = 1
[91m [1776449575.85190] BSON Message: [0mInside sensor type parsing.
[91m [1776449575.85200] BSON Message: [0mInside sensor type parsing end.
[91m [1776449575.85204] BSON Message: [0mInside sid parsing
[91m [1776449575.85210] BSON Message: [0mInside temp1 parsing.
[91m [1776449575.85215] Client: [0m---before writing in log upd_msg->seq_no= 279
[91m [1776449575.85220] Client: [0m---before writing in log upd_msg->type= 4
[91m [1776449575.85226] Client: [0m---before writing in log upd_msg->frag_no= 0
[91m [1776449575.85231] Client: [0m---before writing in log upd_msg->reliable= 1
[91m [1776449575.85236] Client: [0m---before writing in log upd_msg->data.sensor_type= 1
[91m [1776449575.85240] Client: [0m---before writing in log upd_msg->data.sid= temp_1
[91m [1776449575.85245] Client: [0m---after writing in log upd_msg->seq_no = 279
[91m [1776449575.85248] Client: [0m---after writing in log upd_msg->data.sensor_type = 1
[91m [1776449575.85253] Client: [0m---after writing in log upd_msg->reliable = 1
[91m [1776449575.682844] BSON Message: [0mInside sensor type parsing.
[91m [1776449575.682854] BSON Message: [0mInside sensor type parsing end.
[91m [1776449575.682860] BSON Message: [0mInside sid parsing
[91m [1776449575.682866] Client: [0m---before writing in log upd_msg->seq_no= 119
[91m [1776449575.682869] Client: [0m---before writing in log upd_msg->type= 4
[91m [1776449575.682874] Client: [0m---before writing in log upd_msg->frag_no= 0
[91m [1776449575.682877] Client: [0m---before writing in log upd_msg->reliable= 1
[91m [1776449575.682881] Client: [0m---before writing in log upd_msg->data.sensor_type= 2
[91m [1776449575.682890] Client: [0m---before writing in log upd_msg->data.sid= device_0
[91m [1776449575.682895] Client: [0m---after writing in log upd_msg->seq_no = 119
[91m [1776449575.682900] Client: [0m---after writing in log upd_msg->data.sensor_type = 2
[91m [1776449575.682903] Client: [0m---after writing in log upd_msg->reliable = 1
[91m [1776449576.85281] BSON Message: [0mInside sensor type parsing.
[91m [1776449576.85291] BSON Message: [0mInside sensor type parsing end.
[91m [1776449576.85296] BSON Message: [0mInside sid parsing
[91m [1776449576.85300] BSON Message: [0mInside temp1 parsing.
[91m [1776449576.85304] Client: [0m---before writing in log upd_msg->seq_no= 280
[91m [1776449576.85308] Client: [0m---before writing in log upd_msg->type= 4
[91m [1776449576.85312] Client: [0m---before writing in log upd_msg->frag_no= 0
[91m [1776449576.85316] Client: [0m---before writing in log upd_msg->reliable= 1
[91m [1776449576.85321] Client: [0m---before writing in log upd_msg->data.sensor_type= 1
[91m [1776449576.85326] Client: [0m---before writing in log upd_msg->data.sid= temp_1
[91m [1776449576.85331] Client: [0m---after writing in log upd_msg->seq_no = 280
[91m [1776449576.85335] Client: [0m---after writing in log upd_msg->data.sensor_type = 1
[91m [1776449576.85338] Client: [0m---after writing in log upd_msg->reliable = 1
[91m [1776449577.85702] BSON Message: [0mInside sensor type parsing.
[91m [1776449577.85712] BSON Message: [0mInside sensor type parsing end.
[91m [1776449577.85719] BSON Message: [0mInside sid parsing
[91m [1776449577.85724] BSON Message: [0mInside temp1 parsing.
[91m [1776449577.85729] Client: [0m---before writing in log upd_msg->seq_no= 281
[91m [1776449577.85733] Client: [0m---before writing in log upd_msg->type= 4
[91m [1776449577.85738] Client: [0m---before writing in log upd_msg->frag_no= 0
[91m [1776449577.85743] Client: [0m---before writing in log upd_msg->reliable= 1
[91m [1776449577.85747] Client: [0m---before writing in log upd_msg->data.sensor_type= 1
[91m [1776449577.85751] Client: [0m---before writing in log upd_msg->data.sid= temp_1
[91m [1776449577.85757] Client: [0m---after writing in log upd_msg->seq_no = 281
[91m [1776449577.85761] Client: [0m---after writing in log upd_msg->data.sensor_type = 1
[91m [1776449577.85765] Client: [0m---after writing in log upd_msg->reliable = 1
[91m [1776449578.85902] BSON Message: [0mInside sensor type parsing.
[91m [1776449578.85924] BSON Message: [0mInside sensor type parsing end.
[91m [1776449578.85932] BSON Message: [0mInside sid parsing
[91m [1776449578.85938] BSON Message: [0mInside temp1 parsing.
[91m [1776449578.85945] Client: [0m---before writing in log upd_msg->seq_no= 282
[91m [1776449578.85951] Client: [0m---before writing in log upd_msg->type= 4
[91m [1776449578.85956] Client: [0m---before writing in log upd_msg->frag_no= 0
[91m [1776449578.85961] Client: [0m---before writing in log upd_msg->reliable= 1
[91m [1776449578.85967] Client: [0m---before writing in log upd_msg->data.sensor_type= 1
[91m [1776449578.85973] Client: [0m---before writing in log upd_msg->data.sid= temp_1
[91m [1776449578.85979] Client: [0m---after writing in log upd_msg->seq_no = 282
[91m [1776449578.85985] Client: [0m---after writing in log upd_msg->data.sensor_type = 1
[91m [1776449578.85990] Client: [0m---after writing in log upd_msg->reliable = 1
[91m [1776449579.88259] BSON Message: [0mInside sensor type parsing.
[91m [1776449579.88274] BSON Message: [0mInside sensor type parsing end.
[91m [1776449579.88281] BSON Message: [0mInside sid parsing
[91m [1776449579.88287] BSON Message: [0mInside temp1 parsing.
[91m [1776449579.88292] Client: [0m---before writing in log upd_msg->seq_no= 283
[91m [1776449579.88297] Client: [0m---before writing in log upd_msg->type= 4
[91m [1776449579.88301] Client: [0m---before writing in log upd_msg->frag_no= 0
[91m [1776449579.88305] Client: [0m---before writing in log upd_msg->reliable= 1
[91m [1776449579.88315] Client: [0m---before writing in log upd_msg->data.sensor_type= 1
[91m [1776449579.88320] Client: [0m---before writing in log upd_msg->data.sid= temp_1
[91m [1776449579.88328] Client: [0m---after writing in log upd_msg->seq_no = 283
[91m [1776449579.88333] Client: [0m---after writing in log upd_msg->data.sensor_type = 1
[91m [1776449579.88338] Client: [0m---after writing in log upd_msg->reliable = 1
[91m [1776449579.496476] BSON Message: [0mInside sensor type parsing.
[91m [1776449579.496494] BSON Message: [0mInside sensor type parsing end.
[91m [1776449579.496500] BSON Message: [0mInside sid parsing
[91m [1776449579.496505] Client: [0m---before writing in log upd_msg->seq_no= 120
[91m [1776449579.496510] Client: [0m---before writing in log upd_msg->type= 4
[91m [1776449579.496514] Client: [0m---before writing in log upd_msg->frag_no= 0
[91m [1776449579.496519] Client: [0m---before writing in log upd_msg->reliable= 0
[91m [1776449579.496523] Client: [0m---before writing in log upd_msg->data.sensor_type= 2
[91m [1776449579.496528] Client: [0m---before writing in log upd_msg->data.sid= device_0
[91m [1776449579.496533] Client: [0m---after writing in log upd_msg->seq_no = 120
[91m [1776449579.496538] Client: [0m---after writing in log upd_msg->data.sensor_type = 2
[91m [1776449579.496543] Client: [0m---after writing in log upd_msg->reliable = 0
[91m [1776449580.97528] BSON Message: [0mInside sensor type parsing.
[91m [1776449580.97543] BSON Message: [0mInside sensor type parsing end.
[91m [1776449580.97547] BSON Message: [0mInside sid parsing
[91m [1776449580.97551] BSON Message: [0mInside temp1 parsing.
[91m [1776449580.97556] Client: [0m---before writing in log upd_msg->seq_no= 284
[91m [1776449580.97561] Client: [0m---before writing in log upd_msg->type= 4
[91m [1776449580.97565] Client: [0m---before writing in log upd_msg->frag_no= 0
[91m [1776449580.97569] Client: [0m---before writing in log upd_msg->reliable= 1
[91m [1776449580.97573] Client: [0m---before writing in log upd_msg->data.sensor_type= 1
[91m [1776449580.97578] Client: [0m---before writing in log upd_msg->data.sid= temp_1
[91m [1776449580.97582] Client: [0m---after writing in log upd_msg->seq_no = 284
[91m [1776449580.97585] Client: [0m---after writing in log upd_msg->data.sensor_type = 1
[91m [1776449580.97588] Client: [0m---after writing in log upd_msg->reliable = 1
[91m [1776449580.711566] BSON Message: [0mInside sensor type parsing.
[91m [1776449580.711576] BSON Message: [0mInside sensor type parsing end.
[91m [1776449580.711581] BSON Message: [0mInside sid parsing
[91m [1776449580.711586] BSON Message: [0mInside gps1 parsing.
[91m [1776449580.711592] Client: [0m---before writing in log upd_msg->seq_no= 30
[91m [1776449580.711596] Client: [0m---before writing in log upd_msg->type= 4
[91m [1776449580.711601] Client: [0m---before writing in log upd_msg->frag_no= 0
[91m [1776449580.711605] Client: [0m---before writing in log upd_msg->reliable= 1
[91m [1776449580.711610] Client: [0m---before writing in log upd_msg->data.sensor_type= 3
[91m [1776449580.711629] Client: [0m---before writing in log upd_msg->data.sid= gps_2
[91m [1776449580.711647] Client: [0m---after writing in log upd_msg->seq_no = 30
[91m [1776449580.711652] Client: [0m---after writing in log upd_msg->data.sensor_type = 3
[91m [1776449580.711656] Client: [0m---after writing in log upd_msg->reliable = 1
[91m [1776449581.88142] BSON Message: [0mInside sensor type parsing.
[91m [1776449581.88154] BSON Message: [0mInside sensor type parsing end.
[91m [1776449581.88159] BSON Message: [0mInside sid parsing
[91m [1776449581.88164] BSON Message: [0mInside temp1 parsing.
[91m [1776449581.88170] Client: [0m---before writing in log upd_msg->seq_no= 285
[91m [1776449581.88175] Client: [0m---before writing in log upd_msg->type= 4
[91m [1776449581.88180] Client: [0m---before writing in log upd_msg->frag_no= 0
[91m [1776449581.88186] Client: [0m---before writing in log upd_msg->reliable= 1
[91m [1776449581.88196] Client: [0m---before writing in log upd_msg->data.sensor_type= 1
[91m [1776449581.88202] Client: [0m---before writing in log upd_msg->data.sid= temp_1
[91m [1776449581.88206] Client: [0m---after writing in log upd_msg->seq_no = 285
[91m [1776449581.88211] Client: [0m---after writing in log upd_msg->data.sensor_type = 1
[91m [1776449581.88216] Client: [0m---after writing in log upd_msg->reliable = 1
[91m [1776449582.88539] BSON Message: [0mInside sensor type parsing.
[91m [1776449582.88551] BSON Message: [0mInside sensor type parsing end.
[91m [1776449582.88555] BSON Message: [0mInside sid parsing
[91m [1776449582.88561] BSON Message: [0mInside temp1 parsing.
[91m [1776449582.88566] Client: [0m---before writing in log upd_msg->seq_no= 286
[91m [1776449582.88571] Client: [0m---before writing in log upd_msg->type= 4
[91m [1776449582.88575] Client: [0m---before writing in log upd_msg->frag_no= 0
[91m [1776449582.88579] Client: [0m---before writing in log upd_msg->reliable= 1
[91m [1776449582.88583] Client: [0m---before writing in log upd_msg->data.sensor_type= 1
[91m [1776449582.88588] Client: [0m---before writing in log upd_msg->data.sid= temp_1
[91m [1776449582.88593] Client: [0m---after writing in log upd_msg->seq_no = 286
[91m [1776449582.88597] Client: [0m---after writing in log upd_msg->data.sensor_type = 1
[91m [1776449582.88601] Client: [0m---after writing in log upd_msg->reliable = 1
[91m [1776449583.89445] BSON Message: [0mInside sensor type parsing.
[91m [1776449583.89454] BSON Message: [0mInside sensor type parsing end.
[91m [1776449583.89458] BSON Message: [0mInside sid parsing
[91m [1776449583.89463] BSON Message: [0mInside temp1 parsing.
[91m [1776449583.89468] Client: [0m---before writing in log upd_msg->seq_no= 287
[91m [1776449583.89472] Client: [0m---before writing in log upd_msg->type= 4
[91m [1776449583.89475] Client: [0m---before writing in log upd_msg->frag_no= 0
[91m [1776449583.89479] Client: [0m---before writing in log upd_msg->reliable= 1
[91m [1776449583.89483] Client: [0m---before writing in log upd_msg->data.sensor_type= 1
[91m [1776449583.89488] Client: [0m---before writing in log upd_msg->data.sid= temp_1
[91m [1776449583.89493] Client: [0m---after writing in log upd_msg->seq_no = 287
[91m [1776449583.89498] Client: [0m---after writing in log upd_msg->data.sensor_type = 1
[91m [1776449583.89501] Client: [0m---after writing in log upd_msg->reliable = 1
[91m [1776449583.980782] BSON Message: [0mInside sensor type parsing.
[91m [1776449583.980794] BSON Message: [0mInside sensor type parsing end.
[91m [1776449583.980799] BSON Message: [0mInside sid parsing
[91m [1776449583.980806] Client: [0m---before writing in log upd_msg->seq_no= 121
[91m [1776449583.980811] Client: [0m---before writing in log upd_msg->type= 4
[91m [1776449583.980816] Client: [0m---before writing in log upd_msg->frag_no= 0
[91m [1776449583.980821] Client: [0m---before writing in log upd_msg->reliable= 1
[91m [1776449583.980825] Client: [0m---before writing in log upd_msg->data.sensor_type= 2
[91m [1776449583.980830] Client: [0m---before writing in log upd_msg->data.sid= device_0
[91m [1776449583.980837] Client: [0m---after writing in log upd_msg->seq_no = 121
[91m [1776449583.980842] Client: [0m---after writing in log upd_msg->data.sensor_type = 2
[91m [1776449583.980848] Client: [0m---after writing in log upd_msg->reliable = 1
[91m [1776449584.88417] BSON Message: [0mInside sensor type parsing.
[91m [1776449584.88428] BSON Message: [0mInside sensor type parsing end.
[91m [1776449584.88434] BSON Message: [0mInside sid parsing
[91m [1776449584.88441] BSON Message: [0mInside temp1 parsing.
[91m [1776449584.88447] Client: [0m---before writing in log upd_msg->seq_no= 288
[91m [1776449584.88451] Client: [0m---before writing in log upd_msg->type= 4
[91m [1776449584.88457] Client: [0m---before writing in log upd_msg->frag_no= 0
[91m [1776449584.88462] Client: [0m---before writing in log upd_msg->reliable= 1
[91m [1776449584.88472] Client: [0m---before writing in log upd_msg->data.sensor_type= 1
[91m [1776449584.88477] Client: [0m---before writing in log upd_msg->data.sid= temp_1
[91m [1776449584.88483] Client: [0m---after writing in log upd_msg->seq_no = 288
[91m [1776449584.88488] Client: [0m---after writing in log upd_msg->data.sensor_type = 1
[91m [1776449584.88492] Client: [0m---after writing in log upd_msg->reliable = 1
[91m [1776449584.234980] BSON Message: [0mInside sensor type parsing.
[91m [1776449584.234997] BSON Message: [0mInside sensor type parsing end.
[91m [1776449584.235004] BSON Message: [0mInside sid parsing
[91m [1776449584.235012] Client: [0m---before writing in log upd_msg->seq_no= 122
[91m [1776449584.235017] Client: [0m---before writing in log upd_msg->type= 4
[91m [1776449584.235021] Client: [0m---before writing in log upd_msg->frag_no= 0
[91m [1776449584.235024] Client: [0m---before writing in log upd_msg->reliable= 1
[91m [1776449584.235029] Client: [0m---before writing in log upd_msg->data.sensor_type= 2
[91m [1776449584.235034] Client: [0m---before writing in log upd_msg->data.sid= device_0
[91m [1776449584.235039] Client: [0m---after writing in log upd_msg->seq_no = 122
[91m [1776449584.235043] Client: [0m---after writing in log upd_msg->data.sensor_type = 2
[91m [1776449584.235047] Client: [0m---after writing in log upd_msg->reliable = 1
[91m [1776449585.89079] BSON Message: [0mInside sensor type parsing.
[91m [1776449585.89090] BSON Message: [0mInside sensor type parsing end.
[91m [1776449585.89095] BSON Message: [0mInside sid parsing
[91m [1776449585.89100] BSON Message: [0mInside temp1 parsing.
[91m [1776449585.89105] Client: [0m---before writing in log upd_msg->seq_no= 289
[91m [1776449585.89111] Client: [0m---before writing in log upd_msg->type= 4
[91m [1776449585.89115] Client: [0m---before writing in log upd_msg->frag_no= 0
[91m [1776449585.89119] Client: [0m---before writing in log upd_msg->reliable= 1
[91m [1776449585.89124] Client: [0m---before writing in log upd_msg->data.sensor_type= 1
[91m [1776449585.89128] Client: [0m---before writing in log upd_msg->data.sid= temp_1
[91m [1776449585.89134] Client: [0m---after writing in log upd_msg->seq_no = 289
[91m [1776449585.89138] Client: [0m---after writing in log upd_msg->data.sensor_type = 1
[91m [1776449585.89143] Client: [0m---after writing in log upd_msg->reliable = 1
[91m [1776449586.89260] BSON Message: [0mInside sensor type parsing.
[91m [1776449586.89273] BSON Message: [0mInside sensor type parsing end.
[91m [1776449586.89279] BSON Message: [0mInside sid parsing
[91m [1776449586.89285] BSON Message: [0mInside temp1 parsing.
[91m [1776449586.89292] Client: [0m---before writing in log upd_msg->seq_no= 290
[91m [1776449586.89297] Client: [0m---before writing in log upd_msg->type= 4
[91m [1776449586.89302] Client: [0m---before writing in log upd_msg->frag_no= 0
[91m [1776449586.89307] Client: [0m---before writing in log upd_msg->reliable= 1
[91m [1776449586.89312] Client: [0m---before writing in log upd_msg->data.sensor_type= 1
[91m [1776449586.89317] Client: [0m---before writing in log upd_msg->data.sid= temp_1
[91m [1776449586.89323] Client: [0m---after writing in log upd_msg->seq_no = 290
[91m [1776449586.89328] Client: [0m---after writing in log upd_msg->data.sensor_type = 1
[91m [1776449586.89333] Client: [0m---after writing in log upd_msg->reliable = 1
[91m [1776449587.83564] BSON Message: [0mInside sensor type parsing.
[91m [1776449587.83582] BSON Message: [0mInside sensor type parsing end.
[91m [1776449587.83590] BSON Message: [0mInside sid parsing
[91m [1776449587.83598] Client: [0m---before writing in log upd_msg->seq_no= 123
[91m [1776449587.83605] Client: [0m---before writing in log upd_msg->type= 4
[91m [1776449587.83612] Client: [0m---before writing in log upd_msg->frag_no= 0
[91m [1776449587.83619] Client: [0m---before writing in log upd_msg->reliable= 1
[91m [1776449587.83626] Client: [0m---before writing in log upd_msg->data.sensor_type= 2
[91m [1776449587.83640] Client: [0m---before writing in log upd_msg->data.sid= device_0
[91m [1776449587.83648] Client: [0m---after writing in log upd_msg->seq_no = 123
[91m [1776449587.83655] Client: [0m---after writing in log upd_msg->data.sensor_type = 2
[91m [1776449587.83662] Client: [0m---after writing in log upd_msg->reliable = 1
[91m [1776449587.89417] BSON Message: [0mInside sensor type parsing.
[91m [1776449587.89428] BSON Message: [0mInside sensor type parsing end.
[91m [1776449587.89434] BSON Message: [0mInside sid parsing
[91m [1776449587.89441] BSON Message: [0mInside temp1 parsing.
[91m [1776449587.89449] Client: [0m---before writing in log upd_msg->seq_no= 291
[91m [1776449587.89454] Client: [0m---before writing in log upd_msg->type= 4
[91m [1776449587.89458] Client: [0m---before writing in log upd_msg->frag_no= 0
[91m [1776449587.89465] Client: [0m---before writing in log upd_msg->reliable= 1
[91m [1776449587.89469] Client: [0m---before writing in log upd_msg->data.sensor_type= 1
[91m [1776449587.89477] Client: [0m---before writing in log upd_msg->data.sid= temp_1
[91m [1776449587.89483] Client: [0m---after writing in log upd_msg->seq_no = 291
[91m [1776449587.89490] Client: [0m---after writing in log upd_msg->data.sensor_type = 1
[91m [1776449587.89495] Client: [0m---after writing in log upd_msg->reliable = 1
[91m [1776449587.566718] BSON Message: [0mInside sensor type parsing.
[91m [1776449587.566730] BSON Message: [0mInside sensor type parsing end.
[91m [1776449587.566735] BSON Message: [0mInside sid parsing
[91m [1776449587.566742] Client: [0m---before writing in log upd_msg->seq_no= 124
[91m [1776449587.566747] Client: [0m---before writing in log upd_msg->type= 4
[91m [1776449587.566752] Client: [0m---before writing in log upd_msg->frag_no= 0
[91m [1776449587.566757] Client: [0m---before writing in log upd_msg->reliable= 1
[91m [1776449587.566761] Client: [0m---before writing in log upd_msg->data.sensor_type= 2
[91m [1776449587.566766] Client: [0m---before writing in log upd_msg->data.sid= device_0
[91m [1776449587.566771] Client: [0m---after writing in log upd_msg->seq_no = 124
[91m [1776449587.566776] Client: [0m---after writing in log upd_msg->data.sensor_type = 2
[91m [1776449587.566781] Client: [0m---after writing in log upd_msg->reliable = 1
[91m [1776449588.89693] BSON Message: [0mInside sensor type parsing.
[91m [1776449588.89704] BSON Message: [0mInside sensor type parsing end.
[91m [1776449588.89709] BSON Message: [0mInside sid parsing
[91m [1776449588.89714] BSON Message: [0mInside temp1 parsing.
[91m [1776449588.89719] Client: [0m---before writing in log upd_msg->seq_no= 292
[91m [1776449588.89724] Client: [0m---before writing in log upd_msg->type= 4
[91m [1776449588.89729] Client: [0m---before writing in log upd_msg->frag_no= 0
[91m [1776449588.89733] Client: [0m---before writing in log upd_msg->reliable= 1
[91m [1776449588.89738] Client: [0m---before writing in log upd_msg->data.sensor_type= 1
[91m [1776449588.89742] Client: [0m---before writing in log upd_msg->data.sid= temp_1
[91m [1776449588.89747] Client: [0m---after writing in log upd_msg->seq_no = 292
[91m [1776449588.89752] Client: [0m---after writing in log upd_msg->data.sensor_type = 1
[91m [1776449588.89756] Client: [0m---after writing in log upd_msg->reliable = 1
[91m [1776449589.90152] BSON Message: [0mInside sensor type parsing.
[91m [1776449589.90165] BSON Message: [0mInside sensor type parsing end.
[91m [1776449589.90170] BSON Message: [0mInside sid parsing
[91m [1776449589.90175] BSON Message: [0mInside temp1 parsing.
[91m [1776449589.90181] Client: [0m---before writing in log upd_msg->seq_no= 293
[91m [1776449589.90186] Client: [0m---before writing in log upd_msg->type= 4
[91m [1776449589.90191] Client: [0m---before writing in log upd_msg->frag_no= 0
[91m [1776449589.90195] Client: [0m---before writing in log upd_msg->reliable= 1
[91m [1776449589.90200] Client: [0m---before writing in log upd_msg->data.sensor_type= 1
[91m [1776449589.90209] Client: [0m---before writing in log upd_msg->data.sid= temp_1
[91m [1776449589.90214] Client: [0m---after writing in log upd_msg->seq_no = 293
[91m [1776449589.90219] Client: [0m---after writing in log upd_msg->data.sensor_type = 1
[91m [1776449589.90223] Client: [0m---after writing in log upd_msg->reliable = 1
[91m [1776449590.90389] BSON Message: [0mInside sensor type parsing.
[91m [1776449590.90403] BSON Message: [0mInside sensor type parsing end.
[91m [1776449590.90410] BSON Message: [0mInside sid parsing
[91m [1776449590.90418] BSON Message: [0mInside temp1 parsing.
[91m [1776449590.90424] Client: [0m---before writing in log upd_msg->seq_no= 294
[91m [1776449590.90431] Client: [0m---before writing in log upd_msg->type= 4
[91m [1776449590.90437] Client: [0m---before writing in log upd_msg->frag_no= 0
[91m [1776449590.90443] Client: [0m---before writing in log upd_msg->reliable= 1
[91m [1776449590.90449] Client: [0m---before writing in log upd_msg->data.sensor_type= 1
[91m [1776449590.90455] Client: [0m---before writing in log upd_msg->data.sid= temp_1
[91m [1776449590.90462] Client: [0m---after writing in log upd_msg->seq_no = 294
[91m [1776449590.90468] Client: [0m---after writing in log upd_msg->data.sensor_type = 1
[91m [1776449590.90474] Client: [0m---after writing in log upd_msg->reliable = 1
[91m [1776449590.601494] BSON Message: [0mInside sensor type parsing.
[91m [1776449590.601508] BSON Message: [0mInside sensor type parsing end.
[91m [1776449590.601515] BSON Message: [0mInside sid parsing
[91m [1776449590.601522] Client: [0m---before writing in log upd_msg->seq_no= 125
[91m [1776449590.601527] Client: [0m---before writing in log upd_msg->type= 4
[91m [1776449590.601533] Client: [0m---before writing in log upd_msg->frag_no= 0
[91m [1776449590.601539] Client: [0m---before writing in log upd_msg->reliable= 1
[91m [1776449590.601544] Client: [0m---before writing in log upd_msg->data.sensor_type= 2
[91m [1776449590.601549] Client: [0m---before writing in log upd_msg->data.sid= device_0
[91m [1776449590.601555] Client: [0m---after writing in log upd_msg->seq_no = 125
[91m [1776449590.601561] Client: [0m---after writing in log upd_msg->data.sensor_type = 2
[91m [1776449590.601566] Client: [0m---after writing in log upd_msg->reliable = 1
[91m [1776449591.90492] BSON Message: [0mInside sensor type parsing.
[91m [1776449591.90503] BSON Message: [0mInside sensor type parsing end.
[91m [1776449591.90508] BSON Message: [0mInside sid parsing
[91m [1776449591.90512] BSON Message: [0mInside temp1 parsing.
[91m [1776449591.90516] Client: [0m---before writing in log upd_msg->seq_no= 295
[91m [1776449591.90520] Client: [0m---before writing in log upd_msg->type= 4
[91m [1776449591.90524] Client: [0m---before writing in log upd_msg->frag_no= 0
[91m [1776449591.90528] Client: [0m---before writing in log upd_msg->reliable= 1
[91m [1776449591.90532] Client: [0m---before writing in log upd_msg->data.sensor_type= 1
[91m [1776449591.90536] Client: [0m---before writing in log upd_msg->data.sid= temp_1
[91m [1776449591.90541] Client: [0m---after writing in log upd_msg->seq_no = 295
[91m [1776449591.90545] Client: [0m---after writing in log upd_msg->data.sensor_type = 1
[91m [1776449591.90549] Client: [0m---after writing in log upd_msg->reliable = 1
[91m [1776449591.103764] BSON Message: [0mInside sensor type parsing.
[91m [1776449591.103779] BSON Message: [0mInside sensor type parsing end.
[91m [1776449591.103784] BSON Message: [0mInside sid parsing
[91m [1776449591.103788] BSON Message: [0mInside gps1 parsing.
[91m [1776449591.103794] Client: [0m---before writing in log upd_msg->seq_no= 31
[91m [1776449591.103799] Client: [0m---before writing in log upd_msg->type= 4
[91m [1776449591.103803] Client: [0m---before writing in log upd_msg->frag_no= 0
[91m [1776449591.103807] Client: [0m---before writing in log upd_msg->reliable= 1
[91m [1776449591.103810] Client: [0m---before writing in log upd_msg->data.sensor_type= 3
[91m [1776449591.103820] Client: [0m---before writing in log upd_msg->data.sid= gps_2
[91m [1776449591.103828] Client: [0m---after writing in log upd_msg->seq_no = 31
[91m [1776449591.103832] Client: [0m---after writing in log upd_msg->data.sensor_type = 3
[91m [1776449591.103836] Client: [0m---after writing in log upd_msg->reliable = 1
[91m [1776449592.91150] BSON Message: [0mInside sensor type parsing.
[91m [1776449592.91163] BSON Message: [0mInside sensor type parsing end.
[91m [1776449592.91168] BSON Message: [0mInside sid parsing
[91m [1776449592.91174] BSON Message: [0mInside temp1 parsing.
[91m [1776449592.91180] Client: [0m---before writing in log upd_msg->seq_no= 296
[91m [1776449592.91185] Client: [0m---before writing in log upd_msg->type= 4
[91m [1776449592.91190] Client: [0m---before writing in log upd_msg->frag_no= 0
[91m [1776449592.91194] Client: [0m---before writing in log upd_msg->reliable= 1
[91m [1776449592.91200] Client: [0m---before writing in log upd_msg->data.sensor_type= 1
[91m [1776449592.91204] Client: [0m---before writing in log upd_msg->data.sid= temp_1
[91m [1776449592.91210] Client: [0m---after writing in log upd_msg->seq_no = 296
[91m [1776449592.91214] Client: [0m---after writing in log upd_msg->data.sensor_type = 1
[91m [1776449592.91219] Client: [0m---after writing in log upd_msg->reliable = 1
[91m [1776449593.91579] BSON Message: [0mInside sensor type parsing.
[91m [1776449593.91591] BSON Message: [0mInside sensor type parsing end.
[91m [1776449593.91595] BSON Message: [0mInside sid parsing
[91m [1776449593.91600] BSON Message: [0mInside temp1 parsing.
[91m [1776449593.91606] Client: [0m---before writing in log upd_msg->seq_no= 297
[91m [1776449593.91611] Client: [0m---before writing in log upd_msg->type= 4
[91m [1776449593.91616] Client: [0m---before writing in log upd_msg->frag_no= 0
[91m [1776449593.91620] Client: [0m---before writing in log upd_msg->reliable= 1
[91m [1776449593.91625] Client: [0m---before writing in log upd_msg->data.sensor_type= 1
[91m [1776449593.91630] Client: [0m---before writing in log upd_msg->data.sid= temp_1
[91m [1776449593.91636] Client: [0m---after writing in log upd_msg->seq_no = 297
[91m [1776449593.91641] Client: [0m---after writing in log upd_msg->data.sensor_type = 1
[91m [1776449593.91645] Client: [0m---after writing in log upd_msg->reliable = 1
[91m [1776449594.92963] BSON Message: [0mInside sensor type parsing.
[91m [1776449594.92976] BSON Message: [0mInside sensor type parsing end.
[91m [1776449594.92981] BSON Message: [0mInside sid parsing
[91m [1776449594.92985] BSON Message: [0mInside temp1 parsing.
[91m [1776449594.92991] Client: [0m---before writing in log upd_msg->seq_no= 298
[91m [1776449594.92995] Client: [0m---before writing in log upd_msg->type= 4
[91m [1776449594.92999] Client: [0m---before writing in log upd_msg->frag_no= 0
[91m [1776449594.93004] Client: [0m---before writing in log upd_msg->reliable= 1
[91m [1776449594.93008] Client: [0m---before writing in log upd_msg->data.sensor_type= 1
[91m [1776449594.93013] Client: [0m---before writing in log upd_msg->data.sid= temp_1
[91m [1776449594.93019] Client: [0m---after writing in log upd_msg->seq_no = 298
[91m [1776449594.93024] Client: [0m---after writing in log upd_msg->data.sensor_type = 1
[91m [1776449594.93028] Client: [0m---after writing in log upd_msg->reliable = 1
[91m [1776449594.277069] BSON Message: [0mInside sensor type parsing.
[91m [1776449594.277081] BSON Message: [0mInside sensor type parsing end.
[91m [1776449594.277087] BSON Message: [0mInside sid parsing
[91m [1776449594.277094] Client: [0m---before writing in log upd_msg->seq_no= 126
[91m [1776449594.277099] Client: [0m---before writing in log upd_msg->type= 4
[91m [1776449594.277104] Client: [0m---before writing in log upd_msg->frag_no= 0
[91m [1776449594.277109] Client: [0m---before writing in log upd_msg->reliable= 1
[91m [1776449594.277113] Client: [0m---before writing in log upd_msg->data.sensor_type= 2
[91m [1776449594.277123] Client: [0m---before writing in log upd_msg->data.sid= device_0
[91m [1776449594.277129] Client: [0m---after writing in log upd_msg->seq_no = 126
[91m [1776449594.277134] Client: [0m---after writing in log upd_msg->data.sensor_type = 2
[91m [1776449594.277139] Client: [0m---after writing in log upd_msg->reliable = 1
[91m [1776449595.92237] BSON Message: [0mInside sensor type parsing.
[91m [1776449595.92247] BSON Message: [0mInside sensor type parsing end.
[91m [1776449595.92251] BSON Message: [0mInside sid parsing
[91m [1776449595.92256] BSON Message: [0mInside temp1 parsing.
[91m [1776449595.92262] Client: [0m---before writing in log upd_msg->seq_no= 299
[91m [1776449595.92268] Client: [0m---before writing in log upd_msg->type= 4
[91m [1776449595.92274] Client: [0m---before writing in log upd_msg->frag_no= 0
[91m [1776449595.92278] Client: [0m---before writing in log upd_msg->reliable= 1
[91m [1776449595.92282] Client: [0m---before writing in log upd_msg->data.sensor_type= 1
[91m [1776449595.92285] Client: [0m---before writing in log upd_msg->data.sid= temp_1
[91m [1776449595.92291] Client: [0m---after writing in log upd_msg->seq_no = 299
[91m [1776449595.92295] Client: [0m---after writing in log upd_msg->data.sensor_type = 1
[91m [1776449595.92299] Client: [0m---after writing in log upd_msg->reliable = 1
[91m [1776449596.92529] BSON Message: [0mInside sensor type parsing.
[91m [1776449596.92545] BSON Message: [0mInside sensor type parsing end.
[91m [1776449596.92554] BSON Message: [0mInside sid parsing
[91m [1776449596.92562] BSON Message: [0mInside temp1 parsing.
[91m [1776449596.92573] Client: [0m---before writing in log upd_msg->seq_no= 300
[91m [1776449596.92581] Client: [0m---before writing in log upd_msg->type= 4
[91m [1776449596.92589] Client: [0m---before writing in log upd_msg->frag_no= 0
[91m [1776449596.92598] Client: [0m---before writing in log upd_msg->reliable= 1
[91m [1776449596.92606] Client: [0m---before writing in log upd_msg->data.sensor_type= 1
[91m [1776449596.92614] Client: [0m---before writing in log upd_msg->data.sid= temp_1
[91m [1776449596.92624] Client: [0m---after writing in log upd_msg->seq_no = 300
[91m [1776449596.92632] Client: [0m---after writing in log upd_msg->data.sensor_type = 1
[91m [1776449596.92640] Client: [0m---after writing in log upd_msg->reliable = 1
[91m [1776449597.93482] BSON Message: [0mInside sensor type parsing.
[91m [1776449597.93496] BSON Message: [0mInside sensor type parsing end.
[91m [1776449597.93504] BSON Message: [0mInside sid parsing
[91m [1776449597.93511] BSON Message: [0mInside temp1 parsing.
[91m [1776449597.93519] Client: [0m---before writing in log upd_msg->seq_no= 301
[91m [1776449597.93526] Client: [0m---before writing in log upd_msg->type= 4
[91m [1776449597.93531] Client: [0m---before writing in log upd_msg->frag_no= 0
[91m [1776449597.93537] Client: [0m---before writing in log upd_msg->reliable= 1
[91m [1776449597.93543] Client: [0m---before writing in log upd_msg->data.sensor_type= 1
[91m [1776449597.93550] Client: [0m---before writing in log upd_msg->data.sid= temp_1
[91m [1776449597.93557] Client: [0m---after writing in log upd_msg->seq_no = 301
[91m [1776449597.93563] Client: [0m---after writing in log upd_msg->data.sensor_type = 1
[91m [1776449597.93569] Client: [0m---after writing in log upd_msg->reliable = 1
[91m [1776449597.146836] BSON Message: [0mInside sensor type parsing.
[91m [1776449597.146846] BSON Message: [0mInside sensor type parsing end.
[91m [1776449597.146853] BSON Message: [0mInside sid parsing
[91m [1776449597.146860] Client: [0m---before writing in log upd_msg->seq_no= 127
[91m [1776449597.146867] Client: [0m---before writing in log upd_msg->type= 4
[91m [1776449597.146873] Client: [0m---before writing in log upd_msg->frag_no= 0
[91m [1776449597.146879] Client: [0m---before writing in log upd_msg->reliable= 1
[91m [1776449597.146886] Client: [0m---before writing in log upd_msg->data.sensor_type= 2
[91m [1776449597.146897] Client: [0m---before writing in log upd_msg->data.sid= device_0
[91m [1776449597.146903] Client: [0m---after writing in log upd_msg->seq_no = 127
[91m [1776449597.146907] Client: [0m---after writing in log upd_msg->data.sensor_type = 2
[91m [1776449597.146910] Client: [0m---after writing in log upd_msg->reliable = 1
[91m [1776449598.93164] BSON Message: [0mInside sensor type parsing.
[91m [1776449598.93178] BSON Message: [0mInside sensor type parsing end.
[91m [1776449598.93184] BSON Message: [0mInside sid parsing
[91m [1776449598.93189] BSON Message: [0mInside temp1 parsing.
[91m [1776449598.93196] Client: [0m---before writing in log upd_msg->seq_no= 302
[91m [1776449598.93202] Client: [0m---before writing in log upd_msg->type= 4
[91m [1776449598.93208] Client: [0m---before writing in log upd_msg->frag_no= 0
[91m [1776449598.93213] Client: [0m---before writing in log upd_msg->reliable= 1
[91m [1776449598.93218] Client: [0m---before writing in log upd_msg->data.sensor_type= 1
[91m [1776449598.93224] Client: [0m---before writing in log upd_msg->data.sid= temp_1
[91m [1776449598.93230] Client: [0m---after writing in log upd_msg->seq_no = 302
[91m [1776449598.93236] Client: [0m---after writing in log upd_msg->data.sensor_type = 1
[91m [1776449598.93241] Client: [0m---after writing in log upd_msg->reliable = 1
[91m [1776449599.93284] BSON Message: [0mInside sensor type parsing.
[91m [1776449599.93295] BSON Message: [0mInside sensor type parsing end.
[91m [1776449599.93298] BSON Message: [0mInside sid parsing
[91m [1776449599.93302] BSON Message: [0mInside temp1 parsing.
[91m [1776449599.93306] Client: [0m---before writing in log upd_msg->seq_no= 303
[91m [1776449599.93309] Client: [0m---before writing in log upd_msg->type= 4
[91m [1776449599.93312] Client: [0m---before writing in log upd_msg->frag_no= 0
[91m [1776449599.93315] Client: [0m---before writing in log upd_msg->reliable= 1
[91m [1776449599.93318] Client: [0m---before writing in log upd_msg->data.sensor_type= 1
[91m [1776449599.93322] Client: [0m---before writing in log upd_msg->data.sid= temp_1
[91m [1776449599.93328] Client: [0m---after writing in log upd_msg->seq_no = 303
[91m [1776449599.93332] Client: [0m---after writing in log upd_msg->data.sensor_type = 1
[91m [1776449599.93335] Client: [0m---after writing in log upd_msg->reliable = 1
[91m [1776449600.93699] BSON Message: [0mInside sensor type parsing.
[91m [1776449600.93709] BSON Message: [0mInside sensor type parsing end.
[91m [1776449600.93713] BSON Message: [0mInside sid parsing
[91m [1776449600.93717] BSON Message: [0mInside temp1 parsing.
[91m [1776449600.93723] Client: [0m---before writing in log upd_msg->seq_no= 304
[91m [1776449600.93727] Client: [0m---before writing in log upd_msg->type= 4
[91m [1776449600.93731] Client: [0m---before writing in log upd_msg->frag_no= 0
[91m [1776449600.93735] Client: [0m---before writing in log upd_msg->reliable= 1
[91m [1776449600.93738] Client: [0m---before writing in log upd_msg->data.sensor_type= 1
[91m [1776449600.93742] Client: [0m---before writing in log upd_msg->data.sid= temp_1
[91m [1776449600.93747] Client: [0m---after writing in log upd_msg->seq_no = 304
[91m [1776449600.93751] Client: [0m---after writing in log upd_msg->data.sensor_type = 1
[91m [1776449600.93755] Client: [0m---after writing in log upd_msg->reliable = 1
[91m [1776449600.153349] BSON Message: [0mInside sensor type parsing.
[91m [1776449600.153357] BSON Message: [0mInside sensor type parsing end.
[91m [1776449600.153363] BSON Message: [0mInside sid parsing
[91m [1776449600.153367] BSON Message: [0mInside gps1 parsing.
[91m [1776449600.153372] Client: [0m---before writing in log upd_msg->seq_no= 32
[91m [1776449600.153376] Client: [0m---before writing in log upd_msg->type= 4
[91m [1776449600.153380] Client: [0m---before writing in log upd_msg->frag_no= 0
[91m [1776449600.153384] Client: [0m---before writing in log upd_msg->reliable= 1
[91m [1776449600.153391] Client: [0m---before writing in log upd_msg->data.sensor_type= 3
[91m [1776449600.153395] Client: [0m---before writing in log upd_msg->data.sid= gps_2
[91m [1776449600.153401] Client: [0m---after writing in log upd_msg->seq_no = 32
[91m [1776449600.153404] Client: [0m---after writing in log upd_msg->data.sensor_type = 3
[91m [1776449600.153409] Client: [0m---after writing in log upd_msg->reliable = 1
[91m [1776449601.94255] BSON Message: [0mInside sensor type parsing.
[91m [1776449601.94266] BSON Message: [0mInside sensor type parsing end.
[91m [1776449601.94270] BSON Message: [0mInside sid parsing
[91m [1776449601.94275] BSON Message: [0mInside temp1 parsing.
[91m [1776449601.94282] Client: [0m---before writing in log upd_msg->seq_no= 305
[91m [1776449601.94288] Client: [0m---before writing in log upd_msg->type= 4
[91m [1776449601.94293] Client: [0m---before writing in log upd_msg->frag_no= 0
[91m [1776449601.94298] Client: [0m---before writing in log upd_msg->reliable= 1
[91m [1776449601.94303] Client: [0m---before writing in log upd_msg->data.sensor_type= 1
[91m [1776449601.94307] Client: [0m---before writing in log upd_msg->data.sid= temp_1
[91m [1776449601.94312] Client: [0m---after writing in log upd_msg->seq_no = 305
[91m [1776449601.94318] Client: [0m---after writing in log upd_msg->data.sensor_type = 1
[91m [1776449601.94324] Client: [0m---after writing in log upd_msg->reliable = 1
[91m [1776449601.248989] BSON Message: [0mInside sensor type parsing.
[91m [1776449601.249005] BSON Message: [0mInside sensor type parsing end.
[91m [1776449601.249013] BSON Message: [0mInside sid parsing
[91m [1776449601.249021] Client: [0m---before writing in log upd_msg->seq_no= 128
[91m [1776449601.249029] Client: [0m---before writing in log upd_msg->type= 4
[91m [1776449601.249036] Client: [0m---before writing in log upd_msg->frag_no= 0
[91m [1776449601.249042] Client: [0m---before writing in log upd_msg->reliable= 1
[91m [1776449601.249049] Client: [0m---before writing in log upd_msg->data.sensor_type= 2
[91m [1776449601.249056] Client: [0m---before writing in log upd_msg->data.sid= device_0
[91m [1776449601.249064] Client: [0m---after writing in log upd_msg->seq_no = 128
[91m [1776449601.249071] Client: [0m---after writing in log upd_msg->data.sensor_type = 2
[91m [1776449601.249078] Client: [0m---after writing in log upd_msg->reliable = 1
[91m [1776449602.94319] BSON Message: [0mInside sensor type parsing.
[91m [1776449602.94333] BSON Message: [0mInside sensor type parsing end.
[91m [1776449602.94340] BSON Message: [0mInside sid parsing
[91m [1776449602.94345] BSON Message: [0mInside temp1 parsing.
essage arrived------------ 1
Got a message from the server.
Message type is 4
---------Update message arrived------------ 1
Got a message from the server.
Message type is 4
---------Update message arrived------------ 1
Got a message from the server.
Message type is 4
---------Update message arrived------------ 1
Got a message from the server.
Message type is 4
---------Update message arrived------------ 1
Got a message from the server.
Message type is 4
---------Update message arrived------------ 1
Got a message from the server.
Message type is 4
---------Update message arrived------------ 1
Got a message from the server.
Message type is 4
---------Update message arrived------------ 1
Got a message from the server.
Message type is 4
---------Update message arrived------------ 1
Got a message from the server.
Message type is 4
---------Update message arrived------------ 1
Got a message from the server.
Message type is 4
---------Update message arrived------------ 1
Got a message from the server.
Message type is 4
---------Update message arrived------------ 1
Got a message from the server.
Message type is 4
---------Update message arrived------------ 1
Got a message from the server.
Message type is 4
---------Update message arrived------------ 1
Got a message from the server.
Message type is 4
---------Update message arrived------------ 1
Got a message from the server.
Message type is 4
---------Update message arrived------------ 1
Got a message from the server.
Message type is 4
---------Update message arrived------------ 1
Got a message from the server.
Message type is 4
---------Update message arrived------------ 1
Got a message from the server.
Message type is 4
---------Update message arrived------------ 1
Got a message from the server.
Message type is 4
---------Update message arrived------------ 1
Got a message from the server.
Message type is 4
---------Update message arrived------------ 1
Got a message from the server.
Message type is 4
---------Update message arrived------------ 1
Got a message from the server.
Message type is 4
---------Update message arrived------------ 1
Got a message from the server.
Message type is 4
---------Update message arrived------------ 1
Got a message from the server.
Message type is 4
---------Update message arrived------------ 1
Got a message from the server.
Message type is 4
---------Update message arrived------------ 1
Got a message from the server.
Message type is 4
---------Update message arrived------------ 1
Got a message from the server.
Message type is 4
---------Update message arrived------------ 1
Got a message from the server.
Message type is 4
---------Update message arrived------------ 1
Got a message from the server.
Message type is 4
---------Update message arrived------------ 1
Got a message from the server.
Message type is 4
---------Update message arrived------------ 1
Got a message from the server.
Message type is 4
---------Update message arrived------------ 1
Got a message from the server.
Message type is 4
---------Update message arrived------------ 1
Got a message from the server.
Message type is 4
---------Update message arrived------------ 1
Got a message from the server.
Message type is 4
---------Update message arrived------------ 1
Got a message from the server.
Message type is 4
---------Update message arrived------------ 1
Got a message from the server.
Message type is 4
---------Update message arrived------------ 1
Got a message from the server.
Message type is 4
---------Update message arrived------------ 1
Got a message from the server.
Message type is 4
---------Update message arrived------------ 1
Got a message from the server.
Message type is 4
---------Update message arrived------------ 1
Got a message from the server.
Message type is 4
---------Update message arrived------------ 1
Got a message from the server.
Message type is 4
---------Update message arrived------------ 1
Got a message from the server.
Message type is 4
---------Update message arrived------------ 1
Got a message from the server.
Message type is 4
---------Update message arri[91m [1776449602.94361] Client: [0m---before writing in log upd_msg->seq_no= 306
[91m [1776449602.94367] Client: [0m---before writing in log upd_msg->type= 4
[91m [1776449602.94372] Client: [0m---before writing in log upd_msg->frag_no= 0
[91m [1776449602.94378] Client: [0m---before writing in log upd_msg->reliable= 1
[91m [1776449602.94383] Client: [0m---before writing in log upd_msg->data.sensor_type= 1
[91m [1776449602.94389] Client: [0m---before writing in log upd_msg->data.sid= temp_1
[91m [1776449602.94395] Client: [0m---after writing in log upd_msg->seq_no = 306
[91m [1776449602.94401] Client: [0m---after writing in log upd_msg->data.sensor_type = 1
[91m [1776449602.94406] Client: [0m---after writing in log upd_msg->reliable = 1
