[91m [1776438967.543025] BSON Message: [0mInside sensor type parsing.
[91m [1776438967.543041] BSON Message: [0mInside sensor type parsing end.
[91m [1776438967.543047] BSON Message: [0mInside sid parsing
[91m [1776438967.543051] BSON Message: [0mInside gps1 parsing.
[91m [1776438967.543056] Client: [0m---before writing in log upd_msg->seq_no= 0
[91m [1776438967.543060] Client: [0m---before writing in log upd_msg->type= 4
[91m [1776438967.543065] Client: [0m---before writing in log upd_msg->frag_no= 0
[91m [1776438967.543070] Client: [0m---before writing in log upd_msg->reliable= 1
[91m [1776438967.543074] Client: [0m---before writing in log upd_msg->data.sensor_type= 3
[91m [1776438967.543079] Client: [0m---before writing in log upd_msg->data.sid= gps_2
[91m [1776438967.543094] Client: [0m---after writing in log upd_msg->seq_no = 0
[91m [1776438967.543099] Client: [0m---after writing in log upd_msg->data.sensor_type = 3
[91m [1776438967.543103] Client: [0m---after writing in log upd_msg->reliable = 1
[91m [1776438967.543122] BSON Message: [0mInside sensor type parsing.
[91m [1776438967.543127] BSON Message: [0mInside sensor type parsing end.
[91m [1776438967.543131] BSON Message: [0mInside sid parsing
[91m [1776438967.543136] BSON Message: [0mInside temp1 parsing.
[91m [1776438967.543141] Client: [0m---before writing in log upd_msg->seq_no= 0
[91m [1776438967.543146] Client: [0m---before writing in log upd_msg->type= 4
[91m [1776438967.543151] Client: [0m---before writing in log upd_msg->frag_no= 0
[91m [1776438967.543155] Client: [0m---before writing in log upd_msg->reliable= 1
[91m [1776438967.543160] Client: [0m---before writing in log upd_msg->data.sensor_type= 1
[91m [1776438967.543165] Client: [0m---before writing in log upd_msg->data.sid= temp_1
[91m [1776438967.543175] Client: [0m---after writing in log upd_msg->seq_no = 0
[91m [1776438967.543180] Client: [0m---after writing in log upd_msg->data.sensor_type = 1
[91m [1776438967.543184] Client: [0m---after writing in log upd_msg->reliable = 1
[91m [1776438967.543202] BSON Message: [0mInside sensor type parsing.
[91m [1776438967.543206] BSON Message: [0mInside sensor type parsing end.
[91m [1776438967.543211] BSON Message: [0mInside sid parsing
[91m [1776438967.543216] Client: [0m---before writing in log upd_msg->seq_no= 0
[91m [1776438967.543221] Client: [0m---before writing in log upd_msg->type= 4
[91m [1776438967.543225] Client: [0m---before writing in log upd_msg->frag_no= 0
[91m [1776438967.543229] Client: [0m---before writing in log upd_msg->reliable= 1
[91m [1776438967.543233] Client: [0m---before writing in log upd_msg->data.sensor_type= 2
[91m [1776438967.543237] Client: [0m---before writing in log upd_msg->data.sid= device_0
[91m [1776438967.543246] Client: [0m---after writing in log upd_msg->seq_no = 0
[91m [1776438967.543250] Client: [0m---after writing in log upd_msg->data.sensor_type = 2
[91m [1776438967.543254] Client: [0m---after writing in log upd_msg->reliable = 1
[91m [1776438967.855687] BSON Message: [0mInside sensor type parsing.
[91m [1776438967.855705] BSON Message: [0mInside sensor type parsing end.
[91m [1776438967.855712] BSON Message: [0mInside sid parsing
[91m [1776438967.855720] Client: [0m---before writing in log upd_msg->seq_no= 1
[91m [1776438967.855726] Client: [0m---before writing in log upd_msg->type= 4
[91m [1776438967.855733] Client: [0m---before writing in log upd_msg->frag_no= 0
[91m [1776438967.855739] Client: [0m---before writing in log upd_msg->reliable= 1
[91m [1776438967.855746] Client: [0m---before writing in log upd_msg->data.sensor_type= 2
[91m [1776438967.855752] Client: [0m---before writing in log upd_msg->data.sid= device_0
[91m [1776438967.855760] Client: [0m---after writing in log upd_msg->seq_no = 1
[91m [1776438967.855765] Client: [0m---after writing in log upd_msg->data.sensor_type = 2
[91m [1776438967.855771] Client: [0m---after writing in log upd_msg->reliable = 1
[91m [1776438967.942140] BSON Message: [0mInside sensor type parsing.
[91m [1776438967.942166] BSON Message: [0mInside sensor type parsing end.
[91m [1776438967.942172] BSON Message: [0mInside sid parsing
[91m [1776438967.942179] BSON Message: [0mInside temp1 parsing.
[91m [1776438967.942186] Client: [0m---before writing in log upd_msg->seq_no= 1
[91m [1776438967.942192] Client: [0m---before writing in log upd_msg->type= 4
[91m [1776438967.942199] Client: [0m---before writing in log upd_msg->frag_no= 0
[91m [1776438967.942206] Client: [0m---before writing in log upd_msg->reliable= 1
[91m [1776438967.942211] Client: [0m---before writing in log upd_msg->data.sensor_type= 1
[91m [1776438967.942216] Client: [0m---before writing in log upd_msg->data.sid= temp_1
[91m [1776438967.942223] Client: [0m---after writing in log upd_msg->seq_no = 1
[91m [1776438967.942228] Client: [0m---after writing in log upd_msg->data.sensor_type = 1
[91m [1776438967.942233] Client: [0m---after writing in log upd_msg->reliable = 1
[91m [1776438968.357076] BSON Message: [0mInside sensor type parsing.
[91m [1776438968.357090] BSON Message: [0mInside sensor type parsing end.
[91m [1776438968.357096] BSON Message: [0mInside sid parsing
[91m [1776438968.357101] BSON Message: [0mInside gps1 parsing.
[91m [1776438968.357107] Client: [0m---before writing in log upd_msg->seq_no= 1
[91m [1776438968.357111] Client: [0m---before writing in log upd_msg->type= 4
[91m [1776438968.357116] Client: [0m---before writing in log upd_msg->frag_no= 0
[91m [1776438968.357121] Client: [0m---before writing in log upd_msg->reliable= 1
[91m [1776438968.357128] Client: [0m---before writing in log upd_msg->data.sensor_type= 3
[91m [1776438968.357132] Client: [0m---before writing in log upd_msg->data.sid= gps_2
[91m [1776438968.357141] Client: [0m---after writing in log upd_msg->seq_no = 1
[91m [1776438968.357150] Client: [0m---after writing in log upd_msg->data.sensor_type = 3
[91m [1776438968.357156] Client: [0m---after writing in log upd_msg->reliable = 1
[91m [1776438968.942384] BSON Message: [0mInside sensor type parsing.
[91m [1776438968.942400] BSON Message: [0mInside sensor type parsing end.
[91m [1776438968.942406] BSON Message: [0mInside sid parsing
[91m [1776438968.942411] BSON Message: [0mInside temp1 parsing.
[91m [1776438968.942417] Client: [0m---before writing in log upd_msg->seq_no= 2
[91m [1776438968.942422] Client: [0m---before writing in log upd_msg->type= 4
[91m [1776438968.942426] Client: [0m---before writing in log upd_msg->frag_no= 0
[91m [1776438968.942431] Client: [0m---before writing in log upd_msg->reliable= 1
[91m [1776438968.942435] Client: [0m---before writing in log upd_msg->data.sensor_type= 1
[91m [1776438968.942440] Client: [0m---before writing in log upd_msg->data.sid= temp_1
[91m [1776438968.942446] Client: [0m---after writing in log upd_msg->seq_no = 2
[91m [1776438968.942451] Client: [0m---after writing in log upd_msg->data.sensor_type = 1
[91m [1776438968.942455] Client: [0m---after writing in log upd_msg->reliable = 1
[91m [1776438969.942763] BSON Message: [0mInside sensor type parsing.
[91m [1776438969.942786] BSON Message: [0mInside sensor type parsing end.
[91m [1776438969.942793] BSON Message: [0mInside sid parsing
[91m [1776438969.942800] BSON Message: [0mInside temp1 parsing.
[91m [1776438969.942807] Client: [0m---before writing in log upd_msg->seq_no= 3
[91m [1776438969.942814] Client: [0m---before writing in log upd_msg->type= 4
[91m [1776438969.942823] Client: [0m---before writing in log upd_msg->frag_no= 0
[91m [1776438969.942829] Client: [0m---before writing in log upd_msg->reliable= 1
[91m [1776438969.942838] Client: [0m---before writing in log upd_msg->data.sensor_type= 1
[91m [1776438969.942845] Client: [0m---before writing in log upd_msg->data.sid= temp_1
[91m [1776438969.942853] Client: [0m---after writing in log upd_msg->seq_no = 3
[91m [1776438969.942860] Client: [0m---after writing in log upd_msg->data.sensor_type = 1
[91m [1776438969.942866] Client: [0m---after writing in log upd_msg->reliable = 1
[91m [1776438970.80710] BSON Message: [0mInside sensor type parsing.
[91m [1776438970.80730] BSON Message: [0mInside sensor type parsing end.
[91m [1776438970.80737] BSON Message: [0mInside sid parsing
[91m [1776438970.80744] Client: [0m---before writing in log upd_msg->seq_no= 2
[91m [1776438970.80749] Client: [0m---before writing in log upd_msg->type= 4
[91m [1776438970.80754] Client: [0m---before writing in log upd_msg->frag_no= 0
[91m [1776438970.80759] Client: [0m---before writing in log upd_msg->reliable= 1
[91m [1776438970.80765] Client: [0m---before writing in log upd_msg->data.sensor_type= 2
[91m [1776438970.80771] Client: [0m---before writing in log upd_msg->data.sid= device_0
[91m [1776438970.80776] Client: [0m---after writing in log upd_msg->seq_no = 2
[91m [1776438970.80782] Client: [0m---after writing in log upd_msg->data.sensor_type = 2
[91m [1776438970.80786] Client: [0m---after writing in log upd_msg->reliable = 1
[91m [1776438970.942996] BSON Message: [0mInside sensor type parsing.
[91m [1776438970.943016] BSON Message: [0mInside sensor type parsing end.
[91m [1776438970.943023] BSON Message: [0mInside sid parsing
[91m [1776438970.943028] BSON Message: [0mInside temp1 parsing.
[91m [1776438970.943034] Client: [0m---before writing in log upd_msg->seq_no= 4
[91m [1776438970.943039] Client: [0m---before writing in log upd_msg->type= 4
[91m [1776438970.943043] Client: [0m---before writing in log upd_msg->frag_no= 0
[91m [1776438970.943048] Client: [0m---before writing in log upd_msg->reliable= 1
[91m [1776438970.943055] Client: [0m---before writing in log upd_msg->data.sensor_type= 1
[91m [1776438970.943059] Client: [0m---before writing in log upd_msg->data.sid= temp_1
[91m [1776438970.943067] Client: [0m---after writing in log upd_msg->seq_no = 4
[91m [1776438970.943074] Client: [0m---after writing in log upd_msg->data.sensor_type = 1
[91m [1776438970.943078] Client: [0m---after writing in log upd_msg->reliable = 1
[91m [1776438971.943425] BSON Message: [0mInside sensor type parsing.
[91m [1776438971.943446] BSON Message: [0mInside sensor type parsing end.
[91m [1776438971.943452] BSON Message: [0mInside sid parsing
[91m [1776438971.943457] BSON Message: [0mInside temp1 parsing.
[91m [1776438971.943463] Client: [0m---before writing in log upd_msg->seq_no= 5
[91m [1776438971.943468] Client: [0m---before writing in log upd_msg->type= 4
[91m [1776438971.943473] Client: [0m---before writing in log upd_msg->frag_no= 0
[91m [1776438971.943477] Client: [0m---before writing in log upd_msg->reliable= 1
[91m [1776438971.943482] Client: [0m---before writing in log upd_msg->data.sensor_type= 1
[91m [1776438971.943486] Client: [0m---before writing in log upd_msg->data.sid= temp_1
[91m [1776438971.943492] Client: [0m---after writing in log upd_msg->seq_no = 5
[91m [1776438971.943497] Client: [0m---after writing in log upd_msg->data.sensor_type = 1
[91m [1776438971.943515] Client: [0m---after writing in log upd_msg->reliable = 1
[91m [1776438972.943948] BSON Message: [0mInside sensor type parsing.
[91m [1776438972.943972] BSON Message: [0mInside sensor type parsing end.
[91m [1776438972.943980] BSON Message: [0mInside sid parsing
[91m [1776438972.943987] BSON Message: [0mInside temp1 parsing.
[91m [1776438972.943995] Client: [0m---before writing in log upd_msg->seq_no= 6
[91m [1776438972.944002] Client: [0m---before writing in log upd_msg->type= 4
[91m [1776438972.944008] Client: [0m---before writing in log upd_msg->frag_no= 0
[91m [1776438972.944017] Client: [0m---before writing in log upd_msg->reliable= 1
[91m [1776438972.944026] Client: [0m---before writing in log upd_msg->data.sensor_type= 1
[91m [1776438972.944033] Client: [0m---before writing in log upd_msg->data.sid= temp_1
[91m [1776438972.944042] Client: [0m---after writing in log upd_msg->seq_no = 6
[91m [1776438972.944049] Client: [0m---after writing in log upd_msg->data.sensor_type = 1
[91m [1776438972.944055] Client: [0m---after writing in log upd_msg->reliable = 1
[91m [1776438973.639657] BSON Message: [0mInside sensor type parsing.
[91m [1776438973.639670] BSON Message: [0mInside sensor type parsing end.
[91m [1776438973.639676] BSON Message: [0mInside sid parsing
[91m [1776438973.639682] Client: [0m---before writing in log upd_msg->seq_no= 3
[91m [1776438973.639686] Client: [0m---before writing in log upd_msg->type= 4
[91m [1776438973.639691] Client: [0m---before writing in log upd_msg->frag_no= 0
[91m [1776438973.639695] Client: [0m---before writing in log upd_msg->reliable= 1
[91m [1776438973.639699] Client: [0m---before writing in log upd_msg->data.sensor_type= 2
[91m [1776438973.639702] Client: [0m---before writing in log upd_msg->data.sid= device_0
[91m [1776438973.639707] Client: [0m---after writing in log upd_msg->seq_no = 3
[91m [1776438973.639711] Client: [0m---after writing in log upd_msg->data.sensor_type = 2
[91m [1776438973.639715] Client: [0m---after writing in log upd_msg->reliable = 1
[91m [1776438973.943897] BSON Message: [0mInside sensor type parsing.
[91m [1776438973.943916] BSON Message: [0mInside sensor type parsing end.
[91m [1776438973.943923] BSON Message: [0mInside sid parsing
[91m [1776438973.943930] BSON Message: [0mInside temp1 parsing.
[91m [1776438973.943938] Client: [0m---before writing in log upd_msg->seq_no= 7
[91m [1776438973.943945] Client: [0m---before writing in log upd_msg->type= 4
[91m [1776438973.943951] Client: [0m---before writing in log upd_msg->frag_no= 0
[91m [1776438973.943957] Client: [0m---before writing in log upd_msg->reliable= 1
[91m [1776438973.943964] Client: [0m---before writing in log upd_msg->data.sensor_type= 1
[91m [1776438973.943971] Client: [0m---before writing in log upd_msg->data.sid= temp_1
[91m [1776438973.943979] Client: [0m---after writing in log upd_msg->seq_no = 7
[91m [1776438973.943986] Client: [0m---after writing in log upd_msg->data.sensor_type = 1
[91m [1776438973.943994] Client: [0m---after writing in log upd_msg->reliable = 1
[91m [1776438974.148851] BSON Message: [0mInside sensor type parsing.
[91m [1776438974.148874] BSON Message: [0mInside sensor type parsing end.
[91m [1776438974.148883] BSON Message: [0mInside sid parsing
[91m [1776438974.148896] Client: [0m---before writing in log upd_msg->seq_no= 4
[91m [1776438974.148907] Client: [0m---before writing in log upd_msg->type= 4
[91m [1776438974.148920] Client: [0m---before writing in log upd_msg->frag_no= 0
[91m [1776438974.148931] Client: [0m---before writing in log upd_msg->reliable= 1
[91m [1776438974.148940] Client: [0m---before writing in log upd_msg->data.sensor_type= 2
[91m [1776438974.148949] Client: [0m---before writing in log upd_msg->data.sid= device_0
[91m [1776438974.148959] Client: [0m---after writing in log upd_msg->seq_no = 4
[91m [1776438974.148968] Client: [0m---after writing in log upd_msg->data.sensor_type = 2
[91m [1776438974.148977] Client: [0m---after writing in log upd_msg->reliable = 1
[91m [1776438974.944188] BSON Message: [0mInside sensor type parsing.
[91m [1776438974.944209] BSON Message: [0mInside sensor type parsing end.
[91m [1776438974.944218] BSON Message: [0mInside sid parsing
[91m [1776438974.944227] BSON Message: [0mInside temp1 parsing.
[91m [1776438974.944237] Client: [0m---before writing in log upd_msg->seq_no= 8
[91m [1776438974.944249] Client: [0m---before writing in log upd_msg->type= 4
[91m [1776438974.944258] Client: [0m---before writing in log upd_msg->frag_no= 0
[91m [1776438974.944268] Client: [0m---before writing in log upd_msg->reliable= 1
[91m [1776438974.944278] Client: [0m---before writing in log upd_msg->data.sensor_type= 1
[91m [1776438974.944287] Client: [0m---before writing in log upd_msg->data.sid= temp_1
[91m [1776438974.944298] Client: [0m---after writing in log upd_msg->seq_no = 8
[91m [1776438974.944306] Client: [0m---after writing in log upd_msg->data.sensor_type = 1
[91m [1776438974.944315] Client: [0m---after writing in log upd_msg->reliable = 1
[91m [1776438975.797330] BSON Message: [0mInside sensor type parsing.
[91m [1776438975.797348] BSON Message: [0mInside sensor type parsing end.
[91m [1776438975.797353] BSON Message: [0mInside sid parsing
[91m [1776438975.797358] BSON Message: [0mInside gps1 parsing.
[91m [1776438975.797363] Client: [0m---before writing in log upd_msg->seq_no= 2
[91m [1776438975.797368] Client: [0m---before writing in log upd_msg->type= 4
[91m [1776438975.797372] Client: [0m---before writing in log upd_msg->frag_no= 0
[91m [1776438975.797377] Client: [0m---before writing in log upd_msg->reliable= 1
[91m [1776438975.797382] Client: [0m---before writing in log upd_msg->data.sensor_type= 3
[91m [1776438975.797387] Client: [0m---before writing in log upd_msg->data.sid= gps_2
[91m [1776438975.797395] Client: [0m---after writing in log upd_msg->seq_no = 2
[91m [1776438975.797400] Client: [0m---after writing in log upd_msg->data.sensor_type = 3
[91m [1776438975.797407] Client: [0m---after writing in log upd_msg->reliable = 1
[91m [1776438975.944473] BSON Message: [0mInside sensor type parsing.
[91m [1776438975.944490] BSON Message: [0mInside sensor type parsing end.
[91m [1776438975.944496] BSON Message: [0mInside sid parsing
[91m [1776438975.944509] BSON Message: [0mInside temp1 parsing.
[91m [1776438975.944517] Client: [0m---before writing in log upd_msg->seq_no= 9
[91m [1776438975.944521] Client: [0m---before writing in log upd_msg->type= 4
[91m [1776438975.944526] Client: [0m---before writing in log upd_msg->frag_no= 0
[91m [1776438975.944529] Client: [0m---before writing in log upd_msg->reliable= 1
[91m [1776438975.944533] Client: [0m---before writing in log upd_msg->data.sensor_type= 1
[91m [1776438975.944538] Client: [0m---before writing in log upd_msg->data.sid= temp_1
[91m [1776438975.944543] Client: [0m---after writing in log upd_msg->seq_no = 9
[91m [1776438975.944547] Client: [0m---after writing in log upd_msg->data.sensor_type = 1
[91m [1776438975.944552] Client: [0m---after writing in log upd_msg->reliable = 1
[91m [1776438976.944781] BSON Message: [0mInside sensor type parsing.
[91m [1776438976.944800] BSON Message: [0mInside sensor type parsing end.
[91m [1776438976.944807] BSON Message: [0mInside sid parsing
[91m [1776438976.944813] BSON Message: [0mInside temp1 parsing.
[91m [1776438976.944822] Client: [0m---before writing in log upd_msg->seq_no= 10
[91m [1776438976.944829] Client: [0m---before writing in log upd_msg->type= 4
[91m [1776438976.944833] Client: [0m---before writing in log upd_msg->frag_no= 0
[91m [1776438976.944839] Client: [0m---before writing in log upd_msg->reliable= 1
[91m [1776438976.944847] Client: [0m---before writing in log upd_msg->data.sensor_type= 1
[91m [1776438976.944852] Client: [0m---before writing in log upd_msg->data.sid= temp_1
[91m [1776438976.944860] Client: [0m---after writing in log upd_msg->seq_no = 10
[91m [1776438976.944865] Client: [0m---after writing in log upd_msg->data.sensor_type = 1
[91m [1776438976.944870] Client: [0m---after writing in log upd_msg->reliable = 1
[91m [1776438977.945070] BSON Message: [0mInside sensor type parsing.
[91m [1776438977.945087] BSON Message: [0mInside sensor type parsing end.
[91m [1776438977.945094] BSON Message: [0mInside sid parsing
[91m [1776438977.945100] BSON Message: [0mInside temp1 parsing.
[91m [1776438977.945107] Client: [0m---before writing in log upd_msg->seq_no= 11
[91m [1776438977.945112] Client: [0m---before writing in log upd_msg->type= 4
[91m [1776438977.945117] Client: [0m---before writing in log upd_msg->frag_no= 0
[91m [1776438977.945122] Client: [0m---before writing in log upd_msg->reliable= 1
[91m [1776438977.945129] Client: [0m---before writing in log upd_msg->data.sensor_type= 1
[91m [1776438977.945134] Client: [0m---before writing in log upd_msg->data.sid= temp_1
[91m [1776438977.945140] Client: [0m---after writing in log upd_msg->seq_no = 11
[91m [1776438977.945145] Client: [0m---after writing in log upd_msg->data.sensor_type = 1
[91m [1776438977.945160] Client: [0m---after writing in log upd_msg->reliable = 1
[91m [1776438978.704655] BSON Message: [0mInside sensor type parsing.
[91m [1776438978.704675] BSON Message: [0mInside sensor type parsing end.
[91m [1776438978.704681] BSON Message: [0mInside sid parsing
[91m [1776438978.704689] Client: [0m---before writing in log upd_msg->seq_no= 5
[91m [1776438978.704694] Client: [0m---before writing in log upd_msg->type= 4
[91m [1776438978.704699] Client: [0m---before writing in log upd_msg->frag_no= 0
[91m [1776438978.704704] Client: [0m---before writing in log upd_msg->reliable= 1
[91m [1776438978.704708] Client: [0m---before writing in log upd_msg->data.sensor_type= 2
[91m [1776438978.704712] Client: [0m---before writing in log upd_msg->data.sid= device_0
[91m [1776438978.704718] Client: [0m---after writing in log upd_msg->seq_no = 5
[91m [1776438978.704722] Client: [0m---after writing in log upd_msg->data.sensor_type = 2
[91m [1776438978.704727] Client: [0m---after writing in log upd_msg->reliable = 1
[91m [1776438978.945368] BSON Message: [0mInside sensor type parsing.
[91m [1776438978.945387] BSON Message: [0mInside sensor type parsing end.
[91m [1776438978.945392] BSON Message: [0mInside sid parsing
[91m [1776438978.945397] BSON Message: [0mInside temp1 parsing.
[91m [1776438978.945404] Client: [0m---before writing in log upd_msg->seq_no= 12
[91m [1776438978.945409] Client: [0m---before writing in log upd_msg->type= 4
[91m [1776438978.945413] Client: [0m---before writing in log upd_msg->frag_no= 0
[91m [1776438978.945418] Client: [0m---before writing in log upd_msg->reliable= 1
[91m [1776438978.945422] Client: [0m---before writing in log upd_msg->data.sensor_type= 1
[91m [1776438978.945426] Client: [0m---before writing in log upd_msg->data.sid= temp_1
[91m [1776438978.945432] Client: [0m---after writing in log upd_msg->seq_no = 12
[91m [1776438978.945437] Client: [0m---after writing in log upd_msg->data.sensor_type = 1
[91m [1776438978.945442] Client: [0m---after writing in log upd_msg->reliable = 1
[91m [1776438979.945728] BSON Message: [0mInside sensor type parsing.
[91m [1776438979.945739] BSON Message: [0mInside sensor type parsing end.
[91m [1776438979.945743] BSON Message: [0mInside sid parsing
[91m [1776438979.945747] BSON Message: [0mInside temp1 parsing.
[91m [1776438979.945752] Client: [0m---before writing in log upd_msg->seq_no= 13
[91m [1776438979.945756] Client: [0m---before writing in log upd_msg->type= 4
[91m [1776438979.945760] Client: [0m---before writing in log upd_msg->frag_no= 0
[91m [1776438979.945765] Client: [0m---before writing in log upd_msg->reliable= 1
[91m [1776438979.945770] Client: [0m---before writing in log upd_msg->data.sensor_type= 1
[91m [1776438979.945775] Client: [0m---before writing in log upd_msg->data.sid= temp_1
[91m [1776438979.945781] Client: [0m---after writing in log upd_msg->seq_no = 13
[91m [1776438979.945787] Client: [0m---after writing in log upd_msg->data.sensor_type = 1
[91m [1776438979.945791] Client: [0m---after writing in log upd_msg->reliable = 1
[91m [1776438980.945980] BSON Message: [0mInside sensor type parsing.
[91m [1776438980.945992] BSON Message: [0mInside sensor type parsing end.
[91m [1776438980.945996] BSON Message: [0mInside sid parsing
[91m [1776438980.946000] BSON Message: [0mInside temp1 parsing.
[91m [1776438980.946005] Client: [0m---before writing in log upd_msg->seq_no= 14
[91m [1776438980.946009] Client: [0m---before writing in log upd_msg->type= 4
[91m [1776438980.946013] Client: [0m---before writing in log upd_msg->frag_no= 0
[91m [1776438980.946017] Client: [0m---before writing in log upd_msg->reliable= 1
[91m [1776438980.946021] Client: [0m---before writing in log upd_msg->data.sensor_type= 1
[91m [1776438980.946025] Client: [0m---before writing in log upd_msg->data.sid= temp_1
[91m [1776438980.946031] Client: [0m---after writing in log upd_msg->seq_no = 14
[91m [1776438980.946036] Client: [0m---after writing in log upd_msg->data.sensor_type = 1
[91m [1776438980.946046] Client: [0m---after writing in log upd_msg->reliable = 1
[91m [1776438981.946253] BSON Message: [0mInside sensor type parsing.
[91m [1776438981.946271] BSON Message: [0mInside sensor type parsing end.
[91m [1776438981.946276] BSON Message: [0mInside sid parsing
[91m [1776438981.946281] BSON Message: [0mInside temp1 parsing.
[91m [1776438981.946286] Client: [0m---before writing in log upd_msg->seq_no= 15
[91m [1776438981.946291] Client: [0m---before writing in log upd_msg->type= 4
[91m [1776438981.946294] Client: [0m---before writing in log upd_msg->frag_no= 0
[91m [1776438981.946298] Client: [0m---before writing in log upd_msg->reliable= 1
[91m [1776438981.946302] Client: [0m---before writing in log upd_msg->data.sensor_type= 1
[91m [1776438981.946306] Client: [0m---before writing in log upd_msg->data.sid= temp_1
[91m [1776438981.946312] Client: [0m---after writing in log upd_msg->seq_no = 15
[91m [1776438981.946315] Client: [0m---after writing in log upd_msg->data.sensor_type = 1
[91m [1776438981.946319] Client: [0m---after writing in log upd_msg->reliable = 1
[91m [1776438982.946568] BSON Message: [0mInside sensor type parsing.
[91m [1776438982.946582] BSON Message: [0mInside sensor type parsing end.
[91m [1776438982.946587] BSON Message: [0mInside sid parsing
[91m [1776438982.946591] BSON Message: [0mInside temp1 parsing.
[91m [1776438982.946597] Client: [0m---before writing in log upd_msg->seq_no= 16
[91m [1776438982.946601] Client: [0m---before writing in log upd_msg->type= 4
[91m [1776438982.946608] Client: [0m---before writing in log upd_msg->frag_no= 0
[91m [1776438982.946612] Client: [0m---before writing in log upd_msg->reliable= 1
[91m [1776438982.946616] Client: [0m---before writing in log upd_msg->data.sensor_type= 1
[91m [1776438982.946619] Client: [0m---before writing in log upd_msg->data.sid= temp_1
[91m [1776438982.946624] Client: [0m---after writing in log upd_msg->seq_no = 16
[91m [1776438982.946628] Client: [0m---after writing in log upd_msg->data.sensor_type = 1
[91m [1776438982.946632] Client: [0m---after writing in log upd_msg->reliable = 1
[91m [1776438983.171395] BSON Message: [0mInside sensor type parsing.
[91m [1776438983.171411] BSON Message: [0mInside sensor type parsing end.
[91m [1776438983.171418] BSON Message: [0mInside sid parsing
[91m [1776438983.171424] Client: [0m---before writing in log upd_msg->seq_no= 6
[91m [1776438983.171430] Client: [0m---before writing in log upd_msg->type= 4
[91m [1776438983.171434] Client: [0m---before writing in log upd_msg->frag_no= 0
[91m [1776438983.171438] Client: [0m---before writing in log upd_msg->reliable= 0
[91m [1776438983.171442] Client: [0m---before writing in log upd_msg->data.sensor_type= 2
[91m [1776438983.171448] Client: [0m---before writing in log upd_msg->data.sid= device_0
[91m [1776438983.171453] Client: [0m---after writing in log upd_msg->seq_no = 6
[91m [1776438983.171458] Client: [0m---after writing in log upd_msg->data.sensor_type = 2
[91m [1776438983.171463] Client: [0m---after writing in log upd_msg->reliable = 0
[91m [1776438983.359386] BSON Message: [0mInside sensor type parsing.
[91m [1776438983.359401] BSON Message: [0mInside sensor type parsing end.
[91m [1776438983.359406] BSON Message: [0mInside sid parsing
[91m [1776438983.359412] Client: [0m---before writing in log upd_msg->seq_no= 7
[91m [1776438983.359417] Client: [0m---before writing in log upd_msg->type= 4
[91m [1776438983.359421] Client: [0m---before writing in log upd_msg->frag_no= 0
[91m [1776438983.359425] Client: [0m---before writing in log upd_msg->reliable= 1
[91m [1776438983.359431] Client: [0m---before writing in log upd_msg->data.sensor_type= 2
[91m [1776438983.359435] Client: [0m---before writing in log upd_msg->data.sid= device_0
[91m [1776438983.359440] Client: [0m---after writing in log upd_msg->seq_no = 7
[91m [1776438983.359447] Client: [0m---after writing in log upd_msg->data.sensor_type = 2
[91m [1776438983.359451] Client: [0m---after writing in log upd_msg->reliable = 1
[91m [1776438983.947479] BSON Message: [0mInside sensor type parsing.
[91m [1776438983.947494] BSON Message: [0mInside sensor type parsing end.
[91m [1776438983.947499] BSON Message: [0mInside sid parsing
[91m [1776438983.947516] BSON Message: [0mInside temp1 parsing.
[91m [1776438983.947522] Client: [0m---before writing in log upd_msg->seq_no= 17
[91m [1776438983.947527] Client: [0m---before writing in log upd_msg->type= 4
[91m [1776438983.947531] Client: [0m---before writing in log upd_msg->frag_no= 0
[91m [1776438983.947535] Client: [0m---before writing in log upd_msg->reliable= 1
[91m [1776438983.947539] Client: [0m---before writing in log upd_msg->data.sensor_type= 1
[91m [1776438983.947543] Client: [0m---before writing in log upd_msg->data.sid= temp_1
[91m [1776438983.947549] Client: [0m---after writing in log upd_msg->seq_no = 17
[91m [1776438983.947553] Client: [0m---after writing in log upd_msg->data.sensor_type = 1
[91m [1776438983.947558] Client: [0m---after writing in log upd_msg->reliable = 1
[91m [1776438984.947327] BSON Message: [0mInside sensor type parsing.
[91m [1776438984.947346] BSON Message: [0mInside sensor type parsing end.
[91m [1776438984.947352] BSON Message: [0mInside sid parsing
[91m [1776438984.947359] BSON Message: [0mInside temp1 parsing.
[91m [1776438984.947365] Client: [0m---before writing in log upd_msg->seq_no= 18
[91m [1776438984.947371] Client: [0m---before writing in log upd_msg->type= 4
[91m [1776438984.947377] Client: [0m---before writing in log upd_msg->frag_no= 0
[91m [1776438984.947382] Client: [0m---before writing in log upd_msg->reliable= 1
[91m [1776438984.947388] Client: [0m---before writing in log upd_msg->data.sensor_type= 1
[91m [1776438984.947393] Client: [0m---before writing in log upd_msg->data.sid= temp_1
[91m [1776438984.947399] Client: [0m---after writing in log upd_msg->seq_no = 18
[91m [1776438984.947404] Client: [0m---after writing in log upd_msg->data.sensor_type = 1
[91m [1776438984.947409] Client: [0m---after writing in log upd_msg->reliable = 1
[91m [1776438985.485413] BSON Message: [0mInside sensor type parsing.
[91m [1776438985.485432] BSON Message: [0mInside sensor type parsing end.
[91m [1776438985.485439] BSON Message: [0mInside sid parsing
[91m [1776438985.485445] BSON Message: [0mInside gps1 parsing.
[91m [1776438985.485452] Client: [0m---before writing in log upd_msg->seq_no= 3
[91m [1776438985.485458] Client: [0m---before writing in log upd_msg->type= 4
[91m [1776438985.485466] Client: [0m---before writing in log upd_msg->frag_no= 0
[91m [1776438985.485471] Client: [0m---before writing in log upd_msg->reliable= 1
[91m [1776438985.485476] Client: [0m---before writing in log upd_msg->data.sensor_type= 3
[91m [1776438985.485481] Client: [0m---before writing in log upd_msg->data.sid= gps_2
[91m [1776438985.485488] Client: [0m---after writing in log upd_msg->seq_no = 3
[91m [1776438985.485492] Client: [0m---after writing in log upd_msg->data.sensor_type = 3
[91m [1776438985.485496] Client: [0m---after writing in log upd_msg->reliable = 1
[91m [1776438985.947609] BSON Message: [0mInside sensor type parsing.
[91m [1776438985.947638] BSON Message: [0mInside sensor type parsing end.
[91m [1776438985.947645] BSON Message: [0mInside sid parsing
[91m [1776438985.947652] BSON Message: [0mInside temp1 parsing.
[91m [1776438985.947657] Client: [0m---before writing in log upd_msg->seq_no= 19
[91m [1776438985.947661] Client: [0m---before writing in log upd_msg->type= 4
[91m [1776438985.947665] Client: [0m---before writing in log upd_msg->frag_no= 0
[91m [1776438985.947670] Client: [0m---before writing in log upd_msg->reliable= 1
[91m [1776438985.947674] Client: [0m---before writing in log upd_msg->data.sensor_type= 1
[91m [1776438985.947679] Client: [0m---before writing in log upd_msg->data.sid= temp_1
[91m [1776438985.947684] Client: [0m---after writing in log upd_msg->seq_no = 19
[91m [1776438985.947688] Client: [0m---after writing in log upd_msg->data.sensor_type = 1
[91m [1776438985.947699] Client: [0m---after writing in log upd_msg->reliable = 1
[91m [1776438986.436873] BSON Message: [0mInside sensor type parsing.
[91m [1776438986.436888] BSON Message: [0mInside sensor type parsing end.
[91m [1776438986.436893] BSON Message: [0mInside sid parsing
[91m [1776438986.436899] Client: [0m---before writing in log upd_msg->seq_no= 8
[91m [1776438986.436903] Client: [0m---before writing in log upd_msg->type= 4
[91m [1776438986.436908] Client: [0m---before writing in log upd_msg->frag_no= 0
[91m [1776438986.436913] Client: [0m---before writing in log upd_msg->reliable= 1
[91m [1776438986.436918] Client: [0m---before writing in log upd_msg->data.sensor_type= 2
[91m [1776438986.436922] Client: [0m---before writing in log upd_msg->data.sid= device_0
[91m [1776438986.436928] Client: [0m---after writing in log upd_msg->seq_no = 8
[91m [1776438986.436932] Client: [0m---after writing in log upd_msg->data.sensor_type = 2
[91m [1776438986.436937] Client: [0m---after writing in log upd_msg->reliable = 1
[91m [1776438986.947949] BSON Message: [0mInside sensor type parsing.
[91m [1776438986.947970] BSON Message: [0mInside sensor type parsing end.
[91m [1776438986.947975] BSON Message: [0mInside sid parsing
[91m [1776438986.947979] BSON Message: [0mInside temp1 parsing.
[91m [1776438986.947985] Client: [0m---before writing in log upd_msg->seq_no= 20
[91m [1776438986.947989] Client: [0m---before writing in log upd_msg->type= 4
[91m [1776438986.947993] Client: [0m---before writing in log upd_msg->frag_no= 0
[91m [1776438986.947997] Client: [0m---before writing in log upd_msg->reliable= 0
[91m [1776438986.948001] Client: [0m---before writing in log upd_msg->data.sensor_type= 1
[91m [1776438986.948005] Client: [0m---before writing in log upd_msg->data.sid= temp_1
[91m [1776438986.948009] Client: [0m---after writing in log upd_msg->seq_no = 20
[91m [1776438986.948013] Client: [0m---after writing in log upd_msg->data.sensor_type = 1
[91m [1776438986.948018] Client: [0m---after writing in log upd_msg->reliable = 0
[91m [1776438987.953599] BSON Message: [0mInside sensor type parsing.
[91m [1776438987.953612] BSON Message: [0mInside sensor type parsing end.
[91m [1776438987.953617] BSON Message: [0mInside sid parsing
[91m [1776438987.953622] BSON Message: [0mInside temp1 parsing.
[91m [1776438987.953628] Client: [0m---before writing in log upd_msg->seq_no= 21
[91m [1776438987.953632] Client: [0m---before writing in log upd_msg->type= 4
[91m [1776438987.953637] Client: [0m---before writing in log upd_msg->frag_no= 0
[91m [1776438987.953641] Client: [0m---before writing in log upd_msg->reliable= 0
[91m [1776438987.953645] Client: [0m---before writing in log upd_msg->data.sensor_type= 1
[91m [1776438987.953650] Client: [0m---before writing in log upd_msg->data.sid= temp_1
[91m [1776438987.953656] Client: [0m---after writing in log upd_msg->seq_no = 21
[91m [1776438987.953660] Client: [0m---after writing in log upd_msg->data.sensor_type = 1
[91m [1776438987.953664] Client: [0m---after writing in log upd_msg->reliable = 0
[91m [1776438988.948444] BSON Message: [0mInside sensor type parsing.
[91m [1776438988.948457] BSON Message: [0mInside sensor type parsing end.
[91m [1776438988.948463] BSON Message: [0mInside sid parsing
[91m [1776438988.948469] BSON Message: [0mInside temp1 parsing.
[91m [1776438988.948475] Client: [0m---before writing in log upd_msg->seq_no= 22
[91m [1776438988.948481] Client: [0m---before writing in log upd_msg->type= 4
[91m [1776438988.948486] Client: [0m---before writing in log upd_msg->frag_no= 0
[91m [1776438988.948491] Client: [0m---before writing in log upd_msg->reliable= 1
[91m [1776438988.948495] Client: [0m---before writing in log upd_msg->data.sensor_type= 1
[91m [1776438988.948500] Client: [0m---before writing in log upd_msg->data.sid= temp_1
[91m [1776438988.948518] Client: [0m---after writing in log upd_msg->seq_no = 22
[91m [1776438988.948530] Client: [0m---after writing in log upd_msg->data.sensor_type = 1
[91m [1776438988.948536] Client: [0m---after writing in log upd_msg->reliable = 1
[91m [1776438989.716978] BSON Message: [0mInside sensor type parsing.
[91m [1776438989.716993] BSON Message: [0mInside sensor type parsing end.
[91m [1776438989.716998] BSON Message: [0mInside sid parsing
[91m [1776438989.717005] Client: [0m---before writing in log upd_msg->seq_no= 9
[91m [1776438989.717010] Client: [0m---before writing in log upd_msg->type= 4
[91m [1776438989.717014] Client: [0m---before writing in log upd_msg->frag_no= 0
[91m [1776438989.717019] Client: [0m---before writing in log upd_msg->reliable= 1
[91m [1776438989.717023] Client: [0m---before writing in log upd_msg->data.sensor_type= 2
[91m [1776438989.717028] Client: [0m---before writing in log upd_msg->data.sid= device_0
[91m [1776438989.717033] Client: [0m---after writing in log upd_msg->seq_no = 9
[91m [1776438989.717040] Client: [0m---after writing in log upd_msg->data.sensor_type = 2
[91m [1776438989.717044] Client: [0m---after writing in log upd_msg->reliable = 1
[91m [1776438989.948833] BSON Message: [0mInside sensor type parsing.
[91m [1776438989.948852] BSON Message: [0mInside sensor type parsing end.
[91m [1776438989.948858] BSON Message: [0mInside sid parsing
[91m [1776438989.948862] BSON Message: [0mInside temp1 parsing.
connceting to 127.0.0.1
Got a message from the server.
Message type is 1
Sensors: 
device_0
temp_1
gps_2
Subscribing to all sensors.
Got a message from the server.
Message type is 3
what is happening
subscription ok for device_0 
requested to remove a subscription but no such subscription found
what is happening
subscription ok for temp_1 
requested to remove a subscription but no such subscription found
what is happening
subscription ok for gps_2 
requested to remove a subscription but no such subscription found
Got a message from the server.
Message type is 4
---------Update message arrived------------ 1
Got a message from the server.
Message type is 4
---------Update message arrived------------ 1
Got a message from the server.
Message type is 4
---------Update message arrived------------ 1
Got a message from the server.
Message type is 4
---------Update message arrived------------ 1
Got a message from the server.
Message type is 4
---------Update message arrived------------ 1
Got a message from the server.
Message type is 4
---------Update message arrived------------ 1
Got a message from the server.
Message type is 4
---------Update message arrived------------ 1
Got a message from the server.
Message type is 4
---------Update message arrived------------ 1
Got a message from the server.
Message type is 4
---------Update message arrived------------ 1
Got a message from the server.
Message type is 4
---------Update message arrived------------ 1
Got a message from the server.
Message type is 4
---------Update message arrived------------ 1
Got a message from the server.
Message type is 4
---------Update message arrived------------ 1
Got a message from the server.
Message type is 4
---------Update message arrived------------ 1
Got a message from the server.
Message type is 4
---------Update message arrived------------ 1
Got a message from the server.
Message type is 4
---------Update message arrived------------ 1
Got a message from the server.
Message type is 4
---------Update message arrived------------ 1
Got a message from the server.
Message type is 4
---------Update message arrived------------ 1
Got a message from the server.
Message type is 4
---------Update message arrived------------ 1
Got a message from the server.
Message type is 4
---------Update message arrived------------ 1
Got a message from the server.
Message type is 4
---------Update message arrived------------ 1
Got a message from the server.
Message type is 4
---------Update message arrived------------ 1
Got a message from the server.
Message type is 4
---------Update message arrived------------ 1
Got a message from the server.
Message type is 4
---------Update message arrived------------ 1
Got a message from the server.
Message type is 4
---------Update message arrived------------ 1
Got a message from the server.
Message type is 4
---------Update message arrived------------ 1
Got a message from the server.
Message type is 4
---------Update message arrived------------ 1
Got a message from the server.
Message type is 4
---------Update message arrived------------ 1
Got a message from the server.
Message type is 4
---------Update message arrived------------ 1
Got a message from the server.
Message type is 4
---------Update message arrived------------ 1
Got a message from the server.
Message type is 4
---------Update message arrived------------ 1
Got a message from the server.
Message type is 4
---------Update message arrived------------ 1
Got a message from the server.
Message type is 4
---------Update message arrived------------ 1
Got a message from the server.
Message type is 4
---------Update message arrived------------ 1
Got a message from the server.
Message type is 4
---------Update message arrived------------ 1
Got a message from the server.
Message type is 4
---------Update message arrived------------ 1
Got a message from the server.
Message type is 4
---------Update message arrived------------ 1
Got a message from the server.
Message type is 4
---------Update message arrived------------ 1
Got a message from the server.
Message type is 4
---------Upda[91m [1776438989.948879] Client: [0m---before writing in log upd_msg->seq_no= 23
[91m [1776438989.948887] Client: [0m---before writing in log upd_msg->type= 4
[91m [1776438989.948891] Client: [0m---before writing in log upd_msg->frag_no= 0
[91m [1776438989.948896] Client: [0m---before writing in log upd_msg->reliable= 1
[91m [1776438989.948900] Client: [0m---before writing in log upd_msg->data.sensor_type= 1
[91m [1776438989.948905] Client: [0m---before writing in log upd_msg->data.sid= temp_1
[91m [1776438989.948910] Client: [0m---after writing in log upd_msg->seq_no = 23
[91m [1776438989.948915] Client: [0m---after writing in log upd_msg->data.sensor_type = 1
[91m [1776438989.948920] Client: [0m---after writing in log upd_msg->reliable = 1
[91m [1776438990.949108] BSON Message: [0mInside sensor type parsing.
[91m [1776438990.949125] BSON Message: [0mInside sensor type parsing end.
[91m [1776438990.949129] BSON Message: [0mInside sid parsing
[91m [1776438990.949134] BSON Message: [0mInside temp1 parsing.
[91m [1776438990.949139] Client: [0m---before writing in log upd_msg->seq_no= 24
[91m [1776438990.949143] Client: [0m---before writing in log upd_msg->type= 4
[91m [1776438990.949146] Client: [0m---before writing in log upd_msg->frag_no= 0
[91m [1776438990.949150] Client: [0m---before writing in log upd_msg->reliable= 1
[91m [1776438990.949155] Client: [0m---before writing in log upd_msg->data.sensor_type= 1
[91m [1776438990.949160] Client: [0m---before writing in log upd_msg->data.sid= temp_1
[91m [1776438990.949170] Client: [0m---after writing in log upd_msg->seq_no = 24
[91m [1776438990.949178] Client: [0m---after writing in log upd_msg->data.sensor_type = 1
[91m [1776438990.949183] Client: [0m---after writing in log upd_msg->reliable = 1
[91m [1776438991.949336] BSON Message: [0mInside sensor type parsing.
[91m [1776438991.949353] BSON Message: [0mInside sensor type parsing end.
[91m [1776438991.949358] BSON Message: [0mInside sid parsing
[91m [1776438991.949365] BSON Message: [0mInside temp1 parsing.
[91m [1776438991.949371] Client: [0m---before writing in log upd_msg->seq_no= 25
[91m [1776438991.949376] Client: [0m---before writing in log upd_msg->type= 4
[91m [1776438991.949380] Client: [0m---before writing in log upd_msg->frag_no= 0
[91m [1776438991.949386] Client: [0m---before writing in log upd_msg->reliable= 1
[91m [1776438991.949390] Client: [0m---before writing in log upd_msg->data.sensor_type= 1
[91m [1776438991.949394] Client: [0m---before writing in log upd_msg->data.sid= temp_1
[91m [1776438991.949400] Client: [0m---after writing in log upd_msg->seq_no = 25
[91m [1776438991.949410] Client: [0m---after writing in log upd_msg->data.sensor_type = 1
[91m [1776438991.949416] Client: [0m---after writing in log upd_msg->reliable = 1
[91m [1776438992.949643] BSON Message: [0mInside sensor type parsing.
[91m [1776438992.949662] BSON Message: [0mInside sensor type parsing end.
[91m [1776438992.949667] BSON Message: [0mInside sid parsing
[91m [1776438992.949672] BSON Message: [0mInside temp1 parsing.
[91m [1776438992.949678] Client: [0m---before writing in log upd_msg->seq_no= 26
[91m [1776438992.949682] Client: [0m---before writing in log upd_msg->type= 4
[91m [1776438992.949686] Client: [0m---before writing in log upd_msg->frag_no= 0
[91m [1776438992.949690] Client: [0m---before writing in log upd_msg->reliable= 1
[91m [1776438992.949694] Client: [0m---before writing in log upd_msg->data.sensor_type= 1
[91m [1776438992.949698] Client: [0m---before writing in log upd_msg->data.sid= temp_1
[91m [1776438992.949704] Client: [0m---after writing in log upd_msg->seq_no = 26
[91m [1776438992.949708] Client: [0m---after writing in log upd_msg->data.sensor_type = 1
[91m [1776438992.949712] Client: [0m---after writing in log upd_msg->reliable = 1
[91m [1776438993.559487] BSON Message: [0mInside sensor type parsing.
[91m [1776438993.559517] BSON Message: [0mInside sensor type parsing end.
[91m [1776438993.559524] BSON Message: [0mInside sid parsing
[91m [1776438993.559531] Client: [0m---before writing in log upd_msg->seq_no= 10
[91m [1776438993.559537] Client: [0m---before writing in log upd_msg->type= 4
[91m [1776438993.559551] Client: [0m---before writing in log upd_msg->frag_no= 0
[91m [1776438993.559556] Client: [0m---before writing in log upd_msg->reliable= 0
[91m [1776438993.559561] Client: [0m---before writing in log upd_msg->data.sensor_type= 2
[91m [1776438993.559567] Client: [0m---before writing in log upd_msg->data.sid= device_0
[91m [1776438993.559582] Client: [0m---after writing in log upd_msg->seq_no = 10
[91m [1776438993.559587] Client: [0m---after writing in log upd_msg->data.sensor_type = 2
[91m [1776438993.559593] Client: [0m---after writing in log upd_msg->reliable = 0
[91m [1776438993.949979] BSON Message: [0mInside sensor type parsing.
[91m [1776438993.949996] BSON Message: [0mInside sensor type parsing end.
[91m [1776438993.950001] BSON Message: [0mInside sid parsing
[91m [1776438993.950005] BSON Message: [0mInside temp1 parsing.
[91m [1776438993.950010] Client: [0m---before writing in log upd_msg->seq_no= 27
[91m [1776438993.950014] Client: [0m---before writing in log upd_msg->type= 4
[91m [1776438993.950018] Client: [0m---before writing in log upd_msg->frag_no= 0
[91m [1776438993.950022] Client: [0m---before writing in log upd_msg->reliable= 1
[91m [1776438993.950026] Client: [0m---before writing in log upd_msg->data.sensor_type= 1
[91m [1776438993.950030] Client: [0m---before writing in log upd_msg->data.sid= temp_1
[91m [1776438993.950035] Client: [0m---after writing in log upd_msg->seq_no = 27
[91m [1776438993.950038] Client: [0m---after writing in log upd_msg->data.sensor_type = 1
[91m [1776438993.950042] Client: [0m---after writing in log upd_msg->reliable = 1
[91m [1776438994.950180] BSON Message: [0mInside sensor type parsing.
[91m [1776438994.950194] BSON Message: [0mInside sensor type parsing end.
[91m [1776438994.950198] BSON Message: [0mInside sid parsing
[91m [1776438994.950202] BSON Message: [0mInside temp1 parsing.
[91m [1776438994.950208] Client: [0m---before writing in log upd_msg->seq_no= 28
[91m [1776438994.950213] Client: [0m---before writing in log upd_msg->type= 4
[91m [1776438994.950218] Client: [0m---before writing in log upd_msg->frag_no= 0
[91m [1776438994.950221] Client: [0m---before writing in log upd_msg->reliable= 1
[91m [1776438994.950224] Client: [0m---before writing in log upd_msg->data.sensor_type= 1
[91m [1776438994.950230] Client: [0m---before writing in log upd_msg->data.sid= temp_1
[91m [1776438994.950236] Client: [0m---after writing in log upd_msg->seq_no = 28
[91m [1776438994.950246] Client: [0m---after writing in log upd_msg->data.sensor_type = 1
[91m [1776438994.950251] Client: [0m---after writing in log upd_msg->reliable = 1
[91m [1776438995.436247] BSON Message: [0mInside sensor type parsing.
[91m [1776438995.436268] BSON Message: [0mInside sensor type parsing end.
[91m [1776438995.436275] BSON Message: [0mInside sid parsing
[91m [1776438995.436282] Client: [0m---before writing in log upd_msg->seq_no= 11
[91m [1776438995.436289] Client: [0m---before writing in log upd_msg->type= 4
[91m [1776438995.436294] Client: [0m---before writing in log upd_msg->frag_no= 0
[91m [1776438995.436299] Client: [0m---before writing in log upd_msg->reliable= 1
[91m [1776438995.436304] Client: [0m---before writing in log upd_msg->data.sensor_type= 2
[91m [1776438995.436310] Client: [0m---before writing in log upd_msg->data.sid= device_0
[91m [1776438995.436316] Client: [0m---after writing in log upd_msg->seq_no = 11
[91m [1776438995.436321] Client: [0m---after writing in log upd_msg->data.sensor_type = 2
[91m [1776438995.436327] Client: [0m---after writing in log upd_msg->reliable = 1
[91m [1776438995.950537] BSON Message: [0mInside sensor type parsing.
[91m [1776438995.950554] BSON Message: [0mInside sensor type parsing end.
[91m [1776438995.950560] BSON Message: [0mInside sid parsing
[91m [1776438995.950564] BSON Message: [0mInside temp1 parsing.
[91m [1776438995.950570] Client: [0m---before writing in log upd_msg->seq_no= 29
[91m [1776438995.950574] Client: [0m---before writing in log upd_msg->type= 4
[91m [1776438995.950577] Client: [0m---before writing in log upd_msg->frag_no= 0
[91m [1776438995.950582] Client: [0m---before writing in log upd_msg->reliable= 1
[91m [1776438995.950586] Client: [0m---before writing in log upd_msg->data.sensor_type= 1
[91m [1776438995.950590] Client: [0m---before writing in log upd_msg->data.sid= temp_1
[91m [1776438995.950595] Client: [0m---after writing in log upd_msg->seq_no = 29
[91m [1776438995.950599] Client: [0m---after writing in log upd_msg->data.sensor_type = 1
[91m [1776438995.950603] Client: [0m---after writing in log upd_msg->reliable = 1
[91m [1776438996.416583] BSON Message: [0mInside sensor type parsing.
[91m [1776438996.416601] BSON Message: [0mInside sensor type parsing end.
[91m [1776438996.416607] BSON Message: [0mInside sid parsing
[91m [1776438996.416613] Client: [0m---before writing in log upd_msg->seq_no= 12
[91m [1776438996.416618] Client: [0m---before writing in log upd_msg->type= 4
[91m [1776438996.416622] Client: [0m---before writing in log upd_msg->frag_no= 0
[91m [1776438996.416626] Client: [0m---before writing in log upd_msg->reliable= 1
[91m [1776438996.416632] Client: [0m---before writing in log upd_msg->data.sensor_type= 2
[91m [1776438996.416637] Client: [0m---before writing in log upd_msg->data.sid= device_0
[91m [1776438996.416645] Client: [0m---after writing in log upd_msg->seq_no = 12
[91m [1776438996.416649] Client: [0m---after writing in log upd_msg->data.sensor_type = 2
[91m [1776438996.416657] Client: [0m---after writing in log upd_msg->reliable = 1
[91m [1776438996.685877] BSON Message: [0mInside sensor type parsing.
[91m [1776438996.685895] BSON Message: [0mInside sensor type parsing end.
[91m [1776438996.685903] BSON Message: [0mInside sid parsing
[91m [1776438996.685911] Client: [0m---before writing in log upd_msg->seq_no= 13
[91m [1776438996.685917] Client: [0m---before writing in log upd_msg->type= 4
[91m [1776438996.685923] Client: [0m---before writing in log upd_msg->frag_no= 0
[91m [1776438996.685932] Client: [0m---before writing in log upd_msg->reliable= 1
[91m [1776438996.685938] Client: [0m---before writing in log upd_msg->data.sensor_type= 2
[91m [1776438996.685947] Client: [0m---before writing in log upd_msg->data.sid= device_0
[91m [1776438996.685954] Client: [0m---after writing in log upd_msg->seq_no = 13
[91m [1776438996.685960] Client: [0m---after writing in log upd_msg->data.sensor_type = 2
[91m [1776438996.685974] Client: [0m---after writing in log upd_msg->reliable = 1
[91m [1776438996.950807] BSON Message: [0mInside sensor type parsing.
[91m [1776438996.950827] BSON Message: [0mInside sensor type parsing end.
[91m [1776438996.950834] BSON Message: [0mInside sid parsing
[91m [1776438996.950839] BSON Message: [0mInside temp1 parsing.
[91m [1776438996.950846] Client: [0m---before writing in log upd_msg->seq_no= 30
[91m [1776438996.950851] Client: [0m---before writing in log upd_msg->type= 4
[91m [1776438996.950855] Client: [0m---before writing in log upd_msg->frag_no= 0
[91m [1776438996.950860] Client: [0m---before writing in log upd_msg->reliable= 1
[91m [1776438996.950865] Client: [0m---before writing in log upd_msg->data.sensor_type= 1
[91m [1776438996.950870] Client: [0m---before writing in log upd_msg->data.sid= temp_1
[91m [1776438996.950877] Client: [0m---after writing in log upd_msg->seq_no = 30
[91m [1776438996.950884] Client: [0m---after writing in log upd_msg->data.sensor_type = 1
[91m [1776438996.950890] Client: [0m---after writing in log upd_msg->reliable = 1
[91m [1776438997.792887] BSON Message: [0mInside sensor type parsing.
[91m [1776438997.792902] BSON Message: [0mInside sensor type parsing end.
[91m [1776438997.792907] BSON Message: [0mInside sid parsing
[91m [1776438997.792912] Client: [0m---before writing in log upd_msg->seq_no= 14
[91m [1776438997.792915] Client: [0m---before writing in log upd_msg->type= 4
[91m [1776438997.792918] Client: [0m---before writing in log upd_msg->frag_no= 0
[91m [1776438997.792922] Client: [0m---before writing in log upd_msg->reliable= 1
[91m [1776438997.792926] Client: [0m---before writing in log upd_msg->data.sensor_type= 2
[91m [1776438997.792930] Client: [0m---before writing in log upd_msg->data.sid= device_0
[91m [1776438997.792936] Client: [0m---after writing in log upd_msg->seq_no = 14
[91m [1776438997.792940] Client: [0m---after writing in log upd_msg->data.sensor_type = 2
[91m [1776438997.792945] Client: [0m---after writing in log upd_msg->reliable = 1
[91m [1776438997.951051] BSON Message: [0mInside sensor type parsing.
[91m [1776438997.951067] BSON Message: [0mInside sensor type parsing end.
[91m [1776438997.951072] BSON Message: [0mInside sid parsing
[91m [1776438997.951077] BSON Message: [0mInside temp1 parsing.
[91m [1776438997.951082] Client: [0m---before writing in log upd_msg->seq_no= 31
[91m [1776438997.951086] Client: [0m---before writing in log upd_msg->type= 4
[91m [1776438997.951090] Client: [0m---before writing in log upd_msg->frag_no= 0
[91m [1776438997.951094] Client: [0m---before writing in log upd_msg->reliable= 1
[91m [1776438997.951097] Client: [0m---before writing in log upd_msg->data.sensor_type= 1
[91m [1776438997.951101] Client: [0m---before writing in log upd_msg->data.sid= temp_1
[91m [1776438997.951106] Client: [0m---after writing in log upd_msg->seq_no = 31
[91m [1776438997.951110] Client: [0m---after writing in log upd_msg->data.sensor_type = 1
[91m [1776438997.951114] Client: [0m---after writing in log upd_msg->reliable = 1
[91m [1776438998.951381] BSON Message: [0mInside sensor type parsing.
[91m [1776438998.951400] BSON Message: [0mInside sensor type parsing end.
[91m [1776438998.951408] BSON Message: [0mInside sid parsing
[91m [1776438998.951415] BSON Message: [0mInside temp1 parsing.
[91m [1776438998.951424] Client: [0m---before writing in log upd_msg->seq_no= 32
[91m [1776438998.951433] Client: [0m---before writing in log upd_msg->type= 4
[91m [1776438998.951441] Client: [0m---before writing in log upd_msg->frag_no= 0
[91m [1776438998.951449] Client: [0m---before writing in log upd_msg->reliable= 1
[91m [1776438998.951457] Client: [0m---before writing in log upd_msg->data.sensor_type= 1
[91m [1776438998.951466] Client: [0m---before writing in log upd_msg->data.sid= temp_1
[91m [1776438998.951476] Client: [0m---after writing in log upd_msg->seq_no = 32
[91m [1776438998.951483] Client: [0m---after writing in log upd_msg->data.sensor_type = 1
[91m [1776438998.951496] Client: [0m---after writing in log upd_msg->reliable = 1
[91m [1776438999.951626] BSON Message: [0mInside sensor type parsing.
[91m [1776438999.951641] BSON Message: [0mInside sensor type parsing end.
[91m [1776438999.951646] BSON Message: [0mInside sid parsing
[91m [1776438999.951651] BSON Message: [0mInside temp1 parsing.
[91m [1776438999.951657] Client: [0m---before writing in log upd_msg->seq_no= 33
[91m [1776438999.951661] Client: [0m---before writing in log upd_msg->type= 4
[91m [1776438999.951665] Client: [0m---before writing in log upd_msg->frag_no= 0
[91m [1776438999.951669] Client: [0m---before writing in log upd_msg->reliable= 1
[91m [1776438999.951673] Client: [0m---before writing in log upd_msg->data.sensor_type= 1
[91m [1776438999.951677] Client: [0m---before writing in log upd_msg->data.sid= temp_1
[91m [1776438999.951682] Client: [0m---after writing in log upd_msg->seq_no = 33
[91m [1776438999.951686] Client: [0m---after writing in log upd_msg->data.sensor_type = 1
[91m [1776438999.951690] Client: [0m---after writing in log upd_msg->reliable = 1
[91m [1776439000.951935] BSON Message: [0mInside sensor type parsing.
[91m [1776439000.951954] BSON Message: [0mInside sensor type parsing end.
[91m [1776439000.951960] BSON Message: [0mInside sid parsing
[91m [1776439000.951965] BSON Message: [0mInside temp1 parsing.
[91m [1776439000.951970] Client: [0m---before writing in log upd_msg->seq_no= 34
[91m [1776439000.951976] Client: [0m---before writing in log upd_msg->type= 4
[91m [1776439000.951980] Client: [0m---before writing in log upd_msg->frag_no= 0
[91m [1776439000.951985] Client: [0m---before writing in log upd_msg->reliable= 1
[91m [1776439000.951989] Client: [0m---before writing in log upd_msg->data.sensor_type= 1
[91m [1776439000.951994] Client: [0m---before writing in log upd_msg->data.sid= temp_1
[91m [1776439000.952000] Client: [0m---after writing in log upd_msg->seq_no = 34
[91m [1776439000.952004] Client: [0m---after writing in log upd_msg->data.sensor_type = 1
[91m [1776439000.952008] Client: [0m---after writing in log upd_msg->reliable = 1
[91m [1776439001.956998] BSON Message: [0mInside sensor type parsing.
[91m [1776439001.957007] BSON Message: [0mInside sensor type parsing end.
[91m [1776439001.957011] BSON Message: [0mInside sid parsing
[91m [1776439001.957014] BSON Message: [0mInside temp1 parsing.
[91m [1776439001.957018] Client: [0m---before writing in log upd_msg->seq_no= 35
[91m [1776439001.957021] Client: [0m---before writing in log upd_msg->type= 4
[91m [1776439001.957024] Client: [0m---before writing in log upd_msg->frag_no= 0
[91m [1776439001.957027] Client: [0m---before writing in log upd_msg->reliable= 1
[91m [1776439001.957031] Client: [0m---before writing in log upd_msg->data.sensor_type= 1
[91m [1776439001.957034] Client: [0m---before writing in log upd_msg->data.sid= temp_1
[91m [1776439001.957038] Client: [0m---after writing in log upd_msg->seq_no = 35
[91m [1776439001.957041] Client: [0m---after writing in log upd_msg->data.sensor_type = 1
[91m [1776439001.957044] Client: [0m---after writing in log upd_msg->reliable = 1
[91m [1776439002.602276] BSON Message: [0mInside sensor type parsing.
[91m [1776439002.602298] BSON Message: [0mInside sensor type parsing end.
[91m [1776439002.602304] BSON Message: [0mInside sid parsing
[91m [1776439002.602311] Client: [0m---before writing in log upd_msg->seq_no= 15
[91m [1776439002.602316] Client: [0m---before writing in log upd_msg->type= 4
[91m [1776439002.602321] Client: [0m---before writing in log upd_msg->frag_no= 0
[91m [1776439002.602325] Client: [0m---before writing in log upd_msg->reliable= 1
[91m [1776439002.602330] Client: [0m---before writing in log upd_msg->data.sensor_type= 2
[91m [1776439002.602334] Client: [0m---before writing in log upd_msg->data.sid= device_0
[91m [1776439002.602339] Client: [0m---after writing in log upd_msg->seq_no = 15
[91m [1776439002.602352] Client: [0m---after writing in log upd_msg->data.sensor_type = 2
[91m [1776439002.602359] Client: [0m---after writing in log upd_msg->reliable = 1
[91m [1776439002.952526] BSON Message: [0mInside sensor type parsing.
[91m [1776439002.952544] BSON Message: [0mInside sensor type parsing end.
[91m [1776439002.952550] BSON Message: [0mInside sid parsing
[91m [1776439002.952555] BSON Message: [0mInside temp1 parsing.
[91m [1776439002.952561] Client: [0m---before writing in log upd_msg->seq_no= 36
[91m [1776439002.952566] Client: [0m---before writing in log upd_msg->type= 4
[91m [1776439002.952570] Client: [0m---before writing in log upd_msg->frag_no= 0
[91m [1776439002.952575] Client: [0m---before writing in log upd_msg->reliable= 1
[91m [1776439002.952579] Client: [0m---before writing in log upd_msg->data.sensor_type= 1
[91m [1776439002.952583] Client: [0m---before writing in log upd_msg->data.sid= temp_1
[91m [1776439002.952588] Client: [0m---after writing in log upd_msg->seq_no = 36
[91m [1776439002.952594] Client: [0m---after writing in log upd_msg->data.sensor_type = 1
[91m [1776439002.952598] Client: [0m---after writing in log upd_msg->reliable = 1
[91m [1776439003.432126] BSON Message: [0mInside sensor type parsing.
[91m [1776439003.432143] BSON Message: [0mInside sensor type parsing end.
[91m [1776439003.432148] BSON Message: [0mInside sid parsing
[91m [1776439003.432153] BSON Message: [0mInside gps1 parsing.
[91m [1776439003.432158] Client: [0m---before writing in log upd_msg->seq_no= 4
[91m [1776439003.432263] Client: [0m---before writing in log upd_msg->type= 4
[91m [1776439003.432273] Client: [0m---before writing in log upd_msg->frag_no= 0
[91m [1776439003.432277] Client: [0m---before writing in log upd_msg->reliable= 1
[91m [1776439003.432281] Client: [0m---before writing in log upd_msg->data.sensor_type= 3
[91m [1776439003.432286] Client: [0m---before writing in log upd_msg->data.sid= gps_2
[91m [1776439003.432292] Client: [0m---after writing in log upd_msg->seq_no = 4
[91m [1776439003.432298] Client: [0m---after writing in log upd_msg->data.sensor_type = 3
[91m [1776439003.432304] Client: [0m---after writing in log upd_msg->reliable = 1
[91m [1776439003.952889] BSON Message: [0mInside sensor type parsing.
[91m [1776439003.952909] BSON Message: [0mInside sensor type parsing end.
[91m [1776439003.952914] BSON Message: [0mInside sid parsing
[91m [1776439003.952920] BSON Message: [0mInside temp1 parsing.
[91m [1776439003.952927] Client: [0m---before writing in log upd_msg->seq_no= 37
[91m [1776439003.952932] Client: [0m---before writing in log upd_msg->type= 4
[91m [1776439003.952937] Client: [0m---before writing in log upd_msg->frag_no= 0
[91m [1776439003.952943] Client: [0m---before writing in log upd_msg->reliable= 1
[91m [1776439003.952948] Client: [0m---before writing in log upd_msg->data.sensor_type= 1
[91m [1776439003.952953] Client: [0m---before writing in log upd_msg->data.sid= temp_1
[91m [1776439003.952960] Client: [0m---after writing in log upd_msg->seq_no = 37
[91m [1776439003.952965] Client: [0m---after writing in log upd_msg->data.sensor_type = 1
[91m [1776439003.952971] Client: [0m---after writing in log upd_msg->reliable = 1
[91m [1776439004.953197] BSON Message: [0mInside sensor type parsing.
[91m [1776439004.953212] BSON Message: [0mInside sensor type parsing end.
[91m [1776439004.953217] BSON Message: [0mInside sid parsing
[91m [1776439004.953222] BSON Message: [0mInside temp1 parsing.
[91m [1776439004.953228] Client: [0m---before writing in log upd_msg->seq_no= 38
[91m [1776439004.953233] Client: [0m---before writing in log upd_msg->type= 4
[91m [1776439004.953237] Client: [0m---before writing in log upd_msg->frag_no= 0
[91m [1776439004.953242] Client: [0m---before writing in log upd_msg->reliable= 1
[91m [1776439004.953246] Client: [0m---before writing in log upd_msg->data.sensor_type= 1
[91m [1776439004.953253] Client: [0m---before writing in log upd_msg->data.sid= temp_1
[91m [1776439004.953266] Client: [0m---after writing in log upd_msg->seq_no = 38
[91m [1776439004.953270] Client: [0m---after writing in log upd_msg->data.sensor_type = 1
[91m [1776439004.953274] Client: [0m---after writing in log upd_msg->reliable = 1
[91m [1776439005.963471] BSON Message: [0mInside sensor type parsing.
[91m [1776439005.963482] BSON Message: [0mInside sensor type parsing end.
[91m [1776439005.963487] BSON Message: [0mInside sid parsing
[91m [1776439005.963492] BSON Message: [0mInside temp1 parsing.
[91m [1776439005.963496] Client: [0m---before writing in log upd_msg->seq_no= 39
[91m [1776439005.963507] Client: [0m---before writing in log upd_msg->type= 4
[91m [1776439005.963513] Client: [0m---before writing in log upd_msg->frag_no= 0
[91m [1776439005.963517] Client: [0m---before writing in log upd_msg->reliable= 1
[91m [1776439005.963520] Client: [0m---before writing in log upd_msg->data.sensor_type= 1
[91m [1776439005.963523] Client: [0m---before writing in log upd_msg->data.sid= temp_1
[91m [1776439005.963528] Client: [0m---after writing in log upd_msg->seq_no = 39
[91m [1776439005.963533] Client: [0m---after writing in log upd_msg->data.sensor_type = 1
[91m [1776439005.963537] Client: [0m---after writing in log upd_msg->reliable = 1
[91m [1776439006.953794] BSON Message: [0mInside sensor type parsing.
[91m [1776439006.953812] BSON Message: [0mInside sensor type parsing end.
[91m [1776439006.953817] BSON Message: [0mInside sid parsing
[91m [1776439006.953822] BSON Message: [0mInside temp1 parsing.
[91m [1776439006.953827] Client: [0m---before writing in log upd_msg->seq_no= 40
[91m [1776439006.953831] Client: [0m---before writing in log upd_msg->type= 4
[91m [1776439006.953835] Client: [0m---before writing in log upd_msg->frag_no= 0
[91m [1776439006.953839] Client: [0m---before writing in log upd_msg->reliable= 1
[91m [1776439006.953843] Client: [0m---before writing in log upd_msg->data.sensor_type= 1
[91m [1776439006.953847] Client: [0m---before writing in log upd_msg->data.sid= temp_1
[91m [1776439006.953852] Client: [0m---after writing in log upd_msg->seq_no = 40
[91m [1776439006.953856] Client: [0m---after writing in log upd_msg->data.sensor_type = 1
[91m [1776439006.953860] Client: [0m---after writing in log upd_msg->reliable = 1
[91m [1776439007.199740] BSON Message: [0mInside sensor type parsing.
[91m [1776439007.199757] BSON Message: [0mInside sensor type parsing end.
[91m [1776439007.199762] BSON Message: [0mInside sid parsing
[91m [1776439007.199768] Client: [0m---before writing in log upd_msg->seq_no= 16
[91m [1776439007.199773] Client: [0m---before writing in log upd_msg->type= 4
[91m [1776439007.199777] Client: [0m---before writing in log upd_msg->frag_no= 0
[91m [1776439007.199781] Client: [0m---before writing in log upd_msg->reliable= 1
[91m [1776439007.199786] Client: [0m---before writing in log upd_msg->data.sensor_type= 2
[91m [1776439007.199792] Client: [0m---before writing in log upd_msg->data.sid= device_0
[91m [1776439007.199801] Client: [0m---after writing in log upd_msg->seq_no = 16
[91m [1776439007.199807] Client: [0m---after writing in log upd_msg->data.sensor_type = 2
[91m [1776439007.199812] Client: [0m---after writing in log upd_msg->reliable = 1
[91m [1776439007.954064] BSON Message: [0mInside sensor type parsing.
[91m [1776439007.954091] BSON Message: [0mInside sensor type parsing end.
[91m [1776439007.954097] BSON Message: [0mInside sid parsing
[91m [1776439007.954103] BSON Message: [0mInside temp1 parsing.
[91m [1776439007.954142] Client: [0m---before writing in log upd_msg->seq_no= 41
[91m [1776439007.954155] Client: [0m---before writing in log upd_msg->type= 4
[91m [1776439007.954159] Client: [0m---before writing in log upd_msg->frag_no= 0
[91m [1776439007.954164] Client: [0m---before writing in log upd_msg->reliable= 1
[91m [1776439007.954173] Client: [0m---before writing in log upd_msg->data.sensor_type= 1
[91m [1776439007.954177] Client: [0m---before writing in log upd_msg->data.sid= temp_1
[91m [1776439007.954195] Client: [0m---after writing in log upd_msg->seq_no = 41
[91m [1776439007.954199] Client: [0m---after writing in log upd_msg->data.sensor_type = 1
[91m [1776439007.954209] Client: [0m---after writing in log upd_msg->reliable = 1
[91m [1776439008.815775] BSON Message: [0mInside sensor type parsing.
[91m [1776439008.815791] BSON Message: [0mInside sensor type parsing end.
[91m [1776439008.815796] BSON Message: [0mInside sid parsing
[91m [1776439008.815801] BSON Message: [0mInside gps1 parsing.
[91m [1776439008.815807] Client: [0m---before writing in log upd_msg->seq_no= 5
[91m [1776439008.815812] Client: [0m---before writing in log upd_msg->type= 4
[91m [1776439008.815816] Client: [0m---before writing in log upd_msg->frag_no= 0
[91m [1776439008.815821] Client: [0m---before writing in log upd_msg->reliable= 1
[91m [1776439008.815826] Client: [0m---before writing in log upd_msg->data.sensor_type= 3
[91m [1776439008.815830] Client: [0m---before writing in log upd_msg->data.sid= gps_2
[91m [1776439008.815838] Client: [0m---after writing in log upd_msg->seq_no = 5
[91m [1776439008.815843] Client: [0m---after writing in log upd_msg->data.sensor_type = 3
[91m [1776439008.815847] Client: [0m---after writing in log upd_msg->reliable = 1
[91m [1776439008.954476] BSON Message: [0mInside sensor type parsing.
[91m [1776439008.954499] BSON Message: [0mInside sensor type parsing end.
[91m [1776439008.954516] BSON Message: [0mInside sid parsing
[91m [1776439008.954521] BSON Message: [0mInside temp1 parsing.
[91m [1776439008.954527] Client: [0m---before writing in log upd_msg->seq_no= 42
[91m [1776439008.954533] Client: [0m---before writing in log upd_msg->type= 4
[91m [1776439008.954538] Client: [0m---before writing in log upd_msg->frag_no= 0
[91m [1776439008.954542] Client: [0m---before writing in log upd_msg->reliable= 1
[91m [1776439008.954546] Client: [0m---before writing in log upd_msg->data.sensor_type= 1
[91m [1776439008.954551] Client: [0m---before writing in log upd_msg->data.sid= temp_1
[91m [1776439008.954558] Client: [0m---after writing in log upd_msg->seq_no = 42
[91m [1776439008.954562] Client: [0m---after writing in log upd_msg->data.sensor_type = 1
[91m [1776439008.954567] Client: [0m---after writing in log upd_msg->reliable = 1
[91m [1776439009.954669] BSON Message: [0mInside sensor type parsing.
[91m [1776439009.954687] BSON Message: [0mInside sensor type parsing end.
[91m [1776439009.954692] BSON Message: [0mInside sid parsing
[91m [1776439009.954698] BSON Message: [0mInside temp1 parsing.
[91m [1776439009.954703] Client: [0m---before writing in log upd_msg->seq_no= 43
[91m [1776439009.954707] Client: [0m---before writing in log upd_msg->type= 4
[91m [1776439009.954712] Client: [0m---before writing in log upd_msg->frag_no= 0
[91m [1776439009.954716] Client: [0m---before writing in log upd_msg->reliable= 1
[91m [1776439009.954720] Client: [0m---before writing in log upd_msg->data.sensor_type= 1
[91m [1776439009.954725] Client: [0m---before writing in log upd_msg->data.sid= temp_1
[91m [1776439009.954731] Client: [0m---after writing in log upd_msg->seq_no = 43
[91m [1776439009.954735] Client: [0m---after writing in log upd_msg->data.sensor_type = 1
[91m [1776439009.954739] Client: [0m---after writing in log upd_msg->reliable = 1
[91m [1776439010.954995] BSON Message: [0mInside sensor type parsing.
[91m [1776439010.955016] BSON Message: [0mInside sensor type parsing end.
[91m [1776439010.955025] BSON Message: [0mInside sid parsing
[91m [1776439010.955032] BSON Message: [0mInside temp1 parsing.
[91m [1776439010.955039] Client: [0m---before writing in log upd_msg->seq_no= 44
[91m [1776439010.955045] Client: [0m---before writing in log upd_msg->type= 4
[91m [1776439010.955051] Client: [0m---before writing in log upd_msg->frag_no= 0
[91m [1776439010.955056] Client: [0m---before writing in log upd_msg->reliable= 1
[91m [1776439010.955060] Client: [0m---before writing in log upd_msg->data.sensor_type= 1
[91m [1776439010.955073] Client: [0m---before writing in log upd_msg->data.sid= temp_1
[91m [1776439010.955080] Client: [0m---after writing in log upd_msg->seq_no = 44
[91m [1776439010.955085] Client: [0m---after writing in log upd_msg->data.sensor_type = 1
[91m [1776439010.955090] Client: [0m---after writing in log upd_msg->reliable = 1
[91m [1776439011.341582] BSON Message: [0mInside sensor type parsing.
[91m [1776439011.341601] BSON Message: [0mInside sensor type parsing end.
[91m [1776439011.341608] BSON Message: [0mInside sid parsing
[91m [1776439011.341615] Client: [0m---before writing in log upd_msg->seq_no= 17
[91m [1776439011.341621] Client: [0m---before writing in log upd_msg->type= 4
[91m [1776439011.341626] Client: [0m---before writing in log upd_msg->frag_no= 0
[91m [1776439011.341631] Client: [0m---before writing in log upd_msg->reliable= 1
[91m [1776439011.341636] Client: [0m---before writing in log upd_msg->data.sensor_type= 2
[91m [1776439011.341641] Client: [0m---before writing in log upd_msg->data.sid= device_0
[91m [1776439011.341647] Client: [0m---after writing in log upd_msg->seq_no = 17
[91m [1776439011.341652] Client: [0m---after writing in log upd_msg->data.sensor_type = 2
[91m [1776439011.341657] Client: [0m---after writing in log upd_msg->reliable = 1
[91m [1776439011.955293] BSON Message: [0mInside sensor type parsing.
[91m [1776439011.955307] BSON Message: [0mInside sensor type parsing end.
[91m [1776439011.955313] BSON Message: [0mInside sid parsing
[91m [1776439011.955318] BSON Message: [0mInside temp1 parsing.
[91m [1776439011.955323] Client: [0m---before writing in log upd_msg->seq_no= 45
[91m [1776439011.955328] Client: [0m---before writing in log upd_msg->type= 4
[91m [1776439011.955333] Client: [0m---before writing in log upd_msg->frag_no= 0
[91m [1776439011.955337] Client: [0m---before writing in log upd_msg->reliable= 1
[91m [1776439011.955342] Client: [0m---before writing in log upd_msg->data.sensor_type= 1
[91m [1776439011.955346] Client: [0m---before writing in log upd_msg->data.sid= temp_1
[91m [1776439011.955351] Client: [0m---after writing in log upd_msg->seq_no = 45
[91m [1776439011.955355] Client: [0m---after writing in log upd_msg->data.sensor_type = 1
[91m [1776439011.955359] Client: [0m---after writing in log upd_msg->reliable = 1
[91m [1776439012.955628] BSON Message: [0mInside sensor type parsing.
[91m [1776439012.955640] BSON Message: [0mInside sensor type parsing end.
[91m [1776439012.955644] BSON Message: [0mInside sid parsing
[91m [1776439012.955648] BSON Message: [0mInside temp1 parsing.
[91m [1776439012.955653] Client: [0m---before writing in log upd_msg->seq_no= 46
[91m [1776439012.955657] Client: [0m---before writing in log upd_msg->type= 4
[91m [1776439012.955661] Client: [0m---before writing in log upd_msg->frag_no= 0
[91m [1776439012.955665] Client: [0m---before writing in log upd_msg->reliable= 1
[91m [1776439012.955668] Client: [0m---before writing in log upd_msg->data.sensor_type= 1
[91m [1776439012.955672] Client: [0m---before writing in log upd_msg->data.sid= temp_1
[91m [1776439012.955677] Client: [0m---after writing in log upd_msg->seq_no = 46
[91m [1776439012.955684] Client: [0m---after writing in log upd_msg->data.sensor_type = 1
[91m [1776439012.955688] Client: [0m---after writing in log upd_msg->reliable = 1
[91m [1776439013.435299] BSON Message: [0mInside sensor type parsing.
[91m [1776439013.435313] BSON Message: [0mInside sensor type parsing end.
[91m [1776439013.435319] BSON Message: [0mInside sid parsing
[91m [1776439013.435325] Client: [0m---before writing in log upd_msg->seq_no= 18
[91m [1776439013.435330] Client: [0m---before writing in log upd_msg->type= 4
[91m [1776439013.435335] Client: [0m---before writing in log upd_msg->frag_no= 0
[91m [1776439013.435340] Client: [0m---before writing in log upd_msg->reliable= 1
[91m [1776439013.435347] Client: [0m---before writing in log upd_msg->data.sensor_type= 2
[91m [1776439013.435358] Client: [0m---before writing in log upd_msg->data.sid= device_0
[91m [1776439013.435365] Client: [0m---after writing in log upd_msg->seq_no = 18
[91m [1776439013.435370] Client: [0m---after writing in log upd_msg->data.sensor_type = 2
[91m [1776439013.435376] Client: [0m---after writing in log upd_msg->reliable = 1
[91m [1776439013.955848] BSON Message: [0mInside sensor type parsing.
[91m [1776439013.955862] BSON Message: [0mInside sensor type parsing end.
[91m [1776439013.955867] BSON Message: [0mInside sid parsing
[91m [1776439013.955871] BSON Message: [0mInside temp1 parsing.
[91m [1776439013.955876] Client: [0m---before writing in log upd_msg->seq_no= 47
[91m [1776439013.955881] Client: [0m---before writing in log upd_msg->type= 4
[91m [1776439013.955885] Client: [0m---before writing in log upd_msg->frag_no= 0
[91m [1776439013.955888] Client: [0m---before writing in log upd_msg->reliable= 1
[91m [1776439013.955892] Client: [0m---before writing in log upd_msg->data.sensor_type= 1
[91m [1776439013.955896] Client: [0m---before writing in log upd_msg->data.sid= temp_1
[91m [1776439013.955901] Client: [0m---after writing in log upd_msg->seq_no = 47
[91m [1776439013.955906] Client: [0m---after writing in log upd_msg->data.sensor_type = 1
[91m [1776439013.955910] Client: [0m---after writing in log upd_msg->reliable = 1
[91m [1776439014.752302] BSON Message: [0mInside sensor type parsing.
[91m [1776439014.752314] BSON Message: [0mInside sensor type parsing end.
[91m [1776439014.752318] BSON Message: [0mInside sid parsing
[91m [1776439014.752322] BSON Message: [0mInside gps1 parsing.
[91m [1776439014.752328] Client: [0m---before writing in log upd_msg->seq_no= 6
[91m [1776439014.752333] Client: [0m---before writing in log upd_msg->type= 4
[91m [1776439014.752337] Client: [0m---before writing in log upd_msg->frag_no= 0
[91m [1776439014.752343] Client: [0m---before writing in log upd_msg->reliable= 1
[91m [1776439014.752347] Client: [0m---before writing in log upd_msg->data.sensor_type= 3
[91m [1776439014.752351] Client: [0m---before writing in log upd_msg->data.sid= gps_2
[91m [1776439014.752358] Client: [0m---after writing in log upd_msg->seq_no = 6
[91m [1776439014.752362] Client: [0m---after writing in log upd_msg->data.sensor_type = 3
[91m [1776439014.752367] Client: [0m---after writing in log upd_msg->reliable = 1
[91m [1776439014.956134] BSON Message: [0mInside sensor type parsing.
[91m [1776439014.956152] BSON Message: [0mInside sensor type parsing end.
[91m [1776439014.956158] BSON Message: [0mInside sid parsing
[91m [1776439014.956164] BSON Message: [0mInside temp1 parsing.
[91m [1776439014.956170] Client: [0m---before writing in log upd_msg->seq_no= 48
[91m [1776439014.956175] Client: [0m---before writing in log upd_msg->type= 4
[91m [1776439014.956180] Client: [0m---before writing in log upd_msg->frag_no= 0
[91m [1776439014.956185] Client: [0m---before writing in log upd_msg->reliable= 1
[91m [1776439014.956190] Client: [0m---before writing in log upd_msg->data.sensor_type= 1
[91m [1776439014.956195] Client: [0m---before writing in log upd_msg->data.sid= temp_1
[91m [1776439014.956201] Client: [0m---after writing in log upd_msg->seq_no = 48
[91m [1776439014.956206] Client: [0m---after writing in log upd_msg->data.sensor_type = 1
[91m [1776439014.956211] Client: [0m---after writing in log upd_msg->reliable = 1
[91m [1776439015.956414] BSON Message: [0mInside sensor type parsing.
[91m [1776439015.956432] BSON Message: [0mInside sensor type parsing end.
[91m [1776439015.956438] BSON Message: [0mInside sid parsing
[91m [1776439015.956444] BSON Message: [0mInside temp1 parsing.
[91m [1776439015.956450] Client: [0m---before writing in log upd_msg->seq_no= 49
[91m [1776439015.956455] Client: [0m---before writing in log upd_msg->type= 4
[91m [1776439015.956459] Client: [0m---before writing in log upd_msg->frag_no= 0
[91m [1776439015.956464] Client: [0m---before writing in log upd_msg->reliable= 1
[91m [1776439015.956476] Client: [0m---before writing in log upd_msg->data.sensor_type= 1
[91m [1776439015.956484] Client: [0m---before writing in log upd_msg->data.sid= temp_1
[91m [1776439015.956490] Client: [0m---after writing in log upd_msg->seq_no = 49
[91m [1776439015.956495] Client: [0m---after writing in log upd_msg->data.sensor_type = 1
[91m [1776439015.956499] Client: [0m---after writing in log upd_msg->reliable = 1
[91m [1776439016.956675] BSON Message: [0mInside sensor type parsing.
[91m [1776439016.956695] BSON Message: [0mInside sensor type parsing end.
[91m [1776439016.956702] BSON Message: [0mInside sid parsing
[91m [1776439016.956712] BSON Message: [0mInside temp1 parsing.
[91m [1776439016.956720] Client: [0m---before writing in log upd_msg->seq_no= 50
[91m [1776439016.956726] Client: [0m---before writing in log upd_msg->type= 4
[91m [1776439016.956733] Client: [0m---before writing in log upd_msg->frag_no= 0
[91m [1776439016.956739] Client: [0m---before writing in log upd_msg->reliable= 1
[91m [1776439016.956745] Client: [0m---before writing in log upd_msg->data.sensor_type= 1
[91m [1776439016.956750] Client: [0m---before writing in log upd_msg->data.sid= temp_1
[91m [1776439016.956758] Client: [0m---after writing in log upd_msg->seq_no = 50
[91m [1776439016.956763] Client: [0m---after writing in log upd_msg->data.sensor_type = 1
[91m [1776439016.956768] Client: [0m---after writing in log upd_msg->reliable = 1
[91m [1776439017.956887] BSON Message: [0mInside sensor type parsing.
[91m [1776439017.956905] BSON Message: [0mInside sensor type parsing end.
[91m [1776439017.956911] BSON Message: [0mInside sid parsing
[91m [1776439017.956917] BSON Message: [0mInside temp1 parsing.
[91m [1776439017.956924] Client: [0m---before writing in log upd_msg->seq_no= 51
[91m [1776439017.956929] Client: [0m---before writing in log upd_msg->type= 4
[91m [1776439017.956934] Client: [0m---before writing in log upd_msg->frag_no= 0
[91m [1776439017.956939] Client: [0m---before writing in log upd_msg->reliable= 1
[91m [1776439017.956944] Client: [0m---before writing in log upd_msg->data.sensor_type= 1
[91m [1776439017.956948] Client: [0m---before writing in log upd_msg->data.sid= temp_1
[91m [1776439017.956955] Client: [0m---after writing in log upd_msg->seq_no = 51
[91m [1776439017.956960] Client: [0m---after writing in log upd_msg->data.sensor_type = 1
[91m [1776439017.956965] Client: [0m---after writing in log upd_msg->reliable = 1
[91m [1776439018.339511] BSON Message: [0mInside sensor type parsing.
[91m [1776439018.339526] BSON Message: [0mInside sensor type parsing end.
[91m [1776439018.339532] BSON Message: [0mInside sid parsing
[91m [1776439018.339539] Client: [0m---before writing in log upd_msg->seq_no= 19
[91m [1776439018.339544] Client: [0m---before writing in log upd_msg->type= 4
[91m [1776439018.339549] Client: [0m---before writing in log upd_msg->frag_no= 0
[91m [1776439018.339553] Client: [0m---before writing in log upd_msg->reliable= 1
[91m [1776439018.339558] Client: [0m---before writing in log upd_msg->data.sensor_type= 2
[91m [1776439018.339562] Client: [0m---before writing in log upd_msg->data.sid= device_0
[91m [1776439018.339571] Client: [0m---after writing in log upd_msg->seq_no = 19
[91m [1776439018.339575] Client: [0m---after writing in log upd_msg->data.sensor_type = 2
[91m [1776439018.339580] Client: [0m---after writing in log upd_msg->reliable = 1
[91m [1776439018.957179] BSON Message: [0mInside sensor type parsing.
[91m [1776439018.957196] BSON Message: [0mInside sensor type parsing end.
[91m [1776439018.957201] BSON Message: [0mInside sid parsing
[91m [1776439018.957207] BSON Message: [0mInside temp1 parsing.
[91m [1776439018.957214] Client: [0m---before writing in log upd_msg->seq_no= 52
[91m [1776439018.957222] Client: [0m---before writing in log upd_msg->type= 4
[91m [1776439018.957227] Client: [0m---before writing in log upd_msg->frag_no= 0
[91m [1776439018.957232] Client: [0m---before writing in log upd_msg->reliable= 1
[91m [1776439018.957243] Client: [0m---before writing in log upd_msg->data.sensor_type= 1
[91m [1776439018.957248] Client: [0m---before writing in log upd_msg->data.sid= temp_1
[91m [1776439018.957254] Client: [0m---after writing in log upd_msg->seq_no = 52
[91m [1776439018.957258] Client: [0m---after writing in log upd_msg->data.sensor_type = 1
[91m [1776439018.957263] Client: [0m---after writing in log upd_msg->reliable = 1
[91m [1776439019.957468] BSON Message: [0mInside sensor type parsing.
[91m [1776439019.957482] BSON Message: [0mInside sensor type parsing end.
[91m [1776439019.957486] BSON Message: [0mInside sid parsing
[91m [1776439019.957491] BSON Message: [0mInside temp1 parsing.
te message arrived------------ 1
Got a message from the server.
Message type is 4
---------Update message arrived------------ 1
Got a message from the server.
Message type is 4
---------Update message arrived------------ 1
Got a message from the server.
Message type is 4
---------Update message arrived------------ 1
Got a message from the server.
Message type is 4
---------Update message arrived------------ 1
Got a message from the server.
Message type is 4
---------Update message arrived------------ 1
Got a message from the server.
Message type is 4
---------Update message arrived------------ 1
Got a message from the server.
Message type is 4
---------Update message arrived------------ 1
Got a message from the server.
Message type is 4
---------Update message arrived------------ 1
Got a message from the server.
Message type is 4
---------Update message arrived------------ 1
Got a message from the server.
Message type is 4
---------Update message arrived------------ 1
Got a message from the server.
Message type is 4
---------Update message arrived------------ 1
Got a message from the server.
Message type is 4
---------Update message arrived------------ 1
Got a message from the server.
Message type is 4
---------Update message arrived------------ 1
Got a message from the server.
Message type is 4
---------Update message arrived------------ 1
Got a message from the server.
Message type is 4
---------Update message arrived------------ 1
Got a message from the server.
Message type is 4
---------Update message arrived------------ 1
Got a message from the server.
Message type is 4
---------Update message arrived------------ 1
Got a message from the server.
Message type is 4
---------Update message arrived------------ 1
Got a message from the server.
Message type is 4
---------Update message arrived------------ 1
Got a message from the server.
Message type is 4
---------Update message arrived------------ 1
Got a message from the server.
Message type is 4
---------Update message arrived------------ 1
Got a message from the server.
Message type is 4
---------Update message arrived------------ 1
Got a message from the server.
Message type is 4
---------Update message arrived------------ 1
Got a message from the server.
Message type is 4
---------Update message arrived------------ 1
Got a message from the server.
Message type is 4
---------Update message arrived------------ 1
Got a message from the server.
Message type is 4
---------Update message arrived------------ 1
Got a message from the server.
Message type is 4
---------Update message arrived------------ 1
Got a message from the server.
Message type is 4
---------Update message arrived------------ 1
Got a message from the server.
Message type is 4
---------Update message arrived------------ 1
Got a message from the server.
Message type is 4
---------Update message arrived------------ 1
Got a message from the server.
Message type is 4
---------Update message arrived------------ 1
Got a message from the server.
Message type is 4
---------Update message arrived------------ 1
Got a message from the server.
Message type is 4
---------Update message arrived------------ 1
Got a message from the server.
Message type is 4
---------Update message arrived------------ 1
Got a message from the server.
Message type is 4
---------Update message arrived------------ 1
Got a message from the server.
Message type is 4
---------Update message arrived------------ 1
Got a message from the server.
Message type is 4
---------Update message arrived------------ 1
Got a message from the server.
Message type is 4
---------Update message arrived------------ 1
Got a message from the server.
Message type is 4
---------Update message arrived------------ 1
Got a message from the server.
Message type is 4
---------Update message arrived------------ 1
Got a message from the server.
Message type is 4
---------Update message arrived------------ 1
Got a message from the server.
Message type is 4
---------Update message arrived------------ 1
Got a message from the server.
Message type is 4
---------Update message [91m [1776439019.957514] Client: [0m---before writing in log upd_msg->seq_no= 53
[91m [1776439019.957520] Client: [0m---before writing in log upd_msg->type= 4
[91m [1776439019.957524] Client: [0m---before writing in log upd_msg->frag_no= 0
[91m [1776439019.957528] Client: [0m---before writing in log upd_msg->reliable= 1
[91m [1776439019.957531] Client: [0m---before writing in log upd_msg->data.sensor_type= 1
[91m [1776439019.957536] Client: [0m---before writing in log upd_msg->data.sid= temp_1
[91m [1776439019.957541] Client: [0m---after writing in log upd_msg->seq_no = 53
[91m [1776439019.957545] Client: [0m---after writing in log upd_msg->data.sensor_type = 1
[91m [1776439019.957549] Client: [0m---after writing in log upd_msg->reliable = 1
[91m [1776439020.184563] BSON Message: [0mInside sensor type parsing.
[91m [1776439020.184582] BSON Message: [0mInside sensor type parsing end.
[91m [1776439020.184588] BSON Message: [0mInside sid parsing
[91m [1776439020.184595] Client: [0m---before writing in log upd_msg->seq_no= 20
[91m [1776439020.184600] Client: [0m---before writing in log upd_msg->type= 4
[91m [1776439020.184604] Client: [0m---before writing in log upd_msg->frag_no= 0
[91m [1776439020.184609] Client: [0m---before writing in log upd_msg->reliable= 1
[91m [1776439020.184613] Client: [0m---before writing in log upd_msg->data.sensor_type= 2
[91m [1776439020.184618] Client: [0m---before writing in log upd_msg->data.sid= device_0
[91m [1776439020.184623] Client: [0m---after writing in log upd_msg->seq_no = 20
[91m [1776439020.184628] Client: [0m---after writing in log upd_msg->data.sensor_type = 2
[91m [1776439020.184632] Client: [0m---after writing in log upd_msg->reliable = 1
[91m [1776439020.957763] BSON Message: [0mInside sensor type parsing.
[91m [1776439020.957775] BSON Message: [0mInside sensor type parsing end.
[91m [1776439020.957780] BSON Message: [0mInside sid parsing
[91m [1776439020.957784] BSON Message: [0mInside temp1 parsing.
[91m [1776439020.957789] Client: [0m---before writing in log upd_msg->seq_no= 54
[91m [1776439020.957795] Client: [0m---before writing in log upd_msg->type= 4
[91m [1776439020.957800] Client: [0m---before writing in log upd_msg->frag_no= 0
[91m [1776439020.957806] Client: [0m---before writing in log upd_msg->reliable= 1
[91m [1776439020.957811] Client: [0m---before writing in log upd_msg->data.sensor_type= 1
[91m [1776439020.957816] Client: [0m---before writing in log upd_msg->data.sid= temp_1
[91m [1776439020.957821] Client: [0m---after writing in log upd_msg->seq_no = 54
[91m [1776439020.957826] Client: [0m---after writing in log upd_msg->data.sensor_type = 1
[91m [1776439020.957831] Client: [0m---after writing in log upd_msg->reliable = 1
[91m [1776439021.712696] BSON Message: [0mInside sensor type parsing.
[91m [1776439021.712715] BSON Message: [0mInside sensor type parsing end.
[91m [1776439021.712721] BSON Message: [0mInside sid parsing
[91m [1776439021.712728] BSON Message: [0mInside gps1 parsing.
[91m [1776439021.712735] Client: [0m---before writing in log upd_msg->seq_no= 7
[91m [1776439021.712740] Client: [0m---before writing in log upd_msg->type= 4
[91m [1776439021.712745] Client: [0m---before writing in log upd_msg->frag_no= 0
[91m [1776439021.712750] Client: [0m---before writing in log upd_msg->reliable= 1
[91m [1776439021.712766] Client: [0m---before writing in log upd_msg->data.sensor_type= 3
[91m [1776439021.712773] Client: [0m---before writing in log upd_msg->data.sid= gps_2
[91m [1776439021.712782] Client: [0m---after writing in log upd_msg->seq_no = 7
[91m [1776439021.712788] Client: [0m---after writing in log upd_msg->data.sensor_type = 3
[91m [1776439021.712793] Client: [0m---after writing in log upd_msg->reliable = 1
[91m [1776439021.958007] BSON Message: [0mInside sensor type parsing.
[91m [1776439021.958026] BSON Message: [0mInside sensor type parsing end.
[91m [1776439021.958032] BSON Message: [0mInside sid parsing
[91m [1776439021.958037] BSON Message: [0mInside temp1 parsing.
[91m [1776439021.958043] Client: [0m---before writing in log upd_msg->seq_no= 55
[91m [1776439021.958048] Client: [0m---before writing in log upd_msg->type= 4
[91m [1776439021.958052] Client: [0m---before writing in log upd_msg->frag_no= 0
[91m [1776439021.958057] Client: [0m---before writing in log upd_msg->reliable= 1
[91m [1776439021.958061] Client: [0m---before writing in log upd_msg->data.sensor_type= 1
[91m [1776439021.958065] Client: [0m---before writing in log upd_msg->data.sid= temp_1
[91m [1776439021.958070] Client: [0m---after writing in log upd_msg->seq_no = 55
[91m [1776439021.958074] Client: [0m---after writing in log upd_msg->data.sensor_type = 1
[91m [1776439021.958079] Client: [0m---after writing in log upd_msg->reliable = 1
[91m [1776439022.693919] BSON Message: [0mInside sensor type parsing.
[91m [1776439022.693938] BSON Message: [0mInside sensor type parsing end.
[91m [1776439022.693944] BSON Message: [0mInside sid parsing
[91m [1776439022.693951] Client: [0m---before writing in log upd_msg->seq_no= 21
[91m [1776439022.693957] Client: [0m---before writing in log upd_msg->type= 4
[91m [1776439022.693961] Client: [0m---before writing in log upd_msg->frag_no= 0
[91m [1776439022.693965] Client: [0m---before writing in log upd_msg->reliable= 1
[91m [1776439022.693969] Client: [0m---before writing in log upd_msg->data.sensor_type= 2
[91m [1776439022.693974] Client: [0m---before writing in log upd_msg->data.sid= device_0
[91m [1776439022.693979] Client: [0m---after writing in log upd_msg->seq_no = 21
[91m [1776439022.693984] Client: [0m---after writing in log upd_msg->data.sensor_type = 2
[91m [1776439022.693990] Client: [0m---after writing in log upd_msg->reliable = 1
[91m [1776439022.958309] BSON Message: [0mInside sensor type parsing.
[91m [1776439022.958341] BSON Message: [0mInside sensor type parsing end.
[91m [1776439022.958346] BSON Message: [0mInside sid parsing
[91m [1776439022.958350] BSON Message: [0mInside temp1 parsing.
[91m [1776439022.958356] Client: [0m---before writing in log upd_msg->seq_no= 56
[91m [1776439022.958360] Client: [0m---before writing in log upd_msg->type= 4
[91m [1776439022.958364] Client: [0m---before writing in log upd_msg->frag_no= 0
[91m [1776439022.958368] Client: [0m---before writing in log upd_msg->reliable= 1
[91m [1776439022.958374] Client: [0m---before writing in log upd_msg->data.sensor_type= 1
[91m [1776439022.958379] Client: [0m---before writing in log upd_msg->data.sid= temp_1
[91m [1776439022.958385] Client: [0m---after writing in log upd_msg->seq_no = 56
[91m [1776439022.958389] Client: [0m---after writing in log upd_msg->data.sensor_type = 1
[91m [1776439022.958393] Client: [0m---after writing in log upd_msg->reliable = 1
[91m [1776439023.958608] BSON Message: [0mInside sensor type parsing.
[91m [1776439023.958626] BSON Message: [0mInside sensor type parsing end.
[91m [1776439023.958633] BSON Message: [0mInside sid parsing
[91m [1776439023.958638] BSON Message: [0mInside temp1 parsing.
[91m [1776439023.958644] Client: [0m---before writing in log upd_msg->seq_no= 57
[91m [1776439023.958649] Client: [0m---before writing in log upd_msg->type= 4
[91m [1776439023.958654] Client: [0m---before writing in log upd_msg->frag_no= 0
[91m [1776439023.958666] Client: [0m---before writing in log upd_msg->reliable= 1
[91m [1776439023.958674] Client: [0m---before writing in log upd_msg->data.sensor_type= 1
[91m [1776439023.958678] Client: [0m---before writing in log upd_msg->data.sid= temp_1
[91m [1776439023.958686] Client: [0m---after writing in log upd_msg->seq_no = 57
[91m [1776439023.958691] Client: [0m---after writing in log upd_msg->data.sensor_type = 1
[91m [1776439023.958696] Client: [0m---after writing in log upd_msg->reliable = 1
[91m [1776439024.825384] BSON Message: [0mInside sensor type parsing.
[91m [1776439024.825405] BSON Message: [0mInside sensor type parsing end.
[91m [1776439024.825412] BSON Message: [0mInside sid parsing
[91m [1776439024.825419] Client: [0m---before writing in log upd_msg->seq_no= 22
[91m [1776439024.825426] Client: [0m---before writing in log upd_msg->type= 4
[91m [1776439024.825432] Client: [0m---before writing in log upd_msg->frag_no= 0
[91m [1776439024.825437] Client: [0m---before writing in log upd_msg->reliable= 1
[91m [1776439024.825443] Client: [0m---before writing in log upd_msg->data.sensor_type= 2
[91m [1776439024.825448] Client: [0m---before writing in log upd_msg->data.sid= device_0
[91m [1776439024.825455] Client: [0m---after writing in log upd_msg->seq_no = 22
[91m [1776439024.825460] Client: [0m---after writing in log upd_msg->data.sensor_type = 2
[91m [1776439024.825465] Client: [0m---after writing in log upd_msg->reliable = 1
[91m [1776439024.958997] BSON Message: [0mInside sensor type parsing.
[91m [1776439024.959025] BSON Message: [0mInside sensor type parsing end.
[91m [1776439024.959032] BSON Message: [0mInside sid parsing
[91m [1776439024.959038] BSON Message: [0mInside temp1 parsing.
[91m [1776439024.959062] Client: [0m---before writing in log upd_msg->seq_no= 58
[91m [1776439024.959070] Client: [0m---before writing in log upd_msg->type= 4
[91m [1776439024.959075] Client: [0m---before writing in log upd_msg->frag_no= 0
[91m [1776439024.959080] Client: [0m---before writing in log upd_msg->reliable= 1
[91m [1776439024.959085] Client: [0m---before writing in log upd_msg->data.sensor_type= 1
[91m [1776439024.959089] Client: [0m---before writing in log upd_msg->data.sid= temp_1
[91m [1776439024.959097] Client: [0m---after writing in log upd_msg->seq_no = 58
[91m [1776439024.959102] Client: [0m---after writing in log upd_msg->data.sensor_type = 1
[91m [1776439024.959106] Client: [0m---after writing in log upd_msg->reliable = 1
[91m [1776439025.959272] BSON Message: [0mInside sensor type parsing.
[91m [1776439025.959297] BSON Message: [0mInside sensor type parsing end.
[91m [1776439025.959303] BSON Message: [0mInside sid parsing
[91m [1776439025.959309] BSON Message: [0mInside temp1 parsing.
[91m [1776439025.959316] Client: [0m---before writing in log upd_msg->seq_no= 59
[91m [1776439025.959321] Client: [0m---before writing in log upd_msg->type= 4
[91m [1776439025.959327] Client: [0m---before writing in log upd_msg->frag_no= 0
[91m [1776439025.959332] Client: [0m---before writing in log upd_msg->reliable= 1
[91m [1776439025.959337] Client: [0m---before writing in log upd_msg->data.sensor_type= 1
[91m [1776439025.959341] Client: [0m---before writing in log upd_msg->data.sid= temp_1
[91m [1776439025.959348] Client: [0m---after writing in log upd_msg->seq_no = 59
[91m [1776439025.959353] Client: [0m---after writing in log upd_msg->data.sensor_type = 1
[91m [1776439025.959358] Client: [0m---after writing in log upd_msg->reliable = 1
[91m [1776439026.959677] BSON Message: [0mInside sensor type parsing.
[91m [1776439026.959698] BSON Message: [0mInside sensor type parsing end.
[91m [1776439026.959705] BSON Message: [0mInside sid parsing
[91m [1776439026.959710] BSON Message: [0mInside temp1 parsing.
[91m [1776439026.959716] Client: [0m---before writing in log upd_msg->seq_no= 60
[91m [1776439026.959722] Client: [0m---before writing in log upd_msg->type= 4
[91m [1776439026.959726] Client: [0m---before writing in log upd_msg->frag_no= 0
[91m [1776439026.959739] Client: [0m---before writing in log upd_msg->reliable= 1
[91m [1776439026.959744] Client: [0m---before writing in log upd_msg->data.sensor_type= 1
[91m [1776439026.959748] Client: [0m---before writing in log upd_msg->data.sid= temp_1
[91m [1776439026.959754] Client: [0m---after writing in log upd_msg->seq_no = 60
[91m [1776439026.959758] Client: [0m---after writing in log upd_msg->data.sensor_type = 1
[91m [1776439026.959763] Client: [0m---after writing in log upd_msg->reliable = 1
[91m [1776439027.960235] BSON Message: [0mInside sensor type parsing.
[91m [1776439027.960249] BSON Message: [0mInside sensor type parsing end.
[91m [1776439027.960253] BSON Message: [0mInside sid parsing
[91m [1776439027.960258] BSON Message: [0mInside temp1 parsing.
[91m [1776439027.960267] Client: [0m---before writing in log upd_msg->seq_no= 61
[91m [1776439027.960271] Client: [0m---before writing in log upd_msg->type= 4
[91m [1776439027.960276] Client: [0m---before writing in log upd_msg->frag_no= 0
[91m [1776439027.960281] Client: [0m---before writing in log upd_msg->reliable= 1
[91m [1776439027.960285] Client: [0m---before writing in log upd_msg->data.sensor_type= 1
[91m [1776439027.960290] Client: [0m---before writing in log upd_msg->data.sid= temp_1
[91m [1776439027.960296] Client: [0m---after writing in log upd_msg->seq_no = 61
[91m [1776439027.960300] Client: [0m---after writing in log upd_msg->data.sensor_type = 1
[91m [1776439027.960303] Client: [0m---after writing in log upd_msg->reliable = 1
[91m [1776439028.960254] BSON Message: [0mInside sensor type parsing.
[91m [1776439028.960270] BSON Message: [0mInside sensor type parsing end.
[91m [1776439028.960276] BSON Message: [0mInside sid parsing
[91m [1776439028.960282] BSON Message: [0mInside temp1 parsing.
[91m [1776439028.960288] Client: [0m---before writing in log upd_msg->seq_no= 62
[91m [1776439028.960294] Client: [0m---before writing in log upd_msg->type= 4
[91m [1776439028.960298] Client: [0m---before writing in log upd_msg->frag_no= 0
[91m [1776439028.960303] Client: [0m---before writing in log upd_msg->reliable= 1
[91m [1776439028.960307] Client: [0m---before writing in log upd_msg->data.sensor_type= 1
[91m [1776439028.960312] Client: [0m---before writing in log upd_msg->data.sid= temp_1
[91m [1776439028.960318] Client: [0m---after writing in log upd_msg->seq_no = 62
[91m [1776439028.960324] Client: [0m---after writing in log upd_msg->data.sensor_type = 1
[91m [1776439028.960328] Client: [0m---after writing in log upd_msg->reliable = 1
[91m [1776439029.520913] BSON Message: [0mInside sensor type parsing.
[91m [1776439029.520933] BSON Message: [0mInside sensor type parsing end.
[91m [1776439029.520941] BSON Message: [0mInside sid parsing
[91m [1776439029.520951] Client: [0m---before writing in log upd_msg->seq_no= 23
[91m [1776439029.520958] Client: [0m---before writing in log upd_msg->type= 4
[91m [1776439029.520965] Client: [0m---before writing in log upd_msg->frag_no= 0
[91m [1776439029.520971] Client: [0m---before writing in log upd_msg->reliable= 1
[91m [1776439029.520978] Client: [0m---before writing in log upd_msg->data.sensor_type= 2
[91m [1776439029.520985] Client: [0m---before writing in log upd_msg->data.sid= device_0
[91m [1776439029.520995] Client: [0m---after writing in log upd_msg->seq_no = 23
[91m [1776439029.521002] Client: [0m---after writing in log upd_msg->data.sensor_type = 2
[91m [1776439029.521010] Client: [0m---after writing in log upd_msg->reliable = 1
[91m [1776439029.960580] BSON Message: [0mInside sensor type parsing.
[91m [1776439029.960599] BSON Message: [0mInside sensor type parsing end.
[91m [1776439029.960606] BSON Message: [0mInside sid parsing
[91m [1776439029.960614] BSON Message: [0mInside temp1 parsing.
[91m [1776439029.960624] Client: [0m---before writing in log upd_msg->seq_no= 63
[91m [1776439029.960634] Client: [0m---before writing in log upd_msg->type= 4
[91m [1776439029.960643] Client: [0m---before writing in log upd_msg->frag_no= 0
[91m [1776439029.960662] Client: [0m---before writing in log upd_msg->reliable= 1
[91m [1776439029.960670] Client: [0m---before writing in log upd_msg->data.sensor_type= 1
[91m [1776439029.960676] Client: [0m---before writing in log upd_msg->data.sid= temp_1
[91m [1776439029.960684] Client: [0m---after writing in log upd_msg->seq_no = 63
[91m [1776439029.960690] Client: [0m---after writing in log upd_msg->data.sensor_type = 1
[91m [1776439029.960697] Client: [0m---after writing in log upd_msg->reliable = 1
[91m [1776439030.528834] BSON Message: [0mInside sensor type parsing.
[91m [1776439030.528851] BSON Message: [0mInside sensor type parsing end.
[91m [1776439030.528856] BSON Message: [0mInside sid parsing
[91m [1776439030.528861] BSON Message: [0mInside gps1 parsing.
[91m [1776439030.528866] Client: [0m---before writing in log upd_msg->seq_no= 8
[91m [1776439030.528871] Client: [0m---before writing in log upd_msg->type= 4
[91m [1776439030.528878] Client: [0m---before writing in log upd_msg->frag_no= 0
[91m [1776439030.528883] Client: [0m---before writing in log upd_msg->reliable= 1
[91m [1776439030.528887] Client: [0m---before writing in log upd_msg->data.sensor_type= 3
[91m [1776439030.528892] Client: [0m---before writing in log upd_msg->data.sid= gps_2
[91m [1776439030.528901] Client: [0m---after writing in log upd_msg->seq_no = 8
[91m [1776439030.528905] Client: [0m---after writing in log upd_msg->data.sensor_type = 3
[91m [1776439030.528910] Client: [0m---after writing in log upd_msg->reliable = 1
[91m [1776439030.960839] BSON Message: [0mInside sensor type parsing.
[91m [1776439030.960856] BSON Message: [0mInside sensor type parsing end.
[91m [1776439030.960861] BSON Message: [0mInside sid parsing
[91m [1776439030.960867] BSON Message: [0mInside temp1 parsing.
[91m [1776439030.960872] Client: [0m---before writing in log upd_msg->seq_no= 64
[91m [1776439030.960876] Client: [0m---before writing in log upd_msg->type= 4
[91m [1776439030.960880] Client: [0m---before writing in log upd_msg->frag_no= 0
[91m [1776439030.960885] Client: [0m---before writing in log upd_msg->reliable= 0
[91m [1776439030.960889] Client: [0m---before writing in log upd_msg->data.sensor_type= 1
[91m [1776439030.960892] Client: [0m---before writing in log upd_msg->data.sid= temp_1
[91m [1776439030.960896] Client: [0m---after writing in log upd_msg->seq_no = 64
[91m [1776439030.960900] Client: [0m---after writing in log upd_msg->data.sensor_type = 1
[91m [1776439030.960905] Client: [0m---after writing in log upd_msg->reliable = 0
[91m [1776439030.968363] BSON Message: [0mInside sensor type parsing.
[91m [1776439030.968376] BSON Message: [0mInside sensor type parsing end.
[91m [1776439030.968381] BSON Message: [0mInside sid parsing
[91m [1776439030.968386] Client: [0m---before writing in log upd_msg->seq_no= 24
[91m [1776439030.968391] Client: [0m---before writing in log upd_msg->type= 4
[91m [1776439030.968395] Client: [0m---before writing in log upd_msg->frag_no= 0
[91m [1776439030.968400] Client: [0m---before writing in log upd_msg->reliable= 1
[91m [1776439030.968404] Client: [0m---before writing in log upd_msg->data.sensor_type= 2
[91m [1776439030.968409] Client: [0m---before writing in log upd_msg->data.sid= device_0
[91m [1776439030.968414] Client: [0m---after writing in log upd_msg->seq_no = 24
[91m [1776439030.968418] Client: [0m---after writing in log upd_msg->data.sensor_type = 2
[91m [1776439030.968422] Client: [0m---after writing in log upd_msg->reliable = 1
[91m [1776439031.961376] BSON Message: [0mInside sensor type parsing.
[91m [1776439031.961399] BSON Message: [0mInside sensor type parsing end.
[91m [1776439031.961404] BSON Message: [0mInside sid parsing
[91m [1776439031.961409] BSON Message: [0mInside temp1 parsing.
[91m [1776439031.961415] Client: [0m---before writing in log upd_msg->seq_no= 65
[91m [1776439031.961420] Client: [0m---before writing in log upd_msg->type= 4
[91m [1776439031.961433] Client: [0m---before writing in log upd_msg->frag_no= 0
[91m [1776439031.961439] Client: [0m---before writing in log upd_msg->reliable= 1
[91m [1776439031.961443] Client: [0m---before writing in log upd_msg->data.sensor_type= 1
[91m [1776439031.961448] Client: [0m---before writing in log upd_msg->data.sid= temp_1
[91m [1776439031.961454] Client: [0m---after writing in log upd_msg->seq_no = 65
[91m [1776439031.961459] Client: [0m---after writing in log upd_msg->data.sensor_type = 1
[91m [1776439031.961463] Client: [0m---after writing in log upd_msg->reliable = 1
[91m [1776439032.961567] BSON Message: [0mInside sensor type parsing.
[91m [1776439032.961581] BSON Message: [0mInside sensor type parsing end.
[91m [1776439032.961586] BSON Message: [0mInside sid parsing
[91m [1776439032.961591] BSON Message: [0mInside temp1 parsing.
[91m [1776439032.961597] Client: [0m---before writing in log upd_msg->seq_no= 66
[91m [1776439032.961603] Client: [0m---before writing in log upd_msg->type= 4
[91m [1776439032.961606] Client: [0m---before writing in log upd_msg->frag_no= 0
[91m [1776439032.961610] Client: [0m---before writing in log upd_msg->reliable= 1
[91m [1776439032.961614] Client: [0m---before writing in log upd_msg->data.sensor_type= 1
[91m [1776439032.961619] Client: [0m---before writing in log upd_msg->data.sid= temp_1
[91m [1776439032.961624] Client: [0m---after writing in log upd_msg->seq_no = 66
[91m [1776439032.961629] Client: [0m---after writing in log upd_msg->data.sensor_type = 1
[91m [1776439032.961634] Client: [0m---after writing in log upd_msg->reliable = 1
[91m [1776439033.962007] BSON Message: [0mInside sensor type parsing.
[91m [1776439033.962028] BSON Message: [0mInside sensor type parsing end.
[91m [1776439033.962034] BSON Message: [0mInside sid parsing
[91m [1776439033.962039] BSON Message: [0mInside temp1 parsing.
[91m [1776439033.962045] Client: [0m---before writing in log upd_msg->seq_no= 67
[91m [1776439033.962050] Client: [0m---before writing in log upd_msg->type= 4
[91m [1776439033.962055] Client: [0m---before writing in log upd_msg->frag_no= 0
[91m [1776439033.962060] Client: [0m---before writing in log upd_msg->reliable= 1
[91m [1776439033.962065] Client: [0m---before writing in log upd_msg->data.sensor_type= 1
[91m [1776439033.962069] Client: [0m---before writing in log upd_msg->data.sid= temp_1
[91m [1776439033.962076] Client: [0m---after writing in log upd_msg->seq_no = 67
[91m [1776439033.962080] Client: [0m---after writing in log upd_msg->data.sensor_type = 1
[91m [1776439033.962084] Client: [0m---after writing in log upd_msg->reliable = 1
[91m [1776439034.962263] BSON Message: [0mInside sensor type parsing.
[91m [1776439034.962280] BSON Message: [0mInside sensor type parsing end.
[91m [1776439034.962286] BSON Message: [0mInside sid parsing
[91m [1776439034.962291] BSON Message: [0mInside temp1 parsing.
[91m [1776439034.962297] Client: [0m---before writing in log upd_msg->seq_no= 68
[91m [1776439034.962303] Client: [0m---before writing in log upd_msg->type= 4
[91m [1776439034.962307] Client: [0m---before writing in log upd_msg->frag_no= 0
[91m [1776439034.962312] Client: [0m---before writing in log upd_msg->reliable= 1
[91m [1776439034.962317] Client: [0m---before writing in log upd_msg->data.sensor_type= 1
[91m [1776439034.962322] Client: [0m---before writing in log upd_msg->data.sid= temp_1
[91m [1776439034.962328] Client: [0m---after writing in log upd_msg->seq_no = 68
[91m [1776439034.962334] Client: [0m---after writing in log upd_msg->data.sensor_type = 1
[91m [1776439034.962339] Client: [0m---after writing in log upd_msg->reliable = 1
[91m [1776439035.939580] BSON Message: [0mInside sensor type parsing.
[91m [1776439035.939604] BSON Message: [0mInside sensor type parsing end.
[91m [1776439035.939610] BSON Message: [0mInside sid parsing
[91m [1776439035.939617] Client: [0m---before writing in log upd_msg->seq_no= 25
[91m [1776439035.939623] Client: [0m---before writing in log upd_msg->type= 4
[91m [1776439035.939637] Client: [0m---before writing in log upd_msg->frag_no= 0
[91m [1776439035.939643] Client: [0m---before writing in log upd_msg->reliable= 1
[91m [1776439035.939648] Client: [0m---before writing in log upd_msg->data.sensor_type= 2
[91m [1776439035.939653] Client: [0m---before writing in log upd_msg->data.sid= device_0
[91m [1776439035.939658] Client: [0m---after writing in log upd_msg->seq_no = 25
[91m [1776439035.939662] Client: [0m---after writing in log upd_msg->data.sensor_type = 2
[91m [1776439035.939665] Client: [0m---after writing in log upd_msg->reliable = 1
[91m [1776439035.962537] BSON Message: [0mInside sensor type parsing.
[91m [1776439035.962551] BSON Message: [0mInside sensor type parsing end.
[91m [1776439035.962555] BSON Message: [0mInside sid parsing
[91m [1776439035.962558] BSON Message: [0mInside temp1 parsing.
[91m [1776439035.962562] Client: [0m---before writing in log upd_msg->seq_no= 69
[91m [1776439035.962566] Client: [0m---before writing in log upd_msg->type= 4
[91m [1776439035.962569] Client: [0m---before writing in log upd_msg->frag_no= 0
[91m [1776439035.962573] Client: [0m---before writing in log upd_msg->reliable= 1
[91m [1776439035.962577] Client: [0m---before writing in log upd_msg->data.sensor_type= 1
[91m [1776439035.962582] Client: [0m---before writing in log upd_msg->data.sid= temp_1
[91m [1776439035.962588] Client: [0m---after writing in log upd_msg->seq_no = 69
[91m [1776439035.962592] Client: [0m---after writing in log upd_msg->data.sensor_type = 1
[91m [1776439035.962596] Client: [0m---after writing in log upd_msg->reliable = 1
[91m [1776439036.272383] BSON Message: [0mInside sensor type parsing.
[91m [1776439036.272401] BSON Message: [0mInside sensor type parsing end.
[91m [1776439036.272406] BSON Message: [0mInside sid parsing
[91m [1776439036.272411] BSON Message: [0mInside gps1 parsing.
[91m [1776439036.272417] Client: [0m---before writing in log upd_msg->seq_no= 9
[91m [1776439036.272422] Client: [0m---before writing in log upd_msg->type= 4
[91m [1776439036.272427] Client: [0m---before writing in log upd_msg->frag_no= 0
[91m [1776439036.272432] Client: [0m---before writing in log upd_msg->reliable= 1
[91m [1776439036.272436] Client: [0m---before writing in log upd_msg->data.sensor_type= 3
[91m [1776439036.272440] Client: [0m---before writing in log upd_msg->data.sid= gps_2
[91m [1776439036.272448] Client: [0m---after writing in log upd_msg->seq_no = 9
[91m [1776439036.272452] Client: [0m---after writing in log upd_msg->data.sensor_type = 3
[91m [1776439036.272456] Client: [0m---after writing in log upd_msg->reliable = 1
[91m [1776439036.962852] BSON Message: [0mInside sensor type parsing.
[91m [1776439036.962870] BSON Message: [0mInside sensor type parsing end.
[91m [1776439036.962876] BSON Message: [0mInside sid parsing
[91m [1776439036.962881] BSON Message: [0mInside temp1 parsing.
[91m [1776439036.962887] Client: [0m---before writing in log upd_msg->seq_no= 70
[91m [1776439036.962891] Client: [0m---before writing in log upd_msg->type= 4
[91m [1776439036.962895] Client: [0m---before writing in log upd_msg->frag_no= 0
[91m [1776439036.962899] Client: [0m---before writing in log upd_msg->reliable= 1
[91m [1776439036.962904] Client: [0m---before writing in log upd_msg->data.sensor_type= 1
[91m [1776439036.962908] Client: [0m---before writing in log upd_msg->data.sid= temp_1
[91m [1776439036.962913] Client: [0m---after writing in log upd_msg->seq_no = 70
[91m [1776439036.962917] Client: [0m---after writing in log upd_msg->data.sensor_type = 1
[91m [1776439036.962921] Client: [0m---after writing in log upd_msg->reliable = 1
[91m [1776439037.963118] BSON Message: [0mInside sensor type parsing.
[91m [1776439037.963134] BSON Message: [0mInside sensor type parsing end.
[91m [1776439037.963139] BSON Message: [0mInside sid parsing
[91m [1776439037.963143] BSON Message: [0mInside temp1 parsing.
[91m [1776439037.963150] Client: [0m---before writing in log upd_msg->seq_no= 71
[91m [1776439037.963174] Client: [0m---before writing in log upd_msg->type= 4
[91m [1776439037.963178] Client: [0m---before writing in log upd_msg->frag_no= 0
[91m [1776439037.963183] Client: [0m---before writing in log upd_msg->reliable= 1
[91m [1776439037.963187] Client: [0m---before writing in log upd_msg->data.sensor_type= 1
[91m [1776439037.963192] Client: [0m---before writing in log upd_msg->data.sid= temp_1
[91m [1776439037.963198] Client: [0m---after writing in log upd_msg->seq_no = 71
[91m [1776439037.963202] Client: [0m---after writing in log upd_msg->data.sensor_type = 1
[91m [1776439037.963207] Client: [0m---after writing in log upd_msg->reliable = 1
[91m [1776439038.963456] BSON Message: [0mInside sensor type parsing.
[91m [1776439038.963474] BSON Message: [0mInside sensor type parsing end.
[91m [1776439038.963480] BSON Message: [0mInside sid parsing
[91m [1776439038.963486] BSON Message: [0mInside temp1 parsing.
[91m [1776439038.963493] Client: [0m---before writing in log upd_msg->seq_no= 72
[91m [1776439038.963499] Client: [0m---before writing in log upd_msg->type= 4
[91m [1776439038.963514] Client: [0m---before writing in log upd_msg->frag_no= 0
[91m [1776439038.963520] Client: [0m---before writing in log upd_msg->reliable= 1
[91m [1776439038.963524] Client: [0m---before writing in log upd_msg->data.sensor_type= 1
[91m [1776439038.963529] Client: [0m---before writing in log upd_msg->data.sid= temp_1
[91m [1776439038.963535] Client: [0m---after writing in log upd_msg->seq_no = 72
[91m [1776439038.963542] Client: [0m---after writing in log upd_msg->data.sensor_type = 1
[91m [1776439038.963548] Client: [0m---after writing in log upd_msg->reliable = 1
[91m [1776439039.412470] BSON Message: [0mInside sensor type parsing.
[91m [1776439039.412490] BSON Message: [0mInside sensor type parsing end.
[91m [1776439039.412497] BSON Message: [0mInside sid parsing
[91m [1776439039.412517] Client: [0m---before writing in log upd_msg->seq_no= 26
[91m [1776439039.412523] Client: [0m---before writing in log upd_msg->type= 4
[91m [1776439039.412529] Client: [0m---before writing in log upd_msg->frag_no= 0
[91m [1776439039.412535] Client: [0m---before writing in log upd_msg->reliable= 1
[91m [1776439039.412540] Client: [0m---before writing in log upd_msg->data.sensor_type= 2
[91m [1776439039.412546] Client: [0m---before writing in log upd_msg->data.sid= device_0
[91m [1776439039.412553] Client: [0m---after writing in log upd_msg->seq_no = 26
[91m [1776439039.412558] Client: [0m---after writing in log upd_msg->data.sensor_type = 2
[91m [1776439039.412564] Client: [0m---after writing in log upd_msg->reliable = 1
[91m [1776439039.963718] BSON Message: [0mInside sensor type parsing.
[91m [1776439039.963735] BSON Message: [0mInside sensor type parsing end.
[91m [1776439039.963742] BSON Message: [0mInside sid parsing
[91m [1776439039.963748] BSON Message: [0mInside temp1 parsing.
[91m [1776439039.963755] Client: [0m---before writing in log upd_msg->seq_no= 73
[91m [1776439039.963761] Client: [0m---before writing in log upd_msg->type= 4
[91m [1776439039.963767] Client: [0m---before writing in log upd_msg->frag_no= 0
[91m [1776439039.963773] Client: [0m---before writing in log upd_msg->reliable= 1
[91m [1776439039.963778] Client: [0m---before writing in log upd_msg->data.sensor_type= 1
[91m [1776439039.963785] Client: [0m---before writing in log upd_msg->data.sid= temp_1
[91m [1776439039.963791] Client: [0m---after writing in log upd_msg->seq_no = 73
[91m [1776439039.963797] Client: [0m---after writing in log upd_msg->data.sensor_type = 1
[91m [1776439039.963803] Client: [0m---after writing in log upd_msg->reliable = 1
[91m [1776439040.963964] BSON Message: [0mInside sensor type parsing.
[91m [1776439040.963981] BSON Message: [0mInside sensor type parsing end.
[91m [1776439040.963986] BSON Message: [0mInside sid parsing
[91m [1776439040.963991] BSON Message: [0mInside temp1 parsing.
[91m [1776439040.963997] Client: [0m---before writing in log upd_msg->seq_no= 74
[91m [1776439040.964011] Client: [0m---before writing in log upd_msg->type= 4
[91m [1776439040.964017] Client: [0m---before writing in log upd_msg->frag_no= 0
[91m [1776439040.964024] Client: [0m---before writing in log upd_msg->reliable= 1
[91m [1776439040.964029] Client: [0m---before writing in log upd_msg->data.sensor_type= 1
[91m [1776439040.964034] Client: [0m---before writing in log upd_msg->data.sid= temp_1
[91m [1776439040.964040] Client: [0m---after writing in log upd_msg->seq_no = 74
[91m [1776439040.964045] Client: [0m---after writing in log upd_msg->data.sensor_type = 1
[91m [1776439040.964050] Client: [0m---after writing in log upd_msg->reliable = 1
[91m [1776439041.252923] BSON Message: [0mInside sensor type parsing.
[91m [1776439041.252941] BSON Message: [0mInside sensor type parsing end.
[91m [1776439041.252947] BSON Message: [0mInside sid parsing
[91m [1776439041.252952] Client: [0m---before writing in log upd_msg->seq_no= 27
[91m [1776439041.252957] Client: [0m---before writing in log upd_msg->type= 4
[91m [1776439041.252961] Client: [0m---before writing in log upd_msg->frag_no= 0
[91m [1776439041.252966] Client: [0m---before writing in log upd_msg->reliable= 1
[91m [1776439041.252970] Client: [0m---before writing in log upd_msg->data.sensor_type= 2
[91m [1776439041.252973] Client: [0m---before writing in log upd_msg->data.sid= device_0
[91m [1776439041.252979] Client: [0m---after writing in log upd_msg->seq_no = 27
[91m [1776439041.252983] Client: [0m---after writing in log upd_msg->data.sensor_type = 2
[91m [1776439041.252988] Client: [0m---after writing in log upd_msg->reliable = 1
[91m [1776439041.578718] BSON Message: [0mInside sensor type parsing.
[91m [1776439041.578734] BSON Message: [0mInside sensor type parsing end.
[91m [1776439041.578739] BSON Message: [0mInside sid parsing
[91m [1776439041.578745] Client: [0m---before writing in log upd_msg->seq_no= 28
[91m [1776439041.578750] Client: [0m---before writing in log upd_msg->type= 4
[91m [1776439041.578754] Client: [0m---before writing in log upd_msg->frag_no= 0
[91m [1776439041.578758] Client: [0m---before writing in log upd_msg->reliable= 1
[91m [1776439041.578762] Client: [0m---before writing in log upd_msg->data.sensor_type= 2
[91m [1776439041.578765] Client: [0m---before writing in log upd_msg->data.sid= device_0
[91m [1776439041.578770] Client: [0m---after writing in log upd_msg->seq_no = 28
[91m [1776439041.578774] Client: [0m---after writing in log upd_msg->data.sensor_type = 2
[91m [1776439041.578778] Client: [0m---after writing in log upd_msg->reliable = 1
[91m [1776439041.964290] BSON Message: [0mInside sensor type parsing.
[91m [1776439041.964312] BSON Message: [0mInside sensor type parsing end.
[91m [1776439041.964317] BSON Message: [0mInside sid parsing
[91m [1776439041.964323] BSON Message: [0mInside temp1 parsing.
[91m [1776439041.964329] Client: [0m---before writing in log upd_msg->seq_no= 75
[91m [1776439041.964335] Client: [0m---before writing in log upd_msg->type= 4
[91m [1776439041.964340] Client: [0m---before writing in log upd_msg->frag_no= 0
[91m [1776439041.964345] Client: [0m---before writing in log upd_msg->reliable= 1
[91m [1776439041.964350] Client: [0m---before writing in log upd_msg->data.sensor_type= 1
[91m [1776439041.964355] Client: [0m---before writing in log upd_msg->data.sid= temp_1
[91m [1776439041.964361] Client: [0m---after writing in log upd_msg->seq_no = 75
[91m [1776439041.964367] Client: [0m---after writing in log upd_msg->data.sensor_type = 1
[91m [1776439041.964373] Client: [0m---after writing in log upd_msg->reliable = 1
[91m [1776439042.964588] BSON Message: [0mInside sensor type parsing.
[91m [1776439042.964603] BSON Message: [0mInside sensor type parsing end.
[91m [1776439042.964608] BSON Message: [0mInside sid parsing
[91m [1776439042.964613] BSON Message: [0mInside temp1 parsing.
[91m [1776439042.964619] Client: [0m---before writing in log upd_msg->seq_no= 76
[91m [1776439042.964630] Client: [0m---before writing in log upd_msg->type= 4
[91m [1776439042.964635] Client: [0m---before writing in log upd_msg->frag_no= 0
[91m [1776439042.964639] Client: [0m---before writing in log upd_msg->reliable= 1
[91m [1776439042.964644] Client: [0m---before writing in log upd_msg->data.sensor_type= 1
[91m [1776439042.964650] Client: [0m---before writing in log upd_msg->data.sid= temp_1
[91m [1776439042.964656] Client: [0m---after writing in log upd_msg->seq_no = 76
[91m [1776439042.964661] Client: [0m---after writing in log upd_msg->data.sensor_type = 1
[91m [1776439042.964666] Client: [0m---after writing in log upd_msg->reliable = 1
[91m [1776439043.964907] BSON Message: [0mInside sensor type parsing.
[91m [1776439043.964924] BSON Message: [0mInside sensor type parsing end.
[91m [1776439043.964930] BSON Message: [0mInside sid parsing
[91m [1776439043.964935] BSON Message: [0mInside temp1 parsing.
[91m [1776439043.964941] Client: [0m---before writing in log upd_msg->seq_no= 77
[91m [1776439043.964946] Client: [0m---before writing in log upd_msg->type= 4
[91m [1776439043.964950] Client: [0m---before writing in log upd_msg->frag_no= 0
[91m [1776439043.964953] Client: [0m---before writing in log upd_msg->reliable= 1
[91m [1776439043.964956] Client: [0m---before writing in log upd_msg->data.sensor_type= 1
[91m [1776439043.964959] Client: [0m---before writing in log upd_msg->data.sid= temp_1
[91m [1776439043.964964] Client: [0m---after writing in log upd_msg->seq_no = 77
[91m [1776439043.964968] Client: [0m---after writing in log upd_msg->data.sensor_type = 1
[91m [1776439043.964973] Client: [0m---after writing in log upd_msg->reliable = 1
[91m [1776439044.43389] BSON Message: [0mInside sensor type parsing.
[91m [1776439044.43406] BSON Message: [0mInside sensor type parsing end.
[91m [1776439044.43411] BSON Message: [0mInside sid parsing
[91m [1776439044.43415] BSON Message: [0mInside gps1 parsing.
[91m [1776439044.43420] Client: [0m---before writing in log upd_msg->seq_no= 10
[91m [1776439044.43424] Client: [0m---before writing in log upd_msg->type= 4
[91m [1776439044.43429] Client: [0m---before writing in log upd_msg->frag_no= 0
[91m [1776439044.43434] Client: [0m---before writing in log upd_msg->reliable= 1
[91m [1776439044.43438] Client: [0m---before writing in log upd_msg->data.sensor_type= 3
[91m [1776439044.43443] Client: [0m---before writing in log upd_msg->data.sid= gps_2
[91m [1776439044.43451] Client: [0m---after writing in log upd_msg->seq_no = 10
[91m [1776439044.43455] Client: [0m---after writing in log upd_msg->data.sensor_type = 3
[91m [1776439044.43459] Client: [0m---after writing in log upd_msg->reliable = 1
[91m [1776439044.965184] BSON Message: [0mInside sensor type parsing.
[91m [1776439044.965201] BSON Message: [0mInside sensor type parsing end.
[91m [1776439044.965207] BSON Message: [0mInside sid parsing
[91m [1776439044.965212] BSON Message: [0mInside temp1 parsing.
[91m [1776439044.965218] Client: [0m---before writing in log upd_msg->seq_no= 78
[91m [1776439044.965223] Client: [0m---before writing in log upd_msg->type= 4
[91m [1776439044.965230] Client: [0m---before writing in log upd_msg->frag_no= 0
[91m [1776439044.965236] Client: [0m---before writing in log upd_msg->reliable= 1
[91m [1776439044.965241] Client: [0m---before writing in log upd_msg->data.sensor_type= 1
[91m [1776439044.965246] Client: [0m---before writing in log upd_msg->data.sid= temp_1
[91m [1776439044.965252] Client: [0m---after writing in log upd_msg->seq_no = 78
[91m [1776439044.965256] Client: [0m---after writing in log upd_msg->data.sensor_type = 1
[91m [1776439044.965260] Client: [0m---after writing in log upd_msg->reliable = 1
[91m [1776439045.63462] BSON Message: [0mInside sensor type parsing.
[91m [1776439045.63476] BSON Message: [0mInside sensor type parsing end.
[91m [1776439045.63481] BSON Message: [0mInside sid parsing
[91m [1776439045.63487] Client: [0m---before writing in log upd_msg->seq_no= 29
[91m [1776439045.63496] Client: [0m---before writing in log upd_msg->type= 4
[91m [1776439045.63500] Client: [0m---before writing in log upd_msg->frag_no= 0
[91m [1776439045.63516] Client: [0m---before writing in log upd_msg->reliable= 1
[91m [1776439045.63520] Client: [0m---before writing in log upd_msg->data.sensor_type= 2
[91m [1776439045.63524] Client: [0m---before writing in log upd_msg->data.sid= device_0
[91m [1776439045.63531] Client: [0m---after writing in log upd_msg->seq_no = 29
[91m [1776439045.63535] Client: [0m---after writing in log upd_msg->data.sensor_type = 2
[91m [1776439045.63541] Client: [0m---after writing in log upd_msg->reliable = 1
[91m [1776439045.965517] BSON Message: [0mInside sensor type parsing.
[91m [1776439045.965534] BSON Message: [0mInside sensor type parsing end.
[91m [1776439045.965539] BSON Message: [0mInside sid parsing
[91m [1776439045.965544] BSON Message: [0mInside temp1 parsing.
[91m [1776439045.965549] Client: [0m---before writing in log upd_msg->seq_no= 79
[91m [1776439045.965554] Client: [0m---before writing in log upd_msg->type= 4
[91m [1776439045.965558] Client: [0m---before writing in log upd_msg->frag_no= 0
[91m [1776439045.965562] Client: [0m---before writing in log upd_msg->reliable= 1
[91m [1776439045.965566] Client: [0m---before writing in log upd_msg->data.sensor_type= 1
[91m [1776439045.965570] Client: [0m---before writing in log upd_msg->data.sid= temp_1
[91m [1776439045.965576] Client: [0m---after writing in log upd_msg->seq_no = 79
[91m [1776439045.965581] Client: [0m---after writing in log upd_msg->data.sensor_type = 1
[91m [1776439045.965586] Client: [0m---after writing in log upd_msg->reliable = 1
[91m [1776439046.965772] BSON Message: [0mInside sensor type parsing.
[91m [1776439046.965790] BSON Message: [0mInside sensor type parsing end.
[91m [1776439046.965796] BSON Message: [0mInside sid parsing
[91m [1776439046.965801] BSON Message: [0mInside temp1 parsing.
[91m [1776439046.965807] Client: [0m---before writing in log upd_msg->seq_no= 80
[91m [1776439046.965812] Client: [0m---before writing in log upd_msg->type= 4
[91m [1776439046.965816] Client: [0m---before writing in log upd_msg->frag_no= 0
[91m [1776439046.965821] Client: [0m---before writing in log upd_msg->reliable= 1
[91m [1776439046.965825] Client: [0m---before writing in log upd_msg->data.sensor_type= 1
[91m [1776439046.965830] Client: [0m---before writing in log upd_msg->data.sid= temp_1
[91m [1776439046.965836] Client: [0m---after writing in log upd_msg->seq_no = 80
[91m [1776439046.965843] Client: [0m---after writing in log upd_msg->data.sensor_type = 1
[91m [1776439046.965847] Client: [0m---after writing in log upd_msg->reliable = 1
[91m [1776439047.966049] BSON Message: [0mInside sensor type parsing.
[91m [1776439047.966066] BSON Message: [0mInside sensor type parsing end.
[91m [1776439047.966071] BSON Message: [0mInside sid parsing
[91m [1776439047.966075] BSON Message: [0mInside temp1 parsing.
[91m [1776439047.966081] Client: [0m---before writing in log upd_msg->seq_no= 81
[91m [1776439047.966086] Client: [0m---before writing in log upd_msg->type= 4
[91m [1776439047.966090] Client: [0m---before writing in log upd_msg->frag_no= 0
[91m [1776439047.966094] Client: [0m---before writing in log upd_msg->reliable= 1
[91m [1776439047.966098] Client: [0m---before writing in log upd_msg->data.sensor_type= 1
[91m [1776439047.966101] Client: [0m---before writing in log upd_msg->data.sid= temp_1
[91m [1776439047.966107] Client: [0m---after writing in log upd_msg->seq_no = 81
[91m [1776439047.966111] Client: [0m---after writing in log upd_msg->data.sensor_type = 1
[91m [1776439047.966116] Client: [0m---after writing in log upd_msg->reliable = 1
[91m [1776439048.966418] BSON Message: [0mInside sensor type parsing.
[91m [1776439048.966437] BSON Message: [0mInside sensor type parsing end.
[91m [1776439048.966442] BSON Message: [0mInside sid parsing
[91m [1776439048.966447] BSON Message: [0mInside temp1 parsing.
arrived------------ 1
Got a message from the server.
Message type is 4
---------Update message arrived------------ 1
Got a message from the server.
Message type is 4
---------Update message arrived------------ 1
Got a message from the server.
Message type is 4
---------Update message arrived------------ 1
Got a message from the server.
Message type is 4
---------Update message arrived------------ 1
Got a message from the server.
Message type is 4
---------Update message arrived------------ 1
Got a message from the server.
Message type is 4
---------Update message arrived------------ 1
Got a message from the server.
Message type is 4
---------Update message arrived------------ 1
Got a message from the server.
Message type is 4
---------Update message arrived------------ 1
Got a message from the server.
Message type is 4
---------Update message arrived------------ 1
Got a message from the server.
Message type is 4
---------Update message arrived------------ 1
Got a message from the server.
Message type is 4
---------Update message arrived------------ 1
Got a message from the server.
Message type is 4
---------Update message arrived------------ 1
Got a message from the server.
Message type is 4
---------Update message arrived------------ 1
Got a message from the server.
Message type is 4
---------Update message arrived------------ 1
Got a message from the server.
Message type is 4
---------Update message arrived------------ 1
Got a message from the server.
Message type is 4
---------Update message arrived------------ 1
Got a message from the server.
Message type is 4
---------Update message arrived------------ 1
Got a message from the server.
Message type is 4
---------Update message arrived------------ 1
Got a message from the server.
Message type is 4
---------Update message arrived------------ 1
Got a message from the server.
Message type is 4
---------Update message arrived------------ 1
Got a message from the server.
Message type is 4
---------Update message arrived------------ 1
Got a message from the server.
Message type is 4
---------Update message arrived------------ 1
Got a message from the server.
Message type is 4
---------Update message arrived------------ 1
Got a message from the server.
Message type is 4
---------Update message arrived------------ 1
Got a message from the server.
Message type is 4
---------Update message arrived------------ 1
Got a message from the server.
Message type is 4
---------Update message arrived------------ 1
Got a message from the server.
Message type is 4
---------Update message arrived------------ 1
Got a message from the server.
Message type is 4
---------Update message arrived------------ 1
Got a message from the server.
Message type is 4
---------Update message arrived------------ 1
Got a message from the server.
Message type is 4
---------Update message arrived------------ 1
Got a message from the server.
Message type is 4
---------Update message arrived------------ 1
Got a message from the server.
Message type is 4
---------Update message arrived------------ 1
Got a message from the server.
Message type is 4
---------Update message arrived------------ 1
Got a message from the server.
Message type is 4
---------Update message arrived------------ 1
Got a message from the server.
Message type is 4
---------Update message arrived------------ 1
Got a message from the server.
Message type is 4
---------Update message arrived------------ 1
Got a message from the server.
Message type is 4
---------Update message arrived------------ 1
Got a message from the server.
Message type is 4
---------Update message arrived------------ 1
Got a message from the server.
Message type is 4
---------Update message arrived------------ 1
Got a message from the server.
Message type is 4
---------Update message arrived------------ 1
Got a message from the server.
Message type is 4
---------Update message arrived------------ 1
Got a message from the server.
Message type is 4
---------Update message arrived------------ 1
Got a message from the server.
Message type is 4
---------Update message arrived----[91m [1776439048.966467] Client: [0m---before writing in log upd_msg->seq_no= 82
[91m [1776439048.966472] Client: [0m---before writing in log upd_msg->type= 4
[91m [1776439048.966478] Client: [0m---before writing in log upd_msg->frag_no= 0
[91m [1776439048.966483] Client: [0m---before writing in log upd_msg->reliable= 1
[91m [1776439048.966487] Client: [0m---before writing in log upd_msg->data.sensor_type= 1
[91m [1776439048.966492] Client: [0m---before writing in log upd_msg->data.sid= temp_1
[91m [1776439048.966497] Client: [0m---after writing in log upd_msg->seq_no = 82
[91m [1776439048.966509] Client: [0m---after writing in log upd_msg->data.sensor_type = 1
[91m [1776439048.966515] Client: [0m---after writing in log upd_msg->reliable = 1
[91m [1776439049.615680] BSON Message: [0mInside sensor type parsing.
[91m [1776439049.615700] BSON Message: [0mInside sensor type parsing end.
[91m [1776439049.615707] BSON Message: [0mInside sid parsing
[91m [1776439049.615714] Client: [0m---before writing in log upd_msg->seq_no= 30
[91m [1776439049.615720] Client: [0m---before writing in log upd_msg->type= 4
[91m [1776439049.615726] Client: [0m---before writing in log upd_msg->frag_no= 0
[91m [1776439049.615733] Client: [0m---before writing in log upd_msg->reliable= 1
[91m [1776439049.615738] Client: [0m---before writing in log upd_msg->data.sensor_type= 2
[91m [1776439049.615744] Client: [0m---before writing in log upd_msg->data.sid= device_0
[91m [1776439049.615752] Client: [0m---after writing in log upd_msg->seq_no = 30
[91m [1776439049.615758] Client: [0m---after writing in log upd_msg->data.sensor_type = 2
[91m [1776439049.615764] Client: [0m---after writing in log upd_msg->reliable = 1
[91m [1776439049.966688] BSON Message: [0mInside sensor type parsing.
[91m [1776439049.966709] BSON Message: [0mInside sensor type parsing end.
[91m [1776439049.966715] BSON Message: [0mInside sid parsing
[91m [1776439049.966722] BSON Message: [0mInside temp1 parsing.
[91m [1776439049.966729] Client: [0m---before writing in log upd_msg->seq_no= 83
[91m [1776439049.966735] Client: [0m---before writing in log upd_msg->type= 4
[91m [1776439049.966741] Client: [0m---before writing in log upd_msg->frag_no= 0
[91m [1776439049.966747] Client: [0m---before writing in log upd_msg->reliable= 1
[91m [1776439049.966755] Client: [0m---before writing in log upd_msg->data.sensor_type= 1
[91m [1776439049.966761] Client: [0m---before writing in log upd_msg->data.sid= temp_1
[91m [1776439049.966768] Client: [0m---after writing in log upd_msg->seq_no = 83
[91m [1776439049.966774] Client: [0m---after writing in log upd_msg->data.sensor_type = 1
[91m [1776439049.966780] Client: [0m---after writing in log upd_msg->reliable = 1
[91m [1776439050.967023] BSON Message: [0mInside sensor type parsing.
[91m [1776439050.967042] BSON Message: [0mInside sensor type parsing end.
[91m [1776439050.967048] BSON Message: [0mInside sid parsing
[91m [1776439050.967053] BSON Message: [0mInside temp1 parsing.
[91m [1776439050.967060] Client: [0m---before writing in log upd_msg->seq_no= 84
[91m [1776439050.967065] Client: [0m---before writing in log upd_msg->type= 4
[91m [1776439050.967069] Client: [0m---before writing in log upd_msg->frag_no= 0
[91m [1776439050.967074] Client: [0m---before writing in log upd_msg->reliable= 1
[91m [1776439050.967079] Client: [0m---before writing in log upd_msg->data.sensor_type= 1
[91m [1776439050.967084] Client: [0m---before writing in log upd_msg->data.sid= temp_1
[91m [1776439050.967090] Client: [0m---after writing in log upd_msg->seq_no = 84
[91m [1776439050.967095] Client: [0m---after writing in log upd_msg->data.sensor_type = 1
[91m [1776439050.967099] Client: [0m---after writing in log upd_msg->reliable = 1
[91m [1776439051.967317] BSON Message: [0mInside sensor type parsing.
[91m [1776439051.967333] BSON Message: [0mInside sensor type parsing end.
[91m [1776439051.967338] BSON Message: [0mInside sid parsing
[91m [1776439051.967349] BSON Message: [0mInside temp1 parsing.
[91m [1776439051.967355] Client: [0m---before writing in log upd_msg->seq_no= 85
[91m [1776439051.967359] Client: [0m---before writing in log upd_msg->type= 4
[91m [1776439051.967364] Client: [0m---before writing in log upd_msg->frag_no= 0
[91m [1776439051.967368] Client: [0m---before writing in log upd_msg->reliable= 1
[91m [1776439051.967372] Client: [0m---before writing in log upd_msg->data.sensor_type= 1
[91m [1776439051.967379] Client: [0m---before writing in log upd_msg->data.sid= temp_1
[91m [1776439051.967385] Client: [0m---after writing in log upd_msg->seq_no = 85
[91m [1776439051.967389] Client: [0m---after writing in log upd_msg->data.sensor_type = 1
[91m [1776439051.967394] Client: [0m---after writing in log upd_msg->reliable = 1
[91m [1776439052.967612] BSON Message: [0mInside sensor type parsing.
[91m [1776439052.967630] BSON Message: [0mInside sensor type parsing end.
[91m [1776439052.967636] BSON Message: [0mInside sid parsing
[91m [1776439052.967642] BSON Message: [0mInside temp1 parsing.
[91m [1776439052.967648] Client: [0m---before writing in log upd_msg->seq_no= 86
[91m [1776439052.967653] Client: [0m---before writing in log upd_msg->type= 4
[91m [1776439052.967657] Client: [0m---before writing in log upd_msg->frag_no= 0
[91m [1776439052.967662] Client: [0m---before writing in log upd_msg->reliable= 1
[91m [1776439052.967666] Client: [0m---before writing in log upd_msg->data.sensor_type= 1
[91m [1776439052.967672] Client: [0m---before writing in log upd_msg->data.sid= temp_1
[91m [1776439052.967679] Client: [0m---after writing in log upd_msg->seq_no = 86
[91m [1776439052.967683] Client: [0m---after writing in log upd_msg->data.sensor_type = 1
[91m [1776439052.967687] Client: [0m---after writing in log upd_msg->reliable = 1
[91m [1776439053.101065] BSON Message: [0mInside sensor type parsing.
[91m [1776439053.101080] BSON Message: [0mInside sensor type parsing end.
[91m [1776439053.101086] BSON Message: [0mInside sid parsing
[91m [1776439053.101094] Client: [0m---before writing in log upd_msg->seq_no= 31
[91m [1776439053.101100] Client: [0m---before writing in log upd_msg->type= 4
[91m [1776439053.101108] Client: [0m---before writing in log upd_msg->frag_no= 0
[91m [1776439053.101113] Client: [0m---before writing in log upd_msg->reliable= 1
[91m [1776439053.101118] Client: [0m---before writing in log upd_msg->data.sensor_type= 2
[91m [1776439053.101123] Client: [0m---before writing in log upd_msg->data.sid= device_0
[91m [1776439053.101131] Client: [0m---after writing in log upd_msg->seq_no = 31
[91m [1776439053.101136] Client: [0m---after writing in log upd_msg->data.sensor_type = 2
[91m [1776439053.101141] Client: [0m---after writing in log upd_msg->reliable = 1
[91m [1776439053.509454] BSON Message: [0mInside sensor type parsing.
[91m [1776439053.509470] BSON Message: [0mInside sensor type parsing end.
[91m [1776439053.509475] BSON Message: [0mInside sid parsing
[91m [1776439053.509480] BSON Message: [0mInside gps1 parsing.
[91m [1776439053.509485] Client: [0m---before writing in log upd_msg->seq_no= 11
[91m [1776439053.509489] Client: [0m---before writing in log upd_msg->type= 4
[91m [1776439053.509493] Client: [0m---before writing in log upd_msg->frag_no= 0
[91m [1776439053.509498] Client: [0m---before writing in log upd_msg->reliable= 1
[91m [1776439053.509516] Client: [0m---before writing in log upd_msg->data.sensor_type= 3
[91m [1776439053.509521] Client: [0m---before writing in log upd_msg->data.sid= gps_2
[91m [1776439053.509530] Client: [0m---after writing in log upd_msg->seq_no = 11
[91m [1776439053.509537] Client: [0m---after writing in log upd_msg->data.sensor_type = 3
[91m [1776439053.509544] Client: [0m---after writing in log upd_msg->reliable = 1
[91m [1776439053.967942] BSON Message: [0mInside sensor type parsing.
[91m [1776439053.967959] BSON Message: [0mInside sensor type parsing end.
[91m [1776439053.967964] BSON Message: [0mInside sid parsing
[91m [1776439053.967977] BSON Message: [0mInside temp1 parsing.
[91m [1776439053.967983] Client: [0m---before writing in log upd_msg->seq_no= 87
[91m [1776439053.967987] Client: [0m---before writing in log upd_msg->type= 4
[91m [1776439053.967991] Client: [0m---before writing in log upd_msg->frag_no= 0
[91m [1776439053.967995] Client: [0m---before writing in log upd_msg->reliable= 1
[91m [1776439053.967999] Client: [0m---before writing in log upd_msg->data.sensor_type= 1
[91m [1776439053.968003] Client: [0m---before writing in log upd_msg->data.sid= temp_1
[91m [1776439053.968009] Client: [0m---after writing in log upd_msg->seq_no = 87
[91m [1776439053.968013] Client: [0m---after writing in log upd_msg->data.sensor_type = 1
[91m [1776439053.968017] Client: [0m---after writing in log upd_msg->reliable = 1
[91m [1776439054.968208] BSON Message: [0mInside sensor type parsing.
[91m [1776439054.968225] BSON Message: [0mInside sensor type parsing end.
[91m [1776439054.968230] BSON Message: [0mInside sid parsing
[91m [1776439054.968235] BSON Message: [0mInside temp1 parsing.
[91m [1776439054.968242] Client: [0m---before writing in log upd_msg->seq_no= 88
[91m [1776439054.968246] Client: [0m---before writing in log upd_msg->type= 4
[91m [1776439054.968251] Client: [0m---before writing in log upd_msg->frag_no= 0
[91m [1776439054.968257] Client: [0m---before writing in log upd_msg->reliable= 1
[91m [1776439054.968262] Client: [0m---before writing in log upd_msg->data.sensor_type= 1
[91m [1776439054.968266] Client: [0m---before writing in log upd_msg->data.sid= temp_1
[91m [1776439054.968272] Client: [0m---after writing in log upd_msg->seq_no = 88
[91m [1776439054.968277] Client: [0m---after writing in log upd_msg->data.sensor_type = 1
[91m [1776439054.968282] Client: [0m---after writing in log upd_msg->reliable = 1
[91m [1776439055.968448] BSON Message: [0mInside sensor type parsing.
[91m [1776439055.968466] BSON Message: [0mInside sensor type parsing end.
[91m [1776439055.968471] BSON Message: [0mInside sid parsing
[91m [1776439055.968477] BSON Message: [0mInside temp1 parsing.
[91m [1776439055.968483] Client: [0m---before writing in log upd_msg->seq_no= 89
[91m [1776439055.968491] Client: [0m---before writing in log upd_msg->type= 4
[91m [1776439055.968496] Client: [0m---before writing in log upd_msg->frag_no= 0
[91m [1776439055.968507] Client: [0m---before writing in log upd_msg->reliable= 1
[91m [1776439055.968512] Client: [0m---before writing in log upd_msg->data.sensor_type= 1
[91m [1776439055.968517] Client: [0m---before writing in log upd_msg->data.sid= temp_1
[91m [1776439055.968522] Client: [0m---after writing in log upd_msg->seq_no = 89
[91m [1776439055.968527] Client: [0m---after writing in log upd_msg->data.sensor_type = 1
[91m [1776439055.968531] Client: [0m---after writing in log upd_msg->reliable = 1
[91m [1776439056.773878] BSON Message: [0mInside sensor type parsing.
[91m [1776439056.773895] BSON Message: [0mInside sensor type parsing end.
[91m [1776439056.773900] BSON Message: [0mInside sid parsing
[91m [1776439056.773905] Client: [0m---before writing in log upd_msg->seq_no= 32
[91m [1776439056.773910] Client: [0m---before writing in log upd_msg->type= 4
[91m [1776439056.773914] Client: [0m---before writing in log upd_msg->frag_no= 0
[91m [1776439056.773917] Client: [0m---before writing in log upd_msg->reliable= 1
[91m [1776439056.773921] Client: [0m---before writing in log upd_msg->data.sensor_type= 2
[91m [1776439056.773925] Client: [0m---before writing in log upd_msg->data.sid= device_0
[91m [1776439056.773931] Client: [0m---after writing in log upd_msg->seq_no = 32
[91m [1776439056.773935] Client: [0m---after writing in log upd_msg->data.sensor_type = 2
[91m [1776439056.773940] Client: [0m---after writing in log upd_msg->reliable = 1
[91m [1776439056.968717] BSON Message: [0mInside sensor type parsing.
[91m [1776439056.968732] BSON Message: [0mInside sensor type parsing end.
[91m [1776439056.968738] BSON Message: [0mInside sid parsing
[91m [1776439056.968748] BSON Message: [0mInside temp1 parsing.
[91m [1776439056.968753] Client: [0m---before writing in log upd_msg->seq_no= 90
[91m [1776439056.968758] Client: [0m---before writing in log upd_msg->type= 4
[91m [1776439056.968762] Client: [0m---before writing in log upd_msg->frag_no= 0
[91m [1776439056.968765] Client: [0m---before writing in log upd_msg->reliable= 1
[91m [1776439056.968770] Client: [0m---before writing in log upd_msg->data.sensor_type= 1
[91m [1776439056.968775] Client: [0m---before writing in log upd_msg->data.sid= temp_1
[91m [1776439056.968781] Client: [0m---after writing in log upd_msg->seq_no = 90
[91m [1776439056.968787] Client: [0m---after writing in log upd_msg->data.sensor_type = 1
[91m [1776439056.968790] Client: [0m---after writing in log upd_msg->reliable = 1
[91m [1776439057.969036] BSON Message: [0mInside sensor type parsing.
[91m [1776439057.969050] BSON Message: [0mInside sensor type parsing end.
[91m [1776439057.969056] BSON Message: [0mInside sid parsing
[91m [1776439057.969061] BSON Message: [0mInside temp1 parsing.
[91m [1776439057.969068] Client: [0m---before writing in log upd_msg->seq_no= 91
[91m [1776439057.969073] Client: [0m---before writing in log upd_msg->type= 4
[91m [1776439057.969078] Client: [0m---before writing in log upd_msg->frag_no= 0
[91m [1776439057.969085] Client: [0m---before writing in log upd_msg->reliable= 1
[91m [1776439057.969090] Client: [0m---before writing in log upd_msg->data.sensor_type= 1
[91m [1776439057.969096] Client: [0m---before writing in log upd_msg->data.sid= temp_1
[91m [1776439057.969102] Client: [0m---after writing in log upd_msg->seq_no = 91
[91m [1776439057.969107] Client: [0m---after writing in log upd_msg->data.sensor_type = 1
[91m [1776439057.969112] Client: [0m---after writing in log upd_msg->reliable = 1
[91m [1776439058.672752] BSON Message: [0mInside sensor type parsing.
[91m [1776439058.672770] BSON Message: [0mInside sensor type parsing end.
[91m [1776439058.672776] BSON Message: [0mInside sid parsing
[91m [1776439058.672783] Client: [0m---before writing in log upd_msg->seq_no= 33
[91m [1776439058.672788] Client: [0m---before writing in log upd_msg->type= 4
[91m [1776439058.672793] Client: [0m---before writing in log upd_msg->frag_no= 0
[91m [1776439058.672798] Client: [0m---before writing in log upd_msg->reliable= 1
[91m [1776439058.672803] Client: [0m---before writing in log upd_msg->data.sensor_type= 2
[91m [1776439058.672807] Client: [0m---before writing in log upd_msg->data.sid= device_0
[91m [1776439058.672814] Client: [0m---after writing in log upd_msg->seq_no = 33
[91m [1776439058.672819] Client: [0m---after writing in log upd_msg->data.sensor_type = 2
[91m [1776439058.672824] Client: [0m---after writing in log upd_msg->reliable = 1
[91m [1776439058.969319] BSON Message: [0mInside sensor type parsing.
[91m [1776439058.969336] BSON Message: [0mInside sensor type parsing end.
[91m [1776439058.969341] BSON Message: [0mInside sid parsing
[91m [1776439058.969345] BSON Message: [0mInside temp1 parsing.
[91m [1776439058.969351] Client: [0m---before writing in log upd_msg->seq_no= 92
[91m [1776439058.969355] Client: [0m---before writing in log upd_msg->type= 4
[91m [1776439058.969358] Client: [0m---before writing in log upd_msg->frag_no= 0
[91m [1776439058.969362] Client: [0m---before writing in log upd_msg->reliable= 1
[91m [1776439058.969366] Client: [0m---before writing in log upd_msg->data.sensor_type= 1
[91m [1776439058.969371] Client: [0m---before writing in log upd_msg->data.sid= temp_1
[91m [1776439058.969376] Client: [0m---after writing in log upd_msg->seq_no = 92
[91m [1776439058.969380] Client: [0m---after writing in log upd_msg->data.sensor_type = 1
[91m [1776439058.969384] Client: [0m---after writing in log upd_msg->reliable = 1
[91m [1776439059.969646] BSON Message: [0mInside sensor type parsing.
[91m [1776439059.969672] BSON Message: [0mInside sensor type parsing end.
[91m [1776439059.969690] BSON Message: [0mInside sid parsing
[91m [1776439059.969696] BSON Message: [0mInside temp1 parsing.
[91m [1776439059.969703] Client: [0m---before writing in log upd_msg->seq_no= 93
[91m [1776439059.969709] Client: [0m---before writing in log upd_msg->type= 4
[91m [1776439059.969715] Client: [0m---before writing in log upd_msg->frag_no= 0
[91m [1776439059.969721] Client: [0m---before writing in log upd_msg->reliable= 1
[91m [1776439059.969726] Client: [0m---before writing in log upd_msg->data.sensor_type= 1
[91m [1776439059.969732] Client: [0m---before writing in log upd_msg->data.sid= temp_1
[91m [1776439059.969740] Client: [0m---after writing in log upd_msg->seq_no = 93
[91m [1776439059.969745] Client: [0m---after writing in log upd_msg->data.sensor_type = 1
[91m [1776439059.969752] Client: [0m---after writing in log upd_msg->reliable = 1
[91m [1776439060.302850] BSON Message: [0mInside sensor type parsing.
[91m [1776439060.302868] BSON Message: [0mInside sensor type parsing end.
[91m [1776439060.302874] BSON Message: [0mInside sid parsing
[91m [1776439060.302881] Client: [0m---before writing in log upd_msg->seq_no= 34
[91m [1776439060.302886] Client: [0m---before writing in log upd_msg->type= 4
[91m [1776439060.302892] Client: [0m---before writing in log upd_msg->frag_no= 0
[91m [1776439060.302897] Client: [0m---before writing in log upd_msg->reliable= 1
[91m [1776439060.302902] Client: [0m---before writing in log upd_msg->data.sensor_type= 2
[91m [1776439060.302907] Client: [0m---before writing in log upd_msg->data.sid= device_0
[91m [1776439060.302913] Client: [0m---after writing in log upd_msg->seq_no = 34
[91m [1776439060.302918] Client: [0m---after writing in log upd_msg->data.sensor_type = 2
[91m [1776439060.302922] Client: [0m---after writing in log upd_msg->reliable = 1
[91m [1776439060.969915] BSON Message: [0mInside sensor type parsing.
[91m [1776439060.969941] BSON Message: [0mInside sensor type parsing end.
[91m [1776439060.969954] BSON Message: [0mInside sid parsing
[91m [1776439060.969960] BSON Message: [0mInside temp1 parsing.
[91m [1776439060.969966] Client: [0m---before writing in log upd_msg->seq_no= 94
[91m [1776439060.969972] Client: [0m---before writing in log upd_msg->type= 4
[91m [1776439060.969976] Client: [0m---before writing in log upd_msg->frag_no= 0
[91m [1776439060.969981] Client: [0m---before writing in log upd_msg->reliable= 1
[91m [1776439060.969986] Client: [0m---before writing in log upd_msg->data.sensor_type= 1
[91m [1776439060.969991] Client: [0m---before writing in log upd_msg->data.sid= temp_1
[91m [1776439060.969997] Client: [0m---after writing in log upd_msg->seq_no = 94
[91m [1776439060.970004] Client: [0m---after writing in log upd_msg->data.sensor_type = 1
[91m [1776439060.970009] Client: [0m---after writing in log upd_msg->reliable = 1
[91m [1776439061.970167] BSON Message: [0mInside sensor type parsing.
[91m [1776439061.970185] BSON Message: [0mInside sensor type parsing end.
[91m [1776439061.970191] BSON Message: [0mInside sid parsing
[91m [1776439061.970199] BSON Message: [0mInside temp1 parsing.
[91m [1776439061.970205] Client: [0m---before writing in log upd_msg->seq_no= 95
[91m [1776439061.970211] Client: [0m---before writing in log upd_msg->type= 4
[91m [1776439061.970217] Client: [0m---before writing in log upd_msg->frag_no= 0
[91m [1776439061.970221] Client: [0m---before writing in log upd_msg->reliable= 1
[91m [1776439061.970227] Client: [0m---before writing in log upd_msg->data.sensor_type= 1
[91m [1776439061.970232] Client: [0m---before writing in log upd_msg->data.sid= temp_1
[91m [1776439061.970241] Client: [0m---after writing in log upd_msg->seq_no = 95
[91m [1776439061.970246] Client: [0m---after writing in log upd_msg->data.sensor_type = 1
[91m [1776439061.970251] Client: [0m---after writing in log upd_msg->reliable = 1
[91m [1776439062.970440] BSON Message: [0mInside sensor type parsing.
[91m [1776439062.970452] BSON Message: [0mInside sensor type parsing end.
[91m [1776439062.970461] BSON Message: [0mInside sid parsing
[91m [1776439062.970464] BSON Message: [0mInside temp1 parsing.
[91m [1776439062.970469] Client: [0m---before writing in log upd_msg->seq_no= 96
[91m [1776439062.970473] Client: [0m---before writing in log upd_msg->type= 4
[91m [1776439062.970478] Client: [0m---before writing in log upd_msg->frag_no= 0
[91m [1776439062.970482] Client: [0m---before writing in log upd_msg->reliable= 1
[91m [1776439062.970486] Client: [0m---before writing in log upd_msg->data.sensor_type= 1
[91m [1776439062.970489] Client: [0m---before writing in log upd_msg->data.sid= temp_1
[91m [1776439062.970496] Client: [0m---after writing in log upd_msg->seq_no = 96
[91m [1776439062.970509] Client: [0m---after writing in log upd_msg->data.sensor_type = 1
[91m [1776439062.970514] Client: [0m---after writing in log upd_msg->reliable = 1
[91m [1776439063.970712] BSON Message: [0mInside sensor type parsing.
[91m [1776439063.970730] BSON Message: [0mInside sensor type parsing end.
[91m [1776439063.970737] BSON Message: [0mInside sid parsing
[91m [1776439063.970744] BSON Message: [0mInside temp1 parsing.
[91m [1776439063.970751] Client: [0m---before writing in log upd_msg->seq_no= 97
[91m [1776439063.970756] Client: [0m---before writing in log upd_msg->type= 4
[91m [1776439063.970762] Client: [0m---before writing in log upd_msg->frag_no= 0
[91m [1776439063.970768] Client: [0m---before writing in log upd_msg->reliable= 1
[91m [1776439063.970774] Client: [0m---before writing in log upd_msg->data.sensor_type= 1
[91m [1776439063.970780] Client: [0m---before writing in log upd_msg->data.sid= temp_1
[91m [1776439063.970787] Client: [0m---after writing in log upd_msg->seq_no = 97
[91m [1776439063.970793] Client: [0m---after writing in log upd_msg->data.sensor_type = 1
[91m [1776439063.970799] Client: [0m---after writing in log upd_msg->reliable = 1
[91m [1776439064.326652] BSON Message: [0mInside sensor type parsing.
[91m [1776439064.326672] BSON Message: [0mInside sensor type parsing end.
[91m [1776439064.326679] BSON Message: [0mInside sid parsing
[91m [1776439064.326687] Client: [0m---before writing in log upd_msg->seq_no= 35
[91m [1776439064.326693] Client: [0m---before writing in log upd_msg->type= 4
[91m [1776439064.326698] Client: [0m---before writing in log upd_msg->frag_no= 0
[91m [1776439064.326704] Client: [0m---before writing in log upd_msg->reliable= 1
[91m [1776439064.326710] Client: [0m---before writing in log upd_msg->data.sensor_type= 2
[91m [1776439064.326716] Client: [0m---before writing in log upd_msg->data.sid= device_0
[91m [1776439064.326723] Client: [0m---after writing in log upd_msg->seq_no = 35
[91m [1776439064.326728] Client: [0m---after writing in log upd_msg->data.sensor_type = 2
[91m [1776439064.326734] Client: [0m---after writing in log upd_msg->reliable = 1
[91m [1776439064.970968] BSON Message: [0mInside sensor type parsing.
[91m [1776439064.970984] BSON Message: [0mInside sensor type parsing end.
[91m [1776439064.970990] BSON Message: [0mInside sid parsing
[91m [1776439064.970995] BSON Message: [0mInside temp1 parsing.
[91m [1776439064.971001] Client: [0m---before writing in log upd_msg->seq_no= 98
[91m [1776439064.971007] Client: [0m---before writing in log upd_msg->type= 4
[91m [1776439064.971013] Client: [0m---before writing in log upd_msg->frag_no= 0
[91m [1776439064.971017] Client: [0m---before writing in log upd_msg->reliable= 1
[91m [1776439064.971022] Client: [0m---before writing in log upd_msg->data.sensor_type= 1
[91m [1776439064.971028] Client: [0m---before writing in log upd_msg->data.sid= temp_1
[91m [1776439064.971034] Client: [0m---after writing in log upd_msg->seq_no = 98
[91m [1776439064.971038] Client: [0m---after writing in log upd_msg->data.sensor_type = 1
[91m [1776439064.971043] Client: [0m---after writing in log upd_msg->reliable = 1
[91m [1776439065.921665] BSON Message: [0mInside sensor type parsing.
[91m [1776439065.921684] BSON Message: [0mInside sensor type parsing end.
[91m [1776439065.921689] BSON Message: [0mInside sid parsing
[91m [1776439065.921695] Client: [0m---before writing in log upd_msg->seq_no= 36
[91m [1776439065.921700] Client: [0m---before writing in log upd_msg->type= 4
[91m [1776439065.921704] Client: [0m---before writing in log upd_msg->frag_no= 0
[91m [1776439065.921708] Client: [0m---before writing in log upd_msg->reliable= 1
[91m [1776439065.921713] Client: [0m---before writing in log upd_msg->data.sensor_type= 2
[91m [1776439065.921717] Client: [0m---before writing in log upd_msg->data.sid= device_0
[91m [1776439065.921722] Client: [0m---after writing in log upd_msg->seq_no = 36
[91m [1776439065.921727] Client: [0m---after writing in log upd_msg->data.sensor_type = 2
[91m [1776439065.921731] Client: [0m---after writing in log upd_msg->reliable = 1
[91m [1776439065.971206] BSON Message: [0mInside sensor type parsing.
[91m [1776439065.971220] BSON Message: [0mInside sensor type parsing end.
[91m [1776439065.971225] BSON Message: [0mInside sid parsing
[91m [1776439065.971229] BSON Message: [0mInside temp1 parsing.
[91m [1776439065.971234] Client: [0m---before writing in log upd_msg->seq_no= 99
[91m [1776439065.971238] Client: [0m---before writing in log upd_msg->type= 4
[91m [1776439065.971242] Client: [0m---before writing in log upd_msg->frag_no= 0
[91m [1776439065.971247] Client: [0m---before writing in log upd_msg->reliable= 1
[91m [1776439065.971253] Client: [0m---before writing in log upd_msg->data.sensor_type= 1
[91m [1776439065.971257] Client: [0m---before writing in log upd_msg->data.sid= temp_1
[91m [1776439065.971262] Client: [0m---after writing in log upd_msg->seq_no = 99
[91m [1776439065.971268] Client: [0m---after writing in log upd_msg->data.sensor_type = 1
[91m [1776439065.971273] Client: [0m---after writing in log upd_msg->reliable = 1
[91m [1776439066.971509] BSON Message: [0mInside sensor type parsing.
[91m [1776439066.971528] BSON Message: [0mInside sensor type parsing end.
[91m [1776439066.971534] BSON Message: [0mInside sid parsing
[91m [1776439066.971540] BSON Message: [0mInside temp1 parsing.
[91m [1776439066.971547] Client: [0m---before writing in log upd_msg->seq_no= 100
[91m [1776439066.971552] Client: [0m---before writing in log upd_msg->type= 4
[91m [1776439066.971557] Client: [0m---before writing in log upd_msg->frag_no= 0
[91m [1776439066.971562] Client: [0m---before writing in log upd_msg->reliable= 0
[91m [1776439066.971567] Client: [0m---before writing in log upd_msg->data.sensor_type= 1
[91m [1776439066.971572] Client: [0m---before writing in log upd_msg->data.sid= temp_1
[91m [1776439066.971579] Client: [0m---after writing in log upd_msg->seq_no = 100
[91m [1776439066.971584] Client: [0m---after writing in log upd_msg->data.sensor_type = 1
[91m [1776439066.971590] Client: [0m---after writing in log upd_msg->reliable = 0
[91m [1776439067.971770] BSON Message: [0mInside sensor type parsing.
[91m [1776439067.971790] BSON Message: [0mInside sensor type parsing end.
[91m [1776439067.971797] BSON Message: [0mInside sid parsing
[91m [1776439067.971803] BSON Message: [0mInside temp1 parsing.
[91m [1776439067.971810] Client: [0m---before writing in log upd_msg->seq_no= 101
[91m [1776439067.971816] Client: [0m---before writing in log upd_msg->type= 4
[91m [1776439067.971821] Client: [0m---before writing in log upd_msg->frag_no= 0
[91m [1776439067.971826] Client: [0m---before writing in log upd_msg->reliable= 0
[91m [1776439067.971831] Client: [0m---before writing in log upd_msg->data.sensor_type= 1
[91m [1776439067.971837] Client: [0m---before writing in log upd_msg->data.sid= temp_1
[91m [1776439067.971843] Client: [0m---after writing in log upd_msg->seq_no = 101
[91m [1776439067.971848] Client: [0m---after writing in log upd_msg->data.sensor_type = 1
[91m [1776439067.971853] Client: [0m---after writing in log upd_msg->reliable = 0
[91m [1776439068.428158] BSON Message: [0mInside sensor type parsing.
[91m [1776439068.428174] BSON Message: [0mInside sensor type parsing end.
[91m [1776439068.428177] BSON Message: [0mInside sid parsing
[91m [1776439068.428182] Client: [0m---before writing in log upd_msg->seq_no= 37
[91m [1776439068.428186] Client: [0m---before writing in log upd_msg->type= 4
[91m [1776439068.428190] Client: [0m---before writing in log upd_msg->frag_no= 0
[91m [1776439068.428194] Client: [0m---before writing in log upd_msg->reliable= 1
[91m [1776439068.428199] Client: [0m---before writing in log upd_msg->data.sensor_type= 2
[91m [1776439068.428203] Client: [0m---before writing in log upd_msg->data.sid= device_0
[91m [1776439068.428207] Client: [0m---after writing in log upd_msg->seq_no = 37
[91m [1776439068.428210] Client: [0m---after writing in log upd_msg->data.sensor_type = 2
[91m [1776439068.428214] Client: [0m---after writing in log upd_msg->reliable = 1
[91m [1776439068.845589] BSON Message: [0mInside sensor type parsing.
[91m [1776439068.845605] BSON Message: [0mInside sensor type parsing end.
[91m [1776439068.845610] BSON Message: [0mInside sid parsing
[91m [1776439068.845614] BSON Message: [0mInside gps1 parsing.
[91m [1776439068.845620] Client: [0m---before writing in log upd_msg->seq_no= 12
[91m [1776439068.845624] Client: [0m---before writing in log upd_msg->type= 4
[91m [1776439068.845629] Client: [0m---before writing in log upd_msg->frag_no= 0
[91m [1776439068.845633] Client: [0m---before writing in log upd_msg->reliable= 1
[91m [1776439068.845640] Client: [0m---before writing in log upd_msg->data.sensor_type= 3
[91m [1776439068.845644] Client: [0m---before writing in log upd_msg->data.sid= gps_2
[91m [1776439068.845652] Client: [0m---after writing in log upd_msg->seq_no = 12
[91m [1776439068.845658] Client: [0m---after writing in log upd_msg->data.sensor_type = 3
[91m [1776439068.845662] Client: [0m---after writing in log upd_msg->reliable = 1
[91m [1776439068.972076] BSON Message: [0mInside sensor type parsing.
[91m [1776439068.972091] BSON Message: [0mInside sensor type parsing end.
[91m [1776439068.972096] BSON Message: [0mInside sid parsing
[91m [1776439068.972100] BSON Message: [0mInside temp1 parsing.
[91m [1776439068.972105] Client: [0m---before writing in log upd_msg->seq_no= 102
[91m [1776439068.972109] Client: [0m---before writing in log upd_msg->type= 4
[91m [1776439068.972115] Client: [0m---before writing in log upd_msg->frag_no= 0
[91m [1776439068.972119] Client: [0m---before writing in log upd_msg->reliable= 1
[91m [1776439068.972123] Client: [0m---before writing in log upd_msg->data.sensor_type= 1
[91m [1776439068.972129] Client: [0m---before writing in log upd_msg->data.sid= temp_1
[91m [1776439068.972135] Client: [0m---after writing in log upd_msg->seq_no = 102
[91m [1776439068.972140] Client: [0m---after writing in log upd_msg->data.sensor_type = 1
[91m [1776439068.972145] Client: [0m---after writing in log upd_msg->reliable = 1
[91m [1776439069.762401] BSON Message: [0mInside sensor type parsing.
[91m [1776439069.762419] BSON Message: [0mInside sensor type parsing end.
[91m [1776439069.762424] BSON Message: [0mInside sid parsing
[91m [1776439069.762431] Client: [0m---before writing in log upd_msg->seq_no= 38
[91m [1776439069.762436] Client: [0m---before writing in log upd_msg->type= 4
[91m [1776439069.762440] Client: [0m---before writing in log upd_msg->frag_no= 0
[91m [1776439069.762444] Client: [0m---before writing in log upd_msg->reliable= 1
[91m [1776439069.762449] Client: [0m---before writing in log upd_msg->data.sensor_type= 2
[91m [1776439069.762453] Client: [0m---before writing in log upd_msg->data.sid= device_0
[91m [1776439069.762458] Client: [0m---after writing in log upd_msg->seq_no = 38
[91m [1776439069.762462] Client: [0m---after writing in log upd_msg->data.sensor_type = 2
[91m [1776439069.762466] Client: [0m---after writing in log upd_msg->reliable = 1
[91m [1776439069.969524] BSON Message: [0mInside sensor type parsing.
[91m [1776439069.969542] BSON Message: [0mInside sensor type parsing end.
[91m [1776439069.969556] BSON Message: [0mInside sid parsing
[91m [1776439069.969563] Client: [0m---before writing in log upd_msg->seq_no= 39
[91m [1776439069.969569] Client: [0m---before writing in log upd_msg->type= 4
[91m [1776439069.969574] Client: [0m---before writing in log upd_msg->frag_no= 0
[91m [1776439069.969579] Client: [0m---before writing in log upd_msg->reliable= 1
[91m [1776439069.969584] Client: [0m---before writing in log upd_msg->data.sensor_type= 2
[91m [1776439069.969588] Client: [0m---before writing in log upd_msg->data.sid= device_0
[91m [1776439069.969594] Client: [0m---after writing in log upd_msg->seq_no = 39
[91m [1776439069.969599] Client: [0m---after writing in log upd_msg->data.sensor_type = 2
[91m [1776439069.969603] Client: [0m---after writing in log upd_msg->reliable = 1
[91m [1776439069.976556] BSON Message: [0mInside sensor type parsing.
[91m [1776439069.976569] BSON Message: [0mInside sensor type parsing end.
[91m [1776439069.976575] BSON Message: [0mInside sid parsing
[91m [1776439069.976580] BSON Message: [0mInside temp1 parsing.
[91m [1776439069.976587] Client: [0m---before writing in log upd_msg->seq_no= 103
[91m [1776439069.976591] Client: [0m---before writing in log upd_msg->type= 4
[91m [1776439069.976596] Client: [0m---before writing in log upd_msg->frag_no= 0
[91m [1776439069.976600] Client: [0m---before writing in log upd_msg->reliable= 1
[91m [1776439069.976605] Client: [0m---before writing in log upd_msg->data.sensor_type= 1
[91m [1776439069.976609] Client: [0m---before writing in log upd_msg->data.sid= temp_1
[91m [1776439069.976614] Client: [0m---after writing in log upd_msg->seq_no = 103
[91m [1776439069.976619] Client: [0m---after writing in log upd_msg->data.sensor_type = 1
[91m [1776439069.976624] Client: [0m---after writing in log upd_msg->reliable = 1
[91m [1776439070.972657] BSON Message: [0mInside sensor type parsing.
[91m [1776439070.972669] BSON Message: [0mInside sensor type parsing end.
[91m [1776439070.972673] BSON Message: [0mInside sid parsing
[91m [1776439070.972677] BSON Message: [0mInside temp1 parsing.
[91m [1776439070.972682] Client: [0m---before writing in log upd_msg->seq_no= 104
[91m [1776439070.972686] Client: [0m---before writing in log upd_msg->type= 4
[91m [1776439070.972690] Client: [0m---before writing in log upd_msg->frag_no= 0
[91m [1776439070.972694] Client: [0m---before writing in log upd_msg->reliable= 1
[91m [1776439070.972697] Client: [0m---before writing in log upd_msg->data.sensor_type= 1
[91m [1776439070.972701] Client: [0m---before writing in log upd_msg->data.sid= temp_1
[91m [1776439070.972708] Client: [0m---after writing in log upd_msg->seq_no = 104
[91m [1776439070.972713] Client: [0m---after writing in log upd_msg->data.sensor_type = 1
[91m [1776439070.972717] Client: [0m---after writing in log upd_msg->reliable = 1
[91m [1776439071.22699] BSON Message: [0mInside sensor type parsing.
[91m [1776439071.22715] BSON Message: [0mInside sensor type parsing end.
[91m [1776439071.22721] BSON Message: [0mInside sid parsing
[91m [1776439071.22727] Client: [0m---before writing in log upd_msg->seq_no= 40
[91m [1776439071.22731] Client: [0m---before writing in log upd_msg->type= 4
[91m [1776439071.22735] Client: [0m---before writing in log upd_msg->frag_no= 0
[91m [1776439071.22740] Client: [0m---before writing in log upd_msg->reliable= 1
[91m [1776439071.22744] Client: [0m---before writing in log upd_msg->data.sensor_type= 2
[91m [1776439071.22748] Client: [0m---before writing in log upd_msg->data.sid= device_0
[91m [1776439071.22753] Client: [0m---after writing in log upd_msg->seq_no = 40
[91m [1776439071.22757] Client: [0m---after writing in log upd_msg->data.sensor_type = 2
[91m [1776439071.22761] Client: [0m---after writing in log upd_msg->reliable = 1
[91m [1776439071.972891] BSON Message: [0mInside sensor type parsing.
[91m [1776439071.972905] BSON Message: [0mInside sensor type parsing end.
[91m [1776439071.972916] BSON Message: [0mInside sid parsing
[91m [1776439071.972920] BSON Message: [0mInside temp1 parsing.
[91m [1776439071.972925] Client: [0m---before writing in log upd_msg->seq_no= 105
[91m [1776439071.972929] Client: [0m---before writing in log upd_msg->type= 4
[91m [1776439071.972933] Client: [0m---before writing in log upd_msg->frag_no= 0
[91m [1776439071.972937] Client: [0m---before writing in log upd_msg->reliable= 1
[91m [1776439071.972940] Client: [0m---before writing in log upd_msg->data.sensor_type= 1
[91m [1776439071.972944] Client: [0m---before writing in log upd_msg->data.sid= temp_1
[91m [1776439071.972949] Client: [0m---after writing in log upd_msg->seq_no = 105
[91m [1776439071.972952] Client: [0m---after writing in log upd_msg->data.sensor_type = 1
[91m [1776439071.972957] Client: [0m---after writing in log upd_msg->reliable = 1
[91m [1776439072.470803] BSON Message: [0mInside sensor type parsing.
[91m [1776439072.470818] BSON Message: [0mInside sensor type parsing end.
[91m [1776439072.470823] BSON Message: [0mInside sid parsing
[91m [1776439072.470828] Client: [0m---before writing in log upd_msg->seq_no= 41
[91m [1776439072.470833] Client: [0m---before writing in log upd_msg->type= 4
[91m [1776439072.470837] Client: [0m---before writing in log upd_msg->frag_no= 0
[91m [1776439072.470841] Client: [0m---before writing in log upd_msg->reliable= 1
[91m [1776439072.470845] Client: [0m---before writing in log upd_msg->data.sensor_type= 2
[91m [1776439072.470849] Client: [0m---before writing in log upd_msg->data.sid= device_0
[91m [1776439072.470854] Client: [0m---after writing in log upd_msg->seq_no = 41
[91m [1776439072.470857] Client: [0m---after writing in log upd_msg->data.sensor_type = 2
[91m [1776439072.470861] Client: [0m---after writing in log upd_msg->reliable = 1
[91m [1776439072.973182] BSON Message: [0mInside sensor type parsing.
[91m [1776439072.973198] BSON Message: [0mInside sensor type parsing end.
[91m [1776439072.973203] BSON Message: [0mInside sid parsing
[91m [1776439072.973208] BSON Message: [0mInside temp1 parsing.
[91m [1776439072.973213] Client: [0m---before writing in log upd_msg->seq_no= 106
[91m [1776439072.973218] Client: [0m---before writing in log upd_msg->type= 4
[91m [1776439072.973221] Client: [0m---before writing in log upd_msg->frag_no= 0
[91m [1776439072.973225] Client: [0m---before writing in log upd_msg->reliable= 1
[91m [1776439072.973229] Client: [0m---before writing in log upd_msg->data.sensor_type= 1
[91m [1776439072.973233] Client: [0m---before writing in log upd_msg->data.sid= temp_1
[91m [1776439072.973238] Client: [0m---after writing in log upd_msg->seq_no = 106
[91m [1776439072.973242] Client: [0m---after writing in log upd_msg->data.sensor_type = 1
[91m [1776439072.973246] Client: [0m---after writing in log upd_msg->reliable = 1
[91m [1776439073.981926] BSON Message: [0mInside sensor type parsing.
[91m [1776439073.981938] BSON Message: [0mInside sensor type parsing end.
[91m [1776439073.981942] BSON Message: [0mInside sid parsing
[91m [1776439073.981946] BSON Message: [0mInside temp1 parsing.
[91m [1776439073.981952] Client: [0m---before writing in log upd_msg->seq_no= 107
[91m [1776439073.981956] Client: [0m---before writing in log upd_msg->type= 4
[91m [1776439073.981959] Client: [0m---before writing in log upd_msg->frag_no= 0
[91m [1776439073.981962] Client: [0m---before writing in log upd_msg->reliable= 1
[91m [1776439073.981967] Client: [0m---before writing in log upd_msg->data.sensor_type= 1
[91m [1776439073.981971] Client: [0m---before writing in log upd_msg->data.sid= temp_1
[91m [1776439073.981975] Client: [0m---after writing in log upd_msg->seq_no = 107
[91m [1776439073.981978] Client: [0m---after writing in log upd_msg->data.sensor_type = 1
[91m [1776439073.981981] Client: [0m---after writing in log upd_msg->reliable = 1
[91m [1776439074.973759] BSON Message: [0mInside sensor type parsing.
[91m [1776439074.973777] BSON Message: [0mInside sensor type parsing end.
[91m [1776439074.973791] BSON Message: [0mInside sid parsing
[91m [1776439074.973800] BSON Message: [0mInside temp1 parsing.
[91m [1776439074.973809] Client: [0m---before writing in log upd_msg->seq_no= 108
[91m [1776439074.973816] Client: [0m---before writing in log upd_msg->type= 4
[91m [1776439074.973823] Client: [0m---before writing in log upd_msg->frag_no= 0
[91m [1776439074.973829] Client: [0m---before writing in log upd_msg->reliable= 1
[91m [1776439074.973837] Client: [0m---before writing in log upd_msg->data.sensor_type= 1
[91m [1776439074.973844] Client: [0m---before writing in log upd_msg->data.sid= temp_1
[91m [1776439074.973851] Client: [0m---after writing in log upd_msg->seq_no = 108
[91m [1776439074.973858] Client: [0m---after writing in log upd_msg->data.sensor_type = 1
[91m [1776439074.973864] Client: [0m---after writing in log upd_msg->reliable = 1
[91m [1776439075.974225] BSON Message: [0mInside sensor type parsing.
[91m [1776439075.974248] BSON Message: [0mInside sensor type parsing end.
[91m [1776439075.974255] BSON Message: [0mInside sid parsing
[91m [1776439075.974261] BSON Message: [0mInside temp1 parsing.
[91m [1776439075.974270] Client: [0m---before writing in log upd_msg->seq_no= 109
[91m [1776439075.974277] Client: [0m---before writing in log upd_msg->type= 4
[91m [1776439075.974282] Client: [0m---before writing in log upd_msg->frag_no= 0
[91m [1776439075.974288] Client: [0m---before writing in log upd_msg->reliable= 1
[91m [1776439075.974294] Client: [0m---before writing in log upd_msg->data.sensor_type= 1
[91m [1776439075.974299] Client: [0m---before writing in log upd_msg->data.sid= temp_1
[91m [1776439075.974308] Client: [0m---after writing in log upd_msg->seq_no = 109
[91m [1776439075.974314] Client: [0m---after writing in log upd_msg->data.sensor_type = 1
[91m [1776439075.974319] Client: [0m---after writing in log upd_msg->reliable = 1
[91m [1776439076.173733] BSON Message: [0mInside sensor type parsing.
[91m [1776439076.173747] BSON Message: [0mInside sensor type parsing end.
[91m [1776439076.173751] BSON Message: [0mInside sid parsing
[91m [1776439076.173757] Client: [0m---before writing in log upd_msg->seq_no= 42
[91m [1776439076.173761] Client: [0m---before writing in log upd_msg->type= 4
[91m [1776439076.173764] Client: [0m---before writing in log upd_msg->frag_no= 0
[91m [1776439076.173768] Client: [0m---before writing in log upd_msg->reliable= 1
[91m [1776439076.173772] Client: [0m---before writing in log upd_msg->data.sensor_type= 2
[91m [1776439076.173776] Client: [0m---before writing in log upd_msg->data.sid= device_0
[91m [1776439076.173781] Client: [0m---after writing in log upd_msg->seq_no = 42
[91m [1776439076.173786] Client: [0m---after writing in log upd_msg->data.sensor_type = 2
[91m [1776439076.173790] Client: [0m---after writing in log upd_msg->reliable = 1
[91m [1776439076.974446] BSON Message: [0mInside sensor type parsing.
[91m [1776439076.974466] BSON Message: [0mInside sensor type parsing end.
[91m [1776439076.974473] BSON Message: [0mInside sid parsing
[91m [1776439076.974479] BSON Message: [0mInside temp1 parsing.
[91m [1776439076.974486] Client: [0m---before writing in log upd_msg->seq_no= 110
[91m [1776439076.974493] Client: [0m---before writing in log upd_msg->type= 4
[91m [1776439076.974499] Client: [0m---before writing in log upd_msg->frag_no= 0
[91m [1776439076.974522] Client: [0m---before writing in log upd_msg->reliable= 1
[91m [1776439076.974531] Client: [0m---before writing in log upd_msg->data.sensor_type= 1
[91m [1776439076.974537] Client: [0m---before writing in log upd_msg->data.sid= temp_1
[91m [1776439076.974544] Client: [0m---after writing in log upd_msg->seq_no = 110
[91m [1776439076.974550] Client: [0m---after writing in log upd_msg->data.sensor_type = 1
[91m [1776439076.974556] Client: [0m---after writing in log upd_msg->reliable = 1
[91m [1776439077.974682] BSON Message: [0mInside sensor type parsing.
[91m [1776439077.974704] BSON Message: [0mInside sensor type parsing end.
[91m [1776439077.974708] BSON Message: [0mInside sid parsing
[91m [1776439077.974714] BSON Message: [0mInside temp1 parsing.
-------- 1
Got a message from the server.
Message type is 4
---------Update message arrived------------ 1
Got a message from the server.
Message type is 4
---------Update message arrived------------ 1
Got a message from the server.
Message type is 4
---------Update message arrived------------ 1
Got a message from the server.
Message type is 4
---------Update message arrived------------ 1
Got a message from the server.
Message type is 4
---------Update message arrived------------ 1
Got a message from the server.
Message type is 4
---------Update message arrived------------ 1
Got a message from the server.
Message type is 4
---------Update message arrived------------ 1
Got a message from the server.
Message type is 4
---------Update message arrived------------ 1
Got a message from the server.
Message type is 4
---------Update message arrived------------ 1
Got a message from the server.
Message type is 4
---------Update message arrived------------ 1
Got a message from the server.
Message type is 4
---------Update message arrived------------ 1
Got a message from the server.
Message type is 4
---------Update message arrived------------ 1
Got a message from the server.
Message type is 4
---------Update message arrived------------ 1
Got a message from the server.
Message type is 4
---------Update message arrived------------ 1
Got a message from the server.
Message type is 4
---------Update message arrived------------ 1
Got a message from the server.
Message type is 4
---------Update message arrived------------ 1
Got a message from the server.
Message type is 4
---------Update message arrived------------ 1
Got a message from the server.
Message type is 4
---------Update message arrived------------ 1
Got a message from the server.
Message type is 4
---------Update message arrived------------ 1
Got a message from the server.
Message type is 4
---------Update message arrived------------ 1
Got a message from the server.
Message type is 4
---------Update message arrived------------ 1
Got a message from the server.
Message type is 4
---------Update message arrived------------ 1
Got a message from the server.
Message type is 4
---------Update message arrived------------ 1
Got a message from the server.
Message type is 4
---------Update message arrived------------ 1
Got a message from the server.
Message type is 4
---------Update message arrived------------ 1
Got a message from the server.
Message type is 4
---------Update message arrived------------ 1
Got a message from the server.
Message type is 4
---------Update message arrived------------ 1
Got a message from the server.
Message type is 4
---------Update message arrived------------ 1
Got a message from the server.
Message type is 4
---------Update message arrived------------ 1
Got a message from the server.
Message type is 4
---------Update message arrived------------ 1
Got a message from the server.
Message type is 4
---------Update message arrived------------ 1
Got a message from the server.
Message type is 4
---------Update message arrived------------ 1
Got a message from the server.
Message type is 4
---------Update message arrived------------ 1
Got a message from the server.
Message type is 4
---------Update message arrived------------ 1
Got a message from the server.
Message type is 4
---------Update message arrived------------ 1
Got a message from the server.
Message type is 4
---------Update message arrived------------ 1
Got a message from the server.
Message type is 4
---------Update message arrived------------ 1
Got a message from the server.
Message type is 4
---------Update message arrived------------ 1
Got a message from the server.
Message type is 4
---------Update message arrived------------ 1
Got a message from the server.
Message type is 4
---------Update message arrived------------ 1
Got a message from the server.
Message type is 4
---------Update message arrived------------ 1
Got a message from the server.
Message type is 4
---------Update message arrived------------ 1
Got a message from the server.
Message type is 4
---------Update message arrived------------ 1
[91m [1776439077.974726] Client: [0m---before writing in log upd_msg->seq_no= 111
[91m [1776439077.974730] Client: [0m---before writing in log upd_msg->type= 4
[91m [1776439077.974734] Client: [0m---before writing in log upd_msg->frag_no= 0
[91m [1776439077.974739] Client: [0m---before writing in log upd_msg->reliable= 1
[91m [1776439077.974745] Client: [0m---before writing in log upd_msg->data.sensor_type= 1
[91m [1776439077.974749] Client: [0m---before writing in log upd_msg->data.sid= temp_1
[91m [1776439077.974755] Client: [0m---after writing in log upd_msg->seq_no = 111
[91m [1776439077.974759] Client: [0m---after writing in log upd_msg->data.sensor_type = 1
[91m [1776439077.974763] Client: [0m---after writing in log upd_msg->reliable = 1
[91m [1776439078.975073] BSON Message: [0mInside sensor type parsing.
[91m [1776439078.975089] BSON Message: [0mInside sensor type parsing end.
[91m [1776439078.975094] BSON Message: [0mInside sid parsing
[91m [1776439078.975098] BSON Message: [0mInside temp1 parsing.
[91m [1776439078.975104] Client: [0m---before writing in log upd_msg->seq_no= 112
[91m [1776439078.975108] Client: [0m---before writing in log upd_msg->type= 4
[91m [1776439078.975112] Client: [0m---before writing in log upd_msg->frag_no= 0
[91m [1776439078.975117] Client: [0m---before writing in log upd_msg->reliable= 1
[91m [1776439078.975121] Client: [0m---before writing in log upd_msg->data.sensor_type= 1
[91m [1776439078.975125] Client: [0m---before writing in log upd_msg->data.sid= temp_1
[91m [1776439078.975131] Client: [0m---after writing in log upd_msg->seq_no = 112
[91m [1776439078.975135] Client: [0m---after writing in log upd_msg->data.sensor_type = 1
[91m [1776439078.975139] Client: [0m---after writing in log upd_msg->reliable = 1
[91m [1776439079.279106] BSON Message: [0mInside sensor type parsing.
[91m [1776439079.279125] BSON Message: [0mInside sensor type parsing end.
[91m [1776439079.279132] BSON Message: [0mInside sid parsing
[91m [1776439079.279139] Client: [0m---before writing in log upd_msg->seq_no= 43
[91m [1776439079.279145] Client: [0m---before writing in log upd_msg->type= 4
[91m [1776439079.279151] Client: [0m---before writing in log upd_msg->frag_no= 0
[91m [1776439079.279156] Client: [0m---before writing in log upd_msg->reliable= 0
[91m [1776439079.279164] Client: [0m---before writing in log upd_msg->data.sensor_type= 2
[91m [1776439079.279169] Client: [0m---before writing in log upd_msg->data.sid= device_0
[91m [1776439079.279175] Client: [0m---after writing in log upd_msg->seq_no = 43
[91m [1776439079.279181] Client: [0m---after writing in log upd_msg->data.sensor_type = 2
[91m [1776439079.279188] Client: [0m---after writing in log upd_msg->reliable = 0
[91m [1776439079.975363] BSON Message: [0mInside sensor type parsing.
[91m [1776439079.975384] BSON Message: [0mInside sensor type parsing end.
[91m [1776439079.975391] BSON Message: [0mInside sid parsing
[91m [1776439079.975396] BSON Message: [0mInside temp1 parsing.
[91m [1776439079.975404] Client: [0m---before writing in log upd_msg->seq_no= 113
[91m [1776439079.975410] Client: [0m---before writing in log upd_msg->type= 4
[91m [1776439079.975416] Client: [0m---before writing in log upd_msg->frag_no= 0
[91m [1776439079.975421] Client: [0m---before writing in log upd_msg->reliable= 1
[91m [1776439079.975427] Client: [0m---before writing in log upd_msg->data.sensor_type= 1
[91m [1776439079.975432] Client: [0m---before writing in log upd_msg->data.sid= temp_1
[91m [1776439079.975439] Client: [0m---after writing in log upd_msg->seq_no = 113
[91m [1776439079.975445] Client: [0m---after writing in log upd_msg->data.sensor_type = 1
[91m [1776439079.975451] Client: [0m---after writing in log upd_msg->reliable = 1
[91m [1776439080.975704] BSON Message: [0mInside sensor type parsing.
[91m [1776439080.975728] BSON Message: [0mInside sensor type parsing end.
[91m [1776439080.975735] BSON Message: [0mInside sid parsing
[91m [1776439080.975741] BSON Message: [0mInside temp1 parsing.
[91m [1776439080.975748] Client: [0m---before writing in log upd_msg->seq_no= 114
[91m [1776439080.975756] Client: [0m---before writing in log upd_msg->type= 4
[91m [1776439080.975761] Client: [0m---before writing in log upd_msg->frag_no= 0
[91m [1776439080.975766] Client: [0m---before writing in log upd_msg->reliable= 1
[91m [1776439080.975772] Client: [0m---before writing in log upd_msg->data.sensor_type= 1
[91m [1776439080.975776] Client: [0m---before writing in log upd_msg->data.sid= temp_1
[91m [1776439080.975783] Client: [0m---after writing in log upd_msg->seq_no = 114
[91m [1776439080.975787] Client: [0m---after writing in log upd_msg->data.sensor_type = 1
[91m [1776439080.975792] Client: [0m---after writing in log upd_msg->reliable = 1
[91m [1776439081.4525] BSON Message: [0mInside sensor type parsing.
[91m [1776439081.4544] BSON Message: [0mInside sensor type parsing end.
[91m [1776439081.4551] BSON Message: [0mInside sid parsing
[91m [1776439081.4560] Client: [0m---before writing in log upd_msg->seq_no= 44
[91m [1776439081.4567] Client: [0m---before writing in log upd_msg->type= 4
[91m [1776439081.4574] Client: [0m---before writing in log upd_msg->frag_no= 0
[91m [1776439081.4582] Client: [0m---before writing in log upd_msg->reliable= 1
[91m [1776439081.4589] Client: [0m---before writing in log upd_msg->data.sensor_type= 2
[91m [1776439081.4596] Client: [0m---before writing in log upd_msg->data.sid= device_0
[91m [1776439081.4605] Client: [0m---after writing in log upd_msg->seq_no = 44
[91m [1776439081.4611] Client: [0m---after writing in log upd_msg->data.sensor_type = 2
[91m [1776439081.4616] Client: [0m---after writing in log upd_msg->reliable = 1
[91m [1776439081.662848] BSON Message: [0mInside sensor type parsing.
[91m [1776439081.662864] BSON Message: [0mInside sensor type parsing end.
[91m [1776439081.662870] BSON Message: [0mInside sid parsing
[91m [1776439081.662875] BSON Message: [0mInside gps1 parsing.
[91m [1776439081.662882] Client: [0m---before writing in log upd_msg->seq_no= 13
[91m [1776439081.662887] Client: [0m---before writing in log upd_msg->type= 4
[91m [1776439081.662892] Client: [0m---before writing in log upd_msg->frag_no= 0
[91m [1776439081.662896] Client: [0m---before writing in log upd_msg->reliable= 1
[91m [1776439081.662901] Client: [0m---before writing in log upd_msg->data.sensor_type= 3
[91m [1776439081.662905] Client: [0m---before writing in log upd_msg->data.sid= gps_2
[91m [1776439081.662913] Client: [0m---after writing in log upd_msg->seq_no = 13
[91m [1776439081.662918] Client: [0m---after writing in log upd_msg->data.sensor_type = 3
[91m [1776439081.662922] Client: [0m---after writing in log upd_msg->reliable = 1
[91m [1776439081.975894] BSON Message: [0mInside sensor type parsing.
[91m [1776439081.975906] BSON Message: [0mInside sensor type parsing end.
[91m [1776439081.975910] BSON Message: [0mInside sid parsing
[91m [1776439081.975914] BSON Message: [0mInside temp1 parsing.
[91m [1776439081.975919] Client: [0m---before writing in log upd_msg->seq_no= 115
[91m [1776439081.975926] Client: [0m---before writing in log upd_msg->type= 4
[91m [1776439081.975930] Client: [0m---before writing in log upd_msg->frag_no= 0
[91m [1776439081.975934] Client: [0m---before writing in log upd_msg->reliable= 1
[91m [1776439081.975938] Client: [0m---before writing in log upd_msg->data.sensor_type= 1
[91m [1776439081.975942] Client: [0m---before writing in log upd_msg->data.sid= temp_1
[91m [1776439081.975948] Client: [0m---after writing in log upd_msg->seq_no = 115
[91m [1776439081.975953] Client: [0m---after writing in log upd_msg->data.sensor_type = 1
[91m [1776439081.975958] Client: [0m---after writing in log upd_msg->reliable = 1
[91m [1776439082.976172] BSON Message: [0mInside sensor type parsing.
[91m [1776439082.976187] BSON Message: [0mInside sensor type parsing end.
[91m [1776439082.976192] BSON Message: [0mInside sid parsing
[91m [1776439082.976196] BSON Message: [0mInside temp1 parsing.
[91m [1776439082.976200] Client: [0m---before writing in log upd_msg->seq_no= 116
[91m [1776439082.976204] Client: [0m---before writing in log upd_msg->type= 4
[91m [1776439082.976208] Client: [0m---before writing in log upd_msg->frag_no= 0
[91m [1776439082.976212] Client: [0m---before writing in log upd_msg->reliable= 1
[91m [1776439082.976215] Client: [0m---before writing in log upd_msg->data.sensor_type= 1
[91m [1776439082.976221] Client: [0m---before writing in log upd_msg->data.sid= temp_1
[91m [1776439082.976227] Client: [0m---after writing in log upd_msg->seq_no = 116
[91m [1776439082.976231] Client: [0m---after writing in log upd_msg->data.sensor_type = 1
[91m [1776439082.976236] Client: [0m---after writing in log upd_msg->reliable = 1
[91m [1776439083.976461] BSON Message: [0mInside sensor type parsing.
[91m [1776439083.976479] BSON Message: [0mInside sensor type parsing end.
[91m [1776439083.976485] BSON Message: [0mInside sid parsing
[91m [1776439083.976490] BSON Message: [0mInside temp1 parsing.
[91m [1776439083.976496] Client: [0m---before writing in log upd_msg->seq_no= 117
[91m [1776439083.976508] Client: [0m---before writing in log upd_msg->type= 4
[91m [1776439083.976516] Client: [0m---before writing in log upd_msg->frag_no= 0
[91m [1776439083.976520] Client: [0m---before writing in log upd_msg->reliable= 1
[91m [1776439083.976525] Client: [0m---before writing in log upd_msg->data.sensor_type= 1
[91m [1776439083.976530] Client: [0m---before writing in log upd_msg->data.sid= temp_1
[91m [1776439083.976539] Client: [0m---after writing in log upd_msg->seq_no = 117
[91m [1776439083.976544] Client: [0m---after writing in log upd_msg->data.sensor_type = 1
[91m [1776439083.976548] Client: [0m---after writing in log upd_msg->reliable = 1
[91m [1776439084.976890] BSON Message: [0mInside sensor type parsing.
[91m [1776439084.976908] BSON Message: [0mInside sensor type parsing end.
[91m [1776439084.976913] BSON Message: [0mInside sid parsing
[91m [1776439084.976918] BSON Message: [0mInside temp1 parsing.
[91m [1776439084.976924] Client: [0m---before writing in log upd_msg->seq_no= 118
[91m [1776439084.976931] Client: [0m---before writing in log upd_msg->type= 4
[91m [1776439084.976938] Client: [0m---before writing in log upd_msg->frag_no= 0
[91m [1776439084.976945] Client: [0m---before writing in log upd_msg->reliable= 1
[91m [1776439084.976954] Client: [0m---before writing in log upd_msg->data.sensor_type= 1
[91m [1776439084.976963] Client: [0m---before writing in log upd_msg->data.sid= temp_1
[91m [1776439084.976971] Client: [0m---after writing in log upd_msg->seq_no = 118
[91m [1776439084.976979] Client: [0m---after writing in log upd_msg->data.sensor_type = 1
[91m [1776439084.976986] Client: [0m---after writing in log upd_msg->reliable = 1
[91m [1776439085.242559] BSON Message: [0mInside sensor type parsing.
[91m [1776439085.242572] BSON Message: [0mInside sensor type parsing end.
[91m [1776439085.242579] BSON Message: [0mInside sid parsing
[91m [1776439085.242585] Client: [0m---before writing in log upd_msg->seq_no= 45
[91m [1776439085.242590] Client: [0m---before writing in log upd_msg->type= 4
[91m [1776439085.242595] Client: [0m---before writing in log upd_msg->frag_no= 0
[91m [1776439085.242600] Client: [0m---before writing in log upd_msg->reliable= 1
[91m [1776439085.242605] Client: [0m---before writing in log upd_msg->data.sensor_type= 2
[91m [1776439085.242609] Client: [0m---before writing in log upd_msg->data.sid= device_0
[91m [1776439085.242615] Client: [0m---after writing in log upd_msg->seq_no = 45
[91m [1776439085.242620] Client: [0m---after writing in log upd_msg->data.sensor_type = 2
[91m [1776439085.242625] Client: [0m---after writing in log upd_msg->reliable = 1
[91m [1776439085.977153] BSON Message: [0mInside sensor type parsing.
[91m [1776439085.977171] BSON Message: [0mInside sensor type parsing end.
[91m [1776439085.977177] BSON Message: [0mInside sid parsing
[91m [1776439085.977182] BSON Message: [0mInside temp1 parsing.
[91m [1776439085.977189] Client: [0m---before writing in log upd_msg->seq_no= 119
[91m [1776439085.977194] Client: [0m---before writing in log upd_msg->type= 4
[91m [1776439085.977199] Client: [0m---before writing in log upd_msg->frag_no= 0
[91m [1776439085.977204] Client: [0m---before writing in log upd_msg->reliable= 1
[91m [1776439085.977208] Client: [0m---before writing in log upd_msg->data.sensor_type= 1
[91m [1776439085.977212] Client: [0m---before writing in log upd_msg->data.sid= temp_1
[91m [1776439085.977219] Client: [0m---after writing in log upd_msg->seq_no = 119
[91m [1776439085.977223] Client: [0m---after writing in log upd_msg->data.sensor_type = 1
[91m [1776439085.977227] Client: [0m---after writing in log upd_msg->reliable = 1
[91m [1776439086.652016] BSON Message: [0mInside sensor type parsing.
[91m [1776439086.652030] BSON Message: [0mInside sensor type parsing end.
[91m [1776439086.652035] BSON Message: [0mInside sid parsing
[91m [1776439086.652041] Client: [0m---before writing in log upd_msg->seq_no= 46
[91m [1776439086.652046] Client: [0m---before writing in log upd_msg->type= 4
[91m [1776439086.652051] Client: [0m---before writing in log upd_msg->frag_no= 0
[91m [1776439086.652056] Client: [0m---before writing in log upd_msg->reliable= 1
[91m [1776439086.652060] Client: [0m---before writing in log upd_msg->data.sensor_type= 2
[91m [1776439086.652064] Client: [0m---before writing in log upd_msg->data.sid= device_0
[91m [1776439086.652071] Client: [0m---after writing in log upd_msg->seq_no = 46
[91m [1776439086.652077] Client: [0m---after writing in log upd_msg->data.sensor_type = 2
[91m [1776439086.652083] Client: [0m---after writing in log upd_msg->reliable = 1
[91m [1776439086.977447] BSON Message: [0mInside sensor type parsing.
[91m [1776439086.977460] BSON Message: [0mInside sensor type parsing end.
[91m [1776439086.977465] BSON Message: [0mInside sid parsing
[91m [1776439086.977470] BSON Message: [0mInside temp1 parsing.
[91m [1776439086.977476] Client: [0m---before writing in log upd_msg->seq_no= 120
[91m [1776439086.977481] Client: [0m---before writing in log upd_msg->type= 4
[91m [1776439086.977485] Client: [0m---before writing in log upd_msg->frag_no= 0
[91m [1776439086.977490] Client: [0m---before writing in log upd_msg->reliable= 1
[91m [1776439086.977495] Client: [0m---before writing in log upd_msg->data.sensor_type= 1
[91m [1776439086.977522] Client: [0m---before writing in log upd_msg->data.sid= temp_1
[91m [1776439086.977532] Client: [0m---after writing in log upd_msg->seq_no = 120
[91m [1776439086.977537] Client: [0m---after writing in log upd_msg->data.sensor_type = 1
[91m [1776439086.977543] Client: [0m---after writing in log upd_msg->reliable = 1
[91m [1776439087.977773] BSON Message: [0mInside sensor type parsing.
[91m [1776439087.977789] BSON Message: [0mInside sensor type parsing end.
[91m [1776439087.977796] BSON Message: [0mInside sid parsing
[91m [1776439087.977802] BSON Message: [0mInside temp1 parsing.
[91m [1776439087.977809] Client: [0m---before writing in log upd_msg->seq_no= 121
[91m [1776439087.977814] Client: [0m---before writing in log upd_msg->type= 4
[91m [1776439087.977819] Client: [0m---before writing in log upd_msg->frag_no= 0
[91m [1776439087.977825] Client: [0m---before writing in log upd_msg->reliable= 1
[91m [1776439087.977830] Client: [0m---before writing in log upd_msg->data.sensor_type= 1
[91m [1776439087.977836] Client: [0m---before writing in log upd_msg->data.sid= temp_1
[91m [1776439087.977844] Client: [0m---after writing in log upd_msg->seq_no = 121
[91m [1776439087.977850] Client: [0m---after writing in log upd_msg->data.sensor_type = 1
[91m [1776439087.977858] Client: [0m---after writing in log upd_msg->reliable = 1
[91m [1776439088.978029] BSON Message: [0mInside sensor type parsing.
[91m [1776439088.978043] BSON Message: [0mInside sensor type parsing end.
[91m [1776439088.978049] BSON Message: [0mInside sid parsing
[91m [1776439088.978054] BSON Message: [0mInside temp1 parsing.
[91m [1776439088.978061] Client: [0m---before writing in log upd_msg->seq_no= 122
[91m [1776439088.978065] Client: [0m---before writing in log upd_msg->type= 4
[91m [1776439088.978070] Client: [0m---before writing in log upd_msg->frag_no= 0
[91m [1776439088.978075] Client: [0m---before writing in log upd_msg->reliable= 1
[91m [1776439088.978080] Client: [0m---before writing in log upd_msg->data.sensor_type= 1
[91m [1776439088.978084] Client: [0m---before writing in log upd_msg->data.sid= temp_1
[91m [1776439088.978090] Client: [0m---after writing in log upd_msg->seq_no = 122
[91m [1776439088.978096] Client: [0m---after writing in log upd_msg->data.sensor_type = 1
[91m [1776439088.978101] Client: [0m---after writing in log upd_msg->reliable = 1
[91m [1776439089.978318] BSON Message: [0mInside sensor type parsing.
[91m [1776439089.978332] BSON Message: [0mInside sensor type parsing end.
[91m [1776439089.978337] BSON Message: [0mInside sid parsing
[91m [1776439089.978342] BSON Message: [0mInside temp1 parsing.
[91m [1776439089.978349] Client: [0m---before writing in log upd_msg->seq_no= 123
[91m [1776439089.978353] Client: [0m---before writing in log upd_msg->type= 4
[91m [1776439089.978359] Client: [0m---before writing in log upd_msg->frag_no= 0
[91m [1776439089.978363] Client: [0m---before writing in log upd_msg->reliable= 1
[91m [1776439089.978368] Client: [0m---before writing in log upd_msg->data.sensor_type= 1
[91m [1776439089.978373] Client: [0m---before writing in log upd_msg->data.sid= temp_1
[91m [1776439089.978379] Client: [0m---after writing in log upd_msg->seq_no = 123
[91m [1776439089.978384] Client: [0m---after writing in log upd_msg->data.sensor_type = 1
[91m [1776439089.978389] Client: [0m---after writing in log upd_msg->reliable = 1
[91m [1776439090.430186] BSON Message: [0mInside sensor type parsing.
[91m [1776439090.430197] BSON Message: [0mInside sensor type parsing end.
[91m [1776439090.430202] BSON Message: [0mInside sid parsing
[91m [1776439090.430208] Client: [0m---before writing in log upd_msg->seq_no= 47
[91m [1776439090.430213] Client: [0m---before writing in log upd_msg->type= 4
[91m [1776439090.430217] Client: [0m---before writing in log upd_msg->frag_no= 0
[91m [1776439090.430221] Client: [0m---before writing in log upd_msg->reliable= 1
[91m [1776439090.430225] Client: [0m---before writing in log upd_msg->data.sensor_type= 2
[91m [1776439090.430229] Client: [0m---before writing in log upd_msg->data.sid= device_0
[91m [1776439090.430234] Client: [0m---after writing in log upd_msg->seq_no = 47
[91m [1776439090.430237] Client: [0m---after writing in log upd_msg->data.sensor_type = 2
[91m [1776439090.430241] Client: [0m---after writing in log upd_msg->reliable = 1
[91m [1776439090.978710] BSON Message: [0mInside sensor type parsing.
[91m [1776439090.978730] BSON Message: [0mInside sensor type parsing end.
[91m [1776439090.978740] BSON Message: [0mInside sid parsing
[91m [1776439090.978750] BSON Message: [0mInside temp1 parsing.
[91m [1776439090.978763] Client: [0m---before writing in log upd_msg->seq_no= 124
[91m [1776439090.978771] Client: [0m---before writing in log upd_msg->type= 4
[91m [1776439090.978781] Client: [0m---before writing in log upd_msg->frag_no= 0
[91m [1776439090.978794] Client: [0m---before writing in log upd_msg->reliable= 1
[91m [1776439090.978802] Client: [0m---before writing in log upd_msg->data.sensor_type= 1
[91m [1776439090.978813] Client: [0m---before writing in log upd_msg->data.sid= temp_1
[91m [1776439090.978826] Client: [0m---after writing in log upd_msg->seq_no = 124
[91m [1776439090.978838] Client: [0m---after writing in log upd_msg->data.sensor_type = 1
[91m [1776439090.978856] Client: [0m---after writing in log upd_msg->reliable = 1
[91m [1776439091.978977] BSON Message: [0mInside sensor type parsing.
[91m [1776439091.978998] BSON Message: [0mInside sensor type parsing end.
[91m [1776439091.979005] BSON Message: [0mInside sid parsing
[91m [1776439091.979012] BSON Message: [0mInside temp1 parsing.
[91m [1776439091.979019] Client: [0m---before writing in log upd_msg->seq_no= 125
[91m [1776439091.979025] Client: [0m---before writing in log upd_msg->type= 4
[91m [1776439091.979032] Client: [0m---before writing in log upd_msg->frag_no= 0
[91m [1776439091.979038] Client: [0m---before writing in log upd_msg->reliable= 1
[91m [1776439091.979043] Client: [0m---before writing in log upd_msg->data.sensor_type= 1
[91m [1776439091.979051] Client: [0m---before writing in log upd_msg->data.sid= temp_1
[91m [1776439091.979058] Client: [0m---after writing in log upd_msg->seq_no = 125
[91m [1776439091.979064] Client: [0m---after writing in log upd_msg->data.sensor_type = 1
[91m [1776439091.979069] Client: [0m---after writing in log upd_msg->reliable = 1
[91m [1776439092.979225] BSON Message: [0mInside sensor type parsing.
[91m [1776439092.979242] BSON Message: [0mInside sensor type parsing end.
[91m [1776439092.979248] BSON Message: [0mInside sid parsing
[91m [1776439092.979252] BSON Message: [0mInside temp1 parsing.
[91m [1776439092.979257] Client: [0m---before writing in log upd_msg->seq_no= 126
[91m [1776439092.979261] Client: [0m---before writing in log upd_msg->type= 4
[91m [1776439092.979265] Client: [0m---before writing in log upd_msg->frag_no= 0
[91m [1776439092.979269] Client: [0m---before writing in log upd_msg->reliable= 1
[91m [1776439092.979273] Client: [0m---before writing in log upd_msg->data.sensor_type= 1
[91m [1776439092.979277] Client: [0m---before writing in log upd_msg->data.sid= temp_1
[91m [1776439092.979282] Client: [0m---after writing in log upd_msg->seq_no = 126
[91m [1776439092.979286] Client: [0m---after writing in log upd_msg->data.sensor_type = 1
[91m [1776439092.979291] Client: [0m---after writing in log upd_msg->reliable = 1
[91m [1776439093.56920] BSON Message: [0mInside sensor type parsing.
[91m [1776439093.56933] BSON Message: [0mInside sensor type parsing end.
[91m [1776439093.56938] BSON Message: [0mInside sid parsing
[91m [1776439093.56946] Client: [0m---before writing in log upd_msg->seq_no= 48
[91m [1776439093.56951] Client: [0m---before writing in log upd_msg->type= 4
[91m [1776439093.56956] Client: [0m---before writing in log upd_msg->frag_no= 0
[91m [1776439093.56963] Client: [0m---before writing in log upd_msg->reliable= 1
[91m [1776439093.56970] Client: [0m---before writing in log upd_msg->data.sensor_type= 2
[91m [1776439093.56976] Client: [0m---before writing in log upd_msg->data.sid= device_0
[91m [1776439093.56983] Client: [0m---after writing in log upd_msg->seq_no = 48
[91m [1776439093.56992] Client: [0m---after writing in log upd_msg->data.sensor_type = 2
[91m [1776439093.56997] Client: [0m---after writing in log upd_msg->reliable = 1
[91m [1776439093.979483] BSON Message: [0mInside sensor type parsing.
[91m [1776439093.979500] BSON Message: [0mInside sensor type parsing end.
[91m [1776439093.979535] BSON Message: [0mInside sid parsing
[91m [1776439093.979541] BSON Message: [0mInside temp1 parsing.
[91m [1776439093.979548] Client: [0m---before writing in log upd_msg->seq_no= 127
[91m [1776439093.979553] Client: [0m---before writing in log upd_msg->type= 4
[91m [1776439093.979558] Client: [0m---before writing in log upd_msg->frag_no= 0
[91m [1776439093.979563] Client: [0m---before writing in log upd_msg->reliable= 1
[91m [1776439093.979567] Client: [0m---before writing in log upd_msg->data.sensor_type= 1
[91m [1776439093.979572] Client: [0m---before writing in log upd_msg->data.sid= temp_1
[91m [1776439093.979578] Client: [0m---after writing in log upd_msg->seq_no = 127
[91m [1776439093.979583] Client: [0m---after writing in log upd_msg->data.sensor_type = 1
[91m [1776439093.979596] Client: [0m---after writing in log upd_msg->reliable = 1
[91m [1776439094.979851] BSON Message: [0mInside sensor type parsing.
[91m [1776439094.979867] BSON Message: [0mInside sensor type parsing end.
[91m [1776439094.979872] BSON Message: [0mInside sid parsing
[91m [1776439094.979875] BSON Message: [0mInside temp1 parsing.
[91m [1776439094.979880] Client: [0m---before writing in log upd_msg->seq_no= 128
[91m [1776439094.979885] Client: [0m---before writing in log upd_msg->type= 4
[91m [1776439094.979889] Client: [0m---before writing in log upd_msg->frag_no= 0
[91m [1776439094.979893] Client: [0m---before writing in log upd_msg->reliable= 1
[91m [1776439094.979898] Client: [0m---before writing in log upd_msg->data.sensor_type= 1
[91m [1776439094.979902] Client: [0m---before writing in log upd_msg->data.sid= temp_1
[91m [1776439094.979908] Client: [0m---after writing in log upd_msg->seq_no = 128
[91m [1776439094.979912] Client: [0m---after writing in log upd_msg->data.sensor_type = 1
[91m [1776439094.979916] Client: [0m---after writing in log upd_msg->reliable = 1
[91m [1776439095.103617] BSON Message: [0mInside sensor type parsing.
[91m [1776439095.103634] BSON Message: [0mInside sensor type parsing end.
[91m [1776439095.103639] BSON Message: [0mInside sid parsing
[91m [1776439095.103644] BSON Message: [0mInside gps1 parsing.
[91m [1776439095.103650] Client: [0m---before writing in log upd_msg->seq_no= 14
[91m [1776439095.103655] Client: [0m---before writing in log upd_msg->type= 4
[91m [1776439095.103659] Client: [0m---before writing in log upd_msg->frag_no= 0
[91m [1776439095.103665] Client: [0m---before writing in log upd_msg->reliable= 1
[91m [1776439095.103670] Client: [0m---before writing in log upd_msg->data.sensor_type= 3
[91m [1776439095.103676] Client: [0m---before writing in log upd_msg->data.sid= gps_2
[91m [1776439095.103686] Client: [0m---after writing in log upd_msg->seq_no = 14
[91m [1776439095.103691] Client: [0m---after writing in log upd_msg->data.sensor_type = 3
[91m [1776439095.103696] Client: [0m---after writing in log upd_msg->reliable = 1
[91m [1776439095.896680] BSON Message: [0mInside sensor type parsing.
[91m [1776439095.896696] BSON Message: [0mInside sensor type parsing end.
[91m [1776439095.896701] BSON Message: [0mInside sid parsing
[91m [1776439095.896706] Client: [0m---before writing in log upd_msg->seq_no= 49
[91m [1776439095.896710] Client: [0m---before writing in log upd_msg->type= 4
[91m [1776439095.896714] Client: [0m---before writing in log upd_msg->frag_no= 0
[91m [1776439095.896717] Client: [0m---before writing in log upd_msg->reliable= 1
[91m [1776439095.896721] Client: [0m---before writing in log upd_msg->data.sensor_type= 2
[91m [1776439095.896725] Client: [0m---before writing in log upd_msg->data.sid= device_0
[91m [1776439095.896730] Client: [0m---after writing in log upd_msg->seq_no = 49
[91m [1776439095.896735] Client: [0m---after writing in log upd_msg->data.sensor_type = 2
[91m [1776439095.896739] Client: [0m---after writing in log upd_msg->reliable = 1
[91m [1776439095.980109] BSON Message: [0mInside sensor type parsing.
[91m [1776439095.980126] BSON Message: [0mInside sensor type parsing end.
[91m [1776439095.980131] BSON Message: [0mInside sid parsing
[91m [1776439095.980136] BSON Message: [0mInside temp1 parsing.
[91m [1776439095.980141] Client: [0m---before writing in log upd_msg->seq_no= 129
[91m [1776439095.980146] Client: [0m---before writing in log upd_msg->type= 4
[91m [1776439095.980151] Client: [0m---before writing in log upd_msg->frag_no= 0
[91m [1776439095.980157] Client: [0m---before writing in log upd_msg->reliable= 1
[91m [1776439095.980163] Client: [0m---before writing in log upd_msg->data.sensor_type= 1
[91m [1776439095.980168] Client: [0m---before writing in log upd_msg->data.sid= temp_1
[91m [1776439095.980173] Client: [0m---after writing in log upd_msg->seq_no = 129
[91m [1776439095.980178] Client: [0m---after writing in log upd_msg->data.sensor_type = 1
[91m [1776439095.980188] Client: [0m---after writing in log upd_msg->reliable = 1
[91m [1776439096.980869] BSON Message: [0mInside sensor type parsing.
[91m [1776439096.980899] BSON Message: [0mInside sensor type parsing end.
[91m [1776439096.980908] BSON Message: [0mInside sid parsing
[91m [1776439096.980916] BSON Message: [0mInside temp1 parsing.
[91m [1776439096.980924] Client: [0m---before writing in log upd_msg->seq_no= 130
[91m [1776439096.980929] Client: [0m---before writing in log upd_msg->type= 4
[91m [1776439096.980934] Client: [0m---before writing in log upd_msg->frag_no= 0
[91m [1776439096.980939] Client: [0m---before writing in log upd_msg->reliable= 1
[91m [1776439096.980944] Client: [0m---before writing in log upd_msg->data.sensor_type= 1
[91m [1776439096.980950] Client: [0m---before writing in log upd_msg->data.sid= temp_1
[91m [1776439096.980959] Client: [0m---after writing in log upd_msg->seq_no = 130
[91m [1776439096.980966] Client: [0m---after writing in log upd_msg->data.sensor_type = 1
[91m [1776439096.980973] Client: [0m---after writing in log upd_msg->reliable = 1
[91m [1776439097.981133] BSON Message: [0mInside sensor type parsing.
[91m [1776439097.981146] BSON Message: [0mInside sensor type parsing end.
[91m [1776439097.981151] BSON Message: [0mInside sid parsing
[91m [1776439097.981156] BSON Message: [0mInside temp1 parsing.
[91m [1776439097.981162] Client: [0m---before writing in log upd_msg->seq_no= 131
[91m [1776439097.981167] Client: [0m---before writing in log upd_msg->type= 4
[91m [1776439097.981173] Client: [0m---before writing in log upd_msg->frag_no= 0
[91m [1776439097.981178] Client: [0m---before writing in log upd_msg->reliable= 1
[91m [1776439097.981184] Client: [0m---before writing in log upd_msg->data.sensor_type= 1
[91m [1776439097.981189] Client: [0m---before writing in log upd_msg->data.sid= temp_1
[91m [1776439097.981200] Client: [0m---after writing in log upd_msg->seq_no = 131
[91m [1776439097.981207] Client: [0m---after writing in log upd_msg->data.sensor_type = 1
[91m [1776439097.981213] Client: [0m---after writing in log upd_msg->reliable = 1
[91m [1776439098.583202] BSON Message: [0mInside sensor type parsing.
[91m [1776439098.583221] BSON Message: [0mInside sensor type parsing end.
[91m [1776439098.583228] BSON Message: [0mInside sid parsing
[91m [1776439098.583236] Client: [0m---before writing in log upd_msg->seq_no= 50
[91m [1776439098.583241] Client: [0m---before writing in log upd_msg->type= 4
[91m [1776439098.583249] Client: [0m---before writing in log upd_msg->frag_no= 0
[91m [1776439098.583253] Client: [0m---before writing in log upd_msg->reliable= 1
[91m [1776439098.583260] Client: [0m---before writing in log upd_msg->data.sensor_type= 2
[91m [1776439098.583266] Client: [0m---before writing in log upd_msg->data.sid= device_0
[91m [1776439098.583273] Client: [0m---after writing in log upd_msg->seq_no = 50
[91m [1776439098.583280] Client: [0m---after writing in log upd_msg->data.sensor_type = 2
[91m [1776439098.583285] Client: [0m---after writing in log upd_msg->reliable = 1
[91m [1776439098.981441] BSON Message: [0mInside sensor type parsing.
[91m [1776439098.981454] BSON Message: [0mInside sensor type parsing end.
[91m [1776439098.981459] BSON Message: [0mInside sid parsing
[91m [1776439098.981464] BSON Message: [0mInside temp1 parsing.
[91m [1776439098.981469] Client: [0m---before writing in log upd_msg->seq_no= 132
[91m [1776439098.981473] Client: [0m---before writing in log upd_msg->type= 4
[91m [1776439098.981477] Client: [0m---before writing in log upd_msg->frag_no= 0
[91m [1776439098.981481] Client: [0m---before writing in log upd_msg->reliable= 1
[91m [1776439098.981485] Client: [0m---before writing in log upd_msg->data.sensor_type= 1
[91m [1776439098.981489] Client: [0m---before writing in log upd_msg->data.sid= temp_1
[91m [1776439098.981494] Client: [0m---after writing in log upd_msg->seq_no = 132
[91m [1776439098.981508] Client: [0m---after writing in log upd_msg->data.sensor_type = 1
[91m [1776439098.981515] Client: [0m---after writing in log upd_msg->reliable = 1
[91m [1776439099.981953] BSON Message: [0mInside sensor type parsing.
[91m [1776439099.981975] BSON Message: [0mInside sensor type parsing end.
[91m [1776439099.981984] BSON Message: [0mInside sid parsing
[91m [1776439099.981991] BSON Message: [0mInside temp1 parsing.
[91m [1776439099.981999] Client: [0m---before writing in log upd_msg->seq_no= 133
[91m [1776439099.982006] Client: [0m---before writing in log upd_msg->type= 4
[91m [1776439099.982013] Client: [0m---before writing in log upd_msg->frag_no= 0
[91m [1776439099.982019] Client: [0m---before writing in log upd_msg->reliable= 1
[91m [1776439099.982026] Client: [0m---before writing in log upd_msg->data.sensor_type= 1
[91m [1776439099.982032] Client: [0m---before writing in log upd_msg->data.sid= temp_1
[91m [1776439099.982040] Client: [0m---after writing in log upd_msg->seq_no = 133
[91m [1776439099.982048] Client: [0m---after writing in log upd_msg->data.sensor_type = 1
[91m [1776439099.982054] Client: [0m---after writing in log upd_msg->reliable = 1
[91m [1776439100.399471] BSON Message: [0mInside sensor type parsing.
[91m [1776439100.399489] BSON Message: [0mInside sensor type parsing end.
[91m [1776439100.399495] BSON Message: [0mInside sid parsing
[91m [1776439100.399509] BSON Message: [0mInside gps1 parsing.
[91m [1776439100.399518] Client: [0m---before writing in log upd_msg->seq_no= 15
[91m [1776439100.399523] Client: [0m---before writing in log upd_msg->type= 4
[91m [1776439100.399528] Client: [0m---before writing in log upd_msg->frag_no= 0
[91m [1776439100.399535] Client: [0m---before writing in log upd_msg->reliable= 1
[91m [1776439100.399539] Client: [0m---before writing in log upd_msg->data.sensor_type= 3
[91m [1776439100.399544] Client: [0m---before writing in log upd_msg->data.sid= gps_2
[91m [1776439100.399551] Client: [0m---after writing in log upd_msg->seq_no = 15
[91m [1776439100.399556] Client: [0m---after writing in log upd_msg->data.sensor_type = 3
[91m [1776439100.399561] Client: [0m---after writing in log upd_msg->reliable = 1
[91m [1776439100.982078] BSON Message: [0mInside sensor type parsing.
[91m [1776439100.982100] BSON Message: [0mInside sensor type parsing end.
[91m [1776439100.982106] BSON Message: [0mInside sid parsing
[91m [1776439100.982111] BSON Message: [0mInside temp1 parsing.
[91m [1776439100.982118] Client: [0m---before writing in log upd_msg->seq_no= 134
[91m [1776439100.982123] Client: [0m---before writing in log upd_msg->type= 4
[91m [1776439100.982128] Client: [0m---before writing in log upd_msg->frag_no= 0
[91m [1776439100.982132] Client: [0m---before writing in log upd_msg->reliable= 1
[91m [1776439100.982138] Client: [0m---before writing in log upd_msg->data.sensor_type= 1
[91m [1776439100.982142] Client: [0m---before writing in log upd_msg->data.sid= temp_1
[91m [1776439100.982148] Client: [0m---after writing in log upd_msg->seq_no = 134
[91m [1776439100.982153] Client: [0m---after writing in log upd_msg->data.sensor_type = 1
[91m [1776439100.982158] Client: [0m---after writing in log upd_msg->reliable = 1
[91m [1776439101.810479] BSON Message: [0mInside sensor type parsing.
[91m [1776439101.810498] BSON Message: [0mInside sensor type parsing end.
[91m [1776439101.810513] BSON Message: [0mInside sid parsing
[91m [1776439101.810519] Client: [0m---before writing in log upd_msg->seq_no= 51
[91m [1776439101.810524] Client: [0m---before writing in log upd_msg->type= 4
[91m [1776439101.810528] Client: [0m---before writing in log upd_msg->frag_no= 0
[91m [1776439101.810532] Client: [0m---before writing in log upd_msg->reliable= 1
[91m [1776439101.810537] Client: [0m---before writing in log upd_msg->data.sensor_type= 2
[91m [1776439101.810541] Client: [0m---before writing in log upd_msg->data.sid= device_0
[91m [1776439101.810547] Client: [0m---after writing in log upd_msg->seq_no = 51
[91m [1776439101.810558] Client: [0m---after writing in log upd_msg->data.sensor_type = 2
[91m [1776439101.810562] Client: [0m---after writing in log upd_msg->reliable = 1
[91m [1776439101.982351] BSON Message: [0mInside sensor type parsing.
[91m [1776439101.982369] BSON Message: [0mInside sensor type parsing end.
[91m [1776439101.982375] BSON Message: [0mInside sid parsing
[91m [1776439101.982381] BSON Message: [0mInside temp1 parsing.
[91m [1776439101.982388] Client: [0m---before writing in log upd_msg->seq_no= 135
[91m [1776439101.982393] Client: [0m---before writing in log upd_msg->type= 4
[91m [1776439101.982399] Client: [0m---before writing in log upd_msg->frag_no= 0
[91m [1776439101.982405] Client: [0m---before writing in log upd_msg->reliable= 1
[91m [1776439101.982411] Client: [0m---before writing in log upd_msg->data.sensor_type= 1
[91m [1776439101.982417] Client: [0m---before writing in log upd_msg->data.sid= temp_1
[91m [1776439101.982426] Client: [0m---after writing in log upd_msg->seq_no = 135
[91m [1776439101.982433] Client: [0m---after writing in log upd_msg->data.sensor_type = 1
[91m [1776439101.982439] Client: [0m---after writing in log upd_msg->reliable = 1
[91m [1776439102.982931] BSON Message: [0mInside sensor type parsing.
[91m [1776439102.982956] BSON Message: [0mInside sensor type parsing end.
[91m [1776439102.982963] BSON Message: [0mInside sid parsing
[91m [1776439102.982969] BSON Message: [0mInside temp1 parsing.
[91m [1776439102.982976] Client: [0m---before writing in log upd_msg->seq_no= 136
[91m [1776439102.982981] Client: [0m---before writing in log upd_msg->type= 4
[91m [1776439102.982985] Client: [0m---before writing in log upd_msg->frag_no= 0
[91m [1776439102.982990] Client: [0m---before writing in log upd_msg->reliable= 1
[91m [1776439102.982995] Client: [0m---before writing in log upd_msg->data.sensor_type= 1
[91m [1776439102.983001] Client: [0m---before writing in log upd_msg->data.sid= temp_1
[91m [1776439102.983007] Client: [0m---after writing in log upd_msg->seq_no = 136
[91m [1776439102.983012] Client: [0m---after writing in log upd_msg->data.sensor_type = 1
[91m [1776439102.983019] Client: [0m---after writing in log upd_msg->reliable = 1
[91m [1776439103.983189] BSON Message: [0mInside sensor type parsing.
[91m [1776439103.983206] BSON Message: [0mInside sensor type parsing end.
[91m [1776439103.983211] BSON Message: [0mInside sid parsing
[91m [1776439103.983216] BSON Message: [0mInside temp1 parsing.
[91m [1776439103.983221] Client: [0m---before writing in log upd_msg->seq_no= 137
[91m [1776439103.983226] Client: [0m---before writing in log upd_msg->type= 4
[91m [1776439103.983230] Client: [0m---before writing in log upd_msg->frag_no= 0
[91m [1776439103.983234] Client: [0m---before writing in log upd_msg->reliable= 1
[91m [1776439103.983238] Client: [0m---before writing in log upd_msg->data.sensor_type= 1
[91m [1776439103.983242] Client: [0m---before writing in log upd_msg->data.sid= temp_1
[91m [1776439103.983248] Client: [0m---after writing in log upd_msg->seq_no = 137
[91m [1776439103.983251] Client: [0m---after writing in log upd_msg->data.sensor_type = 1
[91m [1776439103.983255] Client: [0m---after writing in log upd_msg->reliable = 1
[91m [1776439104.457732] BSON Message: [0mInside sensor type parsing.
[91m [1776439104.457752] BSON Message: [0mInside sensor type parsing end.
[91m [1776439104.457758] BSON Message: [0mInside sid parsing
[91m [1776439104.457765] Client: [0m---before writing in log upd_msg->seq_no= 52
[91m [1776439104.457770] Client: [0m---before writing in log upd_msg->type= 4
[91m [1776439104.457775] Client: [0m---before writing in log upd_msg->frag_no= 0
[91m [1776439104.457779] Client: [0m---before writing in log upd_msg->reliable= 1
[91m [1776439104.457784] Client: [0m---before writing in log upd_msg->data.sensor_type= 2
[91m [1776439104.457789] Client: [0m---before writing in log upd_msg->data.sid= device_0
[91m [1776439104.457795] Client: [0m---after writing in log upd_msg->seq_no = 52
[91m [1776439104.457809] Client: [0m---after writing in log upd_msg->data.sensor_type = 2
[91m [1776439104.457814] Client: [0m---after writing in log upd_msg->reliable = 1
[91m [1776439104.983456] BSON Message: [0mInside sensor type parsing.
[91m [1776439104.983476] BSON Message: [0mInside sensor type parsing end.
[91m [1776439104.983483] BSON Message: [0mInside sid parsing
[91m [1776439104.983489] BSON Message: [0mInside temp1 parsing.
[91m [1776439104.983496] Client: [0m---before writing in log upd_msg->seq_no= 138
[91m [1776439104.983514] Client: [0m---before writing in log upd_msg->type= 4
[91m [1776439104.983520] Client: [0m---before writing in log upd_msg->frag_no= 0
[91m [1776439104.983528] Client: [0m---before writing in log upd_msg->reliable= 1
[91m [1776439104.983535] Client: [0m---before writing in log upd_msg->data.sensor_type= 1
[91m [1776439104.983542] Client: [0m---before writing in log upd_msg->data.sid= temp_1
[91m [1776439104.983549] Client: [0m---after writing in log upd_msg->seq_no = 138
[91m [1776439104.983555] Client: [0m---after writing in log upd_msg->data.sensor_type = 1
[91m [1776439104.983563] Client: [0m---after writing in log upd_msg->reliable = 1
[91m [1776439105.983767] BSON Message: [0mInside sensor type parsing.
[91m [1776439105.983793] BSON Message: [0mInside sensor type parsing end.
[91m [1776439105.983801] BSON Message: [0mInside sid parsing
[91m [1776439105.983808] BSON Message: [0mInside temp1 parsing.
[91m [1776439105.983814] Client: [0m---before writing in log upd_msg->seq_no= 139
[91m [1776439105.983819] Client: [0m---before writing in log upd_msg->type= 4
[91m [1776439105.983823] Client: [0m---before writing in log upd_msg->frag_no= 0
[91m [1776439105.983828] Client: [0m---before writing in log upd_msg->reliable= 1
[91m [1776439105.983832] Client: [0m---before writing in log upd_msg->data.sensor_type= 1
[91m [1776439105.983837] Client: [0m---before writing in log upd_msg->data.sid= temp_1
[91m [1776439105.983844] Client: [0m---after writing in log upd_msg->seq_no = 139
[91m [1776439105.983852] Client: [0m---after writing in log upd_msg->data.sensor_type = 1
[91m [1776439105.983862] Client: [0m---after writing in log upd_msg->reliable = 1
[91m [1776439106.984029] BSON Message: [0mInside sensor type parsing.
[91m [1776439106.984047] BSON Message: [0mInside sensor type parsing end.
[91m [1776439106.984052] BSON Message: [0mInside sid parsing
[91m [1776439106.984056] BSON Message: [0mInside temp1 parsing.
[91m [1776439106.984061] Client: [0m---before writing in log upd_msg->seq_no= 140
[91m [1776439106.984066] Client: [0m---before writing in log upd_msg->type= 4
[91m [1776439106.984070] Client: [0m---before writing in log upd_msg->frag_no= 0
[91m [1776439106.984073] Client: [0m---before writing in log upd_msg->reliable= 1
[91m [1776439106.984077] Client: [0m---before writing in log upd_msg->data.sensor_type= 1
[91m [1776439106.984081] Client: [0m---before writing in log upd_msg->data.sid= temp_1
[91m [1776439106.984086] Client: [0m---after writing in log upd_msg->seq_no = 140
[91m [1776439106.984090] Client: [0m---after writing in log upd_msg->data.sensor_type = 1
[91m [1776439106.984095] Client: [0m---after writing in log upd_msg->reliable = 1
[91m [1776439107.545782] BSON Message: [0mInside sensor type parsing.
[91m [1776439107.545801] BSON Message: [0mInside sensor type parsing end.
[91m [1776439107.545808] BSON Message: [0mInside sid parsing
Got a message from the server.
Message type is 4
---------Update message arrived------------ 1
Got a message from the server.
Message type is 4
---------Update message arrived------------ 1
Got a message from the server.
Message type is 4
---------Update message arrived------------ 1
Got a message from the server.
Message type is 4
---------Update message arrived------------ 1
Got a message from the server.
Message type is 4
---------Update message arrived------------ 1
Got a message from the server.
Message type is 4
---------Update message arrived------------ 1
Got a message from the server.
Message type is 4
---------Update message arrived------------ 1
Got a message from the server.
Message type is 4
---------Update message arrived------------ 1
Got a message from the server.
Message type is 4
---------Update message arrived------------ 1
Got a message from the server.
Message type is 4
---------Update message arrived------------ 1
Got a message from the server.
Message type is 4
---------Update message arrived------------ 1
Got a message from the server.
Message type is 4
---------Update message arrived------------ 1
Got a message from the server.
Message type is 4
---------Update message arrived------------ 1
Got a message from the server.
Message type is 4
---------Update message arrived------------ 1
Got a message from the server.
Message type is 4
---------Update message arrived------------ 1
Got a message from the server.
Message type is 4
---------Update message arrived------------ 1
Got a message from the server.
Message type is 4
---------Update message arrived------------ 1
Got a message from the server.
Message type is 4
---------Update message arrived------------ 1
Got a message from the server.
Message type is 4
---------Update message arrived------------ 1
Got a message from the server.
Message type is 4
---------Update message arrived------------ 1
Got a message from the server.
Message type is 4
---------Update message arrived------------ 1
Got a message from the server.
Message type is 4
---------Update message arrived------------ 1
Got a message from the server.
Message type is 4
---------Update message arrived------------ 1
Got a message from the server.
Message type is 4
---------Update message arrived------------ 1
Got a message from the server.
Message type is 4
---------Update message arrived------------ 1
Got a message from the server.
Message type is 4
---------Update message arrived------------ 1
Got a message from the server.
Message type is 4
---------Update message arrived------------ 1
Got a message from the server.
Message type is 4
---------Update message arrived------------ 1
Got a message from the server.
Message type is 4
---------Update message arrived------------ 1
Got a message from the server.
Message type is 4
---------Update message arrived------------ 1
Got a message from the server.
Message type is 4
---------Update message arrived------------ 1
Got a message from the server.
Message type is 4
---------Update message arrived------------ 1
Got a message from the server.
Message type is 4
---------Update message arrived------------ 1
Got a message from the server.
Message type is 4
---------Update message arrived------------ 1
Got a message from the server.
Message type is 4
---------Update message arrived------------ 1
Got a message from the server.
Message type is 4
---------Update message arrived------------ 1
Got a message from the server.
Message type is 4
---------Update message arrived------------ 1
Got a message from the server.
Message type is 4
---------Update message arrived------------ 1
Got a message from the server.
Message type is 4
---------Update message arrived------------ 1
Got a message from the server.
Message type is 4
---------Update message arrived------------ 1
Got a message from the server.
Message type is 4
---------Update message arrived------------ 1
Got a message from the server.
Message type is 4
---------Update message arrived------------ 1
Got a message from the server.
Message type is 4
---------Update message arrived------------ 1
Got a messa[91m [1776439107.545828] Client: [0m---before writing in log upd_msg->seq_no= 53
[91m [1776439107.545833] Client: [0m---before writing in log upd_msg->type= 4
[91m [1776439107.545839] Client: [0m---before writing in log upd_msg->frag_no= 0
[91m [1776439107.545847] Client: [0m---before writing in log upd_msg->reliable= 1
[91m [1776439107.545856] Client: [0m---before writing in log upd_msg->data.sensor_type= 2
[91m [1776439107.545862] Client: [0m---before writing in log upd_msg->data.sid= device_0
[91m [1776439107.545874] Client: [0m---after writing in log upd_msg->seq_no = 53
[91m [1776439107.545880] Client: [0m---after writing in log upd_msg->data.sensor_type = 2
[91m [1776439107.545886] Client: [0m---after writing in log upd_msg->reliable = 1
[91m [1776439107.984330] BSON Message: [0mInside sensor type parsing.
[91m [1776439107.984349] BSON Message: [0mInside sensor type parsing end.
[91m [1776439107.984355] BSON Message: [0mInside sid parsing
[91m [1776439107.984360] BSON Message: [0mInside temp1 parsing.
[91m [1776439107.984367] Client: [0m---before writing in log upd_msg->seq_no= 141
[91m [1776439107.984373] Client: [0m---before writing in log upd_msg->type= 4
[91m [1776439107.984378] Client: [0m---before writing in log upd_msg->frag_no= 0
[91m [1776439107.984384] Client: [0m---before writing in log upd_msg->reliable= 1
[91m [1776439107.984389] Client: [0m---before writing in log upd_msg->data.sensor_type= 1
[91m [1776439107.984395] Client: [0m---before writing in log upd_msg->data.sid= temp_1
[91m [1776439107.984401] Client: [0m---after writing in log upd_msg->seq_no = 141
[91m [1776439107.984407] Client: [0m---after writing in log upd_msg->data.sensor_type = 1
[91m [1776439107.984412] Client: [0m---after writing in log upd_msg->reliable = 1
[91m [1776439108.984564] BSON Message: [0mInside sensor type parsing.
[91m [1776439108.984583] BSON Message: [0mInside sensor type parsing end.
[91m [1776439108.984590] BSON Message: [0mInside sid parsing
[91m [1776439108.984597] BSON Message: [0mInside temp1 parsing.
[91m [1776439108.984607] Client: [0m---before writing in log upd_msg->seq_no= 142
[91m [1776439108.984614] Client: [0m---before writing in log upd_msg->type= 4
[91m [1776439108.984622] Client: [0m---before writing in log upd_msg->frag_no= 0
[91m [1776439108.984628] Client: [0m---before writing in log upd_msg->reliable= 1
[91m [1776439108.984635] Client: [0m---before writing in log upd_msg->data.sensor_type= 1
[91m [1776439108.984641] Client: [0m---before writing in log upd_msg->data.sid= temp_1
[91m [1776439108.984647] Client: [0m---after writing in log upd_msg->seq_no = 142
[91m [1776439108.984652] Client: [0m---after writing in log upd_msg->data.sensor_type = 1
[91m [1776439108.984658] Client: [0m---after writing in log upd_msg->reliable = 1
[91m [1776439109.989220] BSON Message: [0mInside sensor type parsing.
[91m [1776439109.989229] BSON Message: [0mInside sensor type parsing end.
[91m [1776439109.989232] BSON Message: [0mInside sid parsing
[91m [1776439109.989236] BSON Message: [0mInside temp1 parsing.
[91m [1776439109.989242] Client: [0m---before writing in log upd_msg->seq_no= 143
[91m [1776439109.989246] Client: [0m---before writing in log upd_msg->type= 4
[91m [1776439109.989250] Client: [0m---before writing in log upd_msg->frag_no= 0
[91m [1776439109.989254] Client: [0m---before writing in log upd_msg->reliable= 1
[91m [1776439109.989258] Client: [0m---before writing in log upd_msg->data.sensor_type= 1
[91m [1776439109.989262] Client: [0m---before writing in log upd_msg->data.sid= temp_1
[91m [1776439109.989267] Client: [0m---after writing in log upd_msg->seq_no = 143
[91m [1776439109.989270] Client: [0m---after writing in log upd_msg->data.sensor_type = 1
[91m [1776439109.989274] Client: [0m---after writing in log upd_msg->reliable = 1
[91m [1776439110.820449] BSON Message: [0mInside sensor type parsing.
[91m [1776439110.820462] BSON Message: [0mInside sensor type parsing end.
[91m [1776439110.820467] BSON Message: [0mInside sid parsing
[91m [1776439110.820473] Client: [0m---before writing in log upd_msg->seq_no= 54
[91m [1776439110.820477] Client: [0m---before writing in log upd_msg->type= 4
[91m [1776439110.820481] Client: [0m---before writing in log upd_msg->frag_no= 0
[91m [1776439110.820486] Client: [0m---before writing in log upd_msg->reliable= 1
[91m [1776439110.820490] Client: [0m---before writing in log upd_msg->data.sensor_type= 2
[91m [1776439110.820493] Client: [0m---before writing in log upd_msg->data.sid= device_0
[91m [1776439110.820513] Client: [0m---after writing in log upd_msg->seq_no = 54
[91m [1776439110.820519] Client: [0m---after writing in log upd_msg->data.sensor_type = 2
[91m [1776439110.820523] Client: [0m---after writing in log upd_msg->reliable = 1
[91m [1776439110.985092] BSON Message: [0mInside sensor type parsing.
[91m [1776439110.985105] BSON Message: [0mInside sensor type parsing end.
[91m [1776439110.985111] BSON Message: [0mInside sid parsing
[91m [1776439110.985117] BSON Message: [0mInside temp1 parsing.
[91m [1776439110.985122] Client: [0m---before writing in log upd_msg->seq_no= 144
[91m [1776439110.985127] Client: [0m---before writing in log upd_msg->type= 4
[91m [1776439110.985133] Client: [0m---before writing in log upd_msg->frag_no= 0
[91m [1776439110.985138] Client: [0m---before writing in log upd_msg->reliable= 1
[91m [1776439110.985145] Client: [0m---before writing in log upd_msg->data.sensor_type= 1
[91m [1776439110.985150] Client: [0m---before writing in log upd_msg->data.sid= temp_1
[91m [1776439110.985157] Client: [0m---after writing in log upd_msg->seq_no = 144
[91m [1776439110.985162] Client: [0m---after writing in log upd_msg->data.sensor_type = 1
[91m [1776439110.985167] Client: [0m---after writing in log upd_msg->reliable = 1
[91m [1776439111.985394] BSON Message: [0mInside sensor type parsing.
[91m [1776439111.985416] BSON Message: [0mInside sensor type parsing end.
[91m [1776439111.985423] BSON Message: [0mInside sid parsing
[91m [1776439111.985429] BSON Message: [0mInside temp1 parsing.
[91m [1776439111.985437] Client: [0m---before writing in log upd_msg->seq_no= 145
[91m [1776439111.985443] Client: [0m---before writing in log upd_msg->type= 4
[91m [1776439111.985451] Client: [0m---before writing in log upd_msg->frag_no= 0
[91m [1776439111.985457] Client: [0m---before writing in log upd_msg->reliable= 1
[91m [1776439111.985465] Client: [0m---before writing in log upd_msg->data.sensor_type= 1
[91m [1776439111.985472] Client: [0m---before writing in log upd_msg->data.sid= temp_1
[91m [1776439111.985480] Client: [0m---after writing in log upd_msg->seq_no = 145
[91m [1776439111.985487] Client: [0m---after writing in log upd_msg->data.sensor_type = 1
[91m [1776439111.985495] Client: [0m---after writing in log upd_msg->reliable = 1
[91m [1776439112.986280] BSON Message: [0mInside sensor type parsing.
[91m [1776439112.986293] BSON Message: [0mInside sensor type parsing end.
[91m [1776439112.986301] BSON Message: [0mInside sid parsing
[91m [1776439112.986306] BSON Message: [0mInside temp1 parsing.
[91m [1776439112.986312] Client: [0m---before writing in log upd_msg->seq_no= 146
[91m [1776439112.986318] Client: [0m---before writing in log upd_msg->type= 4
[91m [1776439112.986325] Client: [0m---before writing in log upd_msg->frag_no= 0
[91m [1776439112.986332] Client: [0m---before writing in log upd_msg->reliable= 1
[91m [1776439112.986337] Client: [0m---before writing in log upd_msg->data.sensor_type= 1
[91m [1776439112.986345] Client: [0m---before writing in log upd_msg->data.sid= temp_1
[91m [1776439112.986352] Client: [0m---after writing in log upd_msg->seq_no = 146
[91m [1776439112.986360] Client: [0m---after writing in log upd_msg->data.sensor_type = 1
[91m [1776439112.986365] Client: [0m---after writing in log upd_msg->reliable = 1
[91m [1776439113.569848] BSON Message: [0mInside sensor type parsing.
[91m [1776439113.569867] BSON Message: [0mInside sensor type parsing end.
[91m [1776439113.569872] BSON Message: [0mInside sid parsing
[91m [1776439113.569879] Client: [0m---before writing in log upd_msg->seq_no= 55
[91m [1776439113.569885] Client: [0m---before writing in log upd_msg->type= 4
[91m [1776439113.569890] Client: [0m---before writing in log upd_msg->frag_no= 0
[91m [1776439113.569895] Client: [0m---before writing in log upd_msg->reliable= 1
[91m [1776439113.569900] Client: [0m---before writing in log upd_msg->data.sensor_type= 2
[91m [1776439113.569905] Client: [0m---before writing in log upd_msg->data.sid= device_0
[91m [1776439113.569918] Client: [0m---after writing in log upd_msg->seq_no = 55
[91m [1776439113.569926] Client: [0m---after writing in log upd_msg->data.sensor_type = 2
[91m [1776439113.569931] Client: [0m---after writing in log upd_msg->reliable = 1
[91m [1776439113.985926] BSON Message: [0mInside sensor type parsing.
[91m [1776439113.985941] BSON Message: [0mInside sensor type parsing end.
[91m [1776439113.985945] BSON Message: [0mInside sid parsing
[91m [1776439113.985949] BSON Message: [0mInside temp1 parsing.
[91m [1776439113.985953] Client: [0m---before writing in log upd_msg->seq_no= 147
[91m [1776439113.985958] Client: [0m---before writing in log upd_msg->type= 4
[91m [1776439113.985962] Client: [0m---before writing in log upd_msg->frag_no= 0
[91m [1776439113.985966] Client: [0m---before writing in log upd_msg->reliable= 1
[91m [1776439113.985971] Client: [0m---before writing in log upd_msg->data.sensor_type= 1
[91m [1776439113.985976] Client: [0m---before writing in log upd_msg->data.sid= temp_1
[91m [1776439113.985982] Client: [0m---after writing in log upd_msg->seq_no = 147
[91m [1776439113.985985] Client: [0m---after writing in log upd_msg->data.sensor_type = 1
[91m [1776439113.985988] Client: [0m---after writing in log upd_msg->reliable = 1
[91m [1776439114.188533] BSON Message: [0mInside sensor type parsing.
[91m [1776439114.188547] BSON Message: [0mInside sensor type parsing end.
[91m [1776439114.188553] BSON Message: [0mInside sid parsing
[91m [1776439114.188559] Client: [0m---before writing in log upd_msg->seq_no= 56
[91m [1776439114.188564] Client: [0m---before writing in log upd_msg->type= 4
[91m [1776439114.188569] Client: [0m---before writing in log upd_msg->frag_no= 0
[91m [1776439114.188574] Client: [0m---before writing in log upd_msg->reliable= 1
[91m [1776439114.188578] Client: [0m---before writing in log upd_msg->data.sensor_type= 2
[91m [1776439114.188583] Client: [0m---before writing in log upd_msg->data.sid= device_0
[91m [1776439114.188588] Client: [0m---after writing in log upd_msg->seq_no = 56
[91m [1776439114.188593] Client: [0m---after writing in log upd_msg->data.sensor_type = 2
[91m [1776439114.188599] Client: [0m---after writing in log upd_msg->reliable = 1
[91m [1776439114.986407] BSON Message: [0mInside sensor type parsing.
[91m [1776439114.986427] BSON Message: [0mInside sensor type parsing end.
[91m [1776439114.986434] BSON Message: [0mInside sid parsing
[91m [1776439114.986441] BSON Message: [0mInside temp1 parsing.
[91m [1776439114.986449] Client: [0m---before writing in log upd_msg->seq_no= 148
[91m [1776439114.986455] Client: [0m---before writing in log upd_msg->type= 4
[91m [1776439114.986462] Client: [0m---before writing in log upd_msg->frag_no= 0
[91m [1776439114.986468] Client: [0m---before writing in log upd_msg->reliable= 1
[91m [1776439114.986474] Client: [0m---before writing in log upd_msg->data.sensor_type= 1
[91m [1776439114.986481] Client: [0m---before writing in log upd_msg->data.sid= temp_1
[91m [1776439114.986490] Client: [0m---after writing in log upd_msg->seq_no = 148
[91m [1776439114.986496] Client: [0m---after writing in log upd_msg->data.sensor_type = 1
[91m [1776439114.986514] Client: [0m---after writing in log upd_msg->reliable = 1
[91m [1776439115.496472] BSON Message: [0mInside sensor type parsing.
[91m [1776439115.496491] BSON Message: [0mInside sensor type parsing end.
[91m [1776439115.496496] BSON Message: [0mInside sid parsing
[91m [1776439115.496512] Client: [0m---before writing in log upd_msg->seq_no= 57
[91m [1776439115.496521] Client: [0m---before writing in log upd_msg->type= 4
[91m [1776439115.496529] Client: [0m---before writing in log upd_msg->frag_no= 0
[91m [1776439115.496538] Client: [0m---before writing in log upd_msg->reliable= 1
[91m [1776439115.496544] Client: [0m---before writing in log upd_msg->data.sensor_type= 2
[91m [1776439115.496553] Client: [0m---before writing in log upd_msg->data.sid= device_0
[91m [1776439115.496572] Client: [0m---after writing in log upd_msg->seq_no = 57
[91m [1776439115.496576] Client: [0m---after writing in log upd_msg->data.sensor_type = 2
[91m [1776439115.496580] Client: [0m---after writing in log upd_msg->reliable = 1
[91m [1776439115.986630] BSON Message: [0mInside sensor type parsing.
[91m [1776439115.986645] BSON Message: [0mInside sensor type parsing end.
[91m [1776439115.986650] BSON Message: [0mInside sid parsing
[91m [1776439115.986655] BSON Message: [0mInside temp1 parsing.
[91m [1776439115.986661] Client: [0m---before writing in log upd_msg->seq_no= 149
[91m [1776439115.986666] Client: [0m---before writing in log upd_msg->type= 4
[91m [1776439115.986671] Client: [0m---before writing in log upd_msg->frag_no= 0
[91m [1776439115.986675] Client: [0m---before writing in log upd_msg->reliable= 1
[91m [1776439115.986682] Client: [0m---before writing in log upd_msg->data.sensor_type= 1
[91m [1776439115.986687] Client: [0m---before writing in log upd_msg->data.sid= temp_1
[91m [1776439115.986693] Client: [0m---after writing in log upd_msg->seq_no = 149
[91m [1776439115.986701] Client: [0m---after writing in log upd_msg->data.sensor_type = 1
[91m [1776439115.986707] Client: [0m---after writing in log upd_msg->reliable = 1
[91m [1776439116.986869] BSON Message: [0mInside sensor type parsing.
[91m [1776439116.986890] BSON Message: [0mInside sensor type parsing end.
[91m [1776439116.986897] BSON Message: [0mInside sid parsing
[91m [1776439116.986904] BSON Message: [0mInside temp1 parsing.
[91m [1776439116.986912] Client: [0m---before writing in log upd_msg->seq_no= 150
[91m [1776439116.986918] Client: [0m---before writing in log upd_msg->type= 4
[91m [1776439116.986924] Client: [0m---before writing in log upd_msg->frag_no= 0
[91m [1776439116.986931] Client: [0m---before writing in log upd_msg->reliable= 1
[91m [1776439116.986937] Client: [0m---before writing in log upd_msg->data.sensor_type= 1
[91m [1776439116.986943] Client: [0m---before writing in log upd_msg->data.sid= temp_1
[91m [1776439116.986951] Client: [0m---after writing in log upd_msg->seq_no = 150
[91m [1776439116.986958] Client: [0m---after writing in log upd_msg->data.sensor_type = 1
[91m [1776439116.986965] Client: [0m---after writing in log upd_msg->reliable = 1
[91m [1776439117.399689] BSON Message: [0mInside sensor type parsing.
[91m [1776439117.399705] BSON Message: [0mInside sensor type parsing end.
[91m [1776439117.399710] BSON Message: [0mInside sid parsing
[91m [1776439117.399715] BSON Message: [0mInside gps1 parsing.
[91m [1776439117.399720] Client: [0m---before writing in log upd_msg->seq_no= 16
[91m [1776439117.399725] Client: [0m---before writing in log upd_msg->type= 4
[91m [1776439117.399729] Client: [0m---before writing in log upd_msg->frag_no= 0
[91m [1776439117.399735] Client: [0m---before writing in log upd_msg->reliable= 1
[91m [1776439117.399741] Client: [0m---before writing in log upd_msg->data.sensor_type= 3
[91m [1776439117.399746] Client: [0m---before writing in log upd_msg->data.sid= gps_2
[91m [1776439117.399755] Client: [0m---after writing in log upd_msg->seq_no = 16
[91m [1776439117.399760] Client: [0m---after writing in log upd_msg->data.sensor_type = 3
[91m [1776439117.399766] Client: [0m---after writing in log upd_msg->reliable = 1
[91m [1776439117.987173] BSON Message: [0mInside sensor type parsing.
[91m [1776439117.987199] BSON Message: [0mInside sensor type parsing end.
[91m [1776439117.987208] BSON Message: [0mInside sid parsing
[91m [1776439117.987217] BSON Message: [0mInside temp1 parsing.
[91m [1776439117.987226] Client: [0m---before writing in log upd_msg->seq_no= 151
[91m [1776439117.987237] Client: [0m---before writing in log upd_msg->type= 4
[91m [1776439117.987247] Client: [0m---before writing in log upd_msg->frag_no= 0
[91m [1776439117.987254] Client: [0m---before writing in log upd_msg->reliable= 1
[91m [1776439117.987264] Client: [0m---before writing in log upd_msg->data.sensor_type= 1
[91m [1776439117.987284] Client: [0m---before writing in log upd_msg->data.sid= temp_1
[91m [1776439117.987294] Client: [0m---after writing in log upd_msg->seq_no = 151
[91m [1776439117.987301] Client: [0m---after writing in log upd_msg->data.sensor_type = 1
[91m [1776439117.987309] Client: [0m---after writing in log upd_msg->reliable = 1
[91m [1776439118.691517] BSON Message: [0mInside sensor type parsing.
[91m [1776439118.691531] BSON Message: [0mInside sensor type parsing end.
[91m [1776439118.691537] BSON Message: [0mInside sid parsing
[91m [1776439118.691544] Client: [0m---before writing in log upd_msg->seq_no= 58
[91m [1776439118.691548] Client: [0m---before writing in log upd_msg->type= 4
[91m [1776439118.691553] Client: [0m---before writing in log upd_msg->frag_no= 0
[91m [1776439118.691558] Client: [0m---before writing in log upd_msg->reliable= 1
[91m [1776439118.691562] Client: [0m---before writing in log upd_msg->data.sensor_type= 2
[91m [1776439118.691568] Client: [0m---before writing in log upd_msg->data.sid= device_0
[91m [1776439118.691573] Client: [0m---after writing in log upd_msg->seq_no = 58
[91m [1776439118.691578] Client: [0m---after writing in log upd_msg->data.sensor_type = 2
[91m [1776439118.691583] Client: [0m---after writing in log upd_msg->reliable = 1
[91m [1776439118.819925] BSON Message: [0mInside sensor type parsing.
[91m [1776439118.819944] BSON Message: [0mInside sensor type parsing end.
[91m [1776439118.819950] BSON Message: [0mInside sid parsing
[91m [1776439118.819957] Client: [0m---before writing in log upd_msg->seq_no= 59
[91m [1776439118.819963] Client: [0m---before writing in log upd_msg->type= 4
[91m [1776439118.819968] Client: [0m---before writing in log upd_msg->frag_no= 0
[91m [1776439118.819973] Client: [0m---before writing in log upd_msg->reliable= 1
[91m [1776439118.819978] Client: [0m---before writing in log upd_msg->data.sensor_type= 2
[91m [1776439118.819983] Client: [0m---before writing in log upd_msg->data.sid= device_0
[91m [1776439118.819989] Client: [0m---after writing in log upd_msg->seq_no = 59
[91m [1776439118.819994] Client: [0m---after writing in log upd_msg->data.sensor_type = 2
[91m [1776439118.819999] Client: [0m---after writing in log upd_msg->reliable = 1
[91m [1776439118.987460] BSON Message: [0mInside sensor type parsing.
[91m [1776439118.987473] BSON Message: [0mInside sensor type parsing end.
[91m [1776439118.987478] BSON Message: [0mInside sid parsing
[91m [1776439118.987484] BSON Message: [0mInside temp1 parsing.
[91m [1776439118.987489] Client: [0m---before writing in log upd_msg->seq_no= 152
[91m [1776439118.987493] Client: [0m---before writing in log upd_msg->type= 4
[91m [1776439118.987497] Client: [0m---before writing in log upd_msg->frag_no= 0
[91m [1776439118.987507] Client: [0m---before writing in log upd_msg->reliable= 1
[91m [1776439118.987513] Client: [0m---before writing in log upd_msg->data.sensor_type= 1
[91m [1776439118.987517] Client: [0m---before writing in log upd_msg->data.sid= temp_1
[91m [1776439118.987522] Client: [0m---after writing in log upd_msg->seq_no = 152
[91m [1776439118.987525] Client: [0m---after writing in log upd_msg->data.sensor_type = 1
[91m [1776439118.987530] Client: [0m---after writing in log upd_msg->reliable = 1
[91m [1776439119.987787] BSON Message: [0mInside sensor type parsing.
[91m [1776439119.987802] BSON Message: [0mInside sensor type parsing end.
[91m [1776439119.987808] BSON Message: [0mInside sid parsing
[91m [1776439119.987814] BSON Message: [0mInside temp1 parsing.
[91m [1776439119.987820] Client: [0m---before writing in log upd_msg->seq_no= 153
[91m [1776439119.987825] Client: [0m---before writing in log upd_msg->type= 4
[91m [1776439119.987830] Client: [0m---before writing in log upd_msg->frag_no= 0
[91m [1776439119.987835] Client: [0m---before writing in log upd_msg->reliable= 1
[91m [1776439119.987840] Client: [0m---before writing in log upd_msg->data.sensor_type= 1
[91m [1776439119.987854] Client: [0m---before writing in log upd_msg->data.sid= temp_1
[91m [1776439119.987861] Client: [0m---after writing in log upd_msg->seq_no = 153
[91m [1776439119.987866] Client: [0m---after writing in log upd_msg->data.sensor_type = 1
[91m [1776439119.987874] Client: [0m---after writing in log upd_msg->reliable = 1
[91m [1776439120.988169] BSON Message: [0mInside sensor type parsing.
[91m [1776439120.988183] BSON Message: [0mInside sensor type parsing end.
[91m [1776439120.988190] BSON Message: [0mInside sid parsing
[91m [1776439120.988197] BSON Message: [0mInside temp1 parsing.
[91m [1776439120.988205] Client: [0m---before writing in log upd_msg->seq_no= 154
[91m [1776439120.988211] Client: [0m---before writing in log upd_msg->type= 4
[91m [1776439120.988216] Client: [0m---before writing in log upd_msg->frag_no= 0
[91m [1776439120.988222] Client: [0m---before writing in log upd_msg->reliable= 1
[91m [1776439120.988228] Client: [0m---before writing in log upd_msg->data.sensor_type= 1
[91m [1776439120.988234] Client: [0m---before writing in log upd_msg->data.sid= temp_1
[91m [1776439120.988241] Client: [0m---after writing in log upd_msg->seq_no = 154
[91m [1776439120.988250] Client: [0m---after writing in log upd_msg->data.sensor_type = 1
[91m [1776439120.988258] Client: [0m---after writing in log upd_msg->reliable = 1
[91m [1776439121.988486] BSON Message: [0mInside sensor type parsing.
[91m [1776439121.988517] BSON Message: [0mInside sensor type parsing end.
[91m [1776439121.988525] BSON Message: [0mInside sid parsing
[91m [1776439121.988532] BSON Message: [0mInside temp1 parsing.
[91m [1776439121.988540] Client: [0m---before writing in log upd_msg->seq_no= 155
[91m [1776439121.988546] Client: [0m---before writing in log upd_msg->type= 4
[91m [1776439121.988553] Client: [0m---before writing in log upd_msg->frag_no= 0
[91m [1776439121.988559] Client: [0m---before writing in log upd_msg->reliable= 1
[91m [1776439121.988566] Client: [0m---before writing in log upd_msg->data.sensor_type= 1
[91m [1776439121.988574] Client: [0m---before writing in log upd_msg->data.sid= temp_1
[91m [1776439121.988583] Client: [0m---after writing in log upd_msg->seq_no = 155
[91m [1776439121.988590] Client: [0m---after writing in log upd_msg->data.sensor_type = 1
[91m [1776439121.988598] Client: [0m---after writing in log upd_msg->reliable = 1
[91m [1776439122.988768] BSON Message: [0mInside sensor type parsing.
[91m [1776439122.988787] BSON Message: [0mInside sensor type parsing end.
[91m [1776439122.988795] BSON Message: [0mInside sid parsing
[91m [1776439122.988802] BSON Message: [0mInside temp1 parsing.
[91m [1776439122.988810] Client: [0m---before writing in log upd_msg->seq_no= 156
[91m [1776439122.988817] Client: [0m---before writing in log upd_msg->type= 4
[91m [1776439122.988824] Client: [0m---before writing in log upd_msg->frag_no= 0
[91m [1776439122.988833] Client: [0m---before writing in log upd_msg->reliable= 1
[91m [1776439122.988841] Client: [0m---before writing in log upd_msg->data.sensor_type= 1
[91m [1776439122.988849] Client: [0m---before writing in log upd_msg->data.sid= temp_1
[91m [1776439122.988857] Client: [0m---after writing in log upd_msg->seq_no = 156
[91m [1776439122.988866] Client: [0m---after writing in log upd_msg->data.sensor_type = 1
[91m [1776439122.988873] Client: [0m---after writing in log upd_msg->reliable = 1
[91m [1776439123.225393] BSON Message: [0mInside sensor type parsing.
[91m [1776439123.225412] BSON Message: [0mInside sensor type parsing end.
[91m [1776439123.225420] BSON Message: [0mInside sid parsing
[91m [1776439123.225428] Client: [0m---before writing in log upd_msg->seq_no= 60
[91m [1776439123.225439] Client: [0m---before writing in log upd_msg->type= 4
[91m [1776439123.225449] Client: [0m---before writing in log upd_msg->frag_no= 0
[91m [1776439123.225462] Client: [0m---before writing in log upd_msg->reliable= 1
[91m [1776439123.225471] Client: [0m---before writing in log upd_msg->data.sensor_type= 2
[91m [1776439123.225487] Client: [0m---before writing in log upd_msg->data.sid= device_0
[91m [1776439123.225494] Client: [0m---after writing in log upd_msg->seq_no = 60
[91m [1776439123.225499] Client: [0m---after writing in log upd_msg->data.sensor_type = 2
[91m [1776439123.225513] Client: [0m---after writing in log upd_msg->reliable = 1
[91m [1776439123.989064] BSON Message: [0mInside sensor type parsing.
[91m [1776439123.989082] BSON Message: [0mInside sensor type parsing end.
[91m [1776439123.989087] BSON Message: [0mInside sid parsing
[91m [1776439123.989093] BSON Message: [0mInside temp1 parsing.
[91m [1776439123.989098] Client: [0m---before writing in log upd_msg->seq_no= 157
[91m [1776439123.989102] Client: [0m---before writing in log upd_msg->type= 4
[91m [1776439123.989106] Client: [0m---before writing in log upd_msg->frag_no= 0
[91m [1776439123.989110] Client: [0m---before writing in log upd_msg->reliable= 1
[91m [1776439123.989114] Client: [0m---before writing in log upd_msg->data.sensor_type= 1
[91m [1776439123.989118] Client: [0m---before writing in log upd_msg->data.sid= temp_1
[91m [1776439123.989124] Client: [0m---after writing in log upd_msg->seq_no = 157
[91m [1776439123.989127] Client: [0m---after writing in log upd_msg->data.sensor_type = 1
[91m [1776439123.989131] Client: [0m---after writing in log upd_msg->reliable = 1
[91m [1776439124.153309] BSON Message: [0mInside sensor type parsing.
[91m [1776439124.153328] BSON Message: [0mInside sensor type parsing end.
[91m [1776439124.153334] BSON Message: [0mInside sid parsing
[91m [1776439124.153341] Client: [0m---before writing in log upd_msg->seq_no= 61
[91m [1776439124.153351] Client: [0m---before writing in log upd_msg->type= 4
[91m [1776439124.153358] Client: [0m---before writing in log upd_msg->frag_no= 0
[91m [1776439124.153365] Client: [0m---before writing in log upd_msg->reliable= 1
[91m [1776439124.153375] Client: [0m---before writing in log upd_msg->data.sensor_type= 2
[91m [1776439124.153383] Client: [0m---before writing in log upd_msg->data.sid= device_0
[91m [1776439124.153394] Client: [0m---after writing in log upd_msg->seq_no = 61
[91m [1776439124.153401] Client: [0m---after writing in log upd_msg->data.sensor_type = 2
[91m [1776439124.153407] Client: [0m---after writing in log upd_msg->reliable = 1
[91m [1776439124.372269] BSON Message: [0mInside sensor type parsing.
[91m [1776439124.372286] BSON Message: [0mInside sensor type parsing end.
[91m [1776439124.372292] BSON Message: [0mInside sid parsing
[91m [1776439124.372299] Client: [0m---before writing in log upd_msg->seq_no= 62
[91m [1776439124.372304] Client: [0m---before writing in log upd_msg->type= 4
[91m [1776439124.372309] Client: [0m---before writing in log upd_msg->frag_no= 0
[91m [1776439124.372313] Client: [0m---before writing in log upd_msg->reliable= 1
[91m [1776439124.372318] Client: [0m---before writing in log upd_msg->data.sensor_type= 2
[91m [1776439124.372323] Client: [0m---before writing in log upd_msg->data.sid= device_0
[91m [1776439124.372329] Client: [0m---after writing in log upd_msg->seq_no = 62
[91m [1776439124.372333] Client: [0m---after writing in log upd_msg->data.sensor_type = 2
[91m [1776439124.372338] Client: [0m---after writing in log upd_msg->reliable = 1
[91m [1776439124.989326] BSON Message: [0mInside sensor type parsing.
[91m [1776439124.989345] BSON Message: [0mInside sensor type parsing end.
[91m [1776439124.989351] BSON Message: [0mInside sid parsing
[91m [1776439124.989357] BSON Message: [0mInside temp1 parsing.
[91m [1776439124.989365] Client: [0m---before writing in log upd_msg->seq_no= 158
[91m [1776439124.989371] Client: [0m---before writing in log upd_msg->type= 4
[91m [1776439124.989376] Client: [0m---before writing in log upd_msg->frag_no= 0
[91m [1776439124.989384] Client: [0m---before writing in log upd_msg->reliable= 1
[91m [1776439124.989390] Client: [0m---before writing in log upd_msg->data.sensor_type= 1
[91m [1776439124.989405] Client: [0m---before writing in log upd_msg->data.sid= temp_1
[91m [1776439124.989413] Client: [0m---after writing in log upd_msg->seq_no = 158
[91m [1776439124.989419] Client: [0m---after writing in log upd_msg->data.sensor_type = 1
[91m [1776439124.989424] Client: [0m---after writing in log upd_msg->reliable = 1
[91m [1776439125.220123] BSON Message: [0mInside sensor type parsing.
[91m [1776439125.220132] BSON Message: [0mInside sensor type parsing end.
[91m [1776439125.220136] BSON Message: [0mInside sid parsing
[91m [1776439125.220140] Client: [0m---before writing in log upd_msg->seq_no= 63
[91m [1776439125.220143] Client: [0m---before writing in log upd_msg->type= 4
[91m [1776439125.220146] Client: [0m---before writing in log upd_msg->frag_no= 0
[91m [1776439125.220149] Client: [0m---before writing in log upd_msg->reliable= 1
[91m [1776439125.220152] Client: [0m---before writing in log upd_msg->data.sensor_type= 2
[91m [1776439125.220155] Client: [0m---before writing in log upd_msg->data.sid= device_0
[91m [1776439125.220159] Client: [0m---after writing in log upd_msg->seq_no = 63
[91m [1776439125.220162] Client: [0m---after writing in log upd_msg->data.sensor_type = 2
[91m [1776439125.220165] Client: [0m---after writing in log upd_msg->reliable = 1
[91m [1776439125.696181] BSON Message: [0mInside sensor type parsing.
[91m [1776439125.696199] BSON Message: [0mInside sensor type parsing end.
[91m [1776439125.696206] BSON Message: [0mInside sid parsing
[91m [1776439125.696211] Client: [0m---before writing in log upd_msg->seq_no= 64
[91m [1776439125.696216] Client: [0m---before writing in log upd_msg->type= 4
[91m [1776439125.696221] Client: [0m---before writing in log upd_msg->frag_no= 0
[91m [1776439125.696225] Client: [0m---before writing in log upd_msg->reliable= 1
[91m [1776439125.696230] Client: [0m---before writing in log upd_msg->data.sensor_type= 2
[91m [1776439125.696234] Client: [0m---before writing in log upd_msg->data.sid= device_0
[91m [1776439125.696240] Client: [0m---after writing in log upd_msg->seq_no = 64
[91m [1776439125.696243] Client: [0m---after writing in log upd_msg->data.sensor_type = 2
[91m [1776439125.696248] Client: [0m---after writing in log upd_msg->reliable = 1
[91m [1776439125.989612] BSON Message: [0mInside sensor type parsing.
[91m [1776439125.989630] BSON Message: [0mInside sensor type parsing end.
[91m [1776439125.989636] BSON Message: [0mInside sid parsing
[91m [1776439125.989641] BSON Message: [0mInside temp1 parsing.
[91m [1776439125.989648] Client: [0m---before writing in log upd_msg->seq_no= 159
[91m [1776439125.989652] Client: [0m---before writing in log upd_msg->type= 4
[91m [1776439125.989656] Client: [0m---before writing in log upd_msg->frag_no= 0
[91m [1776439125.989660] Client: [0m---before writing in log upd_msg->reliable= 1
[91m [1776439125.989664] Client: [0m---before writing in log upd_msg->data.sensor_type= 1
[91m [1776439125.989667] Client: [0m---before writing in log upd_msg->data.sid= temp_1
[91m [1776439125.989673] Client: [0m---after writing in log upd_msg->seq_no = 159
[91m [1776439125.989686] Client: [0m---after writing in log upd_msg->data.sensor_type = 1
[91m [1776439125.989690] Client: [0m---after writing in log upd_msg->reliable = 1
[91m [1776439126.990008] BSON Message: [0mInside sensor type parsing.
[91m [1776439126.990029] BSON Message: [0mInside sensor type parsing end.
[91m [1776439126.990036] BSON Message: [0mInside sid parsing
[91m [1776439126.990044] BSON Message: [0mInside temp1 parsing.
[91m [1776439126.990051] Client: [0m---before writing in log upd_msg->seq_no= 160
[91m [1776439126.990057] Client: [0m---before writing in log upd_msg->type= 4
[91m [1776439126.990063] Client: [0m---before writing in log upd_msg->frag_no= 0
[91m [1776439126.990072] Client: [0m---before writing in log upd_msg->reliable= 1
[91m [1776439126.990078] Client: [0m---before writing in log upd_msg->data.sensor_type= 1
[91m [1776439126.990086] Client: [0m---before writing in log upd_msg->data.sid= temp_1
[91m [1776439126.990104] Client: [0m---after writing in log upd_msg->seq_no = 160
[91m [1776439126.990112] Client: [0m---after writing in log upd_msg->data.sensor_type = 1
[91m [1776439126.990118] Client: [0m---after writing in log upd_msg->reliable = 1
[91m [1776439127.990235] BSON Message: [0mInside sensor type parsing.
[91m [1776439127.990248] BSON Message: [0mInside sensor type parsing end.
[91m [1776439127.990253] BSON Message: [0mInside sid parsing
[91m [1776439127.990257] BSON Message: [0mInside temp1 parsing.
[91m [1776439127.990262] Client: [0m---before writing in log upd_msg->seq_no= 161
[91m [1776439127.990266] Client: [0m---before writing in log upd_msg->type= 4
[91m [1776439127.990271] Client: [0m---before writing in log upd_msg->frag_no= 0
[91m [1776439127.990274] Client: [0m---before writing in log upd_msg->reliable= 1
[91m [1776439127.990279] Client: [0m---before writing in log upd_msg->data.sensor_type= 1
[91m [1776439127.990284] Client: [0m---before writing in log upd_msg->data.sid= temp_1
[91m [1776439127.990289] Client: [0m---after writing in log upd_msg->seq_no = 161
[91m [1776439127.990293] Client: [0m---after writing in log upd_msg->data.sensor_type = 1
[91m [1776439127.990298] Client: [0m---after writing in log upd_msg->reliable = 1
[91m [1776439128.329554] BSON Message: [0mInside sensor type parsing.
[91m [1776439128.329567] BSON Message: [0mInside sensor type parsing end.
[91m [1776439128.329572] BSON Message: [0mInside sid parsing
[91m [1776439128.329577] BSON Message: [0mInside gps1 parsing.
[91m [1776439128.329584] Client: [0m---before writing in log upd_msg->seq_no= 17
[91m [1776439128.329588] Client: [0m---before writing in log upd_msg->type= 4
[91m [1776439128.329593] Client: [0m---before writing in log upd_msg->frag_no= 0
[91m [1776439128.329599] Client: [0m---before writing in log upd_msg->reliable= 1
[91m [1776439128.329603] Client: [0m---before writing in log upd_msg->data.sensor_type= 3
[91m [1776439128.329610] Client: [0m---before writing in log upd_msg->data.sid= gps_2
[91m [1776439128.329618] Client: [0m---after writing in log upd_msg->seq_no = 17
[91m [1776439128.329626] Client: [0m---after writing in log upd_msg->data.sensor_type = 3
[91m [1776439128.329633] Client: [0m---after writing in log upd_msg->reliable = 1
[91m [1776439128.990520] BSON Message: [0mInside sensor type parsing.
[91m [1776439128.990538] BSON Message: [0mInside sensor type parsing end.
[91m [1776439128.990544] BSON Message: [0mInside sid parsing
[91m [1776439128.990550] BSON Message: [0mInside temp1 parsing.
[91m [1776439128.990557] Client: [0m---before writing in log upd_msg->seq_no= 162
[91m [1776439128.990563] Client: [0m---before writing in log upd_msg->type= 4
[91m [1776439128.990568] Client: [0m---before writing in log upd_msg->frag_no= 0
[91m [1776439128.990573] Client: [0m---before writing in log upd_msg->reliable= 1
[91m [1776439128.990578] Client: [0m---before writing in log upd_msg->data.sensor_type= 1
[91m [1776439128.990584] Client: [0m---before writing in log upd_msg->data.sid= temp_1
[91m [1776439128.991160] Client: [0m---after writing in log upd_msg->seq_no = 162
[91m [1776439128.991170] Client: [0m---after writing in log upd_msg->data.sensor_type = 1
[91m [1776439128.991175] Client: [0m---after writing in log upd_msg->reliable = 1
[91m [1776439129.274561] BSON Message: [0mInside sensor type parsing.
[91m [1776439129.274579] BSON Message: [0mInside sensor type parsing end.
[91m [1776439129.274585] BSON Message: [0mInside sid parsing
[91m [1776439129.274592] Client: [0m---before writing in log upd_msg->seq_no= 65
[91m [1776439129.274598] Client: [0m---before writing in log upd_msg->type= 4
[91m [1776439129.274603] Client: [0m---before writing in log upd_msg->frag_no= 0
[91m [1776439129.274608] Client: [0m---before writing in log upd_msg->reliable= 1
[91m [1776439129.274613] Client: [0m---before writing in log upd_msg->data.sensor_type= 2
[91m [1776439129.274624] Client: [0m---before writing in log upd_msg->data.sid= device_0
[91m [1776439129.274631] Client: [0m---after writing in log upd_msg->seq_no = 65
[91m [1776439129.274635] Client: [0m---after writing in log upd_msg->data.sensor_type = 2
[91m [1776439129.274640] Client: [0m---after writing in log upd_msg->reliable = 1
[91m [1776439129.523894] BSON Message: [0mInside sensor type parsing.
[91m [1776439129.523913] BSON Message: [0mInside sensor type parsing end.
[91m [1776439129.523920] BSON Message: [0mInside sid parsing
[91m [1776439129.523928] Client: [0m---before writing in log upd_msg->seq_no= 66
[91m [1776439129.523934] Client: [0m---before writing in log upd_msg->type= 4
[91m [1776439129.523939] Client: [0m---before writing in log upd_msg->frag_no= 0
[91m [1776439129.523944] Client: [0m---before writing in log upd_msg->reliable= 1
[91m [1776439129.523950] Client: [0m---before writing in log upd_msg->data.sensor_type= 2
[91m [1776439129.523955] Client: [0m---before writing in log upd_msg->data.sid= device_0
[91m [1776439129.523963] Client: [0m---after writing in log upd_msg->seq_no = 66
[91m [1776439129.523968] Client: [0m---after writing in log upd_msg->data.sensor_type = 2
[91m [1776439129.523973] Client: [0m---after writing in log upd_msg->reliable = 1
[91m [1776439129.990838] BSON Message: [0mInside sensor type parsing.
[91m [1776439129.990856] BSON Message: [0mInside sensor type parsing end.
[91m [1776439129.990861] BSON Message: [0mInside sid parsing
[91m [1776439129.990867] BSON Message: [0mInside temp1 parsing.
[91m [1776439129.990873] Client: [0m---before writing in log upd_msg->seq_no= 163
[91m [1776439129.990878] Client: [0m---before writing in log upd_msg->type= 4
[91m [1776439129.990882] Client: [0m---before writing in log upd_msg->frag_no= 0
[91m [1776439129.990889] Client: [0m---before writing in log upd_msg->reliable= 1
[91m [1776439129.990894] Client: [0m---before writing in log upd_msg->data.sensor_type= 1
[91m [1776439129.990899] Client: [0m---before writing in log upd_msg->data.sid= temp_1
[91m [1776439129.990906] Client: [0m---after writing in log upd_msg->seq_no = 163
[91m [1776439129.990911] Client: [0m---after writing in log upd_msg->data.sensor_type = 1
[91m [1776439129.990916] Client: [0m---after writing in log upd_msg->reliable = 1
[91m [1776439130.996682] BSON Message: [0mInside sensor type parsing.
[91m [1776439130.996691] BSON Message: [0mInside sensor type parsing end.
[91m [1776439130.996694] BSON Message: [0mInside sid parsing
[91m [1776439130.996698] BSON Message: [0mInside temp1 parsing.
[91m [1776439130.996702] Client: [0m---before writing in log upd_msg->seq_no= 164
[91m [1776439130.996705] Client: [0m---before writing in log upd_msg->type= 4
[91m [1776439130.996708] Client: [0m---before writing in log upd_msg->frag_no= 0
[91m [1776439130.996711] Client: [0m---before writing in log upd_msg->reliable= 1
[91m [1776439130.996714] Client: [0m---before writing in log upd_msg->data.sensor_type= 1
[91m [1776439130.996717] Client: [0m---before writing in log upd_msg->data.sid= temp_1
[91m [1776439130.996721] Client: [0m---after writing in log upd_msg->seq_no = 164
[91m [1776439130.996724] Client: [0m---after writing in log upd_msg->data.sensor_type = 1
[91m [1776439130.996727] Client: [0m---after writing in log upd_msg->reliable = 1
[91m [1776439131.991333] BSON Message: [0mInside sensor type parsing.
[91m [1776439131.991347] BSON Message: [0mInside sensor type parsing end.
[91m [1776439131.991352] BSON Message: [0mInside sid parsing
[91m [1776439131.991358] BSON Message: [0mInside temp1 parsing.
[91m [1776439131.991364] Client: [0m---before writing in log upd_msg->seq_no= 165
[91m [1776439131.991369] Client: [0m---before writing in log upd_msg->type= 4
[91m [1776439131.991375] Client: [0m---before writing in log upd_msg->frag_no= 0
[91m [1776439131.991380] Client: [0m---before writing in log upd_msg->reliable= 1
[91m [1776439131.991385] Client: [0m---before writing in log upd_msg->data.sensor_type= 1
[91m [1776439131.991395] Client: [0m---before writing in log upd_msg->data.sid= temp_1
[91m [1776439131.991401] Client: [0m---after writing in log upd_msg->seq_no = 165
[91m [1776439131.991406] Client: [0m---after writing in log upd_msg->data.sensor_type = 1
[91m [1776439131.991411] Client: [0m---after writing in log upd_msg->reliable = 1
[91m [1776439132.384346] BSON Message: [0mInside sensor type parsing.
[91m [1776439132.384365] BSON Message: [0mInside sensor type parsing end.
[91m [1776439132.384370] BSON Message: [0mInside sid parsing
[91m [1776439132.384376] Client: [0m---before writing in log upd_msg->seq_no= 67
[91m [1776439132.384380] Client: [0m---before writing in log upd_msg->type= 4
[91m [1776439132.384384] Client: [0m---before writing in log upd_msg->frag_no= 0
[91m [1776439132.384389] Client: [0m---before writing in log upd_msg->reliable= 0
[91m [1776439132.384393] Client: [0m---before writing in log upd_msg->data.sensor_type= 2
[91m [1776439132.384397] Client: [0m---before writing in log upd_msg->data.sid= device_0
[91m [1776439132.384403] Client: [0m---after writing in log upd_msg->seq_no = 67
[91m [1776439132.384407] Client: [0m---after writing in log upd_msg->data.sensor_type = 2
[91m [1776439132.384411] Client: [0m---after writing in log upd_msg->reliable = 0
[91m [1776439132.991917] BSON Message: [0mInside sensor type parsing.
[91m [1776439132.991934] BSON Message: [0mInside sensor type parsing end.
[91m [1776439132.991940] BSON Message: [0mInside sid parsing
[91m [1776439132.991946] BSON Message: [0mInside temp1 parsing.
[91m [1776439132.991953] Client: [0m---before writing in log upd_msg->seq_no= 166
[91m [1776439132.991958] Client: [0m---before writing in log upd_msg->type= 4
[91m [1776439132.991964] Client: [0m---before writing in log upd_msg->frag_no= 0
[91m [1776439132.991969] Client: [0m---before writing in log upd_msg->reliable= 0
[91m [1776439132.991975] Client: [0m---before writing in log upd_msg->data.sensor_type= 1
[91m [1776439132.991982] Client: [0m---before writing in log upd_msg->data.sid= temp_1
[91m [1776439132.991989] Client: [0m---after writing in log upd_msg->seq_no = 166
[91m [1776439132.991997] Client: [0m---after writing in log upd_msg->data.sensor_type = 1
[91m [1776439132.992003] Client: [0m---after writing in log upd_msg->reliable = 0
[91m [1776439133.443897] BSON Message: [0mInside sensor type parsing.
[91m [1776439133.443913] BSON Message: [0mInside sensor type parsing end.
[91m [1776439133.443918] BSON Message: [0mInside sid parsing
ge from the server.
Message type is 4
---------Update message arrived------------ 1
Got a message from the server.
Message type is 4
---------Update message arrived------------ 1
Got a message from the server.
Message type is 4
---------Update message arrived------------ 1
Got a message from the server.
Message type is 4
---------Update message arrived------------ 1
Got a message from the server.
Message type is 4
---------Update message arrived------------ 1
Got a message from the server.
Message type is 4
---------Update message arrived------------ 1
Got a message from the server.
Message type is 4
---------Update message arrived------------ 1
Got a message from the server.
Message type is 4
---------Update message arrived------------ 1
Got a message from the server.
Message type is 4
---------Update message arrived------------ 1
Got a message from the server.
Message type is 4
---------Update message arrived------------ 1
Got a message from the server.
Message type is 4
---------Update message arrived------------ 1
Got a message from the server.
Message type is 4
---------Update message arrived------------ 1
Got a message from the server.
Message type is 4
---------Update message arrived------------ 1
Got a message from the server.
Message type is 4
---------Update message arrived------------ 1
Got a message from the server.
Message type is 4
---------Update message arrived------------ 1
Got a message from the server.
Message type is 4
---------Update message arrived------------ 1
Got a message from the server.
Message type is 4
---------Update message arrived------------ 1
Got a message from the server.
Message type is 4
---------Update message arrived------------ 1
Got a message from the server.
Message type is 4
---------Update message arrived------------ 1
Got a message from the server.
Message type is 4
---------Update message arrived------------ 1
Got a message from the server.
Message type is 4
---------Update message arrived------------ 1
Got a message from the server.
Message type is 4
---------Update message arrived------------ 1
Got a message from the server.
Message type is 4
---------Update message arrived------------ 1
Got a message from the server.
Message type is 4
---------Update message arrived------------ 1
Got a message from the server.
Message type is 4
---------Update message arrived------------ 1
Got a message from the server.
Message type is 4
---------Update message arrived------------ 1
Got a message from the server.
Message type is 4
---------Update message arrived------------ 1
Got a message from the server.
Message type is 4
---------Update message arrived------------ 1
Got a message from the server.
Message type is 4
---------Update message arrived------------ 1
Got a message from the server.
Message type is 4
---------Update message arrived------------ 1
Got a message from the server.
Message type is 4
---------Update message arrived------------ 1
Got a message from the server.
Message type is 4
---------Update message arrived------------ 1
Got a message from the server.
Message type is 4
---------Update message arrived------------ 1
Got a message from the server.
Message type is 4
---------Update message arrived------------ 1
Got a message from the server.
Message type is 4
---------Update message arrived------------ 1
Got a message from the server.
Message type is 4
---------Update message arrived------------ 1
Got a message from the server.
Message type is 4
---------Update message arrived------------ 1
Got a message from the server.
Message type is 4
---------Update message arrived------------ 1
Got a message from the server.
Message type is 4
---------Update message arrived------------ 1
Got a message from the server.
Message type is 4
---------Update message arrived------------ 1
Got a message from the server.
Message type is 4
---------Update message arrived------------ 1
Got a message from the server.
Message type is 4
---------Update message arrived------------ 1
Got a message from the server.
Message type is 4
---------Update message arrived------------ 1
Got a message from the[91m [1776439133.443932] Client: [0m---before writing in log upd_msg->seq_no= 68
[91m [1776439133.443937] Client: [0m---before writing in log upd_msg->type= 4
[91m [1776439133.443941] Client: [0m---before writing in log upd_msg->frag_no= 0
[91m [1776439133.443945] Client: [0m---before writing in log upd_msg->reliable= 1
[91m [1776439133.443949] Client: [0m---before writing in log upd_msg->data.sensor_type= 2
[91m [1776439133.443955] Client: [0m---before writing in log upd_msg->data.sid= device_0
[91m [1776439133.443960] Client: [0m---after writing in log upd_msg->seq_no = 68
[91m [1776439133.443964] Client: [0m---after writing in log upd_msg->data.sensor_type = 2
[91m [1776439133.443969] Client: [0m---after writing in log upd_msg->reliable = 1
[91m [1776439133.997569] BSON Message: [0mInside sensor type parsing.
[91m [1776439133.997579] BSON Message: [0mInside sensor type parsing end.
[91m [1776439133.997582] BSON Message: [0mInside sid parsing
[91m [1776439133.997586] BSON Message: [0mInside temp1 parsing.
[91m [1776439133.997590] Client: [0m---before writing in log upd_msg->seq_no= 167
[91m [1776439133.997593] Client: [0m---before writing in log upd_msg->type= 4
[91m [1776439133.997597] Client: [0m---before writing in log upd_msg->frag_no= 0
[91m [1776439133.997601] Client: [0m---before writing in log upd_msg->reliable= 1
[91m [1776439133.997606] Client: [0m---before writing in log upd_msg->data.sensor_type= 1
[91m [1776439133.997615] Client: [0m---before writing in log upd_msg->data.sid= temp_1
[91m [1776439133.997620] Client: [0m---after writing in log upd_msg->seq_no = 167
[91m [1776439133.997626] Client: [0m---after writing in log upd_msg->data.sensor_type = 1
[91m [1776439133.997631] Client: [0m---after writing in log upd_msg->reliable = 1
[91m [1776439134.992430] BSON Message: [0mInside sensor type parsing.
[91m [1776439134.992449] BSON Message: [0mInside sensor type parsing end.
[91m [1776439134.992456] BSON Message: [0mInside sid parsing
[91m [1776439134.992463] BSON Message: [0mInside temp1 parsing.
[91m [1776439134.992470] Client: [0m---before writing in log upd_msg->seq_no= 168
[91m [1776439134.992476] Client: [0m---before writing in log upd_msg->type= 4
[91m [1776439134.992482] Client: [0m---before writing in log upd_msg->frag_no= 0
[91m [1776439134.992487] Client: [0m---before writing in log upd_msg->reliable= 1
[91m [1776439134.992493] Client: [0m---before writing in log upd_msg->data.sensor_type= 1
[91m [1776439134.992499] Client: [0m---before writing in log upd_msg->data.sid= temp_1
[91m [1776439134.992518] Client: [0m---after writing in log upd_msg->seq_no = 168
[91m [1776439134.992524] Client: [0m---after writing in log upd_msg->data.sensor_type = 1
[91m [1776439134.992530] Client: [0m---after writing in log upd_msg->reliable = 1
[91m [1776439135.87940] BSON Message: [0mInside sensor type parsing.
[91m [1776439135.87952] BSON Message: [0mInside sensor type parsing end.
[91m [1776439135.87956] BSON Message: [0mInside sid parsing
[91m [1776439135.87959] BSON Message: [0mInside gps1 parsing.
[91m [1776439135.87964] Client: [0m---before writing in log upd_msg->seq_no= 18
[91m [1776439135.87967] Client: [0m---before writing in log upd_msg->type= 4
[91m [1776439135.87970] Client: [0m---before writing in log upd_msg->frag_no= 0
[91m [1776439135.87973] Client: [0m---before writing in log upd_msg->reliable= 1
[91m [1776439135.87977] Client: [0m---before writing in log upd_msg->data.sensor_type= 3
[91m [1776439135.87981] Client: [0m---before writing in log upd_msg->data.sid= gps_2
[91m [1776439135.87986] Client: [0m---after writing in log upd_msg->seq_no = 18
[91m [1776439135.87990] Client: [0m---after writing in log upd_msg->data.sensor_type = 3
[91m [1776439135.87993] Client: [0m---after writing in log upd_msg->reliable = 1
[91m [1776439135.992764] BSON Message: [0mInside sensor type parsing.
[91m [1776439135.992777] BSON Message: [0mInside sensor type parsing end.
[91m [1776439135.992782] BSON Message: [0mInside sid parsing
[91m [1776439135.992788] BSON Message: [0mInside temp1 parsing.
[91m [1776439135.992794] Client: [0m---before writing in log upd_msg->seq_no= 169
[91m [1776439135.992799] Client: [0m---before writing in log upd_msg->type= 4
[91m [1776439135.992804] Client: [0m---before writing in log upd_msg->frag_no= 0
[91m [1776439135.992809] Client: [0m---before writing in log upd_msg->reliable= 1
[91m [1776439135.992814] Client: [0m---before writing in log upd_msg->data.sensor_type= 1
[91m [1776439135.992819] Client: [0m---before writing in log upd_msg->data.sid= temp_1
[91m [1776439135.992825] Client: [0m---after writing in log upd_msg->seq_no = 169
[91m [1776439135.992830] Client: [0m---after writing in log upd_msg->data.sensor_type = 1
[91m [1776439135.992838] Client: [0m---after writing in log upd_msg->reliable = 1
[91m [1776439136.993042] BSON Message: [0mInside sensor type parsing.
[91m [1776439136.993057] BSON Message: [0mInside sensor type parsing end.
[91m [1776439136.993063] BSON Message: [0mInside sid parsing
[91m [1776439136.993069] BSON Message: [0mInside temp1 parsing.
[91m [1776439136.993075] Client: [0m---before writing in log upd_msg->seq_no= 170
[91m [1776439136.993080] Client: [0m---before writing in log upd_msg->type= 4
[91m [1776439136.993085] Client: [0m---before writing in log upd_msg->frag_no= 0
[91m [1776439136.993090] Client: [0m---before writing in log upd_msg->reliable= 1
[91m [1776439136.993115] Client: [0m---before writing in log upd_msg->data.sensor_type= 1
[91m [1776439136.993122] Client: [0m---before writing in log upd_msg->data.sid= temp_1
[91m [1776439136.993128] Client: [0m---after writing in log upd_msg->seq_no = 170
[91m [1776439136.993134] Client: [0m---after writing in log upd_msg->data.sensor_type = 1
[91m [1776439136.993139] Client: [0m---after writing in log upd_msg->reliable = 1
[91m [1776439137.60564] BSON Message: [0mInside sensor type parsing.
[91m [1776439137.60582] BSON Message: [0mInside sensor type parsing end.
[91m [1776439137.60587] BSON Message: [0mInside sid parsing
[91m [1776439137.60594] Client: [0m---before writing in log upd_msg->seq_no= 69
[91m [1776439137.60601] Client: [0m---before writing in log upd_msg->type= 4
[91m [1776439137.60607] Client: [0m---before writing in log upd_msg->frag_no= 0
[91m [1776439137.60614] Client: [0m---before writing in log upd_msg->reliable= 1
[91m [1776439137.60619] Client: [0m---before writing in log upd_msg->data.sensor_type= 2
[91m [1776439137.60625] Client: [0m---before writing in log upd_msg->data.sid= device_0
[91m [1776439137.60632] Client: [0m---after writing in log upd_msg->seq_no = 69
[91m [1776439137.60637] Client: [0m---after writing in log upd_msg->data.sensor_type = 2
[91m [1776439137.60643] Client: [0m---after writing in log upd_msg->reliable = 1
[91m [1776439137.993306] BSON Message: [0mInside sensor type parsing.
[91m [1776439137.993327] BSON Message: [0mInside sensor type parsing end.
[91m [1776439137.993333] BSON Message: [0mInside sid parsing
[91m [1776439137.993340] BSON Message: [0mInside temp1 parsing.
[91m [1776439137.993346] Client: [0m---before writing in log upd_msg->seq_no= 171
[91m [1776439137.993351] Client: [0m---before writing in log upd_msg->type= 4
[91m [1776439137.993356] Client: [0m---before writing in log upd_msg->frag_no= 0
[91m [1776439137.993360] Client: [0m---before writing in log upd_msg->reliable= 1
[91m [1776439137.993365] Client: [0m---before writing in log upd_msg->data.sensor_type= 1
[91m [1776439137.993370] Client: [0m---before writing in log upd_msg->data.sid= temp_1
[91m [1776439137.993377] Client: [0m---after writing in log upd_msg->seq_no = 171
[91m [1776439137.993382] Client: [0m---after writing in log upd_msg->data.sensor_type = 1
[91m [1776439137.993386] Client: [0m---after writing in log upd_msg->reliable = 1
[91m [1776439138.993635] BSON Message: [0mInside sensor type parsing.
[91m [1776439138.993652] BSON Message: [0mInside sensor type parsing end.
[91m [1776439138.993657] BSON Message: [0mInside sid parsing
[91m [1776439138.993664] BSON Message: [0mInside temp1 parsing.
[91m [1776439138.993671] Client: [0m---before writing in log upd_msg->seq_no= 172
[91m [1776439138.993681] Client: [0m---before writing in log upd_msg->type= 4
[91m [1776439138.993686] Client: [0m---before writing in log upd_msg->frag_no= 0
[91m [1776439138.993691] Client: [0m---before writing in log upd_msg->reliable= 1
[91m [1776439138.993698] Client: [0m---before writing in log upd_msg->data.sensor_type= 1
[91m [1776439138.993703] Client: [0m---before writing in log upd_msg->data.sid= temp_1
[91m [1776439138.993711] Client: [0m---after writing in log upd_msg->seq_no = 172
[91m [1776439138.993718] Client: [0m---after writing in log upd_msg->data.sensor_type = 1
[91m [1776439138.993725] Client: [0m---after writing in log upd_msg->reliable = 1
[91m [1776439139.993775] BSON Message: [0mInside sensor type parsing.
[91m [1776439139.993790] BSON Message: [0mInside sensor type parsing end.
[91m [1776439139.993794] BSON Message: [0mInside sid parsing
[91m [1776439139.993799] BSON Message: [0mInside temp1 parsing.
[91m [1776439139.993806] Client: [0m---before writing in log upd_msg->seq_no= 173
[91m [1776439139.993810] Client: [0m---before writing in log upd_msg->type= 4
[91m [1776439139.993815] Client: [0m---before writing in log upd_msg->frag_no= 0
[91m [1776439139.993820] Client: [0m---before writing in log upd_msg->reliable= 1
[91m [1776439139.993829] Client: [0m---before writing in log upd_msg->data.sensor_type= 1
[91m [1776439139.993833] Client: [0m---before writing in log upd_msg->data.sid= temp_1
[91m [1776439139.993838] Client: [0m---after writing in log upd_msg->seq_no = 173
[91m [1776439139.993843] Client: [0m---after writing in log upd_msg->data.sensor_type = 1
[91m [1776439139.993847] Client: [0m---after writing in log upd_msg->reliable = 1
[91m [1776439140.994066] BSON Message: [0mInside sensor type parsing.
[91m [1776439140.994086] BSON Message: [0mInside sensor type parsing end.
[91m [1776439140.994092] BSON Message: [0mInside sid parsing
[91m [1776439140.994097] BSON Message: [0mInside temp1 parsing.
[91m [1776439140.994104] Client: [0m---before writing in log upd_msg->seq_no= 174
[91m [1776439140.994112] Client: [0m---before writing in log upd_msg->type= 4
[91m [1776439140.994117] Client: [0m---before writing in log upd_msg->frag_no= 0
[91m [1776439140.994122] Client: [0m---before writing in log upd_msg->reliable= 1
[91m [1776439140.994128] Client: [0m---before writing in log upd_msg->data.sensor_type= 1
[91m [1776439140.994133] Client: [0m---before writing in log upd_msg->data.sid= temp_1
[91m [1776439140.994140] Client: [0m---after writing in log upd_msg->seq_no = 174
[91m [1776439140.994145] Client: [0m---after writing in log upd_msg->data.sensor_type = 1
[91m [1776439140.994150] Client: [0m---after writing in log upd_msg->reliable = 1
[91m [1776439141.910560] BSON Message: [0mInside sensor type parsing.
[91m [1776439141.910582] BSON Message: [0mInside sensor type parsing end.
[91m [1776439141.910592] BSON Message: [0mInside sid parsing
[91m [1776439141.910600] Client: [0m---before writing in log upd_msg->seq_no= 70
[91m [1776439141.910606] Client: [0m---before writing in log upd_msg->type= 4
[91m [1776439141.910612] Client: [0m---before writing in log upd_msg->frag_no= 0
[91m [1776439141.910619] Client: [0m---before writing in log upd_msg->reliable= 1
[91m [1776439141.910626] Client: [0m---before writing in log upd_msg->data.sensor_type= 2
[91m [1776439141.910632] Client: [0m---before writing in log upd_msg->data.sid= device_0
[91m [1776439141.910640] Client: [0m---after writing in log upd_msg->seq_no = 70
[91m [1776439141.910647] Client: [0m---after writing in log upd_msg->data.sensor_type = 2
[91m [1776439141.910653] Client: [0m---after writing in log upd_msg->reliable = 1
[91m [1776439141.994379] BSON Message: [0mInside sensor type parsing.
[91m [1776439141.994413] BSON Message: [0mInside sensor type parsing end.
[91m [1776439141.994423] BSON Message: [0mInside sid parsing
[91m [1776439141.994430] BSON Message: [0mInside temp1 parsing.
[91m [1776439141.994439] Client: [0m---before writing in log upd_msg->seq_no= 175
[91m [1776439141.994448] Client: [0m---before writing in log upd_msg->type= 4
[91m [1776439141.994454] Client: [0m---before writing in log upd_msg->frag_no= 0
[91m [1776439141.994461] Client: [0m---before writing in log upd_msg->reliable= 1
[91m [1776439141.994467] Client: [0m---before writing in log upd_msg->data.sensor_type= 1
[91m [1776439141.994473] Client: [0m---before writing in log upd_msg->data.sid= temp_1
[91m [1776439141.994481] Client: [0m---after writing in log upd_msg->seq_no = 175
[91m [1776439141.994488] Client: [0m---after writing in log upd_msg->data.sensor_type = 1
[91m [1776439141.994494] Client: [0m---after writing in log upd_msg->reliable = 1
[91m [1776439142.994691] BSON Message: [0mInside sensor type parsing.
[91m [1776439142.994712] BSON Message: [0mInside sensor type parsing end.
[91m [1776439142.994717] BSON Message: [0mInside sid parsing
[91m [1776439142.994722] BSON Message: [0mInside temp1 parsing.
[91m [1776439142.994728] Client: [0m---before writing in log upd_msg->seq_no= 176
[91m [1776439142.994733] Client: [0m---before writing in log upd_msg->type= 4
[91m [1776439142.994737] Client: [0m---before writing in log upd_msg->frag_no= 0
[91m [1776439142.994741] Client: [0m---before writing in log upd_msg->reliable= 1
[91m [1776439142.994753] Client: [0m---before writing in log upd_msg->data.sensor_type= 1
[91m [1776439142.994757] Client: [0m---before writing in log upd_msg->data.sid= temp_1
[91m [1776439142.994762] Client: [0m---after writing in log upd_msg->seq_no = 176
[91m [1776439142.994766] Client: [0m---after writing in log upd_msg->data.sensor_type = 1
[91m [1776439142.994771] Client: [0m---after writing in log upd_msg->reliable = 1
[91m [1776439143.994977] BSON Message: [0mInside sensor type parsing.
[91m [1776439143.994995] BSON Message: [0mInside sensor type parsing end.
[91m [1776439143.995000] BSON Message: [0mInside sid parsing
[91m [1776439143.995005] BSON Message: [0mInside temp1 parsing.
[91m [1776439143.995011] Client: [0m---before writing in log upd_msg->seq_no= 177
[91m [1776439143.995016] Client: [0m---before writing in log upd_msg->type= 4
[91m [1776439143.995020] Client: [0m---before writing in log upd_msg->frag_no= 0
[91m [1776439143.995025] Client: [0m---before writing in log upd_msg->reliable= 1
[91m [1776439143.995031] Client: [0m---before writing in log upd_msg->data.sensor_type= 1
[91m [1776439143.995036] Client: [0m---before writing in log upd_msg->data.sid= temp_1
[91m [1776439143.995041] Client: [0m---after writing in log upd_msg->seq_no = 177
[91m [1776439143.995046] Client: [0m---after writing in log upd_msg->data.sensor_type = 1
[91m [1776439143.995050] Client: [0m---after writing in log upd_msg->reliable = 1
[91m [1776439144.562169] BSON Message: [0mInside sensor type parsing.
[91m [1776439144.562189] BSON Message: [0mInside sensor type parsing end.
[91m [1776439144.562194] BSON Message: [0mInside sid parsing
[91m [1776439144.562201] Client: [0m---before writing in log upd_msg->seq_no= 71
[91m [1776439144.562206] Client: [0m---before writing in log upd_msg->type= 4
[91m [1776439144.562211] Client: [0m---before writing in log upd_msg->frag_no= 0
[91m [1776439144.562217] Client: [0m---before writing in log upd_msg->reliable= 1
[91m [1776439144.562222] Client: [0m---before writing in log upd_msg->data.sensor_type= 2
[91m [1776439144.562230] Client: [0m---before writing in log upd_msg->data.sid= device_0
[91m [1776439144.562239] Client: [0m---after writing in log upd_msg->seq_no = 71
[91m [1776439144.562244] Client: [0m---after writing in log upd_msg->data.sensor_type = 2
[91m [1776439144.562250] Client: [0m---after writing in log upd_msg->reliable = 1
[91m [1776439144.995321] BSON Message: [0mInside sensor type parsing.
[91m [1776439144.995340] BSON Message: [0mInside sensor type parsing end.
[91m [1776439144.995346] BSON Message: [0mInside sid parsing
[91m [1776439144.995351] BSON Message: [0mInside temp1 parsing.
[91m [1776439144.995356] Client: [0m---before writing in log upd_msg->seq_no= 178
[91m [1776439144.995360] Client: [0m---before writing in log upd_msg->type= 4
[91m [1776439144.995364] Client: [0m---before writing in log upd_msg->frag_no= 0
[91m [1776439144.995368] Client: [0m---before writing in log upd_msg->reliable= 1
[91m [1776439144.995372] Client: [0m---before writing in log upd_msg->data.sensor_type= 1
[91m [1776439144.995376] Client: [0m---before writing in log upd_msg->data.sid= temp_1
[91m [1776439144.995382] Client: [0m---after writing in log upd_msg->seq_no = 178
[91m [1776439144.995386] Client: [0m---after writing in log upd_msg->data.sensor_type = 1
[91m [1776439144.995390] Client: [0m---after writing in log upd_msg->reliable = 1
[91m [1776439145.996742] BSON Message: [0mInside sensor type parsing.
[91m [1776439145.996756] BSON Message: [0mInside sensor type parsing end.
[91m [1776439145.996761] BSON Message: [0mInside sid parsing
[91m [1776439145.996765] BSON Message: [0mInside temp1 parsing.
[91m [1776439145.996771] Client: [0m---before writing in log upd_msg->seq_no= 179
[91m [1776439145.996776] Client: [0m---before writing in log upd_msg->type= 4
[91m [1776439145.996780] Client: [0m---before writing in log upd_msg->frag_no= 0
[91m [1776439145.996789] Client: [0m---before writing in log upd_msg->reliable= 1
[91m [1776439145.996793] Client: [0m---before writing in log upd_msg->data.sensor_type= 1
[91m [1776439145.996798] Client: [0m---before writing in log upd_msg->data.sid= temp_1
[91m [1776439145.996802] Client: [0m---after writing in log upd_msg->seq_no = 179
[91m [1776439145.996807] Client: [0m---after writing in log upd_msg->data.sensor_type = 1
[91m [1776439145.996811] Client: [0m---after writing in log upd_msg->reliable = 1
[91m [1776439146.275695] BSON Message: [0mInside sensor type parsing.
[91m [1776439146.275714] BSON Message: [0mInside sensor type parsing end.
[91m [1776439146.275720] BSON Message: [0mInside sid parsing
[91m [1776439146.275727] Client: [0m---before writing in log upd_msg->seq_no= 72
[91m [1776439146.275732] Client: [0m---before writing in log upd_msg->type= 4
[91m [1776439146.275737] Client: [0m---before writing in log upd_msg->frag_no= 0
[91m [1776439146.275741] Client: [0m---before writing in log upd_msg->reliable= 1
[91m [1776439146.275746] Client: [0m---before writing in log upd_msg->data.sensor_type= 2
[91m [1776439146.275751] Client: [0m---before writing in log upd_msg->data.sid= device_0
[91m [1776439146.275757] Client: [0m---after writing in log upd_msg->seq_no = 72
[91m [1776439146.275763] Client: [0m---after writing in log upd_msg->data.sensor_type = 2
[91m [1776439146.275768] Client: [0m---after writing in log upd_msg->reliable = 1
[91m [1776439146.996068] BSON Message: [0mInside sensor type parsing.
[91m [1776439146.996085] BSON Message: [0mInside sensor type parsing end.
[91m [1776439146.996090] BSON Message: [0mInside sid parsing
[91m [1776439146.996094] BSON Message: [0mInside temp1 parsing.
[91m [1776439146.996099] Client: [0m---before writing in log upd_msg->seq_no= 180
[91m [1776439146.996106] Client: [0m---before writing in log upd_msg->type= 4
[91m [1776439146.996111] Client: [0m---before writing in log upd_msg->frag_no= 0
[91m [1776439146.996116] Client: [0m---before writing in log upd_msg->reliable= 1
[91m [1776439146.996122] Client: [0m---before writing in log upd_msg->data.sensor_type= 1
[91m [1776439146.996127] Client: [0m---before writing in log upd_msg->data.sid= temp_1
[91m [1776439146.996137] Client: [0m---after writing in log upd_msg->seq_no = 180
[91m [1776439146.996143] Client: [0m---after writing in log upd_msg->data.sensor_type = 1
[91m [1776439146.996149] Client: [0m---after writing in log upd_msg->reliable = 1
[91m [1776439147.69703] BSON Message: [0mInside sensor type parsing.
[91m [1776439147.69717] BSON Message: [0mInside sensor type parsing end.
[91m [1776439147.69721] BSON Message: [0mInside sid parsing
[91m [1776439147.69725] BSON Message: [0mInside gps1 parsing.
[91m [1776439147.69731] Client: [0m---before writing in log upd_msg->seq_no= 19
[91m [1776439147.69736] Client: [0m---before writing in log upd_msg->type= 4
[91m [1776439147.69740] Client: [0m---before writing in log upd_msg->frag_no= 0
[91m [1776439147.69744] Client: [0m---before writing in log upd_msg->reliable= 1
[91m [1776439147.69748] Client: [0m---before writing in log upd_msg->data.sensor_type= 3
[91m [1776439147.69752] Client: [0m---before writing in log upd_msg->data.sid= gps_2
[91m [1776439147.69760] Client: [0m---after writing in log upd_msg->seq_no = 19
[91m [1776439147.69764] Client: [0m---after writing in log upd_msg->data.sensor_type = 3
[91m [1776439147.69768] Client: [0m---after writing in log upd_msg->reliable = 1
[91m [1776439147.996359] BSON Message: [0mInside sensor type parsing.
[91m [1776439147.996380] BSON Message: [0mInside sensor type parsing end.
[91m [1776439147.996388] BSON Message: [0mInside sid parsing
[91m [1776439147.996396] BSON Message: [0mInside temp1 parsing.
[91m [1776439147.996405] Client: [0m---before writing in log upd_msg->seq_no= 181
[91m [1776439147.996412] Client: [0m---before writing in log upd_msg->type= 4
[91m [1776439147.996418] Client: [0m---before writing in log upd_msg->frag_no= 0
[91m [1776439147.996432] Client: [0m---before writing in log upd_msg->reliable= 1
[91m [1776439147.996441] Client: [0m---before writing in log upd_msg->data.sensor_type= 1
[91m [1776439147.996449] Client: [0m---before writing in log upd_msg->data.sid= temp_1
[91m [1776439147.996459] Client: [0m---after writing in log upd_msg->seq_no = 181
[91m [1776439147.996467] Client: [0m---after writing in log upd_msg->data.sensor_type = 1
[91m [1776439147.996474] Client: [0m---after writing in log upd_msg->reliable = 1
[91m [1776439148.996689] BSON Message: [0mInside sensor type parsing.
[91m [1776439148.996707] BSON Message: [0mInside sensor type parsing end.
[91m [1776439148.996715] BSON Message: [0mInside sid parsing
[91m [1776439148.996721] BSON Message: [0mInside temp1 parsing.
[91m [1776439148.996727] Client: [0m---before writing in log upd_msg->seq_no= 182
[91m [1776439148.996733] Client: [0m---before writing in log upd_msg->type= 4
[91m [1776439148.996738] Client: [0m---before writing in log upd_msg->frag_no= 0
[91m [1776439148.996743] Client: [0m---before writing in log upd_msg->reliable= 1
[91m [1776439148.996750] Client: [0m---before writing in log upd_msg->data.sensor_type= 1
[91m [1776439148.996755] Client: [0m---before writing in log upd_msg->data.sid= temp_1
[91m [1776439148.996762] Client: [0m---after writing in log upd_msg->seq_no = 182
[91m [1776439148.996768] Client: [0m---after writing in log upd_msg->data.sensor_type = 1
[91m [1776439148.996774] Client: [0m---after writing in log upd_msg->reliable = 1
[91m [1776439149.996929] BSON Message: [0mInside sensor type parsing.
[91m [1776439149.996947] BSON Message: [0mInside sensor type parsing end.
[91m [1776439149.996953] BSON Message: [0mInside sid parsing
[91m [1776439149.996958] BSON Message: [0mInside temp1 parsing.
[91m [1776439149.996963] Client: [0m---before writing in log upd_msg->seq_no= 183
[91m [1776439149.996967] Client: [0m---before writing in log upd_msg->type= 4
[91m [1776439149.996972] Client: [0m---before writing in log upd_msg->frag_no= 0
[91m [1776439149.996977] Client: [0m---before writing in log upd_msg->reliable= 1
[91m [1776439149.996982] Client: [0m---before writing in log upd_msg->data.sensor_type= 1
[91m [1776439149.996989] Client: [0m---before writing in log upd_msg->data.sid= temp_1
[91m [1776439149.996996] Client: [0m---after writing in log upd_msg->seq_no = 183
[91m [1776439149.997003] Client: [0m---after writing in log upd_msg->data.sensor_type = 1
[91m [1776439149.997007] Client: [0m---after writing in log upd_msg->reliable = 1
[91m [1776439150.806127] BSON Message: [0mInside sensor type parsing.
[91m [1776439150.806142] BSON Message: [0mInside sensor type parsing end.
[91m [1776439150.806146] BSON Message: [0mInside sid parsing
[91m [1776439150.806152] Client: [0m---before writing in log upd_msg->seq_no= 73
[91m [1776439150.806156] Client: [0m---before writing in log upd_msg->type= 4
[91m [1776439150.806160] Client: [0m---before writing in log upd_msg->frag_no= 0
[91m [1776439150.806164] Client: [0m---before writing in log upd_msg->reliable= 1
[91m [1776439150.806168] Client: [0m---before writing in log upd_msg->data.sensor_type= 2
[91m [1776439150.806172] Client: [0m---before writing in log upd_msg->data.sid= device_0
[91m [1776439150.806180] Client: [0m---after writing in log upd_msg->seq_no = 73
[91m [1776439150.806184] Client: [0m---after writing in log upd_msg->data.sensor_type = 2
[91m [1776439150.806190] Client: [0m---after writing in log upd_msg->reliable = 1
[91m [1776439150.997220] BSON Message: [0mInside sensor type parsing.
[91m [1776439150.997241] BSON Message: [0mInside sensor type parsing end.
[91m [1776439150.997249] BSON Message: [0mInside sid parsing
[91m [1776439150.997255] BSON Message: [0mInside temp1 parsing.
[91m [1776439150.997263] Client: [0m---before writing in log upd_msg->seq_no= 184
[91m [1776439150.997273] Client: [0m---before writing in log upd_msg->type= 4
[91m [1776439150.997279] Client: [0m---before writing in log upd_msg->frag_no= 0
[91m [1776439150.997298] Client: [0m---before writing in log upd_msg->reliable= 1
[91m [1776439150.997305] Client: [0m---before writing in log upd_msg->data.sensor_type= 1
[91m [1776439150.997311] Client: [0m---before writing in log upd_msg->data.sid= temp_1
[91m [1776439150.997319] Client: [0m---after writing in log upd_msg->seq_no = 184
[91m [1776439150.997326] Client: [0m---after writing in log upd_msg->data.sensor_type = 1
[91m [1776439150.997332] Client: [0m---after writing in log upd_msg->reliable = 1
[91m [1776439151.366427] BSON Message: [0mInside sensor type parsing.
[91m [1776439151.366447] BSON Message: [0mInside sensor type parsing end.
[91m [1776439151.366454] BSON Message: [0mInside sid parsing
[91m [1776439151.366461] Client: [0m---before writing in log upd_msg->seq_no= 74
[91m [1776439151.366466] Client: [0m---before writing in log upd_msg->type= 4
[91m [1776439151.366471] Client: [0m---before writing in log upd_msg->frag_no= 0
[91m [1776439151.366475] Client: [0m---before writing in log upd_msg->reliable= 1
[91m [1776439151.366479] Client: [0m---before writing in log upd_msg->data.sensor_type= 2
[91m [1776439151.366484] Client: [0m---before writing in log upd_msg->data.sid= device_0
[91m [1776439151.366489] Client: [0m---after writing in log upd_msg->seq_no = 74
[91m [1776439151.366494] Client: [0m---after writing in log upd_msg->data.sensor_type = 2
[91m [1776439151.366499] Client: [0m---after writing in log upd_msg->reliable = 1
[91m [1776439151.435500] BSON Message: [0mInside sensor type parsing.
[91m [1776439151.435527] BSON Message: [0mInside sensor type parsing end.
[91m [1776439151.435533] BSON Message: [0mInside sid parsing
[91m [1776439151.435537] BSON Message: [0mInside gps1 parsing.
[91m [1776439151.435545] Client: [0m---before writing in log upd_msg->seq_no= 20
[91m [1776439151.435550] Client: [0m---before writing in log upd_msg->type= 4
[91m [1776439151.435555] Client: [0m---before writing in log upd_msg->frag_no= 0
[91m [1776439151.435561] Client: [0m---before writing in log upd_msg->reliable= 1
[91m [1776439151.435570] Client: [0m---before writing in log upd_msg->data.sensor_type= 3
[91m [1776439151.435578] Client: [0m---before writing in log upd_msg->data.sid= gps_2
[91m [1776439151.435586] Client: [0m---after writing in log upd_msg->seq_no = 20
[91m [1776439151.435590] Client: [0m---after writing in log upd_msg->data.sensor_type = 3
[91m [1776439151.435594] Client: [0m---after writing in log upd_msg->reliable = 1
[91m [1776439151.703285] BSON Message: [0mInside sensor type parsing.
[91m [1776439151.703302] BSON Message: [0mInside sensor type parsing end.
[91m [1776439151.703306] BSON Message: [0mInside sid parsing
[91m [1776439151.703311] Client: [0m---before writing in log upd_msg->seq_no= 75
[91m [1776439151.703315] Client: [0m---before writing in log upd_msg->type= 4
[91m [1776439151.703318] Client: [0m---before writing in log upd_msg->frag_no= 0
[91m [1776439151.703326] Client: [0m---before writing in log upd_msg->reliable= 1
[91m [1776439151.703329] Client: [0m---before writing in log upd_msg->data.sensor_type= 2
[91m [1776439151.703332] Client: [0m---before writing in log upd_msg->data.sid= device_0
[91m [1776439151.703337] Client: [0m---after writing in log upd_msg->seq_no = 75
[91m [1776439151.703342] Client: [0m---after writing in log upd_msg->data.sensor_type = 2
[91m [1776439151.703347] Client: [0m---after writing in log upd_msg->reliable = 1
[91m [1776439151.997540] BSON Message: [0mInside sensor type parsing.
[91m [1776439151.997564] BSON Message: [0mInside sensor type parsing end.
[91m [1776439151.997574] BSON Message: [0mInside sid parsing
[91m [1776439151.997583] BSON Message: [0mInside temp1 parsing.
[91m [1776439151.997595] Client: [0m---before writing in log upd_msg->seq_no= 185
[91m [1776439151.997604] Client: [0m---before writing in log upd_msg->type= 4
[91m [1776439151.997612] Client: [0m---before writing in log upd_msg->frag_no= 0
[91m [1776439151.997630] Client: [0m---before writing in log upd_msg->reliable= 1
[91m [1776439151.997638] Client: [0m---before writing in log upd_msg->data.sensor_type= 1
[91m [1776439151.997643] Client: [0m---before writing in log upd_msg->data.sid= temp_1
[91m [1776439151.997650] Client: [0m---after writing in log upd_msg->seq_no = 185
[91m [1776439151.997655] Client: [0m---after writing in log upd_msg->data.sensor_type = 1
[91m [1776439151.997660] Client: [0m---after writing in log upd_msg->reliable = 1
[91m [1776439152.997819] BSON Message: [0mInside sensor type parsing.
[91m [1776439152.997835] BSON Message: [0mInside sensor type parsing end.
[91m [1776439152.997840] BSON Message: [0mInside sid parsing
[91m [1776439152.997845] BSON Message: [0mInside temp1 parsing.
[91m [1776439152.997850] Client: [0m---before writing in log upd_msg->seq_no= 186
[91m [1776439152.997855] Client: [0m---before writing in log upd_msg->type= 4
[91m [1776439152.997862] Client: [0m---before writing in log upd_msg->frag_no= 0
[91m [1776439152.997866] Client: [0m---before writing in log upd_msg->reliable= 1
[91m [1776439152.997870] Client: [0m---before writing in log upd_msg->data.sensor_type= 1
[91m [1776439152.997874] Client: [0m---before writing in log upd_msg->data.sid= temp_1
[91m [1776439152.997882] Client: [0m---after writing in log upd_msg->seq_no = 186
[91m [1776439152.997887] Client: [0m---after writing in log upd_msg->data.sensor_type = 1
[91m [1776439152.997893] Client: [0m---after writing in log upd_msg->reliable = 1
[91m [1776439153.998110] BSON Message: [0mInside sensor type parsing.
[91m [1776439153.998125] BSON Message: [0mInside sensor type parsing end.
[91m [1776439153.998130] BSON Message: [0mInside sid parsing
[91m [1776439153.998134] BSON Message: [0mInside temp1 parsing.
[91m [1776439153.998139] Client: [0m---before writing in log upd_msg->seq_no= 187
[91m [1776439153.998144] Client: [0m---before writing in log upd_msg->type= 4
[91m [1776439153.998147] Client: [0m---before writing in log upd_msg->frag_no= 0
[91m [1776439153.998150] Client: [0m---before writing in log upd_msg->reliable= 1
[91m [1776439153.998154] Client: [0m---before writing in log upd_msg->data.sensor_type= 1
[91m [1776439153.998158] Client: [0m---before writing in log upd_msg->data.sid= temp_1
[91m [1776439153.998162] Client: [0m---after writing in log upd_msg->seq_no = 187
[91m [1776439153.998166] Client: [0m---after writing in log upd_msg->data.sensor_type = 1
[91m [1776439153.998171] Client: [0m---after writing in log upd_msg->reliable = 1
[91m [1776439154.723947] BSON Message: [0mInside sensor type parsing.
[91m [1776439154.723964] BSON Message: [0mInside sensor type parsing end.
[91m [1776439154.723968] BSON Message: [0mInside sid parsing
[91m [1776439154.723972] Client: [0m---before writing in log upd_msg->seq_no= 76
[91m [1776439154.723976] Client: [0m---before writing in log upd_msg->type= 4
[91m [1776439154.723979] Client: [0m---before writing in log upd_msg->frag_no= 0
[91m [1776439154.723982] Client: [0m---before writing in log upd_msg->reliable= 0
[91m [1776439154.723985] Client: [0m---before writing in log upd_msg->data.sensor_type= 2
[91m [1776439154.723991] Client: [0m---before writing in log upd_msg->data.sid= device_0
[91m [1776439154.723996] Client: [0m---after writing in log upd_msg->seq_no = 76
[91m [1776439154.724002] Client: [0m---after writing in log upd_msg->data.sensor_type = 2
[91m [1776439154.724005] Client: [0m---after writing in log upd_msg->reliable = 0
[91m [1776439154.998385] BSON Message: [0mInside sensor type parsing.
[91m [1776439154.998401] BSON Message: [0mInside sensor type parsing end.
[91m [1776439154.998409] BSON Message: [0mInside sid parsing
[91m [1776439154.998415] BSON Message: [0mInside temp1 parsing.
[91m [1776439154.998422] Client: [0m---before writing in log upd_msg->seq_no= 188
[91m [1776439154.998428] Client: [0m---before writing in log upd_msg->type= 4
[91m [1776439154.998433] Client: [0m---before writing in log upd_msg->frag_no= 0
[91m [1776439154.998446] Client: [0m---before writing in log upd_msg->reliable= 1
[91m [1776439154.998451] Client: [0m---before writing in log upd_msg->data.sensor_type= 1
[91m [1776439154.998455] Client: [0m---before writing in log upd_msg->data.sid= temp_1
[91m [1776439154.998464] Client: [0m---after writing in log upd_msg->seq_no = 188
[91m [1776439154.998469] Client: [0m---after writing in log upd_msg->data.sensor_type = 1
[91m [1776439154.998474] Client: [0m---after writing in log upd_msg->reliable = 1
[91m [1776439155.998722] BSON Message: [0mInside sensor type parsing.
[91m [1776439155.998740] BSON Message: [0mInside sensor type parsing end.
[91m [1776439155.998747] BSON Message: [0mInside sid parsing
[91m [1776439155.998753] BSON Message: [0mInside temp1 parsing.
[91m [1776439155.998759] Client: [0m---before writing in log upd_msg->seq_no= 189
[91m [1776439155.998765] Client: [0m---before writing in log upd_msg->type= 4
[91m [1776439155.998770] Client: [0m---before writing in log upd_msg->frag_no= 0
[91m [1776439155.998775] Client: [0m---before writing in log upd_msg->reliable= 1
[91m [1776439155.998779] Client: [0m---before writing in log upd_msg->data.sensor_type= 1
[91m [1776439155.998783] Client: [0m---before writing in log upd_msg->data.sid= temp_1
[91m [1776439155.998789] Client: [0m---after writing in log upd_msg->seq_no = 189
[91m [1776439155.998793] Client: [0m---after writing in log upd_msg->data.sensor_type = 1
[91m [1776439155.998797] Client: [0m---after writing in log upd_msg->reliable = 1
[91m [1776439156.998999] BSON Message: [0mInside sensor type parsing.
[91m [1776439156.999019] BSON Message: [0mInside sensor type parsing end.
[91m [1776439156.999024] BSON Message: [0mInside sid parsing
[91m [1776439156.999030] BSON Message: [0mInside temp1 parsing.
[91m [1776439156.999040] Client: [0m---before writing in log upd_msg->seq_no= 190
[91m [1776439156.999049] Client: [0m---before writing in log upd_msg->type= 4
[91m [1776439156.999055] Client: [0m---before writing in log upd_msg->frag_no= 0
[91m [1776439156.999062] Client: [0m---before writing in log upd_msg->reliable= 1
[91m [1776439156.999069] Client: [0m---before writing in log upd_msg->data.sensor_type= 1
[91m [1776439156.999075] Client: [0m---before writing in log upd_msg->data.sid= temp_1
[91m [1776439156.999082] Client: [0m---after writing in log upd_msg->seq_no = 190
[91m [1776439156.999087] Client: [0m---after writing in log upd_msg->data.sensor_type = 1
[91m [1776439156.999094] Client: [0m---after writing in log upd_msg->reliable = 1
[91m [1776439157.712574] BSON Message: [0mInside sensor type parsing.
[91m [1776439157.712590] BSON Message: [0mInside sensor type parsing end.
[91m [1776439157.712595] BSON Message: [0mInside sid parsing
[91m [1776439157.712602] Client: [0m---before writing in log upd_msg->seq_no= 77
[91m [1776439157.712607] Client: [0m---before writing in log upd_msg->type= 4
[91m [1776439157.712612] Client: [0m---before writing in log upd_msg->frag_no= 0
[91m [1776439157.712617] Client: [0m---before writing in log upd_msg->reliable= 1
[91m [1776439157.712623] Client: [0m---before writing in log upd_msg->data.sensor_type= 2
[91m [1776439157.712628] Client: [0m---before writing in log upd_msg->data.sid= device_0
[91m [1776439157.712634] Client: [0m---after writing in log upd_msg->seq_no = 77
[91m [1776439157.712638] Client: [0m---after writing in log upd_msg->data.sensor_type = 2
[91m [1776439157.712643] Client: [0m---after writing in log upd_msg->reliable = 1
[91m [1776439157.999251] BSON Message: [0mInside sensor type parsing.
[91m [1776439157.999267] BSON Message: [0mInside sensor type parsing end.
[91m [1776439157.999275] BSON Message: [0mInside sid parsing
[91m [1776439157.999281] BSON Message: [0mInside temp1 parsing.
[91m [1776439157.999288] Client: [0m---before writing in log upd_msg->seq_no= 191
[91m [1776439157.999293] Client: [0m---before writing in log upd_msg->type= 4
[91m [1776439157.999307] Client: [0m---before writing in log upd_msg->frag_no= 0
[91m [1776439157.999314] Client: [0m---before writing in log upd_msg->reliable= 1
[91m [1776439157.999320] Client: [0m---before writing in log upd_msg->data.sensor_type= 1
[91m [1776439157.999326] Client: [0m---before writing in log upd_msg->data.sid= temp_1
[91m [1776439157.999332] Client: [0m---after writing in log upd_msg->seq_no = 191
[91m [1776439157.999337] Client: [0m---after writing in log upd_msg->data.sensor_type = 1
[91m [1776439157.999343] Client: [0m---after writing in log upd_msg->reliable = 1
[91m [1776439158.999494] BSON Message: [0mInside sensor type parsing.
[91m [1776439158.999513] BSON Message: [0mInside sensor type parsing end.
[91m [1776439158.999518] BSON Message: [0mInside sid parsing
[91m [1776439158.999522] BSON Message: [0mInside temp1 parsing.
[91m [1776439158.999527] Client: [0m---before writing in log upd_msg->seq_no= 192
[91m [1776439158.999531] Client: [0m---before writing in log upd_msg->type= 4
[91m [1776439158.999534] Client: [0m---before writing in log upd_msg->frag_no= 0
[91m [1776439158.999538] Client: [0m---before writing in log upd_msg->reliable= 1
[91m [1776439158.999542] Client: [0m---before writing in log upd_msg->data.sensor_type= 1
[91m [1776439158.999546] Client: [0m---before writing in log upd_msg->data.sid= temp_1
[91m [1776439158.999552] Client: [0m---after writing in log upd_msg->seq_no = 192
[91m [1776439158.999556] Client: [0m---after writing in log upd_msg->data.sensor_type = 1
[91m [1776439158.999560] Client: [0m---after writing in log upd_msg->reliable = 1
[91m [1776439159.999830] BSON Message: [0mInside sensor type parsing.
[91m [1776439159.999851] BSON Message: [0mInside sensor type parsing end.
[91m [1776439159.999865] BSON Message: [0mInside sid parsing
[91m [1776439159.999874] BSON Message: [0mInside temp1 parsing.
[91m [1776439159.999882] Client: [0m---before writing in log upd_msg->seq_no= 193
[91m [1776439159.999889] Client: [0m---before writing in log upd_msg->type= 4
[91m [1776439159.999896] Client: [0m---before writing in log upd_msg->frag_no= 0
[91m [1776439159.999902] Client: [0m---before writing in log upd_msg->reliable= 1
[91m [1776439159.999909] Client: [0m---before writing in log upd_msg->data.sensor_type= 1
[91m [1776439159.999914] Client: [0m---before writing in log upd_msg->data.sid= temp_1
[91m [1776439159.999921] Client: [0m---after writing in log upd_msg->seq_no = 193
[91m [1776439159.999928] Client: [0m---after writing in log upd_msg->data.sensor_type = 1
[91m [1776439159.999935] Client: [0m---after writing in log upd_msg->reliable = 1
[91m [1776439160.443287] BSON Message: [0mInside sensor type parsing.
[91m [1776439160.443303] BSON Message: [0mInside sensor type parsing end.
[91m [1776439160.443309] BSON Message: [0mInside sid parsing
[91m [1776439160.443313] BSON Message: [0mInside gps1 parsing.
[91m [1776439160.443320] Client: [0m---before writing in log upd_msg->seq_no= 21
[91m [1776439160.443324] Client: [0m---before writing in log upd_msg->type= 4
[91m [1776439160.443329] Client: [0m---before writing in log upd_msg->frag_no= 0
[91m [1776439160.443333] Client: [0m---before writing in log upd_msg->reliable= 0
[91m [1776439160.443337] Client: [0m---before writing in log upd_msg->data.sensor_type= 3
[91m [1776439160.443340] Client: [0m---before writing in log upd_msg->data.sid= gps_2
[91m [1776439160.443348] Client: [0m---after writing in log upd_msg->seq_no = 21
[91m [1776439160.443351] Client: [0m---after writing in log upd_msg->data.sensor_type = 3
[91m [1776439160.443356] Client: [0m---after writing in log upd_msg->reliable = 0
[91m [1776439161.85] BSON Message: [0mInside sensor type parsing.
[91m [1776439161.102] BSON Message: [0mInside sensor type parsing end.
[91m [1776439161.107] BSON Message: [0mInside sid parsing
[91m [1776439161.111] BSON Message: [0mInside temp1 parsing.
[91m [1776439161.117] Client: [0m---before writing in log upd_msg->seq_no= 194
[91m [1776439161.131] Client: [0m---before writing in log upd_msg->type= 4
[91m [1776439161.136] Client: [0m---before writing in log upd_msg->frag_no= 0
[91m [1776439161.140] Client: [0m---before writing in log upd_msg->reliable= 1
[91m [1776439161.143] Client: [0m---before writing in log upd_msg->data.sensor_type= 1
[91m [1776439161.147] Client: [0m---before writing in log upd_msg->data.sid= temp_1
[91m [1776439161.153] Client: [0m---after writing in log upd_msg->seq_no = 194
[91m [1776439161.157] Client: [0m---after writing in log upd_msg->data.sensor_type = 1
[91m [1776439161.161] Client: [0m---after writing in log upd_msg->reliable = 1
[91m [1776439161.615108] BSON Message: [0mInside sensor type parsing.
[91m [1776439161.615126] BSON Message: [0mInside sensor type parsing end.
[91m [1776439161.615131] BSON Message: [0mInside sid parsing
[91m [1776439161.615138] Client: [0m---before writing in log upd_msg->seq_no= 78
[91m [1776439161.615143] Client: [0m---before writing in log upd_msg->type= 4
[91m [1776439161.615148] Client: [0m---before writing in log upd_msg->frag_no= 0
[91m [1776439161.615153] Client: [0m---before writing in log upd_msg->reliable= 1
[91m [1776439161.615158] Client: [0m---before writing in log upd_msg->data.sensor_type= 2
[91m [1776439161.615162] Client: [0m---before writing in log upd_msg->data.sid= device_0
[91m [1776439161.615168] Client: [0m---after writing in log upd_msg->seq_no = 78
[91m [1776439161.615173] Client: [0m---after writing in log upd_msg->data.sensor_type = 2
[91m [1776439161.615178] Client: [0m---after writing in log upd_msg->reliable = 1
[91m [1776439162.416] BSON Message: [0mInside sensor type parsing.
[91m [1776439162.434] BSON Message: [0mInside sensor type parsing end.
[91m [1776439162.440] BSON Message: [0mInside sid parsing
[91m [1776439162.446] BSON Message: [0mInside temp1 parsing.
 server.
Message type is 4
---------Update message arrived------------ 1
Got a message from the server.
Message type is 4
---------Update message arrived------------ 1
Got a message from the server.
Message type is 4
---------Update message arrived------------ 1
Got a message from the server.
Message type is 4
---------Update message arrived------------ 1
Got a message from the server.
Message type is 4
---------Update message arrived------------ 1
Got a message from the server.
Message type is 4
---------Update message arrived------------ 1
Got a message from the server.
Message type is 4
---------Update message arrived------------ 1
Got a message from the server.
Message type is 4
---------Update message arrived------------ 1
Got a message from the server.
Message type is 4
---------Update message arrived------------ 1
Got a message from the server.
Message type is 4
---------Update message arrived------------ 1
Got a message from the server.
Message type is 4
---------Update message arrived------------ 1
Got a message from the server.
Message type is 4
---------Update message arrived------------ 1
Got a message from the server.
Message type is 4
---------Update message arrived------------ 1
Got a message from the server.
Message type is 4
---------Update message arrived------------ 1
Got a message from the server.
Message type is 4
---------Update message arrived------------ 1
Got a message from the server.
Message type is 4
---------Update message arrived------------ 1
Got a message from the server.
Message type is 4
---------Update message arrived------------ 1
Got a message from the server.
Message type is 4
---------Update message arrived------------ 1
Got a message from the server.
Message type is 4
---------Update message arrived------------ 1
Got a message from the server.
Message type is 4
---------Update message arrived------------ 1
Got a message from the server.
Message type is 4
---------Update message arrived------------ 1
Got a message from the server.
Message type is 4
---------Update message arrived------------ 1
Got a message from the server.
Message type is 4
---------Update message arrived------------ 1
Got a message from the server.
Message type is 4
---------Update message arrived------------ 1
Got a message from the server.
Message type is 4
---------Update message arrived------------ 1
Got a message from the server.
Message type is 4
---------Update message arrived------------ 1
Got a message from the server.
Message type is 4
---------Update message arrived------------ 1
Got a message from the server.
Message type is 4
---------Update message arrived------------ 1
Got a message from the server.
Message type is 4
---------Update message arrived------------ 1
Got a message from the server.
Message type is 4
---------Update message arrived------------ 1
Got a message from the server.
Message type is 4
---------Update message arrived------------ 1
Got a message from the server.
Message type is 4
---------Update message arrived------------ 1
Got a message from the server.
Message type is 4
---------Update message arrived------------ 1
Got a message from the server.
Message type is 4
---------Update message arrived------------ 1
Got a message from the server.
Message type is 4
---------Update message arrived------------ 1
Got a message from the server.
Message type is 4
---------Update message arrived------------ 1
Got a message from the server.
Message type is 4
---------Update message arrived------------ 1
Got a message from the server.
Message type is 4
---------Update message arrived------------ 1
Got a message from the server.
Message type is 4
---------Update message arrived------------ 1
Got a message from the server.
Message type is 4
---------Update message arrived------------ 1
Got a message from the server.
Message type is 4
---------Update message arrived------------ 1
Got a message from the server.
Message type is 4
---------Update message arrived------------ 1
Got a message from the server.
Message type is 4
---------Update message arrived------------ 1
Got a message from the server.
Me[91m [1776439162.463] Client: [0m---before writing in log upd_msg->seq_no= 195
[91m [1776439162.471] Client: [0m---before writing in log upd_msg->type= 4
[91m [1776439162.477] Client: [0m---before writing in log upd_msg->frag_no= 0
[91m [1776439162.481] Client: [0m---before writing in log upd_msg->reliable= 1
[91m [1776439162.486] Client: [0m---before writing in log upd_msg->data.sensor_type= 1
[91m [1776439162.493] Client: [0m---before writing in log upd_msg->data.sid= temp_1
[91m [1776439162.509] Client: [0m---after writing in log upd_msg->seq_no = 195
[91m [1776439162.513] Client: [0m---after writing in log upd_msg->data.sensor_type = 1
[91m [1776439162.520] Client: [0m---after writing in log upd_msg->reliable = 1
[91m [1776439163.744] BSON Message: [0mInside sensor type parsing.
[91m [1776439163.762] BSON Message: [0mInside sensor type parsing end.
[91m [1776439163.768] BSON Message: [0mInside sid parsing
[91m [1776439163.776] BSON Message: [0mInside temp1 parsing.
[91m [1776439163.785] Client: [0m---before writing in log upd_msg->seq_no= 196
[91m [1776439163.792] Client: [0m---before writing in log upd_msg->type= 4
[91m [1776439163.798] Client: [0m---before writing in log upd_msg->frag_no= 0
[91m [1776439163.805] Client: [0m---before writing in log upd_msg->reliable= 1
[91m [1776439163.812] Client: [0m---before writing in log upd_msg->data.sensor_type= 1
[91m [1776439163.818] Client: [0m---before writing in log upd_msg->data.sid= temp_1
[91m [1776439163.825] Client: [0m---after writing in log upd_msg->seq_no = 196
[91m [1776439163.831] Client: [0m---after writing in log upd_msg->data.sensor_type = 1
[91m [1776439163.837] Client: [0m---after writing in log upd_msg->reliable = 1
[91m [1776439163.692345] BSON Message: [0mInside sensor type parsing.
[91m [1776439163.692360] BSON Message: [0mInside sensor type parsing end.
[91m [1776439163.692366] BSON Message: [0mInside sid parsing
[91m [1776439163.692373] Client: [0m---before writing in log upd_msg->seq_no= 79
[91m [1776439163.692378] Client: [0m---before writing in log upd_msg->type= 4
[91m [1776439163.692382] Client: [0m---before writing in log upd_msg->frag_no= 0
[91m [1776439163.692406] Client: [0m---before writing in log upd_msg->reliable= 1
[91m [1776439163.692410] Client: [0m---before writing in log upd_msg->data.sensor_type= 2
[91m [1776439163.692415] Client: [0m---before writing in log upd_msg->data.sid= device_0
[91m [1776439163.692420] Client: [0m---after writing in log upd_msg->seq_no = 79
[91m [1776439163.692425] Client: [0m---after writing in log upd_msg->data.sensor_type = 2
[91m [1776439163.692430] Client: [0m---after writing in log upd_msg->reliable = 1
[91m [1776439164.977] BSON Message: [0mInside sensor type parsing.
[91m [1776439164.995] BSON Message: [0mInside sensor type parsing end.
[91m [1776439164.1001] BSON Message: [0mInside sid parsing
[91m [1776439164.1007] BSON Message: [0mInside temp1 parsing.
[91m [1776439164.1013] Client: [0m---before writing in log upd_msg->seq_no= 197
[91m [1776439164.1019] Client: [0m---before writing in log upd_msg->type= 4
[91m [1776439164.1023] Client: [0m---before writing in log upd_msg->frag_no= 0
[91m [1776439164.1028] Client: [0m---before writing in log upd_msg->reliable= 1
[91m [1776439164.1033] Client: [0m---before writing in log upd_msg->data.sensor_type= 1
[91m [1776439164.1038] Client: [0m---before writing in log upd_msg->data.sid= temp_1
[91m [1776439164.1044] Client: [0m---after writing in log upd_msg->seq_no = 197
[91m [1776439164.1049] Client: [0m---after writing in log upd_msg->data.sensor_type = 1
[91m [1776439164.1053] Client: [0m---after writing in log upd_msg->reliable = 1
[91m [1776439165.1215] BSON Message: [0mInside sensor type parsing.
[91m [1776439165.1230] BSON Message: [0mInside sensor type parsing end.
[91m [1776439165.1236] BSON Message: [0mInside sid parsing
[91m [1776439165.1241] BSON Message: [0mInside temp1 parsing.
[91m [1776439165.1248] Client: [0m---before writing in log upd_msg->seq_no= 198
[91m [1776439165.1253] Client: [0m---before writing in log upd_msg->type= 4
[91m [1776439165.1258] Client: [0m---before writing in log upd_msg->frag_no= 0
[91m [1776439165.1264] Client: [0m---before writing in log upd_msg->reliable= 1
[91m [1776439165.1268] Client: [0m---before writing in log upd_msg->data.sensor_type= 1
[91m [1776439165.1273] Client: [0m---before writing in log upd_msg->data.sid= temp_1
[91m [1776439165.1279] Client: [0m---after writing in log upd_msg->seq_no = 198
[91m [1776439165.1284] Client: [0m---after writing in log upd_msg->data.sensor_type = 1
[91m [1776439165.1289] Client: [0m---after writing in log upd_msg->reliable = 1
[91m [1776439165.660734] BSON Message: [0mInside sensor type parsing.
[91m [1776439165.660745] BSON Message: [0mInside sensor type parsing end.
[91m [1776439165.660750] BSON Message: [0mInside sid parsing
[91m [1776439165.660755] BSON Message: [0mInside gps1 parsing.
[91m [1776439165.660760] Client: [0m---before writing in log upd_msg->seq_no= 22
[91m [1776439165.660764] Client: [0m---before writing in log upd_msg->type= 4
[91m [1776439165.660768] Client: [0m---before writing in log upd_msg->frag_no= 0
[91m [1776439165.660772] Client: [0m---before writing in log upd_msg->reliable= 1
[91m [1776439165.660776] Client: [0m---before writing in log upd_msg->data.sensor_type= 3
[91m [1776439165.660780] Client: [0m---before writing in log upd_msg->data.sid= gps_2
[91m [1776439165.660786] Client: [0m---after writing in log upd_msg->seq_no = 22
[91m [1776439165.660790] Client: [0m---after writing in log upd_msg->data.sensor_type = 3
[91m [1776439165.660794] Client: [0m---after writing in log upd_msg->reliable = 1
[91m [1776439166.1659] BSON Message: [0mInside sensor type parsing.
[91m [1776439166.1680] BSON Message: [0mInside sensor type parsing end.
[91m [1776439166.1689] BSON Message: [0mInside sid parsing
[91m [1776439166.1696] BSON Message: [0mInside temp1 parsing.
[91m [1776439166.1703] Client: [0m---before writing in log upd_msg->seq_no= 199
[91m [1776439166.1712] Client: [0m---before writing in log upd_msg->type= 4
[91m [1776439166.1726] Client: [0m---before writing in log upd_msg->frag_no= 0
[91m [1776439166.1735] Client: [0m---before writing in log upd_msg->reliable= 1
[91m [1776439166.1741] Client: [0m---before writing in log upd_msg->data.sensor_type= 1
[91m [1776439166.1747] Client: [0m---before writing in log upd_msg->data.sid= temp_1
[91m [1776439166.1754] Client: [0m---after writing in log upd_msg->seq_no = 199
[91m [1776439166.1760] Client: [0m---after writing in log upd_msg->data.sensor_type = 1
[91m [1776439166.1766] Client: [0m---after writing in log upd_msg->reliable = 1
[91m [1776439167.1850] BSON Message: [0mInside sensor type parsing.
[91m [1776439167.1871] BSON Message: [0mInside sensor type parsing end.
[91m [1776439167.1876] BSON Message: [0mInside sid parsing
[91m [1776439167.1881] BSON Message: [0mInside temp1 parsing.
[91m [1776439167.1887] Client: [0m---before writing in log upd_msg->seq_no= 200
[91m [1776439167.1892] Client: [0m---before writing in log upd_msg->type= 4
[91m [1776439167.1896] Client: [0m---before writing in log upd_msg->frag_no= 0
[91m [1776439167.1899] Client: [0m---before writing in log upd_msg->reliable= 1
[91m [1776439167.1903] Client: [0m---before writing in log upd_msg->data.sensor_type= 1
[91m [1776439167.1907] Client: [0m---before writing in log upd_msg->data.sid= temp_1
[91m [1776439167.1913] Client: [0m---after writing in log upd_msg->seq_no = 200
[91m [1776439167.1917] Client: [0m---after writing in log upd_msg->data.sensor_type = 1
[91m [1776439167.1921] Client: [0m---after writing in log upd_msg->reliable = 1
[91m [1776439167.87632] BSON Message: [0mInside sensor type parsing.
[91m [1776439167.87651] BSON Message: [0mInside sensor type parsing end.
[91m [1776439167.87656] BSON Message: [0mInside sid parsing
[91m [1776439167.87662] Client: [0m---before writing in log upd_msg->seq_no= 80
[91m [1776439167.87666] Client: [0m---before writing in log upd_msg->type= 4
[91m [1776439167.87670] Client: [0m---before writing in log upd_msg->frag_no= 0
[91m [1776439167.87674] Client: [0m---before writing in log upd_msg->reliable= 1
[91m [1776439167.87678] Client: [0m---before writing in log upd_msg->data.sensor_type= 2
[91m [1776439167.87682] Client: [0m---before writing in log upd_msg->data.sid= device_0
[91m [1776439167.87687] Client: [0m---after writing in log upd_msg->seq_no = 80
[91m [1776439167.87691] Client: [0m---after writing in log upd_msg->data.sensor_type = 2
[91m [1776439167.87695] Client: [0m---after writing in log upd_msg->reliable = 1
[91m [1776439167.676838] BSON Message: [0mInside sensor type parsing.
[91m [1776439167.676857] BSON Message: [0mInside sensor type parsing end.
[91m [1776439167.676862] BSON Message: [0mInside sid parsing
[91m [1776439167.676869] Client: [0m---before writing in log upd_msg->seq_no= 81
[91m [1776439167.676875] Client: [0m---before writing in log upd_msg->type= 4
[91m [1776439167.676880] Client: [0m---before writing in log upd_msg->frag_no= 0
[91m [1776439167.676885] Client: [0m---before writing in log upd_msg->reliable= 1
[91m [1776439167.676890] Client: [0m---before writing in log upd_msg->data.sensor_type= 2
[91m [1776439167.676896] Client: [0m---before writing in log upd_msg->data.sid= device_0
[91m [1776439167.676902] Client: [0m---after writing in log upd_msg->seq_no = 81
[91m [1776439167.676907] Client: [0m---after writing in log upd_msg->data.sensor_type = 2
[91m [1776439167.676912] Client: [0m---after writing in log upd_msg->reliable = 1
[91m [1776439167.849749] BSON Message: [0mInside sensor type parsing.
[91m [1776439167.849770] BSON Message: [0mInside sensor type parsing end.
[91m [1776439167.849776] BSON Message: [0mInside sid parsing
[91m [1776439167.849783] Client: [0m---before writing in log upd_msg->seq_no= 82
[91m [1776439167.849790] Client: [0m---before writing in log upd_msg->type= 4
[91m [1776439167.849795] Client: [0m---before writing in log upd_msg->frag_no= 0
[91m [1776439167.849801] Client: [0m---before writing in log upd_msg->reliable= 1
[91m [1776439167.849815] Client: [0m---before writing in log upd_msg->data.sensor_type= 2
[91m [1776439167.849823] Client: [0m---before writing in log upd_msg->data.sid= device_0
[91m [1776439167.849830] Client: [0m---after writing in log upd_msg->seq_no = 82
[91m [1776439167.849835] Client: [0m---after writing in log upd_msg->data.sensor_type = 2
[91m [1776439167.849840] Client: [0m---after writing in log upd_msg->reliable = 1
[91m [1776439168.2078] BSON Message: [0mInside sensor type parsing.
[91m [1776439168.2099] BSON Message: [0mInside sensor type parsing end.
[91m [1776439168.2105] BSON Message: [0mInside sid parsing
[91m [1776439168.2111] BSON Message: [0mInside temp1 parsing.
[91m [1776439168.2118] Client: [0m---before writing in log upd_msg->seq_no= 201
[91m [1776439168.2123] Client: [0m---before writing in log upd_msg->type= 4
[91m [1776439168.2128] Client: [0m---before writing in log upd_msg->frag_no= 0
[91m [1776439168.2133] Client: [0m---before writing in log upd_msg->reliable= 1
[91m [1776439168.2138] Client: [0m---before writing in log upd_msg->data.sensor_type= 1
[91m [1776439168.2143] Client: [0m---before writing in log upd_msg->data.sid= temp_1
[91m [1776439168.2153] Client: [0m---after writing in log upd_msg->seq_no = 201
[91m [1776439168.2159] Client: [0m---after writing in log upd_msg->data.sensor_type = 1
[91m [1776439168.2164] Client: [0m---after writing in log upd_msg->reliable = 1
[91m [1776439168.342481] BSON Message: [0mInside sensor type parsing.
[91m [1776439168.342510] BSON Message: [0mInside sensor type parsing end.
[91m [1776439168.342518] BSON Message: [0mInside sid parsing
[91m [1776439168.342525] Client: [0m---before writing in log upd_msg->seq_no= 83
[91m [1776439168.342531] Client: [0m---before writing in log upd_msg->type= 4
[91m [1776439168.342536] Client: [0m---before writing in log upd_msg->frag_no= 0
[91m [1776439168.342541] Client: [0m---before writing in log upd_msg->reliable= 0
[91m [1776439168.342546] Client: [0m---before writing in log upd_msg->data.sensor_type= 2
[91m [1776439168.342551] Client: [0m---before writing in log upd_msg->data.sid= device_0
[91m [1776439168.342557] Client: [0m---after writing in log upd_msg->seq_no = 83
[91m [1776439168.342562] Client: [0m---after writing in log upd_msg->data.sensor_type = 2
[91m [1776439168.342566] Client: [0m---after writing in log upd_msg->reliable = 0
[91m [1776439169.2366] BSON Message: [0mInside sensor type parsing.
[91m [1776439169.2384] BSON Message: [0mInside sensor type parsing end.
[91m [1776439169.2389] BSON Message: [0mInside sid parsing
[91m [1776439169.2394] BSON Message: [0mInside temp1 parsing.
[91m [1776439169.2400] Client: [0m---before writing in log upd_msg->seq_no= 202
[91m [1776439169.2406] Client: [0m---before writing in log upd_msg->type= 4
[91m [1776439169.2410] Client: [0m---before writing in log upd_msg->frag_no= 0
[91m [1776439169.2415] Client: [0m---before writing in log upd_msg->reliable= 1
[91m [1776439169.2419] Client: [0m---before writing in log upd_msg->data.sensor_type= 1
[91m [1776439169.2424] Client: [0m---before writing in log upd_msg->data.sid= temp_1
[91m [1776439169.2429] Client: [0m---after writing in log upd_msg->seq_no = 202
[91m [1776439169.2435] Client: [0m---after writing in log upd_msg->data.sensor_type = 1
[91m [1776439169.2440] Client: [0m---after writing in log upd_msg->reliable = 1
[91m [1776439170.2621] BSON Message: [0mInside sensor type parsing.
[91m [1776439170.2638] BSON Message: [0mInside sensor type parsing end.
[91m [1776439170.2643] BSON Message: [0mInside sid parsing
[91m [1776439170.2647] BSON Message: [0mInside temp1 parsing.
[91m [1776439170.2653] Client: [0m---before writing in log upd_msg->seq_no= 203
[91m [1776439170.2659] Client: [0m---before writing in log upd_msg->type= 4
[91m [1776439170.2664] Client: [0m---before writing in log upd_msg->frag_no= 0
[91m [1776439170.2669] Client: [0m---before writing in log upd_msg->reliable= 1
[91m [1776439170.2673] Client: [0m---before writing in log upd_msg->data.sensor_type= 1
[91m [1776439170.2688] Client: [0m---before writing in log upd_msg->data.sid= temp_1
[91m [1776439170.2694] Client: [0m---after writing in log upd_msg->seq_no = 203
[91m [1776439170.2703] Client: [0m---after writing in log upd_msg->data.sensor_type = 1
[91m [1776439170.2710] Client: [0m---after writing in log upd_msg->reliable = 1
[91m [1776439170.525290] BSON Message: [0mInside sensor type parsing.
[91m [1776439170.525309] BSON Message: [0mInside sensor type parsing end.
[91m [1776439170.525315] BSON Message: [0mInside sid parsing
[91m [1776439170.525324] Client: [0m---before writing in log upd_msg->seq_no= 84
[91m [1776439170.525329] Client: [0m---before writing in log upd_msg->type= 4
[91m [1776439170.525333] Client: [0m---before writing in log upd_msg->frag_no= 0
[91m [1776439170.525338] Client: [0m---before writing in log upd_msg->reliable= 1
[91m [1776439170.525343] Client: [0m---before writing in log upd_msg->data.sensor_type= 2
[91m [1776439170.525348] Client: [0m---before writing in log upd_msg->data.sid= device_0
[91m [1776439170.525354] Client: [0m---after writing in log upd_msg->seq_no = 84
[91m [1776439170.525359] Client: [0m---after writing in log upd_msg->data.sensor_type = 2
[91m [1776439170.525365] Client: [0m---after writing in log upd_msg->reliable = 1
[91m [1776439171.2893] BSON Message: [0mInside sensor type parsing.
[91m [1776439171.2911] BSON Message: [0mInside sensor type parsing end.
[91m [1776439171.2916] BSON Message: [0mInside sid parsing
[91m [1776439171.2922] BSON Message: [0mInside temp1 parsing.
[91m [1776439171.2928] Client: [0m---before writing in log upd_msg->seq_no= 204
[91m [1776439171.2932] Client: [0m---before writing in log upd_msg->type= 4
[91m [1776439171.2937] Client: [0m---before writing in log upd_msg->frag_no= 0
[91m [1776439171.2943] Client: [0m---before writing in log upd_msg->reliable= 1
[91m [1776439171.2947] Client: [0m---before writing in log upd_msg->data.sensor_type= 1
[91m [1776439171.2951] Client: [0m---before writing in log upd_msg->data.sid= temp_1
[91m [1776439171.2957] Client: [0m---after writing in log upd_msg->seq_no = 204
[91m [1776439171.2962] Client: [0m---after writing in log upd_msg->data.sensor_type = 1
[91m [1776439171.2967] Client: [0m---after writing in log upd_msg->reliable = 1
[91m [1776439172.3168] BSON Message: [0mInside sensor type parsing.
[91m [1776439172.3190] BSON Message: [0mInside sensor type parsing end.
[91m [1776439172.3197] BSON Message: [0mInside sid parsing
[91m [1776439172.3204] BSON Message: [0mInside temp1 parsing.
[91m [1776439172.3211] Client: [0m---before writing in log upd_msg->seq_no= 205
[91m [1776439172.3217] Client: [0m---before writing in log upd_msg->type= 4
[91m [1776439172.3223] Client: [0m---before writing in log upd_msg->frag_no= 0
[91m [1776439172.3230] Client: [0m---before writing in log upd_msg->reliable= 1
[91m [1776439172.3236] Client: [0m---before writing in log upd_msg->data.sensor_type= 1
[91m [1776439172.3243] Client: [0m---before writing in log upd_msg->data.sid= temp_1
[91m [1776439172.3251] Client: [0m---after writing in log upd_msg->seq_no = 205
[91m [1776439172.3257] Client: [0m---after writing in log upd_msg->data.sensor_type = 1
[91m [1776439172.3263] Client: [0m---after writing in log upd_msg->reliable = 1
[91m [1776439172.418794] BSON Message: [0mInside sensor type parsing.
[91m [1776439172.418813] BSON Message: [0mInside sensor type parsing end.
[91m [1776439172.418819] BSON Message: [0mInside sid parsing
[91m [1776439172.418826] Client: [0m---before writing in log upd_msg->seq_no= 85
[91m [1776439172.418832] Client: [0m---before writing in log upd_msg->type= 4
[91m [1776439172.418836] Client: [0m---before writing in log upd_msg->frag_no= 0
[91m [1776439172.418841] Client: [0m---before writing in log upd_msg->reliable= 1
[91m [1776439172.418846] Client: [0m---before writing in log upd_msg->data.sensor_type= 2
[91m [1776439172.418851] Client: [0m---before writing in log upd_msg->data.sid= device_0
[91m [1776439172.418864] Client: [0m---after writing in log upd_msg->seq_no = 85
[91m [1776439172.418869] Client: [0m---after writing in log upd_msg->data.sensor_type = 2
[91m [1776439172.418874] Client: [0m---after writing in log upd_msg->reliable = 1
[91m [1776439173.3472] BSON Message: [0mInside sensor type parsing.
[91m [1776439173.3490] BSON Message: [0mInside sensor type parsing end.
[91m [1776439173.3494] BSON Message: [0mInside sid parsing
[91m [1776439173.3498] BSON Message: [0mInside temp1 parsing.
[91m [1776439173.3514] Client: [0m---before writing in log upd_msg->seq_no= 206
[91m [1776439173.3518] Client: [0m---before writing in log upd_msg->type= 4
[91m [1776439173.3522] Client: [0m---before writing in log upd_msg->frag_no= 0
[91m [1776439173.3526] Client: [0m---before writing in log upd_msg->reliable= 1
[91m [1776439173.3531] Client: [0m---before writing in log upd_msg->data.sensor_type= 1
[91m [1776439173.3535] Client: [0m---before writing in log upd_msg->data.sid= temp_1
[91m [1776439173.3540] Client: [0m---after writing in log upd_msg->seq_no = 206
[91m [1776439173.3545] Client: [0m---after writing in log upd_msg->data.sensor_type = 1
[91m [1776439173.3550] Client: [0m---after writing in log upd_msg->reliable = 1
[91m [1776439173.342075] BSON Message: [0mInside sensor type parsing.
[91m [1776439173.342091] BSON Message: [0mInside sensor type parsing end.
[91m [1776439173.342096] BSON Message: [0mInside sid parsing
[91m [1776439173.342104] Client: [0m---before writing in log upd_msg->seq_no= 86
[91m [1776439173.342108] Client: [0m---before writing in log upd_msg->type= 4
[91m [1776439173.342111] Client: [0m---before writing in log upd_msg->frag_no= 0
[91m [1776439173.342114] Client: [0m---before writing in log upd_msg->reliable= 1
[91m [1776439173.342119] Client: [0m---before writing in log upd_msg->data.sensor_type= 2
[91m [1776439173.342123] Client: [0m---before writing in log upd_msg->data.sid= device_0
[91m [1776439173.342129] Client: [0m---after writing in log upd_msg->seq_no = 86
[91m [1776439173.342133] Client: [0m---after writing in log upd_msg->data.sensor_type = 2
[91m [1776439173.342137] Client: [0m---after writing in log upd_msg->reliable = 1
[91m [1776439173.796372] BSON Message: [0mInside sensor type parsing.
[91m [1776439173.796389] BSON Message: [0mInside sensor type parsing end.
[91m [1776439173.796396] BSON Message: [0mInside sid parsing
[91m [1776439173.796403] Client: [0m---before writing in log upd_msg->seq_no= 87
[91m [1776439173.796408] Client: [0m---before writing in log upd_msg->type= 4
[91m [1776439173.796412] Client: [0m---before writing in log upd_msg->frag_no= 0
[91m [1776439173.796416] Client: [0m---before writing in log upd_msg->reliable= 1
[91m [1776439173.796421] Client: [0m---before writing in log upd_msg->data.sensor_type= 2
[91m [1776439173.796425] Client: [0m---before writing in log upd_msg->data.sid= device_0
[91m [1776439173.796430] Client: [0m---after writing in log upd_msg->seq_no = 87
[91m [1776439173.796434] Client: [0m---after writing in log upd_msg->data.sensor_type = 2
[91m [1776439173.796439] Client: [0m---after writing in log upd_msg->reliable = 1
[91m [1776439174.3795] BSON Message: [0mInside sensor type parsing.
[91m [1776439174.3813] BSON Message: [0mInside sensor type parsing end.
[91m [1776439174.3818] BSON Message: [0mInside sid parsing
[91m [1776439174.3823] BSON Message: [0mInside temp1 parsing.
[91m [1776439174.3829] Client: [0m---before writing in log upd_msg->seq_no= 207
[91m [1776439174.3834] Client: [0m---before writing in log upd_msg->type= 4
[91m [1776439174.3838] Client: [0m---before writing in log upd_msg->frag_no= 0
[91m [1776439174.3844] Client: [0m---before writing in log upd_msg->reliable= 1
[91m [1776439174.3848] Client: [0m---before writing in log upd_msg->data.sensor_type= 1
[91m [1776439174.3853] Client: [0m---before writing in log upd_msg->data.sid= temp_1
[91m [1776439174.3859] Client: [0m---after writing in log upd_msg->seq_no = 207
[91m [1776439174.3871] Client: [0m---after writing in log upd_msg->data.sensor_type = 1
[91m [1776439174.3876] Client: [0m---after writing in log upd_msg->reliable = 1
[91m [1776439175.4078] BSON Message: [0mInside sensor type parsing.
[91m [1776439175.4098] BSON Message: [0mInside sensor type parsing end.
[91m [1776439175.4105] BSON Message: [0mInside sid parsing
[91m [1776439175.4116] BSON Message: [0mInside temp1 parsing.
[91m [1776439175.4125] Client: [0m---before writing in log upd_msg->seq_no= 208
[91m [1776439175.4132] Client: [0m---before writing in log upd_msg->type= 4
[91m [1776439175.4138] Client: [0m---before writing in log upd_msg->frag_no= 0
[91m [1776439175.4143] Client: [0m---before writing in log upd_msg->reliable= 1
[91m [1776439175.4151] Client: [0m---before writing in log upd_msg->data.sensor_type= 1
[91m [1776439175.4158] Client: [0m---before writing in log upd_msg->data.sid= temp_1
[91m [1776439175.4165] Client: [0m---after writing in log upd_msg->seq_no = 208
[91m [1776439175.4171] Client: [0m---after writing in log upd_msg->data.sensor_type = 1
[91m [1776439175.4177] Client: [0m---after writing in log upd_msg->reliable = 1
[91m [1776439176.8759] BSON Message: [0mInside sensor type parsing.
[91m [1776439176.8769] BSON Message: [0mInside sensor type parsing end.
[91m [1776439176.8774] BSON Message: [0mInside sid parsing
[91m [1776439176.8778] BSON Message: [0mInside temp1 parsing.
[91m [1776439176.8783] Client: [0m---before writing in log upd_msg->seq_no= 209
[91m [1776439176.8787] Client: [0m---before writing in log upd_msg->type= 4
[91m [1776439176.8791] Client: [0m---before writing in log upd_msg->frag_no= 0
[91m [1776439176.8795] Client: [0m---before writing in log upd_msg->reliable= 1
[91m [1776439176.8799] Client: [0m---before writing in log upd_msg->data.sensor_type= 1
[91m [1776439176.8802] Client: [0m---before writing in log upd_msg->data.sid= temp_1
[91m [1776439176.8807] Client: [0m---after writing in log upd_msg->seq_no = 209
[91m [1776439176.8811] Client: [0m---after writing in log upd_msg->data.sensor_type = 1
[91m [1776439176.8815] Client: [0m---after writing in log upd_msg->reliable = 1
[91m [1776439176.728943] BSON Message: [0mInside sensor type parsing.
[91m [1776439176.728960] BSON Message: [0mInside sensor type parsing end.
[91m [1776439176.728965] BSON Message: [0mInside sid parsing
[91m [1776439176.728969] BSON Message: [0mInside gps1 parsing.
[91m [1776439176.728975] Client: [0m---before writing in log upd_msg->seq_no= 23
[91m [1776439176.728979] Client: [0m---before writing in log upd_msg->type= 4
[91m [1776439176.728983] Client: [0m---before writing in log upd_msg->frag_no= 0
[91m [1776439176.728987] Client: [0m---before writing in log upd_msg->reliable= 1
[91m [1776439176.728990] Client: [0m---before writing in log upd_msg->data.sensor_type= 3
[91m [1776439176.728994] Client: [0m---before writing in log upd_msg->data.sid= gps_2
[91m [1776439176.729002] Client: [0m---after writing in log upd_msg->seq_no = 23
[91m [1776439176.729007] Client: [0m---after writing in log upd_msg->data.sensor_type = 3
[91m [1776439176.729011] Client: [0m---after writing in log upd_msg->reliable = 1
[91m [1776439177.4665] BSON Message: [0mInside sensor type parsing.
[91m [1776439177.4683] BSON Message: [0mInside sensor type parsing end.
[91m [1776439177.4688] BSON Message: [0mInside sid parsing
[91m [1776439177.4694] BSON Message: [0mInside temp1 parsing.
[91m [1776439177.4701] Client: [0m---before writing in log upd_msg->seq_no= 210
[91m [1776439177.4707] Client: [0m---before writing in log upd_msg->type= 4
[91m [1776439177.4712] Client: [0m---before writing in log upd_msg->frag_no= 0
[91m [1776439177.4717] Client: [0m---before writing in log upd_msg->reliable= 1
[91m [1776439177.4722] Client: [0m---before writing in log upd_msg->data.sensor_type= 1
[91m [1776439177.4727] Client: [0m---before writing in log upd_msg->data.sid= temp_1
[91m [1776439177.4741] Client: [0m---after writing in log upd_msg->seq_no = 210
[91m [1776439177.4746] Client: [0m---after writing in log upd_msg->data.sensor_type = 1
[91m [1776439177.4750] Client: [0m---after writing in log upd_msg->reliable = 1
[91m [1776439177.250520] BSON Message: [0mInside sensor type parsing.
[91m [1776439177.250539] BSON Message: [0mInside sensor type parsing end.
[91m [1776439177.250545] BSON Message: [0mInside sid parsing
[91m [1776439177.250552] Client: [0m---before writing in log upd_msg->seq_no= 88
[91m [1776439177.250558] Client: [0m---before writing in log upd_msg->type= 4
[91m [1776439177.250564] Client: [0m---before writing in log upd_msg->frag_no= 0
[91m [1776439177.250571] Client: [0m---before writing in log upd_msg->reliable= 1
[91m [1776439177.250579] Client: [0m---before writing in log upd_msg->data.sensor_type= 2
[91m [1776439177.250586] Client: [0m---before writing in log upd_msg->data.sid= device_0
[91m [1776439177.250596] Client: [0m---after writing in log upd_msg->seq_no = 88
[91m [1776439177.250602] Client: [0m---after writing in log upd_msg->data.sensor_type = 2
[91m [1776439177.250608] Client: [0m---after writing in log upd_msg->reliable = 1
[91m [1776439178.5033] BSON Message: [0mInside sensor type parsing.
[91m [1776439178.5051] BSON Message: [0mInside sensor type parsing end.
[91m [1776439178.5056] BSON Message: [0mInside sid parsing
[91m [1776439178.5062] BSON Message: [0mInside temp1 parsing.
[91m [1776439178.5067] Client: [0m---before writing in log upd_msg->seq_no= 211
[91m [1776439178.5072] Client: [0m---before writing in log upd_msg->type= 4
[91m [1776439178.5077] Client: [0m---before writing in log upd_msg->frag_no= 0
[91m [1776439178.5083] Client: [0m---before writing in log upd_msg->reliable= 1
[91m [1776439178.5090] Client: [0m---before writing in log upd_msg->data.sensor_type= 1
[91m [1776439178.5101] Client: [0m---before writing in log upd_msg->data.sid= temp_1
[91m [1776439178.5109] Client: [0m---after writing in log upd_msg->seq_no = 211
[91m [1776439178.5115] Client: [0m---after writing in log upd_msg->data.sensor_type = 1
[91m [1776439178.5120] Client: [0m---after writing in log upd_msg->reliable = 1
[91m [1776439178.850260] BSON Message: [0mInside sensor type parsing.
[91m [1776439178.850280] BSON Message: [0mInside sensor type parsing end.
[91m [1776439178.850287] BSON Message: [0mInside sid parsing
[91m [1776439178.850295] Client: [0m---before writing in log upd_msg->seq_no= 89
[91m [1776439178.850301] Client: [0m---before writing in log upd_msg->type= 4
[91m [1776439178.850307] Client: [0m---before writing in log upd_msg->frag_no= 0
[91m [1776439178.850312] Client: [0m---before writing in log upd_msg->reliable= 1
[91m [1776439178.850318] Client: [0m---before writing in log upd_msg->data.sensor_type= 2
[91m [1776439178.850325] Client: [0m---before writing in log upd_msg->data.sid= device_0
[91m [1776439178.850332] Client: [0m---after writing in log upd_msg->seq_no = 89
[91m [1776439178.850337] Client: [0m---after writing in log upd_msg->data.sensor_type = 2
[91m [1776439178.850343] Client: [0m---after writing in log upd_msg->reliable = 1
[91m [1776439179.5252] BSON Message: [0mInside sensor type parsing.
[91m [1776439179.5268] BSON Message: [0mInside sensor type parsing end.
[91m [1776439179.5273] BSON Message: [0mInside sid parsing
[91m [1776439179.5277] BSON Message: [0mInside temp1 parsing.
[91m [1776439179.5283] Client: [0m---before writing in log upd_msg->seq_no= 212
[91m [1776439179.5287] Client: [0m---before writing in log upd_msg->type= 4
[91m [1776439179.5291] Client: [0m---before writing in log upd_msg->frag_no= 0
[91m [1776439179.5294] Client: [0m---before writing in log upd_msg->reliable= 1
[91m [1776439179.5299] Client: [0m---before writing in log upd_msg->data.sensor_type= 1
[91m [1776439179.5303] Client: [0m---before writing in log upd_msg->data.sid= temp_1
[91m [1776439179.5311] Client: [0m---after writing in log upd_msg->seq_no = 212
[91m [1776439179.5324] Client: [0m---after writing in log upd_msg->data.sensor_type = 1
[91m [1776439179.5330] Client: [0m---after writing in log upd_msg->reliable = 1
[91m [1776439180.5521] BSON Message: [0mInside sensor type parsing.
[91m [1776439180.5540] BSON Message: [0mInside sensor type parsing end.
[91m [1776439180.5546] BSON Message: [0mInside sid parsing
[91m [1776439180.5552] BSON Message: [0mInside temp1 parsing.
[91m [1776439180.5558] Client: [0m---before writing in log upd_msg->seq_no= 213
[91m [1776439180.5563] Client: [0m---before writing in log upd_msg->type= 4
[91m [1776439180.5568] Client: [0m---before writing in log upd_msg->frag_no= 0
[91m [1776439180.5573] Client: [0m---before writing in log upd_msg->reliable= 1
[91m [1776439180.5579] Client: [0m---before writing in log upd_msg->data.sensor_type= 1
[91m [1776439180.5586] Client: [0m---before writing in log upd_msg->data.sid= temp_1
[91m [1776439180.5593] Client: [0m---after writing in log upd_msg->seq_no = 213
[91m [1776439180.5598] Client: [0m---after writing in log upd_msg->data.sensor_type = 1
[91m [1776439180.5605] Client: [0m---after writing in log upd_msg->reliable = 1
[91m [1776439181.5873] BSON Message: [0mInside sensor type parsing.
[91m [1776439181.5892] BSON Message: [0mInside sensor type parsing end.
[91m [1776439181.5898] BSON Message: [0mInside sid parsing
[91m [1776439181.5904] BSON Message: [0mInside temp1 parsing.
[91m [1776439181.5910] Client: [0m---before writing in log upd_msg->seq_no= 214
[91m [1776439181.5915] Client: [0m---before writing in log upd_msg->type= 4
[91m [1776439181.5920] Client: [0m---before writing in log upd_msg->frag_no= 0
[91m [1776439181.5925] Client: [0m---before writing in log upd_msg->reliable= 1
[91m [1776439181.5931] Client: [0m---before writing in log upd_msg->data.sensor_type= 1
[91m [1776439181.5937] Client: [0m---before writing in log upd_msg->data.sid= temp_1
[91m [1776439181.5948] Client: [0m---after writing in log upd_msg->seq_no = 214
[91m [1776439181.5957] Client: [0m---after writing in log upd_msg->data.sensor_type = 1
[91m [1776439181.5963] Client: [0m---after writing in log upd_msg->reliable = 1
[91m [1776439182.6122] BSON Message: [0mInside sensor type parsing.
[91m [1776439182.6140] BSON Message: [0mInside sensor type parsing end.
[91m [1776439182.6146] BSON Message: [0mInside sid parsing
[91m [1776439182.6152] BSON Message: [0mInside temp1 parsing.
[91m [1776439182.6160] Client: [0m---before writing in log upd_msg->seq_no= 215
[91m [1776439182.6165] Client: [0m---before writing in log upd_msg->type= 4
[91m [1776439182.6171] Client: [0m---before writing in log upd_msg->frag_no= 0
[91m [1776439182.6180] Client: [0m---before writing in log upd_msg->reliable= 1
[91m [1776439182.6187] Client: [0m---before writing in log upd_msg->data.sensor_type= 1
[91m [1776439182.6195] Client: [0m---before writing in log upd_msg->data.sid= temp_1
[91m [1776439182.6202] Client: [0m---after writing in log upd_msg->seq_no = 215
[91m [1776439182.6207] Client: [0m---after writing in log upd_msg->data.sensor_type = 1
[91m [1776439182.6212] Client: [0m---after writing in log upd_msg->reliable = 1
[91m [1776439182.203595] BSON Message: [0mInside sensor type parsing.
[91m [1776439182.203611] BSON Message: [0mInside sensor type parsing end.
[91m [1776439182.203616] BSON Message: [0mInside sid parsing
[91m [1776439182.203621] Client: [0m---before writing in log upd_msg->seq_no= 90
[91m [1776439182.203624] Client: [0m---before writing in log upd_msg->type= 4
[91m [1776439182.203627] Client: [0m---before writing in log upd_msg->frag_no= 0
[91m [1776439182.203631] Client: [0m---before writing in log upd_msg->reliable= 1
[91m [1776439182.203635] Client: [0m---before writing in log upd_msg->data.sensor_type= 2
[91m [1776439182.203640] Client: [0m---before writing in log upd_msg->data.sid= device_0
[91m [1776439182.203644] Client: [0m---after writing in log upd_msg->seq_no = 90
[91m [1776439182.203647] Client: [0m---after writing in log upd_msg->data.sensor_type = 2
[91m [1776439182.203658] Client: [0m---after writing in log upd_msg->reliable = 1
[91m [1776439182.874942] BSON Message: [0mInside sensor type parsing.
[91m [1776439182.874959] BSON Message: [0mInside sensor type parsing end.
[91m [1776439182.874967] BSON Message: [0mInside sid parsing
[91m [1776439182.874974] Client: [0m---before writing in log upd_msg->seq_no= 91
[91m [1776439182.874981] Client: [0m---before writing in log upd_msg->type= 4
[91m [1776439182.874987] Client: [0m---before writing in log upd_msg->frag_no= 0
[91m [1776439182.874993] Client: [0m---before writing in log upd_msg->reliable= 1
[91m [1776439182.874999] Client: [0m---before writing in log upd_msg->data.sensor_type= 2
[91m [1776439182.875006] Client: [0m---before writing in log upd_msg->data.sid= device_0
[91m [1776439182.875016] Client: [0m---after writing in log upd_msg->seq_no = 91
[91m [1776439182.875024] Client: [0m---after writing in log upd_msg->data.sensor_type = 2
[91m [1776439182.875031] Client: [0m---after writing in log upd_msg->reliable = 1
[91m [1776439183.6379] BSON Message: [0mInside sensor type parsing.
[91m [1776439183.6396] BSON Message: [0mInside sensor type parsing end.
[91m [1776439183.6404] BSON Message: [0mInside sid parsing
[91m [1776439183.6412] BSON Message: [0mInside temp1 parsing.
[91m [1776439183.6421] Client: [0m---before writing in log upd_msg->seq_no= 216
[91m [1776439183.6428] Client: [0m---before writing in log upd_msg->type= 4
[91m [1776439183.6436] Client: [0m---before writing in log upd_msg->frag_no= 0
[91m [1776439183.6444] Client: [0m---before writing in log upd_msg->reliable= 1
[91m [1776439183.6452] Client: [0m---before writing in log upd_msg->data.sensor_type= 1
[91m [1776439183.6461] Client: [0m---before writing in log upd_msg->data.sid= temp_1
[91m [1776439183.6470] Client: [0m---after writing in log upd_msg->seq_no = 216
[91m [1776439183.6476] Client: [0m---after writing in log upd_msg->data.sensor_type = 1
[91m [1776439183.6484] Client: [0m---after writing in log upd_msg->reliable = 1
[91m [1776439184.6646] BSON Message: [0mInside sensor type parsing.
[91m [1776439184.6667] BSON Message: [0mInside sensor type parsing end.
[91m [1776439184.6675] BSON Message: [0mInside sid parsing
[91m [1776439184.6685] BSON Message: [0mInside temp1 parsing.
[91m [1776439184.6696] Client: [0m---before writing in log upd_msg->seq_no= 217
[91m [1776439184.6706] Client: [0m---before writing in log upd_msg->type= 4
[91m [1776439184.6715] Client: [0m---before writing in log upd_msg->frag_no= 0
[91m [1776439184.6724] Client: [0m---before writing in log upd_msg->reliable= 1
[91m [1776439184.6734] Client: [0m---before writing in log upd_msg->data.sensor_type= 1
[91m [1776439184.6742] Client: [0m---before writing in log upd_msg->data.sid= temp_1
[91m [1776439184.6754] Client: [0m---after writing in log upd_msg->seq_no = 217
[91m [1776439184.6763] Client: [0m---after writing in log upd_msg->data.sensor_type = 1
[91m [1776439184.6773] Client: [0m---after writing in log upd_msg->reliable = 1
[91m [1776439184.482976] BSON Message: [0mInside sensor type parsing.
[91m [1776439184.483000] BSON Message: [0mInside sensor type parsing end.
[91m [1776439184.483011] BSON Message: [0mInside sid parsing
[91m [1776439184.483021] Client: [0m---before writing in log upd_msg->seq_no= 92
[91m [1776439184.483030] Client: [0m---before writing in log upd_msg->type= 4
[91m [1776439184.483039] Client: [0m---before writing in log upd_msg->frag_no= 0
[91m [1776439184.483047] Client: [0m---before writing in log upd_msg->reliable= 1
[91m [1776439184.483055] Client: [0m---before writing in log upd_msg->data.sensor_type= 2
[91m [1776439184.483064] Client: [0m---before writing in log upd_msg->data.sid= device_0
[91m [1776439184.483074] Client: [0m---after writing in log upd_msg->seq_no = 92
[91m [1776439184.483081] Client: [0m---after writing in log upd_msg->data.sensor_type = 2
[91m [1776439184.483090] Client: [0m---after writing in log upd_msg->reliable = 1
[91m [1776439185.4194] BSON Message: [0mInside sensor type parsing.
[91m [1776439185.4214] BSON Message: [0mInside sensor type parsing end.
[91m [1776439185.4219] BSON Message: [0mInside sid parsing
[91m [1776439185.4225] BSON Message: [0mInside gps1 parsing.
[91m [1776439185.4230] Client: [0m---before writing in log upd_msg->seq_no= 24
[91m [1776439185.4235] Client: [0m---before writing in log upd_msg->type= 4
[91m [1776439185.4240] Client: [0m---before writing in log upd_msg->frag_no= 0
[91m [1776439185.4244] Client: [0m---before writing in log upd_msg->reliable= 1
[91m [1776439185.4248] Client: [0m---before writing in log upd_msg->data.sensor_type= 3
[91m [1776439185.4253] Client: [0m---before writing in log upd_msg->data.sid= gps_2
[91m [1776439185.4259] Client: [0m---after writing in log upd_msg->seq_no = 24
[91m [1776439185.4263] Client: [0m---after writing in log upd_msg->data.sensor_type = 3
[91m [1776439185.4379] Client: [0m---after writing in log upd_msg->reliable = 1
[91m [1776439185.11056] BSON Message: [0mInside sensor type parsing.
[91m [1776439185.11069] BSON Message: [0mInside sensor type parsing end.
[91m [1776439185.11074] BSON Message: [0mInside sid parsing
[91m [1776439185.11079] BSON Message: [0mInside temp1 parsing.
[91m [1776439185.11085] Client: [0m---before writing in log upd_msg->seq_no= 218
[91m [1776439185.11089] Client: [0m---before writing in log upd_msg->type= 4
[91m [1776439185.11094] Client: [0m---before writing in log upd_msg->frag_no= 0
[91m [1776439185.11098] Client: [0m---before writing in log upd_msg->reliable= 1
[91m [1776439185.11103] Client: [0m---before writing in log upd_msg->data.sensor_type= 1
[91m [1776439185.11107] Client: [0m---before writing in log upd_msg->data.sid= temp_1
[91m [1776439185.11113] Client: [0m---after writing in log upd_msg->seq_no = 218
[91m [1776439185.11117] Client: [0m---after writing in log upd_msg->data.sensor_type = 1
[91m [1776439185.11122] Client: [0m---after writing in log upd_msg->reliable = 1
[91m [1776439186.7232] BSON Message: [0mInside sensor type parsing.
[91m [1776439186.7249] BSON Message: [0mInside sensor type parsing end.
[91m [1776439186.7256] BSON Message: [0mInside sid parsing
[91m [1776439186.7262] BSON Message: [0mInside temp1 parsing.
[91m [1776439186.7268] Client: [0m---before writing in log upd_msg->seq_no= 219
[91m [1776439186.7272] Client: [0m---before writing in log upd_msg->type= 4
[91m [1776439186.7276] Client: [0m---before writing in log upd_msg->frag_no= 0
[91m [1776439186.7280] Client: [0m---before writing in log upd_msg->reliable= 1
[91m [1776439186.7285] Client: [0m---before writing in log upd_msg->data.sensor_type= 1
[91m [1776439186.7289] Client: [0m---before writing in log upd_msg->data.sid= temp_1
[91m [1776439186.7295] Client: [0m---after writing in log upd_msg->seq_no = 219
[91m [1776439186.7301] Client: [0m---after writing in log upd_msg->data.sensor_type = 1
[91m [1776439186.7305] Client: [0m---after writing in log upd_msg->reliable = 1
[91m [1776439187.7612] BSON Message: [0mInside sensor type parsing.
[91m [1776439187.7635] BSON Message: [0mInside sensor type parsing end.
[91m [1776439187.7647] BSON Message: [0mInside sid parsing
[91m [1776439187.7656] BSON Message: [0mInside temp1 parsing.
[91m [1776439187.7662] Client: [0m---before writing in log upd_msg->seq_no= 220
[91m [1776439187.7668] Client: [0m---before writing in log upd_msg->type= 4
[91m [1776439187.7674] Client: [0m---before writing in log upd_msg->frag_no= 0
[91m [1776439187.7679] Client: [0m---before writing in log upd_msg->reliable= 1
[91m [1776439187.7688] Client: [0m---before writing in log upd_msg->data.sensor_type= 1
[91m [1776439187.7694] Client: [0m---before writing in log upd_msg->data.sid= temp_1
[91m [1776439187.7704] Client: [0m---after writing in log upd_msg->seq_no = 220
[91m [1776439187.7711] Client: [0m---after writing in log upd_msg->data.sensor_type = 1
[91m [1776439187.7720] Client: [0m---after writing in log upd_msg->reliable = 1
[91m [1776439188.7833] BSON Message: [0mInside sensor type parsing.
[91m [1776439188.7849] BSON Message: [0mInside sensor type parsing end.
[91m [1776439188.7853] BSON Message: [0mInside sid parsing
[91m [1776439188.7858] BSON Message: [0mInside temp1 parsing.
ssage type is 4
---------Update message arrived------------ 1
Got a message from the server.
Message type is 4
---------Update message arrived------------ 1
Got a message from the server.
Message type is 4
---------Update message arrived------------ 1
Got a message from the server.
Message type is 4
---------Update message arrived------------ 1
Got a message from the server.
Message type is 4
---------Update message arrived------------ 1
Got a message from the server.
Message type is 4
---------Update message arrived------------ 1
Got a message from the server.
Message type is 4
---------Update message arrived------------ 1
Got a message from the server.
Message type is 4
---------Update message arrived------------ 1
Got a message from the server.
Message type is 4
---------Update message arrived------------ 1
Got a message from the server.
Message type is 4
---------Update message arrived------------ 1
Got a message from the server.
Message type is 4
---------Update message arrived------------ 1
Got a message from the server.
Message type is 4
---------Update message arrived------------ 1
Got a message from the server.
Message type is 4
---------Update message arrived------------ 1
Got a message from the server.
Message type is 4
---------Update message arrived------------ 1
Got a message from the server.
Message type is 4
---------Update message arrived------------ 1
Got a message from the server.
Message type is 4
---------Update message arrived------------ 1
Got a message from the server.
Message type is 4
---------Update message arrived------------ 1
Got a message from the server.
Message type is 4
---------Update message arrived------------ 1
Got a message from the server.
Message type is 4
---------Update message arrived------------ 1
Got a message from the server.
Message type is 4
---------Update message arrived------------ 1
Got a message from the server.
Message type is 4
---------Update message arrived------------ 1
Got a message from the server.
Message type is 4
---------Update message arrived------------ 1
Got a message from the server.
Message type is 4
---------Update message arrived------------ 1
Got a message from the server.
Message type is 4
---------Update message arrived------------ 1
Got a message from the server.
Message type is 4
---------Update message arrived------------ 1
Got a message from the server.
Message type is 4
---------Update message arrived------------ 1
Got a message from the server.
Message type is 4
---------Update message arrived------------ 1
Got a message from the server.
Message type is 4
---------Update message arrived------------ 1
Got a message from the server.
Message type is 4
---------Update message arrived------------ 1
Got a message from the server.
Message type is 4
---------Update message arrived------------ 1
Got a message from the server.
Message type is 4
---------Update message arrived------------ 1
Got a message from the server.
Message type is 4
---------Update message arrived------------ 1
Got a message from the server.
Message type is 4
---------Update message arrived------------ 1
Got a message from the server.
Message type is 4
---------Update message arrived------------ 1
Got a message from the server.
Message type is 4
---------Update message arrived------------ 1
Got a message from the server.
Message type is 4
---------Update message arrived------------ 1
Got a message from the server.
Message type is 4
---------Update message arrived------------ 1
Got a message from the server.
Message type is 4
---------Update message arrived------------ 1
Got a message from the server.
Message type is 4
---------Update message arrived------------ 1
Got a message from the server.
Message type is 4
---------Update message arrived------------ 1
Got a message from the server.
Message type is 4
---------Update message arrived------------ 1
Got a message from the server.
Message type is 4
---------Update message arrived------------ 1
Got a message from the server.
Message type is 4
---------Update message arrived------------ 1
Got a message from the server.
Message type [91m [1776439188.7873] Client: [0m---before writing in log upd_msg->seq_no= 221
[91m [1776439188.7879] Client: [0m---before writing in log upd_msg->type= 4
[91m [1776439188.7885] Client: [0m---before writing in log upd_msg->frag_no= 0
[91m [1776439188.7891] Client: [0m---before writing in log upd_msg->reliable= 1
[91m [1776439188.7897] Client: [0m---before writing in log upd_msg->data.sensor_type= 1
[91m [1776439188.7903] Client: [0m---before writing in log upd_msg->data.sid= temp_1
[91m [1776439188.7910] Client: [0m---after writing in log upd_msg->seq_no = 221
[91m [1776439188.7917] Client: [0m---after writing in log upd_msg->data.sensor_type = 1
[91m [1776439188.7927] Client: [0m---after writing in log upd_msg->reliable = 1
[91m [1776439188.516988] BSON Message: [0mInside sensor type parsing.
[91m [1776439188.517003] BSON Message: [0mInside sensor type parsing end.
[91m [1776439188.517007] BSON Message: [0mInside sid parsing
[91m [1776439188.517011] Client: [0m---before writing in log upd_msg->seq_no= 93
[91m [1776439188.517016] Client: [0m---before writing in log upd_msg->type= 4
[91m [1776439188.517020] Client: [0m---before writing in log upd_msg->frag_no= 0
[91m [1776439188.517026] Client: [0m---before writing in log upd_msg->reliable= 1
[91m [1776439188.517030] Client: [0m---before writing in log upd_msg->data.sensor_type= 2
[91m [1776439188.517036] Client: [0m---before writing in log upd_msg->data.sid= device_0
[91m [1776439188.517042] Client: [0m---after writing in log upd_msg->seq_no = 93
[91m [1776439188.517047] Client: [0m---after writing in log upd_msg->data.sensor_type = 2
[91m [1776439188.517053] Client: [0m---after writing in log upd_msg->reliable = 1
[91m [1776439189.8094] BSON Message: [0mInside sensor type parsing.
[91m [1776439189.8111] BSON Message: [0mInside sensor type parsing end.
[91m [1776439189.8116] BSON Message: [0mInside sid parsing
[91m [1776439189.8121] BSON Message: [0mInside temp1 parsing.
[91m [1776439189.8126] Client: [0m---before writing in log upd_msg->seq_no= 222
[91m [1776439189.8131] Client: [0m---before writing in log upd_msg->type= 4
[91m [1776439189.8135] Client: [0m---before writing in log upd_msg->frag_no= 0
[91m [1776439189.8139] Client: [0m---before writing in log upd_msg->reliable= 1
[91m [1776439189.8143] Client: [0m---before writing in log upd_msg->data.sensor_type= 1
[91m [1776439189.8146] Client: [0m---before writing in log upd_msg->data.sid= temp_1
[91m [1776439189.8152] Client: [0m---after writing in log upd_msg->seq_no = 222
[91m [1776439189.8156] Client: [0m---after writing in log upd_msg->data.sensor_type = 1
[91m [1776439189.8161] Client: [0m---after writing in log upd_msg->reliable = 1
[91m [1776439190.8371] BSON Message: [0mInside sensor type parsing.
[91m [1776439190.8393] BSON Message: [0mInside sensor type parsing end.
[91m [1776439190.8400] BSON Message: [0mInside sid parsing
[91m [1776439190.8407] BSON Message: [0mInside temp1 parsing.
[91m [1776439190.8415] Client: [0m---before writing in log upd_msg->seq_no= 223
[91m [1776439190.8424] Client: [0m---before writing in log upd_msg->type= 4
[91m [1776439190.8431] Client: [0m---before writing in log upd_msg->frag_no= 0
[91m [1776439190.8440] Client: [0m---before writing in log upd_msg->reliable= 1
[91m [1776439190.8447] Client: [0m---before writing in log upd_msg->data.sensor_type= 1
[91m [1776439190.8456] Client: [0m---before writing in log upd_msg->data.sid= temp_1
[91m [1776439190.8464] Client: [0m---after writing in log upd_msg->seq_no = 223
[91m [1776439190.8471] Client: [0m---after writing in log upd_msg->data.sensor_type = 1
[91m [1776439190.8477] Client: [0m---after writing in log upd_msg->reliable = 1
[91m [1776439191.8655] BSON Message: [0mInside sensor type parsing.
[91m [1776439191.8671] BSON Message: [0mInside sensor type parsing end.
[91m [1776439191.8676] BSON Message: [0mInside sid parsing
[91m [1776439191.8681] BSON Message: [0mInside temp1 parsing.
[91m [1776439191.8686] Client: [0m---before writing in log upd_msg->seq_no= 224
[91m [1776439191.8690] Client: [0m---before writing in log upd_msg->type= 4
[91m [1776439191.8694] Client: [0m---before writing in log upd_msg->frag_no= 0
[91m [1776439191.8698] Client: [0m---before writing in log upd_msg->reliable= 1
[91m [1776439191.8703] Client: [0m---before writing in log upd_msg->data.sensor_type= 1
[91m [1776439191.8707] Client: [0m---before writing in log upd_msg->data.sid= temp_1
[91m [1776439191.8723] Client: [0m---after writing in log upd_msg->seq_no = 224
[91m [1776439191.8729] Client: [0m---after writing in log upd_msg->data.sensor_type = 1
[91m [1776439191.8734] Client: [0m---after writing in log upd_msg->reliable = 1
[91m [1776439192.8945] BSON Message: [0mInside sensor type parsing.
[91m [1776439192.8964] BSON Message: [0mInside sensor type parsing end.
[91m [1776439192.8970] BSON Message: [0mInside sid parsing
[91m [1776439192.8976] BSON Message: [0mInside temp1 parsing.
[91m [1776439192.8982] Client: [0m---before writing in log upd_msg->seq_no= 225
[91m [1776439192.8987] Client: [0m---before writing in log upd_msg->type= 4
[91m [1776439192.8992] Client: [0m---before writing in log upd_msg->frag_no= 0
[91m [1776439192.8996] Client: [0m---before writing in log upd_msg->reliable= 1
[91m [1776439192.9001] Client: [0m---before writing in log upd_msg->data.sensor_type= 1
[91m [1776439192.9006] Client: [0m---before writing in log upd_msg->data.sid= temp_1
[91m [1776439192.9012] Client: [0m---after writing in log upd_msg->seq_no = 225
[91m [1776439192.9017] Client: [0m---after writing in log upd_msg->data.sensor_type = 1
[91m [1776439192.9021] Client: [0m---after writing in log upd_msg->reliable = 1
[91m [1776439192.225093] BSON Message: [0mInside sensor type parsing.
[91m [1776439192.225113] BSON Message: [0mInside sensor type parsing end.
[91m [1776439192.225118] BSON Message: [0mInside sid parsing
[91m [1776439192.225125] Client: [0m---before writing in log upd_msg->seq_no= 94
[91m [1776439192.225131] Client: [0m---before writing in log upd_msg->type= 4
[91m [1776439192.225136] Client: [0m---before writing in log upd_msg->frag_no= 0
[91m [1776439192.225141] Client: [0m---before writing in log upd_msg->reliable= 1
[91m [1776439192.225146] Client: [0m---before writing in log upd_msg->data.sensor_type= 2
[91m [1776439192.225151] Client: [0m---before writing in log upd_msg->data.sid= device_0
[91m [1776439192.225157] Client: [0m---after writing in log upd_msg->seq_no = 94
[91m [1776439192.225162] Client: [0m---after writing in log upd_msg->data.sensor_type = 2
[91m [1776439192.225167] Client: [0m---after writing in log upd_msg->reliable = 1
[91m [1776439193.9250] BSON Message: [0mInside sensor type parsing.
[91m [1776439193.9272] BSON Message: [0mInside sensor type parsing end.
[91m [1776439193.9280] BSON Message: [0mInside sid parsing
[91m [1776439193.9288] BSON Message: [0mInside temp1 parsing.
[91m [1776439193.9297] Client: [0m---before writing in log upd_msg->seq_no= 226
[91m [1776439193.9304] Client: [0m---before writing in log upd_msg->type= 4
[91m [1776439193.9311] Client: [0m---before writing in log upd_msg->frag_no= 0
[91m [1776439193.9318] Client: [0m---before writing in log upd_msg->reliable= 1
[91m [1776439193.9325] Client: [0m---before writing in log upd_msg->data.sensor_type= 1
[91m [1776439193.9334] Client: [0m---before writing in log upd_msg->data.sid= temp_1
[91m [1776439193.9345] Client: [0m---after writing in log upd_msg->seq_no = 226
[91m [1776439193.9352] Client: [0m---after writing in log upd_msg->data.sensor_type = 1
[91m [1776439193.9362] Client: [0m---after writing in log upd_msg->reliable = 1
[91m [1776439194.9584] BSON Message: [0mInside sensor type parsing.
[91m [1776439194.9605] BSON Message: [0mInside sensor type parsing end.
[91m [1776439194.9610] BSON Message: [0mInside sid parsing
[91m [1776439194.9615] BSON Message: [0mInside temp1 parsing.
[91m [1776439194.9621] Client: [0m---before writing in log upd_msg->seq_no= 227
[91m [1776439194.9626] Client: [0m---before writing in log upd_msg->type= 4
[91m [1776439194.9631] Client: [0m---before writing in log upd_msg->frag_no= 0
[91m [1776439194.9639] Client: [0m---before writing in log upd_msg->reliable= 1
[91m [1776439194.9644] Client: [0m---before writing in log upd_msg->data.sensor_type= 1
[91m [1776439194.9649] Client: [0m---before writing in log upd_msg->data.sid= temp_1
[91m [1776439194.9656] Client: [0m---after writing in log upd_msg->seq_no = 227
[91m [1776439194.9662] Client: [0m---after writing in log upd_msg->data.sensor_type = 1
[91m [1776439194.9667] Client: [0m---after writing in log upd_msg->reliable = 1
[91m [1776439195.9850] BSON Message: [0mInside sensor type parsing.
[91m [1776439195.9864] BSON Message: [0mInside sensor type parsing end.
[91m [1776439195.9868] BSON Message: [0mInside sid parsing
[91m [1776439195.9871] BSON Message: [0mInside temp1 parsing.
[91m [1776439195.9876] Client: [0m---before writing in log upd_msg->seq_no= 228
[91m [1776439195.9881] Client: [0m---before writing in log upd_msg->type= 4
[91m [1776439195.9885] Client: [0m---before writing in log upd_msg->frag_no= 0
[91m [1776439195.9888] Client: [0m---before writing in log upd_msg->reliable= 1
[91m [1776439195.9891] Client: [0m---before writing in log upd_msg->data.sensor_type= 1
[91m [1776439195.9897] Client: [0m---before writing in log upd_msg->data.sid= temp_1
[91m [1776439195.9905] Client: [0m---after writing in log upd_msg->seq_no = 228
[91m [1776439195.9911] Client: [0m---after writing in log upd_msg->data.sensor_type = 1
[91m [1776439195.9918] Client: [0m---after writing in log upd_msg->reliable = 1
[91m [1776439195.56402] BSON Message: [0mInside sensor type parsing.
[91m [1776439195.56416] BSON Message: [0mInside sensor type parsing end.
[91m [1776439195.56422] BSON Message: [0mInside sid parsing
[91m [1776439195.56428] Client: [0m---before writing in log upd_msg->seq_no= 95
[91m [1776439195.56433] Client: [0m---before writing in log upd_msg->type= 4
[91m [1776439195.56438] Client: [0m---before writing in log upd_msg->frag_no= 0
[91m [1776439195.56442] Client: [0m---before writing in log upd_msg->reliable= 1
[91m [1776439195.56447] Client: [0m---before writing in log upd_msg->data.sensor_type= 2
[91m [1776439195.56452] Client: [0m---before writing in log upd_msg->data.sid= device_0
[91m [1776439195.56458] Client: [0m---after writing in log upd_msg->seq_no = 95
[91m [1776439195.56463] Client: [0m---after writing in log upd_msg->data.sensor_type = 2
[91m [1776439195.56469] Client: [0m---after writing in log upd_msg->reliable = 1
[91m [1776439196.10149] BSON Message: [0mInside sensor type parsing.
[91m [1776439196.10164] BSON Message: [0mInside sensor type parsing end.
[91m [1776439196.10169] BSON Message: [0mInside sid parsing
[91m [1776439196.10173] BSON Message: [0mInside temp1 parsing.
[91m [1776439196.10181] Client: [0m---before writing in log upd_msg->seq_no= 229
[91m [1776439196.10185] Client: [0m---before writing in log upd_msg->type= 4
[91m [1776439196.10189] Client: [0m---before writing in log upd_msg->frag_no= 0
[91m [1776439196.10194] Client: [0m---before writing in log upd_msg->reliable= 1
[91m [1776439196.10198] Client: [0m---before writing in log upd_msg->data.sensor_type= 1
[91m [1776439196.10204] Client: [0m---before writing in log upd_msg->data.sid= temp_1
[91m [1776439196.10210] Client: [0m---after writing in log upd_msg->seq_no = 229
[91m [1776439196.10214] Client: [0m---after writing in log upd_msg->data.sensor_type = 1
[91m [1776439196.10219] Client: [0m---after writing in log upd_msg->reliable = 1
[91m [1776439197.10452] BSON Message: [0mInside sensor type parsing.
[91m [1776439197.10479] BSON Message: [0mInside sensor type parsing end.
[91m [1776439197.10484] BSON Message: [0mInside sid parsing
[91m [1776439197.10488] BSON Message: [0mInside temp1 parsing.
[91m [1776439197.10493] Client: [0m---before writing in log upd_msg->seq_no= 230
[91m [1776439197.10498] Client: [0m---before writing in log upd_msg->type= 4
[91m [1776439197.10510] Client: [0m---before writing in log upd_msg->frag_no= 0
[91m [1776439197.10516] Client: [0m---before writing in log upd_msg->reliable= 1
[91m [1776439197.10520] Client: [0m---before writing in log upd_msg->data.sensor_type= 1
[91m [1776439197.10525] Client: [0m---before writing in log upd_msg->data.sid= temp_1
[91m [1776439197.10531] Client: [0m---after writing in log upd_msg->seq_no = 230
[91m [1776439197.10535] Client: [0m---after writing in log upd_msg->data.sensor_type = 1
[91m [1776439197.10540] Client: [0m---after writing in log upd_msg->reliable = 1
[91m [1776439198.10716] BSON Message: [0mInside sensor type parsing.
[91m [1776439198.10734] BSON Message: [0mInside sensor type parsing end.
[91m [1776439198.10739] BSON Message: [0mInside sid parsing
[91m [1776439198.10744] BSON Message: [0mInside temp1 parsing.
[91m [1776439198.10750] Client: [0m---before writing in log upd_msg->seq_no= 231
[91m [1776439198.10754] Client: [0m---before writing in log upd_msg->type= 4
[91m [1776439198.10758] Client: [0m---before writing in log upd_msg->frag_no= 0
[91m [1776439198.10762] Client: [0m---before writing in log upd_msg->reliable= 1
[91m [1776439198.10766] Client: [0m---before writing in log upd_msg->data.sensor_type= 1
[91m [1776439198.10769] Client: [0m---before writing in log upd_msg->data.sid= temp_1
[91m [1776439198.10775] Client: [0m---after writing in log upd_msg->seq_no = 231
[91m [1776439198.10779] Client: [0m---after writing in log upd_msg->data.sensor_type = 1
[91m [1776439198.10783] Client: [0m---after writing in log upd_msg->reliable = 1
[91m [1776439198.746451] BSON Message: [0mInside sensor type parsing.
[91m [1776439198.746467] BSON Message: [0mInside sensor type parsing end.
[91m [1776439198.746472] BSON Message: [0mInside sid parsing
[91m [1776439198.746478] Client: [0m---before writing in log upd_msg->seq_no= 96
[91m [1776439198.746482] Client: [0m---before writing in log upd_msg->type= 4
[91m [1776439198.746487] Client: [0m---before writing in log upd_msg->frag_no= 0
[91m [1776439198.746491] Client: [0m---before writing in log upd_msg->reliable= 1
[91m [1776439198.746494] Client: [0m---before writing in log upd_msg->data.sensor_type= 2
[91m [1776439198.746498] Client: [0m---before writing in log upd_msg->data.sid= device_0
[91m [1776439198.746514] Client: [0m---after writing in log upd_msg->seq_no = 96
[91m [1776439198.746518] Client: [0m---after writing in log upd_msg->data.sensor_type = 2
[91m [1776439198.746522] Client: [0m---after writing in log upd_msg->reliable = 1
[91m [1776439198.812089] BSON Message: [0mInside sensor type parsing.
[91m [1776439198.812105] BSON Message: [0mInside sensor type parsing end.
[91m [1776439198.812111] BSON Message: [0mInside sid parsing
[91m [1776439198.812116] BSON Message: [0mInside gps1 parsing.
[91m [1776439198.812123] Client: [0m---before writing in log upd_msg->seq_no= 25
[91m [1776439198.812128] Client: [0m---before writing in log upd_msg->type= 4
[91m [1776439198.812133] Client: [0m---before writing in log upd_msg->frag_no= 0
[91m [1776439198.812137] Client: [0m---before writing in log upd_msg->reliable= 1
[91m [1776439198.812141] Client: [0m---before writing in log upd_msg->data.sensor_type= 3
[91m [1776439198.812145] Client: [0m---before writing in log upd_msg->data.sid= gps_2
[91m [1776439198.812153] Client: [0m---after writing in log upd_msg->seq_no = 25
[91m [1776439198.812157] Client: [0m---after writing in log upd_msg->data.sensor_type = 3
[91m [1776439198.812161] Client: [0m---after writing in log upd_msg->reliable = 1
[91m [1776439199.10992] BSON Message: [0mInside sensor type parsing.
[91m [1776439199.11013] BSON Message: [0mInside sensor type parsing end.
[91m [1776439199.11018] BSON Message: [0mInside sid parsing
[91m [1776439199.11024] BSON Message: [0mInside temp1 parsing.
[91m [1776439199.11031] Client: [0m---before writing in log upd_msg->seq_no= 232
[91m [1776439199.11035] Client: [0m---before writing in log upd_msg->type= 4
[91m [1776439199.11039] Client: [0m---before writing in log upd_msg->frag_no= 0
[91m [1776439199.11045] Client: [0m---before writing in log upd_msg->reliable= 1
[91m [1776439199.11049] Client: [0m---before writing in log upd_msg->data.sensor_type= 1
[91m [1776439199.11055] Client: [0m---before writing in log upd_msg->data.sid= temp_1
[91m [1776439199.11061] Client: [0m---after writing in log upd_msg->seq_no = 232
[91m [1776439199.11067] Client: [0m---after writing in log upd_msg->data.sensor_type = 1
[91m [1776439199.11072] Client: [0m---after writing in log upd_msg->reliable = 1
[91m [1776439200.11274] BSON Message: [0mInside sensor type parsing.
[91m [1776439200.11289] BSON Message: [0mInside sensor type parsing end.
[91m [1776439200.11295] BSON Message: [0mInside sid parsing
[91m [1776439200.11300] BSON Message: [0mInside temp1 parsing.
[91m [1776439200.11304] Client: [0m---before writing in log upd_msg->seq_no= 233
[91m [1776439200.11307] Client: [0m---before writing in log upd_msg->type= 4
[91m [1776439200.11310] Client: [0m---before writing in log upd_msg->frag_no= 0
[91m [1776439200.11313] Client: [0m---before writing in log upd_msg->reliable= 1
[91m [1776439200.11316] Client: [0m---before writing in log upd_msg->data.sensor_type= 1
[91m [1776439200.11322] Client: [0m---before writing in log upd_msg->data.sid= temp_1
[91m [1776439200.11329] Client: [0m---after writing in log upd_msg->seq_no = 233
[91m [1776439200.11334] Client: [0m---after writing in log upd_msg->data.sensor_type = 1
[91m [1776439200.11339] Client: [0m---after writing in log upd_msg->reliable = 1
[91m [1776439201.11531] BSON Message: [0mInside sensor type parsing.
[91m [1776439201.11549] BSON Message: [0mInside sensor type parsing end.
[91m [1776439201.11555] BSON Message: [0mInside sid parsing
[91m [1776439201.11561] BSON Message: [0mInside temp1 parsing.
[91m [1776439201.11567] Client: [0m---before writing in log upd_msg->seq_no= 234
[91m [1776439201.11572] Client: [0m---before writing in log upd_msg->type= 4
[91m [1776439201.11577] Client: [0m---before writing in log upd_msg->frag_no= 0
[91m [1776439201.11581] Client: [0m---before writing in log upd_msg->reliable= 1
[91m [1776439201.11586] Client: [0m---before writing in log upd_msg->data.sensor_type= 1
[91m [1776439201.11591] Client: [0m---before writing in log upd_msg->data.sid= temp_1
[91m [1776439201.11597] Client: [0m---after writing in log upd_msg->seq_no = 234
[91m [1776439201.11602] Client: [0m---after writing in log upd_msg->data.sensor_type = 1
[91m [1776439201.11608] Client: [0m---after writing in log upd_msg->reliable = 1
[91m [1776439202.11826] BSON Message: [0mInside sensor type parsing.
[91m [1776439202.11843] BSON Message: [0mInside sensor type parsing end.
[91m [1776439202.11849] BSON Message: [0mInside sid parsing
[91m [1776439202.11854] BSON Message: [0mInside temp1 parsing.
[91m [1776439202.11861] Client: [0m---before writing in log upd_msg->seq_no= 235
[91m [1776439202.11867] Client: [0m---before writing in log upd_msg->type= 4
[91m [1776439202.11872] Client: [0m---before writing in log upd_msg->frag_no= 0
[91m [1776439202.11876] Client: [0m---before writing in log upd_msg->reliable= 1
[91m [1776439202.11881] Client: [0m---before writing in log upd_msg->data.sensor_type= 1
[91m [1776439202.11886] Client: [0m---before writing in log upd_msg->data.sid= temp_1
[91m [1776439202.11894] Client: [0m---after writing in log upd_msg->seq_no = 235
[91m [1776439202.11901] Client: [0m---after writing in log upd_msg->data.sensor_type = 1
[91m [1776439202.11908] Client: [0m---after writing in log upd_msg->reliable = 1
[91m [1776439202.416897] BSON Message: [0mInside sensor type parsing.
[91m [1776439202.416920] BSON Message: [0mInside sensor type parsing end.
[91m [1776439202.416926] BSON Message: [0mInside sid parsing
[91m [1776439202.416933] Client: [0m---before writing in log upd_msg->seq_no= 97
[91m [1776439202.416938] Client: [0m---before writing in log upd_msg->type= 4
[91m [1776439202.416943] Client: [0m---before writing in log upd_msg->frag_no= 0
[91m [1776439202.416948] Client: [0m---before writing in log upd_msg->reliable= 1
[91m [1776439202.416953] Client: [0m---before writing in log upd_msg->data.sensor_type= 2
[91m [1776439202.416959] Client: [0m---before writing in log upd_msg->data.sid= device_0
[91m [1776439202.416964] Client: [0m---after writing in log upd_msg->seq_no = 97
[91m [1776439202.416971] Client: [0m---after writing in log upd_msg->data.sensor_type = 2
[91m [1776439202.416975] Client: [0m---after writing in log upd_msg->reliable = 1
[91m [1776439203.12114] BSON Message: [0mInside sensor type parsing.
[91m [1776439203.12131] BSON Message: [0mInside sensor type parsing end.
[91m [1776439203.12137] BSON Message: [0mInside sid parsing
[91m [1776439203.12141] BSON Message: [0mInside temp1 parsing.
[91m [1776439203.12145] Client: [0m---before writing in log upd_msg->seq_no= 236
[91m [1776439203.12149] Client: [0m---before writing in log upd_msg->type= 4
[91m [1776439203.12152] Client: [0m---before writing in log upd_msg->frag_no= 0
[91m [1776439203.12155] Client: [0m---before writing in log upd_msg->reliable= 1
[91m [1776439203.12158] Client: [0m---before writing in log upd_msg->data.sensor_type= 1
[91m [1776439203.12161] Client: [0m---before writing in log upd_msg->data.sid= temp_1
[91m [1776439203.12167] Client: [0m---after writing in log upd_msg->seq_no = 236
[91m [1776439203.12172] Client: [0m---after writing in log upd_msg->data.sensor_type = 1
[91m [1776439203.12177] Client: [0m---after writing in log upd_msg->reliable = 1
[91m [1776439204.12417] BSON Message: [0mInside sensor type parsing.
[91m [1776439204.12433] BSON Message: [0mInside sensor type parsing end.
[91m [1776439204.12438] BSON Message: [0mInside sid parsing
[91m [1776439204.12443] BSON Message: [0mInside temp1 parsing.
[91m [1776439204.12447] Client: [0m---before writing in log upd_msg->seq_no= 237
[91m [1776439204.12451] Client: [0m---before writing in log upd_msg->type= 4
[91m [1776439204.12456] Client: [0m---before writing in log upd_msg->frag_no= 0
[91m [1776439204.12461] Client: [0m---before writing in log upd_msg->reliable= 1
[91m [1776439204.12466] Client: [0m---before writing in log upd_msg->data.sensor_type= 1
[91m [1776439204.12474] Client: [0m---before writing in log upd_msg->data.sid= temp_1
[91m [1776439204.12481] Client: [0m---after writing in log upd_msg->seq_no = 237
[91m [1776439204.12486] Client: [0m---after writing in log upd_msg->data.sensor_type = 1
[91m [1776439204.12491] Client: [0m---after writing in log upd_msg->reliable = 1
[91m [1776439205.12694] BSON Message: [0mInside sensor type parsing.
[91m [1776439205.12717] BSON Message: [0mInside sensor type parsing end.
[91m [1776439205.12728] BSON Message: [0mInside sid parsing
[91m [1776439205.12736] BSON Message: [0mInside temp1 parsing.
[91m [1776439205.12744] Client: [0m---before writing in log upd_msg->seq_no= 238
[91m [1776439205.12751] Client: [0m---before writing in log upd_msg->type= 4
[91m [1776439205.12756] Client: [0m---before writing in log upd_msg->frag_no= 0
[91m [1776439205.12761] Client: [0m---before writing in log upd_msg->reliable= 1
[91m [1776439205.12766] Client: [0m---before writing in log upd_msg->data.sensor_type= 1
[91m [1776439205.12771] Client: [0m---before writing in log upd_msg->data.sid= temp_1
[91m [1776439205.12778] Client: [0m---after writing in log upd_msg->seq_no = 238
[91m [1776439205.12783] Client: [0m---after writing in log upd_msg->data.sensor_type = 1
[91m [1776439205.12788] Client: [0m---after writing in log upd_msg->reliable = 1
[91m [1776439206.17320] BSON Message: [0mInside sensor type parsing.
[91m [1776439206.17336] BSON Message: [0mInside sensor type parsing end.
[91m [1776439206.17341] BSON Message: [0mInside sid parsing
[91m [1776439206.17345] BSON Message: [0mInside temp1 parsing.
[91m [1776439206.17351] Client: [0m---before writing in log upd_msg->seq_no= 239
[91m [1776439206.17355] Client: [0m---before writing in log upd_msg->type= 4
[91m [1776439206.17360] Client: [0m---before writing in log upd_msg->frag_no= 0
[91m [1776439206.17364] Client: [0m---before writing in log upd_msg->reliable= 1
[91m [1776439206.17368] Client: [0m---before writing in log upd_msg->data.sensor_type= 1
[91m [1776439206.17373] Client: [0m---before writing in log upd_msg->data.sid= temp_1
[91m [1776439206.17379] Client: [0m---after writing in log upd_msg->seq_no = 239
[91m [1776439206.17383] Client: [0m---after writing in log upd_msg->data.sensor_type = 1
[91m [1776439206.17387] Client: [0m---after writing in log upd_msg->reliable = 1
[91m [1776439207.13157] BSON Message: [0mInside sensor type parsing.
[91m [1776439207.13174] BSON Message: [0mInside sensor type parsing end.
[91m [1776439207.13179] BSON Message: [0mInside sid parsing
[91m [1776439207.13183] BSON Message: [0mInside temp1 parsing.
[91m [1776439207.13188] Client: [0m---before writing in log upd_msg->seq_no= 240
[91m [1776439207.13192] Client: [0m---before writing in log upd_msg->type= 4
[91m [1776439207.13196] Client: [0m---before writing in log upd_msg->frag_no= 0
[91m [1776439207.13200] Client: [0m---before writing in log upd_msg->reliable= 1
[91m [1776439207.13204] Client: [0m---before writing in log upd_msg->data.sensor_type= 1
[91m [1776439207.13208] Client: [0m---before writing in log upd_msg->data.sid= temp_1
[91m [1776439207.13213] Client: [0m---after writing in log upd_msg->seq_no = 240
[91m [1776439207.13218] Client: [0m---after writing in log upd_msg->data.sensor_type = 1
[91m [1776439207.13222] Client: [0m---after writing in log upd_msg->reliable = 1
[91m [1776439207.258681] BSON Message: [0mInside sensor type parsing.
[91m [1776439207.258698] BSON Message: [0mInside sensor type parsing end.
[91m [1776439207.258703] BSON Message: [0mInside sid parsing
[91m [1776439207.258709] Client: [0m---before writing in log upd_msg->seq_no= 98
[91m [1776439207.258713] Client: [0m---before writing in log upd_msg->type= 4
[91m [1776439207.258716] Client: [0m---before writing in log upd_msg->frag_no= 0
[91m [1776439207.258720] Client: [0m---before writing in log upd_msg->reliable= 1
[91m [1776439207.258725] Client: [0m---before writing in log upd_msg->data.sensor_type= 2
[91m [1776439207.258729] Client: [0m---before writing in log upd_msg->data.sid= device_0
[91m [1776439207.258734] Client: [0m---after writing in log upd_msg->seq_no = 98
[91m [1776439207.258738] Client: [0m---after writing in log upd_msg->data.sensor_type = 2
[91m [1776439207.258743] Client: [0m---after writing in log upd_msg->reliable = 1
[91m [1776439207.590912] BSON Message: [0mInside sensor type parsing.
[91m [1776439207.590928] BSON Message: [0mInside sensor type parsing end.
[91m [1776439207.590933] BSON Message: [0mInside sid parsing
[91m [1776439207.590938] Client: [0m---before writing in log upd_msg->seq_no= 99
[91m [1776439207.590943] Client: [0m---before writing in log upd_msg->type= 4
[91m [1776439207.590946] Client: [0m---before writing in log upd_msg->frag_no= 0
[91m [1776439207.590949] Client: [0m---before writing in log upd_msg->reliable= 1
[91m [1776439207.590953] Client: [0m---before writing in log upd_msg->data.sensor_type= 2
[91m [1776439207.590958] Client: [0m---before writing in log upd_msg->data.sid= device_0
[91m [1776439207.590963] Client: [0m---after writing in log upd_msg->seq_no = 99
[91m [1776439207.590968] Client: [0m---after writing in log upd_msg->data.sensor_type = 2
[91m [1776439207.590973] Client: [0m---after writing in log upd_msg->reliable = 1
[91m [1776439208.13445] BSON Message: [0mInside sensor type parsing.
[91m [1776439208.13462] BSON Message: [0mInside sensor type parsing end.
[91m [1776439208.13473] BSON Message: [0mInside sid parsing
[91m [1776439208.13478] BSON Message: [0mInside temp1 parsing.
[91m [1776439208.13483] Client: [0m---before writing in log upd_msg->seq_no= 241
[91m [1776439208.13487] Client: [0m---before writing in log upd_msg->type= 4
[91m [1776439208.13491] Client: [0m---before writing in log upd_msg->frag_no= 0
[91m [1776439208.13495] Client: [0m---before writing in log upd_msg->reliable= 1
[91m [1776439208.13499] Client: [0m---before writing in log upd_msg->data.sensor_type= 1
[91m [1776439208.13514] Client: [0m---before writing in log upd_msg->data.sid= temp_1
[91m [1776439208.13520] Client: [0m---after writing in log upd_msg->seq_no = 241
[91m [1776439208.13524] Client: [0m---after writing in log upd_msg->data.sensor_type = 1
[91m [1776439208.13528] Client: [0m---after writing in log upd_msg->reliable = 1
[91m [1776439209.13776] BSON Message: [0mInside sensor type parsing.
[91m [1776439209.13793] BSON Message: [0mInside sensor type parsing end.
[91m [1776439209.13798] BSON Message: [0mInside sid parsing
[91m [1776439209.13803] BSON Message: [0mInside temp1 parsing.
[91m [1776439209.13809] Client: [0m---before writing in log upd_msg->seq_no= 242
[91m [1776439209.13814] Client: [0m---before writing in log upd_msg->type= 4
[91m [1776439209.13819] Client: [0m---before writing in log upd_msg->frag_no= 0
[91m [1776439209.13823] Client: [0m---before writing in log upd_msg->reliable= 1
[91m [1776439209.13827] Client: [0m---before writing in log upd_msg->data.sensor_type= 1
[91m [1776439209.13832] Client: [0m---before writing in log upd_msg->data.sid= temp_1
[91m [1776439209.13837] Client: [0m---after writing in log upd_msg->seq_no = 242
[91m [1776439209.13842] Client: [0m---after writing in log upd_msg->data.sensor_type = 1
[91m [1776439209.13846] Client: [0m---after writing in log upd_msg->reliable = 1
[91m [1776439210.14054] BSON Message: [0mInside sensor type parsing.
[91m [1776439210.14071] BSON Message: [0mInside sensor type parsing end.
[91m [1776439210.14076] BSON Message: [0mInside sid parsing
[91m [1776439210.14080] BSON Message: [0mInside temp1 parsing.
[91m [1776439210.14085] Client: [0m---before writing in log upd_msg->seq_no= 243
[91m [1776439210.14089] Client: [0m---before writing in log upd_msg->type= 4
[91m [1776439210.14093] Client: [0m---before writing in log upd_msg->frag_no= 0
[91m [1776439210.14097] Client: [0m---before writing in log upd_msg->reliable= 1
[91m [1776439210.14102] Client: [0m---before writing in log upd_msg->data.sensor_type= 1
[91m [1776439210.14106] Client: [0m---before writing in log upd_msg->data.sid= temp_1
[91m [1776439210.14112] Client: [0m---after writing in log upd_msg->seq_no = 243
[91m [1776439210.14118] Client: [0m---after writing in log upd_msg->data.sensor_type = 1
[91m [1776439210.14123] Client: [0m---after writing in log upd_msg->reliable = 1
[91m [1776439211.14373] BSON Message: [0mInside sensor type parsing.
[91m [1776439211.14393] BSON Message: [0mInside sensor type parsing end.
[91m [1776439211.14401] BSON Message: [0mInside sid parsing
[91m [1776439211.14408] BSON Message: [0mInside temp1 parsing.
[91m [1776439211.14419] Client: [0m---before writing in log upd_msg->seq_no= 244
[91m [1776439211.14425] Client: [0m---before writing in log upd_msg->type= 4
[91m [1776439211.14431] Client: [0m---before writing in log upd_msg->frag_no= 0
[91m [1776439211.14438] Client: [0m---before writing in log upd_msg->reliable= 1
[91m [1776439211.14444] Client: [0m---before writing in log upd_msg->data.sensor_type= 1
[91m [1776439211.14450] Client: [0m---before writing in log upd_msg->data.sid= temp_1
[91m [1776439211.14458] Client: [0m---after writing in log upd_msg->seq_no = 244
[91m [1776439211.14464] Client: [0m---after writing in log upd_msg->data.sensor_type = 1
[91m [1776439211.14472] Client: [0m---after writing in log upd_msg->reliable = 1
[91m [1776439211.158384] BSON Message: [0mInside sensor type parsing.
[91m [1776439211.158406] BSON Message: [0mInside sensor type parsing end.
[91m [1776439211.158413] BSON Message: [0mInside sid parsing
[91m [1776439211.158421] Client: [0m---before writing in log upd_msg->seq_no= 100
[91m [1776439211.158427] Client: [0m---before writing in log upd_msg->type= 4
[91m [1776439211.158435] Client: [0m---before writing in log upd_msg->frag_no= 0
[91m [1776439211.158441] Client: [0m---before writing in log upd_msg->reliable= 1
[91m [1776439211.158449] Client: [0m---before writing in log upd_msg->data.sensor_type= 2
[91m [1776439211.158456] Client: [0m---before writing in log upd_msg->data.sid= device_0
[91m [1776439211.158464] Client: [0m---after writing in log upd_msg->seq_no = 100
[91m [1776439211.158471] Client: [0m---after writing in log upd_msg->data.sensor_type = 2
[91m [1776439211.158477] Client: [0m---after writing in log upd_msg->reliable = 1
[91m [1776439211.453707] BSON Message: [0mInside sensor type parsing.
[91m [1776439211.453721] BSON Message: [0mInside sensor type parsing end.
[91m [1776439211.453726] BSON Message: [0mInside sid parsing
[91m [1776439211.453733] Client: [0m---before writing in log upd_msg->seq_no= 101
[91m [1776439211.453738] Client: [0m---before writing in log upd_msg->type= 4
[91m [1776439211.453743] Client: [0m---before writing in log upd_msg->frag_no= 0
[91m [1776439211.453748] Client: [0m---before writing in log upd_msg->reliable= 1
[91m [1776439211.453753] Client: [0m---before writing in log upd_msg->data.sensor_type= 2
[91m [1776439211.453758] Client: [0m---before writing in log upd_msg->data.sid= device_0
[91m [1776439211.453764] Client: [0m---after writing in log upd_msg->seq_no = 101
[91m [1776439211.453769] Client: [0m---after writing in log upd_msg->data.sensor_type = 2
[91m [1776439211.453774] Client: [0m---after writing in log upd_msg->reliable = 1
[91m [1776439211.703192] BSON Message: [0mInside sensor type parsing.
[91m [1776439211.703209] BSON Message: [0mInside sensor type parsing end.
[91m [1776439211.703214] BSON Message: [0mInside sid parsing
[91m [1776439211.703219] BSON Message: [0mInside gps1 parsing.
[91m [1776439211.703225] Client: [0m---before writing in log upd_msg->seq_no= 26
[91m [1776439211.703230] Client: [0m---before writing in log upd_msg->type= 4
[91m [1776439211.703235] Client: [0m---before writing in log upd_msg->frag_no= 0
[91m [1776439211.703240] Client: [0m---before writing in log upd_msg->reliable= 1
[91m [1776439211.703244] Client: [0m---before writing in log upd_msg->data.sensor_type= 3
[91m [1776439211.703249] Client: [0m---before writing in log upd_msg->data.sid= gps_2
[91m [1776439211.703258] Client: [0m---after writing in log upd_msg->seq_no = 26
[91m [1776439211.703263] Client: [0m---after writing in log upd_msg->data.sensor_type = 3
[91m [1776439211.703269] Client: [0m---after writing in log upd_msg->reliable = 1
[91m [1776439212.14763] BSON Message: [0mInside sensor type parsing.
[91m [1776439212.14785] BSON Message: [0mInside sensor type parsing end.
[91m [1776439212.14792] BSON Message: [0mInside sid parsing
[91m [1776439212.14799] BSON Message: [0mInside temp1 parsing.
[91m [1776439212.14807] Client: [0m---before writing in log upd_msg->seq_no= 245
[91m [1776439212.14814] Client: [0m---before writing in log upd_msg->type= 4
[91m [1776439212.14820] Client: [0m---before writing in log upd_msg->frag_no= 0
[91m [1776439212.14826] Client: [0m---before writing in log upd_msg->reliable= 1
[91m [1776439212.14832] Client: [0m---before writing in log upd_msg->data.sensor_type= 1
[91m [1776439212.14838] Client: [0m---before writing in log upd_msg->data.sid= temp_1
[91m [1776439212.14845] Client: [0m---after writing in log upd_msg->seq_no = 245
[91m [1776439212.14851] Client: [0m---after writing in log upd_msg->data.sensor_type = 1
[91m [1776439212.14859] Client: [0m---after writing in log upd_msg->reliable = 1
[91m [1776439213.14983] BSON Message: [0mInside sensor type parsing.
[91m [1776439213.14995] BSON Message: [0mInside sensor type parsing end.
[91m [1776439213.15005] BSON Message: [0mInside sid parsing
[91m [1776439213.15009] BSON Message: [0mInside temp1 parsing.
[91m [1776439213.15015] Client: [0m---before writing in log upd_msg->seq_no= 246
[91m [1776439213.15018] Client: [0m---before writing in log upd_msg->type= 4
[91m [1776439213.15022] Client: [0m---before writing in log upd_msg->frag_no= 0
[91m [1776439213.15026] Client: [0m---before writing in log upd_msg->reliable= 1
[91m [1776439213.15030] Client: [0m---before writing in log upd_msg->data.sensor_type= 1
[91m [1776439213.15034] Client: [0m---before writing in log upd_msg->data.sid= temp_1
[91m [1776439213.15039] Client: [0m---after writing in log upd_msg->seq_no = 246
[91m [1776439213.15043] Client: [0m---after writing in log upd_msg->data.sensor_type = 1
[91m [1776439213.15048] Client: [0m---after writing in log upd_msg->reliable = 1
[91m [1776439214.15253] BSON Message: [0mInside sensor type parsing.
[91m [1776439214.15270] BSON Message: [0mInside sensor type parsing end.
[91m [1776439214.15276] BSON Message: [0mInside sid parsing
[91m [1776439214.15283] BSON Message: [0mInside temp1 parsing.
[91m [1776439214.15291] Client: [0m---before writing in log upd_msg->seq_no= 247
[91m [1776439214.15297] Client: [0m---before writing in log upd_msg->type= 4
[91m [1776439214.15304] Client: [0m---before writing in log upd_msg->frag_no= 0
[91m [1776439214.15310] Client: [0m---before writing in log upd_msg->reliable= 1
[91m [1776439214.15318] Client: [0m---before writing in log upd_msg->data.sensor_type= 1
[91m [1776439214.15327] Client: [0m---before writing in log upd_msg->data.sid= temp_1
[91m [1776439214.15335] Client: [0m---after writing in log upd_msg->seq_no = 247
[91m [1776439214.15342] Client: [0m---after writing in log upd_msg->data.sensor_type = 1
[91m [1776439214.15349] Client: [0m---after writing in log upd_msg->reliable = 1
[91m [1776439214.114622] BSON Message: [0mInside sensor type parsing.
[91m [1776439214.114645] BSON Message: [0mInside sensor type parsing end.
[91m [1776439214.114654] BSON Message: [0mInside sid parsing
[91m [1776439214.114666] Client: [0m---before writing in log upd_msg->seq_no= 102
[91m [1776439214.114675] Client: [0m---before writing in log upd_msg->type= 4
[91m [1776439214.114686] Client: [0m---before writing in log upd_msg->frag_no= 0
[91m [1776439214.114697] Client: [0m---before writing in log upd_msg->reliable= 1
[91m [1776439214.114709] Client: [0m---before writing in log upd_msg->data.sensor_type= 2
[91m [1776439214.114718] Client: [0m---before writing in log upd_msg->data.sid= device_0
[91m [1776439214.114730] Client: [0m---after writing in log upd_msg->seq_no = 102
[91m [1776439214.114741] Client: [0m---after writing in log upd_msg->data.sensor_type = 2
[91m [1776439214.114752] Client: [0m---after writing in log upd_msg->reliable = 1
[91m [1776439215.15523] BSON Message: [0mInside sensor type parsing.
[91m [1776439215.15540] BSON Message: [0mInside sensor type parsing end.
[91m [1776439215.15547] BSON Message: [0mInside sid parsing
[91m [1776439215.15554] BSON Message: [0mInside temp1 parsing.
[91m [1776439215.15561] Client: [0m---before writing in log upd_msg->seq_no= 248
[91m [1776439215.15568] Client: [0m---before writing in log upd_msg->type= 4
[91m [1776439215.15574] Client: [0m---before writing in log upd_msg->frag_no= 0
[91m [1776439215.15580] Client: [0m---before writing in log upd_msg->reliable= 1
[91m [1776439215.15586] Client: [0m---before writing in log upd_msg->data.sensor_type= 1
[91m [1776439215.15594] Client: [0m---before writing in log upd_msg->data.sid= temp_1
[91m [1776439215.15602] Client: [0m---after writing in log upd_msg->seq_no = 248
[91m [1776439215.15613] Client: [0m---after writing in log upd_msg->data.sensor_type = 1
[91m [1776439215.15621] Client: [0m---after writing in log upd_msg->reliable = 1
[91m [1776439216.15786] BSON Message: [0mInside sensor type parsing.
[91m [1776439216.15805] BSON Message: [0mInside sensor type parsing end.
[91m [1776439216.15818] BSON Message: [0mInside sid parsing
[91m [1776439216.15822] BSON Message: [0mInside temp1 parsing.
[91m [1776439216.15827] Client: [0m---before writing in log upd_msg->seq_no= 249
[91m [1776439216.15832] Client: [0m---before writing in log upd_msg->type= 4
[91m [1776439216.15836] Client: [0m---before writing in log upd_msg->frag_no= 0
[91m [1776439216.15840] Client: [0m---before writing in log upd_msg->reliable= 1
[91m [1776439216.15844] Client: [0m---before writing in log upd_msg->data.sensor_type= 1
[91m [1776439216.15848] Client: [0m---before writing in log upd_msg->data.sid= temp_1
[91m [1776439216.15853] Client: [0m---after writing in log upd_msg->seq_no = 249
[91m [1776439216.15857] Client: [0m---after writing in log upd_msg->data.sensor_type = 1
[91m [1776439216.15861] Client: [0m---after writing in log upd_msg->reliable = 1
[91m [1776439216.284579] BSON Message: [0mInside sensor type parsing.
[91m [1776439216.284597] BSON Message: [0mInside sensor type parsing end.
[91m [1776439216.284603] BSON Message: [0mInside sid parsing
[91m [1776439216.284610] Client: [0m---before writing in log upd_msg->seq_no= 103
[91m [1776439216.284615] Client: [0m---before writing in log upd_msg->type= 4
[91m [1776439216.284620] Client: [0m---before writing in log upd_msg->frag_no= 0
[91m [1776439216.284625] Client: [0m---before writing in log upd_msg->reliable= 1
[91m [1776439216.284632] Client: [0m---before writing in log upd_msg->data.sensor_type= 2
[91m [1776439216.284637] Client: [0m---before writing in log upd_msg->data.sid= device_0
[91m [1776439216.284643] Client: [0m---after writing in log upd_msg->seq_no = 103
[91m [1776439216.284649] Client: [0m---after writing in log upd_msg->data.sensor_type = 2
[91m [1776439216.284654] Client: [0m---after writing in log upd_msg->reliable = 1
[91m [1776439217.1390] BSON Message: [0mInside sensor type parsing.
[91m [1776439217.1401] BSON Message: [0mInside sensor type parsing end.
[91m [1776439217.1406] BSON Message: [0mInside sid parsing
[91m [1776439217.1410] BSON Message: [0mInside gps1 parsing.
[91m [1776439217.1415] Client: [0m---before writing in log upd_msg->seq_no= 27
[91m [1776439217.1419] Client: [0m---before writing in log upd_msg->type= 4
[91m [1776439217.1423] Client: [0m---before writing in log upd_msg->frag_no= 0
[91m [1776439217.1428] Client: [0m---before writing in log upd_msg->reliable= 1
[91m [1776439217.1432] Client: [0m---before writing in log upd_msg->data.sensor_type= 3
[91m [1776439217.1436] Client: [0m---before writing in log upd_msg->data.sid= gps_2
[91m [1776439217.1443] Client: [0m---after writing in log upd_msg->seq_no = 27
[91m [1776439217.1448] Client: [0m---after writing in log upd_msg->data.sensor_type = 3
[91m [1776439217.1454] Client: [0m---after writing in log upd_msg->reliable = 1
[91m [1776439217.15947] BSON Message: [0mInside sensor type parsing.
[91m [1776439217.15958] BSON Message: [0mInside sensor type parsing end.
[91m [1776439217.15962] BSON Message: [0mInside sid parsing
[91m [1776439217.15967] BSON Message: [0mInside temp1 parsing.
is 4
---------Update message arrived------------ 1
Got a message from the server.
Message type is 4
---------Update message arrived------------ 1
Got a message from the server.
Message type is 4
---------Update message arrived------------ 1
Got a message from the server.
Message type is 4
---------Update message arrived------------ 1
Got a message from the server.
Message type is 4
---------Update message arrived------------ 1
Got a message from the server.
Message type is 4
---------Update message arrived------------ 1
Got a message from the server.
Message type is 4
---------Update message arrived------------ 1
Got a message from the server.
Message type is 4
---------Update message arrived------------ 1
Got a message from the server.
Message type is 4
---------Update message arrived------------ 1
Got a message from the server.
Message type is 4
---------Update message arrived------------ 1
Got a message from the server.
Message type is 4
---------Update message arrived------------ 1
Got a message from the server.
Message type is 4
---------Update message arrived------------ 1
Got a message from the server.
Message type is 4
---------Update message arrived------------ 1
Got a message from the server.
Message type is 4
---------Update message arrived------------ 1
Got a message from the server.
Message type is 4
---------Update message arrived------------ 1
Got a message from the server.
Message type is 4
---------Update message arrived------------ 1
Got a message from the server.
Message type is 4
---------Update message arrived------------ 1
Got a message from the server.
Message type is 4
---------Update message arrived------------ 1
Got a message from the server.
Message type is 4
---------Update message arrived------------ 1
Got a message from the server.
Message type is 4
---------Update message arrived------------ 1
Got a message from the server.
Message type is 4
---------Update message arrived------------ 1
Got a message from the server.
Message type is 4
---------Update message arrived------------ 1
Got a message from the server.
Message type is 4
---------Update message arrived------------ 1
Got a message from the server.
Message type is 4
---------Update message arrived------------ 1
Got a message from the server.
Message type is 4
---------Update message arrived------------ 1
Got a message from the server.
Message type is 4
---------Update message arrived------------ 1
Got a message from the server.
Message type is 4
---------Update message arrived------------ 1
Got a message from the server.
Message type is 4
---------Update message arrived------------ 1
Got a message from the server.
Message type is 4
---------Update message arrived------------ 1
Got a message from the server.
Message type is 4
---------Update message arrived------------ 1
Got a message from the server.
Message type is 4
---------Update message arrived------------ 1
Got a message from the server.
Message type is 4
---------Update message arrived------------ 1
Got a message from the server.
Message type is 4
---------Update message arrived------------ 1
Got a message from the server.
Message type is 4
---------Update message arrived------------ 1
Got a message from the server.
Message type is 4
---------Update message arrived------------ 1
Got a message from the server.
Message type is 4
---------Update message arrived------------ 1
Got a message from the server.
Message type is 4
---------Update message arrived------------ 1
Got a message from the server.
Message type is 4
---------Update message arrived------------ 1
Got a message from the server.
Message type is 4
---------Update message arrived------------ 1
Got a message from the server.
Message type is 4
---------Update message arrived------------ 1
Got a message from the server.
Message type is 4
---------Update message arrived------------ 1
Got a message from the server.
Message type is 4
---------Update message arrived------------ 1
Got a message from the server.
Message type is 4
---------Update message arrived------------ 1
Got a message from the server.
Message type is 4
------[91m [1776439217.15979] Client: [0m---before writing in log upd_msg->seq_no= 250
[91m [1776439217.15983] Client: [0m---before writing in log upd_msg->type= 4
[91m [1776439217.15988] Client: [0m---before writing in log upd_msg->frag_no= 0
[91m [1776439217.15991] Client: [0m---before writing in log upd_msg->reliable= 1
[91m [1776439217.15996] Client: [0m---before writing in log upd_msg->data.sensor_type= 1
[91m [1776439217.15999] Client: [0m---before writing in log upd_msg->data.sid= temp_1
[91m [1776439217.16004] Client: [0m---after writing in log upd_msg->seq_no = 250
[91m [1776439217.16008] Client: [0m---after writing in log upd_msg->data.sensor_type = 1
[91m [1776439217.16012] Client: [0m---after writing in log upd_msg->reliable = 1
[91m [1776439218.16281] BSON Message: [0mInside sensor type parsing.
[91m [1776439218.16300] BSON Message: [0mInside sensor type parsing end.
[91m [1776439218.16315] BSON Message: [0mInside sid parsing
[91m [1776439218.16321] BSON Message: [0mInside temp1 parsing.
[91m [1776439218.16327] Client: [0m---before writing in log upd_msg->seq_no= 251
[91m [1776439218.16333] Client: [0m---before writing in log upd_msg->type= 4
[91m [1776439218.16338] Client: [0m---before writing in log upd_msg->frag_no= 0
[91m [1776439218.16343] Client: [0m---before writing in log upd_msg->reliable= 1
[91m [1776439218.16347] Client: [0m---before writing in log upd_msg->data.sensor_type= 1
[91m [1776439218.16352] Client: [0m---before writing in log upd_msg->data.sid= temp_1
[91m [1776439218.16359] Client: [0m---after writing in log upd_msg->seq_no = 251
[91m [1776439218.16365] Client: [0m---after writing in log upd_msg->data.sensor_type = 1
[91m [1776439218.16369] Client: [0m---after writing in log upd_msg->reliable = 1
[91m [1776439218.975228] BSON Message: [0mInside sensor type parsing.
[91m [1776439218.975247] BSON Message: [0mInside sensor type parsing end.
[91m [1776439218.975253] BSON Message: [0mInside sid parsing
[91m [1776439218.975259] Client: [0m---before writing in log upd_msg->seq_no= 104
[91m [1776439218.975264] Client: [0m---before writing in log upd_msg->type= 4
[91m [1776439218.975269] Client: [0m---before writing in log upd_msg->frag_no= 0
[91m [1776439218.975273] Client: [0m---before writing in log upd_msg->reliable= 1
[91m [1776439218.975278] Client: [0m---before writing in log upd_msg->data.sensor_type= 2
[91m [1776439218.975282] Client: [0m---before writing in log upd_msg->data.sid= device_0
[91m [1776439218.975288] Client: [0m---after writing in log upd_msg->seq_no = 104
[91m [1776439218.975293] Client: [0m---after writing in log upd_msg->data.sensor_type = 2
[91m [1776439218.975298] Client: [0m---after writing in log upd_msg->reliable = 1
[91m [1776439219.16585] BSON Message: [0mInside sensor type parsing.
[91m [1776439219.16605] BSON Message: [0mInside sensor type parsing end.
[91m [1776439219.16611] BSON Message: [0mInside sid parsing
[91m [1776439219.16616] BSON Message: [0mInside temp1 parsing.
[91m [1776439219.16624] Client: [0m---before writing in log upd_msg->seq_no= 252
[91m [1776439219.16629] Client: [0m---before writing in log upd_msg->type= 4
[91m [1776439219.16634] Client: [0m---before writing in log upd_msg->frag_no= 0
[91m [1776439219.16640] Client: [0m---before writing in log upd_msg->reliable= 1
[91m [1776439219.16646] Client: [0m---before writing in log upd_msg->data.sensor_type= 1
[91m [1776439219.16651] Client: [0m---before writing in log upd_msg->data.sid= temp_1
[91m [1776439219.16659] Client: [0m---after writing in log upd_msg->seq_no = 252
[91m [1776439219.16666] Client: [0m---after writing in log upd_msg->data.sensor_type = 1
[91m [1776439219.16673] Client: [0m---after writing in log upd_msg->reliable = 1
[91m [1776439220.16869] BSON Message: [0mInside sensor type parsing.
[91m [1776439220.16889] BSON Message: [0mInside sensor type parsing end.
[91m [1776439220.16896] BSON Message: [0mInside sid parsing
[91m [1776439220.16903] BSON Message: [0mInside temp1 parsing.
[91m [1776439220.16911] Client: [0m---before writing in log upd_msg->seq_no= 253
[91m [1776439220.16917] Client: [0m---before writing in log upd_msg->type= 4
[91m [1776439220.16923] Client: [0m---before writing in log upd_msg->frag_no= 0
[91m [1776439220.16929] Client: [0m---before writing in log upd_msg->reliable= 1
[91m [1776439220.16939] Client: [0m---before writing in log upd_msg->data.sensor_type= 1
[91m [1776439220.16945] Client: [0m---before writing in log upd_msg->data.sid= temp_1
[91m [1776439220.16954] Client: [0m---after writing in log upd_msg->seq_no = 253
[91m [1776439220.16963] Client: [0m---after writing in log upd_msg->data.sensor_type = 1
[91m [1776439220.16971] Client: [0m---after writing in log upd_msg->reliable = 1
[91m [1776439221.17142] BSON Message: [0mInside sensor type parsing.
[91m [1776439221.17163] BSON Message: [0mInside sensor type parsing end.
[91m [1776439221.17177] BSON Message: [0mInside sid parsing
[91m [1776439221.17183] BSON Message: [0mInside temp1 parsing.
[91m [1776439221.17193] Client: [0m---before writing in log upd_msg->seq_no= 254
[91m [1776439221.17201] Client: [0m---before writing in log upd_msg->type= 4
[91m [1776439221.17207] Client: [0m---before writing in log upd_msg->frag_no= 0
[91m [1776439221.17214] Client: [0m---before writing in log upd_msg->reliable= 1
[91m [1776439221.17219] Client: [0m---before writing in log upd_msg->data.sensor_type= 1
[91m [1776439221.17225] Client: [0m---before writing in log upd_msg->data.sid= temp_1
[91m [1776439221.17231] Client: [0m---after writing in log upd_msg->seq_no = 254
[91m [1776439221.17237] Client: [0m---after writing in log upd_msg->data.sensor_type = 1
[91m [1776439221.17243] Client: [0m---after writing in log upd_msg->reliable = 1
[91m [1776439221.892365] BSON Message: [0mInside sensor type parsing.
[91m [1776439221.892378] BSON Message: [0mInside sensor type parsing end.
[91m [1776439221.892382] BSON Message: [0mInside sid parsing
[91m [1776439221.892386] BSON Message: [0mInside gps1 parsing.
[91m [1776439221.892391] Client: [0m---before writing in log upd_msg->seq_no= 28
[91m [1776439221.892394] Client: [0m---before writing in log upd_msg->type= 4
[91m [1776439221.892399] Client: [0m---before writing in log upd_msg->frag_no= 0
[91m [1776439221.892403] Client: [0m---before writing in log upd_msg->reliable= 1
[91m [1776439221.892407] Client: [0m---before writing in log upd_msg->data.sensor_type= 3
[91m [1776439221.892411] Client: [0m---before writing in log upd_msg->data.sid= gps_2
[91m [1776439221.892418] Client: [0m---after writing in log upd_msg->seq_no = 28
[91m [1776439221.892422] Client: [0m---after writing in log upd_msg->data.sensor_type = 3
[91m [1776439221.892426] Client: [0m---after writing in log upd_msg->reliable = 1
[91m [1776439222.20393] BSON Message: [0mInside sensor type parsing.
[91m [1776439222.20414] BSON Message: [0mInside sensor type parsing end.
[91m [1776439222.20419] BSON Message: [0mInside sid parsing
[91m [1776439222.20424] BSON Message: [0mInside temp1 parsing.
[91m [1776439222.20431] Client: [0m---before writing in log upd_msg->seq_no= 255
[91m [1776439222.20440] Client: [0m---before writing in log upd_msg->type= 4
[91m [1776439222.20445] Client: [0m---before writing in log upd_msg->frag_no= 0
[91m [1776439222.20451] Client: [0m---before writing in log upd_msg->reliable= 1
[91m [1776439222.20456] Client: [0m---before writing in log upd_msg->data.sensor_type= 1
[91m [1776439222.20462] Client: [0m---before writing in log upd_msg->data.sid= temp_1
[91m [1776439222.20468] Client: [0m---after writing in log upd_msg->seq_no = 255
[91m [1776439222.20473] Client: [0m---after writing in log upd_msg->data.sensor_type = 1
[91m [1776439222.20477] Client: [0m---after writing in log upd_msg->reliable = 1
[91m [1776439223.17896] BSON Message: [0mInside sensor type parsing.
[91m [1776439223.17909] BSON Message: [0mInside sensor type parsing end.
[91m [1776439223.17914] BSON Message: [0mInside sid parsing
[91m [1776439223.17919] BSON Message: [0mInside temp1 parsing.
[91m [1776439223.17925] Client: [0m---before writing in log upd_msg->seq_no= 256
[91m [1776439223.17929] Client: [0m---before writing in log upd_msg->type= 4
[91m [1776439223.17934] Client: [0m---before writing in log upd_msg->frag_no= 0
[91m [1776439223.17938] Client: [0m---before writing in log upd_msg->reliable= 1
[91m [1776439223.17943] Client: [0m---before writing in log upd_msg->data.sensor_type= 1
[91m [1776439223.17948] Client: [0m---before writing in log upd_msg->data.sid= temp_1
[91m [1776439223.17956] Client: [0m---after writing in log upd_msg->seq_no = 256
[91m [1776439223.17961] Client: [0m---after writing in log upd_msg->data.sensor_type = 1
[91m [1776439223.17969] Client: [0m---after writing in log upd_msg->reliable = 1
[91m [1776439223.285041] BSON Message: [0mInside sensor type parsing.
[91m [1776439223.285071] BSON Message: [0mInside sensor type parsing end.
[91m [1776439223.285079] BSON Message: [0mInside sid parsing
[91m [1776439223.285087] Client: [0m---before writing in log upd_msg->seq_no= 105
[91m [1776439223.285097] Client: [0m---before writing in log upd_msg->type= 4
[91m [1776439223.285103] Client: [0m---before writing in log upd_msg->frag_no= 0
[91m [1776439223.285110] Client: [0m---before writing in log upd_msg->reliable= 1
[91m [1776439223.285117] Client: [0m---before writing in log upd_msg->data.sensor_type= 2
[91m [1776439223.285124] Client: [0m---before writing in log upd_msg->data.sid= device_0
[91m [1776439223.285132] Client: [0m---after writing in log upd_msg->seq_no = 105
[91m [1776439223.285138] Client: [0m---after writing in log upd_msg->data.sensor_type = 2
[91m [1776439223.285144] Client: [0m---after writing in log upd_msg->reliable = 1
[91m [1776439224.18157] BSON Message: [0mInside sensor type parsing.
[91m [1776439224.18177] BSON Message: [0mInside sensor type parsing end.
[91m [1776439224.18183] BSON Message: [0mInside sid parsing
[91m [1776439224.18188] BSON Message: [0mInside temp1 parsing.
[91m [1776439224.18194] Client: [0m---before writing in log upd_msg->seq_no= 257
[91m [1776439224.18198] Client: [0m---before writing in log upd_msg->type= 4
[91m [1776439224.18202] Client: [0m---before writing in log upd_msg->frag_no= 0
[91m [1776439224.18207] Client: [0m---before writing in log upd_msg->reliable= 0
[91m [1776439224.18212] Client: [0m---before writing in log upd_msg->data.sensor_type= 1
[91m [1776439224.18217] Client: [0m---before writing in log upd_msg->data.sid= temp_1
[91m [1776439224.18222] Client: [0m---after writing in log upd_msg->seq_no = 257
[91m [1776439224.18225] Client: [0m---after writing in log upd_msg->data.sensor_type = 1
[91m [1776439224.18228] Client: [0m---after writing in log upd_msg->reliable = 0
[91m [1776439225.18398] BSON Message: [0mInside sensor type parsing.
[91m [1776439225.18414] BSON Message: [0mInside sensor type parsing end.
[91m [1776439225.18418] BSON Message: [0mInside sid parsing
[91m [1776439225.18423] BSON Message: [0mInside temp1 parsing.
[91m [1776439225.18428] Client: [0m---before writing in log upd_msg->seq_no= 258
[91m [1776439225.18434] Client: [0m---before writing in log upd_msg->type= 4
[91m [1776439225.18439] Client: [0m---before writing in log upd_msg->frag_no= 0
[91m [1776439225.18446] Client: [0m---before writing in log upd_msg->reliable= 1
[91m [1776439225.18452] Client: [0m---before writing in log upd_msg->data.sensor_type= 1
[91m [1776439225.18458] Client: [0m---before writing in log upd_msg->data.sid= temp_1
[91m [1776439225.18468] Client: [0m---after writing in log upd_msg->seq_no = 258
[91m [1776439225.18474] Client: [0m---after writing in log upd_msg->data.sensor_type = 1
[91m [1776439225.18480] Client: [0m---after writing in log upd_msg->reliable = 1
[91m [1776439226.18701] BSON Message: [0mInside sensor type parsing.
[91m [1776439226.18716] BSON Message: [0mInside sensor type parsing end.
[91m [1776439226.18722] BSON Message: [0mInside sid parsing
[91m [1776439226.18727] BSON Message: [0mInside temp1 parsing.
[91m [1776439226.18733] Client: [0m---before writing in log upd_msg->seq_no= 259
[91m [1776439226.18737] Client: [0m---before writing in log upd_msg->type= 4
[91m [1776439226.18742] Client: [0m---before writing in log upd_msg->frag_no= 0
[91m [1776439226.18746] Client: [0m---before writing in log upd_msg->reliable= 1
[91m [1776439226.18750] Client: [0m---before writing in log upd_msg->data.sensor_type= 1
[91m [1776439226.18755] Client: [0m---before writing in log upd_msg->data.sid= temp_1
[91m [1776439226.18761] Client: [0m---after writing in log upd_msg->seq_no = 259
[91m [1776439226.18765] Client: [0m---after writing in log upd_msg->data.sensor_type = 1
[91m [1776439226.18770] Client: [0m---after writing in log upd_msg->reliable = 1
[91m [1776439227.18994] BSON Message: [0mInside sensor type parsing.
[91m [1776439227.19019] BSON Message: [0mInside sensor type parsing end.
[91m [1776439227.19025] BSON Message: [0mInside sid parsing
[91m [1776439227.19030] BSON Message: [0mInside temp1 parsing.
[91m [1776439227.19036] Client: [0m---before writing in log upd_msg->seq_no= 260
[91m [1776439227.19041] Client: [0m---before writing in log upd_msg->type= 4
[91m [1776439227.19046] Client: [0m---before writing in log upd_msg->frag_no= 0
[91m [1776439227.19051] Client: [0m---before writing in log upd_msg->reliable= 1
[91m [1776439227.19056] Client: [0m---before writing in log upd_msg->data.sensor_type= 1
[91m [1776439227.19061] Client: [0m---before writing in log upd_msg->data.sid= temp_1
[91m [1776439227.19068] Client: [0m---after writing in log upd_msg->seq_no = 260
[91m [1776439227.19073] Client: [0m---after writing in log upd_msg->data.sensor_type = 1
[91m [1776439227.19078] Client: [0m---after writing in log upd_msg->reliable = 1
[91m [1776439227.27522] BSON Message: [0mInside sensor type parsing.
[91m [1776439227.27537] BSON Message: [0mInside sensor type parsing end.
[91m [1776439227.27542] BSON Message: [0mInside sid parsing
[91m [1776439227.27549] Client: [0m---before writing in log upd_msg->seq_no= 106
[91m [1776439227.27554] Client: [0m---before writing in log upd_msg->type= 4
[91m [1776439227.27559] Client: [0m---before writing in log upd_msg->frag_no= 0
[91m [1776439227.27564] Client: [0m---before writing in log upd_msg->reliable= 1
[91m [1776439227.27568] Client: [0m---before writing in log upd_msg->data.sensor_type= 2
[91m [1776439227.27572] Client: [0m---before writing in log upd_msg->data.sid= device_0
[91m [1776439227.27577] Client: [0m---after writing in log upd_msg->seq_no = 106
[91m [1776439227.27582] Client: [0m---after writing in log upd_msg->data.sensor_type = 2
[91m [1776439227.27586] Client: [0m---after writing in log upd_msg->reliable = 1
[91m [1776439228.19284] BSON Message: [0mInside sensor type parsing.
[91m [1776439228.19298] BSON Message: [0mInside sensor type parsing end.
[91m [1776439228.19302] BSON Message: [0mInside sid parsing
[91m [1776439228.19306] BSON Message: [0mInside temp1 parsing.
[91m [1776439228.19312] Client: [0m---before writing in log upd_msg->seq_no= 261
[91m [1776439228.19316] Client: [0m---before writing in log upd_msg->type= 4
[91m [1776439228.19320] Client: [0m---before writing in log upd_msg->frag_no= 0
[91m [1776439228.19324] Client: [0m---before writing in log upd_msg->reliable= 1
[91m [1776439228.19328] Client: [0m---before writing in log upd_msg->data.sensor_type= 1
[91m [1776439228.19332] Client: [0m---before writing in log upd_msg->data.sid= temp_1
[91m [1776439228.19337] Client: [0m---after writing in log upd_msg->seq_no = 261
[91m [1776439228.19341] Client: [0m---after writing in log upd_msg->data.sensor_type = 1
[91m [1776439228.19345] Client: [0m---after writing in log upd_msg->reliable = 1
[91m [1776439228.572075] BSON Message: [0mInside sensor type parsing.
[91m [1776439228.572095] BSON Message: [0mInside sensor type parsing end.
[91m [1776439228.572101] BSON Message: [0mInside sid parsing
[91m [1776439228.572106] BSON Message: [0mInside gps1 parsing.
[91m [1776439228.572112] Client: [0m---before writing in log upd_msg->seq_no= 29
[91m [1776439228.572118] Client: [0m---before writing in log upd_msg->type= 4
[91m [1776439228.572123] Client: [0m---before writing in log upd_msg->frag_no= 0
[91m [1776439228.572128] Client: [0m---before writing in log upd_msg->reliable= 1
[91m [1776439228.572133] Client: [0m---before writing in log upd_msg->data.sensor_type= 3
[91m [1776439228.572138] Client: [0m---before writing in log upd_msg->data.sid= gps_2
[91m [1776439228.572149] Client: [0m---after writing in log upd_msg->seq_no = 29
[91m [1776439228.572155] Client: [0m---after writing in log upd_msg->data.sensor_type = 3
[91m [1776439228.572162] Client: [0m---after writing in log upd_msg->reliable = 1
[91m [1776439229.19614] BSON Message: [0mInside sensor type parsing.
[91m [1776439229.19634] BSON Message: [0mInside sensor type parsing end.
[91m [1776439229.19638] BSON Message: [0mInside sid parsing
[91m [1776439229.19642] BSON Message: [0mInside temp1 parsing.
[91m [1776439229.19647] Client: [0m---before writing in log upd_msg->seq_no= 262
[91m [1776439229.19651] Client: [0m---before writing in log upd_msg->type= 4
[91m [1776439229.19656] Client: [0m---before writing in log upd_msg->frag_no= 0
[91m [1776439229.19659] Client: [0m---before writing in log upd_msg->reliable= 1
[91m [1776439229.19663] Client: [0m---before writing in log upd_msg->data.sensor_type= 1
[91m [1776439229.19667] Client: [0m---before writing in log upd_msg->data.sid= temp_1
[91m [1776439229.19672] Client: [0m---after writing in log upd_msg->seq_no = 262
[91m [1776439229.19677] Client: [0m---after writing in log upd_msg->data.sensor_type = 1
[91m [1776439229.19682] Client: [0m---after writing in log upd_msg->reliable = 1
[91m [1776439229.340567] BSON Message: [0mInside sensor type parsing.
[91m [1776439229.340582] BSON Message: [0mInside sensor type parsing end.
[91m [1776439229.340587] BSON Message: [0mInside sid parsing
[91m [1776439229.340592] Client: [0m---before writing in log upd_msg->seq_no= 107
[91m [1776439229.340596] Client: [0m---before writing in log upd_msg->type= 4
[91m [1776439229.340599] Client: [0m---before writing in log upd_msg->frag_no= 0
[91m [1776439229.340605] Client: [0m---before writing in log upd_msg->reliable= 1
[91m [1776439229.340609] Client: [0m---before writing in log upd_msg->data.sensor_type= 2
[91m [1776439229.340612] Client: [0m---before writing in log upd_msg->data.sid= device_0
[91m [1776439229.340617] Client: [0m---after writing in log upd_msg->seq_no = 107
[91m [1776439229.340622] Client: [0m---after writing in log upd_msg->data.sensor_type = 2
[91m [1776439229.340626] Client: [0m---after writing in log upd_msg->reliable = 1
[91m [1776439230.19853] BSON Message: [0mInside sensor type parsing.
[91m [1776439230.19873] BSON Message: [0mInside sensor type parsing end.
[91m [1776439230.19878] BSON Message: [0mInside sid parsing
[91m [1776439230.19884] BSON Message: [0mInside temp1 parsing.
[91m [1776439230.19891] Client: [0m---before writing in log upd_msg->seq_no= 263
[91m [1776439230.19896] Client: [0m---before writing in log upd_msg->type= 4
[91m [1776439230.19900] Client: [0m---before writing in log upd_msg->frag_no= 0
[91m [1776439230.19905] Client: [0m---before writing in log upd_msg->reliable= 1
[91m [1776439230.19910] Client: [0m---before writing in log upd_msg->data.sensor_type= 1
[91m [1776439230.19915] Client: [0m---before writing in log upd_msg->data.sid= temp_1
[91m [1776439230.19922] Client: [0m---after writing in log upd_msg->seq_no = 263
[91m [1776439230.19927] Client: [0m---after writing in log upd_msg->data.sensor_type = 1
[91m [1776439230.19931] Client: [0m---after writing in log upd_msg->reliable = 1
[91m [1776439231.20166] BSON Message: [0mInside sensor type parsing.
[91m [1776439231.20179] BSON Message: [0mInside sensor type parsing end.
[91m [1776439231.20185] BSON Message: [0mInside sid parsing
[91m [1776439231.20190] BSON Message: [0mInside temp1 parsing.
[91m [1776439231.20199] Client: [0m---before writing in log upd_msg->seq_no= 264
[91m [1776439231.20204] Client: [0m---before writing in log upd_msg->type= 4
[91m [1776439231.20209] Client: [0m---before writing in log upd_msg->frag_no= 0
[91m [1776439231.20214] Client: [0m---before writing in log upd_msg->reliable= 1
[91m [1776439231.20219] Client: [0m---before writing in log upd_msg->data.sensor_type= 1
[91m [1776439231.20225] Client: [0m---before writing in log upd_msg->data.sid= temp_1
[91m [1776439231.20232] Client: [0m---after writing in log upd_msg->seq_no = 264
[91m [1776439231.20238] Client: [0m---after writing in log upd_msg->data.sensor_type = 1
[91m [1776439231.20244] Client: [0m---after writing in log upd_msg->reliable = 1
[91m [1776439232.20399] BSON Message: [0mInside sensor type parsing.
[91m [1776439232.20416] BSON Message: [0mInside sensor type parsing end.
[91m [1776439232.20421] BSON Message: [0mInside sid parsing
[91m [1776439232.20425] BSON Message: [0mInside temp1 parsing.
[91m [1776439232.20429] Client: [0m---before writing in log upd_msg->seq_no= 265
[91m [1776439232.20434] Client: [0m---before writing in log upd_msg->type= 4
[91m [1776439232.20438] Client: [0m---before writing in log upd_msg->frag_no= 0
[91m [1776439232.20443] Client: [0m---before writing in log upd_msg->reliable= 1
[91m [1776439232.20447] Client: [0m---before writing in log upd_msg->data.sensor_type= 1
[91m [1776439232.20451] Client: [0m---before writing in log upd_msg->data.sid= temp_1
[91m [1776439232.20458] Client: [0m---after writing in log upd_msg->seq_no = 265
[91m [1776439232.20463] Client: [0m---after writing in log upd_msg->data.sensor_type = 1
[91m [1776439232.20468] Client: [0m---after writing in log upd_msg->reliable = 1
[91m [1776439233.20712] BSON Message: [0mInside sensor type parsing.
[91m [1776439233.20733] BSON Message: [0mInside sensor type parsing end.
[91m [1776439233.20740] BSON Message: [0mInside sid parsing
[91m [1776439233.20747] BSON Message: [0mInside temp1 parsing.
[91m [1776439233.20754] Client: [0m---before writing in log upd_msg->seq_no= 266
[91m [1776439233.20761] Client: [0m---before writing in log upd_msg->type= 4
[91m [1776439233.20767] Client: [0m---before writing in log upd_msg->frag_no= 0
[91m [1776439233.20776] Client: [0m---before writing in log upd_msg->reliable= 1
[91m [1776439233.20783] Client: [0m---before writing in log upd_msg->data.sensor_type= 1
[91m [1776439233.20790] Client: [0m---before writing in log upd_msg->data.sid= temp_1
[91m [1776439233.20798] Client: [0m---after writing in log upd_msg->seq_no = 266
[91m [1776439233.20804] Client: [0m---after writing in log upd_msg->data.sensor_type = 1
[91m [1776439233.20809] Client: [0m---after writing in log upd_msg->reliable = 1
[91m [1776439233.81575] BSON Message: [0mInside sensor type parsing.
[91m [1776439233.81590] BSON Message: [0mInside sensor type parsing end.
[91m [1776439233.81596] BSON Message: [0mInside sid parsing
[91m [1776439233.81602] Client: [0m---before writing in log upd_msg->seq_no= 108
[91m [1776439233.81608] Client: [0m---before writing in log upd_msg->type= 4
[91m [1776439233.81612] Client: [0m---before writing in log upd_msg->frag_no= 0
[91m [1776439233.81616] Client: [0m---before writing in log upd_msg->reliable= 1
[91m [1776439233.81622] Client: [0m---before writing in log upd_msg->data.sensor_type= 2
[91m [1776439233.81627] Client: [0m---before writing in log upd_msg->data.sid= device_0
[91m [1776439233.81632] Client: [0m---after writing in log upd_msg->seq_no = 108
[91m [1776439233.81638] Client: [0m---after writing in log upd_msg->data.sensor_type = 2
[91m [1776439233.81644] Client: [0m---after writing in log upd_msg->reliable = 1
[91m [1776439233.413948] BSON Message: [0mInside sensor type parsing.
[91m [1776439233.413964] BSON Message: [0mInside sensor type parsing end.
[91m [1776439233.413969] BSON Message: [0mInside sid parsing
[91m [1776439233.413975] Client: [0m---before writing in log upd_msg->seq_no= 109
[91m [1776439233.413980] Client: [0m---before writing in log upd_msg->type= 4
[91m [1776439233.413984] Client: [0m---before writing in log upd_msg->frag_no= 0
[91m [1776439233.413988] Client: [0m---before writing in log upd_msg->reliable= 1
[91m [1776439233.413992] Client: [0m---before writing in log upd_msg->data.sensor_type= 2
[91m [1776439233.413996] Client: [0m---before writing in log upd_msg->data.sid= device_0
[91m [1776439233.414001] Client: [0m---after writing in log upd_msg->seq_no = 109
[91m [1776439233.414005] Client: [0m---after writing in log upd_msg->data.sensor_type = 2
[91m [1776439233.414009] Client: [0m---after writing in log upd_msg->reliable = 1
[91m [1776439234.20959] BSON Message: [0mInside sensor type parsing.
[91m [1776439234.20976] BSON Message: [0mInside sensor type parsing end.
[91m [1776439234.20991] BSON Message: [0mInside sid parsing
[91m [1776439234.20995] BSON Message: [0mInside temp1 parsing.
[91m [1776439234.21001] Client: [0m---before writing in log upd_msg->seq_no= 267
[91m [1776439234.21005] Client: [0m---before writing in log upd_msg->type= 4
[91m [1776439234.21009] Client: [0m---before writing in log upd_msg->frag_no= 0
[91m [1776439234.21013] Client: [0m---before writing in log upd_msg->reliable= 1
[91m [1776439234.21017] Client: [0m---before writing in log upd_msg->data.sensor_type= 1
[91m [1776439234.21021] Client: [0m---before writing in log upd_msg->data.sid= temp_1
[91m [1776439234.21026] Client: [0m---after writing in log upd_msg->seq_no = 267
[91m [1776439234.21030] Client: [0m---after writing in log upd_msg->data.sensor_type = 1
[91m [1776439234.21034] Client: [0m---after writing in log upd_msg->reliable = 1
[91m [1776439235.21236] BSON Message: [0mInside sensor type parsing.
[91m [1776439235.21253] BSON Message: [0mInside sensor type parsing end.
[91m [1776439235.21258] BSON Message: [0mInside sid parsing
[91m [1776439235.21263] BSON Message: [0mInside temp1 parsing.
[91m [1776439235.21269] Client: [0m---before writing in log upd_msg->seq_no= 268
[91m [1776439235.21275] Client: [0m---before writing in log upd_msg->type= 4
[91m [1776439235.21280] Client: [0m---before writing in log upd_msg->frag_no= 0
[91m [1776439235.21286] Client: [0m---before writing in log upd_msg->reliable= 1
[91m [1776439235.21291] Client: [0m---before writing in log upd_msg->data.sensor_type= 1
[91m [1776439235.21296] Client: [0m---before writing in log upd_msg->data.sid= temp_1
[91m [1776439235.21303] Client: [0m---after writing in log upd_msg->seq_no = 268
[91m [1776439235.21309] Client: [0m---after writing in log upd_msg->data.sensor_type = 1
[91m [1776439235.21314] Client: [0m---after writing in log upd_msg->reliable = 1
[91m [1776439235.574680] BSON Message: [0mInside sensor type parsing.
[91m [1776439235.574698] BSON Message: [0mInside sensor type parsing end.
[91m [1776439235.574703] BSON Message: [0mInside sid parsing
[91m [1776439235.574710] Client: [0m---before writing in log upd_msg->seq_no= 110
[91m [1776439235.574716] Client: [0m---before writing in log upd_msg->type= 4
[91m [1776439235.574721] Client: [0m---before writing in log upd_msg->frag_no= 0
[91m [1776439235.574726] Client: [0m---before writing in log upd_msg->reliable= 1
[91m [1776439235.574731] Client: [0m---before writing in log upd_msg->data.sensor_type= 2
[91m [1776439235.574736] Client: [0m---before writing in log upd_msg->data.sid= device_0
[91m [1776439235.574742] Client: [0m---after writing in log upd_msg->seq_no = 110
[91m [1776439235.574747] Client: [0m---after writing in log upd_msg->data.sensor_type = 2
[91m [1776439235.574752] Client: [0m---after writing in log upd_msg->reliable = 1
[91m [1776439236.21477] BSON Message: [0mInside sensor type parsing.
[91m [1776439236.21497] BSON Message: [0mInside sensor type parsing end.
[91m [1776439236.21515] BSON Message: [0mInside sid parsing
[91m [1776439236.21523] BSON Message: [0mInside temp1 parsing.
[91m [1776439236.21530] Client: [0m---before writing in log upd_msg->seq_no= 269
[91m [1776439236.21534] Client: [0m---before writing in log upd_msg->type= 4
[91m [1776439236.21540] Client: [0m---before writing in log upd_msg->frag_no= 0
[91m [1776439236.21548] Client: [0m---before writing in log upd_msg->reliable= 1
[91m [1776439236.21552] Client: [0m---before writing in log upd_msg->data.sensor_type= 1
[91m [1776439236.21556] Client: [0m---before writing in log upd_msg->data.sid= temp_1
[91m [1776439236.21565] Client: [0m---after writing in log upd_msg->seq_no = 269
[91m [1776439236.21574] Client: [0m---after writing in log upd_msg->data.sensor_type = 1
[91m [1776439236.21580] Client: [0m---after writing in log upd_msg->reliable = 1
[91m [1776439237.21728] BSON Message: [0mInside sensor type parsing.
[91m [1776439237.21746] BSON Message: [0mInside sensor type parsing end.
[91m [1776439237.21758] BSON Message: [0mInside sid parsing
[91m [1776439237.21763] BSON Message: [0mInside temp1 parsing.
[91m [1776439237.21769] Client: [0m---before writing in log upd_msg->seq_no= 270
[91m [1776439237.21774] Client: [0m---before writing in log upd_msg->type= 4
[91m [1776439237.21779] Client: [0m---before writing in log upd_msg->frag_no= 0
[91m [1776439237.21783] Client: [0m---before writing in log upd_msg->reliable= 0
[91m [1776439237.21788] Client: [0m---before writing in log upd_msg->data.sensor_type= 1
[91m [1776439237.21793] Client: [0m---before writing in log upd_msg->data.sid= temp_1
[91m [1776439237.21799] Client: [0m---after writing in log upd_msg->seq_no = 270
[91m [1776439237.21805] Client: [0m---after writing in log upd_msg->data.sensor_type = 1
[91m [1776439237.21810] Client: [0m---after writing in log upd_msg->reliable = 0
[91m [1776439238.22019] BSON Message: [0mInside sensor type parsing.
[91m [1776439238.22033] BSON Message: [0mInside sensor type parsing end.
[91m [1776439238.22039] BSON Message: [0mInside sid parsing
[91m [1776439238.22044] BSON Message: [0mInside temp1 parsing.
[91m [1776439238.22049] Client: [0m---before writing in log upd_msg->seq_no= 271
[91m [1776439238.22054] Client: [0m---before writing in log upd_msg->type= 4
[91m [1776439238.22059] Client: [0m---before writing in log upd_msg->frag_no= 0
[91m [1776439238.22066] Client: [0m---before writing in log upd_msg->reliable= 0
[91m [1776439238.22071] Client: [0m---before writing in log upd_msg->data.sensor_type= 1
[91m [1776439238.22076] Client: [0m---before writing in log upd_msg->data.sid= temp_1
[91m [1776439238.22082] Client: [0m---after writing in log upd_msg->seq_no = 271
[91m [1776439238.22089] Client: [0m---after writing in log upd_msg->data.sensor_type = 1
[91m [1776439238.22095] Client: [0m---after writing in log upd_msg->reliable = 0
[91m [1776439238.453043] BSON Message: [0mInside sensor type parsing.
[91m [1776439238.453065] BSON Message: [0mInside sensor type parsing end.
[91m [1776439238.453073] BSON Message: [0mInside sid parsing
[91m [1776439238.453079] BSON Message: [0mInside gps1 parsing.
[91m [1776439238.453090] Client: [0m---before writing in log upd_msg->seq_no= 30
[91m [1776439238.453100] Client: [0m---before writing in log upd_msg->type= 4
[91m [1776439238.453106] Client: [0m---before writing in log upd_msg->frag_no= 0
[91m [1776439238.453111] Client: [0m---before writing in log upd_msg->reliable= 1
[91m [1776439238.453117] Client: [0m---before writing in log upd_msg->data.sensor_type= 3
[91m [1776439238.453123] Client: [0m---before writing in log upd_msg->data.sid= gps_2
[91m [1776439238.453133] Client: [0m---after writing in log upd_msg->seq_no = 30
[91m [1776439238.453140] Client: [0m---after writing in log upd_msg->data.sensor_type = 3
[91m [1776439238.453146] Client: [0m---after writing in log upd_msg->reliable = 1
[91m [1776439239.22350] BSON Message: [0mInside sensor type parsing.
[91m [1776439239.22366] BSON Message: [0mInside sensor type parsing end.
[91m [1776439239.22371] BSON Message: [0mInside sid parsing
[91m [1776439239.22376] BSON Message: [0mInside temp1 parsing.
[91m [1776439239.22382] Client: [0m---before writing in log upd_msg->seq_no= 272
[91m [1776439239.22386] Client: [0m---before writing in log upd_msg->type= 4
[91m [1776439239.22391] Client: [0m---before writing in log upd_msg->frag_no= 0
[91m [1776439239.22396] Client: [0m---before writing in log upd_msg->reliable= 1
[91m [1776439239.22400] Client: [0m---before writing in log upd_msg->data.sensor_type= 1
[91m [1776439239.22405] Client: [0m---before writing in log upd_msg->data.sid= temp_1
[91m [1776439239.22411] Client: [0m---after writing in log upd_msg->seq_no = 272
[91m [1776439239.22416] Client: [0m---after writing in log upd_msg->data.sensor_type = 1
[91m [1776439239.22420] Client: [0m---after writing in log upd_msg->reliable = 1
[91m [1776439239.701178] BSON Message: [0mInside sensor type parsing.
[91m [1776439239.701201] BSON Message: [0mInside sensor type parsing end.
[91m [1776439239.701205] BSON Message: [0mInside sid parsing
[91m [1776439239.701210] Client: [0m---before writing in log upd_msg->seq_no= 111
[91m [1776439239.701215] Client: [0m---before writing in log upd_msg->type= 4
[91m [1776439239.701219] Client: [0m---before writing in log upd_msg->frag_no= 0
[91m [1776439239.701222] Client: [0m---before writing in log upd_msg->reliable= 1
[91m [1776439239.701227] Client: [0m---before writing in log upd_msg->data.sensor_type= 2
[91m [1776439239.701231] Client: [0m---before writing in log upd_msg->data.sid= device_0
[91m [1776439239.701237] Client: [0m---after writing in log upd_msg->seq_no = 111
[91m [1776439239.701241] Client: [0m---after writing in log upd_msg->data.sensor_type = 2
[91m [1776439239.701245] Client: [0m---after writing in log upd_msg->reliable = 1
[91m [1776439240.22642] BSON Message: [0mInside sensor type parsing.
[91m [1776439240.22660] BSON Message: [0mInside sensor type parsing end.
[91m [1776439240.22667] BSON Message: [0mInside sid parsing
[91m [1776439240.22673] BSON Message: [0mInside temp1 parsing.
[91m [1776439240.22680] Client: [0m---before writing in log upd_msg->seq_no= 273
[91m [1776439240.22687] Client: [0m---before writing in log upd_msg->type= 4
[91m [1776439240.22696] Client: [0m---before writing in log upd_msg->frag_no= 0
[91m [1776439240.22702] Client: [0m---before writing in log upd_msg->reliable= 1
[91m [1776439240.22708] Client: [0m---before writing in log upd_msg->data.sensor_type= 1
[91m [1776439240.22714] Client: [0m---before writing in log upd_msg->data.sid= temp_1
[91m [1776439240.22722] Client: [0m---after writing in log upd_msg->seq_no = 273
[91m [1776439240.22728] Client: [0m---after writing in log upd_msg->data.sensor_type = 1
[91m [1776439240.22735] Client: [0m---after writing in log upd_msg->reliable = 1
[91m [1776439241.22882] BSON Message: [0mInside sensor type parsing.
[91m [1776439241.22900] BSON Message: [0mInside sensor type parsing end.
[91m [1776439241.22906] BSON Message: [0mInside sid parsing
[91m [1776439241.22912] BSON Message: [0mInside temp1 parsing.
[91m [1776439241.22918] Client: [0m---before writing in log upd_msg->seq_no= 274
[91m [1776439241.22924] Client: [0m---before writing in log upd_msg->type= 4
[91m [1776439241.22930] Client: [0m---before writing in log upd_msg->frag_no= 0
[91m [1776439241.22937] Client: [0m---before writing in log upd_msg->reliable= 1
[91m [1776439241.22942] Client: [0m---before writing in log upd_msg->data.sensor_type= 1
[91m [1776439241.22949] Client: [0m---before writing in log upd_msg->data.sid= temp_1
[91m [1776439241.22957] Client: [0m---after writing in log upd_msg->seq_no = 274
[91m [1776439241.22963] Client: [0m---after writing in log upd_msg->data.sensor_type = 1
[91m [1776439241.22969] Client: [0m---after writing in log upd_msg->reliable = 1
[91m [1776439242.23158] BSON Message: [0mInside sensor type parsing.
[91m [1776439242.23174] BSON Message: [0mInside sensor type parsing end.
[91m [1776439242.23184] BSON Message: [0mInside sid parsing
[91m [1776439242.23188] BSON Message: [0mInside temp1 parsing.
[91m [1776439242.23193] Client: [0m---before writing in log upd_msg->seq_no= 275
[91m [1776439242.23197] Client: [0m---before writing in log upd_msg->type= 4
[91m [1776439242.23201] Client: [0m---before writing in log upd_msg->frag_no= 0
[91m [1776439242.23204] Client: [0m---before writing in log upd_msg->reliable= 1
[91m [1776439242.23208] Client: [0m---before writing in log upd_msg->data.sensor_type= 1
[91m [1776439242.23212] Client: [0m---before writing in log upd_msg->data.sid= temp_1
[91m [1776439242.23218] Client: [0m---after writing in log upd_msg->seq_no = 275
[91m [1776439242.23222] Client: [0m---after writing in log upd_msg->data.sensor_type = 1
[91m [1776439242.23226] Client: [0m---after writing in log upd_msg->reliable = 1
[91m [1776439243.23400] BSON Message: [0mInside sensor type parsing.
[91m [1776439243.23420] BSON Message: [0mInside sensor type parsing end.
[91m [1776439243.23434] BSON Message: [0mInside sid parsing
[91m [1776439243.23440] BSON Message: [0mInside temp1 parsing.
[91m [1776439243.23447] Client: [0m---before writing in log upd_msg->seq_no= 276
[91m [1776439243.23452] Client: [0m---before writing in log upd_msg->type= 4
[91m [1776439243.23458] Client: [0m---before writing in log upd_msg->frag_no= 0
[91m [1776439243.23462] Client: [0m---before writing in log upd_msg->reliable= 1
[91m [1776439243.23469] Client: [0m---before writing in log upd_msg->data.sensor_type= 1
[91m [1776439243.23474] Client: [0m---before writing in log upd_msg->data.sid= temp_1
[91m [1776439243.23481] Client: [0m---after writing in log upd_msg->seq_no = 276
[91m [1776439243.23489] Client: [0m---after writing in log upd_msg->data.sensor_type = 1
[91m [1776439243.23495] Client: [0m---after writing in log upd_msg->reliable = 1
[91m [1776439244.23761] BSON Message: [0mInside sensor type parsing.
[91m [1776439244.23773] BSON Message: [0mInside sensor type parsing end.
[91m [1776439244.23778] BSON Message: [0mInside sid parsing
[91m [1776439244.23782] BSON Message: [0mInside temp1 parsing.
[91m [1776439244.23788] Client: [0m---before writing in log upd_msg->seq_no= 277
[91m [1776439244.23793] Client: [0m---before writing in log upd_msg->type= 4
[91m [1776439244.23797] Client: [0m---before writing in log upd_msg->frag_no= 0
[91m [1776439244.23802] Client: [0m---before writing in log upd_msg->reliable= 1
[91m [1776439244.23805] Client: [0m---before writing in log upd_msg->data.sensor_type= 1
[91m [1776439244.23808] Client: [0m---before writing in log upd_msg->data.sid= temp_1
[91m [1776439244.23812] Client: [0m---after writing in log upd_msg->seq_no = 277
[91m [1776439244.23817] Client: [0m---after writing in log upd_msg->data.sensor_type = 1
[91m [1776439244.23822] Client: [0m---after writing in log upd_msg->reliable = 1
[91m [1776439244.650918] BSON Message: [0mInside sensor type parsing.
[91m [1776439244.650936] BSON Message: [0mInside sensor type parsing end.
[91m [1776439244.650945] BSON Message: [0mInside sid parsing
[91m [1776439244.650954] Client: [0m---before writing in log upd_msg->seq_no= 112
[91m [1776439244.650959] Client: [0m---before writing in log upd_msg->type= 4
[91m [1776439244.650966] Client: [0m---before writing in log upd_msg->frag_no= 0
[91m [1776439244.650973] Client: [0m---before writing in log upd_msg->reliable= 0
[91m [1776439244.650980] Client: [0m---before writing in log upd_msg->data.sensor_type= 2
[91m [1776439244.650988] Client: [0m---before writing in log upd_msg->data.sid= device_0
[91m [1776439244.650996] Client: [0m---after writing in log upd_msg->seq_no = 112
[91m [1776439244.651007] Client: [0m---after writing in log upd_msg->data.sensor_type = 2
[91m [1776439244.651014] Client: [0m---after writing in log upd_msg->reliable = 0
[91m [1776439245.23992] BSON Message: [0mInside sensor type parsing.
[91m [1776439245.24011] BSON Message: [0mInside sensor type parsing end.
[91m [1776439245.24020] BSON Message: [0mInside sid parsing
[91m [1776439245.24031] BSON Message: [0mInside temp1 parsing.
[91m [1776439245.24043] Client: [0m---before writing in log upd_msg->seq_no= 278
[91m [1776439245.24053] Client: [0m---before writing in log upd_msg->type= 4
[91m [1776439245.24060] Client: [0m---before writing in log upd_msg->frag_no= 0
[91m [1776439245.24066] Client: [0m---before writing in log upd_msg->reliable= 1
[91m [1776439245.24071] Client: [0m---before writing in log upd_msg->data.sensor_type= 1
[91m [1776439245.24076] Client: [0m---before writing in log upd_msg->data.sid= temp_1
[91m [1776439245.24084] Client: [0m---after writing in log upd_msg->seq_no = 278
[91m [1776439245.24092] Client: [0m---after writing in log upd_msg->data.sensor_type = 1
[91m [1776439245.24099] Client: [0m---after writing in log upd_msg->reliable = 1
[91m [1776439245.359590] BSON Message: [0mInside sensor type parsing.
[91m [1776439245.359612] BSON Message: [0mInside sensor type parsing end.
[91m [1776439245.359627] BSON Message: [0mInside sid parsing
[91m [1776439245.359633] BSON Message: [0mInside gps1 parsing.
[91m [1776439245.359639] Client: [0m---before writing in log upd_msg->seq_no= 31
[91m [1776439245.359644] Client: [0m---before writing in log upd_msg->type= 4
[91m [1776439245.359648] Client: [0m---before writing in log upd_msg->frag_no= 0
[91m [1776439245.359653] Client: [0m---before writing in log upd_msg->reliable= 1
[91m [1776439245.359657] Client: [0m---before writing in log upd_msg->data.sensor_type= 3
[91m [1776439245.359661] Client: [0m---before writing in log upd_msg->data.sid= gps_2
[91m [1776439245.359671] Client: [0m---after writing in log upd_msg->seq_no = 31
[91m [1776439245.359679] Client: [0m---after writing in log upd_msg->data.sensor_type = 3
[91m [1776439245.359683] Client: [0m---after writing in log upd_msg->reliable = 1
[91m [1776439245.762358] BSON Message: [0mInside sensor type parsing.
[91m [1776439245.762374] BSON Message: [0mInside sensor type parsing end.
[91m [1776439245.762379] BSON Message: [0mInside sid parsing
[91m [1776439245.762385] Client: [0m---before writing in log upd_msg->seq_no= 113
[91m [1776439245.762389] Client: [0m---before writing in log upd_msg->type= 4
[91m [1776439245.762393] Client: [0m---before writing in log upd_msg->frag_no= 0
[91m [1776439245.762397] Client: [0m---before writing in log upd_msg->reliable= 1
[91m [1776439245.762401] Client: [0m---before writing in log upd_msg->data.sensor_type= 2
[91m [1776439245.762405] Client: [0m---before writing in log upd_msg->data.sid= device_0
[91m [1776439245.762410] Client: [0m---after writing in log upd_msg->seq_no = 113
[91m [1776439245.762414] Client: [0m---after writing in log upd_msg->data.sensor_type = 2
[91m [1776439245.762419] Client: [0m---after writing in log upd_msg->reliable = 1
[91m [1776439245.928062] BSON Message: [0mInside sensor type parsing.
[91m [1776439245.928084] BSON Message: [0mInside sensor type parsing end.
[91m [1776439245.928091] BSON Message: [0mInside sid parsing
---Update message arrived------------ 1
Got a message from the server.
Message type is 4
---------Update message arrived------------ 1
Got a message from the server.
Message type is 4
---------Update message arrived------------ 1
Got a message from the server.
Message type is 4
---------Update message arrived------------ 1
Got a message from the server.
Message type is 4
---------Update message arrived------------ 1
Got a message from the server.
Message type is 4
---------Update message arrived------------ 1
Got a message from the server.
Message type is 4
---------Update message arrived------------ 1
Got a message from the server.
Message type is 4
---------Update message arrived------------ 1
Got a message from the server.
Message type is 4
---------Update message arrived------------ 1
Got a message from the server.
Message type is 4
---------Update message arrived------------ 1
Got a message from the server.
Message type is 4
---------Update message arrived------------ 1
Got a message from the server.
Message type is 4
---------Update message arrived------------ 1
Got a message from the server.
Message type is 4
---------Update message arrived------------ 1
Got a message from the server.
Message type is 4
---------Update message arrived------------ 1
Got a message from the server.
Message type is 4
---------Update message arrived------------ 1
Got a message from the server.
Message type is 4
---------Update message arrived------------ 1
Got a message from the server.
Message type is 4
---------Update message arrived------------ 1
Got a message from the server.
Message type is 4
---------Update message arrived------------ 1
Got a message from the server.
Message type is 4
---------Update message arrived------------ 1
Got a message from the server.
Message type is 4
---------Update message arrived------------ 1
Got a message from the server.
Message type is 4
---------Update message arrived------------ 1
Got a message from the server.
Message type is 4
---------Update message arrived------------ 1
Got a message from the server.
Message type is 4
---------Update message arrived------------ 1
Got a message from the server.
Message type is 4
---------Update message arrived------------ 1
Got a message from the server.
Message type is 4
---------Update message arrived------------ 1
Got a message from the server.
Message type is 4
---------Update message arrived------------ 1
Got a message from the server.
Message type is 4
---------Update message arrived------------ 1
Got a message from the server.
Message type is 4
---------Update message arrived------------ 1
Got a message from the server.
Message type is 4
---------Update message arrived------------ 1
Got a message from the server.
Message type is 4
---------Update message arrived------------ 1
Got a message from the server.
Message type is 4
---------Update message arrived------------ 1
Got a message from the server.
Message type is 4
---------Update message arrived------------ 1
Got a message from the server.
Message type is 4
---------Update message arrived------------ 1
Got a message from the server.
Message type is 4
---------Update message arrived------------ 1
Got a message from the server.
Message type is 4
---------Update message arrived------------ 1
Got a message from the server.
Message type is 4
---------Update message arrived------------ 1
Got a message from the server.
Message type is 4
---------Update message arrived------------ 1
Got a message from the server.
Message type is 4
---------Update message arrived------------ 1
Got a message from the server.
Message type is 4
---------Update message arrived------------ 1
Got a message from the server.
Message type is 4
---------Update message arrived------------ 1
Got a message from the server.
Message type is 4
---------Update message arrived------------ 1
Got a message from the server.
Message type is 4
---------Update message arrived------------ 1
Got a message from the server.
Message type is 4
---------Update message arrived------------ 1
Got a message from the server.
Message type is 4
---------Update m[91m [1776439245.928111] Client: [0m---before writing in log upd_msg->seq_no= 114
[91m [1776439245.928122] Client: [0m---before writing in log upd_msg->type= 4
[91m [1776439245.928130] Client: [0m---before writing in log upd_msg->frag_no= 0
[91m [1776439245.928136] Client: [0m---before writing in log upd_msg->reliable= 1
[91m [1776439245.928142] Client: [0m---before writing in log upd_msg->data.sensor_type= 2
[91m [1776439245.928147] Client: [0m---before writing in log upd_msg->data.sid= device_0
[91m [1776439245.928153] Client: [0m---after writing in log upd_msg->seq_no = 114
[91m [1776439245.928157] Client: [0m---after writing in log upd_msg->data.sensor_type = 2
[91m [1776439245.928161] Client: [0m---after writing in log upd_msg->reliable = 1
[91m [1776439246.24240] BSON Message: [0mInside sensor type parsing.
[91m [1776439246.24254] BSON Message: [0mInside sensor type parsing end.
[91m [1776439246.24259] BSON Message: [0mInside sid parsing
[91m [1776439246.24265] BSON Message: [0mInside temp1 parsing.
[91m [1776439246.24271] Client: [0m---before writing in log upd_msg->seq_no= 279
[91m [1776439246.24277] Client: [0m---before writing in log upd_msg->type= 4
[91m [1776439246.24281] Client: [0m---before writing in log upd_msg->frag_no= 0
[91m [1776439246.24285] Client: [0m---before writing in log upd_msg->reliable= 1
[91m [1776439246.24289] Client: [0m---before writing in log upd_msg->data.sensor_type= 1
[91m [1776439246.24293] Client: [0m---before writing in log upd_msg->data.sid= temp_1
[91m [1776439246.24298] Client: [0m---after writing in log upd_msg->seq_no = 279
[91m [1776439246.24303] Client: [0m---after writing in log upd_msg->data.sensor_type = 1
[91m [1776439246.24307] Client: [0m---after writing in log upd_msg->reliable = 1
[91m [1776439246.380851] BSON Message: [0mInside sensor type parsing.
[91m [1776439246.380869] BSON Message: [0mInside sensor type parsing end.
[91m [1776439246.380882] BSON Message: [0mInside sid parsing
[91m [1776439246.380889] Client: [0m---before writing in log upd_msg->seq_no= 115
[91m [1776439246.380895] Client: [0m---before writing in log upd_msg->type= 4
[91m [1776439246.380902] Client: [0m---before writing in log upd_msg->frag_no= 0
[91m [1776439246.380907] Client: [0m---before writing in log upd_msg->reliable= 1
[91m [1776439246.380910] Client: [0m---before writing in log upd_msg->data.sensor_type= 2
[91m [1776439246.380915] Client: [0m---before writing in log upd_msg->data.sid= device_0
[91m [1776439246.380921] Client: [0m---after writing in log upd_msg->seq_no = 115
[91m [1776439246.380925] Client: [0m---after writing in log upd_msg->data.sensor_type = 2
[91m [1776439246.380930] Client: [0m---after writing in log upd_msg->reliable = 1
[91m [1776439247.24517] BSON Message: [0mInside sensor type parsing.
[91m [1776439247.24534] BSON Message: [0mInside sensor type parsing end.
[91m [1776439247.24540] BSON Message: [0mInside sid parsing
[91m [1776439247.24545] BSON Message: [0mInside temp1 parsing.
[91m [1776439247.24550] Client: [0m---before writing in log upd_msg->seq_no= 280
[91m [1776439247.24556] Client: [0m---before writing in log upd_msg->type= 4
[91m [1776439247.24560] Client: [0m---before writing in log upd_msg->frag_no= 0
[91m [1776439247.24565] Client: [0m---before writing in log upd_msg->reliable= 1
[91m [1776439247.24571] Client: [0m---before writing in log upd_msg->data.sensor_type= 1
[91m [1776439247.24576] Client: [0m---before writing in log upd_msg->data.sid= temp_1
[91m [1776439247.24584] Client: [0m---after writing in log upd_msg->seq_no = 280
[91m [1776439247.24590] Client: [0m---after writing in log upd_msg->data.sensor_type = 1
[91m [1776439247.24597] Client: [0m---after writing in log upd_msg->reliable = 1
[91m [1776439248.24828] BSON Message: [0mInside sensor type parsing.
[91m [1776439248.24849] BSON Message: [0mInside sensor type parsing end.
[91m [1776439248.24855] BSON Message: [0mInside sid parsing
[91m [1776439248.24861] BSON Message: [0mInside temp1 parsing.
[91m [1776439248.24867] Client: [0m---before writing in log upd_msg->seq_no= 281
[91m [1776439248.24872] Client: [0m---before writing in log upd_msg->type= 4
[91m [1776439248.24877] Client: [0m---before writing in log upd_msg->frag_no= 0
[91m [1776439248.24882] Client: [0m---before writing in log upd_msg->reliable= 0
[91m [1776439248.24886] Client: [0m---before writing in log upd_msg->data.sensor_type= 1
[91m [1776439248.24891] Client: [0m---before writing in log upd_msg->data.sid= temp_1
[91m [1776439248.24898] Client: [0m---after writing in log upd_msg->seq_no = 281
[91m [1776439248.24904] Client: [0m---after writing in log upd_msg->data.sensor_type = 1
[91m [1776439248.24910] Client: [0m---after writing in log upd_msg->reliable = 0
[91m [1776439249.25195] BSON Message: [0mInside sensor type parsing.
[91m [1776439249.25212] BSON Message: [0mInside sensor type parsing end.
[91m [1776439249.25218] BSON Message: [0mInside sid parsing
[91m [1776439249.25222] BSON Message: [0mInside temp1 parsing.
[91m [1776439249.25229] Client: [0m---before writing in log upd_msg->seq_no= 282
[91m [1776439249.25234] Client: [0m---before writing in log upd_msg->type= 4
[91m [1776439249.25239] Client: [0m---before writing in log upd_msg->frag_no= 0
[91m [1776439249.25243] Client: [0m---before writing in log upd_msg->reliable= 1
[91m [1776439249.25250] Client: [0m---before writing in log upd_msg->data.sensor_type= 1
[91m [1776439249.25255] Client: [0m---before writing in log upd_msg->data.sid= temp_1
[91m [1776439249.25261] Client: [0m---after writing in log upd_msg->seq_no = 282
[91m [1776439249.25266] Client: [0m---after writing in log upd_msg->data.sensor_type = 1
[91m [1776439249.25271] Client: [0m---after writing in log upd_msg->reliable = 1
[91m [1776439250.25452] BSON Message: [0mInside sensor type parsing.
[91m [1776439250.25468] BSON Message: [0mInside sensor type parsing end.
[91m [1776439250.25484] BSON Message: [0mInside sid parsing
[91m [1776439250.25490] BSON Message: [0mInside temp1 parsing.
[91m [1776439250.25496] Client: [0m---before writing in log upd_msg->seq_no= 283
[91m [1776439250.25513] Client: [0m---before writing in log upd_msg->type= 4
[91m [1776439250.25520] Client: [0m---before writing in log upd_msg->frag_no= 0
[91m [1776439250.25525] Client: [0m---before writing in log upd_msg->reliable= 1
[91m [1776439250.25529] Client: [0m---before writing in log upd_msg->data.sensor_type= 1
[91m [1776439250.25533] Client: [0m---before writing in log upd_msg->data.sid= temp_1
[91m [1776439250.25538] Client: [0m---after writing in log upd_msg->seq_no = 283
[91m [1776439250.25542] Client: [0m---after writing in log upd_msg->data.sensor_type = 1
[91m [1776439250.25547] Client: [0m---after writing in log upd_msg->reliable = 1
[91m [1776439250.59341] BSON Message: [0mInside sensor type parsing.
[91m [1776439250.59361] BSON Message: [0mInside sensor type parsing end.
[91m [1776439250.59367] BSON Message: [0mInside sid parsing
[91m [1776439250.59373] Client: [0m---before writing in log upd_msg->seq_no= 116
[91m [1776439250.59379] Client: [0m---before writing in log upd_msg->type= 4
[91m [1776439250.59383] Client: [0m---before writing in log upd_msg->frag_no= 0
[91m [1776439250.59388] Client: [0m---before writing in log upd_msg->reliable= 1
[91m [1776439250.59392] Client: [0m---before writing in log upd_msg->data.sensor_type= 2
[91m [1776439250.59397] Client: [0m---before writing in log upd_msg->data.sid= device_0
[91m [1776439250.59403] Client: [0m---after writing in log upd_msg->seq_no = 116
[91m [1776439250.59408] Client: [0m---after writing in log upd_msg->data.sensor_type = 2
[91m [1776439250.59413] Client: [0m---after writing in log upd_msg->reliable = 1
[91m [1776439251.25805] BSON Message: [0mInside sensor type parsing.
[91m [1776439251.25823] BSON Message: [0mInside sensor type parsing end.
[91m [1776439251.25828] BSON Message: [0mInside sid parsing
[91m [1776439251.25833] BSON Message: [0mInside temp1 parsing.
[91m [1776439251.25839] Client: [0m---before writing in log upd_msg->seq_no= 284
[91m [1776439251.25844] Client: [0m---before writing in log upd_msg->type= 4
[91m [1776439251.25848] Client: [0m---before writing in log upd_msg->frag_no= 0
[91m [1776439251.25856] Client: [0m---before writing in log upd_msg->reliable= 1
[91m [1776439251.25860] Client: [0m---before writing in log upd_msg->data.sensor_type= 1
[91m [1776439251.25865] Client: [0m---before writing in log upd_msg->data.sid= temp_1
[91m [1776439251.25872] Client: [0m---after writing in log upd_msg->seq_no = 284
[91m [1776439251.25877] Client: [0m---after writing in log upd_msg->data.sensor_type = 1
[91m [1776439251.25882] Client: [0m---after writing in log upd_msg->reliable = 1
[91m [1776439251.877906] BSON Message: [0mInside sensor type parsing.
[91m [1776439251.877926] BSON Message: [0mInside sensor type parsing end.
[91m [1776439251.877932] BSON Message: [0mInside sid parsing
[91m [1776439251.877939] Client: [0m---before writing in log upd_msg->seq_no= 117
[91m [1776439251.877944] Client: [0m---before writing in log upd_msg->type= 4
[91m [1776439251.877949] Client: [0m---before writing in log upd_msg->frag_no= 0
[91m [1776439251.877954] Client: [0m---before writing in log upd_msg->reliable= 1
[91m [1776439251.877959] Client: [0m---before writing in log upd_msg->data.sensor_type= 2
[91m [1776439251.877964] Client: [0m---before writing in log upd_msg->data.sid= device_0
[91m [1776439251.877973] Client: [0m---after writing in log upd_msg->seq_no = 117
[91m [1776439251.877979] Client: [0m---after writing in log upd_msg->data.sensor_type = 2
[91m [1776439251.877984] Client: [0m---after writing in log upd_msg->reliable = 1
[91m [1776439252.26086] BSON Message: [0mInside sensor type parsing.
[91m [1776439252.26105] BSON Message: [0mInside sensor type parsing end.
[91m [1776439252.26110] BSON Message: [0mInside sid parsing
[91m [1776439252.26122] BSON Message: [0mInside temp1 parsing.
[91m [1776439252.26129] Client: [0m---before writing in log upd_msg->seq_no= 285
[91m [1776439252.26138] Client: [0m---before writing in log upd_msg->type= 4
[91m [1776439252.26144] Client: [0m---before writing in log upd_msg->frag_no= 0
[91m [1776439252.26149] Client: [0m---before writing in log upd_msg->reliable= 1
[91m [1776439252.26156] Client: [0m---before writing in log upd_msg->data.sensor_type= 1
[91m [1776439252.26161] Client: [0m---before writing in log upd_msg->data.sid= temp_1
[91m [1776439252.26167] Client: [0m---after writing in log upd_msg->seq_no = 285
[91m [1776439252.26172] Client: [0m---after writing in log upd_msg->data.sensor_type = 1
[91m [1776439252.26177] Client: [0m---after writing in log upd_msg->reliable = 1
[91m [1776439253.26345] BSON Message: [0mInside sensor type parsing.
[91m [1776439253.26363] BSON Message: [0mInside sensor type parsing end.
[91m [1776439253.26368] BSON Message: [0mInside sid parsing
[91m [1776439253.26372] BSON Message: [0mInside temp1 parsing.
[91m [1776439253.26378] Client: [0m---before writing in log upd_msg->seq_no= 286
[91m [1776439253.26382] Client: [0m---before writing in log upd_msg->type= 4
[91m [1776439253.26386] Client: [0m---before writing in log upd_msg->frag_no= 0
[91m [1776439253.26389] Client: [0m---before writing in log upd_msg->reliable= 1
[91m [1776439253.26395] Client: [0m---before writing in log upd_msg->data.sensor_type= 1
[91m [1776439253.26399] Client: [0m---before writing in log upd_msg->data.sid= temp_1
[91m [1776439253.26405] Client: [0m---after writing in log upd_msg->seq_no = 286
[91m [1776439253.26410] Client: [0m---after writing in log upd_msg->data.sensor_type = 1
[91m [1776439253.26414] Client: [0m---after writing in log upd_msg->reliable = 1
[91m [1776439254.26676] BSON Message: [0mInside sensor type parsing.
[91m [1776439254.26695] BSON Message: [0mInside sensor type parsing end.
[91m [1776439254.26702] BSON Message: [0mInside sid parsing
[91m [1776439254.26707] BSON Message: [0mInside temp1 parsing.
[91m [1776439254.26714] Client: [0m---before writing in log upd_msg->seq_no= 287
[91m [1776439254.26720] Client: [0m---before writing in log upd_msg->type= 4
[91m [1776439254.26726] Client: [0m---before writing in log upd_msg->frag_no= 0
[91m [1776439254.26731] Client: [0m---before writing in log upd_msg->reliable= 1
[91m [1776439254.26737] Client: [0m---before writing in log upd_msg->data.sensor_type= 1
[91m [1776439254.26743] Client: [0m---before writing in log upd_msg->data.sid= temp_1
[91m [1776439254.26750] Client: [0m---after writing in log upd_msg->seq_no = 287
[91m [1776439254.26755] Client: [0m---after writing in log upd_msg->data.sensor_type = 1
[91m [1776439254.26761] Client: [0m---after writing in log upd_msg->reliable = 1
[91m [1776439254.250059] BSON Message: [0mInside sensor type parsing.
[91m [1776439254.250072] BSON Message: [0mInside sensor type parsing end.
[91m [1776439254.250078] BSON Message: [0mInside sid parsing
[91m [1776439254.250085] Client: [0m---before writing in log upd_msg->seq_no= 118
[91m [1776439254.250090] Client: [0m---before writing in log upd_msg->type= 4
[91m [1776439254.250096] Client: [0m---before writing in log upd_msg->frag_no= 0
[91m [1776439254.250101] Client: [0m---before writing in log upd_msg->reliable= 1
[91m [1776439254.250105] Client: [0m---before writing in log upd_msg->data.sensor_type= 2
[91m [1776439254.250110] Client: [0m---before writing in log upd_msg->data.sid= device_0
[91m [1776439254.250116] Client: [0m---after writing in log upd_msg->seq_no = 118
[91m [1776439254.250121] Client: [0m---after writing in log upd_msg->data.sensor_type = 2
[91m [1776439254.250126] Client: [0m---after writing in log upd_msg->reliable = 1
[91m [1776439255.26875] BSON Message: [0mInside sensor type parsing.
[91m [1776439255.26892] BSON Message: [0mInside sensor type parsing end.
[91m [1776439255.26897] BSON Message: [0mInside sid parsing
[91m [1776439255.26910] BSON Message: [0mInside temp1 parsing.
[91m [1776439255.26915] Client: [0m---before writing in log upd_msg->seq_no= 288
[91m [1776439255.26922] Client: [0m---before writing in log upd_msg->type= 4
[91m [1776439255.26926] Client: [0m---before writing in log upd_msg->frag_no= 0
[91m [1776439255.26932] Client: [0m---before writing in log upd_msg->reliable= 1
[91m [1776439255.26936] Client: [0m---before writing in log upd_msg->data.sensor_type= 1
[91m [1776439255.26940] Client: [0m---before writing in log upd_msg->data.sid= temp_1
[91m [1776439255.26947] Client: [0m---after writing in log upd_msg->seq_no = 288
[91m [1776439255.26953] Client: [0m---after writing in log upd_msg->data.sensor_type = 1
[91m [1776439255.26957] Client: [0m---after writing in log upd_msg->reliable = 1
[91m [1776439256.27161] BSON Message: [0mInside sensor type parsing.
[91m [1776439256.27177] BSON Message: [0mInside sensor type parsing end.
[91m [1776439256.27182] BSON Message: [0mInside sid parsing
[91m [1776439256.27186] BSON Message: [0mInside temp1 parsing.
[91m [1776439256.27192] Client: [0m---before writing in log upd_msg->seq_no= 289
[91m [1776439256.27196] Client: [0m---before writing in log upd_msg->type= 4
[91m [1776439256.27200] Client: [0m---before writing in log upd_msg->frag_no= 0
[91m [1776439256.27204] Client: [0m---before writing in log upd_msg->reliable= 1
[91m [1776439256.27208] Client: [0m---before writing in log upd_msg->data.sensor_type= 1
[91m [1776439256.27211] Client: [0m---before writing in log upd_msg->data.sid= temp_1
[91m [1776439256.27217] Client: [0m---after writing in log upd_msg->seq_no = 289
[91m [1776439256.27221] Client: [0m---after writing in log upd_msg->data.sensor_type = 1
[91m [1776439256.27226] Client: [0m---after writing in log upd_msg->reliable = 1
[91m [1776439256.34484] BSON Message: [0mInside sensor type parsing.
[91m [1776439256.34500] BSON Message: [0mInside sensor type parsing end.
[91m [1776439256.34519] BSON Message: [0mInside sid parsing
[91m [1776439256.34526] Client: [0m---before writing in log upd_msg->seq_no= 119
[91m [1776439256.34531] Client: [0m---before writing in log upd_msg->type= 4
[91m [1776439256.34537] Client: [0m---before writing in log upd_msg->frag_no= 0
[91m [1776439256.34541] Client: [0m---before writing in log upd_msg->reliable= 1
[91m [1776439256.34547] Client: [0m---before writing in log upd_msg->data.sensor_type= 2
[91m [1776439256.34552] Client: [0m---before writing in log upd_msg->data.sid= device_0
[91m [1776439256.34559] Client: [0m---after writing in log upd_msg->seq_no = 119
[91m [1776439256.34563] Client: [0m---after writing in log upd_msg->data.sensor_type = 2
[91m [1776439256.34569] Client: [0m---after writing in log upd_msg->reliable = 1
[91m [1776439256.193771] BSON Message: [0mInside sensor type parsing.
[91m [1776439256.193785] BSON Message: [0mInside sensor type parsing end.
[91m [1776439256.193791] BSON Message: [0mInside sid parsing
[91m [1776439256.193796] BSON Message: [0mInside gps1 parsing.
[91m [1776439256.193802] Client: [0m---before writing in log upd_msg->seq_no= 32
[91m [1776439256.193807] Client: [0m---before writing in log upd_msg->type= 4
[91m [1776439256.193813] Client: [0m---before writing in log upd_msg->frag_no= 0
[91m [1776439256.193817] Client: [0m---before writing in log upd_msg->reliable= 1
[91m [1776439256.193821] Client: [0m---before writing in log upd_msg->data.sensor_type= 3
[91m [1776439256.193825] Client: [0m---before writing in log upd_msg->data.sid= gps_2
[91m [1776439256.193831] Client: [0m---after writing in log upd_msg->seq_no = 32
[91m [1776439256.193836] Client: [0m---after writing in log upd_msg->data.sensor_type = 3
[91m [1776439256.193841] Client: [0m---after writing in log upd_msg->reliable = 1
[91m [1776439257.27459] BSON Message: [0mInside sensor type parsing.
[91m [1776439257.27476] BSON Message: [0mInside sensor type parsing end.
[91m [1776439257.27481] BSON Message: [0mInside sid parsing
[91m [1776439257.27494] BSON Message: [0mInside temp1 parsing.
[91m [1776439257.27500] Client: [0m---before writing in log upd_msg->seq_no= 290
[91m [1776439257.27515] Client: [0m---before writing in log upd_msg->type= 4
[91m [1776439257.27519] Client: [0m---before writing in log upd_msg->frag_no= 0
[91m [1776439257.27523] Client: [0m---before writing in log upd_msg->reliable= 1
[91m [1776439257.27527] Client: [0m---before writing in log upd_msg->data.sensor_type= 1
[91m [1776439257.27531] Client: [0m---before writing in log upd_msg->data.sid= temp_1
[91m [1776439257.27537] Client: [0m---after writing in log upd_msg->seq_no = 290
[91m [1776439257.27542] Client: [0m---after writing in log upd_msg->data.sensor_type = 1
[91m [1776439257.27546] Client: [0m---after writing in log upd_msg->reliable = 1
[91m [1776439258.27704] BSON Message: [0mInside sensor type parsing.
[91m [1776439258.27722] BSON Message: [0mInside sensor type parsing end.
[91m [1776439258.27729] BSON Message: [0mInside sid parsing
[91m [1776439258.27735] BSON Message: [0mInside temp1 parsing.
[91m [1776439258.27742] Client: [0m---before writing in log upd_msg->seq_no= 291
[91m [1776439258.27748] Client: [0m---before writing in log upd_msg->type= 4
[91m [1776439258.27756] Client: [0m---before writing in log upd_msg->frag_no= 0
[91m [1776439258.27766] Client: [0m---before writing in log upd_msg->reliable= 1
[91m [1776439258.27771] Client: [0m---before writing in log upd_msg->data.sensor_type= 1
[91m [1776439258.27775] Client: [0m---before writing in log upd_msg->data.sid= temp_1
[91m [1776439258.27781] Client: [0m---after writing in log upd_msg->seq_no = 291
[91m [1776439258.27787] Client: [0m---after writing in log upd_msg->data.sensor_type = 1
[91m [1776439258.27791] Client: [0m---after writing in log upd_msg->reliable = 1
[91m [1776439258.474797] BSON Message: [0mInside sensor type parsing.
[91m [1776439258.474819] BSON Message: [0mInside sensor type parsing end.
[91m [1776439258.474826] BSON Message: [0mInside sid parsing
[91m [1776439258.474835] Client: [0m---before writing in log upd_msg->seq_no= 120
[91m [1776439258.474841] Client: [0m---before writing in log upd_msg->type= 4
[91m [1776439258.474847] Client: [0m---before writing in log upd_msg->frag_no= 0
[91m [1776439258.474853] Client: [0m---before writing in log upd_msg->reliable= 1
[91m [1776439258.474859] Client: [0m---before writing in log upd_msg->data.sensor_type= 2
[91m [1776439258.474867] Client: [0m---before writing in log upd_msg->data.sid= device_0
[91m [1776439258.474873] Client: [0m---after writing in log upd_msg->seq_no = 120
[91m [1776439258.474878] Client: [0m---after writing in log upd_msg->data.sensor_type = 2
[91m [1776439258.474883] Client: [0m---after writing in log upd_msg->reliable = 1
[91m [1776439259.28003] BSON Message: [0mInside sensor type parsing.
[91m [1776439259.28020] BSON Message: [0mInside sensor type parsing end.
[91m [1776439259.28025] BSON Message: [0mInside sid parsing
[91m [1776439259.28030] BSON Message: [0mInside temp1 parsing.
[91m [1776439259.28036] Client: [0m---before writing in log upd_msg->seq_no= 292
[91m [1776439259.28041] Client: [0m---before writing in log upd_msg->type= 4
[91m [1776439259.28046] Client: [0m---before writing in log upd_msg->frag_no= 0
[91m [1776439259.28050] Client: [0m---before writing in log upd_msg->reliable= 1
[91m [1776439259.28055] Client: [0m---before writing in log upd_msg->data.sensor_type= 1
[91m [1776439259.28060] Client: [0m---before writing in log upd_msg->data.sid= temp_1
[91m [1776439259.28065] Client: [0m---after writing in log upd_msg->seq_no = 292
[91m [1776439259.28072] Client: [0m---after writing in log upd_msg->data.sensor_type = 1
[91m [1776439259.28077] Client: [0m---after writing in log upd_msg->reliable = 1
[91m [1776439260.28273] BSON Message: [0mInside sensor type parsing.
[91m [1776439260.28297] BSON Message: [0mInside sensor type parsing end.
[91m [1776439260.28303] BSON Message: [0mInside sid parsing
[91m [1776439260.28319] BSON Message: [0mInside temp1 parsing.
[91m [1776439260.28326] Client: [0m---before writing in log upd_msg->seq_no= 293
[91m [1776439260.28331] Client: [0m---before writing in log upd_msg->type= 4
[91m [1776439260.28336] Client: [0m---before writing in log upd_msg->frag_no= 0
[91m [1776439260.28341] Client: [0m---before writing in log upd_msg->reliable= 1
[91m [1776439260.28345] Client: [0m---before writing in log upd_msg->data.sensor_type= 1
[91m [1776439260.28351] Client: [0m---before writing in log upd_msg->data.sid= temp_1
[91m [1776439260.28358] Client: [0m---after writing in log upd_msg->seq_no = 293
[91m [1776439260.28363] Client: [0m---after writing in log upd_msg->data.sensor_type = 1
[91m [1776439260.28367] Client: [0m---after writing in log upd_msg->reliable = 1
[91m [1776439261.28640] BSON Message: [0mInside sensor type parsing.
[91m [1776439261.28655] BSON Message: [0mInside sensor type parsing end.
[91m [1776439261.28660] BSON Message: [0mInside sid parsing
[91m [1776439261.28665] BSON Message: [0mInside temp1 parsing.
[91m [1776439261.28670] Client: [0m---before writing in log upd_msg->seq_no= 294
[91m [1776439261.28674] Client: [0m---before writing in log upd_msg->type= 4
[91m [1776439261.28678] Client: [0m---before writing in log upd_msg->frag_no= 0
[91m [1776439261.28682] Client: [0m---before writing in log upd_msg->reliable= 1
[91m [1776439261.28687] Client: [0m---before writing in log upd_msg->data.sensor_type= 1
[91m [1776439261.28691] Client: [0m---before writing in log upd_msg->data.sid= temp_1
[91m [1776439261.28696] Client: [0m---after writing in log upd_msg->seq_no = 294
[91m [1776439261.28701] Client: [0m---after writing in log upd_msg->data.sensor_type = 1
[91m [1776439261.28705] Client: [0m---after writing in log upd_msg->reliable = 1
[91m [1776439261.161031] BSON Message: [0mInside sensor type parsing.
[91m [1776439261.161046] BSON Message: [0mInside sensor type parsing end.
[91m [1776439261.161051] BSON Message: [0mInside sid parsing
[91m [1776439261.161057] Client: [0m---before writing in log upd_msg->seq_no= 121
[91m [1776439261.161062] Client: [0m---before writing in log upd_msg->type= 4
[91m [1776439261.161067] Client: [0m---before writing in log upd_msg->frag_no= 0
[91m [1776439261.161072] Client: [0m---before writing in log upd_msg->reliable= 1
[91m [1776439261.161076] Client: [0m---before writing in log upd_msg->data.sensor_type= 2
[91m [1776439261.161081] Client: [0m---before writing in log upd_msg->data.sid= device_0
[91m [1776439261.161087] Client: [0m---after writing in log upd_msg->seq_no = 121
[91m [1776439261.161093] Client: [0m---after writing in log upd_msg->data.sensor_type = 2
[91m [1776439261.161098] Client: [0m---after writing in log upd_msg->reliable = 1
[91m [1776439262.28940] BSON Message: [0mInside sensor type parsing.
[91m [1776439262.28958] BSON Message: [0mInside sensor type parsing end.
[91m [1776439262.28963] BSON Message: [0mInside sid parsing
[91m [1776439262.28969] BSON Message: [0mInside temp1 parsing.
[91m [1776439262.28975] Client: [0m---before writing in log upd_msg->seq_no= 295
[91m [1776439262.28979] Client: [0m---before writing in log upd_msg->type= 4
[91m [1776439262.28984] Client: [0m---before writing in log upd_msg->frag_no= 0
[91m [1776439262.28988] Client: [0m---before writing in log upd_msg->reliable= 1
[91m [1776439262.28992] Client: [0m---before writing in log upd_msg->data.sensor_type= 1
[91m [1776439262.28996] Client: [0m---before writing in log upd_msg->data.sid= temp_1
[91m [1776439262.29001] Client: [0m---after writing in log upd_msg->seq_no = 295
[91m [1776439262.29005] Client: [0m---after writing in log upd_msg->data.sensor_type = 1
[91m [1776439262.29009] Client: [0m---after writing in log upd_msg->reliable = 1
[91m [1776439263.29186] BSON Message: [0mInside sensor type parsing.
[91m [1776439263.29205] BSON Message: [0mInside sensor type parsing end.
[91m [1776439263.29212] BSON Message: [0mInside sid parsing
[91m [1776439263.29225] BSON Message: [0mInside temp1 parsing.
[91m [1776439263.29232] Client: [0m---before writing in log upd_msg->seq_no= 296
[91m [1776439263.29237] Client: [0m---before writing in log upd_msg->type= 4
[91m [1776439263.29242] Client: [0m---before writing in log upd_msg->frag_no= 0
[91m [1776439263.29246] Client: [0m---before writing in log upd_msg->reliable= 1
[91m [1776439263.29251] Client: [0m---before writing in log upd_msg->data.sensor_type= 1
[91m [1776439263.29256] Client: [0m---before writing in log upd_msg->data.sid= temp_1
[91m [1776439263.29266] Client: [0m---after writing in log upd_msg->seq_no = 296
[91m [1776439263.29270] Client: [0m---after writing in log upd_msg->data.sensor_type = 1
[91m [1776439263.29276] Client: [0m---after writing in log upd_msg->reliable = 1
[91m [1776439264.29525] BSON Message: [0mInside sensor type parsing.
[91m [1776439264.29541] BSON Message: [0mInside sensor type parsing end.
[91m [1776439264.29545] BSON Message: [0mInside sid parsing
[91m [1776439264.29550] BSON Message: [0mInside temp1 parsing.
[91m [1776439264.29556] Client: [0m---before writing in log upd_msg->seq_no= 297
[91m [1776439264.29561] Client: [0m---before writing in log upd_msg->type= 4
[91m [1776439264.29565] Client: [0m---before writing in log upd_msg->frag_no= 0
[91m [1776439264.29569] Client: [0m---before writing in log upd_msg->reliable= 1
[91m [1776439264.29573] Client: [0m---before writing in log upd_msg->data.sensor_type= 1
[91m [1776439264.29577] Client: [0m---before writing in log upd_msg->data.sid= temp_1
[91m [1776439264.29583] Client: [0m---after writing in log upd_msg->seq_no = 297
[91m [1776439264.29589] Client: [0m---after writing in log upd_msg->data.sensor_type = 1
[91m [1776439264.29593] Client: [0m---after writing in log upd_msg->reliable = 1
[91m [1776439264.465820] BSON Message: [0mInside sensor type parsing.
[91m [1776439264.465833] BSON Message: [0mInside sensor type parsing end.
[91m [1776439264.465837] BSON Message: [0mInside sid parsing
[91m [1776439264.465843] Client: [0m---before writing in log upd_msg->seq_no= 122
[91m [1776439264.465847] Client: [0m---before writing in log upd_msg->type= 4
[91m [1776439264.465851] Client: [0m---before writing in log upd_msg->frag_no= 0
[91m [1776439264.465855] Client: [0m---before writing in log upd_msg->reliable= 1
[91m [1776439264.465859] Client: [0m---before writing in log upd_msg->data.sensor_type= 2
[91m [1776439264.465862] Client: [0m---before writing in log upd_msg->data.sid= device_0
[91m [1776439264.465867] Client: [0m---after writing in log upd_msg->seq_no = 122
[91m [1776439264.465871] Client: [0m---after writing in log upd_msg->data.sensor_type = 2
[91m [1776439264.465876] Client: [0m---after writing in log upd_msg->reliable = 1
[91m [1776439265.29890] BSON Message: [0mInside sensor type parsing.
[91m [1776439265.29909] BSON Message: [0mInside sensor type parsing end.
[91m [1776439265.29914] BSON Message: [0mInside sid parsing
[91m [1776439265.29918] BSON Message: [0mInside temp1 parsing.
[91m [1776439265.29923] Client: [0m---before writing in log upd_msg->seq_no= 298
[91m [1776439265.29928] Client: [0m---before writing in log upd_msg->type= 4
[91m [1776439265.29932] Client: [0m---before writing in log upd_msg->frag_no= 0
[91m [1776439265.29936] Client: [0m---before writing in log upd_msg->reliable= 1
[91m [1776439265.29940] Client: [0m---before writing in log upd_msg->data.sensor_type= 1
[91m [1776439265.29944] Client: [0m---before writing in log upd_msg->data.sid= temp_1
[91m [1776439265.29949] Client: [0m---after writing in log upd_msg->seq_no = 298
[91m [1776439265.29953] Client: [0m---after writing in log upd_msg->data.sensor_type = 1
[91m [1776439265.29958] Client: [0m---after writing in log upd_msg->reliable = 1
[91m [1776439265.516896] BSON Message: [0mInside sensor type parsing.
[91m [1776439265.516908] BSON Message: [0mInside sensor type parsing end.
[91m [1776439265.516914] BSON Message: [0mInside sid parsing
[91m [1776439265.516925] BSON Message: [0mInside gps1 parsing.
[91m [1776439265.516930] Client: [0m---before writing in log upd_msg->seq_no= 33
[91m [1776439265.516934] Client: [0m---before writing in log upd_msg->type= 4
[91m [1776439265.516938] Client: [0m---before writing in log upd_msg->frag_no= 0
[91m [1776439265.516942] Client: [0m---before writing in log upd_msg->reliable= 1
[91m [1776439265.516945] Client: [0m---before writing in log upd_msg->data.sensor_type= 3
[91m [1776439265.516949] Client: [0m---before writing in log upd_msg->data.sid= gps_2
[91m [1776439265.516955] Client: [0m---after writing in log upd_msg->seq_no = 33
[91m [1776439265.516959] Client: [0m---after writing in log upd_msg->data.sensor_type = 3
[91m [1776439265.516963] Client: [0m---after writing in log upd_msg->reliable = 1
[91m [1776439266.30123] BSON Message: [0mInside sensor type parsing.
[91m [1776439266.30140] BSON Message: [0mInside sensor type parsing end.
[91m [1776439266.30147] BSON Message: [0mInside sid parsing
[91m [1776439266.30156] BSON Message: [0mInside temp1 parsing.
[91m [1776439266.30163] Client: [0m---before writing in log upd_msg->seq_no= 299
[91m [1776439266.30169] Client: [0m---before writing in log upd_msg->type= 4
[91m [1776439266.30174] Client: [0m---before writing in log upd_msg->frag_no= 0
[91m [1776439266.30179] Client: [0m---before writing in log upd_msg->reliable= 1
[91m [1776439266.30183] Client: [0m---before writing in log upd_msg->data.sensor_type= 1
[91m [1776439266.30188] Client: [0m---before writing in log upd_msg->data.sid= temp_1
[91m [1776439266.30195] Client: [0m---after writing in log upd_msg->seq_no = 299
[91m [1776439266.30202] Client: [0m---after writing in log upd_msg->data.sensor_type = 1
[91m [1776439266.30207] Client: [0m---after writing in log upd_msg->reliable = 1
[91m [1776439266.393523] BSON Message: [0mInside sensor type parsing.
[91m [1776439266.393544] BSON Message: [0mInside sensor type parsing end.
[91m [1776439266.393550] BSON Message: [0mInside sid parsing
[91m [1776439266.393556] Client: [0m---before writing in log upd_msg->seq_no= 123
[91m [1776439266.393562] Client: [0m---before writing in log upd_msg->type= 4
[91m [1776439266.393567] Client: [0m---before writing in log upd_msg->frag_no= 0
[91m [1776439266.393571] Client: [0m---before writing in log upd_msg->reliable= 1
[91m [1776439266.393576] Client: [0m---before writing in log upd_msg->data.sensor_type= 2
[91m [1776439266.393580] Client: [0m---before writing in log upd_msg->data.sid= device_0
[91m [1776439266.393586] Client: [0m---after writing in log upd_msg->seq_no = 123
[91m [1776439266.393590] Client: [0m---after writing in log upd_msg->data.sensor_type = 2
[91m [1776439266.393594] Client: [0m---after writing in log upd_msg->reliable = 1
[91m [1776439267.30377] BSON Message: [0mInside sensor type parsing.
[91m [1776439267.30391] BSON Message: [0mInside sensor type parsing end.
[91m [1776439267.30397] BSON Message: [0mInside sid parsing
[91m [1776439267.30402] BSON Message: [0mInside temp1 parsing.
[91m [1776439267.30408] Client: [0m---before writing in log upd_msg->seq_no= 300
[91m [1776439267.30413] Client: [0m---before writing in log upd_msg->type= 4
[91m [1776439267.30418] Client: [0m---before writing in log upd_msg->frag_no= 0
[91m [1776439267.30422] Client: [0m---before writing in log upd_msg->reliable= 1
[91m [1776439267.30427] Client: [0m---before writing in log upd_msg->data.sensor_type= 1
[91m [1776439267.30432] Client: [0m---before writing in log upd_msg->data.sid= temp_1
[91m [1776439267.30438] Client: [0m---after writing in log upd_msg->seq_no = 300
[91m [1776439267.30445] Client: [0m---after writing in log upd_msg->data.sensor_type = 1
[91m [1776439267.30451] Client: [0m---after writing in log upd_msg->reliable = 1
[91m [1776439268.30626] BSON Message: [0mInside sensor type parsing.
[91m [1776439268.30641] BSON Message: [0mInside sensor type parsing end.
[91m [1776439268.30645] BSON Message: [0mInside sid parsing
[91m [1776439268.30659] BSON Message: [0mInside temp1 parsing.
[91m [1776439268.30665] Client: [0m---before writing in log upd_msg->seq_no= 301
[91m [1776439268.30670] Client: [0m---before writing in log upd_msg->type= 4
[91m [1776439268.30674] Client: [0m---before writing in log upd_msg->frag_no= 0
[91m [1776439268.30678] Client: [0m---before writing in log upd_msg->reliable= 0
[91m [1776439268.30682] Client: [0m---before writing in log upd_msg->data.sensor_type= 1
[91m [1776439268.30685] Client: [0m---before writing in log upd_msg->data.sid= temp_1
[91m [1776439268.30691] Client: [0m---after writing in log upd_msg->seq_no = 301
[91m [1776439268.30695] Client: [0m---after writing in log upd_msg->data.sensor_type = 1
[91m [1776439268.30701] Client: [0m---after writing in log upd_msg->reliable = 0
[91m [1776439268.474237] BSON Message: [0mInside sensor type parsing.
[91m [1776439268.474253] BSON Message: [0mInside sensor type parsing end.
[91m [1776439268.474259] BSON Message: [0mInside sid parsing
[91m [1776439268.474265] Client: [0m---before writing in log upd_msg->seq_no= 124
[91m [1776439268.474269] Client: [0m---before writing in log upd_msg->type= 4
[91m [1776439268.474274] Client: [0m---before writing in log upd_msg->frag_no= 0
[91m [1776439268.474279] Client: [0m---before writing in log upd_msg->reliable= 1
[91m [1776439268.474284] Client: [0m---before writing in log upd_msg->data.sensor_type= 2
[91m [1776439268.474289] Client: [0m---before writing in log upd_msg->data.sid= device_0
[91m [1776439268.474295] Client: [0m---after writing in log upd_msg->seq_no = 124
[91m [1776439268.474299] Client: [0m---after writing in log upd_msg->data.sensor_type = 2
[91m [1776439268.474304] Client: [0m---after writing in log upd_msg->reliable = 1
[91m [1776439269.30918] BSON Message: [0mInside sensor type parsing.
[91m [1776439269.30936] BSON Message: [0mInside sensor type parsing end.
[91m [1776439269.30941] BSON Message: [0mInside sid parsing
[91m [1776439269.30946] BSON Message: [0mInside temp1 parsing.
[91m [1776439269.30952] Client: [0m---before writing in log upd_msg->seq_no= 302
[91m [1776439269.30957] Client: [0m---before writing in log upd_msg->type= 4
[91m [1776439269.30963] Client: [0m---before writing in log upd_msg->frag_no= 0
[91m [1776439269.30967] Client: [0m---before writing in log upd_msg->reliable= 1
[91m [1776439269.30971] Client: [0m---before writing in log upd_msg->data.sensor_type= 1
[91m [1776439269.30975] Client: [0m---before writing in log upd_msg->data.sid= temp_1
[91m [1776439269.30981] Client: [0m---after writing in log upd_msg->seq_no = 302
[91m [1776439269.30985] Client: [0m---after writing in log upd_msg->data.sensor_type = 1
[91m [1776439269.30989] Client: [0m---after writing in log upd_msg->reliable = 1
[91m [1776439270.26238] BSON Message: [0mInside sensor type parsing.
[91m [1776439270.26257] BSON Message: [0mInside sensor type parsing end.
[91m [1776439270.26263] BSON Message: [0mInside sid parsing
[91m [1776439270.26271] Client: [0m---before writing in log upd_msg->seq_no= 125
[91m [1776439270.26280] Client: [0m---before writing in log upd_msg->type= 4
[91m [1776439270.26380] Client: [0m---before writing in log upd_msg->frag_no= 0
[91m [1776439270.26389] Client: [0m---before writing in log upd_msg->reliable= 1
[91m [1776439270.26396] Client: [0m---before writing in log upd_msg->data.sensor_type= 2
[91m [1776439270.26401] Client: [0m---before writing in log upd_msg->data.sid= device_0
[91m [1776439270.26407] Client: [0m---after writing in log upd_msg->seq_no = 125
[91m [1776439270.26414] Client: [0m---after writing in log upd_msg->data.sensor_type = 2
[91m [1776439270.26419] Client: [0m---after writing in log upd_msg->reliable = 1
[91m [1776439270.31028] BSON Message: [0mInside sensor type parsing.
[91m [1776439270.31036] BSON Message: [0mInside sensor type parsing end.
[91m [1776439270.31041] BSON Message: [0mInside sid parsing
[91m [1776439270.31045] BSON Message: [0mInside temp1 parsing.
[91m [1776439270.31055] Client: [0m---before writing in log upd_msg->seq_no= 303
[91m [1776439270.31058] Client: [0m---before writing in log upd_msg->type= 4
[91m [1776439270.31064] Client: [0m---before writing in log upd_msg->frag_no= 0
[91m [1776439270.31068] Client: [0m---before writing in log upd_msg->reliable= 1
[91m [1776439270.31072] Client: [0m---before writing in log upd_msg->data.sensor_type= 1
[91m [1776439270.31076] Client: [0m---before writing in log upd_msg->data.sid= temp_1
[91m [1776439270.31082] Client: [0m---after writing in log upd_msg->seq_no = 303
[91m [1776439270.31087] Client: [0m---after writing in log upd_msg->data.sensor_type = 1
[91m [1776439270.31091] Client: [0m---after writing in log upd_msg->reliable = 1
[91m [1776439271.31969] BSON Message: [0mInside sensor type parsing.
[91m [1776439271.31979] BSON Message: [0mInside sensor type parsing end.
[91m [1776439271.31985] BSON Message: [0mInside sid parsing
[91m [1776439271.31989] BSON Message: [0mInside temp1 parsing.
[91m [1776439271.31995] Client: [0m---before writing in log upd_msg->seq_no= 304
[91m [1776439271.32000] Client: [0m---before writing in log upd_msg->type= 4
[91m [1776439271.32004] Client: [0m---before writing in log upd_msg->frag_no= 0
[91m [1776439271.32010] Client: [0m---before writing in log upd_msg->reliable= 1
[91m [1776439271.32015] Client: [0m---before writing in log upd_msg->data.sensor_type= 1
[91m [1776439271.32020] Client: [0m---before writing in log upd_msg->data.sid= temp_1
[91m [1776439271.32027] Client: [0m---after writing in log upd_msg->seq_no = 304
[91m [1776439271.32032] Client: [0m---after writing in log upd_msg->data.sensor_type = 1
[91m [1776439271.32037] Client: [0m---after writing in log upd_msg->reliable = 1
[91m [1776439272.31685] BSON Message: [0mInside sensor type parsing.
[91m [1776439272.31706] BSON Message: [0mInside sensor type parsing end.
[91m [1776439272.31712] BSON Message: [0mInside sid parsing
[91m [1776439272.31717] BSON Message: [0mInside temp1 parsing.
[91m [1776439272.31723] Client: [0m---before writing in log upd_msg->seq_no= 305
[91m [1776439272.31729] Client: [0m---before writing in log upd_msg->type= 4
[91m [1776439272.31735] Client: [0m---before writing in log upd_msg->frag_no= 0
[91m [1776439272.31740] Client: [0m---before writing in log upd_msg->reliable= 0
[91m [1776439272.31746] Client: [0m---before writing in log upd_msg->data.sensor_type= 1
[91m [1776439272.31751] Client: [0m---before writing in log upd_msg->data.sid= temp_1
[91m [1776439272.31758] Client: [0m---after writing in log upd_msg->seq_no = 305
[91m [1776439272.31764] Client: [0m---after writing in log upd_msg->data.sensor_type = 1
[91m [1776439272.31769] Client: [0m---after writing in log upd_msg->reliable = 0
[91m [1776439273.31934] BSON Message: [0mInside sensor type parsing.
[91m [1776439273.31953] BSON Message: [0mInside sensor type parsing end.
[91m [1776439273.31961] BSON Message: [0mInside sid parsing
[91m [1776439273.31966] BSON Message: [0mInside temp1 parsing.
[91m [1776439273.31973] Client: [0m---before writing in log upd_msg->seq_no= 306
[91m [1776439273.31978] Client: [0m---before writing in log upd_msg->type= 4
[91m [1776439273.31983] Client: [0m---before writing in log upd_msg->frag_no= 0
[91m [1776439273.31988] Client: [0m---before writing in log upd_msg->reliable= 1
[91m [1776439273.31993] Client: [0m---before writing in log upd_msg->data.sensor_type= 1
[91m [1776439273.31998] Client: [0m---before writing in log upd_msg->data.sid= temp_1
[91m [1776439273.32005] Client: [0m---after writing in log upd_msg->seq_no = 306
[91m [1776439273.32010] Client: [0m---after writing in log upd_msg->data.sensor_type = 1
[91m [1776439273.32018] Client: [0m---after writing in log upd_msg->reliable = 1
[91m [1776439273.201661] BSON Message: [0mInside sensor type parsing.
[91m [1776439273.201675] BSON Message: [0mInside sensor type parsing end.
[91m [1776439273.201680] BSON Message: [0mInside sid parsing
[91m [1776439273.201686] BSON Message: [0mInside gps1 parsing.
[91m [1776439273.201697] Client: [0m---before writing in log upd_msg->seq_no= 34
[91m [1776439273.201702] Client: [0m---before writing in log upd_msg->type= 4
[91m [1776439273.201707] Client: [0m---before writing in log upd_msg->frag_no= 0
[91m [1776439273.201712] Client: [0m---before writing in log upd_msg->reliable= 1
[91m [1776439273.201719] Client: [0m---before writing in log upd_msg->data.sensor_type= 3
[91m [1776439273.201726] Client: [0m---before writing in log upd_msg->data.sid= gps_2
[91m [1776439273.201734] Client: [0m---after writing in log upd_msg->seq_no = 34
[91m [1776439273.201740] Client: [0m---after writing in log upd_msg->data.sensor_type = 3
[91m [1776439273.201746] Client: [0m---after writing in log upd_msg->reliable = 1
[91m [1776439273.265628] BSON Message: [0mInside sensor type parsing.
[91m [1776439273.265645] BSON Message: [0mInside sensor type parsing end.
[91m [1776439273.265649] BSON Message: [0mInside sid parsing
essage arrived------------ 1
Got a message from the server.
Message type is 4
---------Update message arrived------------ 1
Got a message from the server.
Message type is 4
---------Update message arrived------------ 1
Got a message from the server.
Message type is 4
---------Update message arrived------------ 1
Got a message from the server.
Message type is 4
---------Update message arrived------------ 1
Got a message from the server.
Message type is 4
---------Update message arrived------------ 1
Got a message from the server.
Message type is 4
---------Update message arrived------------ 1
Got a message from the server.
Message type is 4
---------Update message arrived------------ 1
Got a message from the server.
Message type is 4
---------Update message arrived------------ 1
Got a message from the server.
Message type is 4
---------Update message arrived------------ 1
Got a message from the server.
Message type is 4
---------Update message arrived------------ 1
Got a message from the server.
Message type is 4
---------Update message arrived------------ 1
Got a message from the server.
Message type is 4
---------Update message arrived------------ 1
Got a message from the server.
Message type is 4
---------Update message arrived------------ 1
Got a message from the server.
Message type is 4
---------Update message arrived------------ 1
Got a message from the server.
Message type is 4
---------Update message arrived------------ 1
Got a message from the server.
Message type is 4
---------Update message arrived------------ 1
Got a message from the server.
Message type is 4
---------Update message arrived------------ 1
Got a message from the server.
Message type is 4
---------Update message arrived------------ 1
Got a message from the server.
Message type is 4
---------Update message arrived------------ 1
Got a message from the server.
Message type is 4
---------Update message arrived------------ 1
Got a message from the server.
Message type is 4
---------Update message arrived------------ 1
Got a message from the server.
Message type is 4
---------Update message arrived------------ 1
Got a message from the server.
Message type is 4
---------Update message arrived------------ 1
Got a message from the server.
Message type is 4
---------Update message arrived------------ 1
Got a message from the server.
Message type is 4
---------Update message arrived------------ 1
Got a message from the server.
Message type is 4
---------Update message arrived------------ 1
Got a message from the server.
Message type is 4
---------Update message arrived------------ 1
Got a message from the server.
Message type is 4
---------Update message arrived------------ 1
Got a message from the server.
Message type is 4
---------Update message arrived------------ 1
Got a message from the server.
Message type is 4
---------Update message arrived------------ 1
Got a message from the server.
Message type is 4
---------Update message arrived------------ 1
Got a message from the server.
Message type is 4
---------Update message arrived------------ 1
Got a message from the server.
Message type is 4
---------Update message arrived------------ 1
Got a message from the server.
Message type is 4
---------Update message arrived------------ 1
Got a message from the server.
Message type is 4
---------Update message arrived------------ 1
Got a message from the server.
Message type is 4
---------Update message arrived------------ 1
Got a message from the server.
Message type is 4
---------Update message arrived------------ 1
Got a message from the server.
Message type is 4
---------Update message arrived------------ 1
Got a message from the server.
Message type is 4
---------Update message arrived------------ 1
Got a message from the server.
Message type is 4
---------Update message arrived------------ 1
Got a message from the server.
Message type is 4
---------Update message arrived------------ 1
Got a message from the server.
Message type is 4
---------Update message arrived------------ 1
Got a message from the server.
Message type is 4
---------Update message arri[91m [1776439273.265666] Client: [0m---before writing in log upd_msg->seq_no= 126
[91m [1776439273.265672] Client: [0m---before writing in log upd_msg->type= 4
[91m [1776439273.265679] Client: [0m---before writing in log upd_msg->frag_no= 0
[91m [1776439273.265684] Client: [0m---before writing in log upd_msg->reliable= 1
[91m [1776439273.265692] Client: [0m---before writing in log upd_msg->data.sensor_type= 2
[91m [1776439273.265697] Client: [0m---before writing in log upd_msg->data.sid= device_0
[91m [1776439273.265702] Client: [0m---after writing in log upd_msg->seq_no = 126
[91m [1776439273.265707] Client: [0m---after writing in log upd_msg->data.sensor_type = 2
[91m [1776439273.265714] Client: [0m---after writing in log upd_msg->reliable = 1
[91m [1776439274.32252] BSON Message: [0mInside sensor type parsing.
[91m [1776439274.32269] BSON Message: [0mInside sensor type parsing end.
[91m [1776439274.32274] BSON Message: [0mInside sid parsing
[91m [1776439274.32279] BSON Message: [0mInside temp1 parsing.
[91m [1776439274.32285] Client: [0m---before writing in log upd_msg->seq_no= 307
[91m [1776439274.32289] Client: [0m---before writing in log upd_msg->type= 4
[91m [1776439274.32293] Client: [0m---before writing in log upd_msg->frag_no= 0
[91m [1776439274.32297] Client: [0m---before writing in log upd_msg->reliable= 1
[91m [1776439274.32301] Client: [0m---before writing in log upd_msg->data.sensor_type= 1
[91m [1776439274.32305] Client: [0m---before writing in log upd_msg->data.sid= temp_1
[91m [1776439274.32314] Client: [0m---after writing in log upd_msg->seq_no = 307
[91m [1776439274.32318] Client: [0m---after writing in log upd_msg->data.sensor_type = 1
[91m [1776439274.32323] Client: [0m---after writing in log upd_msg->reliable = 1
[91m [1776439275.32552] BSON Message: [0mInside sensor type parsing.
[91m [1776439275.32575] BSON Message: [0mInside sensor type parsing end.
[91m [1776439275.32584] BSON Message: [0mInside sid parsing
[91m [1776439275.32593] BSON Message: [0mInside temp1 parsing.
[91m [1776439275.32604] Client: [0m---before writing in log upd_msg->seq_no= 308
[91m [1776439275.32613] Client: [0m---before writing in log upd_msg->type= 4
[91m [1776439275.32622] Client: [0m---before writing in log upd_msg->frag_no= 0
[91m [1776439275.32630] Client: [0m---before writing in log upd_msg->reliable= 1
[91m [1776439275.32639] Client: [0m---before writing in log upd_msg->data.sensor_type= 1
[91m [1776439275.32647] Client: [0m---before writing in log upd_msg->data.sid= temp_1
[91m [1776439275.32656] Client: [0m---after writing in log upd_msg->seq_no = 308
[91m [1776439275.32663] Client: [0m---after writing in log upd_msg->data.sensor_type = 1
[91m [1776439275.32672] Client: [0m---after writing in log upd_msg->reliable = 1
[91m [1776439276.32865] BSON Message: [0mInside sensor type parsing.
[91m [1776439276.32885] BSON Message: [0mInside sensor type parsing end.
[91m [1776439276.32896] BSON Message: [0mInside sid parsing
[91m [1776439276.32907] BSON Message: [0mInside temp1 parsing.
[91m [1776439276.32926] Client: [0m---before writing in log upd_msg->seq_no= 309
[91m [1776439276.32933] Client: [0m---before writing in log upd_msg->type= 4
[91m [1776439276.32939] Client: [0m---before writing in log upd_msg->frag_no= 0
[91m [1776439276.32945] Client: [0m---before writing in log upd_msg->reliable= 1
[91m [1776439276.32952] Client: [0m---before writing in log upd_msg->data.sensor_type= 1
[91m [1776439276.32958] Client: [0m---before writing in log upd_msg->data.sid= temp_1
[91m [1776439276.32966] Client: [0m---after writing in log upd_msg->seq_no = 309
[91m [1776439276.32972] Client: [0m---after writing in log upd_msg->data.sensor_type = 1
[91m [1776439276.32977] Client: [0m---after writing in log upd_msg->reliable = 1
[91m [1776439276.246871] BSON Message: [0mInside sensor type parsing.
[91m [1776439276.246888] BSON Message: [0mInside sensor type parsing end.
[91m [1776439276.246893] BSON Message: [0mInside sid parsing
[91m [1776439276.246899] Client: [0m---before writing in log upd_msg->seq_no= 127
[91m [1776439276.246903] Client: [0m---before writing in log upd_msg->type= 4
[91m [1776439276.246907] Client: [0m---before writing in log upd_msg->frag_no= 0
[91m [1776439276.246911] Client: [0m---before writing in log upd_msg->reliable= 1
[91m [1776439276.246915] Client: [0m---before writing in log upd_msg->data.sensor_type= 2
[91m [1776439276.246919] Client: [0m---before writing in log upd_msg->data.sid= device_0
[91m [1776439276.246925] Client: [0m---after writing in log upd_msg->seq_no = 127
[91m [1776439276.246929] Client: [0m---after writing in log upd_msg->data.sensor_type = 2
[91m [1776439276.246933] Client: [0m---after writing in log upd_msg->reliable = 1
[91m [1776439277.33085] BSON Message: [0mInside sensor type parsing.
[91m [1776439277.33102] BSON Message: [0mInside sensor type parsing end.
[91m [1776439277.33107] BSON Message: [0mInside sid parsing
[91m [1776439277.33112] BSON Message: [0mInside temp1 parsing.
[91m [1776439277.33119] Client: [0m---before writing in log upd_msg->seq_no= 310
[91m [1776439277.33124] Client: [0m---before writing in log upd_msg->type= 4
[91m [1776439277.33129] Client: [0m---before writing in log upd_msg->frag_no= 0
[91m [1776439277.33134] Client: [0m---before writing in log upd_msg->reliable= 1
[91m [1776439277.33141] Client: [0m---before writing in log upd_msg->data.sensor_type= 1
[91m [1776439277.33146] Client: [0m---before writing in log upd_msg->data.sid= temp_1
[91m [1776439277.33152] Client: [0m---after writing in log upd_msg->seq_no = 310
[91m [1776439277.33158] Client: [0m---after writing in log upd_msg->data.sensor_type = 1
[91m [1776439277.33163] Client: [0m---after writing in log upd_msg->reliable = 1
[91m [1776439277.806097] BSON Message: [0mInside sensor type parsing.
[91m [1776439277.806114] BSON Message: [0mInside sensor type parsing end.
[91m [1776439277.806119] BSON Message: [0mInside sid parsing
[91m [1776439277.806123] BSON Message: [0mInside gps1 parsing.
[91m [1776439277.806129] Client: [0m---before writing in log upd_msg->seq_no= 35
[91m [1776439277.806133] Client: [0m---before writing in log upd_msg->type= 4
[91m [1776439277.806137] Client: [0m---before writing in log upd_msg->frag_no= 0
[91m [1776439277.806142] Client: [0m---before writing in log upd_msg->reliable= 1
[91m [1776439277.806145] Client: [0m---before writing in log upd_msg->data.sensor_type= 3
[91m [1776439277.806149] Client: [0m---before writing in log upd_msg->data.sid= gps_2
[91m [1776439277.806157] Client: [0m---after writing in log upd_msg->seq_no = 35
[91m [1776439277.806161] Client: [0m---after writing in log upd_msg->data.sensor_type = 3
[91m [1776439277.806165] Client: [0m---after writing in log upd_msg->reliable = 1
[91m [1776439278.33365] BSON Message: [0mInside sensor type parsing.
[91m [1776439278.33382] BSON Message: [0mInside sensor type parsing end.
[91m [1776439278.33388] BSON Message: [0mInside sid parsing
[91m [1776439278.33392] BSON Message: [0mInside temp1 parsing.
[91m [1776439278.33405] Client: [0m---before writing in log upd_msg->seq_no= 311
[91m [1776439278.33411] Client: [0m---before writing in log upd_msg->type= 4
[91m [1776439278.33415] Client: [0m---before writing in log upd_msg->frag_no= 0
[91m [1776439278.33419] Client: [0m---before writing in log upd_msg->reliable= 1
[91m [1776439278.33425] Client: [0m---before writing in log upd_msg->data.sensor_type= 1
[91m [1776439278.33429] Client: [0m---before writing in log upd_msg->data.sid= temp_1
[91m [1776439278.33435] Client: [0m---after writing in log upd_msg->seq_no = 311
[91m [1776439278.33439] Client: [0m---after writing in log upd_msg->data.sensor_type = 1
[91m [1776439278.33443] Client: [0m---after writing in log upd_msg->reliable = 1
[91m [1776439279.33648] BSON Message: [0mInside sensor type parsing.
[91m [1776439279.33666] BSON Message: [0mInside sensor type parsing end.
[91m [1776439279.33673] BSON Message: [0mInside sid parsing
[91m [1776439279.33678] BSON Message: [0mInside temp1 parsing.
[91m [1776439279.33685] Client: [0m---before writing in log upd_msg->seq_no= 312
[91m [1776439279.33690] Client: [0m---before writing in log upd_msg->type= 4
[91m [1776439279.33695] Client: [0m---before writing in log upd_msg->frag_no= 0
[91m [1776439279.33699] Client: [0m---before writing in log upd_msg->reliable= 1
[91m [1776439279.33704] Client: [0m---before writing in log upd_msg->data.sensor_type= 1
[91m [1776439279.33711] Client: [0m---before writing in log upd_msg->data.sid= temp_1
[91m [1776439279.33717] Client: [0m---after writing in log upd_msg->seq_no = 312
[91m [1776439279.33723] Client: [0m---after writing in log upd_msg->data.sensor_type = 1
[91m [1776439279.33727] Client: [0m---after writing in log upd_msg->reliable = 1
[91m [1776439280.33853] BSON Message: [0mInside sensor type parsing.
[91m [1776439280.33872] BSON Message: [0mInside sensor type parsing end.
[91m [1776439280.33878] BSON Message: [0mInside sid parsing
[91m [1776439280.33883] BSON Message: [0mInside temp1 parsing.
[91m [1776439280.33888] Client: [0m---before writing in log upd_msg->seq_no= 313
[91m [1776439280.33893] Client: [0m---before writing in log upd_msg->type= 4
[91m [1776439280.33900] Client: [0m---before writing in log upd_msg->frag_no= 0
[91m [1776439280.33905] Client: [0m---before writing in log upd_msg->reliable= 1
[91m [1776439280.33908] Client: [0m---before writing in log upd_msg->data.sensor_type= 1
[91m [1776439280.33912] Client: [0m---before writing in log upd_msg->data.sid= temp_1
[91m [1776439280.33918] Client: [0m---after writing in log upd_msg->seq_no = 313
[91m [1776439280.33923] Client: [0m---after writing in log upd_msg->data.sensor_type = 1
[91m [1776439280.33927] Client: [0m---after writing in log upd_msg->reliable = 1
[91m [1776439280.304875] BSON Message: [0mInside sensor type parsing.
[91m [1776439280.304887] BSON Message: [0mInside sensor type parsing end.
[91m [1776439280.304893] BSON Message: [0mInside sid parsing
[91m [1776439280.304900] Client: [0m---before writing in log upd_msg->seq_no= 128
[91m [1776439280.304906] Client: [0m---before writing in log upd_msg->type= 4
[91m [1776439280.304912] Client: [0m---before writing in log upd_msg->frag_no= 0
[91m [1776439280.304917] Client: [0m---before writing in log upd_msg->reliable= 1
[91m [1776439280.304922] Client: [0m---before writing in log upd_msg->data.sensor_type= 2
[91m [1776439280.304927] Client: [0m---before writing in log upd_msg->data.sid= device_0
[91m [1776439280.304933] Client: [0m---after writing in log upd_msg->seq_no = 128
[91m [1776439280.304938] Client: [0m---after writing in log upd_msg->data.sensor_type = 2
[91m [1776439280.304944] Client: [0m---after writing in log upd_msg->reliable = 1
