[95m [1776432793.654682] BSON Message: [0mBSON msg: serializing.
[0m[95m [1776432793.654701] BSON Message: [0mBSON msg: serializing.
[0m[95m [1776432793.813942] Transport: [0mReceived 110 bytes
[0m[95m [1776432793.813964] BSON Parser: [0mParsing client packet
[0m[95m [1776432793.813972] BSON Parser: [0mDocument length: 110 bytes
[0m[95m [1776432793.813980] BSON Parser: [0mBSON parser: type: '16' key: 'type'
[0m[95m [1776432793.813987] BSON Parser: [0mBSON parser: int32:
[0m[95m [1776432793.813994] BSON Parser: [0m1
[0m[95m [1776432793.814002] BSON Parser: [0mBSON parser: type: '8' key: 'end_marker'
[0m[95m [1776432793.814021] BSON Parser: [0mBSON parser: boolean false
[0m[95m [1776432793.814028] BSON Message: [0mBSON parser: debug .
[0m[95m [1776432793.814035] BSON Message: [0mBSON parser: debug . 0 end_marker 
[0m[95m [1776432793.814042] BSON Parser: [0mBSON parser: type: '8' key: 'reliable'
[0m[95m [1776432793.814049] BSON Parser: [0mBSON parser: boolean false
[0m[95m [1776432793.814055] BSON Message: [0mBSON parser: debug .
[0m[95m [1776432793.814062] BSON Message: [0mBSON parser: debug . 0 reliable 
[0m[95m [1776432793.814069] BSON Parser: [0mBSON parser: type: '8' key: 'fragmented'
[0m[95m [1776432793.814077] BSON Parser: [0mBSON parser: boolean false
[0m[95m [1776432793.814084] BSON Message: [0mBSON parser: debug .
[0m[95m [1776432793.814090] BSON Message: [0mBSON parser: debug . 0 fragmented 
[0m[95m [1776432793.814097] BSON Parser: [0mBSON parser: type: '8' key: 'utilize_timestamp'
[0m[95m [1776432793.814104] BSON Parser: [0mBSON parser: boolean false
[0m[95m [1776432793.814111] BSON Message: [0mBSON parser: debug .
[0m[95m [1776432793.814118] BSON Message: [0mBSON parser: debug . 0 utilize_timestamp 
[0m[95m [1776432793.814125] BSON Parser: [0mBSON parser: type: '16' key: 'seq_no'
[0m[95m [1776432793.814132] BSON Parser: [0mBSON parser: int32:
[0m[95m [1776432793.814139] BSON Parser: [0m36323
[0m[95m [1776432793.814146] BSON Parser: [0mBSON parser: type: '4' key: 'sids'
[0m[95m [1776432793.814153] BSON Parser: [0mBSON parser: array
[0m[95m [1776432793.814160] BSON Parser: [0mParsing client packet
[0m[95m [1776432793.814167] BSON Parser: [0mDocument length: 20 bytes
[0m[95m [1776432793.814174] BSON Parser: [0mBSON parser: type: '2' key: ''
[0m[95m [1776432793.814181] BSON Parser: [0mBSON parser: string
[0m[95m [1776432793.814187] BSON Parser: [0mBSON parser: 8 'device_0'
[0m[95m [1776432793.814195] BSON Parser: [0mBSON parser: return. 20 length document has 20 bytes.
[0m[95m [1776432793.814202] BSON Parser: [0mBSON parser: return. 110 length document has 110 bytes.
[0m[95m [1776432793.814211] BSON Message: [0m---Sending subscribe by serializing PRTP packet to bson bsg.------
[0m[95m [1776432793.814219] BSON Message: [0m---Sending subscribe by serializing PRTP packet to bson bsg.------
[0m[95m [1776432794.770385] Transport: [0mReceived 132 bytes
[0m[95m [1776432794.770403] BSON Parser: [0mParsing client packet
[0m[95m [1776432794.770410] BSON Parser: [0mDocument length: 132 bytes
[0m[95m [1776432794.770418] BSON Parser: [0mBSON parser: type: '16' key: 'type'
[0m[95m [1776432794.770426] BSON Parser: [0mBSON parser: int32:
[0m[95m [1776432794.770433] BSON Parser: [0m3
[0m[95m [1776432794.770442] BSON Parser: [0mBSON parser: type: '8' key: 'end_marker'
[0m[95m [1776432794.770449] BSON Parser: [0mBSON parser: boolean false
[0m[95m [1776432794.770455] BSON Message: [0mBSON parser: debug .
[0m[95m [1776432794.770460] BSON Message: [0mBSON parser: debug . 0 end_marker 
[0m[95m [1776432794.770466] BSON Parser: [0mBSON parser: type: '8' key: 'reliable'
[0m[95m [1776432794.770474] BSON Parser: [0mBSON parser: boolean false
[0m[95m [1776432794.770480] BSON Message: [0mBSON parser: debug .
[0m[95m [1776432794.770485] BSON Message: [0mBSON parser: debug . 0 reliable 
[0m[95m [1776432794.770491] BSON Parser: [0mBSON parser: type: '8' key: 'fragmented'
[0m[95m [1776432794.770497] BSON Parser: [0mBSON parser: boolean false
[0m[95m [1776432794.770511] BSON Message: [0mBSON parser: debug .
[0m[95m [1776432794.770517] BSON Message: [0mBSON parser: debug . 0 fragmented 
[0m[95m [1776432794.770523] BSON Parser: [0mBSON parser: type: '8' key: 'utilize_timestamp'
[0m[95m [1776432794.770532] BSON Parser: [0mBSON parser: boolean false
[0m[95m [1776432794.770538] BSON Message: [0mBSON parser: debug .
[0m[95m [1776432794.770547] BSON Message: [0mBSON parser: debug . 0 utilize_timestamp 
[0m[95m [1776432794.770558] BSON Parser: [0mBSON parser: type: '16' key: 'seq_no'
[0m[95m [1776432794.770567] BSON Parser: [0mBSON parser: int32:
[0m[95m [1776432794.770574] BSON Parser: [0m11157
[0m[95m [1776432794.770584] BSON Parser: [0mBSON parser: type: '4' key: 'sids'
[0m[95m [1776432794.770593] BSON Parser: [0mBSON parser: array
[0m[95m [1776432794.770599] BSON Parser: [0mParsing client packet
[0m[95m [1776432794.770605] BSON Parser: [0mDocument length: 42 bytes
[0m[95m [1776432794.770615] BSON Parser: [0mBSON parser: type: '3' key: ''
[0m[95m [1776432794.770624] BSON Parser: [0mBSON parser: object
[0m[95m [1776432794.770633] BSON Parser: [0mParsing client packet
[0m[95m [1776432794.770641] BSON Parser: [0mDocument length: 35 bytes
[0m[95m [1776432794.770647] BSON Parser: [0mBSON parser: type: '2' key: 'sid'
[0m[95m [1776432794.770656] BSON Parser: [0mBSON parser: string
[0m[95m [1776432794.770662] BSON Parser: [0mBSON parser: 8 'device_0'
[0m[95m [1776432794.770669] BSON Parser: [0mBSON parser: type: '16' key: 'status'
[0m[95m [1776432794.770675] BSON Parser: [0mBSON parser: int32:
[0m[95m [1776432794.770683] BSON Parser: [0m0
[0m[95m [1776432794.770689] BSON Parser: [0mBSON parser: return. 35 length document has 35 bytes.
[0m[95m [1776432794.770696] BSON Parser: [0mBSON parser: return. 42 length document has 42 bytes.
[0m[95m [1776432794.770704] BSON Parser: [0mBSON parser: return. 132 length document has 132 bytes.
[0m[95m [1776432794.770712] Client: [0msubscribe ack
[0m[95m [1776432794.783541] Transport: [0mReceived 180 bytes
[0m[95m [1776432794.783558] BSON Parser: [0mParsing client packet
[0m[95m [1776432794.783564] BSON Parser: [0mDocument length: 180 bytes
[0m[95m [1776432794.783571] BSON Parser: [0mBSON parser: type: '16' key: 'type'
[0m[95m [1776432794.783577] BSON Parser: [0mBSON parser: int32:
[0m[95m [1776432794.783582] BSON Parser: [0m4
[0m[95m [1776432794.783589] BSON Parser: [0mBSON parser: type: '8' key: 'reliable'
[0m[95m [1776432794.783595] BSON Parser: [0mBSON parser: boolean true
[0m[95m [1776432794.783601] BSON Message: [0mBSON parser: debug .
[0m[95m [1776432794.783606] BSON Message: [0mBSON parser: debug . 0 reliable 
[0m[95m [1776432794.783613] BSON Parser: [0mBSON parser: type: '16' key: 'seq_no'
[0m[95m [1776432794.783619] BSON Parser: [0mBSON parser: int32:
[0m[95m [1776432794.783625] BSON Parser: [0m0
[0m[95m [1776432794.783631] BSON Parser: [0mBSON parser: type: '8' key: 'end_marker'
[0m[95m [1776432794.783637] BSON Parser: [0mBSON parser: boolean true
[0m[95m [1776432794.783643] BSON Message: [0mBSON parser: debug .
[0m[95m [1776432794.783648] BSON Message: [0mBSON parser: debug . 0 end_marker 
[0m[95m [1776432794.783654] BSON Parser: [0mBSON parser: type: '8' key: 'fragmented'
[0m[95m [1776432794.783660] BSON Parser: [0mBSON parser: boolean false
[0m[95m [1776432794.783665] BSON Message: [0mBSON parser: debug .
[0m[95m [1776432794.783671] BSON Message: [0mBSON parser: debug . 0 fragmented 
[0m[95m [1776432794.783677] BSON Parser: [0mBSON parser: type: '8' key: 'utilize_timestamp'
[0m[95m [1776432794.783682] BSON Parser: [0mBSON parser: boolean false
[0m[95m [1776432794.783688] BSON Message: [0mBSON parser: debug .
[0m[95m [1776432794.783694] BSON Message: [0mBSON parser: debug . 0 utilize_timestamp 
[0m[95m [1776432794.783701] BSON Parser: [0mBSON parser: type: '16' key: 'frag_no'
[0m[95m [1776432794.783707] BSON Parser: [0mBSON parser: int32:
[0m[95m [1776432794.783717] BSON Parser: [0m0
[0m[95m [1776432794.783723] BSON Parser: [0mBSON parser: type: '16' key: 'frag_total'
[0m[95m [1776432794.783729] BSON Parser: [0mBSON parser: int32:
[0m[95m [1776432794.783735] BSON Parser: [0m1
[0m[95m [1776432794.783741] BSON Parser: [0mBSON parser: type: '16' key: 'timestamp'
[0m[95m [1776432794.783747] BSON Parser: [0mBSON parser: int32:
[0m[95m [1776432794.783753] BSON Parser: [0m-1206255616
[0m[95m [1776432794.783759] BSON Parser: [0mBSON parser: type: '3' key: 'data'
[0m[95m [1776432794.783765] BSON Parser: [0mBSON parser: object
[0m[95m [1776432794.783771] BSON Parser: [0mParsing client packet
[0m[95m [1776432794.783777] BSON Parser: [0mDocument length: 46 bytes
[0m[95m [1776432794.783783] BSON Parser: [0mBSON parser: type: '16' key: 'sensor_type'
[0m[95m [1776432794.783789] BSON Parser: [0mBSON parser: int32:
[0m[95m [1776432794.783795] BSON Parser: [0m2
[0m[91m [1776432794.783802] BSON Message: [0mInside sensor type parsing.
[91m [1776432794.783807] BSON Message: [0mInside sensor type parsing end.
[95m [1776432794.783812] BSON Parser: [0mBSON parser: type: '2' key: 'sid'
[0m[95m [1776432794.783819] BSON Parser: [0mBSON parser: string
[0m[95m [1776432794.783825] BSON Parser: [0mBSON parser: 8 'device_0'
[0m[91m [1776432794.783831] BSON Message: [0mInside sid parsing
[95m [1776432794.783836] BSON Parser: [0mBSON parser: type: '8' key: 'dev'
[0m[95m [1776432794.783843] BSON Parser: [0mBSON parser: boolean false
[0m[95m [1776432794.783849] BSON Message: [0mBSON parser: debug .
[0m[95m [1776432794.783856] BSON Message: [0mBSON parser: debug . 0 dev 
[0m[95m [1776432794.783863] BSON Parser: [0mBSON parser: return. 46 length document has 46 bytes.
[0m[95m [1776432794.783870] BSON Parser: [0mBSON parser: return. 180 length document has 180 bytes.
[0m[95m [1776432794.783877] Transport: [0mComing to handle fragmentation 2
[0m[91m [1776432794.783884] Client: [0m---before writing in log upd_msg->seq_no= 0
[91m [1776432794.783889] Client: [0m---before writing in log upd_msg->type= 4
[91m [1776432794.783893] Client: [0m---before writing in log upd_msg->frag_no= 0
[91m [1776432794.783898] Client: [0m---before writing in log upd_msg->reliable= 1
[91m [1776432794.783903] Client: [0m---before writing in log upd_msg->data.sensor_type= 2
[91m [1776432794.783908] Client: [0m---before writing in log upd_msg->data.sid= device_0
[91m [1776432794.783919] Client: [0m---after writing in log upd_msg->seq_no = 0
[91m [1776432794.783924] Client: [0m---after writing in log upd_msg->data.sensor_type = 2
[91m [1776432794.783929] Client: [0m---after writing in log upd_msg->reliable = 1
[95m [1776432794.783934] Client: [0mSending acknowledgment.
[0m[95m [1776432794.783941] Client Module: [0m---------Sending Update acknowledgment from client.-----------
[0m[95m [1776432794.783951] BSON Message: [0m-------------Before Serializing Update acknowledgment.--------------
[0m[95m [1776432794.783958] BSON Message: [0m-------------After Serializing Update acknowledgment.--------------
[0m[95m [1776432794.783964] BSON Message: [0m-------------Before Serializing Update acknowledgment.--------------
[0m[95m [1776432794.783970] BSON Message: [0m-------------After Serializing Update acknowledgment.--------------
[0m[95m [1776432794.979633] Transport: [0mReceived 180 bytes
[0m[95m [1776432794.979692] BSON Parser: [0mParsing client packet
[0m[95m [1776432794.979697] BSON Parser: [0mDocument length: 180 bytes
[0m[95m [1776432794.979704] BSON Parser: [0mBSON parser: type: '16' key: 'type'
[0m[95m [1776432794.979710] BSON Parser: [0mBSON parser: int32:
[0m[95m [1776432794.979715] BSON Parser: [0m4
[0m[95m [1776432794.979721] BSON Parser: [0mBSON parser: type: '8' key: 'reliable'
[0m[95m [1776432794.979727] BSON Parser: [0mBSON parser: boolean true
[0m[95m [1776432794.979880] BSON Message: [0mBSON parser: debug .
[0m[95m [1776432794.979903] BSON Message: [0mBSON parser: debug . 0 reliable 
[0m[95m [1776432794.979985] BSON Parser: [0mBSON parser: type: '16' key: 'seq_no'
[0m[95m [1776432794.980024] BSON Parser: [0mBSON parser: int32:
[0m[95m [1776432794.980031] BSON Parser: [0m1
[0m[95m [1776432794.980102] BSON Parser: [0mBSON parser: type: '8' key: 'end_marker'
[0m[95m [1776432794.980109] BSON Parser: [0mBSON parser: boolean true
[0m[95m [1776432794.980182] BSON Message: [0mBSON parser: debug .
[0m[95m [1776432794.980294] BSON Message: [0mBSON parser: debug . 0 end_marker 
[0m[95m [1776432794.980301] BSON Parser: [0mBSON parser: type: '8' key: 'fragmented'
[0m[95m [1776432794.980309] BSON Parser: [0mBSON parser: boolean false
[0m[95m [1776432794.980316] BSON Message: [0mBSON parser: debug .
[0m[95m [1776432794.980322] BSON Message: [0mBSON parser: debug . 0 fragmented 
[0m[95m [1776432794.980330] BSON Parser: [0mBSON parser: type: '8' key: 'utilize_timestamp'
[0m[95m [1776432794.980337] BSON Parser: [0mBSON parser: boolean false
[0m[95m [1776432794.980344] BSON Message: [0mBSON parser: debug .
[0m[95m [1776432794.980351] BSON Message: [0mBSON parser: debug . 0 utilize_timestamp 
[0m[95m [1776432794.980359] BSON Parser: [0mBSON parser: type: '16' key: 'frag_no'
[0m[95m [1776432794.980366] BSON Parser: [0mBSON parser: int32:
[0m[95m [1776432794.980373] BSON Parser: [0m0
[0m[95m [1776432794.980379] BSON Parser: [0mBSON parser: type: '16' key: 'frag_total'
[0m[95m [1776432794.980386] BSON Parser: [0mBSON parser: int32:
[0m[95m [1776432794.980392] BSON Parser: [0m1
[0m[95m [1776432794.980399] BSON Parser: [0mBSON parser: type: '16' key: 'timestamp'
[0m[95m [1776432794.980405] BSON Parser: [0mBSON parser: int32:
[0m[95m [1776432794.980412] BSON Parser: [0m-1206255616
[0m[95m [1776432794.980418] BSON Parser: [0mBSON parser: type: '3' key: 'data'
[0m[95m [1776432794.980424] BSON Parser: [0mBSON parser: object
[0m[95m [1776432794.980431] BSON Parser: [0mParsing client packet
[0m[95m [1776432794.980437] BSON Parser: [0mDocument length: 46 bytes
[0m[95m [1776432794.980443] BSON Parser: [0mBSON parser: type: '16' key: 'sensor_type'
[0m[95m [1776432794.980450] BSON Parser: [0mBSON parser: int32:
[0m[95m [1776432794.980456] BSON Parser: [0m2
[0m[91m [1776432794.980463] BSON Message: [0mInside sensor type parsing.
[91m [1776432794.980468] BSON Message: [0mInside sensor type parsing end.
[95m [1776432794.980472] BSON Parser: [0mBSON parser: type: '2' key: 'sid'
[0m[95m [1776432794.980479] BSON Parser: [0mBSON parser: string
[0m[95m [1776432794.980485] BSON Parser: [0mBSON parser: 8 'device_0'
[0m[91m [1776432794.980492] BSON Message: [0mInside sid parsing
[95m [1776432794.980497] BSON Parser: [0mBSON parser: type: '8' key: 'dev'
[0m[95m [1776432794.980504] BSON Parser: [0mBSON parser: boolean true
[0m[95m [1776432794.980510] BSON Message: [0mBSON parser: debug .
[0m[95m [1776432794.980516] BSON Message: [0mBSON parser: debug . 0 dev 
[0m[95m [1776432794.980523] BSON Parser: [0mBSON parser: return. 46 length document has 46 bytes.
[0m[95m [1776432794.980529] BSON Parser: [0mBSON parser: return. 180 length document has 180 bytes.
[0m[95m [1776432794.980535] Transport: [0mComing to handle fragmentation 2
[0m[91m [1776432794.980543] Client: [0m---before writing in log upd_msg->seq_no= 1
[91m [1776432794.980547] Client: [0m---before writing in log upd_msg->type= 4
[91m [1776432794.980551] Client: [0m---before writing in log upd_msg->frag_no= 0
[91m [1776432794.980555] Client: [0m---before writing in log upd_msg->reliable= 1
[91m [1776432794.980560] Client: [0m---before writing in log upd_msg->data.sensor_type= 2
[91m [1776432794.980564] Client: [0m---before writing in log upd_msg->data.sid= device_0
[91m [1776432794.980570] Client: [0m---after writing in log upd_msg->seq_no = 1
[91m [1776432794.980574] Client: [0m---after writing in log upd_msg->data.sensor_type = 2
[91m [1776432794.980577] Client: [0m---after writing in log upd_msg->reliable = 1
[95m [1776432794.980584] Client: [0mSending acknowledgment.
[0m[95m [1776432794.980589] Client Module: [0m---------Sending Update acknowledgment from client.-----------
[0m[95m [1776432794.980706] BSON Message: [0m-------------Before Serializing Update acknowledgment.--------------
[0m[95m [1776432794.980713] BSON Message: [0m-------------After Serializing Update acknowledgment.--------------
[0m[95m [1776432794.980720] BSON Message: [0m-------------Before Serializing Update acknowledgment.--------------
[0m[95m [1776432794.980726] BSON Message: [0m-------------After Serializing Update acknowledgment.--------------
[0m[95m [1776432795.299713] Transport: [0mReceived 180 bytes
[0m[95m [1776432795.299726] BSON Parser: [0mParsing client packet
[0m[95m [1776432795.299732] BSON Parser: [0mDocument length: 180 bytes
[0m[95m [1776432795.299741] BSON Parser: [0mBSON parser: type: '16' key: 'type'
[0m[95m [1776432795.299747] BSON Parser: [0mBSON parser: int32:
[0m[95m [1776432795.299753] BSON Parser: [0m4
[0m[95m [1776432795.299759] BSON Parser: [0mBSON parser: type: '8' key: 'reliable'
[0m[95m [1776432795.299765] BSON Parser: [0mBSON parser: boolean true
[0m[95m [1776432795.299771] BSON Message: [0mBSON parser: debug .
[0m[95m [1776432795.299776] BSON Message: [0mBSON parser: debug . 0 reliable 
[0m[95m [1776432795.299782] BSON Parser: [0mBSON parser: type: '16' key: 'seq_no'
[0m[95m [1776432795.299788] BSON Parser: [0mBSON parser: int32:
[0m[95m [1776432795.299793] BSON Parser: [0m1
[0m[95m [1776432795.299799] BSON Parser: [0mBSON parser: type: '8' key: 'end_marker'
[0m[95m [1776432795.299805] BSON Parser: [0mBSON parser: boolean true
[0m[95m [1776432795.299810] BSON Message: [0mBSON parser: debug .
[0m[95m [1776432795.299816] BSON Message: [0mBSON parser: debug . 0 end_marker 
[0m[95m [1776432795.299822] BSON Parser: [0mBSON parser: type: '8' key: 'fragmented'
[0m[95m [1776432795.299828] BSON Parser: [0mBSON parser: boolean false
[0m[95m [1776432795.299833] BSON Message: [0mBSON parser: debug .
[0m[95m [1776432795.299838] BSON Message: [0mBSON parser: debug . 0 fragmented 
[0m[95m [1776432795.299844] BSON Parser: [0mBSON parser: type: '8' key: 'utilize_timestamp'
[0m[95m [1776432795.299850] BSON Parser: [0mBSON parser: boolean false
[0m[95m [1776432795.299856] BSON Message: [0mBSON parser: debug .
[0m[95m [1776432795.299864] BSON Message: [0mBSON parser: debug . 0 utilize_timestamp 
[0m[95m [1776432795.299871] BSON Parser: [0mBSON parser: type: '16' key: 'frag_no'
[0m[95m [1776432795.299877] BSON Parser: [0mBSON parser: int32:
[0m[95m [1776432795.299883] BSON Parser: [0m0
[0m[95m [1776432795.299889] BSON Parser: [0mBSON parser: type: '16' key: 'frag_total'
[0m[95m [1776432795.299895] BSON Parser: [0mBSON parser: int32:
[0m[95m [1776432795.299900] BSON Parser: [0m1
[0m[95m [1776432795.299906] BSON Parser: [0mBSON parser: type: '16' key: 'timestamp'
[0m[95m [1776432795.299912] BSON Parser: [0mBSON parser: int32:
[0m[95m [1776432795.299918] BSON Parser: [0m-1206190080
[0m[95m [1776432795.299924] BSON Parser: [0mBSON parser: type: '3' key: 'data'
[0m[95m [1776432795.299930] BSON Parser: [0mBSON parser: object
[0m[95m [1776432795.299936] BSON Parser: [0mParsing client packet
[0m[95m [1776432795.299941] BSON Parser: [0mDocument length: 46 bytes
[0m[95m [1776432795.299948] BSON Parser: [0mBSON parser: type: '16' key: 'sensor_type'
[0m[95m [1776432795.299954] BSON Parser: [0mBSON parser: int32:
[0m[95m [1776432795.299960] BSON Parser: [0m2
[0m[91m [1776432795.299966] BSON Message: [0mInside sensor type parsing.
[91m [1776432795.299971] BSON Message: [0mInside sensor type parsing end.
[95m [1776432795.299975] BSON Parser: [0mBSON parser: type: '2' key: 'sid'
[0m[95m [1776432795.299981] BSON Parser: [0mBSON parser: string
[0m[95m [1776432795.299987] BSON Parser: [0mBSON parser: 8 'device_0'
[0m[91m [1776432795.299993] BSON Message: [0mInside sid parsing
[95m [1776432795.299998] BSON Parser: [0mBSON parser: type: '8' key: 'dev'
[0m[95m [1776432795.300021] BSON Parser: [0mBSON parser: boolean true
[0m[95m [1776432795.300027] BSON Message: [0mBSON parser: debug .
[0m[95m [1776432795.300033] BSON Message: [0mBSON parser: debug . 0 dev 
[0m[95m [1776432795.300039] BSON Parser: [0mBSON parser: return. 46 length document has 46 bytes.
[0m[95m [1776432795.300046] BSON Parser: [0mBSON parser: return. 180 length document has 180 bytes.
[0m[95m [1776432795.300052] Transport: [0mComing to handle fragmentation 2
[0m[91m [1776432795.300059] Client: [0m---before writing in log upd_msg->seq_no= 1
[91m [1776432795.300063] Client: [0m---before writing in log upd_msg->type= 4
[91m [1776432795.300067] Client: [0m---before writing in log upd_msg->frag_no= 0
[91m [1776432795.300071] Client: [0m---before writing in log upd_msg->reliable= 1
[91m [1776432795.300075] Client: [0m---before writing in log upd_msg->data.sensor_type= 2
[91m [1776432795.300078] Client: [0m---before writing in log upd_msg->data.sid= device_0
[91m [1776432795.300083] Client: [0m---after writing in log upd_msg->seq_no = 1
[91m [1776432795.300087] Client: [0m---after writing in log upd_msg->data.sensor_type = 2
[91m [1776432795.300091] Client: [0m---after writing in log upd_msg->reliable = 1
[95m [1776432795.300095] Client: [0mSending acknowledgment.
[0m[95m [1776432795.300101] Client Module: [0m---------Sending Update acknowledgment from client.-----------
[0m[95m [1776432795.300107] BSON Message: [0m-------------Before Serializing Update acknowledgment.--------------
[0m[95m [1776432795.300113] BSON Message: [0m-------------After Serializing Update acknowledgment.--------------
[0m[95m [1776432795.300120] BSON Message: [0m-------------Before Serializing Update acknowledgment.--------------
[0m[95m [1776432795.300126] BSON Message: [0m-------------After Serializing Update acknowledgment.--------------
[0m[95m [1776432795.307528] Transport: [0mReceived 180 bytes
[0m[95m [1776432795.307545] BSON Parser: [0mParsing client packet
[0m[95m [1776432795.307551] BSON Parser: [0mDocument length: 180 bytes
[0m[95m [1776432795.307558] BSON Parser: [0mBSON parser: type: '16' key: 'type'
[0m[95m [1776432795.307565] BSON Parser: [0mBSON parser: int32:
[0m[95m [1776432795.307571] BSON Parser: [0m4
[0m[95m [1776432795.307577] BSON Parser: [0mBSON parser: type: '8' key: 'reliable'
[0m[95m [1776432795.307583] BSON Parser: [0mBSON parser: boolean true
[0m[95m [1776432795.307589] BSON Message: [0mBSON parser: debug .
[0m[95m [1776432795.307595] BSON Message: [0mBSON parser: debug . 0 reliable 
[0m[95m [1776432795.307602] BSON Parser: [0mBSON parser: type: '16' key: 'seq_no'
[0m[95m [1776432795.307607] BSON Parser: [0mBSON parser: int32:
[0m[95m [1776432795.307614] BSON Parser: [0m1
[0m[95m [1776432795.307621] BSON Parser: [0mBSON parser: type: '8' key: 'end_marker'
[0m[95m [1776432795.307627] BSON Parser: [0mBSON parser: boolean true
[0m[95m [1776432795.307633] BSON Message: [0mBSON parser: debug .
[0m[95m [1776432795.307639] BSON Message: [0mBSON parser: debug . 0 end_marker 
[0m[95m [1776432795.307645] BSON Parser: [0mBSON parser: type: '8' key: 'fragmented'
[0m[95m [1776432795.307651] BSON Parser: [0mBSON parser: boolean false
[0m[95m [1776432795.307657] BSON Message: [0mBSON parser: debug .
[0m[95m [1776432795.307663] BSON Message: [0mBSON parser: debug . 0 fragmented 
[0m[95m [1776432795.307669] BSON Parser: [0mBSON parser: type: '8' key: 'utilize_timestamp'
[0m[95m [1776432795.307675] BSON Parser: [0mBSON parser: boolean false
[0m[95m [1776432795.307682] BSON Message: [0mBSON parser: debug .
[0m[95m [1776432795.307689] BSON Message: [0mBSON parser: debug . 0 utilize_timestamp 
[0m[95m [1776432795.307695] BSON Parser: [0mBSON parser: type: '16' key: 'frag_no'
[0m[95m [1776432795.307701] BSON Parser: [0mBSON parser: int32:
[0m[95m [1776432795.307707] BSON Parser: [0m0
[0m[95m [1776432795.307713] BSON Parser: [0mBSON parser: type: '16' key: 'frag_total'
[0m[95m [1776432795.307723] BSON Parser: [0mBSON parser: int32:
[0m[95m [1776432795.307729] BSON Parser: [0m1
[0m[95m [1776432795.307736] BSON Parser: [0mBSON parser: type: '16' key: 'timestamp'
[0m[95m [1776432795.307742] BSON Parser: [0mBSON parser: int32:
[0m[95m [1776432795.307748] BSON Parser: [0m-1206190080
[0m[95m [1776432795.307754] BSON Parser: [0mBSON parser: type: '3' key: 'data'
[0m[95m [1776432795.307760] BSON Parser: [0mBSON parser: object
[0m[95m [1776432795.307765] BSON Parser: [0mParsing client packet
[0m[95m [1776432795.307771] BSON Parser: [0mDocument length: 46 bytes
[0m[95m [1776432795.307777] BSON Parser: [0mBSON parser: type: '16' key: 'sensor_type'
[0m[95m [1776432795.307783] BSON Parser: [0mBSON parser: int32:
[0m[95m [1776432795.307789] BSON Parser: [0m2
[0m[91m [1776432795.307795] BSON Message: [0mInside sensor type parsing.
[91m [1776432795.307799] BSON Message: [0mInside sensor type parsing end.
[95m [1776432795.307804] BSON Parser: [0mBSON parser: type: '2' key: 'sid'
[0m[95m [1776432795.307810] BSON Parser: [0mBSON parser: string
[0m[95m [1776432795.307816] BSON Parser: [0mBSON parser: 8 'device_0'
[0m[91m [1776432795.307822] BSON Message: [0mInside sid parsing
[95m [1776432795.307827] BSON Parser: [0mBSON parser: type: '8' key: 'dev'
[0m[95m [1776432795.307833] BSON Parser: [0mBSON parser: boolean true
[0m[95m [1776432795.307839] BSON Message: [0mBSON parser: debug .
[0m[95m [1776432795.307845] BSON Message: [0mBSON parser: debug . 0 dev 
[0m[95m [1776432795.307851] BSON Parser: [0mBSON parser: return. 46 length document has 46 bytes.
[0m[95m [1776432795.307857] BSON Parser: [0mBSON parser: return. 180 length document has 180 bytes.
[0m[95m [1776432795.307864] Transport: [0mComing to handle fragmentation 2
[0m[91m [1776432795.307871] Client: [0m---before writing in log upd_msg->seq_no= 1
[91m [1776432795.307875] Client: [0m---before writing in log upd_msg->type= 4
[91m [1776432795.307879] Client: [0m---before writing in log upd_msg->frag_no= 0
[91m [1776432795.307883] Client: [0m---before writing in log upd_msg->reliable= 1
[91m [1776432795.307887] Client: [0m---before writing in log upd_msg->data.sensor_type= 2
[91m [1776432795.307891] Client: [0m---before writing in log upd_msg->data.sid= device_0
[91m [1776432795.307897] Client: [0m---after writing in log upd_msg->seq_no = 1
[91m [1776432795.307901] Client: [0m---after writing in log upd_msg->data.sensor_type = 2
[91m [1776432795.307905] Client: [0m---after writing in log upd_msg->reliable = 1
[95m [1776432795.307909] Client: [0mSending acknowledgment.
[0m[95m [1776432795.307915] Client Module: [0m---------Sending Update acknowledgment from client.-----------
[0m[95m [1776432795.307921] BSON Message: [0m-------------Before Serializing Update acknowledgment.--------------
[0m[95m [1776432795.307927] BSON Message: [0m-------------After Serializing Update acknowledgment.--------------
[0m[95m [1776432795.307933] BSON Message: [0m-------------Before Serializing Update acknowledgment.--------------
[0m[95m [1776432795.307939] BSON Message: [0m-------------After Serializing Update acknowledgment.--------------
[0m[95m [1776432795.320848] Transport: [0mReceived 180 bytes
[0m[95m [1776432795.320874] BSON Parser: [0mParsing client packet
[0m[95m [1776432795.321057] BSON Parser: [0mDocument length: 180 bytes
[0m[95m [1776432795.321078] BSON Parser: [0mBSON parser: type: '16' key: 'type'
[0m[95m [1776432795.321084] BSON Parser: [0mBSON parser: int32:
[0m[95m [1776432795.321091] BSON Parser: [0m4
[0m[95m [1776432795.321098] BSON Parser: [0mBSON parser: type: '8' key: 'reliable'
[0m[95m [1776432795.321105] BSON Parser: [0mBSON parser: boolean true
[0m[95m [1776432795.321109] BSON Message: [0mBSON parser: debug .
[0m[95m [1776432795.321114] BSON Message: [0mBSON parser: debug . 0 reliable 
[0m[95m [1776432795.321119] BSON Parser: [0mBSON parser: type: '16' key: 'seq_no'
[0m[95m [1776432795.321123] BSON Parser: [0mBSON parser: int32:
[0m[95m [1776432795.321132] BSON Parser: [0m1
[0m[95m [1776432795.321136] BSON Parser: [0mBSON parser: type: '8' key: 'end_marker'
[0m[95m [1776432795.321141] BSON Parser: [0mBSON parser: boolean true
[0m[95m [1776432795.321146] BSON Message: [0mBSON parser: debug .
[0m[95m [1776432795.321152] BSON Message: [0mBSON parser: debug . 0 end_marker 
[0m[95m [1776432795.321157] BSON Parser: [0mBSON parser: type: '8' key: 'fragmented'
[0m[95m [1776432795.321164] BSON Parser: [0mBSON parser: boolean false
[0m[95m [1776432795.321170] BSON Message: [0mBSON parser: debug .
[0m[95m [1776432795.321176] BSON Message: [0mBSON parser: debug . 0 fragmented 
[0m[95m [1776432795.321182] BSON Parser: [0mBSON parser: type: '8' key: 'utilize_timestamp'
[0m[95m [1776432795.321188] BSON Parser: [0mBSON parser: boolean false
[0m[95m [1776432795.321194] BSON Message: [0mBSON parser: debug .
[0m[95m [1776432795.321199] BSON Message: [0mBSON parser: debug . 0 utilize_timestamp 
[0m[95m [1776432795.321205] BSON Parser: [0mBSON parser: type: '16' key: 'frag_no'
[0m[95m [1776432795.321211] BSON Parser: [0mBSON parser: int32:
[0m[95m [1776432795.321216] BSON Parser: [0m0
[0m[95m [1776432795.321222] BSON Parser: [0mBSON parser: type: '16' key: 'frag_total'
[0m[95m [1776432795.321227] BSON Parser: [0mBSON parser: int32:
[0m[95m [1776432795.321233] BSON Parser: [0m1
[0m[95m [1776432795.321239] BSON Parser: [0mBSON parser: type: '16' key: 'timestamp'
[0m[95m [1776432795.321245] BSON Parser: [0mBSON parser: int32:
[0m[95m [1776432795.321250] BSON Parser: [0m-1206190080
[0m[95m [1776432795.321256] BSON Parser: [0mBSON parser: type: '3' key: 'data'
[0m[95m [1776432795.321262] BSON Parser: [0mBSON parser: object
[0m[95m [1776432795.321268] BSON Parser: [0mParsing client packet
[0m[95m [1776432795.321273] BSON Parser: [0mDocument length: 46 bytes
[0m[95m [1776432795.321279] BSON Parser: [0mBSON parser: type: '16' key: 'sensor_type'
[0m[95m [1776432795.321285] BSON Parser: [0mBSON parser: int32:
[0m[95m [1776432795.321290] BSON Parser: [0m2
[0m[91m [1776432795.321296] BSON Message: [0mInside sensor type parsing.
[91m [1776432795.321300] BSON Message: [0mInside sensor type parsing end.
[95m [1776432795.321304] BSON Parser: [0mBSON parser: type: '2' key: 'sid'
[0m[95m [1776432795.321310] BSON Parser: [0mBSON parser: string
[0m[95m [1776432795.321317] BSON Parser: [0mBSON parser: 8 'device_0'
[0m[91m [1776432795.321323] BSON Message: [0mInside sid parsing
[95m [1776432795.321328] BSON Parser: [0mBSON parser: type: '8' key: 'dev'
[0m[95m [1776432795.321334] BSON Parser: [0mBSON parser: boolean true
[0m[95m [1776432795.321340] BSON Message: [0mBSON parser: debug .
[0m[95m [1776432795.321346] BSON Message: [0mBSON parser: debug . 0 dev 
[0m[95m [1776432795.321353] BSON Parser: [0mBSON parser: return. 46 length document has 46 bytes.
[0m[95m [1776432795.321358] BSON Parser: [0mBSON parser: return. 180 length document has 180 bytes.
[0m[95m [1776432795.321364] Transport: [0mComing to handle fragmentation 2
[0m[91m [1776432795.321371] Client: [0m---before writing in log upd_msg->seq_no= 1
[91m [1776432795.321375] Client: [0m---before writing in log upd_msg->type= 4
[91m [1776432795.321379] Client: [0m---before writing in log upd_msg->frag_no= 0
[91m [1776432795.321383] Client: [0m---before writing in log upd_msg->reliable= 1
[91m [1776432795.321387] Client: [0m---before writing in log upd_msg->data.sensor_type= 2
[91m [1776432795.321391] Client: [0m---before writing in log upd_msg->data.sid= device_0
[91m [1776432795.321396] Client: [0m---after writing in log upd_msg->seq_no = 1
[91m [1776432795.321400] Client: [0m---after writing in log upd_msg->data.sensor_type = 2
[91m [1776432795.321405] Client: [0m---after writing in log upd_msg->reliable = 1
[95m [1776432795.321409] Client: [0mSending acknowledgment.
[0m[95m [1776432795.321415] Client Module: [0m---------Sending Update acknowledgment from client.-----------
[0m[95m [1776432795.321425] BSON Message: [0m-------------Before Serializing Update acknowledgment.--------------
[0m[95m [1776432795.321432] BSON Message: [0m-------------After Serializing Update acknowledgment.--------------
[0m[95m [1776432795.321437] BSON Message: [0m-------------Before Serializing Update acknowledgment.--------------
[0m[95m [1776432795.321443] BSON Message: [0m-------------After Serializing Update acknowledgment.--------------
[0m[95m [1776432795.353779] Transport: [0mReceived 180 bytes
[0m[95m [1776432795.353793] BSON Parser: [0mParsing client packet
[0m[95m [1776432795.353799] BSON Parser: [0mDocument length: 180 bytes
[0m[95m [1776432795.353807] BSON Parser: [0mBSON parser: type: '16' key: 'type'
[0m[95m [1776432795.353814] BSON Parser: [0mBSON parser: int32:
[0m[95m [1776432795.353820] BSON Parser: [0m4
[0m[95m [1776432795.353826] BSON Parser: [0mBSON parser: type: '8' key: 'reliable'
[0m[95m [1776432795.353832] BSON Parser: [0mBSON parser: boolean true
[0m[95m [1776432795.353838] BSON Message: [0mBSON parser: debug .
[0m[95m [1776432795.353848] BSON Message: [0mBSON parser: debug . 0 reliable 
[0m[95m [1776432795.353855] BSON Parser: [0mBSON parser: type: '16' key: 'seq_no'
[0m[95m [1776432795.353862] BSON Parser: [0mBSON parser: int32:
[0m[95m [1776432795.353869] BSON Parser: [0m1
[0m[95m [1776432795.353875] BSON Parser: [0mBSON parser: type: '8' key: 'end_marker'
[0m[95m [1776432795.353881] BSON Parser: [0mBSON parser: boolean true
[0m[95m [1776432795.353889] BSON Message: [0mBSON parser: debug .
[0m[95m [1776432795.353896] BSON Message: [0mBSON parser: debug . 0 end_marker 
[0m[95m [1776432795.353902] BSON Parser: [0mBSON parser: type: '8' key: 'fragmented'
[0m[95m [1776432795.353908] BSON Parser: [0mBSON parser: boolean false
[0m[95m [1776432795.353915] BSON Message: [0mBSON parser: debug .
[0m[95m [1776432795.353921] BSON Message: [0mBSON parser: debug . 0 fragmented 
[0m[95m [1776432795.353928] BSON Parser: [0mBSON parser: type: '8' key: 'utilize_timestamp'
[0m[95m [1776432795.353934] BSON Parser: [0mBSON parser: boolean false
[0m[95m [1776432795.353941] BSON Message: [0mBSON parser: debug .
[0m[95m [1776432795.353947] BSON Message: [0mBSON parser: debug . 0 utilize_timestamp 
[0m[95m [1776432795.353953] BSON Parser: [0mBSON parser: type: '16' key: 'frag_no'
[0m[95m [1776432795.353960] BSON Parser: [0mBSON parser: int32:
[0m[95m [1776432795.353966] BSON Parser: [0m0
[0m[95m [1776432795.353973] BSON Parser: [0mBSON parser: type: '16' key: 'frag_total'
[0m[95m [1776432795.353980] BSON Parser: [0mBSON parser: int32:
[0m[95m [1776432795.353986] BSON Parser: [0m1
[0m[95m [1776432795.353995] BSON Parser: [0mBSON parser: type: '16' key: 'timestamp'
[0m[95m [1776432795.354001] BSON Parser: [0mBSON parser: int32:
[0m[95m [1776432795.354015] BSON Parser: [0m-1206190080
[0m[95m [1776432795.354025] BSON Parser: [0mBSON parser: type: '3' key: 'data'
[0m[95m [1776432795.354032] BSON Parser: [0mBSON parser: object
[0m[95m [1776432795.354038] BSON Parser: [0mParsing client packet
[0m[95m [1776432795.354044] BSON Parser: [0mDocument length: 46 bytes
[0m[95m [1776432795.354050] BSON Parser: [0mBSON parser: type: '16' key: 'sensor_type'
[0m[95m [1776432795.354057] BSON Parser: [0mBSON parser: int32:
[0m[95m [1776432795.354064] BSON Parser: [0m2
[0m[91m [1776432795.354071] BSON Message: [0mInside sensor type parsing.
[91m [1776432795.354076] BSON Message: [0mInside sensor type parsing end.
[95m [1776432795.354081] BSON Parser: [0mBSON parser: type: '2' key: 'sid'
[0m[95m [1776432795.354087] BSON Parser: [0mBSON parser: string
[0m[95m [1776432795.354094] BSON Parser: [0mBSON parser: 8 'device_0'
[0m[91m [1776432795.354101] BSON Message: [0mInside sid parsing
[95m [1776432795.354106] BSON Parser: [0mBSON parser: type: '8' key: 'dev'
[0m[95m [1776432795.354112] BSON Parser: [0mBSON parser: boolean true
[0m[95m [1776432795.354119] BSON Message: [0mBSON parser: debug .
[0m[95m [1776432795.354130] BSON Message: [0mBSON parser: debug . 0 dev 
[0m[95m [1776432795.354137] BSON Parser: [0mBSON parser: return. 46 length document has 46 bytes.
[0m[95m [1776432795.354144] BSON Parser: [0mBSON parser: return. 180 length document has 180 bytes.
[0m[95m [1776432795.354154] Transport: [0mComing to handle fragmentation 2
[0m[91m [1776432795.354161] Client: [0m---before writing in log upd_msg->seq_no= 1
[91m [1776432795.354165] Client: [0m---before writing in log upd_msg->type= 4
[91m [1776432795.354169] Client: [0m---before writing in log upd_msg->frag_no= 0
[91m [1776432795.354174] Client: [0m---before writing in log upd_msg->reliable= 1
[91m [1776432795.354178] Client: [0m---before writing in log upd_msg->data.sensor_type= 2
[91m [1776432795.354182] Client: [0m---before writing in log upd_msg->data.sid= device_0
[91m [1776432795.354188] Client: [0m---after writing in log upd_msg->seq_no = 1
[91m [1776432795.354193] Client: [0m---after writing in log upd_msg->data.sensor_type = 2
[91m [1776432795.354198] Client: [0m---after writing in log upd_msg->reliable = 1
[95m [1776432795.354202] Client: [0mSending acknowledgment.
[0m[95m [1776432795.354208] Client Module: [0m---------Sending Update acknowledgment from client.-----------
[0m[95m [1776432795.354214] BSON Message: [0m-------------Before Serializing Update acknowledgment.--------------
[0m[95m [1776432795.354221] BSON Message: [0m-------------After Serializing Update acknowledgment.--------------
[0m[95m [1776432795.354228] BSON Message: [0m-------------Before Serializing Update acknowledgment.--------------
[0m[95m [1776432795.354235] BSON Message: [0m-------------After Serializing Update acknowledgment.--------------
[0m[95m [1776432795.357871] Transport: [0mReceived 180 bytes
[0m[95m [1776432795.357884] BSON Parser: [0mParsing client packet
[0m[95m [1776432795.357891] BSON Parser: [0mDocument length: 180 bytes
[0m[95m [1776432795.357898] BSON Parser: [0mBSON parser: type: '16' key: 'type'
[0m[95m [1776432795.357905] BSON Parser: [0mBSON parser: int32:
[0m[95m [1776432795.357912] BSON Parser: [0m4
[0m[95m [1776432795.357919] BSON Parser: [0mBSON parser: type: '8' key: 'reliable'
[0m[95m [1776432795.357925] BSON Parser: [0mBSON parser: boolean true
[0m[95m [1776432795.357931] BSON Message: [0mBSON parser: debug .
[0m[95m [1776432795.357938] BSON Message: [0mBSON parser: debug . 0 reliable 
[0m[95m [1776432795.357945] BSON Parser: [0mBSON parser: type: '16' key: 'seq_no'
[0m[95m [1776432795.357952] BSON Parser: [0mBSON parser: int32:
[0m[95m [1776432795.357958] BSON Parser: [0m1
[0m[95m [1776432795.357964] BSON Parser: [0mBSON parser: type: '8' key: 'end_marker'
[0m[95m [1776432795.357971] BSON Parser: [0mBSON parser: boolean true
[0m[95m [1776432795.357977] BSON Message: [0mBSON parser: debug .
[0m[95m [1776432795.357983] BSON Message: [0mBSON parser: debug . 0 end_marker 
[0m[95m [1776432795.357990] BSON Parser: [0mBSON parser: type: '8' key: 'fragmented'
[0m[95m [1776432795.357997] BSON Parser: [0mBSON parser: boolean false
[0m[95m [1776432795.358003] BSON Message: [0mBSON parser: debug .
[0m[95m [1776432795.358079] BSON Message: [0mBSON parser: debug . 0 fragmented 
[0m[95m [1776432795.358087] BSON Parser: [0mBSON parser: type: '8' key: 'utilize_timestamp'
[0m[95m [1776432795.358094] BSON Parser: [0mBSON parser: boolean false
[0m[95m [1776432795.358099] BSON Message: [0mBSON parser: debug .
[0m[95m [1776432795.358106] BSON Message: [0mBSON parser: debug . 0 utilize_timestamp 
[0m[95m [1776432795.358112] BSON Parser: [0mBSON parser: type: '16' key: 'frag_no'
[0m[95m [1776432795.358119] BSON Parser: [0mBSON parser: int32:
[0m[95m [1776432795.358125] BSON Parser: [0m0
[0m[95m [1776432795.358132] BSON Parser: [0mBSON parser: type: '16' key: 'frag_total'
[0m[95m [1776432795.358138] BSON Parser: [0mBSON parser: int32:
[0m[95m [1776432795.358144] BSON Parser: [0m1
[0m[95m [1776432795.358156] BSON Parser: [0mBSON parser: type: '16' key: 'timestamp'
[0m[95m [1776432795.358163] BSON Parser: [0mBSON parser: int32:
[0m[95m [1776432795.358170] BSON Parser: [0m-1206190080
[0m[95m [1776432795.358177] BSON Parser: [0mBSON parser: type: '3' key: 'data'
[0m[95m [1776432795.358183] BSON Parser: [0mBSON parser: object
[0m[95m [1776432795.358190] BSON Parser: [0mParsing client packet
[0m[95m [1776432795.358196] BSON Parser: [0mDocument length: 46 bytes
[0m[95m [1776432795.358203] BSON Parser: [0mBSON parser: type: '16' key: 'sensor_type'
[0m[95m [1776432795.358210] BSON Parser: [0mBSON parser: int32:
[0m[95m [1776432795.358216] BSON Parser: [0m2
[0m[91m [1776432795.358222] BSON Message: [0mInside sensor type parsing.
[91m [1776432795.358227] BSON Message: [0mInside sensor type parsing end.
[95m [1776432795.358232] BSON Parser: [0mBSON parser: type: '2' key: 'sid'
[0m[95m [1776432795.358239] BSON Parser: [0mBSON parser: string
[0m[95m [1776432795.358246] BSON Parser: [0mBSON parser: 8 'device_0'
[0m[91m [1776432795.358251] BSON Message: [0mInside sid parsing
[95m [1776432795.358256] BSON Parser: [0mBSON parser: type: '8' key: 'dev'
[0m[95m [1776432795.358262] BSON Parser: [0mBSON parser: boolean true
[0m[95m [1776432795.358268] BSON Message: [0mBSON parser: debug .
[0m[95m [1776432795.358274] BSON Message: [0mBSON parser: debug . 0 dev 
[0m[95m [1776432795.358281] BSON Parser: [0mBSON parser: return. 46 length document has 46 bytes.
[0m[95m [1776432795.358287] BSON Parser: [0mBSON parser: return. 180 length document has 180 bytes.
[0m[95m [1776432795.358294] Transport: [0mComing to handle fragmentation 2
[0m[91m [1776432795.358301] Client: [0m---before writing in log upd_msg->seq_no= 1
[91m [1776432795.358306] Client: [0m---before writing in log upd_msg->type= 4
[91m [1776432795.358310] Client: [0m---before writing in log upd_msg->frag_no= 0
[91m [1776432795.358315] Client: [0m---before writing in log upd_msg->reliable= 1
[91m [1776432795.358320] Client: [0m---before writing in log upd_msg->data.sensor_type= 2
[91m [1776432795.358324] Client: [0m---before writing in log upd_msg->data.sid= device_0
[91m [1776432795.358329] Client: [0m---after writing in log upd_msg->seq_no = 1
[91m [1776432795.358333] Client: [0m---after writing in log upd_msg->data.sensor_type = 2
[91m [1776432795.358337] Client: [0m---after writing in log upd_msg->reliable = 1
[95m [1776432795.358341] Client: [0mSending acknowledgment.
[0m[95m [1776432795.358347] Client Module: [0m---------Sending Update acknowledgment from client.-----------
[0m[95m [1776432795.358352] BSON Message: [0m-------------Before Serializing Update acknowledgment.--------------
[0m[95m [1776432795.358358] BSON Message: [0m-------------After Serializing Update acknowledgment.--------------
[0m[95m [1776432795.358364] BSON Message: [0m-------------Before Serializing Update acknowledgment.--------------
[0m[95m [1776432795.358370] BSON Message: [0m-------------After Serializing Update acknowledgment.--------------
[0m[95m [1776432795.363853] Transport: [0mReceived 180 bytes
[0m[95m [1776432795.363864] BSON Parser: [0mParsing client packet
[0m[95m [1776432795.363870] BSON Parser: [0mDocument length: 180 bytes
[0m[95m [1776432795.363877] BSON Parser: [0mBSON parser: type: '16' key: 'type'
[0m[95m [1776432795.363883] BSON Parser: [0mBSON parser: int32:
[0m[95m [1776432795.363890] BSON Parser: [0m4
[0m[95m [1776432795.363897] BSON Parser: [0mBSON parser: type: '8' key: 'reliable'
[0m[95m [1776432795.363904] BSON Parser: [0mBSON parser: boolean true
[0m[95m [1776432795.363911] BSON Message: [0mBSON parser: debug .
[0m[95m [1776432795.363918] BSON Message: [0mBSON parser: debug . 0 reliable 
[0m[95m [1776432795.363925] BSON Parser: [0mBSON parser: type: '16' key: 'seq_no'
[0m[95m [1776432795.363931] BSON Parser: [0mBSON parser: int32:
[0m[95m [1776432795.363939] BSON Parser: [0m1
[0m[95m [1776432795.363945] BSON Parser: [0mBSON parser: type: '8' key: 'end_marker'
[0m[95m [1776432795.363957] BSON Parser: [0mBSON parser: boolean true
[0m[95m [1776432795.363964] BSON Message: [0mBSON parser: debug .
[0m[95m [1776432795.363970] BSON Message: [0mBSON parser: debug . 0 end_marker 
[0m[95m [1776432795.363977] BSON Parser: [0mBSON parser: type: '8' key: 'fragmented'
[0m[95m [1776432795.363984] BSON Parser: [0mBSON parser: boolean false
[0m[95m [1776432795.363991] BSON Message: [0mBSON parser: debug .
[0m[95m [1776432795.364000] BSON Message: [0mBSON parser: debug . 0 fragmented 
[0m[95m [1776432795.364013] BSON Parser: [0mBSON parser: type: '8' key: 'utilize_timestamp'
[0m[95m [1776432795.364022] BSON Parser: [0mBSON parser: boolean false
[0m[95m [1776432795.364029] BSON Message: [0mBSON parser: debug .
[0m[95m [1776432795.364036] BSON Message: [0mBSON parser: debug . 0 utilize_timestamp 
[0m[95m [1776432795.364043] BSON Parser: [0mBSON parser: type: '16' key: 'frag_no'
[0m[95m [1776432795.364050] BSON Parser: [0mBSON parser: int32:
[0m[95m [1776432795.364056] BSON Parser: [0m0
[0m[95m [1776432795.364063] BSON Parser: [0mBSON parser: type: '16' key: 'frag_total'
[0m[95m [1776432795.364070] BSON Parser: [0mBSON parser: int32:
[0m[95m [1776432795.364076] BSON Parser: [0m1
[0m[95m [1776432795.364083] BSON Parser: [0mBSON parser: type: '16' key: 'timestamp'
[0m[95m [1776432795.364090] BSON Parser: [0mBSON parser: int32:
[0m[95m [1776432795.364096] BSON Parser: [0m-1206190080
[0m[95m [1776432795.364103] BSON Parser: [0mBSON parser: type: '3' key: 'data'
[0m[95m [1776432795.364109] BSON Parser: [0mBSON parser: object
[0m[95m [1776432795.364115] BSON Parser: [0mParsing client packet
[0m[95m [1776432795.364121] BSON Parser: [0mDocument length: 46 bytes
[0m[95m [1776432795.364128] BSON Parser: [0mBSON parser: type: '16' key: 'sensor_type'
[0m[95m [1776432795.364134] BSON Parser: [0mBSON parser: int32:
[0m[95m [1776432795.364141] BSON Parser: [0m2
[0m[91m [1776432795.364148] BSON Message: [0mInside sensor type parsing.
[91m [1776432795.364153] BSON Message: [0mInside sensor type parsing end.
[95m [1776432795.364158] BSON Parser: [0mBSON parser: type: '2' key: 'sid'
[0m[95m [1776432795.364165] BSON Parser: [0mBSON parser: string
[0m[95m [1776432795.364172] BSON Parser: [0mBSON parser: 8 'device_0'
[0m[91m [1776432795.364180] BSON Message: [0mInside sid parsing
[95m [1776432795.364185] BSON Parser: [0mBSON parser: type: '8' key: 'dev'
[0m[95m [1776432795.364192] BSON Parser: [0mBSON parser: boolean true
[0m[95m [1776432795.364199] BSON Message: [0mBSON parser: debug .
[0m[95m [1776432795.364205] BSON Message: [0mBSON parser: debug . 0 dev 
[0m[95m [1776432795.364212] BSON Parser: [0mBSON parser: return. 46 length document has 46 bytes.
[0m[95m [1776432795.364219] BSON Parser: [0mBSON parser: return. 180 length document has 180 bytes.
[0m[95m [1776432795.364225] Transport: [0mComing to handle fragmentation 2
[0m[91m [1776432795.364232] Client: [0m---before writing in log upd_msg->seq_no= 1
[91m [1776432795.364236] Client: [0m---before writing in log upd_msg->type= 4
[91m [1776432795.364240] Client: [0m---before writing in log upd_msg->frag_no= 0
[91m [1776432795.364244] Client: [0m---before writing in log upd_msg->reliable= 1
[91m [1776432795.364248] Client: [0m---before writing in log upd_msg->data.sensor_type= 2
[91m [1776432795.364252] Client: [0m---before writing in log upd_msg->data.sid= device_0
[91m [1776432795.364257] Client: [0m---after writing in log upd_msg->seq_no = 1
[91m [1776432795.364262] Client: [0m---after writing in log upd_msg->data.sensor_type = 2
[91m [1776432795.364266] Client: [0m---after writing in log upd_msg->reliable = 1
[95m [1776432795.364270] Client: [0mSending acknowledgment.
[0m[95m [1776432795.364276] Client Module: [0m---------Sending Update acknowledgment from client.-----------
[0m[95m [1776432795.364282] BSON Message: [0m-------------Before Serializing Update acknowledgment.--------------
[0m[95m [1776432795.364292] BSON Message: [0m-------------After Serializing Update acknowledgment.--------------
[0m[95m [1776432795.364299] BSON Message: [0m-------------Before Serializing Update acknowledgment.--------------
[0m[95m [1776432795.364305] BSON Message: [0m-------------After Serializing Update acknowledgment.--------------
[0m[95m [1776432795.374451] Transport: [0mReceived 180 bytes
[0m[95m [1776432795.374465] BSON Parser: [0mParsing client packet
[0m[95m [1776432795.374471] BSON Parser: [0mDocument length: 180 bytes
[0m[95m [1776432795.374477] BSON Parser: [0mBSON parser: type: '16' key: 'type'
[0m[95m [1776432795.374484] BSON Parser: [0mBSON parser: int32:
[0m[95m [1776432795.374490] BSON Parser: [0m4
[0m[95m [1776432795.374497] BSON Parser: [0mBSON parser: type: '8' key: 'reliable'
[0m[95m [1776432795.374503] BSON Parser: [0mBSON parser: boolean true
[0m[95m [1776432795.374509] BSON Message: [0mBSON parser: debug .
[0m[95m [1776432795.374516] BSON Message: [0mBSON parser: debug . 0 reliable 
[0m[95m [1776432795.374522] BSON Parser: [0mBSON parser: type: '16' key: 'seq_no'
[0m[95m [1776432795.374529] BSON Parser: [0mBSON parser: int32:
[0m[95m [1776432795.374536] BSON Parser: [0m1
[0m[95m [1776432795.374543] BSON Parser: [0mBSON parser: type: '8' key: 'end_marker'
[0m[95m [1776432795.374549] BSON Parser: [0mBSON parser: boolean true
[0m[95m [1776432795.374554] BSON Message: [0mBSON parser: debug .
[0m[95m [1776432795.374560] BSON Message: [0mBSON parser: debug . 0 end_marker 
[0m[95m [1776432795.374566] BSON Parser: [0mBSON parser: type: '8' key: 'fragmented'
[0m[95m [1776432795.374572] BSON Parser: [0mBSON parser: boolean false
[0m[95m [1776432795.374577] BSON Message: [0mBSON parser: debug .
[0m[95m [1776432795.374583] BSON Message: [0mBSON parser: debug . 0 fragmented 
[0m[95m [1776432795.374590] BSON Parser: [0mBSON parser: type: '8' key: 'utilize_timestamp'
[0m[95m [1776432795.374596] BSON Parser: [0mBSON parser: boolean false
[0m[95m [1776432795.374602] BSON Message: [0mBSON parser: debug .
[0m[95m [1776432795.374608] BSON Message: [0mBSON parser: debug . 0 utilize_timestamp 
[0m[95m [1776432795.374615] BSON Parser: [0mBSON parser: type: '16' key: 'frag_no'
[0m[95m [1776432795.374621] BSON Parser: [0mBSON parser: int32:
[0m[95m [1776432795.374627] BSON Parser: [0m0
[0m[95m [1776432795.374634] BSON Parser: [0mBSON parser: type: '16' key: 'frag_total'
[0m[95m [1776432795.374641] BSON Parser: [0mBSON parser: int32:
[0m[95m [1776432795.374647] BSON Parser: [0m1
[0m[95m [1776432795.374653] BSON Parser: [0mBSON parser: type: '16' key: 'timestamp'
[0m[95m [1776432795.374660] BSON Parser: [0mBSON parser: int32:
[0m[95m [1776432795.374666] BSON Parser: [0m-1206190080
[0m[95m [1776432795.374672] BSON Parser: [0mBSON parser: type: '3' key: 'data'
[0m[95m [1776432795.374679] BSON Parser: [0mBSON parser: object
[0m[95m [1776432795.374685] BSON Parser: [0mParsing client packet
[0m[95m [1776432795.374691] BSON Parser: [0mDocument length: 46 bytes
[0m[95m [1776432795.374697] BSON Parser: [0mBSON parser: type: '16' key: 'sensor_type'
[0m[95m [1776432795.374704] BSON Parser: [0mBSON parser: int32:
[0m[95m [1776432795.374710] BSON Parser: [0m2
[0m[91m [1776432795.374717] BSON Message: [0mInside sensor type parsing.
[91m [1776432795.374721] BSON Message: [0mInside sensor type parsing end.
[95m [1776432795.374726] BSON Parser: [0mBSON parser: type: '2' key: 'sid'
[0m[95m [1776432795.374732] BSON Parser: [0mBSON parser: string
[0m[95m [1776432795.374738] BSON Parser: [0mBSON parser: 8 'device_0'
[0m[91m [1776432795.374745] BSON Message: [0mInside sid parsing
[95m [1776432795.374749] BSON Parser: [0mBSON parser: type: '8' key: 'dev'
[0m[95m [1776432795.374755] BSON Parser: [0mBSON parser: boolean true
[0m[95m [1776432795.374761] BSON Message: [0mBSON parser: debug .
[0m[95m [1776432795.374768] BSON Message: [0mBSON parser: debug . 0 dev 
[0m[95m [1776432795.374774] BSON Parser: [0mBSON parser: return. 46 length document has 46 bytes.
[0m[95m [1776432795.374786] BSON Parser: [0mBSON parser: return. 180 length document has 180 bytes.
[0m[95m [1776432795.374792] Transport: [0mComing to handle fragmentation 2
[0m[91m [1776432795.374799] Client: [0m---before writing in log upd_msg->seq_no= 1
[91m [1776432795.374804] Client: [0m---before writing in log upd_msg->type= 4
[91m [1776432795.374808] Client: [0m---before writing in log upd_msg->frag_no= 0
[91m [1776432795.374812] Client: [0m---before writing in log upd_msg->reliable= 1
[91m [1776432795.374817] Client: [0m---before writing in log upd_msg->data.sensor_type= 2
[91m [1776432795.374821] Client: [0m---before writing in log upd_msg->data.sid= device_0
[91m [1776432795.374826] Client: [0m---after writing in log upd_msg->seq_no = 1
[91m [1776432795.374830] Client: [0m---after writing in log upd_msg->data.sensor_type = 2
[91m [1776432795.374834] Client: [0m---after writing in log upd_msg->reliable = 1
[95m [1776432795.374839] Client: [0mSending acknowledgment.
[0m[95m [1776432795.374845] Client Module: [0m---------Sending Update acknowledgment from client.-----------
[0m[95m [1776432795.374851] BSON Message: [0m-------------Before Serializing Update acknowledgment.--------------
[0m[95m [1776432795.374858] BSON Message: [0m-------------After Serializing Update acknowledgment.--------------
[0m[95m [1776432795.374864] BSON Message: [0m-------------Before Serializing Update acknowledgment.--------------
[0m[95m [1776432795.374870] BSON Message: [0m-------------After Serializing Update acknowledgment.--------------
[0m[95m [1776432795.377809] Transport: [0mReceived 180 bytes
[0m[95m [1776432795.377822] BSON Parser: [0mParsing client packet
[0m[95m [1776432795.377828] BSON Parser: [0mDocument length: 180 bytes
[0m[95m [1776432795.377835] BSON Parser: [0mBSON parser: type: '16' key: 'type'
[0m[95m [1776432795.377842] BSON Parser: [0mBSON parser: int32:
[0m[95m [1776432795.377848] BSON Parser: [0m4
[0m[95m [1776432795.377855] BSON Parser: [0mBSON parser: type: '8' key: 'reliable'
[0m[95m [1776432795.377862] BSON Parser: [0mBSON parser: boolean true
[0m[95m [1776432795.377867] BSON Message: [0mBSON parser: debug .
[0m[95m [1776432795.377873] BSON Message: [0mBSON parser: debug . 0 reliable 
[0m[95m [1776432795.377879] BSON Parser: [0mBSON parser: type: '16' key: 'seq_no'
[0m[95m [1776432795.377886] BSON Parser: [0mBSON parser: int32:
[0m[95m [1776432795.377891] BSON Parser: [0m1
[0m[95m [1776432795.377898] BSON Parser: [0mBSON parser: type: '8' key: 'end_marker'
[0m[95m [1776432795.377904] BSON Parser: [0mBSON parser: boolean true
[0m[95m [1776432795.377911] BSON Message: [0mBSON parser: debug .
[0m[95m [1776432795.377917] BSON Message: [0mBSON parser: debug . 0 end_marker 
[0m[95m [1776432795.377923] BSON Parser: [0mBSON parser: type: '8' key: 'fragmented'
[0m[95m [1776432795.377929] BSON Parser: [0mBSON parser: boolean false
[0m[95m [1776432795.377934] BSON Message: [0mBSON parser: debug .
[0m[95m [1776432795.377940] BSON Message: [0mBSON parser: debug . 0 fragmented 
[0m[95m [1776432795.377945] BSON Parser: [0mBSON parser: type: '8' key: 'utilize_timestamp'
[0m[95m [1776432795.377952] BSON Parser: [0mBSON parser: boolean false
[0m[95m [1776432795.377958] BSON Message: [0mBSON parser: debug .
[0m[95m [1776432795.377964] BSON Message: [0mBSON parser: debug . 0 utilize_timestamp 
[0m[95m [1776432795.377971] BSON Parser: [0mBSON parser: type: '16' key: 'frag_no'
[0m[95m [1776432795.377977] BSON Parser: [0mBSON parser: int32:
[0m[95m [1776432795.377983] BSON Parser: [0m0
[0m[95m [1776432795.377989] BSON Parser: [0mBSON parser: type: '16' key: 'frag_total'
[0m[95m [1776432795.377995] BSON Parser: [0mBSON parser: int32:
[0m[95m [1776432795.378001] BSON Parser: [0m1
[0m[95m [1776432795.378014] BSON Parser: [0mBSON parser: type: '16' key: 'timestamp'
[0m[95m [1776432795.378022] BSON Parser: [0mBSON parser: int32:
[0m[95m [1776432795.378033] BSON Parser: [0m-1206190080
[0m[95m [1776432795.378040] BSON Parser: [0mBSON parser: type: '3' key: 'data'
[0m[95m [1776432795.378047] BSON Parser: [0mBSON parser: object
[0m[95m [1776432795.378053] BSON Parser: [0mParsing client packet
[0m[95m [1776432795.378059] BSON Parser: [0mDocument length: 46 bytes
[0m[95m [1776432795.378066] BSON Parser: [0mBSON parser: type: '16' key: 'sensor_type'
[0m[95m [1776432795.378073] BSON Parser: [0mBSON parser: int32:
[0m[95m [1776432795.378079] BSON Parser: [0m2
[0m[91m [1776432795.378085] BSON Message: [0mInside sensor type parsing.
[91m [1776432795.378089] BSON Message: [0mInside sensor type parsing end.
[95m [1776432795.378094] BSON Parser: [0mBSON parser: type: '2' key: 'sid'
[0m[95m [1776432795.378100] BSON Parser: [0mBSON parser: string
[0m[95m [1776432795.378106] BSON Parser: [0mBSON parser: 8 'device_0'
[0m[91m [1776432795.378113] BSON Message: [0mInside sid parsing
[95m [1776432795.378118] BSON Parser: [0mBSON parser: type: '8' key: 'dev'
[0m[95m [1776432795.378124] BSON Parser: [0mBSON parser: boolean true
[0m[95m [1776432795.378130] BSON Message: [0mBSON parser: debug .
[0m[95m [1776432795.378137] BSON Message: [0mBSON parser: debug . 0 dev 
[0m[95m [1776432795.378143] BSON Parser: [0mBSON parser: return. 46 length document has 46 bytes.
[0m[95m [1776432795.378150] BSON Parser: [0mBSON parser: return. 180 length document has 180 bytes.
[0m[95m [1776432795.378156] Transport: [0mComing to handle fragmentation 2
[0m[91m [1776432795.378164] Client: [0m---before writing in log upd_msg->seq_no= 1
[91m [1776432795.378168] Client: [0m---before writing in log upd_msg->type= 4
[91m [1776432795.378172] Client: [0m---before writing in log upd_msg->frag_no= 0
[91m [1776432795.378176] Client: [0m---before writing in log upd_msg->reliable= 1
[91m [1776432795.378181] Client: [0m---before writing in log upd_msg->data.sensor_type= 2
[91m [1776432795.378187] Client: [0m---before writing in log upd_msg->data.sid= device_0
[91m [1776432795.378193] Client: [0m---after writing in log upd_msg->seq_no = 1
[91m [1776432795.378198] Client: [0m---after writing in log upd_msg->data.sensor_type = 2
[91m [1776432795.378202] Client: [0m---after writing in log upd_msg->reliable = 1
[95m [1776432795.378206] Client: [0mSending acknowledgment.
[0m[95m [1776432795.378213] Client Module: [0m---------Sending Update acknowledgment from client.-----------
[0m[95m [1776432795.378219] BSON Message: [0m-------------Before Serializing Update acknowledgment.--------------
[0m[95m [1776432795.378225] BSON Message: [0m-------------After Serializing Update acknowledgment.--------------
[0m[95m [1776432795.378231] BSON Message: [0m-------------Before Serializing Update acknowledgment.--------------
[0m[95m [1776432795.378237] BSON Message: [0m-------------After Serializing Update acknowledgment.--------------
[0m[95m [1776432795.384725] Transport: [0mReceived 180 bytes
[0m[95m [1776432795.384738] BSON Parser: [0mParsing client packet
[0m[95m [1776432795.384744] BSON Parser: [0mDocument length: 180 bytes
[0m[95m [1776432795.384751] BSON Parser: [0mBSON parser: type: '16' key: 'type'
[0m[95m [1776432795.384757] BSON Parser: [0mBSON parser: int32:
[0m[95m [1776432795.384764] BSON Parser: [0m4
[0m[95m [1776432795.384770] BSON Parser: [0mBSON parser: type: '8' key: 'reliable'
[0m[95m [1776432795.384777] BSON Parser: [0mBSON parser: boolean true
[0m[95m [1776432795.384783] BSON Message: [0mBSON parser: debug .
[0m[95m [1776432795.384789] BSON Message: [0mBSON parser: debug . 0 reliable 
[0m[95m [1776432795.384795] BSON Parser: [0mBSON parser: type: '16' key: 'seq_no'
[0m[95m [1776432795.384801] BSON Parser: [0mBSON parser: int32:
[0m[95m [1776432795.384807] BSON Parser: [0m1
[0m[95m [1776432795.384814] BSON Parser: [0mBSON parser: type: '8' key: 'end_marker'
[0m[95m [1776432795.384820] BSON Parser: [0mBSON parser: boolean true
[0m[95m [1776432795.384826] BSON Message: [0mBSON parser: debug .
[0m[95m [1776432795.384837] BSON Message: [0mBSON parser: debug . 0 end_marker 
[0m[95m [1776432795.384844] BSON Parser: [0mBSON parser: type: '8' key: 'fragmented'
[0m[95m [1776432795.384850] BSON Parser: [0mBSON parser: boolean false
[0m[95m [1776432795.384855] BSON Message: [0mBSON parser: debug .
[0m[95m [1776432795.384859] BSON Message: [0mBSON parser: debug . 0 fragmented 
[0m[95m [1776432795.384864] BSON Parser: [0mBSON parser: type: '8' key: 'utilize_timestamp'
[0m[95m [1776432795.384869] BSON Parser: [0mBSON parser: boolean false
[0m[95m [1776432795.384873] BSON Message: [0mBSON parser: debug .
[0m[95m [1776432795.384878] BSON Message: [0mBSON parser: debug . 0 utilize_timestamp 
[0m[95m [1776432795.384883] BSON Parser: [0mBSON parser: type: '16' key: 'frag_no'
[0m[95m [1776432795.384887] BSON Parser: [0mBSON parser: int32:
[0m[95m [1776432795.384892] BSON Parser: [0m0
[0m[95m [1776432795.384897] BSON Parser: [0mBSON parser: type: '16' key: 'frag_total'
[0m[95m [1776432795.384901] BSON Parser: [0mBSON parser: int32:
[0m[95m [1776432795.384906] BSON Parser: [0m1
[0m[95m [1776432795.384910] BSON Parser: [0mBSON parser: type: '16' key: 'timestamp'
[0m[95m [1776432795.384915] BSON Parser: [0mBSON parser: int32:
[0m[95m [1776432795.384920] BSON Parser: [0m-1206190080
[0m[95m [1776432795.384924] BSON Parser: [0mBSON parser: type: '3' key: 'data'
[0m[95m [1776432795.384929] BSON Parser: [0mBSON parser: object
[0m[95m [1776432795.384934] BSON Parser: [0mParsing client packet
[0m[95m [1776432795.384938] BSON Parser: [0mDocument length: 46 bytes
[0m[95m [1776432795.384943] BSON Parser: [0mBSON parser: type: '16' key: 'sensor_type'
[0m[95m [1776432795.384947] BSON Parser: [0mBSON parser: int32:
[0m[95m [1776432795.384952] BSON Parser: [0m2
[0m[91m [1776432795.384957] BSON Message: [0mInside sensor type parsing.
[91m [1776432795.384960] BSON Message: [0mInside sensor type parsing end.
[95m [1776432795.384963] BSON Parser: [0mBSON parser: type: '2' key: 'sid'
[0m[95m [1776432795.384968] BSON Parser: [0mBSON parser: string
[0m[95m [1776432795.384973] BSON Parser: [0mBSON parser: 8 'device_0'
[0m[91m [1776432795.384977] BSON Message: [0mInside sid parsing
[95m [1776432795.384981] BSON Parser: [0mBSON parser: type: '8' key: 'dev'
[0m[95m [1776432795.384985] BSON Parser: [0mBSON parser: boolean true
[0m[95m [1776432795.384990] BSON Message: [0mBSON parser: debug .
[0m[95m [1776432795.384995] BSON Message: [0mBSON parser: debug . 0 dev 
[0m[95m [1776432795.384999] BSON Parser: [0mBSON parser: return. 46 length document has 46 bytes.
[0m[95m [1776432795.385004] BSON Parser: [0mBSON parser: return. 180 length document has 180 bytes.
[0m[95m [1776432795.385018] Transport: [0mComing to handle fragmentation 2
[0m[91m [1776432795.385025] Client: [0m---before writing in log upd_msg->seq_no= 1
[91m [1776432795.385030] Client: [0m---before writing in log upd_msg->type= 4
[91m [1776432795.385034] Client: [0m---before writing in log upd_msg->frag_no= 0
[91m [1776432795.385039] Client: [0m---before writing in log upd_msg->reliable= 1
[91m [1776432795.385044] Client: [0m---before writing in log upd_msg->data.sensor_type= 2
[91m [1776432795.385048] Client: [0m---before writing in log upd_msg->data.sid= device_0
[91m [1776432795.385054] Client: [0m---after writing in log upd_msg->seq_no = 1
[91m [1776432795.385059] Client: [0m---after writing in log upd_msg->data.sensor_type = 2
[91m [1776432795.385063] Client: [0m---after writing in log upd_msg->reliable = 1
[95m [1776432795.385067] Client: [0mSending acknowledgment.
[0m[95m [1776432795.385073] Client Module: [0m---------Sending Update acknowledgment from client.-----------
[0m[95m [1776432795.385079] BSON Message: [0m-------------Before Serializing Update acknowledgment.--------------
[0m[95m [1776432795.385086] BSON Message: [0m-------------After Serializing Update acknowledgment.--------------
[0m[95m [1776432795.385101] BSON Message: [0m-------------Before Serializing Update acknowledgment.--------------
[0m[95m [1776432795.385108] BSON Message: [0m-------------After Serializing Update acknowledgment.--------------
[0m[95m [1776432795.393258] Transport: [0mReceived 180 bytes
[0m[95m [1776432795.393269] BSON Parser: [0mParsing client packet
[0m[95m [1776432795.393275] BSON Parser: [0mDocument length: 180 bytes
[0m[95m [1776432795.393281] BSON Parser: [0mBSON parser: type: '16' key: 'type'
[0m[95m [1776432795.393287] BSON Parser: [0mBSON parser: int32:
[0m[95m [1776432795.393295] BSON Parser: [0m4
[0m[95m [1776432795.393301] BSON Parser: [0mBSON parser: type: '8' key: 'reliable'
[0m[95m [1776432795.393307] BSON Parser: [0mBSON parser: boolean true
[0m[95m [1776432795.393312] BSON Message: [0mBSON parser: debug .
[0m[95m [1776432795.393318] BSON Message: [0mBSON parser: debug . 0 reliable 
[0m[95m [1776432795.393323] BSON Parser: [0mBSON parser: type: '16' key: 'seq_no'
[0m[95m [1776432795.393329] BSON Parser: [0mBSON parser: int32:
[0m[95m [1776432795.393336] BSON Parser: [0m1
[0m[95m [1776432795.393342] BSON Parser: [0mBSON parser: type: '8' key: 'end_marker'
[0m[95m [1776432795.393348] BSON Parser: [0mBSON parser: boolean true
[0m[95m [1776432795.393354] BSON Message: [0mBSON parser: debug .
[0m[95m [1776432795.393360] BSON Message: [0mBSON parser: debug . 0 end_marker 
[0m[95m [1776432795.393367] BSON Parser: [0mBSON parser: type: '8' key: 'fragmented'
[0m[95m [1776432795.393375] BSON Parser: [0mBSON parser: boolean false
[0m[95m [1776432795.393380] BSON Message: [0mBSON parser: debug .
[0m[95m [1776432795.393384] BSON Message: [0mBSON parser: debug . 0 fragmented 
[0m[95m [1776432795.393389] BSON Parser: [0mBSON parser: type: '8' key: 'utilize_timestamp'
[0m[95m [1776432795.393395] BSON Parser: [0mBSON parser: boolean false
[0m[95m [1776432795.393401] BSON Message: [0mBSON parser: debug .
[0m[95m [1776432795.393407] BSON Message: [0mBSON parser: debug . 0 utilize_timestamp 
[0m[95m [1776432795.393414] BSON Parser: [0mBSON parser: type: '16' key: 'frag_no'
[0m[95m [1776432795.393420] BSON Parser: [0mBSON parser: int32:
[0m[95m [1776432795.393425] BSON Parser: [0m0
[0m[95m [1776432795.393433] BSON Parser: [0mBSON parser: type: '16' key: 'frag_total'
[0m[95m [1776432795.393440] BSON Parser: [0mBSON parser: int32:
[0m[95m [1776432795.393445] BSON Parser: [0m1
[0m[95m [1776432795.393451] BSON Parser: [0mBSON parser: type: '16' key: 'timestamp'
[0m[95m [1776432795.393457] BSON Parser: [0mBSON parser: int32:
[0m[95m [1776432795.393465] BSON Parser: [0m-1206190080
[0m[95m [1776432795.393472] BSON Parser: [0mBSON parser: type: '3' key: 'data'
[0m[95m [1776432795.393478] BSON Parser: [0mBSON parser: object
[0m[95m [1776432795.393485] BSON Parser: [0mParsing client packet
[0m[95m [1776432795.393491] BSON Parser: [0mDocument length: 46 bytes
[0m[95m [1776432795.393498] BSON Parser: [0mBSON parser: type: '16' key: 'sensor_type'
[0m[95m [1776432795.393505] BSON Parser: [0mBSON parser: int32:
[0m[95m [1776432795.393511] BSON Parser: [0m2
[0m[91m [1776432795.393518] BSON Message: [0mInside sensor type parsing.
[91m [1776432795.393523] BSON Message: [0mInside sensor type parsing end.
[95m [1776432795.393527] BSON Parser: [0mBSON parser: type: '2' key: 'sid'
[0m[95m [1776432795.393534] BSON Parser: [0mBSON parser: string
[0m[95m [1776432795.393541] BSON Parser: [0mBSON parser: 8 'device_0'
[0m[91m [1776432795.393548] BSON Message: [0mInside sid parsing
[95m [1776432795.393553] BSON Parser: [0mBSON parser: type: '8' key: 'dev'
[0m[95m [1776432795.393560] BSON Parser: [0mBSON parser: boolean true
[0m[95m [1776432795.393567] BSON Message: [0mBSON parser: debug .
[0m[95m [1776432795.393574] BSON Message: [0mBSON parser: debug . 0 dev 
[0m[95m [1776432795.393581] BSON Parser: [0mBSON parser: return. 46 length document has 46 bytes.
[0m[95m [1776432795.393588] BSON Parser: [0mBSON parser: return. 180 length document has 180 bytes.
[0m[95m [1776432795.393599] Transport: [0mComing to handle fragmentation 2
[0m[91m [1776432795.393607] Client: [0m---before writing in log upd_msg->seq_no= 1
[91m [1776432795.393612] Client: [0m---before writing in log upd_msg->type= 4
[91m [1776432795.393617] Client: [0m---before writing in log upd_msg->frag_no= 0
[91m [1776432795.393622] Client: [0m---before writing in log upd_msg->reliable= 1
[91m [1776432795.393626] Client: [0m---before writing in log upd_msg->data.sensor_type= 2
[91m [1776432795.393631] Client: [0m---before writing in log upd_msg->data.sid= device_0
[91m [1776432795.393637] Client: [0m---after writing in log upd_msg->seq_no = 1
[91m [1776432795.393641] Client: [0m---after writing in log upd_msg->data.sensor_type = 2
[91m [1776432795.393646] Client: [0m---after writing in log upd_msg->reliable = 1
[95m [1776432795.393650] Client: [0mSending acknowledgment.
[0m[95m [1776432795.393657] Client Module: [0m---------Sending Update acknowledgment from client.-----------
[0m[95m [1776432795.393664] BSON Message: [0m-------------Before Serializing Update acknowledgment.--------------
[0m[95m [1776432795.393671] BSON Message: [0m-------------After Serializing Update acknowledgment.--------------
[0m[95m [1776432795.393679] BSON Message: [0m-------------Before Serializing Update acknowledgment.--------------
[0m[95m [1776432795.393686] BSON Message: [0m-------------After Serializing Update acknowledgment.--------------
[0m[95m [1776432795.396530] Transport: [0mReceived 180 bytes
[0m[95m [1776432795.396541] BSON Parser: [0mParsing client packet
[0m[95m [1776432795.396547] BSON Parser: [0mDocument length: 180 bytes
[0m[95m [1776432795.396553] BSON Parser: [0mBSON parser: type: '16' key: 'type'
[0m[95m [1776432795.396559] BSON Parser: [0mBSON parser: int32:
[0m[95m [1776432795.396565] BSON Parser: [0m4
[0m[95m [1776432795.396571] BSON Parser: [0mBSON parser: type: '8' key: 'reliable'
[0m[95m [1776432795.396577] BSON Parser: [0mBSON parser: boolean true
[0m[95m [1776432795.396583] BSON Message: [0mBSON parser: debug .
[0m[95m [1776432795.396588] BSON Message: [0mBSON parser: debug . 0 reliable 
[0m[95m [1776432795.396594] BSON Parser: [0mBSON parser: type: '16' key: 'seq_no'
[0m[95m [1776432795.396600] BSON Parser: [0mBSON parser: int32:
[0m[95m [1776432795.396606] BSON Parser: [0m1
[0m[95m [1776432795.396612] BSON Parser: [0mBSON parser: type: '8' key: 'end_marker'
[0m[95m [1776432795.396617] BSON Parser: [0mBSON parser: boolean true
[0m[95m [1776432795.396623] BSON Message: [0mBSON parser: debug .
[0m[95m [1776432795.396629] BSON Message: [0mBSON parser: debug . 0 end_marker 
[0m[95m [1776432795.396635] BSON Parser: [0mBSON parser: type: '8' key: 'fragmented'
[0m[95m [1776432795.396640] BSON Parser: [0mBSON parser: boolean false
[0m[95m [1776432795.396646] BSON Message: [0mBSON parser: debug .
[0m[95m [1776432795.396651] BSON Message: [0mBSON parser: debug . 0 fragmented 
[0m[95m [1776432795.396657] BSON Parser: [0mBSON parser: type: '8' key: 'utilize_timestamp'
[0m[95m [1776432795.396663] BSON Parser: [0mBSON parser: boolean false
[0m[95m [1776432795.396669] BSON Message: [0mBSON parser: debug .
[0m[95m [1776432795.396674] BSON Message: [0mBSON parser: debug . 0 utilize_timestamp 
[0m[95m [1776432795.396680] BSON Parser: [0mBSON parser: type: '16' key: 'frag_no'
[0m[95m [1776432795.396686] BSON Parser: [0mBSON parser: int32:
[0m[95m [1776432795.396691] BSON Parser: [0m0
[0m[95m [1776432795.396697] BSON Parser: [0mBSON parser: type: '16' key: 'frag_total'
[0m[95m [1776432795.396703] BSON Parser: [0mBSON parser: int32:
[0m[95m [1776432795.396709] BSON Parser: [0m1
[0m[95m [1776432795.396715] BSON Parser: [0mBSON parser: type: '16' key: 'timestamp'
[0m[95m [1776432795.396721] BSON Parser: [0mBSON parser: int32:
[0m[95m [1776432795.396726] BSON Parser: [0m-1206190080
[0m[95m [1776432795.396732] BSON Parser: [0mBSON parser: type: '3' key: 'data'
[0m[95m [1776432795.396743] BSON Parser: [0mBSON parser: object
[0m[95m [1776432795.396749] BSON Parser: [0mParsing client packet
[0m[95m [1776432795.396754] BSON Parser: [0mDocument length: 46 bytes
[0m[95m [1776432795.396760] BSON Parser: [0mBSON parser: type: '16' key: 'sensor_type'
[0m[95m [1776432795.396766] BSON Parser: [0mBSON parser: int32:
[0m[95m [1776432795.396772] BSON Parser: [0m2
[0m[91m [1776432795.396778] BSON Message: [0mInside sensor type parsing.
[91m [1776432795.396782] BSON Message: [0mInside sensor type parsing end.
[95m [1776432795.396786] BSON Parser: [0mBSON parser: type: '2' key: 'sid'
[0m[95m [1776432795.396792] BSON Parser: [0mBSON parser: string
[0m[95m [1776432795.396797] BSON Parser: [0mBSON parser: 8 'device_0'
[0m[91m [1776432795.396803] BSON Message: [0mInside sid parsing
[95m [1776432795.396807] BSON Parser: [0mBSON parser: type: '8' key: 'dev'
[0m[95m [1776432795.396813] BSON Parser: [0mBSON parser: boolean true
[0m[95m [1776432795.396819] BSON Message: [0mBSON parser: debug .
[0m[95m [1776432795.396824] BSON Message: [0mBSON parser: debug . 0 dev 
[0m[95m [1776432795.396831] BSON Parser: [0mBSON parser: return. 46 length document has 46 bytes.
[0m[95m [1776432795.396836] BSON Parser: [0mBSON parser: return. 180 length document has 180 bytes.
[0m[95m [1776432795.396842] Transport: [0mComing to handle fragmentation 2
[0m[91m [1776432795.396849] Client: [0m---before writing in log upd_msg->seq_no= 1
[91m [1776432795.396853] Client: [0m---before writing in log upd_msg->type= 4
[91m [1776432795.396856] Client: [0m---before writing in log upd_msg->frag_no= 0
[91m [1776432795.396860] Client: [0m---before writing in log upd_msg->reliable= 1
[91m [1776432795.396865] Client: [0m---before writing in log upd_msg->data.sensor_type= 2
[91m [1776432795.396869] Client: [0m---before writing in log upd_msg->data.sid= device_0
[91m [1776432795.396873] Client: [0m---after writing in log upd_msg->seq_no = 1
[91m [1776432795.396877] Client: [0m---after writing in log upd_msg->data.sensor_type = 2
[91m [1776432795.396881] Client: [0m---after writing in log upd_msg->reliable = 1
[95m [1776432795.396885] Client: [0mSending acknowledgment.
[0m[95m [1776432795.396891] Client Module: [0m---------Sending Update acknowledgment from client.-----------
[0m[95m [1776432795.396896] BSON Message: [0m-------------Before Serializing Update acknowledgment.--------------
[0m[95m [1776432795.396903] BSON Message: [0m-------------After Serializing Update acknowledgment.--------------
[0m[95m [1776432795.396909] BSON Message: [0m-------------Before Serializing Update acknowledgment.--------------
[0m[95m [1776432795.396916] BSON Message: [0m-------------After Serializing Update acknowledgment.--------------
[0m[95m [1776432795.402248] Transport: [0mReceived 180 bytes
[0m[95m [1776432795.402260] BSON Parser: [0mParsing client packet
[0m[95m [1776432795.402265] BSON Parser: [0mDocument length: 180 bytes
[0m[95m [1776432795.402270] BSON Parser: [0mBSON parser: type: '16' key: 'type'
[0m[95m [1776432795.402275] BSON Parser: [0mBSON parser: int32:
[0m[95m [1776432795.402279] BSON Parser: [0m4
[0m[95m [1776432795.402284] BSON Parser: [0mBSON parser: type: '8' key: 'reliable'
[0m[95m [1776432795.402289] BSON Parser: [0mBSON parser: boolean true
[0m[95m [1776432795.402294] BSON Message: [0mBSON parser: debug .
[0m[95m [1776432795.402298] BSON Message: [0mBSON parser: debug . 0 reliable 
[0m[95m [1776432795.402303] BSON Parser: [0mBSON parser: type: '16' key: 'seq_no'
[0m[95m [1776432795.402308] BSON Parser: [0mBSON parser: int32:
[0m[95m [1776432795.402312] BSON Parser: [0m1
[0m[95m [1776432795.402317] BSON Parser: [0mBSON parser: type: '8' key: 'end_marker'
[0m[95m [1776432795.402321] BSON Parser: [0mBSON parser: boolean true
[0m[95m [1776432795.402326] BSON Message: [0mBSON parser: debug .
[0m[95m [1776432795.402331] BSON Message: [0mBSON parser: debug . 0 end_marker 
[0m[95m [1776432795.402340] BSON Parser: [0mBSON parser: type: '8' key: 'fragmented'
[0m[95m [1776432795.402345] BSON Parser: [0mBSON parser: boolean false
[0m[95m [1776432795.402349] BSON Message: [0mBSON parser: debug .
[0m[95m [1776432795.402354] BSON Message: [0mBSON parser: debug . 0 fragmented 
[0m[95m [1776432795.402358] BSON Parser: [0mBSON parser: type: '8' key: 'utilize_timestamp'
[0m[95m [1776432795.402363] BSON Parser: [0mBSON parser: boolean false
[0m[95m [1776432795.402367] BSON Message: [0mBSON parser: debug .
[0m[95m [1776432795.402372] BSON Message: [0mBSON parser: debug . 0 utilize_timestamp 
[0m[95m [1776432795.402377] BSON Parser: [0mBSON parser: type: '16' key: 'frag_no'
[0m[95m [1776432795.402381] BSON Parser: [0mBSON parser: int32:
[0m[95m [1776432795.402386] BSON Parser: [0m0
[0m[95m [1776432795.402390] BSON Parser: [0mBSON parser: type: '16' key: 'frag_total'
[0m[95m [1776432795.402396] BSON Parser: [0mBSON parser: int32:
[0m[95m [1776432795.402401] BSON Parser: [0m1
[0m[95m [1776432795.402406] BSON Parser: [0mBSON parser: type: '16' key: 'timestamp'
[0m[95m [1776432795.402410] BSON Parser: [0mBSON parser: int32:
[0m[95m [1776432795.402415] BSON Parser: [0m-1206190080
[0m[95m [1776432795.402421] BSON Parser: [0mBSON parser: type: '3' key: 'data'
[0m[95m [1776432795.402425] BSON Parser: [0mBSON parser: object
[0m[95m [1776432795.402430] BSON Parser: [0mParsing client packet
[0m[95m [1776432795.402435] BSON Parser: [0mDocument length: 46 bytes
[0m[95m [1776432795.402439] BSON Parser: [0mBSON parser: type: '16' key: 'sensor_type'
[0m[95m [1776432795.402444] BSON Parser: [0mBSON parser: int32:
[0m[95m [1776432795.402448] BSON Parser: [0m2
[0m[91m [1776432795.402454] BSON Message: [0mInside sensor type parsing.
[91m [1776432795.402457] BSON Message: [0mInside sensor type parsing end.
[95m [1776432795.402461] BSON Parser: [0mBSON parser: type: '2' key: 'sid'
[0m[95m [1776432795.402467] BSON Parser: [0mBSON parser: string
[0m[95m [1776432795.402471] BSON Parser: [0mBSON parser: 8 'device_0'
[0m[91m [1776432795.402476] BSON Message: [0mInside sid parsing
[95m [1776432795.402479] BSON Parser: [0mBSON parser: type: '8' key: 'dev'
[0m[95m [1776432795.402484] BSON Parser: [0mBSON parser: boolean true
[0m[95m [1776432795.402490] BSON Message: [0mBSON parser: debug .
[0m[95m [1776432795.402494] BSON Message: [0mBSON parser: debug . 0 dev 
[0m[95m [1776432795.402499] BSON Parser: [0mBSON parser: return. 46 length document has 46 bytes.
[0m[95m [1776432795.402505] BSON Parser: [0mBSON parser: return. 180 length document has 180 bytes.
[0m[95m [1776432795.402510] Transport: [0mComing to handle fragmentation 2
[0m[91m [1776432795.402516] Client: [0m---before writing in log upd_msg->seq_no= 1
[91m [1776432795.402519] Client: [0m---before writing in log upd_msg->type= 4
[91m [1776432795.402523] Client: [0m---before writing in log upd_msg->frag_no= 0
[91m [1776432795.402526] Client: [0m---before writing in log upd_msg->reliable= 1
[91m [1776432795.402530] Client: [0m---before writing in log upd_msg->data.sensor_type= 2
[91m [1776432795.402533] Client: [0m---before writing in log upd_msg->data.sid= device_0
[91m [1776432795.402536] Client: [0m---after writing in log upd_msg->seq_no = 1
[91m [1776432795.402540] Client: [0m---after writing in log upd_msg->data.sensor_type = 2
[91m [1776432795.402544] Client: [0m---after writing in log upd_msg->reliable = 1
[95m [1776432795.402547] Client: [0mSending acknowledgment.
[0m[95m [1776432795.402552] Client Module: [0m---------Sending Update acknowledgment from client.-----------
[0m[95m [1776432795.402558] BSON Message: [0m-------------Before Serializing Update acknowledgment.--------------
[0m[95m [1776432795.402563] BSON Message: [0m-------------After Serializing Update acknowledgment.--------------
[0m[95m [1776432795.402571] BSON Message: [0m-------------Before Serializing Update acknowledgment.--------------
[0m[95m [1776432795.402578] BSON Message: [0m-------------After Serializing Update acknowledgment.--------------
[0m[95m [1776432795.410454] Transport: [0mReceived 180 bytes
[0m[95m [1776432795.410470] BSON Parser: [0mParsing client packet
[0m[95m [1776432795.410476] BSON Parser: [0mDocument length: 180 bytes
[0m[95m [1776432795.410483] BSON Parser: [0mBSON parser: type: '16' key: 'type'
[0m[95m [1776432795.410489] BSON Parser: [0mBSON parser: int32:
[0m[95m [1776432795.410495] BSON Parser: [0m4
[0m[95m [1776432795.410501] BSON Parser: [0mBSON parser: type: '8' key: 'reliable'
[0m[95m [1776432795.410507] BSON Parser: [0mBSON parser: boolean true
[0m[95m [1776432795.410513] BSON Message: [0mBSON parser: debug .
[0m[95m [1776432795.410518] BSON Message: [0mBSON parser: debug . 0 reliable 
[0m[95m [1776432795.410524] BSON Parser: [0mBSON parser: type: '16' key: 'seq_no'
[0m[95m [1776432795.410530] BSON Parser: [0mBSON parser: int32:
[0m[95m [1776432795.410535] BSON Parser: [0m1
[0m[95m [1776432795.410541] BSON Parser: [0mBSON parser: type: '8' key: 'end_marker'
[0m[95m [1776432795.410546] BSON Parser: [0mBSON parser: boolean true
[0m[95m [1776432795.410552] BSON Message: [0mBSON parser: debug .
[0m[95m [1776432795.410558] BSON Message: [0mBSON parser: debug . 0 end_marker 
[0m[95m [1776432795.410564] BSON Parser: [0mBSON parser: type: '8' key: 'fragmented'
[0m[95m [1776432795.410570] BSON Parser: [0mBSON parser: boolean false
[0m[95m [1776432795.410576] BSON Message: [0mBSON parser: debug .
[0m[95m [1776432795.410581] BSON Message: [0mBSON parser: debug . 0 fragmented 
[0m[95m [1776432795.410587] BSON Parser: [0mBSON parser: type: '8' key: 'utilize_timestamp'
[0m[95m [1776432795.410593] BSON Parser: [0mBSON parser: boolean false
[0m[95m [1776432795.410599] BSON Message: [0mBSON parser: debug .
[0m[95m [1776432795.410605] BSON Message: [0mBSON parser: debug . 0 utilize_timestamp 
[0m[95m [1776432795.410611] BSON Parser: [0mBSON parser: type: '16' key: 'frag_no'
[0m[95m [1776432795.410617] BSON Parser: [0mBSON parser: int32:
[0m[95m [1776432795.410622] BSON Parser: [0m0
[0m[95m [1776432795.410628] BSON Parser: [0mBSON parser: type: '16' key: 'frag_total'
[0m[95m [1776432795.410634] BSON Parser: [0mBSON parser: int32:
[0m[95m [1776432795.410640] BSON Parser: [0m1
[0m[95m [1776432795.410646] BSON Parser: [0mBSON parser: type: '16' key: 'timestamp'
[0m[95m [1776432795.410652] BSON Parser: [0mBSON parser: int32:
[0m[95m [1776432795.410657] BSON Parser: [0m-1206190080
[0m[95m [1776432795.410663] BSON Parser: [0mBSON parser: type: '3' key: 'data'
[0m[95m [1776432795.410669] BSON Parser: [0mBSON parser: object
[0m[95m [1776432795.410675] BSON Parser: [0mParsing client packet
[0m[95m [1776432795.410681] BSON Parser: [0mDocument length: 46 bytes
[0m[95m [1776432795.410687] BSON Parser: [0mBSON parser: type: '16' key: 'sensor_type'
[0m[95m [1776432795.410693] BSON Parser: [0mBSON parser: int32:
[0m[95m [1776432795.410699] BSON Parser: [0m2
[0m[91m [1776432795.410704] BSON Message: [0mInside sensor type parsing.
[91m [1776432795.410708] BSON Message: [0mInside sensor type parsing end.
[95m [1776432795.410712] BSON Parser: [0mBSON parser: type: '2' key: 'sid'
[0m[95m [1776432795.410718] BSON Parser: [0mBSON parser: string
[0m[95m [1776432795.410724] BSON Parser: [0mBSON parser: 8 'device_0'
[0m[91m [1776432795.410730] BSON Message: [0mInside sid parsing
[95m [1776432795.410734] BSON Parser: [0mBSON parser: type: '8' key: 'dev'
[0m[95m [1776432795.410740] BSON Parser: [0mBSON parser: boolean true
[0m[95m [1776432795.410745] BSON Message: [0mBSON parser: debug .
[0m[95m [1776432795.410751] BSON Message: [0mBSON parser: debug . 0 dev 
[0m[95m [1776432795.410757] BSON Parser: [0mBSON parser: return. 46 length document has 46 bytes.
[0m[95m [1776432795.410764] BSON Parser: [0mBSON parser: return. 180 length document has 180 bytes.
[0m[95m [1776432795.410769] Transport: [0mComing to handle fragmentation 2
[0m[91m [1776432795.410779] Client: [0m---before writing in log upd_msg->seq_no= 1
[91m [1776432795.410783] Client: [0m---before writing in log upd_msg->type= 4
[91m [1776432795.410787] Client: [0m---before writing in log upd_msg->frag_no= 0
[91m [1776432795.410791] Client: [0m---before writing in log upd_msg->reliable= 1
[91m [1776432795.410795] Client: [0m---before writing in log upd_msg->data.sensor_type= 2
[91m [1776432795.410799] Client: [0m---before writing in log upd_msg->data.sid= device_0
[91m [1776432795.410804] Client: [0m---after writing in log upd_msg->seq_no = 1
[91m [1776432795.410808] Client: [0m---after writing in log upd_msg->data.sensor_type = 2
[91m [1776432795.410812] Client: [0m---after writing in log upd_msg->reliable = 1
[95m [1776432795.410816] Client: [0mSending acknowledgment.
[0m[95m [1776432795.410822] Client Module: [0m---------Sending Update acknowledgment from client.-----------
[0m[95m [1776432795.410827] BSON Message: [0m-------------Before Serializing Update acknowledgment.--------------
[0m[95m [1776432795.410834] BSON Message: [0m-------------After Serializing Update acknowledgment.--------------
[0m[95m [1776432795.410839] BSON Message: [0m-------------Before Serializing Update acknowledgment.--------------
[0m[95m [1776432795.410845] BSON Message: [0m-------------After Serializing Update acknowledgment.--------------
[0m[95m [1776432795.418872] Transport: [0mReceived 180 bytes
[0m[95m [1776432795.418888] BSON Parser: [0mParsing client packet
[0m[95m [1776432795.418894] BSON Parser: [0mDocument length: 180 bytes
[0m[95m [1776432795.418903] BSON Parser: [0mBSON parser: type: '16' key: 'type'
[0m[95m [1776432795.418911] BSON Parser: [0mBSON parser: int32:
[0m[95m [1776432795.418920] BSON Parser: [0m4
[0m[95m [1776432795.418927] BSON Parser: [0mBSON parser: type: '8' key: 'reliable'
[0m[95m [1776432795.418934] BSON Parser: [0mBSON parser: boolean true
[0m[95m [1776432795.418941] BSON Message: [0mBSON parser: debug .
[0m[95m [1776432795.418949] BSON Message: [0mBSON parser: debug . 0 reliable 
[0m[95m [1776432795.418955] BSON Parser: [0mBSON parser: type: '16' key: 'seq_no'
[0m[95m [1776432795.418963] BSON Parser: [0mBSON parser: int32:
[0m[95m [1776432795.418969] BSON Parser: [0m1
[0m[95m [1776432795.418976] BSON Parser: [0mBSON parser: type: '8' key: 'end_marker'
[0m[95m [1776432795.418986] BSON Parser: [0mBSON parser: boolean true
[0m[95m [1776432795.418992] BSON Message: [0mBSON parser: debug .
[0m[95m [1776432795.419000] BSON Message: [0mBSON parser: debug . 0 end_marker 
[0m[95m [1776432795.419018] BSON Parser: [0mBSON parser: type: '8' key: 'fragmented'
[0m[95m [1776432795.419027] BSON Parser: [0mBSON parser: boolean false
[0m[95m [1776432795.419033] BSON Message: [0mBSON parser: debug .
[0m[95m [1776432795.419039] BSON Message: [0mBSON parser: debug . 0 fragmented 
[0m[95m [1776432795.419047] BSON Parser: [0mBSON parser: type: '8' key: 'utilize_timestamp'
[0m[95m [1776432795.419056] BSON Parser: [0mBSON parser: boolean false
[0m[95m [1776432795.419064] BSON Message: [0mBSON parser: debug .
[0m[95m [1776432795.419071] BSON Message: [0mBSON parser: debug . 0 utilize_timestamp 
[0m[95m [1776432795.419078] BSON Parser: [0mBSON parser: type: '16' key: 'frag_no'
[0m[95m [1776432795.419086] BSON Parser: [0mBSON parser: int32:
[0m[95m [1776432795.419092] BSON Parser: [0m0
[0m[95m [1776432795.419099] BSON Parser: [0mBSON parser: type: '16' key: 'frag_total'
[0m[95m [1776432795.419106] BSON Parser: [0mBSON parser: int32:
[0m[95m [1776432795.419114] BSON Parser: [0m1
[0m[95m [1776432795.419121] BSON Parser: [0mBSON parser: type: '16' key: 'timestamp'
[0m[95m [1776432795.419128] BSON Parser: [0mBSON parser: int32:
[0m[95m [1776432795.419135] BSON Parser: [0m-1206190080
[0m[95m [1776432795.419143] BSON Parser: [0mBSON parser: type: '3' key: 'data'
[0m[95m [1776432795.419151] BSON Parser: [0mBSON parser: object
[0m[95m [1776432795.419158] BSON Parser: [0mParsing client packet
[0m[95m [1776432795.419169] BSON Parser: [0mDocument length: 46 bytes
[0m[95m [1776432795.419177] BSON Parser: [0mBSON parser: type: '16' key: 'sensor_type'
[0m[95m [1776432795.419184] BSON Parser: [0mBSON parser: int32:
[0m[95m [1776432795.419190] BSON Parser: [0m2
[0m[91m [1776432795.419197] BSON Message: [0mInside sensor type parsing.
[91m [1776432795.419202] BSON Message: [0mInside sensor type parsing end.
[95m [1776432795.419206] BSON Parser: [0mBSON parser: type: '2' key: 'sid'
[0m[95m [1776432795.419217] BSON Parser: [0mBSON parser: string
[0m[95m [1776432795.419225] BSON Parser: [0mBSON parser: 8 'device_0'
[0m[91m [1776432795.419232] BSON Message: [0mInside sid parsing
[95m [1776432795.419238] BSON Parser: [0mBSON parser: type: '8' key: 'dev'
[0m[95m [1776432795.419246] BSON Parser: [0mBSON parser: boolean true
[0m[95m [1776432795.419253] BSON Message: [0mBSON parser: debug .
[0m[95m [1776432795.419259] BSON Message: [0mBSON parser: debug . 0 dev 
[0m[95m [1776432795.419268] BSON Parser: [0mBSON parser: return. 46 length document has 46 bytes.
[0m[95m [1776432795.419274] BSON Parser: [0mBSON parser: return. 180 length document has 180 bytes.
[0m[95m [1776432795.419281] Transport: [0mComing to handle fragmentation 2
[0m[91m [1776432795.419290] Client: [0m---before writing in log upd_msg->seq_no= 1
[91m [1776432795.419295] Client: [0m---before writing in log upd_msg->type= 4
[91m [1776432795.419300] Client: [0m---before writing in log upd_msg->frag_no= 0
[91m [1776432795.419304] Client: [0m---before writing in log upd_msg->reliable= 1
[91m [1776432795.419309] Client: [0m---before writing in log upd_msg->data.sensor_type= 2
[91m [1776432795.419315] Client: [0m---before writing in log upd_msg->data.sid= device_0
[91m [1776432795.419321] Client: [0m---after writing in log upd_msg->seq_no = 1
[91m [1776432795.419325] Client: [0m---after writing in log upd_msg->data.sensor_type = 2
[91m [1776432795.419329] Client: [0m---after writing in log upd_msg->reliable = 1
[95m [1776432795.419334] Client: [0mSending acknowledgment.
[0m[95m [1776432795.419341] Client Module: [0m---------Sending Update acknowledgment from client.-----------
[0m[95m [1776432795.419347] BSON Message: [0m-------------Before Serializing Update acknowledgment.--------------
[0m[95m [1776432795.419354] BSON Message: [0m-------------After Serializing Update acknowledgment.--------------
[0m[95m [1776432795.419361] BSON Message: [0m-------------Before Serializing Update acknowledgment.--------------
[0m[95m [1776432795.419368] BSON Message: [0m-------------After Serializing Update acknowledgment.--------------
[0m[95m [1776432795.421854] Transport: [0mReceived 180 bytes
[0m[95m [1776432795.421864] BSON Parser: [0mParsing client packet
[0m[95m [1776432795.421870] BSON Parser: [0mDocument length: 180 bytes
[0m[95m [1776432795.421878] BSON Parser: [0mBSON parser: type: '16' key: 'type'
[0m[95m [1776432795.421883] BSON Parser: [0mBSON parser: int32:
[0m[95m [1776432795.421889] BSON Parser: [0m4
[0m[95m [1776432795.421895] BSON Parser: [0mBSON parser: type: '8' key: 'reliable'
[0m[95m [1776432795.421901] BSON Parser: [0mBSON parser: boolean true
[0m[95m [1776432795.421907] BSON Message: [0mBSON parser: debug .
[0m[95m [1776432795.421913] BSON Message: [0mBSON parser: debug . 0 reliable 
[0m[95m [1776432795.421920] BSON Parser: [0mBSON parser: type: '16' key: 'seq_no'
[0m[95m [1776432795.421926] BSON Parser: [0mBSON parser: int32:
[0m[95m [1776432795.421932] BSON Parser: [0m1
[0m[95m [1776432795.421938] BSON Parser: [0mBSON parser: type: '8' key: 'end_marker'
[0m[95m [1776432795.421944] BSON Parser: [0mBSON parser: boolean true
[0m[95m [1776432795.421950] BSON Message: [0mBSON parser: debug .
[0m[95m [1776432795.421957] BSON Message: [0mBSON parser: debug . 0 end_marker 
[0m[95m [1776432795.421963] BSON Parser: [0mBSON parser: type: '8' key: 'fragmented'
[0m[95m [1776432795.421969] BSON Parser: [0mBSON parser: boolean false
[0m[95m [1776432795.421979] BSON Message: [0mBSON parser: debug .
[0m[95m [1776432795.421985] BSON Message: [0mBSON parser: debug . 0 fragmented 
[0m[95m [1776432795.421992] BSON Parser: [0mBSON parser: type: '8' key: 'utilize_timestamp'
[0m[95m [1776432795.421998] BSON Parser: [0mBSON parser: boolean false
[0m[95m [1776432795.422004] BSON Message: [0mBSON parser: debug .
[0m[95m [1776432795.422017] BSON Message: [0mBSON parser: debug . 0 utilize_timestamp 
[0m[95m [1776432795.422023] BSON Parser: [0mBSON parser: type: '16' key: 'frag_no'
[0m[95m [1776432795.422029] BSON Parser: [0mBSON parser: int32:
[0m[95m [1776432795.422037] BSON Parser: [0m0
[0m[95m [1776432795.422043] BSON Parser: [0mBSON parser: type: '16' key: 'frag_total'
[0m[95m [1776432795.422049] BSON Parser: [0mBSON parser: int32:
[0m[95m [1776432795.422054] BSON Parser: [0m1
[0m[95m [1776432795.422060] BSON Parser: [0mBSON parser: type: '16' key: 'timestamp'
[0m[95m [1776432795.422066] BSON Parser: [0mBSON parser: int32:
[0m[95m [1776432795.422073] BSON Parser: [0m-1206190080
[0m[95m [1776432795.422080] BSON Parser: [0mBSON parser: type: '3' key: 'data'
[0m[95m [1776432795.422087] BSON Parser: [0mBSON parser: object
[0m[95m [1776432795.422094] BSON Parser: [0mParsing client packet
[0m[95m [1776432795.422100] BSON Parser: [0mDocument length: 46 bytes
[0m[95m [1776432795.422106] BSON Parser: [0mBSON parser: type: '16' key: 'sensor_type'
[0m[95m [1776432795.422113] BSON Parser: [0mBSON parser: int32:
[0m[95m [1776432795.422119] BSON Parser: [0m2
[0m[91m [1776432795.422124] BSON Message: [0mInside sensor type parsing.
[91m [1776432795.422128] BSON Message: [0mInside sensor type parsing end.
[95m [1776432795.422132] BSON Parser: [0mBSON parser: type: '2' key: 'sid'
[0m[95m [1776432795.422140] BSON Parser: [0mBSON parser: string
[0m[95m [1776432795.422145] BSON Parser: [0mBSON parser: 8 'device_0'
[0m[91m [1776432795.422151] BSON Message: [0mInside sid parsing
[95m [1776432795.422155] BSON Parser: [0mBSON parser: type: '8' key: 'dev'
[0m[95m [1776432795.422161] BSON Parser: [0mBSON parser: boolean true
[0m[95m [1776432795.422168] BSON Message: [0mBSON parser: debug .
[0m[95m [1776432795.422174] BSON Message: [0mBSON parser: debug . 0 dev 
[0m[95m [1776432795.422179] BSON Parser: [0mBSON parser: return. 46 length document has 46 bytes.
[0m[95m [1776432795.422185] BSON Parser: [0mBSON parser: return. 180 length document has 180 bytes.
[0m[95m [1776432795.422191] Transport: [0mComing to handle fragmentation 2
[0m[91m [1776432795.422198] Client: [0m---before writing in log upd_msg->seq_no= 1
[91m [1776432795.422202] Client: [0m---before writing in log upd_msg->type= 4
[91m [1776432795.422206] Client: [0m---before writing in log upd_msg->frag_no= 0
[91m [1776432795.422211] Client: [0m---before writing in log upd_msg->reliable= 1
[91m [1776432795.422215] Client: [0m---before writing in log upd_msg->data.sensor_type= 2
[91m [1776432795.422219] Client: [0m---before writing in log upd_msg->data.sid= device_0
[91m [1776432795.422224] Client: [0m---after writing in log upd_msg->seq_no = 1
[91m [1776432795.422227] Client: [0m---after writing in log upd_msg->data.sensor_type = 2
[91m [1776432795.422231] Client: [0m---after writing in log upd_msg->reliable = 1
[95m [1776432795.422235] Client: [0mSending acknowledgment.
[0m[95m [1776432795.422241] Client Module: [0m---------Sending Update acknowledgment from client.-----------
[0m[95m [1776432795.422248] BSON Message: [0m-------------Before Serializing Update acknowledgment.--------------
[0m[95m [1776432795.422254] BSON Message: [0m-------------After Serializing Update acknowledgment.--------------
[0m[95m [1776432795.422260] BSON Message: [0m-------------Before Serializing Update acknowledgment.--------------
[0m[95m [1776432795.422266] BSON Message: [0m-------------After Serializing Update acknowledgment.--------------
[0m[95m [1776432795.429298] Transport: [0mReceived 180 bytes
[0m[95m [1776432795.429313] BSON Parser: [0mParsing client packet
[0m[95m [1776432795.429319] BSON Parser: [0mDocument length: 180 bytes
[0m[95m [1776432795.429325] BSON Parser: [0mBSON parser: type: '16' key: 'type'
[0m[95m [1776432795.429331] BSON Parser: [0mBSON parser: int32:
[0m[95m [1776432795.429336] BSON Parser: [0m4
[0m[95m [1776432795.429343] BSON Parser: [0mBSON parser: type: '8' key: 'reliable'
[0m[95m [1776432795.429348] BSON Parser: [0mBSON parser: boolean true
[0m[95m [1776432795.429354] BSON Message: [0mBSON parser: debug .
[0m[95m [1776432795.429360] BSON Message: [0mBSON parser: debug . 0 reliable 
[0m[95m [1776432795.429366] BSON Parser: [0mBSON parser: type: '16' key: 'seq_no'
[0m[95m [1776432795.429372] BSON Parser: [0mBSON parser: int32:
[0m[95m [1776432795.429378] BSON Parser: [0m1
[0m[95m [1776432795.429384] BSON Parser: [0mBSON parser: type: '8' key: 'end_marker'
[0m[95m [1776432795.429390] BSON Parser: [0mBSON parser: boolean true
[0m[95m [1776432795.429396] BSON Message: [0mBSON parser: debug .
[0m[95m [1776432795.429403] BSON Message: [0mBSON parser: debug . 0 end_marker 
[0m[95m [1776432795.429408] BSON Parser: [0mBSON parser: type: '8' key: 'fragmented'
[0m[95m [1776432795.429412] BSON Parser: [0mBSON parser: boolean false
[0m[95m [1776432795.429417] BSON Message: [0mBSON parser: debug .
[0m[95m [1776432795.429421] BSON Message: [0mBSON parser: debug . 0 fragmented 
[0m[95m [1776432795.429426] BSON Parser: [0mBSON parser: type: '8' key: 'utilize_timestamp'
[0m[95m [1776432795.429430] BSON Parser: [0mBSON parser: boolean false
[0m[95m [1776432795.429435] BSON Message: [0mBSON parser: debug .
[0m[95m [1776432795.429439] BSON Message: [0mBSON parser: debug . 0 utilize_timestamp 
[0m[95m [1776432795.429444] BSON Parser: [0mBSON parser: type: '16' key: 'frag_no'
[0m[95m [1776432795.429449] BSON Parser: [0mBSON parser: int32:
[0m[95m [1776432795.429453] BSON Parser: [0m0
[0m[95m [1776432795.429458] BSON Parser: [0mBSON parser: type: '16' key: 'frag_total'
[0m[95m [1776432795.429463] BSON Parser: [0mBSON parser: int32:
[0m[95m [1776432795.429467] BSON Parser: [0m1
[0m[95m [1776432795.429472] BSON Parser: [0mBSON parser: type: '16' key: 'timestamp'
[0m[95m [1776432795.429476] BSON Parser: [0mBSON parser: int32:
[0m[95m [1776432795.429481] BSON Parser: [0m-1206190080
[0m[95m [1776432795.429485] BSON Parser: [0mBSON parser: type: '3' key: 'data'
[0m[95m [1776432795.429490] BSON Parser: [0mBSON parser: object
[0m[95m [1776432795.429494] BSON Parser: [0mParsing client packet
[0m[95m [1776432795.429499] BSON Parser: [0mDocument length: 46 bytes
[0m[95m [1776432795.429504] BSON Parser: [0mBSON parser: type: '16' key: 'sensor_type'
[0m[95m [1776432795.429508] BSON Parser: [0mBSON parser: int32:
[0m[95m [1776432795.429512] BSON Parser: [0m2
[0m[91m [1776432795.429517] BSON Message: [0mInside sensor type parsing.
[91m [1776432795.429520] BSON Message: [0mInside sensor type parsing end.
[95m [1776432795.429524] BSON Parser: [0mBSON parser: type: '2' key: 'sid'
[0m[95m [1776432795.429528] BSON Parser: [0mBSON parser: string
[0m[95m [1776432795.429533] BSON Parser: [0mBSON parser: 8 'device_0'
[0m[91m [1776432795.429537] BSON Message: [0mInside sid parsing
[95m [1776432795.429541] BSON Parser: [0mBSON parser: type: '8' key: 'dev'
[0m[95m [1776432795.429545] BSON Parser: [0mBSON parser: boolean true
[0m[95m [1776432795.429550] BSON Message: [0mBSON parser: debug .
[0m[95m [1776432795.429554] BSON Message: [0mBSON parser: debug . 0 dev 
[0m[95m [1776432795.429559] BSON Parser: [0mBSON parser: return. 46 length document has 46 bytes.
[0m[95m [1776432795.429564] BSON Parser: [0mBSON parser: return. 180 length document has 180 bytes.
[0m[95m [1776432795.429568] Transport: [0mComing to handle fragmentation 2
[0m[91m [1776432795.429573] Client: [0m---before writing in log upd_msg->seq_no= 1
[91m [1776432795.429577] Client: [0m---before writing in log upd_msg->type= 4
[91m [1776432795.429583] Client: [0m---before writing in log upd_msg->frag_no= 0
[91m [1776432795.429586] Client: [0m---before writing in log upd_msg->reliable= 1
[91m [1776432795.429589] Client: [0m---before writing in log upd_msg->data.sensor_type= 2
[91m [1776432795.429592] Client: [0m---before writing in log upd_msg->data.sid= device_0
[91m [1776432795.429596] Client: [0m---after writing in log upd_msg->seq_no = 1
[91m [1776432795.429599] Client: [0m---after writing in log upd_msg->data.sensor_type = 2
[91m [1776432795.429602] Client: [0m---after writing in log upd_msg->reliable = 1
[95m [1776432795.429605] Client: [0mSending acknowledgment.
[0m[95m [1776432795.429610] Client Module: [0m---------Sending Update acknowledgment from client.-----------
[0m[95m [1776432795.429615] BSON Message: [0m-------------Before Serializing Update acknowledgment.--------------
[0m[95m [1776432795.429620] BSON Message: [0m-------------After Serializing Update acknowledgment.--------------
[0m[95m [1776432795.429624] BSON Message: [0m-------------Before Serializing Update acknowledgment.--------------
[0m[95m [1776432795.429629] BSON Message: [0m-------------After Serializing Update acknowledgment.--------------
[0m[95m [1776432795.432408] Transport: [0mReceived 180 bytes
[0m[95m [1776432795.432422] BSON Parser: [0mParsing client packet
[0m[95m [1776432795.432429] BSON Parser: [0mDocument length: 180 bytes
[0m[95m [1776432795.432435] BSON Parser: [0mBSON parser: type: '16' key: 'type'
[0m[95m [1776432795.432443] BSON Parser: [0mBSON parser: int32:
[0m[95m [1776432795.432451] BSON Parser: [0m4
[0m[95m [1776432795.432458] BSON Parser: [0mBSON parser: type: '8' key: 'reliable'
[0m[95m [1776432795.432465] BSON Parser: [0mBSON parser: boolean true
[0m[95m [1776432795.432471] BSON Message: [0mBSON parser: debug .
[0m[95m [1776432795.432476] BSON Message: [0mBSON parser: debug . 0 reliable 
[0m[95m [1776432795.432483] BSON Parser: [0mBSON parser: type: '16' key: 'seq_no'
[0m[95m [1776432795.432490] BSON Parser: [0mBSON parser: int32:
[0m[95m [1776432795.432496] BSON Parser: [0m1
[0m[95m [1776432795.432502] BSON Parser: [0mBSON parser: type: '8' key: 'end_marker'
[0m[95m [1776432795.432508] BSON Parser: [0mBSON parser: boolean true
[0m[95m [1776432795.432514] BSON Message: [0mBSON parser: debug .
[0m[95m [1776432795.432520] BSON Message: [0mBSON parser: debug . 0 end_marker 
[0m[95m [1776432795.432525] BSON Parser: [0mBSON parser: type: '8' key: 'fragmented'
[0m[95m [1776432795.432532] BSON Parser: [0mBSON parser: boolean false
[0m[95m [1776432795.432539] BSON Message: [0mBSON parser: debug .
[0m[95m [1776432795.432545] BSON Message: [0mBSON parser: debug . 0 fragmented 
[0m[95m [1776432795.432550] BSON Parser: [0mBSON parser: type: '8' key: 'utilize_timestamp'
[0m[95m [1776432795.432554] BSON Parser: [0mBSON parser: boolean false
[0m[95m [1776432795.432559] BSON Message: [0mBSON parser: debug .
[0m[95m [1776432795.432564] BSON Message: [0mBSON parser: debug . 0 utilize_timestamp 
[0m[95m [1776432795.432568] BSON Parser: [0mBSON parser: type: '16' key: 'frag_no'
[0m[95m [1776432795.432573] BSON Parser: [0mBSON parser: int32:
[0m[95m [1776432795.432578] BSON Parser: [0m0
[0m[95m [1776432795.432582] BSON Parser: [0mBSON parser: type: '16' key: 'frag_total'
[0m[95m [1776432795.432587] BSON Parser: [0mBSON parser: int32:
[0m[95m [1776432795.432592] BSON Parser: [0m1
[0m[95m [1776432795.432596] BSON Parser: [0mBSON parser: type: '16' key: 'timestamp'
[0m[95m [1776432795.432601] BSON Parser: [0mBSON parser: int32:
[0m[95m [1776432795.432606] BSON Parser: [0m-1206190080
[0m[95m [1776432795.432610] BSON Parser: [0mBSON parser: type: '3' key: 'data'
[0m[95m [1776432795.432615] BSON Parser: [0mBSON parser: object
[0m[95m [1776432795.432619] BSON Parser: [0mParsing client packet
[0m[95m [1776432795.432624] BSON Parser: [0mDocument length: 46 bytes
[0m[95m [1776432795.432629] BSON Parser: [0mBSON parser: type: '16' key: 'sensor_type'
[0m[95m [1776432795.432641] BSON Parser: [0mBSON parser: int32:
[0m[95m [1776432795.432645] BSON Parser: [0m2
[0m[91m [1776432795.432650] BSON Message: [0mInside sensor type parsing.
[91m [1776432795.432653] BSON Message: [0mInside sensor type parsing end.
[95m [1776432795.432657] BSON Parser: [0mBSON parser: type: '2' key: 'sid'
[0m[95m [1776432795.432662] BSON Parser: [0mBSON parser: string
[0m[95m [1776432795.432666] BSON Parser: [0mBSON parser: 8 'device_0'
[0m[91m [1776432795.432671] BSON Message: [0mInside sid parsing
[95m [1776432795.432676] BSON Parser: [0mBSON parser: type: '8' key: 'dev'
[0m[95m [1776432795.432685] BSON Parser: [0mBSON parser: boolean true
[0m[95m [1776432795.432692] BSON Message: [0mBSON parser: debug .
[0m[95m [1776432795.432697] BSON Message: [0mBSON parser: debug . 0 dev 
[0m[95m [1776432795.432703] BSON Parser: [0mBSON parser: return. 46 length document has 46 bytes.
[0m[95m [1776432795.432709] BSON Parser: [0mBSON parser: return. 180 length document has 180 bytes.
[0m[95m [1776432795.432715] Transport: [0mComing to handle fragmentation 2
[0m[91m [1776432795.432721] Client: [0m---before writing in log upd_msg->seq_no= 1
[91m [1776432795.432725] Client: [0m---before writing in log upd_msg->type= 4
[91m [1776432795.432729] Client: [0m---before writing in log upd_msg->frag_no= 0
[91m [1776432795.432732] Client: [0m---before writing in log upd_msg->reliable= 1
[91m [1776432795.432736] Client: [0m---before writing in log upd_msg->data.sensor_type= 2
[91m [1776432795.432740] Client: [0m---before writing in log upd_msg->data.sid= device_0
[91m [1776432795.432745] Client: [0m---after writing in log upd_msg->seq_no = 1
[91m [1776432795.432749] Client: [0m---after writing in log upd_msg->data.sensor_type = 2
[91m [1776432795.432752] Client: [0m---after writing in log upd_msg->reliable = 1
[95m [1776432795.432756] Client: [0mSending acknowledgment.
[0m[95m [1776432795.432762] Client Module: [0m---------Sending Update acknowledgment from client.-----------
[0m[95m [1776432795.432767] BSON Message: [0m-------------Before Serializing Update acknowledgment.--------------
[0m[95m [1776432795.432773] BSON Message: [0m-------------After Serializing Update acknowledgment.--------------
[0m[95m [1776432795.432779] BSON Message: [0m-------------Before Serializing Update acknowledgment.--------------
[0m[95m [1776432795.433223] BSON Message: [0m-------------After Serializing Update acknowledgment.--------------
[0m[95m [1776432795.434968] Transport: [0mReceived 180 bytes
[0m[95m [1776432795.434977] BSON Parser: [0mParsing client packet
[0m[95m [1776432795.434983] BSON Parser: [0mDocument length: 180 bytes
[0m[95m [1776432795.434989] BSON Parser: [0mBSON parser: type: '16' key: 'type'
[0m[95m [1776432795.434994] BSON Parser: [0mBSON parser: int32:
[0m[95m [1776432795.435000] BSON Parser: [0m4
[0m[95m [1776432795.435006] BSON Parser: [0mBSON parser: type: '8' key: 'reliable'
[0m[95m [1776432795.435019] BSON Parser: [0mBSON parser: boolean true
[0m[95m [1776432795.435024] BSON Message: [0mBSON parser: debug .
[0m[95m [1776432795.435030] BSON Message: [0mBSON parser: debug . 0 reliable 
[0m[95m [1776432795.435036] BSON Parser: [0mBSON parser: type: '16' key: 'seq_no'
[0m[95m [1776432795.435043] BSON Parser: [0mBSON parser: int32:
[0m[95m [1776432795.435048] BSON Parser: [0m1
[0m[95m [1776432795.435054] BSON Parser: [0mBSON parser: type: '8' key: 'end_marker'
[0m[95m [1776432795.435060] BSON Parser: [0mBSON parser: boolean true
[0m[95m [1776432795.435065] BSON Message: [0mBSON parser: debug .
[0m[95m [1776432795.435071] BSON Message: [0mBSON parser: debug . 0 end_marker 
[0m[95m [1776432795.435077] BSON Parser: [0mBSON parser: type: '8' key: 'fragmented'
[0m[95m [1776432795.435082] BSON Parser: [0mBSON parser: boolean false
[0m[95m [1776432795.435088] BSON Message: [0mBSON parser: debug .
[0m[95m [1776432795.435093] BSON Message: [0mBSON parser: debug . 0 fragmented 
[0m[95m [1776432795.435102] BSON Parser: [0mBSON parser: type: '8' key: 'utilize_timestamp'
[0m[95m [1776432795.435107] BSON Parser: [0mBSON parser: boolean false
[0m[95m [1776432795.435113] BSON Message: [0mBSON parser: debug .
[0m[95m [1776432795.435119] BSON Message: [0mBSON parser: debug . 0 utilize_timestamp 
[0m[95m [1776432795.435125] BSON Parser: [0mBSON parser: type: '16' key: 'frag_no'
[0m[95m [1776432795.435131] BSON Parser: [0mBSON parser: int32:
[0m[95m [1776432795.435137] BSON Parser: [0m0
[0m[95m [1776432795.435143] BSON Parser: [0mBSON parser: type: '16' key: 'frag_total'
[0m[95m [1776432795.435148] BSON Parser: [0mBSON parser: int32:
[0m[95m [1776432795.435154] BSON Parser: [0m1
[0m[95m [1776432795.435160] BSON Parser: [0mBSON parser: type: '16' key: 'timestamp'
[0m[95m [1776432795.435166] BSON Parser: [0mBSON parser: int32:
[0m[95m [1776432795.435171] BSON Parser: [0m-1206190080
[0m[95m [1776432795.435177] BSON Parser: [0mBSON parser: type: '3' key: 'data'
[0m[95m [1776432795.435183] BSON Parser: [0mBSON parser: object
[0m[95m [1776432795.435189] BSON Parser: [0mParsing client packet
[0m[95m [1776432795.435195] BSON Parser: [0mDocument length: 46 bytes
[0m[95m [1776432795.435201] BSON Parser: [0mBSON parser: type: '16' key: 'sensor_type'
[0m[95m [1776432795.435207] BSON Parser: [0mBSON parser: int32:
[0m[95m [1776432795.435212] BSON Parser: [0m2
[0m[91m [1776432795.435218] BSON Message: [0mInside sensor type parsing.
[91m [1776432795.435222] BSON Message: [0mInside sensor type parsing end.
[95m [1776432795.435226] BSON Parser: [0mBSON parser: type: '2' key: 'sid'
[0m[95m [1776432795.435232] BSON Parser: [0mBSON parser: string
[0m[95m [1776432795.435241] BSON Parser: [0mBSON parser: 8 'device_0'
[0m[91m [1776432795.435247] BSON Message: [0mInside sid parsing
[95m [1776432795.435251] BSON Parser: [0mBSON parser: type: '8' key: 'dev'
[0m[95m [1776432795.435257] BSON Parser: [0mBSON parser: boolean true
[0m[95m [1776432795.435263] BSON Message: [0mBSON parser: debug .
[0m[95m [1776432795.435274] BSON Message: [0mBSON parser: debug . 0 dev 
[0m[95m [1776432795.435305] BSON Parser: [0mBSON parser: return. 46 length document has 46 bytes.
[0m[95m [1776432795.435345] BSON Parser: [0mBSON parser: return. 180 length document has 180 bytes.
[0m[95m [1776432795.435367] Transport: [0mComing to handle fragmentation 2
[0m[91m [1776432795.435374] Client: [0m---before writing in log upd_msg->seq_no= 1
[91m [1776432795.435378] Client: [0m---before writing in log upd_msg->type= 4
[91m [1776432795.435383] Client: [0m---before writing in log upd_msg->frag_no= 0
[91m [1776432795.435387] Client: [0m---before writing in log upd_msg->reliable= 1
[91m [1776432795.435392] Client: [0m---before writing in log upd_msg->data.sensor_type= 2
[91m [1776432795.435397] Client: [0m---before writing in log upd_msg->data.sid= device_0
[91m [1776432795.435402] Client: [0m---after writing in log upd_msg->seq_no = 1
[91m [1776432795.435406] Client: [0m---after writing in log upd_msg->data.sensor_type = 2
[91m [1776432795.435410] Client: [0m---after writing in log upd_msg->reliable = 1
[95m [1776432795.435414] Client: [0mSending acknowledgment.
[0m[95m [1776432795.435418] Client Module: [0m---------Sending Update acknowledgment from client.-----------
[0m[95m [1776432795.435423] BSON Message: [0m-------------Before Serializing Update acknowledgment.--------------
[0m[95m [1776432795.435430] BSON Message: [0m-------------After Serializing Update acknowledgment.--------------
[0m[95m [1776432795.435436] BSON Message: [0m-------------Before Serializing Update acknowledgment.--------------
[0m[95m [1776432795.435443] BSON Message: [0m-------------After Serializing Update acknowledgment.--------------
[0m[95m [1776432795.439519] Transport: [0mReceived 180 bytes
[0m[95m [1776432795.439535] BSON Parser: [0mParsing client packet
[0m[95m [1776432795.439542] BSON Parser: [0mDocument length: 180 bytes
[0m[95m [1776432795.439552] BSON Parser: [0mBSON parser: type: '16' key: 'type'
[0m[95m [1776432795.439557] BSON Parser: [0mBSON parser: int32:
[0m[95m [1776432795.439562] BSON Parser: [0m4
[0m[95m [1776432795.439567] BSON Parser: [0mBSON parser: type: '8' key: 'reliable'
[0m[95m [1776432795.439572] BSON Parser: [0mBSON parser: boolean true
[0m[95m [1776432795.439576] BSON Message: [0mBSON parser: debug .
[0m[95m [1776432795.439581] BSON Message: [0mBSON parser: debug . 0 reliable 
[0m[95m [1776432795.439586] BSON Parser: [0mBSON parser: type: '16' key: 'seq_no'
[0m[95m [1776432795.439590] BSON Parser: [0mBSON parser: int32:
[0m[95m [1776432795.439595] BSON Parser: [0m1
[0m[95m [1776432795.439599] BSON Parser: [0mBSON parser: type: '8' key: 'end_marker'
[0m[95m [1776432795.439604] BSON Parser: [0mBSON parser: boolean true
[0m[95m [1776432795.439608] BSON Message: [0mBSON parser: debug .
[0m[95m [1776432795.439613] BSON Message: [0mBSON parser: debug . 0 end_marker 
[0m[95m [1776432795.439618] BSON Parser: [0mBSON parser: type: '8' key: 'fragmented'
[0m[95m [1776432795.439622] BSON Parser: [0mBSON parser: boolean false
[0m[95m [1776432795.439627] BSON Message: [0mBSON parser: debug .
[0m[95m [1776432795.439631] BSON Message: [0mBSON parser: debug . 0 fragmented 
[0m[95m [1776432795.439636] BSON Parser: [0mBSON parser: type: '8' key: 'utilize_timestamp'
[0m[95m [1776432795.439640] BSON Parser: [0mBSON parser: boolean false
[0m[95m [1776432795.439645] BSON Message: [0mBSON parser: debug .
[0m[95m [1776432795.439649] BSON Message: [0mBSON parser: debug . 0 utilize_timestamp 
[0m[95m [1776432795.439654] BSON Parser: [0mBSON parser: type: '16' key: 'frag_no'
[0m[95m [1776432795.439658] BSON Parser: [0mBSON parser: int32:
[0m[95m [1776432795.439663] BSON Parser: [0m0
[0m[95m [1776432795.439667] BSON Parser: [0mBSON parser: type: '16' key: 'frag_total'
[0m[95m [1776432795.439672] BSON Parser: [0mBSON parser: int32:
[0m[95m [1776432795.439676] BSON Parser: [0m1
[0m[95m [1776432795.439681] BSON Parser: [0mBSON parser: type: '16' key: 'timestamp'
[0m[95m [1776432795.439685] BSON Parser: [0mBSON parser: int32:
[0m[95m [1776432795.439690] BSON Parser: [0m-1206190080
[0m[95m [1776432795.439695] BSON Parser: [0mBSON parser: type: '3' key: 'data'
[0m[95m [1776432795.439699] BSON Parser: [0mBSON parser: object
[0m[95m [1776432795.439704] BSON Parser: [0mParsing client packet
[0m[95m [1776432795.439708] BSON Parser: [0mDocument length: 46 bytes
[0m[95m [1776432795.439713] BSON Parser: [0mBSON parser: type: '16' key: 'sensor_type'
[0m[95m [1776432795.439717] BSON Parser: [0mBSON parser: int32:
[0m[95m [1776432795.439722] BSON Parser: [0m2
[0m[91m [1776432795.439726] BSON Message: [0mInside sensor type parsing.
[91m [1776432795.439729] BSON Message: [0mInside sensor type parsing end.
[95m [1776432795.439733] BSON Parser: [0mBSON parser: type: '2' key: 'sid'
[0m[95m [1776432795.439737] BSON Parser: [0mBSON parser: string
[0m[95m [1776432795.439742] BSON Parser: [0mBSON parser: 8 'device_0'
[0m[91m [1776432795.439746] BSON Message: [0mInside sid parsing
[95m [1776432795.439750] BSON Parser: [0mBSON parser: type: '8' key: 'dev'
[0m[95m [1776432795.439757] BSON Parser: [0mBSON parser: boolean true
[0m[95m [1776432795.439763] BSON Message: [0mBSON parser: debug .
[0m[95m [1776432795.439768] BSON Message: [0mBSON parser: debug . 0 dev 
[0m[95m [1776432795.439774] BSON Parser: [0mBSON parser: return. 46 length document has 46 bytes.
[0m[95m [1776432795.439780] BSON Parser: [0mBSON parser: return. 180 length document has 180 bytes.
[0m[95m [1776432795.439785] Transport: [0mComing to handle fragmentation 2
[0m[91m [1776432795.439791] Client: [0m---before writing in log upd_msg->seq_no= 1
[91m [1776432795.439795] Client: [0m---before writing in log upd_msg->type= 4
[91m [1776432795.439799] Client: [0m---before writing in log upd_msg->frag_no= 0
[91m [1776432795.439803] Client: [0m---before writing in log upd_msg->reliable= 1
[91m [1776432795.439812] Client: [0m---before writing in log upd_msg->data.sensor_type= 2
[91m [1776432795.439816] Client: [0m---before writing in log upd_msg->data.sid= device_0
[91m [1776432795.439820] Client: [0m---after writing in log upd_msg->seq_no = 1
[91m [1776432795.439823] Client: [0m---after writing in log upd_msg->data.sensor_type = 2
[91m [1776432795.439826] Client: [0m---after writing in log upd_msg->reliable = 1
[95m [1776432795.439830] Client: [0mSending acknowledgment.
[0m[95m [1776432795.439834] Client Module: [0m---------Sending Update acknowledgment from client.-----------
[0m[95m [1776432795.439839] BSON Message: [0m-------------Before Serializing Update acknowledgment.--------------
[0m[95m [1776432795.439844] BSON Message: [0m-------------After Serializing Update acknowledgment.--------------
[0m[95m [1776432795.439849] BSON Message: [0m-------------Before Serializing Update acknowledgment.--------------
[0m[95m [1776432795.439853] BSON Message: [0m-------------After Serializing Update acknowledgment.--------------
[0m[95m [1776432795.447891] Transport: [0mReceived 180 bytes
[0m[95m [1776432795.447907] BSON Parser: [0mParsing client packet
[0m[95m [1776432795.447913] BSON Parser: [0mDocument length: 180 bytes
[0m[95m [1776432795.447919] BSON Parser: [0mBSON parser: type: '16' key: 'type'
[0m[95m [1776432795.447925] BSON Parser: [0mBSON parser: int32:
[0m[95m [1776432795.447930] BSON Parser: [0m4
[0m[95m [1776432795.447937] BSON Parser: [0mBSON parser: type: '8' key: 'reliable'
[0m[95m [1776432795.447943] BSON Parser: [0mBSON parser: boolean true
[0m[95m [1776432795.447949] BSON Message: [0mBSON parser: debug .
[0m[95m [1776432795.447956] BSON Message: [0mBSON parser: debug . 0 reliable 
[0m[95m [1776432795.447962] BSON Parser: [0mBSON parser: type: '16' key: 'seq_no'
[0m[95m [1776432795.447968] BSON Parser: [0mBSON parser: int32:
[0m[95m [1776432795.447974] BSON Parser: [0m1
[0m[95m [1776432795.447980] BSON Parser: [0mBSON parser: type: '8' key: 'end_marker'
[0m[95m [1776432795.447986] BSON Parser: [0mBSON parser: boolean true
[0m[95m [1776432795.447992] BSON Message: [0mBSON parser: debug .
[0m[95m [1776432795.447998] BSON Message: [0mBSON parser: debug . 0 end_marker 
[0m[95m [1776432795.448004] BSON Parser: [0mBSON parser: type: '8' key: 'fragmented'
[0m[95m [1776432795.448021] BSON Parser: [0mBSON parser: boolean false
[0m[95m [1776432795.448027] BSON Message: [0mBSON parser: debug .
[0m[95m [1776432795.448033] BSON Message: [0mBSON parser: debug . 0 fragmented 
[0m[95m [1776432795.448039] BSON Parser: [0mBSON parser: type: '8' key: 'utilize_timestamp'
[0m[95m [1776432795.448046] BSON Parser: [0mBSON parser: boolean false
[0m[95m [1776432795.448051] BSON Message: [0mBSON parser: debug .
[0m[95m [1776432795.448058] BSON Message: [0mBSON parser: debug . 0 utilize_timestamp 
[0m[95m [1776432795.448065] BSON Parser: [0mBSON parser: type: '16' key: 'frag_no'
[0m[95m [1776432795.448072] BSON Parser: [0mBSON parser: int32:
[0m[95m [1776432795.448079] BSON Parser: [0m0
[0m[95m [1776432795.448086] BSON Parser: [0mBSON parser: type: '16' key: 'frag_total'
[0m[95m [1776432795.448093] BSON Parser: [0mBSON parser: int32:
[0m[95m [1776432795.448100] BSON Parser: [0m1
[0m[95m [1776432795.448107] BSON Parser: [0mBSON parser: type: '16' key: 'timestamp'
[0m[95m [1776432795.448114] BSON Parser: [0mBSON parser: int32:
[0m[95m [1776432795.448120] BSON Parser: [0m-1206190080
[0m[95m [1776432795.448127] BSON Parser: [0mBSON parser: type: '3' key: 'data'
[0m[95m [1776432795.448134] BSON Parser: [0mBSON parser: object
[0m[95m [1776432795.448140] BSON Parser: [0mParsing client packet
[0m[95m [1776432795.448146] BSON Parser: [0mDocument length: 46 bytes
[0m[95m [1776432795.448153] BSON Parser: [0mBSON parser: type: '16' key: 'sensor_type'
[0m[95m [1776432795.448162] BSON Parser: [0mBSON parser: int32:
[0m[95m [1776432795.448169] BSON Parser: [0m2
[0m[91m [1776432795.448183] BSON Message: [0mInside sensor type parsing.
[91m [1776432795.448188] BSON Message: [0mInside sensor type parsing end.
[95m [1776432795.448195] BSON Parser: [0mBSON parser: type: '2' key: 'sid'
[0m[95m [1776432795.448203] BSON Parser: [0mBSON parser: string
[0m[95m [1776432795.448210] BSON Parser: [0mBSON parser: 8 'device_0'
[0m[91m [1776432795.448217] BSON Message: [0mInside sid parsing
[95m [1776432795.448223] BSON Parser: [0mBSON parser: type: '8' key: 'dev'
[0m[95m [1776432795.448232] BSON Parser: [0mBSON parser: boolean true
[0m[95m [1776432795.448240] BSON Message: [0mBSON parser: debug .
[0m[95m [1776432795.448247] BSON Message: [0mBSON parser: debug . 0 dev 
[0m[95m [1776432795.448255] BSON Parser: [0mBSON parser: return. 46 length document has 46 bytes.
[0m[95m [1776432795.448264] BSON Parser: [0mBSON parser: return. 180 length document has 180 bytes.
[0m[95m [1776432795.448272] Transport: [0mComing to handle fragmentation 2
[0m[91m [1776432795.448280] Client: [0m---before writing in log upd_msg->seq_no= 1
[91m [1776432795.448286] Client: [0m---before writing in log upd_msg->type= 4
[91m [1776432795.448291] Client: [0m---before writing in log upd_msg->frag_no= 0
[91m [1776432795.448296] Client: [0m---before writing in log upd_msg->reliable= 1
[91m [1776432795.448301] Client: [0m---before writing in log upd_msg->data.sensor_type= 2
[91m [1776432795.448305] Client: [0m---before writing in log upd_msg->data.sid= device_0
[91m [1776432795.448311] Client: [0m---after writing in log upd_msg->seq_no = 1
[91m [1776432795.448315] Client: [0m---after writing in log upd_msg->data.sensor_type = 2
[91m [1776432795.448320] Client: [0m---after writing in log upd_msg->reliable = 1
[95m [1776432795.448325] Client: [0mSending acknowledgment.
[0m[95m [1776432795.448332] Client Module: [0m---------Sending Update acknowledgment from client.-----------
[0m[95m [1776432795.448339] BSON Message: [0m-------------Before Serializing Update acknowledgment.--------------
[0m[95m [1776432795.448346] BSON Message: [0m-------------After Serializing Update acknowledgment.--------------
[0m[95m [1776432795.448353] BSON Message: [0m-------------Before Serializing Update acknowledgment.--------------
[0m[95m [1776432795.448359] BSON Message: [0m-------------After Serializing Update acknowledgment.--------------
[0m[95m [1776432795.455363] Transport: [0mReceived 180 bytes
[0m[95m [1776432795.455380] BSON Parser: [0mParsing client packet
[0m[95m [1776432795.455387] BSON Parser: [0mDocument length: 180 bytes
[0m[95m [1776432795.455395] BSON Parser: [0mBSON parser: type: '16' key: 'type'
[0m[95m [1776432795.455402] BSON Parser: [0mBSON parser: int32:
[0m[95m [1776432795.455409] BSON Parser: [0m4
[0m[95m [1776432795.455417] BSON Parser: [0mBSON parser: type: '8' key: 'reliable'
[0m[95m [1776432795.455424] BSON Parser: [0mBSON parser: boolean true
[0m[95m [1776432795.455431] BSON Message: [0mBSON parser: debug .
[0m[95m [1776432795.455438] BSON Message: [0mBSON parser: debug . 0 reliable 
[0m[95m [1776432795.455445] BSON Parser: [0mBSON parser: type: '16' key: 'seq_no'
[0m[95m [1776432795.455453] BSON Parser: [0mBSON parser: int32:
[0m[95m [1776432795.455459] BSON Parser: [0m1
[0m[95m [1776432795.455467] BSON Parser: [0mBSON parser: type: '8' key: 'end_marker'
[0m[95m [1776432795.455474] BSON Parser: [0mBSON parser: boolean true
[0m[95m [1776432795.455482] BSON Message: [0mBSON parser: debug .
[0m[95m [1776432795.455489] BSON Message: [0mBSON parser: debug . 0 end_marker 
[0m[95m [1776432795.455496] BSON Parser: [0mBSON parser: type: '8' key: 'fragmented'
[0m[95m [1776432795.455503] BSON Parser: [0mBSON parser: boolean false
[0m[95m [1776432795.455510] BSON Message: [0mBSON parser: debug .
[0m[95m [1776432795.455517] BSON Message: [0mBSON parser: debug . 0 fragmented 
[0m[95m [1776432795.455525] BSON Parser: [0mBSON parser: type: '8' key: 'utilize_timestamp'
[0m[95m [1776432795.455539] BSON Parser: [0mBSON parser: boolean false
[0m[95m [1776432795.455545] BSON Message: [0mBSON parser: debug .
[0m[95m [1776432795.455552] BSON Message: [0mBSON parser: debug . 0 utilize_timestamp 
[0m[95m [1776432795.455560] BSON Parser: [0mBSON parser: type: '16' key: 'frag_no'
[0m[95m [1776432795.455567] BSON Parser: [0mBSON parser: int32:
[0m[95m [1776432795.455574] BSON Parser: [0m0
[0m[95m [1776432795.455581] BSON Parser: [0mBSON parser: type: '16' key: 'frag_total'
[0m[95m [1776432795.455588] BSON Parser: [0mBSON parser: int32:
[0m[95m [1776432795.455595] BSON Parser: [0m1
[0m[95m [1776432795.455602] BSON Parser: [0mBSON parser: type: '16' key: 'timestamp'
[0m[95m [1776432795.455609] BSON Parser: [0mBSON parser: int32:
[0m[95m [1776432795.455616] BSON Parser: [0m-1206190080
[0m[95m [1776432795.455623] BSON Parser: [0mBSON parser: type: '3' key: 'data'
[0m[95m [1776432795.455630] BSON Parser: [0mBSON parser: object
[0m[95m [1776432795.455637] BSON Parser: [0mParsing client packet
[0m[95m [1776432795.455644] BSON Parser: [0mDocument length: 46 bytes
[0m[95m [1776432795.455651] BSON Parser: [0mBSON parser: type: '16' key: 'sensor_type'
[0m[95m [1776432795.455659] BSON Parser: [0mBSON parser: int32:
[0m[95m [1776432795.455666] BSON Parser: [0m2
[0m[91m [1776432795.455673] BSON Message: [0mInside sensor type parsing.
[91m [1776432795.455678] BSON Message: [0mInside sensor type parsing end.
[95m [1776432795.455683] BSON Parser: [0mBSON parser: type: '2' key: 'sid'
[0m[95m [1776432795.455690] BSON Parser: [0mBSON parser: string
[0m[95m [1776432795.455697] BSON Parser: [0mBSON parser: 8 'device_0'
[0m[91m [1776432795.455704] BSON Message: [0mInside sid parsing
[95m [1776432795.455709] BSON Parser: [0mBSON parser: type: '8' key: 'dev'
[0m[95m [1776432795.455717] BSON Parser: [0mBSON parser: boolean true
[0m[95m [1776432795.455724] BSON Message: [0mBSON parser: debug .
[0m[95m [1776432795.455731] BSON Message: [0mBSON parser: debug . 0 dev 
[0m[95m [1776432795.455738] BSON Parser: [0mBSON parser: return. 46 length document has 46 bytes.
[0m[95m [1776432795.455745] BSON Parser: [0mBSON parser: return. 180 length document has 180 bytes.
[0m[95m [1776432795.455753] Transport: [0mComing to handle fragmentation 2
[0m[91m [1776432795.455760] Client: [0m---before writing in log upd_msg->seq_no= 1
[91m [1776432795.455766] Client: [0m---before writing in log upd_msg->type= 4
[91m [1776432795.455770] Client: [0m---before writing in log upd_msg->frag_no= 0
[91m [1776432795.455775] Client: [0m---before writing in log upd_msg->reliable= 1
[91m [1776432795.455780] Client: [0m---before writing in log upd_msg->data.sensor_type= 2
[91m [1776432795.455785] Client: [0m---before writing in log upd_msg->data.sid= device_0
[91m [1776432795.455791] Client: [0m---after writing in log upd_msg->seq_no = 1
[91m [1776432795.455796] Client: [0m---after writing in log upd_msg->data.sensor_type = 2
[91m [1776432795.455801] Client: [0m---after writing in log upd_msg->reliable = 1
[95m [1776432795.455805] Client: [0mSending acknowledgment.
[0m[95m [1776432795.455812] Client Module: [0m---------Sending Update acknowledgment from client.-----------
[0m[95m [1776432795.455819] BSON Message: [0m-------------Before Serializing Update acknowledgment.--------------
[0m[95m [1776432795.455827] BSON Message: [0m-------------After Serializing Update acknowledgment.--------------
[0m[95m [1776432795.455833] BSON Message: [0m-------------Before Serializing Update acknowledgment.--------------
[0m[95m [1776432795.455840] BSON Message: [0m-------------After Serializing Update acknowledgment.--------------
[0m[95m [1776432795.455865] Transport: [0mReceived 180 bytes
[0m[95m [1776432795.455873] BSON Parser: [0mParsing client packet
[0m[95m [1776432795.455879] BSON Parser: [0mDocument length: 180 bytes
[0m[95m [1776432795.455886] BSON Parser: [0mBSON parser: type: '16' key: 'type'
[0m[95m [1776432795.455893] BSON Parser: [0mBSON parser: int32:
[0m[95m [1776432795.455905] BSON Parser: [0m4
[0m[95m [1776432795.455913] BSON Parser: [0mBSON parser: type: '8' key: 'reliable'
[0m[95m [1776432795.455920] BSON Parser: [0mBSON parser: boolean true
[0m[95m [1776432795.455927] BSON Message: [0mBSON parser: debug .
[0m[95m [1776432795.455934] BSON Message: [0mBSON parser: debug . 0 reliable 
[0m[95m [1776432795.455941] BSON Parser: [0mBSON parser: type: '16' key: 'seq_no'
[0m[95m [1776432795.455948] BSON Parser: [0mBSON parser: int32:
[0m[95m [1776432795.455954] BSON Parser: [0m1
[0m[95m [1776432795.455961] BSON Parser: [0mBSON parser: type: '8' key: 'end_marker'
[0m[95m [1776432795.455968] BSON Parser: [0mBSON parser: boolean true
[0m[95m [1776432795.455975] BSON Message: [0mBSON parser: debug .
[0m[95m [1776432795.455981] BSON Message: [0mBSON parser: debug . 0 end_marker 
[0m[95m [1776432795.455988] BSON Parser: [0mBSON parser: type: '8' key: 'fragmented'
[0m[95m [1776432795.455995] BSON Parser: [0mBSON parser: boolean false
[0m[95m [1776432795.456002] BSON Message: [0mBSON parser: debug .
[0m[95m [1776432795.456018] BSON Message: [0mBSON parser: debug . 0 fragmented 
[0m[95m [1776432795.456026] BSON Parser: [0mBSON parser: type: '8' key: 'utilize_timestamp'
[0m[95m [1776432795.456033] BSON Parser: [0mBSON parser: boolean false
[0m[95m [1776432795.456040] BSON Message: [0mBSON parser: debug .
[0m[95m [1776432795.456047] BSON Message: [0mBSON parser: debug . 0 utilize_timestamp 
[0m[95m [1776432795.456054] BSON Parser: [0mBSON parser: type: '16' key: 'frag_no'
[0m[95m [1776432795.456060] BSON Parser: [0mBSON parser: int32:
[0m[95m [1776432795.456066] BSON Parser: [0m0
[0m[95m [1776432795.456072] BSON Parser: [0mBSON parser: type: '16' key: 'frag_total'
[0m[95m [1776432795.456078] BSON Parser: [0mBSON parser: int32:
[0m[95m [1776432795.456084] BSON Parser: [0m1
[0m[95m [1776432795.456091] BSON Parser: [0mBSON parser: type: '16' key: 'timestamp'
[0m[95m [1776432795.456096] BSON Parser: [0mBSON parser: int32:
[0m[95m [1776432795.456102] BSON Parser: [0m-1206190080
[0m[95m [1776432795.456108] BSON Parser: [0mBSON parser: type: '3' key: 'data'
[0m[95m [1776432795.456113] BSON Parser: [0mBSON parser: object
[0m[95m [1776432795.456120] BSON Parser: [0mParsing client packet
[0m[95m [1776432795.456126] BSON Parser: [0mDocument length: 46 bytes
[0m[95m [1776432795.456132] BSON Parser: [0mBSON parser: type: '16' key: 'sensor_type'
[0m[95m [1776432795.456138] BSON Parser: [0mBSON parser: int32:
[0m[95m [1776432795.456144] BSON Parser: [0m2
[0m[91m [1776432795.456150] BSON Message: [0mInside sensor type parsing.
[91m [1776432795.456155] BSON Message: [0mInside sensor type parsing end.
[95m [1776432795.456159] BSON Parser: [0mBSON parser: type: '2' key: 'sid'
[0m[95m [1776432795.456165] BSON Parser: [0mBSON parser: string
[0m[95m [1776432795.456171] BSON Parser: [0mBSON parser: 8 'device_0'
[0m[91m [1776432795.456177] BSON Message: [0mInside sid parsing
[95m [1776432795.456181] BSON Parser: [0mBSON parser: type: '8' key: 'dev'
[0m[95m [1776432795.456187] BSON Parser: [0mBSON parser: boolean true
[0m[95m [1776432795.456192] BSON Message: [0mBSON parser: debug .
[0m[95m [1776432795.456198] BSON Message: [0mBSON parser: debug . 0 dev 
[0m[95m [1776432795.456204] BSON Parser: [0mBSON parser: return. 46 length document has 46 bytes.
[0m[95m [1776432795.456210] BSON Parser: [0mBSON parser: return. 180 length document has 180 bytes.
[0m[95m [1776432795.456216] Transport: [0mComing to handle fragmentation 2
[0m[91m [1776432795.456223] Client: [0m---before writing in log upd_msg->seq_no= 1
[91m [1776432795.456227] Client: [0m---before writing in log upd_msg->type= 4
[91m [1776432795.456231] Client: [0m---before writing in log upd_msg->frag_no= 0
[91m [1776432795.456235] Client: [0m---before writing in log upd_msg->reliable= 1
[91m [1776432795.456242] Client: [0m---before writing in log upd_msg->data.sensor_type= 2
[91m [1776432795.456251] Client: [0m---before writing in log upd_msg->data.sid= device_0
[91m [1776432795.456256] Client: [0m---after writing in log upd_msg->seq_no = 1
[91m [1776432795.456260] Client: [0m---after writing in log upd_msg->data.sensor_type = 2
[91m [1776432795.456265] Client: [0m---after writing in log upd_msg->reliable = 1
[95m [1776432795.456269] Client: [0mSending acknowledgment.
[0m[95m [1776432795.456277] Client Module: [0m---------Sending Update acknowledgment from client.-----------
[0m[95m [1776432795.456283] BSON Message: [0m-------------Before Serializing Update acknowledgment.--------------
[0m[95m [1776432795.456289] BSON Message: [0m-------------After Serializing Update acknowledgment.--------------
[0m[95m [1776432795.456295] BSON Message: [0m-------------Before Serializing Update acknowledgment.--------------
[0m[95m [1776432795.456302] BSON Message: [0m-------------After Serializing Update acknowledgment.--------------
[0m[95m [1776432795.460735] Transport: [0mReceived 180 bytes
[0m[95m [1776432795.460752] BSON Parser: [0mParsing client packet
[0m[95m [1776432795.460856] BSON Parser: [0mDocument length: 180 bytes
[0m[95m [1776432795.461043] BSON Parser: [0mBSON parser: type: '16' key: 'type'
[0m[95m [1776432795.461164] BSON Parser: [0mBSON parser: int32:
[0m[95m [1776432795.461671] BSON Parser: [0m4
[0m[95m [1776432795.461680] BSON Parser: [0mBSON parser: type: '8' key: 'reliable'
[0m[95m [1776432795.461687] BSON Parser: [0mBSON parser: boolean true
[0m[95m [1776432795.461693] BSON Message: [0mBSON parser: debug .
[0m[95m [1776432795.461702] BSON Message: [0mBSON parser: debug . 0 reliable 
[0m[95m [1776432795.461711] BSON Parser: [0mBSON parser: type: '16' key: 'seq_no'
[0m[95m [1776432795.461718] BSON Parser: [0mBSON parser: int32:
[0m[95m [1776432795.461725] BSON Parser: [0m1
[0m[95m [1776432795.461732] BSON Parser: [0mBSON parser: type: '8' key: 'end_marker'
[0m[95m [1776432795.461739] BSON Parser: [0mBSON parser: boolean true
[0m[95m [1776432795.461746] BSON Message: [0mBSON parser: debug .
[0m[95m [1776432795.461753] BSON Message: [0mBSON parser: debug . 0 end_marker 
[0m[95m [1776432795.461762] BSON Parser: [0mBSON parser: type: '8' key: 'fragmented'
[0m[95m [1776432795.461769] BSON Parser: [0mBSON parser: boolean false
[0m[95m [1776432795.461775] BSON Message: [0mBSON parser: debug .
[0m[95m [1776432795.461781] BSON Message: [0mBSON parser: debug . 0 fragmented 
[0m[95m [1776432795.461788] BSON Parser: [0mBSON parser: type: '8' key: 'utilize_timestamp'
[0m[95m [1776432795.461794] BSON Parser: [0mBSON parser: boolean false
[0m[95m [1776432795.461801] BSON Message: [0mBSON parser: debug .
[0m[95m [1776432795.461809] BSON Message: [0mBSON parser: debug . 0 utilize_timestamp 
[0m[95m [1776432795.461818] BSON Parser: [0mBSON parser: type: '16' key: 'frag_no'
[0m[95m [1776432795.461824] BSON Parser: [0mBSON parser: int32:
[0m[95m [1776432795.461830] BSON Parser: [0m0
[0m[95m [1776432795.461836] BSON Parser: [0mBSON parser: type: '16' key: 'frag_total'
[0m[95m [1776432795.461842] BSON Parser: [0mBSON parser: int32:
[0m[95m [1776432795.461847] BSON Parser: [0m1
[0m[95m [1776432795.461853] BSON Parser: [0mBSON parser: type: '16' key: 'timestamp'
[0m[95m [1776432795.461859] BSON Parser: [0mBSON parser: int32:
[0m[95m [1776432795.461865] BSON Parser: [0m-1206190080
[0m[95m [1776432795.461872] BSON Parser: [0mBSON parser: type: '3' key: 'data'
[0m[95m [1776432795.461878] BSON Parser: [0mBSON parser: object
[0m[95m [1776432795.461884] BSON Parser: [0mParsing client packet
[0m[95m [1776432795.461890] BSON Parser: [0mDocument length: 46 bytes
[0m[95m [1776432795.461895] BSON Parser: [0mBSON parser: type: '16' key: 'sensor_type'
[0m[95m [1776432795.461901] BSON Parser: [0mBSON parser: int32:
[0m[95m [1776432795.461907] BSON Parser: [0m2
[0m[91m [1776432795.461914] BSON Message: [0mInside sensor type parsing.
[91m [1776432795.461918] BSON Message: [0mInside sensor type parsing end.
[95m [1776432795.461927] BSON Parser: [0mBSON parser: type: '2' key: 'sid'
[0m[95m [1776432795.461933] BSON Parser: [0mBSON parser: string
[0m[95m [1776432795.461939] BSON Parser: [0mBSON parser: 8 'device_0'
[0m[91m [1776432795.461945] BSON Message: [0mInside sid parsing
[95m [1776432795.461950] BSON Parser: [0mBSON parser: type: '8' key: 'dev'
[0m[95m [1776432795.461955] BSON Parser: [0mBSON parser: boolean true
[0m[95m [1776432795.461961] BSON Message: [0mBSON parser: debug .
[0m[95m [1776432795.461968] BSON Message: [0mBSON parser: debug . 0 dev 
[0m[95m [1776432795.461976] BSON Parser: [0mBSON parser: return. 46 length document has 46 bytes.
[0m[95m [1776432795.461981] BSON Parser: [0mBSON parser: return. 180 length document has 180 bytes.
[0m[95m [1776432795.461987] Transport: [0mComing to handle fragmentation 2
[0m[91m [1776432795.461994] Client: [0m---before writing in log upd_msg->seq_no= 1
[91m [1776432795.461998] Client: [0m---before writing in log upd_msg->type= 4
[91m [1776432795.462002] Client: [0m---before writing in log upd_msg->frag_no= 0
[91m [1776432795.462006] Client: [0m---before writing in log upd_msg->reliable= 1
[91m [1776432795.462015] Client: [0m---before writing in log upd_msg->data.sensor_type= 2
[91m [1776432795.462019] Client: [0m---before writing in log upd_msg->data.sid= device_0
[91m [1776432795.462025] Client: [0m---after writing in log upd_msg->seq_no = 1
[91m [1776432795.462029] Client: [0m---after writing in log upd_msg->data.sensor_type = 2
[91m [1776432795.462033] Client: [0m---after writing in log upd_msg->reliable = 1
[95m [1776432795.462038] Client: [0mSending acknowledgment.
[0m[95m [1776432795.462044] Client Module: [0m---------Sending Update acknowledgment from client.-----------
[0m[95m [1776432795.462050] BSON Message: [0m-------------Before Serializing Update acknowledgment.--------------
[0m[95m [1776432795.462056] BSON Message: [0m-------------After Serializing Update acknowledgment.--------------
[0m[95m [1776432795.462062] BSON Message: [0m-------------Before Serializing Update acknowledgment.--------------
[0m[95m [1776432795.462068] BSON Message: [0m-------------After Serializing Update acknowledgment.--------------
[0m[95m [1776432795.463885] Transport: [0mReceived 180 bytes
[0m[95m [1776432795.463894] BSON Parser: [0mParsing client packet
[0m[95m [1776432795.463900] BSON Parser: [0mDocument length: 180 bytes
[0m[95m [1776432795.463906] BSON Parser: [0mBSON parser: type: '16' key: 'type'
[0m[95m [1776432795.463912] BSON Parser: [0mBSON parser: int32:
[0m[95m [1776432795.463917] BSON Parser: [0m4
[0m[95m [1776432795.463924] BSON Parser: [0mBSON parser: type: '8' key: 'reliable'
[0m[95m [1776432795.463931] BSON Parser: [0mBSON parser: boolean true
[0m[95m [1776432795.463937] BSON Message: [0mBSON parser: debug .
[0m[95m [1776432795.463944] BSON Message: [0mBSON parser: debug . 0 reliable 
[0m[95m [1776432795.463952] BSON Parser: [0mBSON parser: type: '16' key: 'seq_no'
[0m[95m [1776432795.463957] BSON Parser: [0mBSON parser: int32:
[0m[95m [1776432795.463963] BSON Parser: [0m1
[0m[95m [1776432795.463969] BSON Parser: [0mBSON parser: type: '8' key: 'end_marker'
[0m[95m [1776432795.463975] BSON Parser: [0mBSON parser: boolean true
[0m[95m [1776432795.463982] BSON Message: [0mBSON parser: debug .
[0m[95m [1776432795.463988] BSON Message: [0mBSON parser: debug . 0 end_marker 
[0m[95m [1776432795.463995] BSON Parser: [0mBSON parser: type: '8' key: 'fragmented'
[0m[95m [1776432795.464002] BSON Parser: [0mBSON parser: boolean false
[0m[95m [1776432795.464014] BSON Message: [0mBSON parser: debug .
[0m[95m [1776432795.464020] BSON Message: [0mBSON parser: debug . 0 fragmented 
[0m[95m [1776432795.464028] BSON Parser: [0mBSON parser: type: '8' key: 'utilize_timestamp'
[0m[95m [1776432795.464034] BSON Parser: [0mBSON parser: boolean false
[0m[95m [1776432795.464039] BSON Message: [0mBSON parser: debug .
[0m[95m [1776432795.464059] BSON Message: [0mBSON parser: debug . 0 utilize_timestamp 
[0m[95m [1776432795.464066] BSON Parser: [0mBSON parser: type: '16' key: 'frag_no'
[0m[95m [1776432795.464072] BSON Parser: [0mBSON parser: int32:
[0m[95m [1776432795.464079] BSON Parser: [0m0
[0m[95m [1776432795.464086] BSON Parser: [0mBSON parser: type: '16' key: 'frag_total'
[0m[95m [1776432795.464091] BSON Parser: [0mBSON parser: int32:
[0m[95m [1776432795.464097] BSON Parser: [0m1
[0m[95m [1776432795.464104] BSON Parser: [0mBSON parser: type: '16' key: 'timestamp'
[0m[95m [1776432795.464113] BSON Parser: [0mBSON parser: int32:
[0m[95m [1776432795.464120] BSON Parser: [0m-1206190080
[0m[95m [1776432795.464126] BSON Parser: [0mBSON parser: type: '3' key: 'data'
[0m[95m [1776432795.464133] BSON Parser: [0mBSON parser: object
[0m[95m [1776432795.464140] BSON Parser: [0mParsing client packet
[0m[95m [1776432795.464146] BSON Parser: [0mDocument length: 46 bytes
[0m[95m [1776432795.464152] BSON Parser: [0mBSON parser: type: '16' key: 'sensor_type'
[0m[95m [1776432795.464158] BSON Parser: [0mBSON parser: int32:
[0m[95m [1776432795.464166] BSON Parser: [0m2
[0m[91m [1776432795.464172] BSON Message: [0mInside sensor type parsing.
[91m [1776432795.464177] BSON Message: [0mInside sensor type parsing end.
[95m [1776432795.464183] BSON Parser: [0mBSON parser: type: '2' key: 'sid'
[0m[95m [1776432795.464190] BSON Parser: [0mBSON parser: string
[0m[95m [1776432795.464197] BSON Parser: [0mBSON parser: 8 'device_0'
[0m[91m [1776432795.464203] BSON Message: [0mInside sid parsing
[95m [1776432795.464208] BSON Parser: [0mBSON parser: type: '8' key: 'dev'
[0m[95m [1776432795.464214] BSON Parser: [0mBSON parser: boolean true
[0m[95m [1776432795.464221] BSON Message: [0mBSON parser: debug .
[0m[95m [1776432795.464227] BSON Message: [0mBSON parser: debug . 0 dev 
[0m[95m [1776432795.464234] BSON Parser: [0mBSON parser: return. 46 length document has 46 bytes.
[0m[95m [1776432795.464241] BSON Parser: [0mBSON parser: return. 180 length document has 180 bytes.
[0m[95m [1776432795.464248] Transport: [0mComing to handle fragmentation 2
[0m[91m [1776432795.464255] Client: [0m---before writing in log upd_msg->seq_no= 1
[91m [1776432795.464259] Client: [0m---before writing in log upd_msg->type= 4
[91m [1776432795.464264] Client: [0m---before writing in log upd_msg->frag_no= 0
[91m [1776432795.464268] Client: [0m---before writing in log upd_msg->reliable= 1
[91m [1776432795.464273] Client: [0m---before writing in log upd_msg->data.sensor_type= 2
[91m [1776432795.464278] Client: [0m---before writing in log upd_msg->data.sid= device_0
[91m [1776432795.464283] Client: [0m---after writing in log upd_msg->seq_no = 1
[91m [1776432795.464288] Client: [0m---after writing in log upd_msg->data.sensor_type = 2
[91m [1776432795.464292] Client: [0m---after writing in log upd_msg->reliable = 1
[95m [1776432795.464296] Client: [0mSending acknowledgment.
[0m[95m [1776432795.464302] Client Module: [0m---------Sending Update acknowledgment from client.-----------
[0m[95m [1776432795.464309] BSON Message: [0m-------------Before Serializing Update acknowledgment.--------------
[0m[95m [1776432795.464315] BSON Message: [0m-------------After Serializing Update acknowledgment.--------------
[0m[95m [1776432795.464321] BSON Message: [0m-------------Before Serializing Update acknowledgment.--------------
[0m[95m [1776432795.464329] BSON Message: [0m-------------After Serializing Update acknowledgment.--------------
[0m[95m [1776432795.465183] Transport: [0mReceived 180 bytes
[0m[95m [1776432795.465191] BSON Parser: [0mParsing client packet
[0m[95m [1776432795.465199] BSON Parser: [0mDocument length: 180 bytes
[0m[95m [1776432795.465206] BSON Parser: [0mBSON parser: type: '16' key: 'type'
[0m[95m [1776432795.465214] BSON Parser: [0mBSON parser: int32:
[0m[95m [1776432795.465219] BSON Parser: [0m4
[0m[95m [1776432795.465226] BSON Parser: [0mBSON parser: type: '8' key: 'reliable'
[0m[95m [1776432795.465238] BSON Parser: [0mBSON parser: boolean true
[0m[95m [1776432795.465244] BSON Message: [0mBSON parser: debug .
[0m[95m [1776432795.465251] BSON Message: [0mBSON parser: debug . 0 reliable 
[0m[95m [1776432795.465256] BSON Parser: [0mBSON parser: type: '16' key: 'seq_no'
[0m[95m [1776432795.465264] BSON Parser: [0mBSON parser: int32:
[0m[95m [1776432795.465269] BSON Parser: [0m1
[0m[95m [1776432795.465275] BSON Parser: [0mBSON parser: type: '8' key: 'end_marker'
[0m[95m [1776432795.465281] BSON Parser: [0mBSON parser: boolean true
[0m[95m [1776432795.465286] BSON Message: [0mBSON parser: debug .
[0m[95m [1776432795.465294] BSON Message: [0mBSON parser: debug . 0 end_marker 
[0m[95m [1776432795.465301] BSON Parser: [0mBSON parser: type: '8' key: 'fragmented'
[0m[95m [1776432795.465308] BSON Parser: [0mBSON parser: boolean false
[0m[95m [1776432795.465314] BSON Message: [0mBSON parser: debug .
[0m[95m [1776432795.465322] BSON Message: [0mBSON parser: debug . 0 fragmented 
[0m[95m [1776432795.465328] BSON Parser: [0mBSON parser: type: '8' key: 'utilize_timestamp'
[0m[95m [1776432795.465334] BSON Parser: [0mBSON parser: boolean false
[0m[95m [1776432795.465340] BSON Message: [0mBSON parser: debug .
[0m[95m [1776432795.465346] BSON Message: [0mBSON parser: debug . 0 utilize_timestamp 
[0m[95m [1776432795.465353] BSON Parser: [0mBSON parser: type: '16' key: 'frag_no'
[0m[95m [1776432795.465361] BSON Parser: [0mBSON parser: int32:
[0m[95m [1776432795.465368] BSON Parser: [0m0
[0m[95m [1776432795.465376] BSON Parser: [0mBSON parser: type: '16' key: 'frag_total'
[0m[95m [1776432795.465382] BSON Parser: [0mBSON parser: int32:
[0m[95m [1776432795.465387] BSON Parser: [0m1
[0m[95m [1776432795.465393] BSON Parser: [0mBSON parser: type: '16' key: 'timestamp'
[0m[95m [1776432795.465401] BSON Parser: [0mBSON parser: int32:
[0m[95m [1776432795.465406] BSON Parser: [0m-1206190080
[0m[95m [1776432795.465413] BSON Parser: [0mBSON parser: type: '3' key: 'data'
[0m[95m [1776432795.465420] BSON Parser: [0mBSON parser: object
[0m[95m [1776432795.465426] BSON Parser: [0mParsing client packet
[0m[95m [1776432795.465433] BSON Parser: [0mDocument length: 46 bytes
[0m[95m [1776432795.465439] BSON Parser: [0mBSON parser: type: '16' key: 'sensor_type'
[0m[95m [1776432795.465445] BSON Parser: [0mBSON parser: int32:
[0m[95m [1776432795.465452] BSON Parser: [0m2
[0m[91m [1776432795.465458] BSON Message: [0mInside sensor type parsing.
[91m [1776432795.465463] BSON Message: [0mInside sensor type parsing end.
[95m [1776432795.465468] BSON Parser: [0mBSON parser: type: '2' key: 'sid'
[0m[95m [1776432795.465475] BSON Parser: [0mBSON parser: string
[0m[95m [1776432795.465483] BSON Parser: [0mBSON parser: 8 'device_0'
[0m[91m [1776432795.465489] BSON Message: [0mInside sid parsing
[95m [1776432795.465493] BSON Parser: [0mBSON parser: type: '8' key: 'dev'
[0m[95m [1776432795.465500] BSON Parser: [0mBSON parser: boolean true
[0m[95m [1776432795.465506] BSON Message: [0mBSON parser: debug .
[0m[95m [1776432795.465514] BSON Message: [0mBSON parser: debug . 0 dev 
[0m[95m [1776432795.465519] BSON Parser: [0mBSON parser: return. 46 length document has 46 bytes.
[0m[95m [1776432795.465525] BSON Parser: [0mBSON parser: return. 180 length document has 180 bytes.
[0m[95m [1776432795.465531] Transport: [0mComing to handle fragmentation 2
[0m[91m [1776432795.465537] Client: [0m---before writing in log upd_msg->seq_no= 1
[91m [1776432795.465542] Client: [0m---before writing in log upd_msg->type= 4
[91m [1776432795.465548] Client: [0m---before writing in log upd_msg->frag_no= 0
[91m [1776432795.465552] Client: [0m---before writing in log upd_msg->reliable= 1
[91m [1776432795.465557] Client: [0m---before writing in log upd_msg->data.sensor_type= 2
[91m [1776432795.465561] Client: [0m---before writing in log upd_msg->data.sid= device_0
[91m [1776432795.465566] Client: [0m---after writing in log upd_msg->seq_no = 1
[91m [1776432795.465574] Client: [0m---after writing in log upd_msg->data.sensor_type = 2
[91m [1776432795.465578] Client: [0m---after writing in log upd_msg->reliable = 1
[95m [1776432795.465582] Client: [0mSending acknowledgment.
[0m[95m [1776432795.465588] Client Module: [0m---------Sending Update acknowledgment from client.-----------
[0m[95m [1776432795.465595] BSON Message: [0m-------------Before Serializing Update acknowledgment.--------------
[0m[95m [1776432795.465601] BSON Message: [0m-------------After Serializing Update acknowledgment.--------------
[0m[95m [1776432795.465606] BSON Message: [0m-------------Before Serializing Update acknowledgment.--------------
[0m[95m [1776432795.465614] BSON Message: [0m-------------After Serializing Update acknowledgment.--------------
[0m[95m [1776432795.472443] Transport: [0mReceived 180 bytes
[0m[95m [1776432795.472456] BSON Parser: [0mParsing client packet
[0m[95m [1776432795.472461] BSON Parser: [0mDocument length: 180 bytes
[0m[95m [1776432795.472468] BSON Parser: [0mBSON parser: type: '16' key: 'type'
[0m[95m [1776432795.472473] BSON Parser: [0mBSON parser: int32:
[0m[95m [1776432795.472478] BSON Parser: [0m4
[0m[95m [1776432795.472485] BSON Parser: [0mBSON parser: type: '8' key: 'reliable'
[0m[95m [1776432795.472491] BSON Parser: [0mBSON parser: boolean true
[0m[95m [1776432795.472497] BSON Message: [0mBSON parser: debug .
[0m[95m [1776432795.472503] BSON Message: [0mBSON parser: debug . 0 reliable 
[0m[95m [1776432795.472509] BSON Parser: [0mBSON parser: type: '16' key: 'seq_no'
[0m[95m [1776432795.472515] BSON Parser: [0mBSON parser: int32:
[0m[95m [1776432795.472521] BSON Parser: [0m1
[0m[95m [1776432795.472527] BSON Parser: [0mBSON parser: type: '8' key: 'end_marker'
[0m[95m [1776432795.472532] BSON Parser: [0mBSON parser: boolean true
[0m[95m [1776432795.472538] BSON Message: [0mBSON parser: debug .
[0m[95m [1776432795.472544] BSON Message: [0mBSON parser: debug . 0 end_marker 
[0m[95m [1776432795.472550] BSON Parser: [0mBSON parser: type: '8' key: 'fragmented'
[0m[95m [1776432795.472556] BSON Parser: [0mBSON parser: boolean false
[0m[95m [1776432795.472561] BSON Message: [0mBSON parser: debug .
[0m[95m [1776432795.472567] BSON Message: [0mBSON parser: debug . 0 fragmented 
[0m[95m [1776432795.472573] BSON Parser: [0mBSON parser: type: '8' key: 'utilize_timestamp'
[0m[95m [1776432795.472579] BSON Parser: [0mBSON parser: boolean false
[0m[95m [1776432795.472584] BSON Message: [0mBSON parser: debug .
[0m[95m [1776432795.472590] BSON Message: [0mBSON parser: debug . 0 utilize_timestamp 
[0m[95m [1776432795.472596] BSON Parser: [0mBSON parser: type: '16' key: 'frag_no'
[0m[95m [1776432795.472602] BSON Parser: [0mBSON parser: int32:
[0m[95m [1776432795.472607] BSON Parser: [0m0
[0m[95m [1776432795.472613] BSON Parser: [0mBSON parser: type: '16' key: 'frag_total'
[0m[95m [1776432795.472619] BSON Parser: [0mBSON parser: int32:
[0m[95m [1776432795.472625] BSON Parser: [0m1
[0m[95m [1776432795.472631] BSON Parser: [0mBSON parser: type: '16' key: 'timestamp'
[0m[95m [1776432795.472636] BSON Parser: [0mBSON parser: int32:
[0m[95m [1776432795.472642] BSON Parser: [0m-1206190080
[0m[95m [1776432795.472648] BSON Parser: [0mBSON parser: type: '3' key: 'data'
[0m[95m [1776432795.472654] BSON Parser: [0mBSON parser: object
[0m[95m [1776432795.472659] BSON Parser: [0mParsing client packet
[0m[95m [1776432795.472665] BSON Parser: [0mDocument length: 46 bytes
[0m[95m [1776432795.472671] BSON Parser: [0mBSON parser: type: '16' key: 'sensor_type'
[0m[95m [1776432795.472677] BSON Parser: [0mBSON parser: int32:
[0m[95m [1776432795.472682] BSON Parser: [0m2
[0m[91m [1776432795.472688] BSON Message: [0mInside sensor type parsing.
[91m [1776432795.472692] BSON Message: [0mInside sensor type parsing end.
[95m [1776432795.472696] BSON Parser: [0mBSON parser: type: '2' key: 'sid'
[0m[95m [1776432795.472706] BSON Parser: [0mBSON parser: string
[0m[95m [1776432795.472712] BSON Parser: [0mBSON parser: 8 'device_0'
[0m[91m [1776432795.472717] BSON Message: [0mInside sid parsing
[95m [1776432795.472721] BSON Parser: [0mBSON parser: type: '8' key: 'dev'
[0m[95m [1776432795.472727] BSON Parser: [0mBSON parser: boolean true
[0m[95m [1776432795.472732] BSON Message: [0mBSON parser: debug .
[0m[95m [1776432795.472738] BSON Message: [0mBSON parser: debug . 0 dev 
[0m[95m [1776432795.472743] BSON Parser: [0mBSON parser: return. 46 length document has 46 bytes.
[0m[95m [1776432795.472749] BSON Parser: [0mBSON parser: return. 180 length document has 180 bytes.
[0m[95m [1776432795.472755] Transport: [0mComing to handle fragmentation 2
[0m[91m [1776432795.472761] Client: [0m---before writing in log upd_msg->seq_no= 1
[91m [1776432795.472765] Client: [0m---before writing in log upd_msg->type= 4
[91m [1776432795.472769] Client: [0m---before writing in log upd_msg->frag_no= 0
[91m [1776432795.472773] Client: [0m---before writing in log upd_msg->reliable= 1
[91m [1776432795.472776] Client: [0m---before writing in log upd_msg->data.sensor_type= 2
[91m [1776432795.472780] Client: [0m---before writing in log upd_msg->data.sid= device_0
[91m [1776432795.472785] Client: [0m---after writing in log upd_msg->seq_no = 1
[91m [1776432795.472789] Client: [0m---after writing in log upd_msg->data.sensor_type = 2
[91m [1776432795.472793] Client: [0m---after writing in log upd_msg->reliable = 1
[95m [1776432795.472797] Client: [0mSending acknowledgment.
[0m[95m [1776432795.472803] Client Module: [0m---------Sending Update acknowledgment from client.-----------
[0m[95m [1776432795.472808] BSON Message: [0m-------------Before Serializing Update acknowledgment.--------------
[0m[95m [1776432795.472814] BSON Message: [0m-------------After Serializing Update acknowledgment.--------------
[0m[95m [1776432795.472820] BSON Message: [0m-------------Before Serializing Update acknowledgment.--------------
[0m[95m [1776432795.472826] BSON Message: [0m-------------After Serializing Update acknowledgment.--------------
[0m[95m [1776432795.474314] Transport: [0mReceived 180 bytes
[0m[95m [1776432795.474382] BSON Parser: [0mParsing client packet
[0m[95m [1776432795.474388] BSON Parser: [0mDocument length: 180 bytes
[0m[95m [1776432795.474394] BSON Parser: [0mBSON parser: type: '16' key: 'type'
[0m[95m [1776432795.474402] BSON Parser: [0mBSON parser: int32:
[0m[95m [1776432795.474407] BSON Parser: [0m4
[0m[95m [1776432795.474413] BSON Parser: [0mBSON parser: type: '8' key: 'reliable'
[0m[95m [1776432795.474419] BSON Parser: [0mBSON parser: boolean true
[0m[95m [1776432795.474426] BSON Message: [0mBSON parser: debug .
[0m[95m [1776432795.474432] BSON Message: [0mBSON parser: debug . 0 reliable 
[0m[95m [1776432795.474438] BSON Parser: [0mBSON parser: type: '16' key: 'seq_no'
[0m[95m [1776432795.474444] BSON Parser: [0mBSON parser: int32:
[0m[95m [1776432795.474450] BSON Parser: [0m1
[0m[95m [1776432795.474457] BSON Parser: [0mBSON parser: type: '8' key: 'end_marker'
[0m[95m [1776432795.474463] BSON Parser: [0mBSON parser: boolean true
[0m[95m [1776432795.474469] BSON Message: [0mBSON parser: debug .
[0m[95m [1776432795.474476] BSON Message: [0mBSON parser: debug . 0 end_marker 
[0m[95m [1776432795.474482] BSON Parser: [0mBSON parser: type: '8' key: 'fragmented'
[0m[95m [1776432795.474488] BSON Parser: [0mBSON parser: boolean false
[0m[95m [1776432795.474493] BSON Message: [0mBSON parser: debug .
[0m[95m [1776432795.474499] BSON Message: [0mBSON parser: debug . 0 fragmented 
[0m[95m [1776432795.474506] BSON Parser: [0mBSON parser: type: '8' key: 'utilize_timestamp'
[0m[95m [1776432795.474512] BSON Parser: [0mBSON parser: boolean false
[0m[95m [1776432795.474517] BSON Message: [0mBSON parser: debug .
[0m[95m [1776432795.474525] BSON Message: [0mBSON parser: debug . 0 utilize_timestamp 
[0m[95m [1776432795.474532] BSON Parser: [0mBSON parser: type: '16' key: 'frag_no'
[0m[95m [1776432795.474545] BSON Parser: [0mBSON parser: int32:
[0m[95m [1776432795.474551] BSON Parser: [0m0
[0m[95m [1776432795.474558] BSON Parser: [0mBSON parser: type: '16' key: 'frag_total'
[0m[95m [1776432795.474564] BSON Parser: [0mBSON parser: int32:
[0m[95m [1776432795.474569] BSON Parser: [0m1
[0m[95m [1776432795.474575] BSON Parser: [0mBSON parser: type: '16' key: 'timestamp'
[0m[95m [1776432795.474581] BSON Parser: [0mBSON parser: int32:
[0m[95m [1776432795.474588] BSON Parser: [0m-1206190080
[0m[95m [1776432795.474594] BSON Parser: [0mBSON parser: type: '3' key: 'data'
[0m[95m [1776432795.474601] BSON Parser: [0mBSON parser: object
[0m[95m [1776432795.474607] BSON Parser: [0mParsing client packet
[0m[95m [1776432795.474613] BSON Parser: [0mDocument length: 46 bytes
[0m[95m [1776432795.474618] BSON Parser: [0mBSON parser: type: '16' key: 'sensor_type'
[0m[95m [1776432795.474624] BSON Parser: [0mBSON parser: int32:
[0m[95m [1776432795.474631] BSON Parser: [0m2
[0m[91m [1776432795.474637] BSON Message: [0mInside sensor type parsing.
[91m [1776432795.474641] BSON Message: [0mInside sensor type parsing end.
[95m [1776432795.474645] BSON Parser: [0mBSON parser: type: '2' key: 'sid'
[0m[95m [1776432795.474651] BSON Parser: [0mBSON parser: string
[0m[95m [1776432795.474656] BSON Parser: [0mBSON parser: 8 'device_0'
[0m[91m [1776432795.474662] BSON Message: [0mInside sid parsing
[95m [1776432795.474666] BSON Parser: [0mBSON parser: type: '8' key: 'dev'
[0m[95m [1776432795.474671] BSON Parser: [0mBSON parser: boolean true
[0m[95m [1776432795.474677] BSON Message: [0mBSON parser: debug .
[0m[95m [1776432795.474682] BSON Message: [0mBSON parser: debug . 0 dev 
[0m[95m [1776432795.474688] BSON Parser: [0mBSON parser: return. 46 length document has 46 bytes.
[0m[95m [1776432795.474694] BSON Parser: [0mBSON parser: return. 180 length document has 180 bytes.
[0m[95m [1776432795.474699] Transport: [0mComing to handle fragmentation 2
[0m[91m [1776432795.474706] Client: [0m---before writing in log upd_msg->seq_no= 1
[91m [1776432795.474710] Client: [0m---before writing in log upd_msg->type= 4
[91m [1776432795.474713] Client: [0m---before writing in log upd_msg->frag_no= 0
[91m [1776432795.474717] Client: [0m---before writing in log upd_msg->reliable= 1
[91m [1776432795.474721] Client: [0m---before writing in log upd_msg->data.sensor_type= 2
[91m [1776432795.474725] Client: [0m---before writing in log upd_msg->data.sid= device_0
[91m [1776432795.474729] Client: [0m---after writing in log upd_msg->seq_no = 1
[91m [1776432795.474733] Client: [0m---after writing in log upd_msg->data.sensor_type = 2
[91m [1776432795.474737] Client: [0m---after writing in log upd_msg->reliable = 1
[95m [1776432795.474741] Client: [0mSending acknowledgment.
[0m[95m [1776432795.474746] Client Module: [0m---------Sending Update acknowledgment from client.-----------
[0m[95m [1776432795.474752] BSON Message: [0m-------------Before Serializing Update acknowledgment.--------------
[0m[95m [1776432795.474758] BSON Message: [0m-------------After Serializing Update acknowledgment.--------------
[0m[95m [1776432795.474763] BSON Message: [0m-------------Before Serializing Update acknowledgment.--------------
[0m[95m [1776432795.474769] BSON Message: [0m-------------After Serializing Update acknowledgment.--------------
[0m[95m [1776432795.479094] Transport: [0mReceived 180 bytes
[0m[95m [1776432795.479110] BSON Parser: [0mParsing client packet
[0m[95m [1776432795.479118] BSON Parser: [0mDocument length: 180 bytes
[0m[95m [1776432795.479124] BSON Parser: [0mBSON parser: type: '16' key: 'type'
[0m[95m [1776432795.479130] BSON Parser: [0mBSON parser: int32:
[0m[95m [1776432795.479136] BSON Parser: [0m4
[0m[95m [1776432795.479143] BSON Parser: [0mBSON parser: type: '8' key: 'reliable'
[0m[95m [1776432795.479150] BSON Parser: [0mBSON parser: boolean true
[0m[95m [1776432795.479155] BSON Message: [0mBSON parser: debug .
[0m[95m [1776432795.479166] BSON Message: [0mBSON parser: debug . 0 reliable 
[0m[95m [1776432795.479172] BSON Parser: [0mBSON parser: type: '16' key: 'seq_no'
[0m[95m [1776432795.479178] BSON Parser: [0mBSON parser: int32:
[0m[95m [1776432795.479183] BSON Parser: [0m1
[0m[95m [1776432795.479190] BSON Parser: [0mBSON parser: type: '8' key: 'end_marker'
[0m[95m [1776432795.479195] BSON Parser: [0mBSON parser: boolean true
[0m[95m [1776432795.479201] BSON Message: [0mBSON parser: debug .
[0m[95m [1776432795.479207] BSON Message: [0mBSON parser: debug . 0 end_marker 
[0m[95m [1776432795.479214] BSON Parser: [0mBSON parser: type: '8' key: 'fragmented'
[0m[95m [1776432795.479219] BSON Parser: [0mBSON parser: boolean false
[0m[95m [1776432795.479225] BSON Message: [0mBSON parser: debug .
[0m[95m [1776432795.479231] BSON Message: [0mBSON parser: debug . 0 fragmented 
[0m[95m [1776432795.479237] BSON Parser: [0mBSON parser: type: '8' key: 'utilize_timestamp'
[0m[95m [1776432795.479243] BSON Parser: [0mBSON parser: boolean false
[0m[95m [1776432795.479249] BSON Message: [0mBSON parser: debug .
[0m[95m [1776432795.479255] BSON Message: [0mBSON parser: debug . 0 utilize_timestamp 
[0m[95m [1776432795.479261] BSON Parser: [0mBSON parser: type: '16' key: 'frag_no'
[0m[95m [1776432795.479267] BSON Parser: [0mBSON parser: int32:
[0m[95m [1776432795.479272] BSON Parser: [0m0
[0m[95m [1776432795.479278] BSON Parser: [0mBSON parser: type: '16' key: 'frag_total'
[0m[95m [1776432795.479284] BSON Parser: [0mBSON parser: int32:
[0m[95m [1776432795.479290] BSON Parser: [0m1
[0m[95m [1776432795.479296] BSON Parser: [0mBSON parser: type: '16' key: 'timestamp'
[0m[95m [1776432795.479301] BSON Parser: [0mBSON parser: int32:
[0m[95m [1776432795.479307] BSON Parser: [0m-1206190080
[0m[95m [1776432795.479313] BSON Parser: [0mBSON parser: type: '3' key: 'data'
[0m[95m [1776432795.479318] BSON Parser: [0mBSON parser: object
[0m[95m [1776432795.479324] BSON Parser: [0mParsing client packet
[0m[95m [1776432795.479329] BSON Parser: [0mDocument length: 46 bytes
[0m[95m [1776432795.479335] BSON Parser: [0mBSON parser: type: '16' key: 'sensor_type'
[0m[95m [1776432795.479341] BSON Parser: [0mBSON parser: int32:
[0m[95m [1776432795.479346] BSON Parser: [0m2
[0m[91m [1776432795.479352] BSON Message: [0mInside sensor type parsing.
[91m [1776432795.479356] BSON Message: [0mInside sensor type parsing end.
[95m [1776432795.479360] BSON Parser: [0mBSON parser: type: '2' key: 'sid'
[0m[95m [1776432795.479366] BSON Parser: [0mBSON parser: string
[0m[95m [1776432795.479372] BSON Parser: [0mBSON parser: 8 'device_0'
[0m[91m [1776432795.479377] BSON Message: [0mInside sid parsing
[95m [1776432795.479381] BSON Parser: [0mBSON parser: type: '8' key: 'dev'
[0m[95m [1776432795.479387] BSON Parser: [0mBSON parser: boolean true
[0m[95m [1776432795.479392] BSON Message: [0mBSON parser: debug .
[0m[95m [1776432795.479398] BSON Message: [0mBSON parser: debug . 0 dev 
[0m[95m [1776432795.479404] BSON Parser: [0mBSON parser: return. 46 length document has 46 bytes.
[0m[95m [1776432795.479410] BSON Parser: [0mBSON parser: return. 180 length document has 180 bytes.
[0m[95m [1776432795.479416] Transport: [0mComing to handle fragmentation 2
[0m[91m [1776432795.479423] Client: [0m---before writing in log upd_msg->seq_no= 1
[91m [1776432795.479427] Client: [0m---before writing in log upd_msg->type= 4
[91m [1776432795.479431] Client: [0m---before writing in log upd_msg->frag_no= 0
[91m [1776432795.479435] Client: [0m---before writing in log upd_msg->reliable= 1
[91m [1776432795.479439] Client: [0m---before writing in log upd_msg->data.sensor_type= 2
[91m [1776432795.479443] Client: [0m---before writing in log upd_msg->data.sid= device_0
[91m [1776432795.479447] Client: [0m---after writing in log upd_msg->seq_no = 1
[91m [1776432795.479451] Client: [0m---after writing in log upd_msg->data.sensor_type = 2
[91m [1776432795.479458] Client: [0m---after writing in log upd_msg->reliable = 1
[95m [1776432795.479461] Client: [0mSending acknowledgment.
[0m[95m [1776432795.479467] Client Module: [0m---------Sending Update acknowledgment from client.-----------
[0m[95m [1776432795.479473] BSON Message: [0m-------------Before Serializing Update acknowledgment.--------------
[0m[95m [1776432795.479479] BSON Message: [0m-------------After Serializing Update acknowledgment.--------------
[0m[95m [1776432795.479485] BSON Message: [0m-------------Before Serializing Update acknowledgment.--------------
[0m[95m [1776432795.479491] BSON Message: [0m-------------After Serializing Update acknowledgment.--------------
[0m[95m [1776432795.484259] Transport: [0mReceived 180 bytes
[0m[95m [1776432795.484270] BSON Parser: [0mParsing client packet
[0m[95m [1776432795.484275] BSON Parser: [0mDocument length: 180 bytes
[0m[95m [1776432795.484282] BSON Parser: [0mBSON parser: type: '16' key: 'type'
[0m[95m [1776432795.484287] BSON Parser: [0mBSON parser: int32:
[0m[95m [1776432795.484293] BSON Parser: [0m4
[0m[95m [1776432795.484300] BSON Parser: [0mBSON parser: type: '8' key: 'reliable'
[0m[95m [1776432795.484306] BSON Parser: [0mBSON parser: boolean true
[0m[95m [1776432795.484311] BSON Message: [0mBSON parser: debug .
[0m[95m [1776432795.484317] BSON Message: [0mBSON parser: debug . 0 reliable 
[0m[95m [1776432795.484324] BSON Parser: [0mBSON parser: type: '16' key: 'seq_no'
[0m[95m [1776432795.484330] BSON Parser: [0mBSON parser: int32:
[0m[95m [1776432795.484336] BSON Parser: [0m1
[0m[95m [1776432795.484342] BSON Parser: [0mBSON parser: type: '8' key: 'end_marker'
[0m[95m [1776432795.484348] BSON Parser: [0mBSON parser: boolean true
[0m[95m [1776432795.484354] BSON Message: [0mBSON parser: debug .
[0m[95m [1776432795.484428] BSON Message: [0mBSON parser: debug . 0 end_marker 
[0m[95m [1776432795.484435] BSON Parser: [0mBSON parser: type: '8' key: 'fragmented'
[0m[95m [1776432795.484440] BSON Parser: [0mBSON parser: boolean false
[0m[95m [1776432795.484446] BSON Message: [0mBSON parser: debug .
[0m[95m [1776432795.484452] BSON Message: [0mBSON parser: debug . 0 fragmented 
[0m[95m [1776432795.484458] BSON Parser: [0mBSON parser: type: '8' key: 'utilize_timestamp'
[0m[95m [1776432795.484464] BSON Parser: [0mBSON parser: boolean false
[0m[95m [1776432795.484469] BSON Message: [0mBSON parser: debug .
[0m[95m [1776432795.484475] BSON Message: [0mBSON parser: debug . 0 utilize_timestamp 
[0m[95m [1776432795.484481] BSON Parser: [0mBSON parser: type: '16' key: 'frag_no'
[0m[95m [1776432795.484487] BSON Parser: [0mBSON parser: int32:
[0m[95m [1776432795.484493] BSON Parser: [0m0
[0m[95m [1776432795.484499] BSON Parser: [0mBSON parser: type: '16' key: 'frag_total'
[0m[95m [1776432795.484504] BSON Parser: [0mBSON parser: int32:
[0m[95m [1776432795.484510] BSON Parser: [0m1
[0m[95m [1776432795.484516] BSON Parser: [0mBSON parser: type: '16' key: 'timestamp'
[0m[95m [1776432795.484521] BSON Parser: [0mBSON parser: int32:
[0m[95m [1776432795.484527] BSON Parser: [0m-1206190080
[0m[95m [1776432795.484533] BSON Parser: [0mBSON parser: type: '3' key: 'data'
[0m[95m [1776432795.484539] BSON Parser: [0mBSON parser: object
[0m[95m [1776432795.484545] BSON Parser: [0mParsing client packet
[0m[95m [1776432795.484550] BSON Parser: [0mDocument length: 46 bytes
[0m[95m [1776432795.484557] BSON Parser: [0mBSON parser: type: '16' key: 'sensor_type'
[0m[95m [1776432795.484562] BSON Parser: [0mBSON parser: int32:
[0m[95m [1776432795.484568] BSON Parser: [0m2
[0m[91m [1776432795.484573] BSON Message: [0mInside sensor type parsing.
[91m [1776432795.484578] BSON Message: [0mInside sensor type parsing end.
[95m [1776432795.484582] BSON Parser: [0mBSON parser: type: '2' key: 'sid'
[0m[95m [1776432795.484588] BSON Parser: [0mBSON parser: string
[0m[95m [1776432795.484594] BSON Parser: [0mBSON parser: 8 'device_0'
[0m[91m [1776432795.484607] BSON Message: [0mInside sid parsing
[95m [1776432795.484612] BSON Parser: [0mBSON parser: type: '8' key: 'dev'
[0m[95m [1776432795.484619] BSON Parser: [0mBSON parser: boolean true
[0m[95m [1776432795.484625] BSON Message: [0mBSON parser: debug .
[0m[95m [1776432795.484631] BSON Message: [0mBSON parser: debug . 0 dev 
[0m[95m [1776432795.484637] BSON Parser: [0mBSON parser: return. 46 length document has 46 bytes.
[0m[95m [1776432795.484643] BSON Parser: [0mBSON parser: return. 180 length document has 180 bytes.
[0m[95m [1776432795.484649] Transport: [0mComing to handle fragmentation 2
[0m[91m [1776432795.484655] Client: [0m---before writing in log upd_msg->seq_no= 1
[91m [1776432795.484659] Client: [0m---before writing in log upd_msg->type= 4
[91m [1776432795.484663] Client: [0m---before writing in log upd_msg->frag_no= 0
[91m [1776432795.484667] Client: [0m---before writing in log upd_msg->reliable= 1
[91m [1776432795.484671] Client: [0m---before writing in log upd_msg->data.sensor_type= 2
[91m [1776432795.484675] Client: [0m---before writing in log upd_msg->data.sid= device_0
[91m [1776432795.484679] Client: [0m---after writing in log upd_msg->seq_no = 1
[91m [1776432795.484683] Client: [0m---after writing in log upd_msg->data.sensor_type = 2
[91m [1776432795.484687] Client: [0m---after writing in log upd_msg->reliable = 1
[95m [1776432795.484691] Client: [0mSending acknowledgment.
[0m[95m [1776432795.484697] Client Module: [0m---------Sending Update acknowledgment from client.-----------
[0m[95m [1776432795.484702] BSON Message: [0m-------------Before Serializing Update acknowledgment.--------------
[0m[95m [1776432795.484708] BSON Message: [0m-------------After Serializing Update acknowledgment.--------------
[0m[95m [1776432795.484714] BSON Message: [0m-------------Before Serializing Update acknowledgment.--------------
[0m[95m [1776432795.484720] BSON Message: [0m-------------After Serializing Update acknowledgment.--------------
[0m[95m [1776432795.484737] Transport: [0mReceived 180 bytes
[0m[95m [1776432795.484743] BSON Parser: [0mParsing client packet
[0m[95m [1776432795.484748] BSON Parser: [0mDocument length: 180 bytes
[0m[95m [1776432795.484754] BSON Parser: [0mBSON parser: type: '16' key: 'type'
[0m[95m [1776432795.484760] BSON Parser: [0mBSON parser: int32:
[0m[95m [1776432795.484766] BSON Parser: [0m4
[0m[95m [1776432795.484772] BSON Parser: [0mBSON parser: type: '8' key: 'reliable'
[0m[95m [1776432795.484778] BSON Parser: [0mBSON parser: boolean true
[0m[95m [1776432795.484783] BSON Message: [0mBSON parser: debug .
[0m[95m [1776432795.484789] BSON Message: [0mBSON parser: debug . 0 reliable 
[0m[95m [1776432795.484795] BSON Parser: [0mBSON parser: type: '16' key: 'seq_no'
[0m[95m [1776432795.484801] BSON Parser: [0mBSON parser: int32:
[0m[95m [1776432795.484806] BSON Parser: [0m1
[0m[95m [1776432795.484812] BSON Parser: [0mBSON parser: type: '8' key: 'end_marker'
[0m[95m [1776432795.484818] BSON Parser: [0mBSON parser: boolean true
[0m[95m [1776432795.484824] BSON Message: [0mBSON parser: debug .
[0m[95m [1776432795.484829] BSON Message: [0mBSON parser: debug . 0 end_marker 
[0m[95m [1776432795.484835] BSON Parser: [0mBSON parser: type: '8' key: 'fragmented'
[0m[95m [1776432795.484841] BSON Parser: [0mBSON parser: boolean false
[0m[95m [1776432795.484847] BSON Message: [0mBSON parser: debug .
[0m[95m [1776432795.484853] BSON Message: [0mBSON parser: debug . 0 fragmented 
[0m[95m [1776432795.484859] BSON Parser: [0mBSON parser: type: '8' key: 'utilize_timestamp'
[0m[95m [1776432795.484865] BSON Parser: [0mBSON parser: boolean false
[0m[95m [1776432795.484870] BSON Message: [0mBSON parser: debug .
[0m[95m [1776432795.484876] BSON Message: [0mBSON parser: debug . 0 utilize_timestamp 
[0m[95m [1776432795.484882] BSON Parser: [0mBSON parser: type: '16' key: 'frag_no'
[0m[95m [1776432795.484888] BSON Parser: [0mBSON parser: int32:
[0m[95m [1776432795.484894] BSON Parser: [0m0
[0m[95m [1776432795.484902] BSON Parser: [0mBSON parser: type: '16' key: 'frag_total'
[0m[95m [1776432795.484908] BSON Parser: [0mBSON parser: int32:
[0m[95m [1776432795.484914] BSON Parser: [0m1
[0m[95m [1776432795.484920] BSON Parser: [0mBSON parser: type: '16' key: 'timestamp'
[0m[95m [1776432795.484926] BSON Parser: [0mBSON parser: int32:
[0m[95m [1776432795.484932] BSON Parser: [0m-1206190080
[0m[95m [1776432795.484938] BSON Parser: [0mBSON parser: type: '3' key: 'data'
[0m[95m [1776432795.484944] BSON Parser: [0mBSON parser: object
[0m[95m [1776432795.484950] BSON Parser: [0mParsing client packet
[0m[95m [1776432795.484956] BSON Parser: [0mDocument length: 46 bytes
[0m[95m [1776432795.484962] BSON Parser: [0mBSON parser: type: '16' key: 'sensor_type'
[0m[95m [1776432795.484968] BSON Parser: [0mBSON parser: int32:
[0m[95m [1776432795.484974] BSON Parser: [0m2
[0m[91m [1776432795.484980] BSON Message: [0mInside sensor type parsing.
[91m [1776432795.484984] BSON Message: [0mInside sensor type parsing end.
[95m [1776432795.484988] BSON Parser: [0mBSON parser: type: '2' key: 'sid'
[0m[95m [1776432795.484994] BSON Parser: [0mBSON parser: string
[0m[95m [1776432795.484999] BSON Parser: [0mBSON parser: 8 'device_0'
[0m[91m [1776432795.485005] BSON Message: [0mInside sid parsing
[95m [1776432795.485018] BSON Parser: [0mBSON parser: type: '8' key: 'dev'
[0m[95m [1776432795.485025] BSON Parser: [0mBSON parser: boolean true
[0m[95m [1776432795.485032] BSON Message: [0mBSON parser: debug .
[0m[95m [1776432795.485038] BSON Message: [0mBSON parser: debug . 0 dev 
[0m[95m [1776432795.485043] BSON Parser: [0mBSON parser: return. 46 length document has 46 bytes.
[0m[95m [1776432795.485048] BSON Parser: [0mBSON parser: return. 180 length document has 180 bytes.
[0m[95m [1776432795.485053] Transport: [0mComing to handle fragmentation 2
[0m[91m [1776432795.485057] Client: [0m---before writing in log upd_msg->seq_no= 1
[91m [1776432795.485061] Client: [0m---before writing in log upd_msg->type= 4
[91m [1776432795.485064] Client: [0m---before writing in log upd_msg->frag_no= 0
[91m [1776432795.485067] Client: [0m---before writing in log upd_msg->reliable= 1
[91m [1776432795.485071] Client: [0m---before writing in log upd_msg->data.sensor_type= 2
[91m [1776432795.485075] Client: [0m---before writing in log upd_msg->data.sid= device_0
[91m [1776432795.485080] Client: [0m---after writing in log upd_msg->seq_no = 1
[91m [1776432795.485084] Client: [0m---after writing in log upd_msg->data.sensor_type = 2
[91m [1776432795.485088] Client: [0m---after writing in log upd_msg->reliable = 1
[95m [1776432795.485093] Client: [0mSending acknowledgment.
[0m[95m [1776432795.485099] Client Module: [0m---------Sending Update acknowledgment from client.-----------
[0m[95m [1776432795.485105] BSON Message: [0m-------------Before Serializing Update acknowledgment.--------------
[0m[95m [1776432795.485112] BSON Message: [0m-------------After Serializing Update acknowledgment.--------------
[0m[95m [1776432795.485118] BSON Message: [0m-------------Before Serializing Update acknowledgment.--------------
[0m[95m [1776432795.485123] BSON Message: [0m-------------After Serializing Update acknowledgment.--------------
[0m[95m [1776432795.487226] Transport: [0mReceived 180 bytes
[0m[95m [1776432795.487235] BSON Parser: [0mParsing client packet
[0m[95m [1776432795.487241] BSON Parser: [0mDocument length: 180 bytes
[0m[95m [1776432795.487247] BSON Parser: [0mBSON parser: type: '16' key: 'type'
[0m[95m [1776432795.487253] BSON Parser: [0mBSON parser: int32:
[0m[95m [1776432795.487258] BSON Parser: [0m4
[0m[95m [1776432795.487265] BSON Parser: [0mBSON parser: type: '8' key: 'reliable'
[0m[95m [1776432795.487270] BSON Parser: [0mBSON parser: boolean true
[0m[95m [1776432795.487276] BSON Message: [0mBSON parser: debug .
[0m[95m [1776432795.487282] BSON Message: [0mBSON parser: debug . 0 reliable 
[0m[95m [1776432795.487292] BSON Parser: [0mBSON parser: type: '16' key: 'seq_no'
[0m[95m [1776432795.487298] BSON Parser: [0mBSON parser: int32:
[0m[95m [1776432795.487304] BSON Parser: [0m1
[0m[95m [1776432795.487310] BSON Parser: [0mBSON parser: type: '8' key: 'end_marker'
[0m[95m [1776432795.487316] BSON Parser: [0mBSON parser: boolean true
[0m[95m [1776432795.487322] BSON Message: [0mBSON parser: debug .
[0m[95m [1776432795.487328] BSON Message: [0mBSON parser: debug . 0 end_marker 
[0m[95m [1776432795.487334] BSON Parser: [0mBSON parser: type: '8' key: 'fragmented'
[0m[95m [1776432795.487339] BSON Parser: [0mBSON parser: boolean false
[0m[95m [1776432795.487345] BSON Message: [0mBSON parser: debug .
[0m[95m [1776432795.487352] BSON Message: [0mBSON parser: debug . 0 fragmented 
[0m[95m [1776432795.487358] BSON Parser: [0mBSON parser: type: '8' key: 'utilize_timestamp'
[0m[95m [1776432795.487363] BSON Parser: [0mBSON parser: boolean false
[0m[95m [1776432795.487369] BSON Message: [0mBSON parser: debug .
[0m[95m [1776432795.487375] BSON Message: [0mBSON parser: debug . 0 utilize_timestamp 
[0m[95m [1776432795.487381] BSON Parser: [0mBSON parser: type: '16' key: 'frag_no'
[0m[95m [1776432795.487386] BSON Parser: [0mBSON parser: int32:
[0m[95m [1776432795.487392] BSON Parser: [0m0
[0m[95m [1776432795.487398] BSON Parser: [0mBSON parser: type: '16' key: 'frag_total'
[0m[95m [1776432795.487404] BSON Parser: [0mBSON parser: int32:
[0m[95m [1776432795.487410] BSON Parser: [0m1
[0m[95m [1776432795.487416] BSON Parser: [0mBSON parser: type: '16' key: 'timestamp'
[0m[95m [1776432795.487422] BSON Parser: [0mBSON parser: int32:
[0m[95m [1776432795.487428] BSON Parser: [0m-1206190080
[0m[95m [1776432795.487433] BSON Parser: [0mBSON parser: type: '3' key: 'data'
[0m[95m [1776432795.487439] BSON Parser: [0mBSON parser: object
[0m[95m [1776432795.487444] BSON Parser: [0mParsing client packet
[0m[95m [1776432795.487450] BSON Parser: [0mDocument length: 46 bytes
[0m[95m [1776432795.487456] BSON Parser: [0mBSON parser: type: '16' key: 'sensor_type'
[0m[95m [1776432795.487462] BSON Parser: [0mBSON parser: int32:
[0m[95m [1776432795.487469] BSON Parser: [0m2
[0m[91m [1776432795.487476] BSON Message: [0mInside sensor type parsing.
[91m [1776432795.487480] BSON Message: [0mInside sensor type parsing end.
[95m [1776432795.487486] BSON Parser: [0mBSON parser: type: '2' key: 'sid'
[0m[95m [1776432795.487492] BSON Parser: [0mBSON parser: string
[0m[95m [1776432795.487498] BSON Parser: [0mBSON parser: 8 'device_0'
[0m[91m [1776432795.487503] BSON Message: [0mInside sid parsing
[95m [1776432795.487508] BSON Parser: [0mBSON parser: type: '8' key: 'dev'
[0m[95m [1776432795.487513] BSON Parser: [0mBSON parser: boolean true
[0m[95m [1776432795.487519] BSON Message: [0mBSON parser: debug .
[0m[95m [1776432795.487525] BSON Message: [0mBSON parser: debug . 0 dev 
[0m[95m [1776432795.487530] BSON Parser: [0mBSON parser: return. 46 length document has 46 bytes.
[0m[95m [1776432795.487536] BSON Parser: [0mBSON parser: return. 180 length document has 180 bytes.
[0m[95m [1776432795.487544] Transport: [0mComing to handle fragmentation 2
[0m[91m [1776432795.487551] Client: [0m---before writing in log upd_msg->seq_no= 1
[91m [1776432795.487555] Client: [0m---before writing in log upd_msg->type= 4
[91m [1776432795.487559] Client: [0m---before writing in log upd_msg->frag_no= 0
[91m [1776432795.487563] Client: [0m---before writing in log upd_msg->reliable= 1
[91m [1776432795.487567] Client: [0m---before writing in log upd_msg->data.sensor_type= 2
[91m [1776432795.487571] Client: [0m---before writing in log upd_msg->data.sid= device_0
[91m [1776432795.487575] Client: [0m---after writing in log upd_msg->seq_no = 1
[91m [1776432795.487581] Client: [0m---after writing in log upd_msg->data.sensor_type = 2
[91m [1776432795.487585] Client: [0m---after writing in log upd_msg->reliable = 1
[95m [1776432795.487589] Client: [0mSending acknowledgment.
[0m[95m [1776432795.487599] Client Module: [0m---------Sending Update acknowledgment from client.-----------
[0m[95m [1776432795.487604] BSON Message: [0m-------------Before Serializing Update acknowledgment.--------------
[0m[95m [1776432795.487612] BSON Message: [0m-------------After Serializing Update acknowledgment.--------------
[0m[95m [1776432795.487617] BSON Message: [0m-------------Before Serializing Update acknowledgment.--------------
[0m[95m [1776432795.487623] BSON Message: [0m-------------After Serializing Update acknowledgment.--------------
[0m[95m [1776432795.488897] Transport: [0mReceived 180 bytes
[0m[95m [1776432795.488906] BSON Parser: [0mParsing client packet
[0m[95m [1776432795.488913] BSON Parser: [0mDocument length: 180 bytes
[0m[95m [1776432795.488919] BSON Parser: [0mBSON parser: type: '16' key: 'type'
[0m[95m [1776432795.488924] BSON Parser: [0mBSON parser: int32:
[0m[95m [1776432795.488930] BSON Parser: [0m4
[0m[95m [1776432795.488936] BSON Parser: [0mBSON parser: type: '8' key: 'reliable'
[0m[95m [1776432795.488942] BSON Parser: [0mBSON parser: boolean true
[0m[95m [1776432795.488948] BSON Message: [0mBSON parser: debug .
[0m[95m [1776432795.488953] BSON Message: [0mBSON parser: debug . 0 reliable 
[0m[95m [1776432795.488959] BSON Parser: [0mBSON parser: type: '16' key: 'seq_no'
[0m[95m [1776432795.488965] BSON Parser: [0mBSON parser: int32:
[0m[95m [1776432795.488970] BSON Parser: [0m1
[0m[95m [1776432795.488976] BSON Parser: [0mBSON parser: type: '8' key: 'end_marker'
[0m[95m [1776432795.488982] BSON Parser: [0mBSON parser: boolean true
[0m[95m [1776432795.488987] BSON Message: [0mBSON parser: debug .
[0m[95m [1776432795.488993] BSON Message: [0mBSON parser: debug . 0 end_marker 
[0m[95m [1776432795.489000] BSON Parser: [0mBSON parser: type: '8' key: 'fragmented'
[0m[95m [1776432795.489006] BSON Parser: [0mBSON parser: boolean false
[0m[95m [1776432795.489019] BSON Message: [0mBSON parser: debug .
[0m[95m [1776432795.489026] BSON Message: [0mBSON parser: debug . 0 fragmented 
[0m[95m [1776432795.489033] BSON Parser: [0mBSON parser: type: '8' key: 'utilize_timestamp'
[0m[95m [1776432795.489040] BSON Parser: [0mBSON parser: boolean false
[0m[95m [1776432795.489046] BSON Message: [0mBSON parser: debug .
[0m[95m [1776432795.489053] BSON Message: [0mBSON parser: debug . 0 utilize_timestamp 
[0m[95m [1776432795.489060] BSON Parser: [0mBSON parser: type: '16' key: 'frag_no'
[0m[95m [1776432795.489067] BSON Parser: [0mBSON parser: int32:
[0m[95m [1776432795.489074] BSON Parser: [0m0
[0m[95m [1776432795.489080] BSON Parser: [0mBSON parser: type: '16' key: 'frag_total'
[0m[95m [1776432795.489088] BSON Parser: [0mBSON parser: int32:
[0m[95m [1776432795.489094] BSON Parser: [0m1
[0m[95m [1776432795.489102] BSON Parser: [0mBSON parser: type: '16' key: 'timestamp'
[0m[95m [1776432795.489108] BSON Parser: [0mBSON parser: int32:
[0m[95m [1776432795.489114] BSON Parser: [0m-1206190080
[0m[95m [1776432795.489120] BSON Parser: [0mBSON parser: type: '3' key: 'data'
[0m[95m [1776432795.489127] BSON Parser: [0mBSON parser: object
[0m[95m [1776432795.489133] BSON Parser: [0mParsing client packet
[0m[95m [1776432795.489139] BSON Parser: [0mDocument length: 46 bytes
[0m[95m [1776432795.489145] BSON Parser: [0mBSON parser: type: '16' key: 'sensor_type'
[0m[95m [1776432795.489152] BSON Parser: [0mBSON parser: int32:
[0m[95m [1776432795.489158] BSON Parser: [0m2
[0m[91m [1776432795.489164] BSON Message: [0mInside sensor type parsing.
[91m [1776432795.489168] BSON Message: [0mInside sensor type parsing end.
[95m [1776432795.489174] BSON Parser: [0mBSON parser: type: '2' key: 'sid'
[0m[95m [1776432795.489180] BSON Parser: [0mBSON parser: string
[0m[95m [1776432795.489187] BSON Parser: [0mBSON parser: 8 'device_0'
[0m[91m [1776432795.489193] BSON Message: [0mInside sid parsing
[95m [1776432795.489197] BSON Parser: [0mBSON parser: type: '8' key: 'dev'
[0m[95m [1776432795.489206] BSON Parser: [0mBSON parser: boolean true
[0m[95m [1776432795.489212] BSON Message: [0mBSON parser: debug .
[0m[95m [1776432795.489218] BSON Message: [0mBSON parser: debug . 0 dev 
[0m[95m [1776432795.489224] BSON Parser: [0mBSON parser: return. 46 length document has 46 bytes.
[0m[95m [1776432795.489230] BSON Parser: [0mBSON parser: return. 180 length document has 180 bytes.
[0m[95m [1776432795.489238] Transport: [0mComing to handle fragmentation 2
[0m[91m [1776432795.489244] Client: [0m---before writing in log upd_msg->seq_no= 1
[91m [1776432795.489248] Client: [0m---before writing in log upd_msg->type= 4
[91m [1776432795.489252] Client: [0m---before writing in log upd_msg->frag_no= 0
[91m [1776432795.489256] Client: [0m---before writing in log upd_msg->reliable= 1
[91m [1776432795.489260] Client: [0m---before writing in log upd_msg->data.sensor_type= 2
[91m [1776432795.489264] Client: [0m---before writing in log upd_msg->data.sid= device_0
[91m [1776432795.489268] Client: [0m---after writing in log upd_msg->seq_no = 1
[91m [1776432795.489273] Client: [0m---after writing in log upd_msg->data.sensor_type = 2
[91m [1776432795.489277] Client: [0m---after writing in log upd_msg->reliable = 1
[95m [1776432795.489283] Client: [0mSending acknowledgment.
[0m[95m [1776432795.489289] Client Module: [0m---------Sending Update acknowledgment from client.-----------
[0m[95m [1776432795.489295] BSON Message: [0m-------------Before Serializing Update acknowledgment.--------------
[0m[95m [1776432795.489304] BSON Message: [0m-------------After Serializing Update acknowledgment.--------------
[0m[95m [1776432795.489311] BSON Message: [0m-------------Before Serializing Update acknowledgment.--------------
[0m[95m [1776432795.489317] BSON Message: [0m-------------After Serializing Update acknowledgment.--------------
[0m[95m [1776432795.492136] Transport: [0mReceived 180 bytes
[0m[95m [1776432795.492147] BSON Parser: [0mParsing client packet
[0m[95m [1776432795.492152] BSON Parser: [0mDocument length: 180 bytes
[0m[95m [1776432795.492159] BSON Parser: [0mBSON parser: type: '16' key: 'type'
[0m[95m [1776432795.492164] BSON Parser: [0mBSON parser: int32:
[0m[95m [1776432795.492170] BSON Parser: [0m4
[0m[95m [1776432795.492176] BSON Parser: [0mBSON parser: type: '8' key: 'reliable'
[0m[95m [1776432795.492182] BSON Parser: [0mBSON parser: boolean true
[0m[95m [1776432795.492187] BSON Message: [0mBSON parser: debug .
[0m[95m [1776432795.492193] BSON Message: [0mBSON parser: debug . 0 reliable 
[0m[95m [1776432795.492200] BSON Parser: [0mBSON parser: type: '16' key: 'seq_no'
[0m[95m [1776432795.492205] BSON Parser: [0mBSON parser: int32:
[0m[95m [1776432795.492212] BSON Parser: [0m1
[0m[95m [1776432795.492218] BSON Parser: [0mBSON parser: type: '8' key: 'end_marker'
[0m[95m [1776432795.492223] BSON Parser: [0mBSON parser: boolean true
[0m[95m [1776432795.492229] BSON Message: [0mBSON parser: debug .
[0m[95m [1776432795.492234] BSON Message: [0mBSON parser: debug . 0 end_marker 
[0m[95m [1776432795.492241] BSON Parser: [0mBSON parser: type: '8' key: 'fragmented'
[0m[95m [1776432795.492247] BSON Parser: [0mBSON parser: boolean false
[0m[95m [1776432795.492253] BSON Message: [0mBSON parser: debug .
[0m[95m [1776432795.492260] BSON Message: [0mBSON parser: debug . 0 fragmented 
[0m[95m [1776432795.492266] BSON Parser: [0mBSON parser: type: '8' key: 'utilize_timestamp'
[0m[95m [1776432795.492272] BSON Parser: [0mBSON parser: boolean false
[0m[95m [1776432795.492278] BSON Message: [0mBSON parser: debug .
[0m[95m [1776432795.492284] BSON Message: [0mBSON parser: debug . 0 utilize_timestamp 
[0m[95m [1776432795.492290] BSON Parser: [0mBSON parser: type: '16' key: 'frag_no'
[0m[95m [1776432795.492296] BSON Parser: [0mBSON parser: int32:
[0m[95m [1776432795.492302] BSON Parser: [0m0
[0m[95m [1776432795.492309] BSON Parser: [0mBSON parser: type: '16' key: 'frag_total'
[0m[95m [1776432795.492316] BSON Parser: [0mBSON parser: int32:
[0m[95m [1776432795.492336] BSON Parser: [0m1
[0m[95m [1776432795.492343] BSON Parser: [0mBSON parser: type: '16' key: 'timestamp'
[0m[95m [1776432795.492350] BSON Parser: [0mBSON parser: int32:
[0m[95m [1776432795.492356] BSON Parser: [0m-1206190080
[0m[95m [1776432795.492362] BSON Parser: [0mBSON parser: type: '3' key: 'data'
[0m[95m [1776432795.492369] BSON Parser: [0mBSON parser: object
[0m[95m [1776432795.492375] BSON Parser: [0mParsing client packet
[0m[95m [1776432795.492382] BSON Parser: [0mDocument length: 46 bytes
[0m[95m [1776432795.492391] BSON Parser: [0mBSON parser: type: '16' key: 'sensor_type'
[0m[95m [1776432795.492398] BSON Parser: [0mBSON parser: int32:
[0m[95m [1776432795.492404] BSON Parser: [0m2
[0m[91m [1776432795.492412] BSON Message: [0mInside sensor type parsing.
[91m [1776432795.492416] BSON Message: [0mInside sensor type parsing end.
[95m [1776432795.492420] BSON Parser: [0mBSON parser: type: '2' key: 'sid'
[0m[95m [1776432795.492426] BSON Parser: [0mBSON parser: string
[0m[95m [1776432795.492433] BSON Parser: [0mBSON parser: 8 'device_0'
[0m[91m [1776432795.492442] BSON Message: [0mInside sid parsing
[95m [1776432795.492447] BSON Parser: [0mBSON parser: type: '8' key: 'dev'
[0m[95m [1776432795.492454] BSON Parser: [0mBSON parser: boolean true
[0m[95m [1776432795.492461] BSON Message: [0mBSON parser: debug .
[0m[95m [1776432795.492468] BSON Message: [0mBSON parser: debug . 0 dev 
[0m[95m [1776432795.492477] BSON Parser: [0mBSON parser: return. 46 length document has 46 bytes.
[0m[95m [1776432795.492483] BSON Parser: [0mBSON parser: return. 180 length document has 180 bytes.
[0m[95m [1776432795.492490] Transport: [0mComing to handle fragmentation 2
[0m[91m [1776432795.492497] Client: [0m---before writing in log upd_msg->seq_no= 1
[91m [1776432795.492501] Client: [0m---before writing in log upd_msg->type= 4
[91m [1776432795.492508] Client: [0m---before writing in log upd_msg->frag_no= 0
[91m [1776432795.492513] Client: [0m---before writing in log upd_msg->reliable= 1
[91m [1776432795.492517] Client: [0m---before writing in log upd_msg->data.sensor_type= 2
[91m [1776432795.492522] Client: [0m---before writing in log upd_msg->data.sid= device_0
[91m [1776432795.492526] Client: [0m---after writing in log upd_msg->seq_no = 1
[91m [1776432795.492530] Client: [0m---after writing in log upd_msg->data.sensor_type = 2
[91m [1776432795.492536] Client: [0m---after writing in log upd_msg->reliable = 1
[95m [1776432795.492541] Client: [0mSending acknowledgment.
[0m[95m [1776432795.492547] Client Module: [0m---------Sending Update acknowledgment from client.-----------
[0m[95m [1776432795.492554] BSON Message: [0m-------------Before Serializing Update acknowledgment.--------------
[0m[95m [1776432795.492562] BSON Message: [0m-------------After Serializing Update acknowledgment.--------------
[0m[95m [1776432795.492569] BSON Message: [0m-------------Before Serializing Update acknowledgment.--------------
[0m[95m [1776432795.492576] BSON Message: [0m-------------After Serializing Update acknowledgment.--------------
[0m[95m [1776432795.494163] Transport: [0mReceived 180 bytes
[0m[95m [1776432795.494172] BSON Parser: [0mParsing client packet
[0m[95m [1776432795.494178] BSON Parser: [0mDocument length: 180 bytes
[0m[95m [1776432795.494184] BSON Parser: [0mBSON parser: type: '16' key: 'type'
[0m[95m [1776432795.494190] BSON Parser: [0mBSON parser: int32:
[0m[95m [1776432795.494196] BSON Parser: [0m4
[0m[95m [1776432795.494202] BSON Parser: [0mBSON parser: type: '8' key: 'reliable'
[0m[95m [1776432795.494208] BSON Parser: [0mBSON parser: boolean true
[0m[95m [1776432795.494213] BSON Message: [0mBSON parser: debug .
[0m[95m [1776432795.494219] BSON Message: [0mBSON parser: debug . 0 reliable 
[0m[95m [1776432795.494225] BSON Parser: [0mBSON parser: type: '16' key: 'seq_no'
[0m[95m [1776432795.494231] BSON Parser: [0mBSON parser: int32:
[0m[95m [1776432795.494241] BSON Parser: [0m1
[0m[95m [1776432795.494247] BSON Parser: [0mBSON parser: type: '8' key: 'end_marker'
[0m[95m [1776432795.494252] BSON Parser: [0mBSON parser: boolean true
[0m[95m [1776432795.494258] BSON Message: [0mBSON parser: debug .
[0m[95m [1776432795.494264] BSON Message: [0mBSON parser: debug . 0 end_marker 
[0m[95m [1776432795.494269] BSON Parser: [0mBSON parser: type: '8' key: 'fragmented'
[0m[95m [1776432795.494275] BSON Parser: [0mBSON parser: boolean false
[0m[95m [1776432795.494280] BSON Message: [0mBSON parser: debug .
[0m[95m [1776432795.494286] BSON Message: [0mBSON parser: debug . 0 fragmented 
[0m[95m [1776432795.494292] BSON Parser: [0mBSON parser: type: '8' key: 'utilize_timestamp'
[0m[95m [1776432795.494297] BSON Parser: [0mBSON parser: boolean false
[0m[95m [1776432795.494303] BSON Message: [0mBSON parser: debug .
[0m[95m [1776432795.494309] BSON Message: [0mBSON parser: debug . 0 utilize_timestamp 
[0m[95m [1776432795.494315] BSON Parser: [0mBSON parser: type: '16' key: 'frag_no'
[0m[95m [1776432795.494320] BSON Parser: [0mBSON parser: int32:
[0m[95m [1776432795.494326] BSON Parser: [0m0
[0m[95m [1776432795.494332] BSON Parser: [0mBSON parser: type: '16' key: 'frag_total'
[0m[95m [1776432795.494339] BSON Parser: [0mBSON parser: int32:
[0m[95m [1776432795.494345] BSON Parser: [0m1
[0m[95m [1776432795.494353] BSON Parser: [0mBSON parser: type: '16' key: 'timestamp'
[0m[95m [1776432795.494360] BSON Parser: [0mBSON parser: int32:
[0m[95m [1776432795.494366] BSON Parser: [0m-1206190080
[0m[95m [1776432795.494374] BSON Parser: [0mBSON parser: type: '3' key: 'data'
[0m[95m [1776432795.494380] BSON Parser: [0mBSON parser: object
[0m[95m [1776432795.494386] BSON Parser: [0mParsing client packet
[0m[95m [1776432795.494393] BSON Parser: [0mDocument length: 46 bytes
[0m[95m [1776432795.494400] BSON Parser: [0mBSON parser: type: '16' key: 'sensor_type'
[0m[95m [1776432795.494406] BSON Parser: [0mBSON parser: int32:
[0m[95m [1776432795.494412] BSON Parser: [0m2
[0m[91m [1776432795.494419] BSON Message: [0mInside sensor type parsing.
[91m [1776432795.494423] BSON Message: [0mInside sensor type parsing end.
[95m [1776432795.494428] BSON Parser: [0mBSON parser: type: '2' key: 'sid'
[0m[95m [1776432795.494435] BSON Parser: [0mBSON parser: string
[0m[95m [1776432795.494442] BSON Parser: [0mBSON parser: 8 'device_0'
[0m[91m [1776432795.494448] BSON Message: [0mInside sid parsing
[95m [1776432795.494452] BSON Parser: [0mBSON parser: type: '8' key: 'dev'
[0m[95m [1776432795.494457] BSON Parser: [0mBSON parser: boolean true
[0m[95m [1776432795.494464] BSON Message: [0mBSON parser: debug .
[0m[95m [1776432795.494470] BSON Message: [0mBSON parser: debug . 0 dev 
[0m[95m [1776432795.494477] BSON Parser: [0mBSON parser: return. 46 length document has 46 bytes.
[0m[95m [1776432795.494484] BSON Parser: [0mBSON parser: return. 180 length document has 180 bytes.
[0m[95m [1776432795.494491] Transport: [0mComing to handle fragmentation 2
[0m[91m [1776432795.494499] Client: [0m---before writing in log upd_msg->seq_no= 1
[91m [1776432795.494504] Client: [0m---before writing in log upd_msg->type= 4
[91m [1776432795.494509] Client: [0m---before writing in log upd_msg->frag_no= 0
[91m [1776432795.494513] Client: [0m---before writing in log upd_msg->reliable= 1
[91m [1776432795.494518] Client: [0m---before writing in log upd_msg->data.sensor_type= 2
[91m [1776432795.494523] Client: [0m---before writing in log upd_msg->data.sid= device_0
[91m [1776432795.494529] Client: [0m---after writing in log upd_msg->seq_no = 1
[91m [1776432795.494533] Client: [0m---after writing in log upd_msg->data.sensor_type = 2
[91m [1776432795.494538] Client: [0m---after writing in log upd_msg->reliable = 1
[95m [1776432795.494542] Client: [0mSending acknowledgment.
[0m[95m [1776432795.494548] Client Module: [0m---------Sending Update acknowledgment from client.-----------
[0m[95m [1776432795.494559] BSON Message: [0m-------------Before Serializing Update acknowledgment.--------------
[0m[95m [1776432795.494566] BSON Message: [0m-------------After Serializing Update acknowledgment.--------------
[0m[95m [1776432795.494572] BSON Message: [0m-------------Before Serializing Update acknowledgment.--------------
[0m[95m [1776432795.494578] BSON Message: [0m-------------After Serializing Update acknowledgment.--------------
[0m[95m [1776432795.495917] Transport: [0mReceived 180 bytes
[0m[95m [1776432795.495928] BSON Parser: [0mParsing client packet
[0m[95m [1776432795.495934] BSON Parser: [0mDocument length: 180 bytes
[0m[95m [1776432795.495940] BSON Parser: [0mBSON parser: type: '16' key: 'type'
[0m[95m [1776432795.495946] BSON Parser: [0mBSON parser: int32:
[0m[95m [1776432795.495952] BSON Parser: [0m4
[0m[95m [1776432795.495958] BSON Parser: [0mBSON parser: type: '8' key: 'reliable'
[0m[95m [1776432795.495964] BSON Parser: [0mBSON parser: boolean true
[0m[95m [1776432795.495970] BSON Message: [0mBSON parser: debug .
[0m[95m [1776432795.495976] BSON Message: [0mBSON parser: debug . 0 reliable 
[0m[95m [1776432795.495982] BSON Parser: [0mBSON parser: type: '16' key: 'seq_no'
[0m[95m [1776432795.495988] BSON Parser: [0mBSON parser: int32:
[0m[95m [1776432795.495994] BSON Parser: [0m1
[0m[95m [1776432795.496000] BSON Parser: [0mBSON parser: type: '8' key: 'end_marker'
[0m[95m [1776432795.496006] BSON Parser: [0mBSON parser: boolean true
[0m[95m [1776432795.496025] BSON Message: [0mBSON parser: debug .
[0m[95m [1776432795.496031] BSON Message: [0mBSON parser: debug . 0 end_marker 
[0m[95m [1776432795.496038] BSON Parser: [0mBSON parser: type: '8' key: 'fragmented'
[0m[95m [1776432795.496043] BSON Parser: [0mBSON parser: boolean false
[0m[95m [1776432795.496050] BSON Message: [0mBSON parser: debug .
[0m[95m [1776432795.496055] BSON Message: [0mBSON parser: debug . 0 fragmented 
[0m[95m [1776432795.496062] BSON Parser: [0mBSON parser: type: '8' key: 'utilize_timestamp'
[0m[95m [1776432795.496069] BSON Parser: [0mBSON parser: boolean false
[0m[95m [1776432795.496076] BSON Message: [0mBSON parser: debug .
[0m[95m [1776432795.496082] BSON Message: [0mBSON parser: debug . 0 utilize_timestamp 
[0m[95m [1776432795.496088] BSON Parser: [0mBSON parser: type: '16' key: 'frag_no'
[0m[95m [1776432795.496094] BSON Parser: [0mBSON parser: int32:
[0m[95m [1776432795.496100] BSON Parser: [0m0
[0m[95m [1776432795.496106] BSON Parser: [0mBSON parser: type: '16' key: 'frag_total'
[0m[95m [1776432795.496111] BSON Parser: [0mBSON parser: int32:
[0m[95m [1776432795.496117] BSON Parser: [0m1
[0m[95m [1776432795.496123] BSON Parser: [0mBSON parser: type: '16' key: 'timestamp'
[0m[95m [1776432795.496129] BSON Parser: [0mBSON parser: int32:
[0m[95m [1776432795.496135] BSON Parser: [0m-1206190080
[0m[95m [1776432795.496141] BSON Parser: [0mBSON parser: type: '3' key: 'data'
[0m[95m [1776432795.496146] BSON Parser: [0mBSON parser: object
[0m[95m [1776432795.496152] BSON Parser: [0mParsing client packet
[0m[95m [1776432795.496158] BSON Parser: [0mDocument length: 46 bytes
[0m[95m [1776432795.496164] BSON Parser: [0mBSON parser: type: '16' key: 'sensor_type'
[0m[95m [1776432795.496170] BSON Parser: [0mBSON parser: int32:
[0m[95m [1776432795.496176] BSON Parser: [0m2
[0m[91m [1776432795.496182] BSON Message: [0mInside sensor type parsing.
[91m [1776432795.496186] BSON Message: [0mInside sensor type parsing end.
[95m [1776432795.496190] BSON Parser: [0mBSON parser: type: '2' key: 'sid'
[0m[95m [1776432795.496195] BSON Parser: [0mBSON parser: string
[0m[95m [1776432795.496201] BSON Parser: [0mBSON parser: 8 'device_0'
[0m[91m [1776432795.496207] BSON Message: [0mInside sid parsing
[95m [1776432795.496211] BSON Parser: [0mBSON parser: type: '8' key: 'dev'
[0m[95m [1776432795.496218] BSON Parser: [0mBSON parser: boolean true
[0m[95m [1776432795.496223] BSON Message: [0mBSON parser: debug .
[0m[95m [1776432795.496232] BSON Message: [0mBSON parser: debug . 0 dev 
[0m[95m [1776432795.496238] BSON Parser: [0mBSON parser: return. 46 length document has 46 bytes.
[0m[95m [1776432795.496243] BSON Parser: [0mBSON parser: return. 180 length document has 180 bytes.
[0m[95m [1776432795.496249] Transport: [0mComing to handle fragmentation 2
[0m[91m [1776432795.496255] Client: [0m---before writing in log upd_msg->seq_no= 1
[91m [1776432795.496259] Client: [0m---before writing in log upd_msg->type= 4
[91m [1776432795.496263] Client: [0m---before writing in log upd_msg->frag_no= 0
[91m [1776432795.496269] Client: [0m---before writing in log upd_msg->reliable= 1
[91m [1776432795.496273] Client: [0m---before writing in log upd_msg->data.sensor_type= 2
[91m [1776432795.496276] Client: [0m---before writing in log upd_msg->data.sid= device_0
[91m [1776432795.496281] Client: [0m---after writing in log upd_msg->seq_no = 1
[91m [1776432795.496285] Client: [0m---after writing in log upd_msg->data.sensor_type = 2
[91m [1776432795.496289] Client: [0m---after writing in log upd_msg->reliable = 1
[95m [1776432795.496293] Client: [0mSending acknowledgment.
[0m[95m [1776432795.496300] Client Module: [0m---------Sending Update acknowledgment from client.-----------
[0m[95m [1776432795.496306] BSON Message: [0m-------------Before Serializing Update acknowledgment.--------------
[0m[95m [1776432795.496312] BSON Message: [0m-------------After Serializing Update acknowledgment.--------------
[0m[95m [1776432795.496319] BSON Message: [0m-------------Before Serializing Update acknowledgment.--------------
[0m[95m [1776432795.496325] BSON Message: [0m-------------After Serializing Update acknowledgment.--------------
[0m[95m [1776432795.498548] Transport: [0mReceived 180 bytes
[0m[95m [1776432795.498562] BSON Parser: [0mParsing client packet
[0m[95m [1776432795.498568] BSON Parser: [0mDocument length: 180 bytes
[0m[95m [1776432795.498575] BSON Parser: [0mBSON parser: type: '16' key: 'type'
[0m[95m [1776432795.498581] BSON Parser: [0mBSON parser: int32:
[0m[95m [1776432795.498588] BSON Parser: [0m4
[0m[95m [1776432795.498594] BSON Parser: [0mBSON parser: type: '8' key: 'reliable'
[0m[95m [1776432795.498601] BSON Parser: [0mBSON parser: boolean true
[0m[95m [1776432795.498608] BSON Message: [0mBSON parser: debug .
[0m[95m [1776432795.498614] BSON Message: [0mBSON parser: debug . 0 reliable 
[0m[95m [1776432795.498621] BSON Parser: [0mBSON parser: type: '16' key: 'seq_no'
[0m[95m [1776432795.498628] BSON Parser: [0mBSON parser: int32:
[0m[95m [1776432795.498634] BSON Parser: [0m1
[0m[95m [1776432795.498641] BSON Parser: [0mBSON parser: type: '8' key: 'end_marker'
[0m[95m [1776432795.498648] BSON Parser: [0mBSON parser: boolean true
[0m[95m [1776432795.498655] BSON Message: [0mBSON parser: debug .
[0m[95m [1776432795.498661] BSON Message: [0mBSON parser: debug . 0 end_marker 
[0m[95m [1776432795.498668] BSON Parser: [0mBSON parser: type: '8' key: 'fragmented'
[0m[95m [1776432795.498674] BSON Parser: [0mBSON parser: boolean false
[0m[95m [1776432795.498680] BSON Message: [0mBSON parser: debug .
[0m[95m [1776432795.498687] BSON Message: [0mBSON parser: debug . 0 fragmented 
[0m[95m [1776432795.498693] BSON Parser: [0mBSON parser: type: '8' key: 'utilize_timestamp'
[0m[95m [1776432795.498699] BSON Parser: [0mBSON parser: boolean false
[0m[95m [1776432795.498708] BSON Message: [0mBSON parser: debug .
[0m[95m [1776432795.498714] BSON Message: [0mBSON parser: debug . 0 utilize_timestamp 
[0m[95m [1776432795.498722] BSON Parser: [0mBSON parser: type: '16' key: 'frag_no'
[0m[95m [1776432795.498728] BSON Parser: [0mBSON parser: int32:
[0m[95m [1776432795.498735] BSON Parser: [0m0
[0m[95m [1776432795.498744] BSON Parser: [0mBSON parser: type: '16' key: 'frag_total'
[0m[95m [1776432795.498751] BSON Parser: [0mBSON parser: int32:
[0m[95m [1776432795.498758] BSON Parser: [0m1
[0m[95m [1776432795.498766] BSON Parser: [0mBSON parser: type: '16' key: 'timestamp'
[0m[95m [1776432795.498779] BSON Parser: [0mBSON parser: int32:
[0m[95m [1776432795.498786] BSON Parser: [0m-1206190080
[0m[95m [1776432795.498794] BSON Parser: [0mBSON parser: type: '3' key: 'data'
[0m[95m [1776432795.498803] BSON Parser: [0mBSON parser: object
[0m[95m [1776432795.498810] BSON Parser: [0mParsing client packet
[0m[95m [1776432795.498818] BSON Parser: [0mDocument length: 46 bytes
[0m[95m [1776432795.498827] BSON Parser: [0mBSON parser: type: '16' key: 'sensor_type'
[0m[95m [1776432795.498835] BSON Parser: [0mBSON parser: int32:
[0m[95m [1776432795.498843] BSON Parser: [0m2
[0m[91m [1776432795.498851] BSON Message: [0mInside sensor type parsing.
[91m [1776432795.498856] BSON Message: [0mInside sensor type parsing end.
[95m [1776432795.498862] BSON Parser: [0mBSON parser: type: '2' key: 'sid'
[0m[95m [1776432795.498869] BSON Parser: [0mBSON parser: string
[0m[95m [1776432795.498876] BSON Parser: [0mBSON parser: 8 'device_0'
[0m[91m [1776432795.498884] BSON Message: [0mInside sid parsing
[95m [1776432795.498889] BSON Parser: [0mBSON parser: type: '8' key: 'dev'
[0m[95m [1776432795.498897] BSON Parser: [0mBSON parser: boolean true
[0m[95m [1776432795.498905] BSON Message: [0mBSON parser: debug .
[0m[95m [1776432795.498913] BSON Message: [0mBSON parser: debug . 0 dev 
[0m[95m [1776432795.498920] BSON Parser: [0mBSON parser: return. 46 length document has 46 bytes.
[0m[95m [1776432795.498929] BSON Parser: [0mBSON parser: return. 180 length document has 180 bytes.
[0m[95m [1776432795.498936] Transport: [0mComing to handle fragmentation 2
[0m[91m [1776432795.498944] Client: [0m---before writing in log upd_msg->seq_no= 1
[91m [1776432795.498949] Client: [0m---before writing in log upd_msg->type= 4
[91m [1776432795.498953] Client: [0m---before writing in log upd_msg->frag_no= 0
[91m [1776432795.498958] Client: [0m---before writing in log upd_msg->reliable= 1
[91m [1776432795.498963] Client: [0m---before writing in log upd_msg->data.sensor_type= 2
[91m [1776432795.498967] Client: [0m---before writing in log upd_msg->data.sid= device_0
[91m [1776432795.498972] Client: [0m---after writing in log upd_msg->seq_no = 1
[91m [1776432795.498977] Client: [0m---after writing in log upd_msg->data.sensor_type = 2
[91m [1776432795.498981] Client: [0m---after writing in log upd_msg->reliable = 1
[95m [1776432795.498985] Client: [0mSending acknowledgment.
[0m[95m [1776432795.498992] Client Module: [0m---------Sending Update acknowledgment from client.-----------
[0m[95m [1776432795.498999] BSON Message: [0m-------------Before Serializing Update acknowledgment.--------------
[0m[95m [1776432795.499006] BSON Message: [0m-------------After Serializing Update acknowledgment.--------------
[0m[95m [1776432795.501042] BSON Message: [0m-------------Before Serializing Update acknowledgment.--------------
[0m[95m [1776432795.501049] BSON Message: [0m-------------After Serializing Update acknowledgment.--------------
[0m[95m [1776432795.501069] Transport: [0mReceived 180 bytes
[0m[95m [1776432795.501076] BSON Parser: [0mParsing client packet
[0m[95m [1776432795.501081] BSON Parser: [0mDocument length: 180 bytes
[0m[95m [1776432795.501087] BSON Parser: [0mBSON parser: type: '16' key: 'type'
[0m[95m [1776432795.501093] BSON Parser: [0mBSON parser: int32:
[0m[95m [1776432795.501099] BSON Parser: [0m4
[0m[95m [1776432795.501105] BSON Parser: [0mBSON parser: type: '8' key: 'reliable'
[0m[95m [1776432795.501111] BSON Parser: [0mBSON parser: boolean true
[0m[95m [1776432795.501118] BSON Message: [0mBSON parser: debug .
[0m[95m [1776432795.501123] BSON Message: [0mBSON parser: debug . 0 reliable 
[0m[95m [1776432795.501129] BSON Parser: [0mBSON parser: type: '16' key: 'seq_no'
[0m[95m [1776432795.501135] BSON Parser: [0mBSON parser: int32:
[0m[95m [1776432795.501141] BSON Parser: [0m1
[0m[95m [1776432795.501147] BSON Parser: [0mBSON parser: type: '8' key: 'end_marker'
[0m[95m [1776432795.501158] BSON Parser: [0mBSON parser: boolean true
[0m[95m [1776432795.501164] BSON Message: [0mBSON parser: debug .
[0m[95m [1776432795.501170] BSON Message: [0mBSON parser: debug . 0 end_marker 
[0m[95m [1776432795.501175] BSON Parser: [0mBSON parser: type: '8' key: 'fragmented'
[0m[95m [1776432795.501182] BSON Parser: [0mBSON parser: boolean false
[0m[95m [1776432795.501187] BSON Message: [0mBSON parser: debug .
[0m[95m [1776432795.501193] BSON Message: [0mBSON parser: debug . 0 fragmented 
[0m[95m [1776432795.501199] BSON Parser: [0mBSON parser: type: '8' key: 'utilize_timestamp'
[0m[95m [1776432795.501205] BSON Parser: [0mBSON parser: boolean false
[0m[95m [1776432795.501211] BSON Message: [0mBSON parser: debug .
[0m[95m [1776432795.501216] BSON Message: [0mBSON parser: debug . 0 utilize_timestamp 
[0m[95m [1776432795.501222] BSON Parser: [0mBSON parser: type: '16' key: 'frag_no'
[0m[95m [1776432795.501228] BSON Parser: [0mBSON parser: int32:
[0m[95m [1776432795.501234] BSON Parser: [0m0
[0m[95m [1776432795.501240] BSON Parser: [0mBSON parser: type: '16' key: 'frag_total'
[0m[95m [1776432795.501246] BSON Parser: [0mBSON parser: int32:
[0m[95m [1776432795.501252] BSON Parser: [0m1
[0m[95m [1776432795.501258] BSON Parser: [0mBSON parser: type: '16' key: 'timestamp'
[0m[95m [1776432795.501263] BSON Parser: [0mBSON parser: int32:
[0m[95m [1776432795.501269] BSON Parser: [0m-1206190080
[0m[95m [1776432795.501275] BSON Parser: [0mBSON parser: type: '3' key: 'data'
[0m[95m [1776432795.501281] BSON Parser: [0mBSON parser: object
[0m[95m [1776432795.501287] BSON Parser: [0mParsing client packet
[0m[95m [1776432795.501293] BSON Parser: [0mDocument length: 46 bytes
[0m[95m [1776432795.501298] BSON Parser: [0mBSON parser: type: '16' key: 'sensor_type'
[0m[95m [1776432795.501304] BSON Parser: [0mBSON parser: int32:
[0m[95m [1776432795.501310] BSON Parser: [0m2
[0m[91m [1776432795.501316] BSON Message: [0mInside sensor type parsing.
[91m [1776432795.501321] BSON Message: [0mInside sensor type parsing end.
[95m [1776432795.501326] BSON Parser: [0mBSON parser: type: '2' key: 'sid'
[0m[95m [1776432795.501333] BSON Parser: [0mBSON parser: string
[0m[95m [1776432795.501340] BSON Parser: [0mBSON parser: 8 'device_0'
[0m[91m [1776432795.501347] BSON Message: [0mInside sid parsing
[95m [1776432795.501354] BSON Parser: [0mBSON parser: type: '8' key: 'dev'
[0m[95m [1776432795.501361] BSON Parser: [0mBSON parser: boolean true
[0m[95m [1776432795.501368] BSON Message: [0mBSON parser: debug .
[0m[95m [1776432795.501375] BSON Message: [0mBSON parser: debug . 0 dev 
[0m[95m [1776432795.501381] BSON Parser: [0mBSON parser: return. 46 length document has 46 bytes.
[0m[95m [1776432795.501387] BSON Parser: [0mBSON parser: return. 180 length document has 180 bytes.
[0m[95m [1776432795.501393] Transport: [0mComing to handle fragmentation 2
[0m[91m [1776432795.501399] Client: [0m---before writing in log upd_msg->seq_no= 1
[91m [1776432795.501403] Client: [0m---before writing in log upd_msg->type= 4
[91m [1776432795.501409] Client: [0m---before writing in log upd_msg->frag_no= 0
[91m [1776432795.501413] Client: [0m---before writing in log upd_msg->reliable= 1
[91m [1776432795.501417] Client: [0m---before writing in log upd_msg->data.sensor_type= 2
[91m [1776432795.501421] Client: [0m---before writing in log upd_msg->data.sid= device_0
[91m [1776432795.501426] Client: [0m---after writing in log upd_msg->seq_no = 1
[91m [1776432795.501431] Client: [0m---after writing in log upd_msg->data.sensor_type = 2
[91m [1776432795.501436] Client: [0m---after writing in log upd_msg->reliable = 1
[95m [1776432795.501440] Client: [0mSending acknowledgment.
[0m[95m [1776432795.501445] Client Module: [0m---------Sending Update acknowledgment from client.-----------
[0m[95m [1776432795.501451] BSON Message: [0m-------------Before Serializing Update acknowledgment.--------------
[0m[95m [1776432795.501457] BSON Message: [0m-------------After Serializing Update acknowledgment.--------------
[0m[95m [1776432795.501466] BSON Message: [0m-------------Before Serializing Update acknowledgment.--------------
[0m[95m [1776432795.501472] BSON Message: [0m-------------After Serializing Update acknowledgment.--------------
[0m[95m [1776432795.504078] Transport: [0mReceived 180 bytes
[0m[95m [1776432795.504093] BSON Parser: [0mParsing client packet
[0m[95m [1776432795.504100] BSON Parser: [0mDocument length: 180 bytes
[0m[95m [1776432795.504107] BSON Parser: [0mBSON parser: type: '16' key: 'type'
[0m[95m [1776432795.504114] BSON Parser: [0mBSON parser: int32:
[0m[95m [1776432795.504120] BSON Parser: [0m4
[0m[95m [1776432795.504127] BSON Parser: [0mBSON parser: type: '8' key: 'reliable'
[0m[95m [1776432795.504134] BSON Parser: [0mBSON parser: boolean true
[0m[95m [1776432795.504141] BSON Message: [0mBSON parser: debug .
[0m[95m [1776432795.504147] BSON Message: [0mBSON parser: debug . 0 reliable 
[0m[95m [1776432795.504154] BSON Parser: [0mBSON parser: type: '16' key: 'seq_no'
[0m[95m [1776432795.504161] BSON Parser: [0mBSON parser: int32:
[0m[95m [1776432795.504167] BSON Parser: [0m1
[0m[95m [1776432795.504174] BSON Parser: [0mBSON parser: type: '8' key: 'end_marker'
[0m[95m [1776432795.504181] BSON Parser: [0mBSON parser: boolean true
[0m[95m [1776432795.504188] BSON Message: [0mBSON parser: debug .
[0m[95m [1776432795.504195] BSON Message: [0mBSON parser: debug . 0 end_marker 
[0m[95m [1776432795.504203] BSON Parser: [0mBSON parser: type: '8' key: 'fragmented'
[0m[95m [1776432795.504210] BSON Parser: [0mBSON parser: boolean false
[0m[95m [1776432795.504216] BSON Message: [0mBSON parser: debug .
[0m[95m [1776432795.504222] BSON Message: [0mBSON parser: debug . 0 fragmented 
[0m[95m [1776432795.504229] BSON Parser: [0mBSON parser: type: '8' key: 'utilize_timestamp'
[0m[95m [1776432795.504236] BSON Parser: [0mBSON parser: boolean false
[0m[95m [1776432795.504243] BSON Message: [0mBSON parser: debug .
[0m[95m [1776432795.504249] BSON Message: [0mBSON parser: debug . 0 utilize_timestamp 
[0m[95m [1776432795.504256] BSON Parser: [0mBSON parser: type: '16' key: 'frag_no'
[0m[95m [1776432795.504263] BSON Parser: [0mBSON parser: int32:
[0m[95m [1776432795.504270] BSON Parser: [0m0
[0m[95m [1776432795.504277] BSON Parser: [0mBSON parser: type: '16' key: 'frag_total'
[0m[95m [1776432795.504284] BSON Parser: [0mBSON parser: int32:
[0m[95m [1776432795.504291] BSON Parser: [0m1
[0m[95m [1776432795.504297] BSON Parser: [0mBSON parser: type: '16' key: 'timestamp'
[0m[95m [1776432795.504304] BSON Parser: [0mBSON parser: int32:
[0m[95m [1776432795.504310] BSON Parser: [0m-1206190080
[0m[95m [1776432795.504317] BSON Parser: [0mBSON parser: type: '3' key: 'data'
[0m[95m [1776432795.504323] BSON Parser: [0mBSON parser: object
[0m[95m [1776432795.504329] BSON Parser: [0mParsing client packet
[0m[95m [1776432795.504335] BSON Parser: [0mDocument length: 46 bytes
[0m[95m [1776432795.504341] BSON Parser: [0mBSON parser: type: '16' key: 'sensor_type'
[0m[95m [1776432795.504347] BSON Parser: [0mBSON parser: int32:
[0m[95m [1776432795.504353] BSON Parser: [0m2
[0m[91m [1776432795.504360] BSON Message: [0mInside sensor type parsing.
[91m [1776432795.504364] BSON Message: [0mInside sensor type parsing end.
[95m [1776432795.504369] BSON Parser: [0mBSON parser: type: '2' key: 'sid'
[0m[95m [1776432795.504375] BSON Parser: [0mBSON parser: string
[0m[95m [1776432795.504381] BSON Parser: [0mBSON parser: 8 'device_0'
[0m[91m [1776432795.504387] BSON Message: [0mInside sid parsing
[95m [1776432795.504392] BSON Parser: [0mBSON parser: type: '8' key: 'dev'
[0m[95m [1776432795.504398] BSON Parser: [0mBSON parser: boolean true
[0m[95m [1776432795.504403] BSON Message: [0mBSON parser: debug .
[0m[95m [1776432795.504408] BSON Message: [0mBSON parser: debug . 0 dev 
[0m[95m [1776432795.504415] BSON Parser: [0mBSON parser: return. 46 length document has 46 bytes.
[0m[95m [1776432795.504427] BSON Parser: [0mBSON parser: return. 180 length document has 180 bytes.
[0m[95m [1776432795.504434] Transport: [0mComing to handle fragmentation 2
[0m[91m [1776432795.504441] Client: [0m---before writing in log upd_msg->seq_no= 1
[91m [1776432795.504444] Client: [0m---before writing in log upd_msg->type= 4
[91m [1776432795.504448] Client: [0m---before writing in log upd_msg->frag_no= 0
[91m [1776432795.504452] Client: [0m---before writing in log upd_msg->reliable= 1
[91m [1776432795.504456] Client: [0m---before writing in log upd_msg->data.sensor_type= 2
[91m [1776432795.504461] Client: [0m---before writing in log upd_msg->data.sid= device_0
[91m [1776432795.504466] Client: [0m---after writing in log upd_msg->seq_no = 1
[91m [1776432795.504469] Client: [0m---after writing in log upd_msg->data.sensor_type = 2
[91m [1776432795.504473] Client: [0m---after writing in log upd_msg->reliable = 1
[95m [1776432795.504477] Client: [0mSending acknowledgment.
[0m[95m [1776432795.504483] Client Module: [0m---------Sending Update acknowledgment from client.-----------
[0m[95m [1776432795.504489] BSON Message: [0m-------------Before Serializing Update acknowledgment.--------------
[0m[95m [1776432795.504496] BSON Message: [0m-------------After Serializing Update acknowledgment.--------------
[0m[95m [1776432795.504501] BSON Message: [0m-------------Before Serializing Update acknowledgment.--------------
[0m[95m [1776432795.504507] BSON Message: [0m-------------After Serializing Update acknowledgment.--------------
[0m[95m [1776432795.506019] Transport: [0mReceived 180 bytes
[0m[95m [1776432795.506061] BSON Parser: [0mParsing client packet
[0m[95m [1776432795.506077] BSON Parser: [0mDocument length: 180 bytes
[0m[95m [1776432795.506091] BSON Parser: [0mBSON parser: type: '16' key: 'type'
[0m[95m [1776432795.506098] BSON Parser: [0mBSON parser: int32:
[0m[95m [1776432795.506102] BSON Parser: [0m4
[0m[95m [1776432795.506107] BSON Parser: [0mBSON parser: type: '8' key: 'reliable'
[0m[95m [1776432795.506112] BSON Parser: [0mBSON parser: boolean true
[0m[95m [1776432795.506117] BSON Message: [0mBSON parser: debug .
[0m[95m [1776432795.506122] BSON Message: [0mBSON parser: debug . 0 reliable 
[0m[95m [1776432795.506126] BSON Parser: [0mBSON parser: type: '16' key: 'seq_no'
[0m[95m [1776432795.506131] BSON Parser: [0mBSON parser: int32:
[0m[95m [1776432795.506137] BSON Parser: [0m1
[0m[95m [1776432795.506145] BSON Parser: [0mBSON parser: type: '8' key: 'end_marker'
[0m[95m [1776432795.506151] BSON Parser: [0mBSON parser: boolean true
[0m[95m [1776432795.506157] BSON Message: [0mBSON parser: debug .
[0m[95m [1776432795.506162] BSON Message: [0mBSON parser: debug . 0 end_marker 
[0m[95m [1776432795.506169] BSON Parser: [0mBSON parser: type: '8' key: 'fragmented'
[0m[95m [1776432795.506174] BSON Parser: [0mBSON parser: boolean false
[0m[95m [1776432795.506180] BSON Message: [0mBSON parser: debug .
[0m[95m [1776432795.506186] BSON Message: [0mBSON parser: debug . 0 fragmented 
[0m[95m [1776432795.506192] BSON Parser: [0mBSON parser: type: '8' key: 'utilize_timestamp'
[0m[95m [1776432795.506198] BSON Parser: [0mBSON parser: boolean false
[0m[95m [1776432795.506204] BSON Message: [0mBSON parser: debug .
[0m[95m [1776432795.506210] BSON Message: [0mBSON parser: debug . 0 utilize_timestamp 
[0m[95m [1776432795.506216] BSON Parser: [0mBSON parser: type: '16' key: 'frag_no'
[0m[95m [1776432795.506222] BSON Parser: [0mBSON parser: int32:
[0m[95m [1776432795.506228] BSON Parser: [0m0
[0m[95m [1776432795.506235] BSON Parser: [0mBSON parser: type: '16' key: 'frag_total'
[0m[95m [1776432795.506240] BSON Parser: [0mBSON parser: int32:
[0m[95m [1776432795.506246] BSON Parser: [0m1
[0m[95m [1776432795.506252] BSON Parser: [0mBSON parser: type: '16' key: 'timestamp'
[0m[95m [1776432795.506257] BSON Parser: [0mBSON parser: int32:
[0m[95m [1776432795.506263] BSON Parser: [0m-1206190080
[0m[95m [1776432795.506272] BSON Parser: [0mBSON parser: type: '3' key: 'data'
[0m[95m [1776432795.506279] BSON Parser: [0mBSON parser: object
[0m[95m [1776432795.506284] BSON Parser: [0mParsing client packet
[0m[95m [1776432795.506290] BSON Parser: [0mDocument length: 46 bytes
[0m[95m [1776432795.506296] BSON Parser: [0mBSON parser: type: '16' key: 'sensor_type'
[0m[95m [1776432795.506302] BSON Parser: [0mBSON parser: int32:
[0m[95m [1776432795.506308] BSON Parser: [0m2
[0m[91m [1776432795.506314] BSON Message: [0mInside sensor type parsing.
[91m [1776432795.506318] BSON Message: [0mInside sensor type parsing end.
[95m [1776432795.506322] BSON Parser: [0mBSON parser: type: '2' key: 'sid'
[0m[95m [1776432795.506328] BSON Parser: [0mBSON parser: string
[0m[95m [1776432795.506333] BSON Parser: [0mBSON parser: 8 'device_0'
[0m[91m [1776432795.506339] BSON Message: [0mInside sid parsing
[95m [1776432795.506343] BSON Parser: [0mBSON parser: type: '8' key: 'dev'
[0m[95m [1776432795.506349] BSON Parser: [0mBSON parser: boolean true
[0m[95m [1776432795.506355] BSON Message: [0mBSON parser: debug .
[0m[95m [1776432795.506361] BSON Message: [0mBSON parser: debug . 0 dev 
[0m[95m [1776432795.506366] BSON Parser: [0mBSON parser: return. 46 length document has 46 bytes.
[0m[95m [1776432795.506373] BSON Parser: [0mBSON parser: return. 180 length document has 180 bytes.
[0m[95m [1776432795.506379] Transport: [0mComing to handle fragmentation 2
[0mconnceting to 127.0.0.1
Got a message from the server.
Message type is 1
Sensors: 
device_0
Subscribing to all sensors.
Got a message from the server.
Message type is 3
what is happening
subscription ok for device_0 
requested to remove a subscription but no such subscription found
Got a message from the server.
Message type is 4
---------Update message arrived------------ 1
Got a message from the server.
Message type is 4
---------Update message arrived------------ 1
Got a message from the server.
Message type is 4
---------Update message arrived------------ 1
Got a message from the server.
Message type is 4
---------Update message arrived------------ 1
Got a message from the server.
Message type is 4
---------Update message arrived------------ 1
Got a message from the server.
Message type is 4
---------Update message arrived------------ 1
Got a message from the server.
Message type is 4
---------Update message arrived------------ 1
Got a message from the server.
Message type is 4
---------Update message arrived------------ 1
Got a message from the server.
Message type is 4
---------Update message arrived------------ 1
Got a message from the server.
Message type is 4
---------Update message arrived------------ 1
Got a message from the server.
Message type is 4
---------Update message arrived------------ 1
Got a message from the server.
Message type is 4
---------Update message arrived------------ 1
Got a message from the server.
Message type is 4
---------Update message arrived------------ 1
Got a message from the server.
Message type is 4
---------Update message arrived------------ 1
Got a message from the server.
Message type is 4
---------Update message arrived------------ 1
Got a message from the server.
Message type is 4
---------Update message arrived------------ 1
Got a message from the server.
Message type is 4
---------Update message arrived------------ 1
Got a message from the server.
Message type is 4
---------Update message arrived------------ 1
Got a message from the server.
Message type is 4
---------Update message arrived------------ 1
Got a message from the server.
Message type is 4
---------Update message arrived------------ 1
Got a message from the server.
Message type is 4
---------Update message arrived------------ 1
Got a message from the server.
Message type is 4
---------Update message arrived------------ 1
Got a message from the server.
Message type is 4
---------Update message arrived------------ 1
Got a message from the server.
Message type is 4
---------Update message arrived------------ 1
Got a message from the server.
Message type is 4
---------Update message arrived------------ 1
Got a message from the server.
Message type is 4
---------Update message arrived------------ 1
Got a message from the server.
Message type is 4
---------Update message arrived------------ 1
Got a message from the server.
Message type is 4
---------Update message arrived------------ 1
Got a message from the server.
Message type is 4
---------Update message arrived------------ 1
Got a message from the server.
Message type is 4
---------Update message arrived------------ 1
Got a message from the server.
Message type is 4
---------Update message arrived------------ 1
Got a message from the server.
Message type is 4
---------Update message arrived------------ 1
Got a message from the server.
Message type is 4
---------Update message arrived------------ 1
Got a message from the server.
Message type is 4
---------Update message arrived------------ 1
Got a message from the server.
Message type is 4
---------Update message arrived------------ 1
Got a message from the server.
Message type is 4
---------Update message arrived------------ 1
Got a message from the server.
Message type is 4
---------Update message arrived------------ 1
Got a message from the server.
Message type is 4
---------Update message arrived------------ 1
Got a message from the server.
Message type is 4
---------Update message arrived------------ 1
Got a message from the server.
Message type is 4
---------Update message arrived------------ 1
Got a message[91m [1776432795.506391] Client: [0m---before writing in log upd_msg->seq_no= 1
[91m [1776432795.506396] Client: [0m---before writing in log upd_msg->type= 4
[91m [1776432795.506400] Client: [0m---before writing in log upd_msg->frag_no= 0
[91m [1776432795.506404] Client: [0m---before writing in log upd_msg->reliable= 1
[91m [1776432795.506408] Client: [0m---before writing in log upd_msg->data.sensor_type= 2
[91m [1776432795.506411] Client: [0m---before writing in log upd_msg->data.sid= device_0
[91m [1776432795.506416] Client: [0m---after writing in log upd_msg->seq_no = 1
[91m [1776432795.506420] Client: [0m---after writing in log upd_msg->data.sensor_type = 2
[91m [1776432795.506424] Client: [0m---after writing in log upd_msg->reliable = 1
[95m [1776432795.506428] Client: [0mSending acknowledgment.
[0m[95m [1776432795.506433] Client Module: [0m---------Sending Update acknowledgment from client.-----------
[0m[95m [1776432795.506441] BSON Message: [0m-------------Before Serializing Update acknowledgment.--------------
[0m[95m [1776432795.506447] BSON Message: [0m-------------After Serializing Update acknowledgment.--------------
[0m[95m [1776432795.506453] BSON Message: [0m-------------Before Serializing Update acknowledgment.--------------
[0m[95m [1776432795.506459] BSON Message: [0m-------------After Serializing Update acknowledgment.--------------
[0m[95m [1776432795.507031] Transport: [0mReceived 180 bytes
[0m[95m [1776432795.507042] BSON Parser: [0mParsing client packet
[0m[95m [1776432795.507049] BSON Parser: [0mDocument length: 180 bytes
[0m[95m [1776432795.507055] BSON Parser: [0mBSON parser: type: '16' key: 'type'
[0m[95m [1776432795.507061] BSON Parser: [0mBSON parser: int32:
[0m[95m [1776432795.507068] BSON Parser: [0m4
[0m[95m [1776432795.507074] BSON Parser: [0mBSON parser: type: '8' key: 'reliable'
[0m[95m [1776432795.507080] BSON Parser: [0mBSON parser: boolean true
[0m[95m [1776432795.507087] BSON Message: [0mBSON parser: debug .
[0m[95m [1776432795.507093] BSON Message: [0mBSON parser: debug . 0 reliable 
[0m[95m [1776432795.507099] BSON Parser: [0mBSON parser: type: '16' key: 'seq_no'
[0m[95m [1776432795.507105] BSON Parser: [0mBSON parser: int32:
[0m[95m [1776432795.507112] BSON Parser: [0m1
[0m[95m [1776432795.507118] BSON Parser: [0mBSON parser: type: '8' key: 'end_marker'
[0m[95m [1776432795.507123] BSON Parser: [0mBSON parser: boolean true
[0m[95m [1776432795.507129] BSON Message: [0mBSON parser: debug .
[0m[95m [1776432795.507139] BSON Message: [0mBSON parser: debug . 0 end_marker 
[0m[95m [1776432795.507146] BSON Parser: [0mBSON parser: type: '8' key: 'fragmented'
[0m[95m [1776432795.507152] BSON Parser: [0mBSON parser: boolean false
[0m[95m [1776432795.507158] BSON Message: [0mBSON parser: debug .
[0m[95m [1776432795.507165] BSON Message: [0mBSON parser: debug . 0 fragmented 
[0m[95m [1776432795.507171] BSON Parser: [0mBSON parser: type: '8' key: 'utilize_timestamp'
[0m[95m [1776432795.507179] BSON Parser: [0mBSON parser: boolean false
[0m[95m [1776432795.507186] BSON Message: [0mBSON parser: debug .
[0m[95m [1776432795.507192] BSON Message: [0mBSON parser: debug . 0 utilize_timestamp 
[0m[95m [1776432795.507200] BSON Parser: [0mBSON parser: type: '16' key: 'frag_no'
[0m[95m [1776432795.507205] BSON Parser: [0mBSON parser: int32:
[0m[95m [1776432795.507209] BSON Parser: [0m0
[0m[95m [1776432795.507215] BSON Parser: [0mBSON parser: type: '16' key: 'frag_total'
[0m[95m [1776432795.507220] BSON Parser: [0mBSON parser: int32:
[0m[95m [1776432795.507224] BSON Parser: [0m1
[0m[95m [1776432795.507229] BSON Parser: [0mBSON parser: type: '16' key: 'timestamp'
[0m[95m [1776432795.507235] BSON Parser: [0mBSON parser: int32:
[0m[95m [1776432795.507239] BSON Parser: [0m-1206190080
[0m[95m [1776432795.507244] BSON Parser: [0mBSON parser: type: '3' key: 'data'
[0m[95m [1776432795.507249] BSON Parser: [0mBSON parser: object
[0m[95m [1776432795.507254] BSON Parser: [0mParsing client packet
[0m[95m [1776432795.507259] BSON Parser: [0mDocument length: 46 bytes
[0m[95m [1776432795.507264] BSON Parser: [0mBSON parser: type: '16' key: 'sensor_type'
[0m[95m [1776432795.507268] BSON Parser: [0mBSON parser: int32:
[0m[95m [1776432795.507273] BSON Parser: [0m2
[0m[91m [1776432795.507278] BSON Message: [0mInside sensor type parsing.
[91m [1776432795.507281] BSON Message: [0mInside sensor type parsing end.
[95m [1776432795.507285] BSON Parser: [0mBSON parser: type: '2' key: 'sid'
[0m[95m [1776432795.507290] BSON Parser: [0mBSON parser: string
[0m[95m [1776432795.507295] BSON Parser: [0mBSON parser: 8 'device_0'
[0m[91m [1776432795.507299] BSON Message: [0mInside sid parsing
[95m [1776432795.507303] BSON Parser: [0mBSON parser: type: '8' key: 'dev'
[0m[95m [1776432795.507308] BSON Parser: [0mBSON parser: boolean true
[0m[95m [1776432795.507313] BSON Message: [0mBSON parser: debug .
[0m[95m [1776432795.507320] BSON Message: [0mBSON parser: debug . 0 dev 
[0m[95m [1776432795.507326] BSON Parser: [0mBSON parser: return. 46 length document has 46 bytes.
[0m[95m [1776432795.507331] BSON Parser: [0mBSON parser: return. 180 length document has 180 bytes.
[0m[95m [1776432795.507337] Transport: [0mComing to handle fragmentation 2
[0m[91m [1776432795.507342] Client: [0m---before writing in log upd_msg->seq_no= 1
[91m [1776432795.507345] Client: [0m---before writing in log upd_msg->type= 4
[91m [1776432795.507348] Client: [0m---before writing in log upd_msg->frag_no= 0
[91m [1776432795.507352] Client: [0m---before writing in log upd_msg->reliable= 1
[91m [1776432795.507355] Client: [0m---before writing in log upd_msg->data.sensor_type= 2
[91m [1776432795.507358] Client: [0m---before writing in log upd_msg->data.sid= device_0
[91m [1776432795.507363] Client: [0m---after writing in log upd_msg->seq_no = 1
[91m [1776432795.507366] Client: [0m---after writing in log upd_msg->data.sensor_type = 2
[91m [1776432795.507369] Client: [0m---after writing in log upd_msg->reliable = 1
[95m [1776432795.507372] Client: [0mSending acknowledgment.
[0m[95m [1776432795.507377] Client Module: [0m---------Sending Update acknowledgment from client.-----------
[0m[95m [1776432795.507383] BSON Message: [0m-------------Before Serializing Update acknowledgment.--------------
[0m[95m [1776432795.507388] BSON Message: [0m-------------After Serializing Update acknowledgment.--------------
[0m[95m [1776432795.507392] BSON Message: [0m-------------Before Serializing Update acknowledgment.--------------
[0m[95m [1776432795.507400] BSON Message: [0m-------------After Serializing Update acknowledgment.--------------
[0m[95m [1776432795.509025] Transport: [0mReceived 180 bytes
[0m[95m [1776432795.509037] BSON Parser: [0mParsing client packet
[0m[95m [1776432795.509043] BSON Parser: [0mDocument length: 180 bytes
[0m[95m [1776432795.509049] BSON Parser: [0mBSON parser: type: '16' key: 'type'
[0m[95m [1776432795.509055] BSON Parser: [0mBSON parser: int32:
[0m[95m [1776432795.509061] BSON Parser: [0m4
[0m[95m [1776432795.509067] BSON Parser: [0mBSON parser: type: '8' key: 'reliable'
[0m[95m [1776432795.509073] BSON Parser: [0mBSON parser: boolean true
[0m[95m [1776432795.509079] BSON Message: [0mBSON parser: debug .
[0m[95m [1776432795.509085] BSON Message: [0mBSON parser: debug . 0 reliable 
[0m[95m [1776432795.509091] BSON Parser: [0mBSON parser: type: '16' key: 'seq_no'
[0m[95m [1776432795.509097] BSON Parser: [0mBSON parser: int32:
[0m[95m [1776432795.509103] BSON Parser: [0m1
[0m[95m [1776432795.509108] BSON Parser: [0mBSON parser: type: '8' key: 'end_marker'
[0m[95m [1776432795.509114] BSON Parser: [0mBSON parser: boolean true
[0m[95m [1776432795.509120] BSON Message: [0mBSON parser: debug .
[0m[95m [1776432795.509126] BSON Message: [0mBSON parser: debug . 0 end_marker 
[0m[95m [1776432795.509132] BSON Parser: [0mBSON parser: type: '8' key: 'fragmented'
[0m[95m [1776432795.509138] BSON Parser: [0mBSON parser: boolean false
[0m[95m [1776432795.509143] BSON Message: [0mBSON parser: debug .
[0m[95m [1776432795.509149] BSON Message: [0mBSON parser: debug . 0 fragmented 
[0m[95m [1776432795.509155] BSON Parser: [0mBSON parser: type: '8' key: 'utilize_timestamp'
[0m[95m [1776432795.509162] BSON Parser: [0mBSON parser: boolean false
[0m[95m [1776432795.509168] BSON Message: [0mBSON parser: debug .
[0m[95m [1776432795.509174] BSON Message: [0mBSON parser: debug . 0 utilize_timestamp 
[0m[95m [1776432795.509180] BSON Parser: [0mBSON parser: type: '16' key: 'frag_no'
[0m[95m [1776432795.509186] BSON Parser: [0mBSON parser: int32:
[0m[95m [1776432795.509192] BSON Parser: [0m0
[0m[95m [1776432795.509198] BSON Parser: [0mBSON parser: type: '16' key: 'frag_total'
[0m[95m [1776432795.509204] BSON Parser: [0mBSON parser: int32:
[0m[95m [1776432795.509210] BSON Parser: [0m1
[0m[95m [1776432795.509217] BSON Parser: [0mBSON parser: type: '16' key: 'timestamp'
[0m[95m [1776432795.509223] BSON Parser: [0mBSON parser: int32:
[0m[95m [1776432795.509228] BSON Parser: [0m-1206190080
[0m[95m [1776432795.509234] BSON Parser: [0mBSON parser: type: '3' key: 'data'
[0m[95m [1776432795.509240] BSON Parser: [0mBSON parser: object
[0m[95m [1776432795.509246] BSON Parser: [0mParsing client packet
[0m[95m [1776432795.509252] BSON Parser: [0mDocument length: 46 bytes
[0m[95m [1776432795.509258] BSON Parser: [0mBSON parser: type: '16' key: 'sensor_type'
[0m[95m [1776432795.509263] BSON Parser: [0mBSON parser: int32:
[0m[95m [1776432795.509269] BSON Parser: [0m2
[0m[91m [1776432795.509275] BSON Message: [0mInside sensor type parsing.
[91m [1776432795.509279] BSON Message: [0mInside sensor type parsing end.
[95m [1776432795.509283] BSON Parser: [0mBSON parser: type: '2' key: 'sid'
[0m[95m [1776432795.509289] BSON Parser: [0mBSON parser: string
[0m[95m [1776432795.509295] BSON Parser: [0mBSON parser: 8 'device_0'
[0m[91m [1776432795.509301] BSON Message: [0mInside sid parsing
[95m [1776432795.509305] BSON Parser: [0mBSON parser: type: '8' key: 'dev'
[0m[95m [1776432795.509311] BSON Parser: [0mBSON parser: boolean true
[0m[95m [1776432795.509317] BSON Message: [0mBSON parser: debug .
[0m[95m [1776432795.509323] BSON Message: [0mBSON parser: debug . 0 dev 
[0m[95m [1776432795.509328] BSON Parser: [0mBSON parser: return. 46 length document has 46 bytes.
[0m[95m [1776432795.509334] BSON Parser: [0mBSON parser: return. 180 length document has 180 bytes.
[0m[95m [1776432795.509345] Transport: [0mComing to handle fragmentation 2
[0m[91m [1776432795.509351] Client: [0m---before writing in log upd_msg->seq_no= 1
[91m [1776432795.509355] Client: [0m---before writing in log upd_msg->type= 4
[91m [1776432795.509359] Client: [0m---before writing in log upd_msg->frag_no= 0
[91m [1776432795.509363] Client: [0m---before writing in log upd_msg->reliable= 1
[91m [1776432795.509367] Client: [0m---before writing in log upd_msg->data.sensor_type= 2
[91m [1776432795.509371] Client: [0m---before writing in log upd_msg->data.sid= device_0
[91m [1776432795.509376] Client: [0m---after writing in log upd_msg->seq_no = 1
[91m [1776432795.509380] Client: [0m---after writing in log upd_msg->data.sensor_type = 2
[91m [1776432795.509384] Client: [0m---after writing in log upd_msg->reliable = 1
[95m [1776432795.509388] Client: [0mSending acknowledgment.
[0m[95m [1776432795.509394] Client Module: [0m---------Sending Update acknowledgment from client.-----------
[0m[95m [1776432795.509400] BSON Message: [0m-------------Before Serializing Update acknowledgment.--------------
[0m[95m [1776432795.509407] BSON Message: [0m-------------After Serializing Update acknowledgment.--------------
[0m[95m [1776432795.509412] BSON Message: [0m-------------Before Serializing Update acknowledgment.--------------
[0m[95m [1776432795.509418] BSON Message: [0m-------------After Serializing Update acknowledgment.--------------
[0m[95m [1776432795.511894] Transport: [0mReceived 180 bytes
[0m[95m [1776432795.511909] BSON Parser: [0mParsing client packet
[0m[95m [1776432795.511920] BSON Parser: [0mDocument length: 180 bytes
[0m[95m [1776432795.511927] BSON Parser: [0mBSON parser: type: '16' key: 'type'
[0m[95m [1776432795.511935] BSON Parser: [0mBSON parser: int32:
[0m[95m [1776432795.511940] BSON Parser: [0m4
[0m[95m [1776432795.511947] BSON Parser: [0mBSON parser: type: '8' key: 'reliable'
[0m[95m [1776432795.511953] BSON Parser: [0mBSON parser: boolean true
[0m[95m [1776432795.511960] BSON Message: [0mBSON parser: debug .
[0m[95m [1776432795.511966] BSON Message: [0mBSON parser: debug . 0 reliable 
[0m[95m [1776432795.511975] BSON Parser: [0mBSON parser: type: '16' key: 'seq_no'
[0m[95m [1776432795.511981] BSON Parser: [0mBSON parser: int32:
[0m[95m [1776432795.511987] BSON Parser: [0m1
[0m[95m [1776432795.511994] BSON Parser: [0mBSON parser: type: '8' key: 'end_marker'
[0m[95m [1776432795.512001] BSON Parser: [0mBSON parser: boolean true
[0m[95m [1776432795.512017] BSON Message: [0mBSON parser: debug .
[0m[95m [1776432795.512024] BSON Message: [0mBSON parser: debug . 0 end_marker 
[0m[95m [1776432795.512032] BSON Parser: [0mBSON parser: type: '8' key: 'fragmented'
[0m[95m [1776432795.512039] BSON Parser: [0mBSON parser: boolean false
[0m[95m [1776432795.512046] BSON Message: [0mBSON parser: debug .
[0m[95m [1776432795.512055] BSON Message: [0mBSON parser: debug . 0 fragmented 
[0m[95m [1776432795.512061] BSON Parser: [0mBSON parser: type: '8' key: 'utilize_timestamp'
[0m[95m [1776432795.512068] BSON Parser: [0mBSON parser: boolean false
[0m[95m [1776432795.512076] BSON Message: [0mBSON parser: debug .
[0m[95m [1776432795.512083] BSON Message: [0mBSON parser: debug . 0 utilize_timestamp 
[0m[95m [1776432795.512090] BSON Parser: [0mBSON parser: type: '16' key: 'frag_no'
[0m[95m [1776432795.512098] BSON Parser: [0mBSON parser: int32:
[0m[95m [1776432795.512104] BSON Parser: [0m0
[0m[95m [1776432795.512110] BSON Parser: [0mBSON parser: type: '16' key: 'frag_total'
[0m[95m [1776432795.512116] BSON Parser: [0mBSON parser: int32:
[0m[95m [1776432795.512123] BSON Parser: [0m1
[0m[95m [1776432795.512130] BSON Parser: [0mBSON parser: type: '16' key: 'timestamp'
[0m[95m [1776432795.512137] BSON Parser: [0mBSON parser: int32:
[0m[95m [1776432795.512145] BSON Parser: [0m-1206190080
[0m[95m [1776432795.512152] BSON Parser: [0mBSON parser: type: '3' key: 'data'
[0m[95m [1776432795.512159] BSON Parser: [0mBSON parser: object
[0m[95m [1776432795.512174] BSON Parser: [0mParsing client packet
[0m[95m [1776432795.512181] BSON Parser: [0mDocument length: 46 bytes
[0m[95m [1776432795.512188] BSON Parser: [0mBSON parser: type: '16' key: 'sensor_type'
[0m[95m [1776432795.512195] BSON Parser: [0mBSON parser: int32:
[0m[95m [1776432795.512203] BSON Parser: [0m2
[0m[91m [1776432795.512209] BSON Message: [0mInside sensor type parsing.
[91m [1776432795.512213] BSON Message: [0mInside sensor type parsing end.
[95m [1776432795.512218] BSON Parser: [0mBSON parser: type: '2' key: 'sid'
[0m[95m [1776432795.512225] BSON Parser: [0mBSON parser: string
[0m[95m [1776432795.512233] BSON Parser: [0mBSON parser: 8 'device_0'
[0m[91m [1776432795.512240] BSON Message: [0mInside sid parsing
[95m [1776432795.512244] BSON Parser: [0mBSON parser: type: '8' key: 'dev'
[0m[95m [1776432795.512251] BSON Parser: [0mBSON parser: boolean true
[0m[95m [1776432795.512260] BSON Message: [0mBSON parser: debug .
[0m[95m [1776432795.512267] BSON Message: [0mBSON parser: debug . 0 dev 
[0m[95m [1776432795.512275] BSON Parser: [0mBSON parser: return. 46 length document has 46 bytes.
[0m[95m [1776432795.512282] BSON Parser: [0mBSON parser: return. 180 length document has 180 bytes.
[0m[95m [1776432795.512290] Transport: [0mComing to handle fragmentation 2
[0m[91m [1776432795.512298] Client: [0m---before writing in log upd_msg->seq_no= 1
[91m [1776432795.512303] Client: [0m---before writing in log upd_msg->type= 4
[91m [1776432795.512306] Client: [0m---before writing in log upd_msg->frag_no= 0
[91m [1776432795.512310] Client: [0m---before writing in log upd_msg->reliable= 1
[91m [1776432795.512313] Client: [0m---before writing in log upd_msg->data.sensor_type= 2
[91m [1776432795.512316] Client: [0m---before writing in log upd_msg->data.sid= device_0
[91m [1776432795.512320] Client: [0m---after writing in log upd_msg->seq_no = 1
[91m [1776432795.512323] Client: [0m---after writing in log upd_msg->data.sensor_type = 2
[91m [1776432795.512326] Client: [0m---after writing in log upd_msg->reliable = 1
[95m [1776432795.512329] Client: [0mSending acknowledgment.
[0m[95m [1776432795.512334] Client Module: [0m---------Sending Update acknowledgment from client.-----------
[0m[95m [1776432795.512339] BSON Message: [0m-------------Before Serializing Update acknowledgment.--------------
[0m[95m [1776432795.512344] BSON Message: [0m-------------After Serializing Update acknowledgment.--------------
[0m[95m [1776432795.512348] BSON Message: [0m-------------Before Serializing Update acknowledgment.--------------
[0m[95m [1776432795.512353] BSON Message: [0m-------------After Serializing Update acknowledgment.--------------
[0m[95m [1776432796.192238] Transport: [0mReceived 165 bytes
[0m[95m [1776432796.192250] BSON Parser: [0mParsing client packet
[0m[95m [1776432796.192256] BSON Parser: [0mDocument length: 165 bytes
[0m[95m [1776432796.192263] BSON Parser: [0mBSON parser: type: '16' key: 'type'
[0m[95m [1776432796.192269] BSON Parser: [0mBSON parser: int32:
[0m[95m [1776432796.192275] BSON Parser: [0m4
[0m[95m [1776432796.192281] BSON Parser: [0mBSON parser: type: '8' key: 'reliable'
[0m[95m [1776432796.192286] BSON Parser: [0mBSON parser: boolean false
[0m[95m [1776432796.192292] BSON Message: [0mBSON parser: debug .
[0m[95m [1776432796.192298] BSON Message: [0mBSON parser: debug . 0 reliable 
[0m[95m [1776432796.192304] BSON Parser: [0mBSON parser: type: '16' key: 'seq_no'
[0m[95m [1776432796.192309] BSON Parser: [0mBSON parser: int32:
[0m[95m [1776432796.192317] BSON Parser: [0m2
[0m[95m [1776432796.192323] BSON Parser: [0mBSON parser: type: '8' key: 'end_marker'
[0m[95m [1776432796.192329] BSON Parser: [0mBSON parser: boolean true
[0m[95m [1776432796.192335] BSON Message: [0mBSON parser: debug .
[0m[95m [1776432796.192340] BSON Message: [0mBSON parser: debug . 0 end_marker 
[0m[95m [1776432796.192346] BSON Parser: [0mBSON parser: type: '8' key: 'fragmented'
[0m[95m [1776432796.192355] BSON Parser: [0mBSON parser: boolean false
[0m[95m [1776432796.192360] BSON Message: [0mBSON parser: debug .
[0m[95m [1776432796.192366] BSON Message: [0mBSON parser: debug . 0 fragmented 
[0m[95m [1776432796.192372] BSON Parser: [0mBSON parser: type: '8' key: 'utilize_timestamp'
[0m[95m [1776432796.192379] BSON Parser: [0mBSON parser: boolean false
[0m[95m [1776432796.192385] BSON Message: [0mBSON parser: debug .
[0m[95m [1776432796.192390] BSON Message: [0mBSON parser: debug . 0 utilize_timestamp 
[0m[95m [1776432796.192397] BSON Parser: [0mBSON parser: type: '16' key: 'frag_no'
[0m[95m [1776432796.192402] BSON Parser: [0mBSON parser: int32:
[0m[95m [1776432796.192409] BSON Parser: [0m0
[0m[95m [1776432796.192414] BSON Parser: [0mBSON parser: type: '16' key: 'frag_total'
[0m[95m [1776432796.192421] BSON Parser: [0mBSON parser: int32:
[0m[95m [1776432796.192426] BSON Parser: [0m1
[0m[95m [1776432796.192432] BSON Parser: [0mBSON parser: type: '3' key: 'data'
[0m[95m [1776432796.192438] BSON Parser: [0mBSON parser: object
[0m[95m [1776432796.192446] BSON Parser: [0mParsing client packet
[0m[95m [1776432796.192451] BSON Parser: [0mDocument length: 46 bytes
[0m[95m [1776432796.192458] BSON Parser: [0mBSON parser: type: '16' key: 'sensor_type'
[0m[95m [1776432796.192463] BSON Parser: [0mBSON parser: int32:
[0m[95m [1776432796.192469] BSON Parser: [0m2
[0m[91m [1776432796.192474] BSON Message: [0mInside sensor type parsing.
[91m [1776432796.192478] BSON Message: [0mInside sensor type parsing end.
[95m [1776432796.192482] BSON Parser: [0mBSON parser: type: '2' key: 'sid'
[0m[95m [1776432796.192487] BSON Parser: [0mBSON parser: string
[0m[95m [1776432796.192493] BSON Parser: [0mBSON parser: 8 'device_0'
[0m[91m [1776432796.192500] BSON Message: [0mInside sid parsing
[95m [1776432796.192504] BSON Parser: [0mBSON parser: type: '8' key: 'dev'
[0m[95m [1776432796.192510] BSON Parser: [0mBSON parser: boolean true
[0m[95m [1776432796.192516] BSON Message: [0mBSON parser: debug .
[0m[95m [1776432796.192523] BSON Message: [0mBSON parser: debug . 0 dev 
[0m[95m [1776432796.192530] BSON Parser: [0mBSON parser: return. 46 length document has 46 bytes.
[0m[95m [1776432796.192535] BSON Parser: [0mBSON parser: return. 165 length document has 165 bytes.
[0m[95m [1776432796.192541] Transport: [0mComing to handle fragmentation 2
[0m[91m [1776432796.192548] Client: [0m---before writing in log upd_msg->seq_no= 2
[91m [1776432796.192552] Client: [0m---before writing in log upd_msg->type= 4
[91m [1776432796.192556] Client: [0m---before writing in log upd_msg->frag_no= 0
[91m [1776432796.192560] Client: [0m---before writing in log upd_msg->reliable= 0
[91m [1776432796.192564] Client: [0m---before writing in log upd_msg->data.sensor_type= 2
[91m [1776432796.192569] Client: [0m---before writing in log upd_msg->data.sid= device_0
[91m [1776432796.192574] Client: [0m---after writing in log upd_msg->seq_no = 2
[91m [1776432796.192579] Client: [0m---after writing in log upd_msg->data.sensor_type = 2
[91m [1776432796.192583] Client: [0m---after writing in log upd_msg->reliable = 0
[95m [1776432798.147028] Transport: [0mReceived 165 bytes
[0m[95m [1776432798.147040] BSON Parser: [0mParsing client packet
[0m[95m [1776432798.147047] BSON Parser: [0mDocument length: 165 bytes
[0m[95m [1776432798.147053] BSON Parser: [0mBSON parser: type: '16' key: 'type'
[0m[95m [1776432798.147058] BSON Parser: [0mBSON parser: int32:
[0m[95m [1776432798.147063] BSON Parser: [0m4
[0m[95m [1776432798.147070] BSON Parser: [0mBSON parser: type: '8' key: 'reliable'
[0m[95m [1776432798.147075] BSON Parser: [0mBSON parser: boolean false
[0m[95m [1776432798.147081] BSON Message: [0mBSON parser: debug .
[0m[95m [1776432798.147087] BSON Message: [0mBSON parser: debug . 0 reliable 
[0m[95m [1776432798.147092] BSON Parser: [0mBSON parser: type: '16' key: 'seq_no'
[0m[95m [1776432798.147102] BSON Parser: [0mBSON parser: int32:
[0m[95m [1776432798.147107] BSON Parser: [0m3
[0m[95m [1776432798.147114] BSON Parser: [0mBSON parser: type: '8' key: 'end_marker'
[0m[95m [1776432798.147119] BSON Parser: [0mBSON parser: boolean true
[0m[95m [1776432798.147125] BSON Message: [0mBSON parser: debug .
[0m[95m [1776432798.147131] BSON Message: [0mBSON parser: debug . 0 end_marker 
[0m[95m [1776432798.147137] BSON Parser: [0mBSON parser: type: '8' key: 'fragmented'
[0m[95m [1776432798.147143] BSON Parser: [0mBSON parser: boolean false
[0m[95m [1776432798.147149] BSON Message: [0mBSON parser: debug .
[0m[95m [1776432798.147155] BSON Message: [0mBSON parser: debug . 0 fragmented 
[0m[95m [1776432798.147161] BSON Parser: [0mBSON parser: type: '8' key: 'utilize_timestamp'
[0m[95m [1776432798.147167] BSON Parser: [0mBSON parser: boolean false
[0m[95m [1776432798.147175] BSON Message: [0mBSON parser: debug .
[0m[95m [1776432798.147180] BSON Message: [0mBSON parser: debug . 0 utilize_timestamp 
[0m[95m [1776432798.147187] BSON Parser: [0mBSON parser: type: '16' key: 'frag_no'
[0m[95m [1776432798.147194] BSON Parser: [0mBSON parser: int32:
[0m[95m [1776432798.147200] BSON Parser: [0m0
[0m[95m [1776432798.147206] BSON Parser: [0mBSON parser: type: '16' key: 'frag_total'
[0m[95m [1776432798.147211] BSON Parser: [0mBSON parser: int32:
[0m[95m [1776432798.147217] BSON Parser: [0m1
[0m[95m [1776432798.147223] BSON Parser: [0mBSON parser: type: '3' key: 'data'
[0m[95m [1776432798.147228] BSON Parser: [0mBSON parser: object
[0m[95m [1776432798.147235] BSON Parser: [0mParsing client packet
[0m[95m [1776432798.147240] BSON Parser: [0mDocument length: 46 bytes
[0m[95m [1776432798.147247] BSON Parser: [0mBSON parser: type: '16' key: 'sensor_type'
[0m[95m [1776432798.147252] BSON Parser: [0mBSON parser: int32:
[0m[95m [1776432798.147258] BSON Parser: [0m2
[0m[91m [1776432798.147264] BSON Message: [0mInside sensor type parsing.
[91m [1776432798.147268] BSON Message: [0mInside sensor type parsing end.
[95m [1776432798.147271] BSON Parser: [0mBSON parser: type: '2' key: 'sid'
[0m[95m [1776432798.147277] BSON Parser: [0mBSON parser: string
[0m[95m [1776432798.147283] BSON Parser: [0mBSON parser: 8 'device_0'
[0m[91m [1776432798.147289] BSON Message: [0mInside sid parsing
[95m [1776432798.147293] BSON Parser: [0mBSON parser: type: '8' key: 'dev'
[0m[95m [1776432798.147298] BSON Parser: [0mBSON parser: boolean true
[0m[95m [1776432798.147306] BSON Message: [0mBSON parser: debug .
[0m[95m [1776432798.147311] BSON Message: [0mBSON parser: debug . 0 dev 
[0m[95m [1776432798.147317] BSON Parser: [0mBSON parser: return. 46 length document has 46 bytes.
[0m[95m [1776432798.147324] BSON Parser: [0mBSON parser: return. 165 length document has 165 bytes.
[0m[95m [1776432798.147330] Transport: [0mComing to handle fragmentation 2
[0m[91m [1776432798.147336] Client: [0m---before writing in log upd_msg->seq_no= 3
[91m [1776432798.147340] Client: [0m---before writing in log upd_msg->type= 4
[91m [1776432798.147343] Client: [0m---before writing in log upd_msg->frag_no= 0
[91m [1776432798.147347] Client: [0m---before writing in log upd_msg->reliable= 0
[91m [1776432798.147352] Client: [0m---before writing in log upd_msg->data.sensor_type= 2
[91m [1776432798.147356] Client: [0m---before writing in log upd_msg->data.sid= device_0
[91m [1776432798.147361] Client: [0m---after writing in log upd_msg->seq_no = 3
[91m [1776432798.147365] Client: [0m---after writing in log upd_msg->data.sensor_type = 2
[91m [1776432798.147370] Client: [0m---after writing in log upd_msg->reliable = 0
[95m [1776432798.702948] Client: [0mTimeout reached, sending keep_alive.
[0m[95m [1776432799.645939] Transport: [0mReceived 165 bytes
[0m[95m [1776432799.645949] BSON Parser: [0mParsing client packet
[0m[95m [1776432799.645955] BSON Parser: [0mDocument length: 165 bytes
[0m[95m [1776432799.645960] BSON Parser: [0mBSON parser: type: '16' key: 'type'
[0m[95m [1776432799.645969] BSON Parser: [0mBSON parser: int32:
[0m[95m [1776432799.645975] BSON Parser: [0m4
[0m[95m [1776432799.645981] BSON Parser: [0mBSON parser: type: '8' key: 'reliable'
[0m[95m [1776432799.645986] BSON Parser: [0mBSON parser: boolean false
[0m[95m [1776432799.645992] BSON Message: [0mBSON parser: debug .
[0m[95m [1776432799.645998] BSON Message: [0mBSON parser: debug . 0 reliable 
[0m[95m [1776432799.646004] BSON Parser: [0mBSON parser: type: '16' key: 'seq_no'
[0m[95m [1776432799.646018] BSON Parser: [0mBSON parser: int32:
[0m[95m [1776432799.646024] BSON Parser: [0m4
[0m[95m [1776432799.646030] BSON Parser: [0mBSON parser: type: '8' key: 'end_marker'
[0m[95m [1776432799.646036] BSON Parser: [0mBSON parser: boolean true
[0m[95m [1776432799.646041] BSON Message: [0mBSON parser: debug .
[0m[95m [1776432799.646048] BSON Message: [0mBSON parser: debug . 0 end_marker 
[0m[95m [1776432799.646054] BSON Parser: [0mBSON parser: type: '8' key: 'fragmented'
[0m[95m [1776432799.646060] BSON Parser: [0mBSON parser: boolean false
[0m[95m [1776432799.646066] BSON Message: [0mBSON parser: debug .
[0m[95m [1776432799.646072] BSON Message: [0mBSON parser: debug . 0 fragmented 
[0m[95m [1776432799.646078] BSON Parser: [0mBSON parser: type: '8' key: 'utilize_timestamp'
[0m[95m [1776432799.646084] BSON Parser: [0mBSON parser: boolean false
[0m[95m [1776432799.646089] BSON Message: [0mBSON parser: debug .
[0m[95m [1776432799.646095] BSON Message: [0mBSON parser: debug . 0 utilize_timestamp 
[0m[95m [1776432799.646101] BSON Parser: [0mBSON parser: type: '16' key: 'frag_no'
[0m[95m [1776432799.646108] BSON Parser: [0mBSON parser: int32:
[0m[95m [1776432799.646114] BSON Parser: [0m0
[0m[95m [1776432799.646120] BSON Parser: [0mBSON parser: type: '16' key: 'frag_total'
[0m[95m [1776432799.646125] BSON Parser: [0mBSON parser: int32:
[0m[95m [1776432799.646131] BSON Parser: [0m1
[0m[95m [1776432799.646137] BSON Parser: [0mBSON parser: type: '3' key: 'data'
[0m[95m [1776432799.646143] BSON Parser: [0mBSON parser: object
[0m[95m [1776432799.646148] BSON Parser: [0mParsing client packet
[0m[95m [1776432799.646154] BSON Parser: [0mDocument length: 46 bytes
[0m[95m [1776432799.646160] BSON Parser: [0mBSON parser: type: '16' key: 'sensor_type'
[0m[95m [1776432799.646166] BSON Parser: [0mBSON parser: int32:
[0m[95m [1776432799.646171] BSON Parser: [0m2
[0m[91m [1776432799.646179] BSON Message: [0mInside sensor type parsing.
[91m [1776432799.646183] BSON Message: [0mInside sensor type parsing end.
[95m [1776432799.646187] BSON Parser: [0mBSON parser: type: '2' key: 'sid'
[0m[95m [1776432799.646193] BSON Parser: [0mBSON parser: string
[0m[95m [1776432799.646199] BSON Parser: [0mBSON parser: 8 'device_0'
[0m[91m [1776432799.646204] BSON Message: [0mInside sid parsing
[95m [1776432799.646209] BSON Parser: [0mBSON parser: type: '8' key: 'dev'
[0m[95m [1776432799.646214] BSON Parser: [0mBSON parser: boolean true
[0m[95m [1776432799.646220] BSON Message: [0mBSON parser: debug .
[0m[95m [1776432799.646225] BSON Message: [0mBSON parser: debug . 0 dev 
[0m[95m [1776432799.646231] BSON Parser: [0mBSON parser: return. 46 length document has 46 bytes.
[0m[95m [1776432799.646236] BSON Parser: [0mBSON parser: return. 165 length document has 165 bytes.
[0m[95m [1776432799.646242] Transport: [0mComing to handle fragmentation 2
[0m[91m [1776432799.646248] Client: [0m---before writing in log upd_msg->seq_no= 4
[91m [1776432799.646252] Client: [0m---before writing in log upd_msg->type= 4
[91m [1776432799.646256] Client: [0m---before writing in log upd_msg->frag_no= 0
[91m [1776432799.646259] Client: [0m---before writing in log upd_msg->reliable= 0
[91m [1776432799.646263] Client: [0m---before writing in log upd_msg->data.sensor_type= 2
[91m [1776432799.646267] Client: [0m---before writing in log upd_msg->data.sid= device_0
[91m [1776432799.646271] Client: [0m---after writing in log upd_msg->seq_no = 4
[91m [1776432799.646280] Client: [0m---after writing in log upd_msg->data.sensor_type = 2
[91m [1776432799.646284] Client: [0m---after writing in log upd_msg->reliable = 0
[95m [1776432799.743161] Transport: [0mReceived 165 bytes
[0m[95m [1776432799.743173] BSON Parser: [0mParsing client packet
[0m[95m [1776432799.743179] BSON Parser: [0mDocument length: 165 bytes
[0m[95m [1776432799.743185] BSON Parser: [0mBSON parser: type: '16' key: 'type'
[0m[95m [1776432799.743191] BSON Parser: [0mBSON parser: int32:
[0m[95m [1776432799.743197] BSON Parser: [0m4
[0m[95m [1776432799.743203] BSON Parser: [0mBSON parser: type: '8' key: 'reliable'
[0m[95m [1776432799.743210] BSON Parser: [0mBSON parser: boolean false
[0m[95m [1776432799.743215] BSON Message: [0mBSON parser: debug .
[0m[95m [1776432799.743221] BSON Message: [0mBSON parser: debug . 0 reliable 
[0m[95m [1776432799.743227] BSON Parser: [0mBSON parser: type: '16' key: 'seq_no'
[0m[95m [1776432799.743232] BSON Parser: [0mBSON parser: int32:
[0m[95m [1776432799.743240] BSON Parser: [0m5
[0m[95m [1776432799.743247] BSON Parser: [0mBSON parser: type: '8' key: 'end_marker'
[0m[95m [1776432799.743253] BSON Parser: [0mBSON parser: boolean true
[0m[95m [1776432799.743259] BSON Message: [0mBSON parser: debug .
[0m[95m [1776432799.743265] BSON Message: [0mBSON parser: debug . 0 end_marker 
[0m[95m [1776432799.743271] BSON Parser: [0mBSON parser: type: '8' key: 'fragmented'
[0m[95m [1776432799.743277] BSON Parser: [0mBSON parser: boolean false
[0m[95m [1776432799.743283] BSON Message: [0mBSON parser: debug .
[0m[95m [1776432799.743289] BSON Message: [0mBSON parser: debug . 0 fragmented 
[0m[95m [1776432799.743295] BSON Parser: [0mBSON parser: type: '8' key: 'utilize_timestamp'
[0m[95m [1776432799.743301] BSON Parser: [0mBSON parser: boolean false
[0m[95m [1776432799.743307] BSON Message: [0mBSON parser: debug .
[0m[95m [1776432799.743313] BSON Message: [0mBSON parser: debug . 0 utilize_timestamp 
[0m[95m [1776432799.743319] BSON Parser: [0mBSON parser: type: '16' key: 'frag_no'
[0m[95m [1776432799.743325] BSON Parser: [0mBSON parser: int32:
[0m[95m [1776432799.743331] BSON Parser: [0m0
[0m[95m [1776432799.743337] BSON Parser: [0mBSON parser: type: '16' key: 'frag_total'
[0m[95m [1776432799.743343] BSON Parser: [0mBSON parser: int32:
[0m[95m [1776432799.743349] BSON Parser: [0m1
[0m[95m [1776432799.743355] BSON Parser: [0mBSON parser: type: '3' key: 'data'
[0m[95m [1776432799.743361] BSON Parser: [0mBSON parser: object
[0m[95m [1776432799.743367] BSON Parser: [0mParsing client packet
[0m[95m [1776432799.743374] BSON Parser: [0mDocument length: 46 bytes
[0m[95m [1776432799.743380] BSON Parser: [0mBSON parser: type: '16' key: 'sensor_type'
[0m[95m [1776432799.743386] BSON Parser: [0mBSON parser: int32:
[0m[95m [1776432799.743392] BSON Parser: [0m2
[0m[91m [1776432799.743398] BSON Message: [0mInside sensor type parsing.
[91m [1776432799.743403] BSON Message: [0mInside sensor type parsing end.
[95m [1776432799.743407] BSON Parser: [0mBSON parser: type: '2' key: 'sid'
[0m[95m [1776432799.743413] BSON Parser: [0mBSON parser: string
[0m[95m [1776432799.743419] BSON Parser: [0mBSON parser: 8 'device_0'
[0m[91m [1776432799.743425] BSON Message: [0mInside sid parsing
[95m [1776432799.743429] BSON Parser: [0mBSON parser: type: '8' key: 'dev'
[0m[95m [1776432799.743436] BSON Parser: [0mBSON parser: boolean true
[0m[95m [1776432799.743442] BSON Message: [0mBSON parser: debug .
[0m[95m [1776432799.743448] BSON Message: [0mBSON parser: debug . 0 dev 
[0m[95m [1776432799.743455] BSON Parser: [0mBSON parser: return. 46 length document has 46 bytes.
[0m[95m [1776432799.743461] BSON Parser: [0mBSON parser: return. 165 length document has 165 bytes.
[0m[95m [1776432799.743468] Transport: [0mComing to handle fragmentation 2
[0m[91m [1776432799.743474] Client: [0m---before writing in log upd_msg->seq_no= 5
[91m [1776432799.743478] Client: [0m---before writing in log upd_msg->type= 4
[91m [1776432799.743486] Client: [0m---before writing in log upd_msg->frag_no= 0
[91m [1776432799.743489] Client: [0m---before writing in log upd_msg->reliable= 0
[91m [1776432799.743494] Client: [0m---before writing in log upd_msg->data.sensor_type= 2
[91m [1776432799.743498] Client: [0m---before writing in log upd_msg->data.sid= device_0
[91m [1776432799.743502] Client: [0m---after writing in log upd_msg->seq_no = 5
[91m [1776432799.743508] Client: [0m---after writing in log upd_msg->data.sensor_type = 2
[91m [1776432799.743512] Client: [0m---after writing in log upd_msg->reliable = 0
[95m [1776432802.605863] Transport: [0mReceived 165 bytes
[0m[95m [1776432802.605877] BSON Parser: [0mParsing client packet
[0m[95m [1776432802.605883] BSON Parser: [0mDocument length: 165 bytes
[0m[95m [1776432802.605889] BSON Parser: [0mBSON parser: type: '16' key: 'type'
[0m[95m [1776432802.605895] BSON Parser: [0mBSON parser: int32:
[0m[95m [1776432802.605901] BSON Parser: [0m4
[0m[95m [1776432802.605907] BSON Parser: [0mBSON parser: type: '8' key: 'reliable'
[0m[95m [1776432802.605913] BSON Parser: [0mBSON parser: boolean false
[0m[95m [1776432802.605918] BSON Message: [0mBSON parser: debug .
[0m[95m [1776432802.605926] BSON Message: [0mBSON parser: debug . 0 reliable 
[0m[95m [1776432802.605932] BSON Parser: [0mBSON parser: type: '16' key: 'seq_no'
[0m[95m [1776432802.605938] BSON Parser: [0mBSON parser: int32:
[0m[95m [1776432802.605944] BSON Parser: [0m6
[0m[95m [1776432802.605951] BSON Parser: [0mBSON parser: type: '8' key: 'end_marker'
[0m[95m [1776432802.605957] BSON Parser: [0mBSON parser: boolean true
[0m[95m [1776432802.605962] BSON Message: [0mBSON parser: debug .
[0m[95m [1776432802.605968] BSON Message: [0mBSON parser: debug . 0 end_marker 
[0m[95m [1776432802.605973] BSON Parser: [0mBSON parser: type: '8' key: 'fragmented'
[0m[95m [1776432802.605979] BSON Parser: [0mBSON parser: boolean false
[0m[95m [1776432802.605985] BSON Message: [0mBSON parser: debug .
[0m[95m [1776432802.605991] BSON Message: [0mBSON parser: debug . 0 fragmented 
[0m[95m [1776432802.605997] BSON Parser: [0mBSON parser: type: '8' key: 'utilize_timestamp'
[0m[95m [1776432802.606002] BSON Parser: [0mBSON parser: boolean false
[0m[95m [1776432802.606015] BSON Message: [0mBSON parser: debug .
[0m[95m [1776432802.606022] BSON Message: [0mBSON parser: debug . 0 utilize_timestamp 
[0m[95m [1776432802.606029] BSON Parser: [0mBSON parser: type: '16' key: 'frag_no'
[0m[95m [1776432802.606035] BSON Parser: [0mBSON parser: int32:
[0m[95m [1776432802.606040] BSON Parser: [0m0
[0m[95m [1776432802.606047] BSON Parser: [0mBSON parser: type: '16' key: 'frag_total'
[0m[95m [1776432802.606052] BSON Parser: [0mBSON parser: int32:
[0m[95m [1776432802.606060] BSON Parser: [0m1
[0m[95m [1776432802.606066] BSON Parser: [0mBSON parser: type: '3' key: 'data'
[0m[95m [1776432802.606072] BSON Parser: [0mBSON parser: object
[0m[95m [1776432802.606078] BSON Parser: [0mParsing client packet
[0m[95m [1776432802.606083] BSON Parser: [0mDocument length: 46 bytes
[0m[95m [1776432802.606089] BSON Parser: [0mBSON parser: type: '16' key: 'sensor_type'
[0m[95m [1776432802.606095] BSON Parser: [0mBSON parser: int32:
[0m[95m [1776432802.606101] BSON Parser: [0m2
[0m[91m [1776432802.606107] BSON Message: [0mInside sensor type parsing.
[91m [1776432802.606112] BSON Message: [0mInside sensor type parsing end.
[95m [1776432802.606116] BSON Parser: [0mBSON parser: type: '2' key: 'sid'
[0m[95m [1776432802.606122] BSON Parser: [0mBSON parser: string
[0m[95m [1776432802.606128] BSON Parser: [0mBSON parser: 8 'device_0'
[0m[91m [1776432802.606133] BSON Message: [0mInside sid parsing
[95m [1776432802.606137] BSON Parser: [0mBSON parser: type: '8' key: 'dev'
[0m[95m [1776432802.606143] BSON Parser: [0mBSON parser: boolean false
[0m[95m [1776432802.606149] BSON Message: [0mBSON parser: debug .
[0m[95m [1776432802.606158] BSON Message: [0mBSON parser: debug . 0 dev 
[0m[95m [1776432802.606164] BSON Parser: [0mBSON parser: return. 46 length document has 46 bytes.
[0m[95m [1776432802.606170] BSON Parser: [0mBSON parser: return. 165 length document has 165 bytes.
[0m[95m [1776432802.606176] Transport: [0mComing to handle fragmentation 2
[0m[91m [1776432802.606183] Client: [0m---before writing in log upd_msg->seq_no= 6
[91m [1776432802.606187] Client: [0m---before writing in log upd_msg->type= 4
[91m [1776432802.606192] Client: [0m---before writing in log upd_msg->frag_no= 0
[91m [1776432802.606196] Client: [0m---before writing in log upd_msg->reliable= 0
[91m [1776432802.606200] Client: [0m---before writing in log upd_msg->data.sensor_type= 2
[91m [1776432802.606204] Client: [0m---before writing in log upd_msg->data.sid= device_0
[91m [1776432802.606208] Client: [0m---after writing in log upd_msg->seq_no = 6
[91m [1776432802.606212] Client: [0m---after writing in log upd_msg->data.sensor_type = 2
[91m [1776432802.606216] Client: [0m---after writing in log upd_msg->reliable = 0
[95m [1776432803.354581] Transport: [0mReceived 165 bytes
[0m[95m [1776432803.354596] BSON Parser: [0mParsing client packet
[0m[95m [1776432803.354605] BSON Parser: [0mDocument length: 165 bytes
[0m[95m [1776432803.354615] BSON Parser: [0mBSON parser: type: '16' key: 'type'
[0m[95m [1776432803.354623] BSON Parser: [0mBSON parser: int32:
[0m[95m [1776432803.354632] BSON Parser: [0m4
[0m[95m [1776432803.354642] BSON Parser: [0mBSON parser: type: '8' key: 'reliable'
[0m[95m [1776432803.354651] BSON Parser: [0mBSON parser: boolean false
[0m[95m [1776432803.354660] BSON Message: [0mBSON parser: debug .
[0m[95m [1776432803.354670] BSON Message: [0mBSON parser: debug . 0 reliable 
[0m[95m [1776432803.354679] BSON Parser: [0mBSON parser: type: '16' key: 'seq_no'
[0m[95m [1776432803.354688] BSON Parser: [0mBSON parser: int32:
[0m[95m [1776432803.354697] BSON Parser: [0m7
[0m[95m [1776432803.354706] BSON Parser: [0mBSON parser: type: '8' key: 'end_marker'
[0m[95m [1776432803.354716] BSON Parser: [0mBSON parser: boolean true
[0m[95m [1776432803.354725] BSON Message: [0mBSON parser: debug .
[0m[95m [1776432803.354736] BSON Message: [0mBSON parser: debug . 0 end_marker 
[0m[95m [1776432803.354745] BSON Parser: [0mBSON parser: type: '8' key: 'fragmented'
[0m[95m [1776432803.354755] BSON Parser: [0mBSON parser: boolean false
[0m[95m [1776432803.354764] BSON Message: [0mBSON parser: debug .
[0m[95m [1776432803.354773] BSON Message: [0mBSON parser: debug . 0 fragmented 
[0m[95m [1776432803.354783] BSON Parser: [0mBSON parser: type: '8' key: 'utilize_timestamp'
[0m[95m [1776432803.354792] BSON Parser: [0mBSON parser: boolean false
[0m[95m [1776432803.354802] BSON Message: [0mBSON parser: debug .
[0m[95m [1776432803.354811] BSON Message: [0mBSON parser: debug . 0 utilize_timestamp 
[0m[95m [1776432803.354821] BSON Parser: [0mBSON parser: type: '16' key: 'frag_no'
[0m[95m [1776432803.354831] BSON Parser: [0mBSON parser: int32:
[0m[95m [1776432803.354840] BSON Parser: [0m0
[0m[95m [1776432803.354850] BSON Parser: [0mBSON parser: type: '16' key: 'frag_total'
[0m[95m [1776432803.354859] BSON Parser: [0mBSON parser: int32:
[0m[95m [1776432803.354868] BSON Parser: [0m1
[0m[95m [1776432803.354877] BSON Parser: [0mBSON parser: type: '3' key: 'data'
[0m[95m [1776432803.354886] BSON Parser: [0mBSON parser: object
[0m[95m [1776432803.354895] BSON Parser: [0mParsing client packet
[0m[95m [1776432803.354904] BSON Parser: [0mDocument length: 46 bytes
[0m[95m [1776432803.354915] BSON Parser: [0mBSON parser: type: '16' key: 'sensor_type'
[0m[95m [1776432803.354924] BSON Parser: [0mBSON parser: int32:
[0m[95m [1776432803.354935] BSON Parser: [0m2
[0m[91m [1776432803.354944] BSON Message: [0mInside sensor type parsing.
[91m [1776432803.354951] BSON Message: [0mInside sensor type parsing end.
[95m [1776432803.354957] BSON Parser: [0mBSON parser: type: '2' key: 'sid'
[0m[95m [1776432803.354968] BSON Parser: [0mBSON parser: string
[0m[95m [1776432803.354973] BSON Parser: [0mBSON parser: 8 'device_0'
[0m[91m [1776432803.354979] BSON Message: [0mInside sid parsing
[95m [1776432803.354983] BSON Parser: [0mBSON parser: type: '8' key: 'dev'
[0m[95m [1776432803.354989] BSON Parser: [0mBSON parser: boolean false
[0m[95m [1776432803.354995] BSON Message: [0mBSON parser: debug .
[0m[95m [1776432803.355001] BSON Message: [0mBSON parser: debug . 0 dev 
[0m[95m [1776432803.355043] BSON Parser: [0mBSON parser: return. 46 length document has 46 bytes.
[0m[95m [1776432803.355051] BSON Parser: [0mBSON parser: return. 165 length document has 165 bytes.
[0m[95m [1776432803.355057] Transport: [0mComing to handle fragmentation 2
[0m[91m [1776432803.355063] Client: [0m---before writing in log upd_msg->seq_no= 7
[91m [1776432803.355067] Client: [0m---before writing in log upd_msg->type= 4
[91m [1776432803.355070] Client: [0m---before writing in log upd_msg->frag_no= 0
[91m [1776432803.355074] Client: [0m---before writing in log upd_msg->reliable= 0
[91m [1776432803.355078] Client: [0m---before writing in log upd_msg->data.sensor_type= 2
[91m [1776432803.355082] Client: [0m---before writing in log upd_msg->data.sid= device_0
[91m [1776432803.355087] Client: [0m---after writing in log upd_msg->seq_no = 7
[91m [1776432803.355091] Client: [0m---after writing in log upd_msg->data.sensor_type = 2
[91m [1776432803.355095] Client: [0m---after writing in log upd_msg->reliable = 0
[95m [1776432803.707465] Client: [0mTimeout reached, sending keep_alive.
[0m[95m [1776432803.981018] Transport: [0mReceived 165 bytes
[0m[95m [1776432803.981030] BSON Parser: [0mParsing client packet
[0m[95m [1776432803.981036] BSON Parser: [0mDocument length: 165 bytes
[0m[95m [1776432803.981042] BSON Parser: [0mBSON parser: type: '16' key: 'type'
[0m[95m [1776432803.981048] BSON Parser: [0mBSON parser: int32:
[0m[95m [1776432803.981054] BSON Parser: [0m4
[0m[95m [1776432803.981060] BSON Parser: [0mBSON parser: type: '8' key: 'reliable'
[0m[95m [1776432803.981066] BSON Parser: [0mBSON parser: boolean false
[0m[95m [1776432803.981071] BSON Message: [0mBSON parser: debug .
[0m[95m [1776432803.981077] BSON Message: [0mBSON parser: debug . 0 reliable 
[0m[95m [1776432803.981083] BSON Parser: [0mBSON parser: type: '16' key: 'seq_no'
[0m[95m [1776432803.981089] BSON Parser: [0mBSON parser: int32:
[0m[95m [1776432803.981095] BSON Parser: [0m8
[0m[95m [1776432803.981101] BSON Parser: [0mBSON parser: type: '8' key: 'end_marker'
[0m[95m [1776432803.981106] BSON Parser: [0mBSON parser: boolean true
[0m[95m [1776432803.981112] BSON Message: [0mBSON parser: debug .
[0m[95m [1776432803.981118] BSON Message: [0mBSON parser: debug . 0 end_marker 
[0m[95m [1776432803.981124] BSON Parser: [0mBSON parser: type: '8' key: 'fragmented'
[0m[95m [1776432803.981129] BSON Parser: [0mBSON parser: boolean false
[0m[95m [1776432803.981135] BSON Message: [0mBSON parser: debug .
[0m[95m [1776432803.981141] BSON Message: [0mBSON parser: debug . 0 fragmented 
[0m[95m [1776432803.981147] BSON Parser: [0mBSON parser: type: '8' key: 'utilize_timestamp'
[0m[95m [1776432803.981154] BSON Parser: [0mBSON parser: boolean false
[0m[95m [1776432803.981158] BSON Message: [0mBSON parser: debug .
[0m[95m [1776432803.981163] BSON Message: [0mBSON parser: debug . 0 utilize_timestamp 
[0m[95m [1776432803.981168] BSON Parser: [0mBSON parser: type: '16' key: 'frag_no'
[0m[95m [1776432803.981175] BSON Parser: [0mBSON parser: int32:
[0m[95m [1776432803.981184] BSON Parser: [0m0
[0m[95m [1776432803.981191] BSON Parser: [0mBSON parser: type: '16' key: 'frag_total'
[0m[95m [1776432803.981196] BSON Parser: [0mBSON parser: int32:
[0m[95m [1776432803.981202] BSON Parser: [0m1
[0m[95m [1776432803.981207] BSON Parser: [0mBSON parser: type: '3' key: 'data'
[0m[95m [1776432803.981213] BSON Parser: [0mBSON parser: object
[0m[95m [1776432803.981224] BSON Parser: [0mParsing client packet
[0m[95m [1776432803.981229] BSON Parser: [0mDocument length: 46 bytes
[0m[95m [1776432803.981235] BSON Parser: [0mBSON parser: type: '16' key: 'sensor_type'
[0m[95m [1776432803.981241] BSON Parser: [0mBSON parser: int32:
[0m[95m [1776432803.981247] BSON Parser: [0m2
[0m[91m [1776432803.981252] BSON Message: [0mInside sensor type parsing.
[91m [1776432803.981257] BSON Message: [0mInside sensor type parsing end.
[95m [1776432803.981261] BSON Parser: [0mBSON parser: type: '2' key: 'sid'
[0m[95m [1776432803.981267] BSON Parser: [0mBSON parser: string
[0m[95m [1776432803.981273] BSON Parser: [0mBSON parser: 8 'device_0'
[0m[91m [1776432803.981279] BSON Message: [0mInside sid parsing
[95m [1776432803.981282] BSON Parser: [0mBSON parser: type: '8' key: 'dev'
[0m[95m [1776432803.981288] BSON Parser: [0mBSON parser: boolean true
[0m[95m [1776432803.981294] BSON Message: [0mBSON parser: debug .
[0m[95m [1776432803.981301] BSON Message: [0mBSON parser: debug . 0 dev 
[0m[95m [1776432803.981306] BSON Parser: [0mBSON parser: return. 46 length document has 46 bytes.
[0m[95m [1776432803.981314] BSON Parser: [0mBSON parser: return. 165 length document has 165 bytes.
[0m[95m [1776432803.981320] Transport: [0mComing to handle fragmentation 2
[0m[91m [1776432803.981326] Client: [0m---before writing in log upd_msg->seq_no= 8
[91m [1776432803.981330] Client: [0m---before writing in log upd_msg->type= 4
[91m [1776432803.981334] Client: [0m---before writing in log upd_msg->frag_no= 0
[91m [1776432803.981338] Client: [0m---before writing in log upd_msg->reliable= 0
[91m [1776432803.981342] Client: [0m---before writing in log upd_msg->data.sensor_type= 2
[91m [1776432803.981346] Client: [0m---before writing in log upd_msg->data.sid= device_0
[91m [1776432803.981350] Client: [0m---after writing in log upd_msg->seq_no = 8
[91m [1776432803.981354] Client: [0m---after writing in log upd_msg->data.sensor_type = 2
[91m [1776432803.981358] Client: [0m---after writing in log upd_msg->reliable = 0
[95m [1776432804.488684] Transport: [0mReceived 165 bytes
[0m[95m [1776432804.488695] BSON Parser: [0mParsing client packet
[0m[95m [1776432804.488701] BSON Parser: [0mDocument length: 165 bytes
[0m[95m [1776432804.488707] BSON Parser: [0mBSON parser: type: '16' key: 'type'
[0m[95m [1776432804.488712] BSON Parser: [0mBSON parser: int32:
[0m[95m [1776432804.488718] BSON Parser: [0m4
[0m[95m [1776432804.488725] BSON Parser: [0mBSON parser: type: '8' key: 'reliable'
[0m[95m [1776432804.488733] BSON Parser: [0mBSON parser: boolean false
[0m[95m [1776432804.488739] BSON Message: [0mBSON parser: debug .
[0m[95m [1776432804.488745] BSON Message: [0mBSON parser: debug . 0 reliable 
[0m[95m [1776432804.488751] BSON Parser: [0mBSON parser: type: '16' key: 'seq_no'
[0m[95m [1776432804.488757] BSON Parser: [0mBSON parser: int32:
[0m[95m [1776432804.488763] BSON Parser: [0m9
[0m[95m [1776432804.488769] BSON Parser: [0mBSON parser: type: '8' key: 'end_marker'
[0m[95m [1776432804.488774] BSON Parser: [0mBSON parser: boolean true
[0m[95m [1776432804.488780] BSON Message: [0mBSON parser: debug .
[0m[95m [1776432804.488786] BSON Message: [0mBSON parser: debug . 0 end_marker 
[0m[95m [1776432804.488792] BSON Parser: [0mBSON parser: type: '8' key: 'fragmented'
[0m[95m [1776432804.488798] BSON Parser: [0mBSON parser: boolean false
[0m[95m [1776432804.488804] BSON Message: [0mBSON parser: debug .
[0m[95m [1776432804.488810] BSON Message: [0mBSON parser: debug . 0 fragmented 
[0m[95m [1776432804.488816] BSON Parser: [0mBSON parser: type: '8' key: 'utilize_timestamp'
[0m[95m [1776432804.488822] BSON Parser: [0mBSON parser: boolean false
[0m[95m [1776432804.488828] BSON Message: [0mBSON parser: debug .
[0m[95m [1776432804.488833] BSON Message: [0mBSON parser: debug . 0 utilize_timestamp 
[0m[95m [1776432804.488839] BSON Parser: [0mBSON parser: type: '16' key: 'frag_no'
[0m[95m [1776432804.488849] BSON Parser: [0mBSON parser: int32:
[0m[95m [1776432804.488855] BSON Parser: [0m0
[0m[95m [1776432804.488861] BSON Parser: [0mBSON parser: type: '16' key: 'frag_total'
[0m[95m [1776432804.488869] BSON Parser: [0mBSON parser: int32:
[0m[95m [1776432804.488875] BSON Parser: [0m1
[0m[95m [1776432804.488881] BSON Parser: [0mBSON parser: type: '3' key: 'data'
[0m[95m [1776432804.488886] BSON Parser: [0mBSON parser: object
[0m[95m [1776432804.488892] BSON Parser: [0mParsing client packet
[0m[95m [1776432804.488898] BSON Parser: [0mDocument length: 46 bytes
[0m[95m [1776432804.488905] BSON Parser: [0mBSON parser: type: '16' key: 'sensor_type'
[0m[95m [1776432804.488910] BSON Parser: [0mBSON parser: int32:
[0m[95m [1776432804.488917] BSON Parser: [0m2
[0m[91m [1776432804.488922] BSON Message: [0mInside sensor type parsing.
[91m [1776432804.488926] BSON Message: [0mInside sensor type parsing end.
[95m [1776432804.488930] BSON Parser: [0mBSON parser: type: '2' key: 'sid'
[0m[95m [1776432804.488936] BSON Parser: [0mBSON parser: string
[0m[95m [1776432804.488942] BSON Parser: [0mBSON parser: 8 'device_0'
[0m[91m [1776432804.488948] BSON Message: [0mInside sid parsing
[95m [1776432804.488952] BSON Parser: [0mBSON parser: type: '8' key: 'dev'
[0m[95m [1776432804.488957] BSON Parser: [0mBSON parser: boolean true
[0m[95m [1776432804.488963] BSON Message: [0mBSON parser: debug .
[0m[95m [1776432804.488969] BSON Message: [0mBSON parser: debug . 0 dev 
[0m[95m [1776432804.488975] BSON Parser: [0mBSON parser: return. 46 length document has 46 bytes.
[0m[95m [1776432804.488981] BSON Parser: [0mBSON parser: return. 165 length document has 165 bytes.
[0m[95m [1776432804.488987] Transport: [0mComing to handle fragmentation 2
[0m[91m [1776432804.488995] Client: [0m---before writing in log upd_msg->seq_no= 9
[91m [1776432804.489000] Client: [0m---before writing in log upd_msg->type= 4
[91m [1776432804.489004] Client: [0m---before writing in log upd_msg->frag_no= 0
[91m [1776432804.489020] Client: [0m---before writing in log upd_msg->reliable= 0
[91m [1776432804.489025] Client: [0m---before writing in log upd_msg->data.sensor_type= 2
[91m [1776432804.489029] Client: [0m---before writing in log upd_msg->data.sid= device_0
[91m [1776432804.489033] Client: [0m---after writing in log upd_msg->seq_no = 9
[91m [1776432804.489036] Client: [0m---after writing in log upd_msg->data.sensor_type = 2
[91m [1776432804.489040] Client: [0m---after writing in log upd_msg->reliable = 0
[95m [1776432807.311861] Transport: [0mReceived 165 bytes
[0m[95m [1776432807.311874] BSON Parser: [0mParsing client packet
[0m[95m [1776432807.311882] BSON Parser: [0mDocument length: 165 bytes
[0m[95m [1776432807.311890] BSON Parser: [0mBSON parser: type: '16' key: 'type'
[0m[95m [1776432807.311897] BSON Parser: [0mBSON parser: int32:
[0m[95m [1776432807.311904] BSON Parser: [0m4
[0m[95m [1776432807.311911] BSON Parser: [0mBSON parser: type: '8' key: 'reliable'
[0m[95m [1776432807.311918] BSON Parser: [0mBSON parser: boolean false
[0m[95m [1776432807.311927] BSON Message: [0mBSON parser: debug .
[0m[95m [1776432807.311935] BSON Message: [0mBSON parser: debug . 0 reliable 
[0m[95m [1776432807.311942] BSON Parser: [0mBSON parser: type: '16' key: 'seq_no'
[0m[95m [1776432807.311948] BSON Parser: [0mBSON parser: int32:
[0m[95m [1776432807.311954] BSON Parser: [0m10
[0m[95m [1776432807.311960] BSON Parser: [0mBSON parser: type: '8' key: 'end_marker'
[0m[95m [1776432807.311967] BSON Parser: [0mBSON parser: boolean true
[0m[95m [1776432807.311974] BSON Message: [0mBSON parser: debug .
[0m[95m [1776432807.311981] BSON Message: [0mBSON parser: debug . 0 end_marker 
[0m[95m [1776432807.311988] BSON Parser: [0mBSON parser: type: '8' key: 'fragmented'
[0m[95m [1776432807.311995] BSON Parser: [0mBSON parser: boolean false
[0m[95m [1776432807.312002] BSON Message: [0mBSON parser: debug .
[0m[95m [1776432807.312070] BSON Message: [0mBSON parser: debug . 0 fragmented 
[0m[95m [1776432807.312082] BSON Parser: [0mBSON parser: type: '8' key: 'utilize_timestamp'
[0m[95m [1776432807.312089] BSON Parser: [0mBSON parser: boolean false
[0m[95m [1776432807.312095] BSON Message: [0mBSON parser: debug .
[0m[95m [1776432807.312107] BSON Message: [0mBSON parser: debug . 0 utilize_timestamp 
[0m[95m [1776432807.312115] BSON Parser: [0mBSON parser: type: '16' key: 'frag_no'
[0m[95m [1776432807.312122] BSON Parser: [0mBSON parser: int32:
[0m[95m [1776432807.312129] BSON Parser: [0m0
[0m[95m [1776432807.312137] BSON Parser: [0mBSON parser: type: '16' key: 'frag_total'
[0m[95m [1776432807.312146] BSON Parser: [0mBSON parser: int32:
[0m[95m [1776432807.312153] BSON Parser: [0m1
[0m[95m [1776432807.312160] BSON Parser: [0mBSON parser: type: '3' key: 'data'
[0m[95m [1776432807.312167] BSON Parser: [0mBSON parser: object
[0m[95m [1776432807.312173] BSON Parser: [0mParsing client packet
[0m[95m [1776432807.312180] BSON Parser: [0mDocument length: 46 bytes
[0m[95m [1776432807.312187] BSON Parser: [0mBSON parser: type: '16' key: 'sensor_type'
[0m[95m [1776432807.312194] BSON Parser: [0mBSON parser: int32:
[0m[95m [1776432807.312200] BSON Parser: [0m2
[0m[91m [1776432807.312207] BSON Message: [0mInside sensor type parsing.
[91m [1776432807.312211] BSON Message: [0mInside sensor type parsing end.
[95m [1776432807.312216] BSON Parser: [0mBSON parser: type: '2' key: 'sid'
[0m[95m [1776432807.312223] BSON Parser: [0mBSON parser: string
[0m[95m [1776432807.312231] BSON Parser: [0mBSON parser: 8 'device_0'
[0m[91m [1776432807.312238] BSON Message: [0mInside sid parsing
[95m [1776432807.312242] BSON Parser: [0mBSON parser: type: '8' key: 'dev'
[0m[95m [1776432807.312249] BSON Parser: [0mBSON parser: boolean true
[0m[95m [1776432807.312256] BSON Message: [0mBSON parser: debug .
[0m[95m [1776432807.312263] BSON Message: [0mBSON parser: debug . 0 dev 
[0m[95m [1776432807.312270] BSON Parser: [0mBSON parser: return. 46 length document has 46 bytes.
[0m[95m [1776432807.312276] BSON Parser: [0mBSON parser: return. 165 length document has 165 bytes.
[0m[95m [1776432807.312283] Transport: [0mComing to handle fragmentation 2
[0m[91m [1776432807.312292] Client: [0m---before writing in log upd_msg->seq_no= 10
[91m [1776432807.312299] Client: [0m---before writing in log upd_msg->type= 4
[91m [1776432807.312305] Client: [0m---before writing in log upd_msg->frag_no= 0
[91m [1776432807.312310] Client: [0m---before writing in log upd_msg->reliable= 0
[91m [1776432807.312315] Client: [0m---before writing in log upd_msg->data.sensor_type= 2
[91m [1776432807.312320] Client: [0m---before writing in log upd_msg->data.sid= device_0
[91m [1776432807.312326] Client: [0m---after writing in log upd_msg->seq_no = 10
[91m [1776432807.312330] Client: [0m---after writing in log upd_msg->data.sensor_type = 2
[91m [1776432807.312335] Client: [0m---after writing in log upd_msg->reliable = 0
[95m [1776432807.845924] Transport: [0mReceived 165 bytes
[0m[95m [1776432807.845935] BSON Parser: [0mParsing client packet
[0m[95m [1776432807.845942] BSON Parser: [0mDocument length: 165 bytes
[0m[95m [1776432807.845948] BSON Parser: [0mBSON parser: type: '16' key: 'type'
[0m[95m [1776432807.845954] BSON Parser: [0mBSON parser: int32:
[0m[95m [1776432807.845960] BSON Parser: [0m4
[0m[95m [1776432807.845966] BSON Parser: [0mBSON parser: type: '8' key: 'reliable'
[0m[95m [1776432807.845972] BSON Parser: [0mBSON parser: boolean false
[0m[95m [1776432807.845977] BSON Message: [0mBSON parser: debug .
[0m[95m [1776432807.845983] BSON Message: [0mBSON parser: debug . 0 reliable 
[0m[95m [1776432807.845989] BSON Parser: [0mBSON parser: type: '16' key: 'seq_no'
[0m[95m [1776432807.845995] BSON Parser: [0mBSON parser: int32:
[0m[95m [1776432807.846002] BSON Parser: [0m11
[0m[95m [1776432807.846024] BSON Parser: [0mBSON parser: type: '8' key: 'end_marker'
[0m[95m [1776432807.846033] BSON Parser: [0mBSON parser: boolean true
[0m[95m [1776432807.846042] BSON Message: [0mBSON parser: debug .
[0m[95m [1776432807.846048] BSON Message: [0mBSON parser: debug . 0 end_marker 
[0m[95m [1776432807.846054] BSON Parser: [0mBSON parser: type: '8' key: 'fragmented'
[0m[95m [1776432807.846060] BSON Parser: [0mBSON parser: boolean false
[0m[95m [1776432807.846066] BSON Message: [0mBSON parser: debug .
[0m[95m [1776432807.846072] BSON Message: [0mBSON parser: debug . 0 fragmented 
[0m[95m [1776432807.846078] BSON Parser: [0mBSON parser: type: '8' key: 'utilize_timestamp'
[0m[95m [1776432807.846084] BSON Parser: [0mBSON parser: boolean false
[0m[95m [1776432807.846089] BSON Message: [0mBSON parser: debug .
[0m[95m [1776432807.846095] BSON Message: [0mBSON parser: debug . 0 utilize_timestamp 
[0m[95m [1776432807.846102] BSON Parser: [0mBSON parser: type: '16' key: 'frag_no'
[0m[95m [1776432807.846108] BSON Parser: [0mBSON parser: int32:
[0m[95m [1776432807.846112] BSON Parser: [0m0
[0m[95m [1776432807.846119] BSON Parser: [0mBSON parser: type: '16' key: 'frag_total'
[0m[95m [1776432807.846125] BSON Parser: [0mBSON parser: int32:
[0m[95m [1776432807.846130] BSON Parser: [0m1
[0m[95m [1776432807.846137] BSON Parser: [0mBSON parser: type: '3' key: 'data'
[0m[95m [1776432807.846142] BSON Parser: [0mBSON parser: object
[0m[95m [1776432807.846149] BSON Parser: [0mParsing client packet
[0m[95m [1776432807.846154] BSON Parser: [0mDocument length: 46 bytes
[0m[95m [1776432807.846162] BSON Parser: [0mBSON parser: type: '16' key: 'sensor_type'
[0m[95m [1776432807.846169] BSON Parser: [0mBSON parser: int32:
[0m[95m [1776432807.846175] BSON Parser: [0m2
[0m[91m [1776432807.846181] BSON Message: [0mInside sensor type parsing.
[91m [1776432807.846186] BSON Message: [0mInside sensor type parsing end.
[95m [1776432807.846190] BSON Parser: [0mBSON parser: type: '2' key: 'sid'
[0m[95m [1776432807.846195] BSON Parser: [0mBSON parser: string
[0m[95m [1776432807.846201] BSON Parser: [0mBSON parser: 8 'device_0'
[0m[91m [1776432807.846207] BSON Message: [0mInside sid parsing
[95m [1776432807.846211] BSON Parser: [0mBSON parser: type: '8' key: 'dev'
[0m[95m [1776432807.846217] BSON Parser: [0mBSON parser: boolean false
[0m[95m [1776432807.846224] BSON Message: [0mBSON parser: debug .
[0m[95m [1776432807.846229] BSON Message: [0mBSON parser: debug . 0 dev 
[0m[95m [1776432807.846235] BSON Parser: [0mBSON parser: return. 46 length document has 46 bytes.
[0m[95m [1776432807.846241] BSON Parser: [0mBSON parser: return. 165 length document has 165 bytes.
[0m[95m [1776432807.846247] Transport: [0mComing to handle fragmentation 2
[0m[91m [1776432807.846253] Client: [0m---before writing in log upd_msg->seq_no= 11
[91m [1776432807.846257] Client: [0m---before writing in log upd_msg->type= 4
[91m [1776432807.846261] Client: [0m---before writing in log upd_msg->frag_no= 0
[91m [1776432807.846265] Client: [0m---before writing in log upd_msg->reliable= 0
[91m [1776432807.846269] Client: [0m---before writing in log upd_msg->data.sensor_type= 2
[91m [1776432807.846273] Client: [0m---before writing in log upd_msg->data.sid= device_0
[91m [1776432807.846277] Client: [0m---after writing in log upd_msg->seq_no = 11
[91m [1776432807.846281] Client: [0m---after writing in log upd_msg->data.sensor_type = 2
[91m [1776432807.846284] Client: [0m---after writing in log upd_msg->reliable = 0
[95m [1776432808.484527] Transport: [0mReceived 165 bytes
[0m[95m [1776432808.484540] BSON Parser: [0mParsing client packet
[0m[95m [1776432808.484545] BSON Parser: [0mDocument length: 165 bytes
[0m[95m [1776432808.484552] BSON Parser: [0mBSON parser: type: '16' key: 'type'
[0m[95m [1776432808.484557] BSON Parser: [0mBSON parser: int32:
[0m[95m [1776432808.484563] BSON Parser: [0m4
[0m[95m [1776432808.484569] BSON Parser: [0mBSON parser: type: '8' key: 'reliable'
[0m[95m [1776432808.484574] BSON Parser: [0mBSON parser: boolean false
[0m[95m [1776432808.484584] BSON Message: [0mBSON parser: debug .
[0m[95m [1776432808.484590] BSON Message: [0mBSON parser: debug . 0 reliable 
[0m[95m [1776432808.484596] BSON Parser: [0mBSON parser: type: '16' key: 'seq_no'
[0m[95m [1776432808.484602] BSON Parser: [0mBSON parser: int32:
[0m[95m [1776432808.484607] BSON Parser: [0m12
[0m[95m [1776432808.484613] BSON Parser: [0mBSON parser: type: '8' key: 'end_marker'
[0m[95m [1776432808.484621] BSON Parser: [0mBSON parser: boolean true
[0m[95m [1776432808.484627] BSON Message: [0mBSON parser: debug .
[0m[95m [1776432808.484633] BSON Message: [0mBSON parser: debug . 0 end_marker 
[0m[95m [1776432808.484638] BSON Parser: [0mBSON parser: type: '8' key: 'fragmented'
[0m[95m [1776432808.484644] BSON Parser: [0mBSON parser: boolean false
[0m[95m [1776432808.484650] BSON Message: [0mBSON parser: debug .
[0m[95m [1776432808.484655] BSON Message: [0mBSON parser: debug . 0 fragmented 
[0m[95m [1776432808.484661] BSON Parser: [0mBSON parser: type: '8' key: 'utilize_timestamp'
[0m[95m [1776432808.484666] BSON Parser: [0mBSON parser: boolean false
[0m[95m [1776432808.484672] BSON Message: [0mBSON parser: debug .
[0m[95m [1776432808.484678] BSON Message: [0mBSON parser: debug . 0 utilize_timestamp 
[0m[95m [1776432808.484684] BSON Parser: [0mBSON parser: type: '16' key: 'frag_no'
[0m[95m [1776432808.484689] BSON Parser: [0mBSON parser: int32:
[0m[95m [1776432808.484695] BSON Parser: [0m0
[0m[95m [1776432808.484701] BSON Parser: [0mBSON parser: type: '16' key: 'frag_total'
[0m[95m [1776432808.484706] BSON Parser: [0mBSON parser: int32:
[0m[95m [1776432808.484712] BSON Parser: [0m1
[0m[95m [1776432808.484718] BSON Parser: [0mBSON parser: type: '3' key: 'data'
[0m[95m [1776432808.484723] BSON Parser: [0mBSON parser: object
[0m[95m [1776432808.484729] BSON Parser: [0mParsing client packet
[0m[95m [1776432808.484734] BSON Parser: [0mDocument length: 46 bytes
[0m[95m [1776432808.484742] BSON Parser: [0mBSON parser: type: '16' key: 'sensor_type'
[0m[95m [1776432808.484748] BSON Parser: [0mBSON parser: int32:
[0m[95m [1776432808.484753] BSON Parser: [0m2
[0m[91m [1776432808.484759] BSON Message: [0mInside sensor type parsing.
[91m [1776432808.484763] BSON Message: [0mInside sensor type parsing end.
[95m [1776432808.484767] BSON Parser: [0mBSON parser: type: '2' key: 'sid'
[0m[95m [1776432808.484772] BSON Parser: [0mBSON parser: string
[0m[95m [1776432808.484778] BSON Parser: [0mBSON parser: 8 'device_0'
[0m[91m [1776432808.484784] BSON Message: [0mInside sid parsing
[95m [1776432808.484788] BSON Parser: [0mBSON parser: type: '8' key: 'dev'
[0m[95m [1776432808.484793] BSON Parser: [0mBSON parser: boolean false
[0m[95m [1776432808.484799] BSON Message: [0mBSON parser: debug .
[0m[95m [1776432808.484805] BSON Message: [0mBSON parser: debug . 0 dev 
[0m[95m [1776432808.484811] BSON Parser: [0mBSON parser: return. 46 length document has 46 bytes.
[0m[95m [1776432808.484817] BSON Parser: [0mBSON parser: return. 165 length document has 165 bytes.
[0m[95m [1776432808.484822] Transport: [0mComing to handle fragmentation 2
[0m[91m [1776432808.484829] Client: [0m---before writing in log upd_msg->seq_no= 12
[91m [1776432808.484833] Client: [0m---before writing in log upd_msg->type= 4
[91m [1776432808.484837] Client: [0m---before writing in log upd_msg->frag_no= 0
[91m [1776432808.484842] Client: [0m---before writing in log upd_msg->reliable= 0
[91m [1776432808.484846] Client: [0m---before writing in log upd_msg->data.sensor_type= 2
[91m [1776432808.484852] Client: [0m---before writing in log upd_msg->data.sid= device_0
[91m [1776432808.484857] Client: [0m---after writing in log upd_msg->seq_no = 12
[91m [1776432808.484861] Client: [0m---after writing in log upd_msg->data.sensor_type = 2
[91m [1776432808.484866] Client: [0m---after writing in log upd_msg->reliable = 0
[95m [1776432808.712024] Client: [0mTimeout reached, sending keep_alive.
[0m[95m [1776432811.546427] Transport: [0mReceived 165 bytes
[0m[95m [1776432811.546449] BSON Parser: [0mParsing client packet
[0m[95m [1776432811.546455] BSON Parser: [0mDocument length: 165 bytes
[0m[95m [1776432811.546462] BSON Parser: [0mBSON parser: type: '16' key: 'type'
[0m[95m [1776432811.546466] BSON Parser: [0mBSON parser: int32:
[0m[95m [1776432811.546471] BSON Parser: [0m4
[0m[95m [1776432811.546476] BSON Parser: [0mBSON parser: type: '8' key: 'reliable'
[0m[95m [1776432811.546481] BSON Parser: [0mBSON parser: boolean false
[0m[95m [1776432811.546485] BSON Message: [0mBSON parser: debug .
[0m[95m [1776432811.546489] BSON Message: [0mBSON parser: debug . 0 reliable 
[0m[95m [1776432811.546494] BSON Parser: [0mBSON parser: type: '16' key: 'seq_no'
[0m[95m [1776432811.546499] BSON Parser: [0mBSON parser: int32:
[0m[95m [1776432811.546506] BSON Parser: [0m13
[0m[95m [1776432811.546512] BSON Parser: [0mBSON parser: type: '8' key: 'end_marker'
[0m[95m [1776432811.546517] BSON Parser: [0mBSON parser: boolean true
[0m[95m [1776432811.546521] BSON Message: [0mBSON parser: debug .
[0m[95m [1776432811.546527] BSON Message: [0mBSON parser: debug . 0 end_marker 
[0m[95m [1776432811.546534] BSON Parser: [0mBSON parser: type: '8' key: 'fragmented'
[0m[95m [1776432811.546541] BSON Parser: [0mBSON parser: boolean false
[0m[95m [1776432811.546548] BSON Message: [0mBSON parser: debug .
[0m[95m [1776432811.546554] BSON Message: [0mBSON parser: debug . 0 fragmented 
[0m[95m [1776432811.546561] BSON Parser: [0mBSON parser: type: '8' key: 'utilize_timestamp'
[0m[95m [1776432811.546569] BSON Parser: [0mBSON parser: boolean false
[0m[95m [1776432811.546576] BSON Message: [0mBSON parser: debug .
[0m[95m [1776432811.546582] BSON Message: [0mBSON parser: debug . 0 utilize_timestamp 
[0m[95m [1776432811.546590] BSON Parser: [0mBSON parser: type: '16' key: 'frag_no'
[0m[95m [1776432811.546596] BSON Parser: [0mBSON parser: int32:
[0m[95m [1776432811.546600] BSON Parser: [0m0
[0m[95m [1776432811.546605] BSON Parser: [0mBSON parser: type: '16' key: 'frag_total'
[0m[95m [1776432811.546612] BSON Parser: [0mBSON parser: int32:
[0m[95m [1776432811.546618] BSON Parser: [0m1
[0m[95m [1776432811.546625] BSON Parser: [0mBSON parser: type: '3' key: 'data'
[0m[95m [1776432811.546631] BSON Parser: [0mBSON parser: object
[0m[95m [1776432811.546636] BSON Parser: [0mParsing client packet
[0m[95m [1776432811.546642] BSON Parser: [0mDocument length: 46 bytes
[0m[95m [1776432811.546648] BSON Parser: [0mBSON parser: type: '16' key: 'sensor_type'
[0m[95m [1776432811.546654] BSON Parser: [0mBSON parser: int32:
[0m[95m [1776432811.546660] BSON Parser: [0m2
[0m[91m [1776432811.546666] BSON Message: [0mInside sensor type parsing.
[91m [1776432811.546670] BSON Message: [0mInside sensor type parsing end.
[95m [1776432811.546674] BSON Parser: [0mBSON parser: type: '2' key: 'sid'
[0m[95m [1776432811.546680] BSON Parser: [0mBSON parser: string
[0m[95m [1776432811.546686] BSON Parser: [0mBSON parser: 8 'device_0'
[0m[91m [1776432811.546691] BSON Message: [0mInside sid parsing
[95m [1776432811.546697] BSON Parser: [0mBSON parser: type: '8' key: 'dev'
[0m[95m [1776432811.546703] BSON Parser: [0mBSON parser: boolean false
[0m[95m [1776432811.546709] BSON Message: [0mBSON parser: debug .
[0m[95m [1776432811.546715] BSON Message: [0mBSON parser: debug . 0 dev 
[0m[95m [1776432811.546720] BSON Parser: [0mBSON parser: return. 46 length document has 46 bytes.
[0m[95m [1776432811.546726] BSON Parser: [0mBSON parser: return. 165 length document has 165 bytes.
[0m[95m [1776432811.546732] Transport: [0mComing to handle fragmentation 2
[0m[91m [1776432811.546738] Client: [0m---before writing in log upd_msg->seq_no= 13
[91m [1776432811.546742] Client: [0m---before writing in log upd_msg->type= 4
[91m [1776432811.546746] Client: [0m---before writing in log upd_msg->frag_no= 0
[91m [1776432811.546750] Client: [0m---before writing in log upd_msg->reliable= 0
[91m [1776432811.546757] Client: [0m---before writing in log upd_msg->data.sensor_type= 2
[91m [1776432811.546761] Client: [0m---before writing in log upd_msg->data.sid= device_0
[91m [1776432811.546765] Client: [0m---after writing in log upd_msg->seq_no = 13
[91m [1776432811.546769] Client: [0m---after writing in log upd_msg->data.sensor_type = 2
[91m [1776432811.546773] Client: [0m---after writing in log upd_msg->reliable = 0
[95m [1776432811.926179] Transport: [0mReceived 165 bytes
[0m[95m [1776432811.926194] BSON Parser: [0mParsing client packet
[0m[95m [1776432811.926200] BSON Parser: [0mDocument length: 165 bytes
[0m[95m [1776432811.926208] BSON Parser: [0mBSON parser: type: '16' key: 'type'
[0m[95m [1776432811.926216] BSON Parser: [0mBSON parser: int32:
[0m[95m [1776432811.926223] BSON Parser: [0m4
[0m[95m [1776432811.926231] BSON Parser: [0mBSON parser: type: '8' key: 'reliable'
[0m[95m [1776432811.926238] BSON Parser: [0mBSON parser: boolean false
[0m[95m [1776432811.926244] BSON Message: [0mBSON parser: debug .
[0m[95m [1776432811.926251] BSON Message: [0mBSON parser: debug . 0 reliable 
[0m[95m [1776432811.926259] BSON Parser: [0mBSON parser: type: '16' key: 'seq_no'
[0m[95m [1776432811.926264] BSON Parser: [0mBSON parser: int32:
[0m[95m [1776432811.926272] BSON Parser: [0m14
[0m[95m [1776432811.926278] BSON Parser: [0mBSON parser: type: '8' key: 'end_marker'
[0m[95m [1776432811.926285] BSON Parser: [0mBSON parser: boolean true
[0m[95m [1776432811.926291] BSON Message: [0mBSON parser: debug .
[0m[95m [1776432811.926296] BSON Message: [0mBSON parser: debug . 0 end_marker 
[0m[95m [1776432811.926302] BSON Parser: [0mBSON parser: type: '8' key: 'fragmented'
[0m[95m [1776432811.926309] BSON Parser: [0mBSON parser: boolean false
[0m[95m [1776432811.926316] BSON Message: [0mBSON parser: debug .
[0m[95m [1776432811.926322] BSON Message: [0mBSON parser: debug . 0 fragmented 
[0m[95m [1776432811.926328] BSON Parser: [0mBSON parser: type: '8' key: 'utilize_timestamp'
[0m[95m [1776432811.926334] BSON Parser: [0mBSON parser: boolean false
[0m[95m [1776432811.926340] BSON Message: [0mBSON parser: debug .
[0m[95m [1776432811.926346] BSON Message: [0mBSON parser: debug . 0 utilize_timestamp 
[0m[95m [1776432811.926354] BSON Parser: [0mBSON parser: type: '16' key: 'frag_no'
[0m[95m [1776432811.926360] BSON Parser: [0mBSON parser: int32:
[0m[95m [1776432811.926366] BSON Parser: [0m0
[0m[95m [1776432811.926372] BSON Parser: [0mBSON parser: type: '16' key: 'frag_total'
[0m[95m [1776432811.926377] BSON Parser: [0mBSON parser: int32:
[0m[95m [1776432811.926384] BSON Parser: [0m1
[0m[95m [1776432811.926390] BSON Parser: [0mBSON parser: type: '3' key: 'data'
[0m[95m [1776432811.926396] BSON Parser: [0mBSON parser: object
[0m[95m [1776432811.926402] BSON Parser: [0mParsing client packet
[0m[95m [1776432811.926408] BSON Parser: [0mDocument length: 46 bytes
[0m[95m [1776432811.926415] BSON Parser: [0mBSON parser: type: '16' key: 'sensor_type'
[0m[95m [1776432811.926422] BSON Parser: [0mBSON parser: int32:
[0m[95m [1776432811.926429] BSON Parser: [0m2
[0m[91m [1776432811.926437] BSON Message: [0mInside sensor type parsing.
[91m [1776432811.926442] BSON Message: [0mInside sensor type parsing end.
[95m [1776432811.926447] BSON Parser: [0mBSON parser: type: '2' key: 'sid'
[0m[95m [1776432811.926454] BSON Parser: [0mBSON parser: string
[0m[95m [1776432811.926461] BSON Parser: [0mBSON parser: 8 'device_0'
[0m[91m [1776432811.926468] BSON Message: [0mInside sid parsing
[95m [1776432811.926473] BSON Parser: [0mBSON parser: type: '8' key: 'dev'
[0m[95m [1776432811.926479] BSON Parser: [0mBSON parser: boolean false
[0m[95m [1776432811.926486] BSON Message: [0mBSON parser: debug .
[0m[95m [1776432811.926494] BSON Message: [0mBSON parser: debug . 0 dev 
[0m[95m [1776432811.926500] BSON Parser: [0mBSON parser: return. 46 length document has 46 bytes.
[0m[95m [1776432811.926507] BSON Parser: [0mBSON parser: return. 165 length document has 165 bytes.
[0m[95m [1776432811.926518] Transport: [0mComing to handle fragmentation 2
[0m[91m [1776432811.926527] Client: [0m---before writing in log upd_msg->seq_no= 14
[91m [1776432811.926531] Client: [0m---before writing in log upd_msg->type= 4
[91m [1776432811.926536] Client: [0m---before writing in log upd_msg->frag_no= 0
[91m [1776432811.926540] Client: [0m---before writing in log upd_msg->reliable= 0
[91m [1776432811.926545] Client: [0m---before writing in log upd_msg->data.sensor_type= 2
[91m [1776432811.926549] Client: [0m---before writing in log upd_msg->data.sid= device_0
[91m [1776432811.926555] Client: [0m---after writing in log upd_msg->seq_no = 14
[91m [1776432811.926560] Client: [0m---after writing in log upd_msg->data.sensor_type = 2
[91m [1776432811.926565] Client: [0m---after writing in log upd_msg->reliable = 0
[95m [1776432811.945507] Transport: [0mReceived 165 bytes
[0m[95m [1776432811.945520] BSON Parser: [0mParsing client packet
[0m[95m [1776432811.945527] BSON Parser: [0mDocument length: 165 bytes
[0m[95m [1776432811.945533] BSON Parser: [0mBSON parser: type: '16' key: 'type'
[0m[95m [1776432811.945539] BSON Parser: [0mBSON parser: int32:
[0m[95m [1776432811.945544] BSON Parser: [0m4
[0m[95m [1776432811.945551] BSON Parser: [0mBSON parser: type: '8' key: 'reliable'
[0m[95m [1776432811.945557] BSON Parser: [0mBSON parser: boolean false
[0m[95m [1776432811.945562] BSON Message: [0mBSON parser: debug .
[0m[95m [1776432811.945569] BSON Message: [0mBSON parser: debug . 0 reliable 
[0m[95m [1776432811.945574] BSON Parser: [0mBSON parser: type: '16' key: 'seq_no'
[0m[95m [1776432811.945580] BSON Parser: [0mBSON parser: int32:
[0m[95m [1776432811.945585] BSON Parser: [0m15
[0m[95m [1776432811.945591] BSON Parser: [0mBSON parser: type: '8' key: 'end_marker'
[0m[95m [1776432811.945597] BSON Parser: [0mBSON parser: boolean true
[0m[95m [1776432811.945602] BSON Message: [0mBSON parser: debug .
[0m[95m [1776432811.945608] BSON Message: [0mBSON parser: debug . 0 end_marker 
[0m[95m [1776432811.945613] BSON Parser: [0mBSON parser: type: '8' key: 'fragmented'
[0m[95m [1776432811.945619] BSON Parser: [0mBSON parser: boolean false
[0m[95m [1776432811.945624] BSON Message: [0mBSON parser: debug .
[0m[95m [1776432811.945630] BSON Message: [0mBSON parser: debug . 0 fragmented 
[0m[95m [1776432811.945635] BSON Parser: [0mBSON parser: type: '8' key: 'utilize_timestamp'
[0m[95m [1776432811.945641] BSON Parser: [0mBSON parser: boolean false
[0m[95m [1776432811.945646] BSON Message: [0mBSON parser: debug .
[0m[95m [1776432811.945652] BSON Message: [0mBSON parser: debug . 0 utilize_timestamp 
[0m[95m [1776432811.945657] BSON Parser: [0mBSON parser: type: '16' key: 'frag_no'
[0m[95m [1776432811.945662] BSON Parser: [0mBSON parser: int32:
[0m[95m [1776432811.945668] BSON Parser: [0m0
[0m[95m [1776432811.945674] BSON Parser: [0mBSON parser: type: '16' key: 'frag_total'
[0m[95m [1776432811.945679] BSON Parser: [0mBSON parser: int32:
[0m[95m [1776432811.945685] BSON Parser: [0m1
[0m[95m [1776432811.945690] BSON Parser: [0mBSON parser: type: '3' key: 'data'
[0m[95m [1776432811.945696] BSON Parser: [0mBSON parser: object
[0m[95m [1776432811.945701] BSON Parser: [0mParsing client packet
[0m[95m [1776432811.945706] BSON Parser: [0mDocument length: 46 bytes
[0m[95m [1776432811.945712] BSON Parser: [0mBSON parser: type: '16' key: 'sensor_type'
[0m[95m [1776432811.945717] BSON Parser: [0mBSON parser: int32:
[0m[95m [1776432811.945723] BSON Parser: [0m2
[0m[91m [1776432811.945728] BSON Message: [0mInside sensor type parsing.
[91m [1776432811.945732] BSON Message: [0mInside sensor type parsing end.
[95m [1776432811.945736] BSON Parser: [0mBSON parser: type: '2' key: 'sid'
[0m[95m [1776432811.945742] BSON Parser: [0mBSON parser: string
[0m[95m [1776432811.945747] BSON Parser: [0mBSON parser: 8 'device_0'
[0m[91m [1776432811.945753] BSON Message: [0mInside sid parsing
[95m [1776432811.945759] BSON Parser: [0mBSON parser: type: '8' key: 'dev'
[0m[95m [1776432811.945765] BSON Parser: [0mBSON parser: boolean false
[0m[95m [1776432811.945770] BSON Message: [0mBSON parser: debug .
[0m[95m [1776432811.945776] BSON Message: [0mBSON parser: debug . 0 dev 
[0m[95m [1776432811.945781] BSON Parser: [0mBSON parser: return. 46 length document has 46 bytes.
[0m[95m [1776432811.945787] BSON Parser: [0mBSON parser: return. 165 length document has 165 bytes.
[0m[95m [1776432811.945793] Transport: [0mComing to handle fragmentation 2
[0m[91m [1776432811.945799] Client: [0m---before writing in log upd_msg->seq_no= 15
[91m [1776432811.945802] Client: [0m---before writing in log upd_msg->type= 4
[91m [1776432811.945806] Client: [0m---before writing in log upd_msg->frag_no= 0
[91m [1776432811.945810] Client: [0m---before writing in log upd_msg->reliable= 0
[91m [1776432811.945814] Client: [0m---before writing in log upd_msg->data.sensor_type= 2
[91m [1776432811.945817] Client: [0m---before writing in log upd_msg->data.sid= device_0
[91m [1776432811.945822] Client: [0m---after writing in log upd_msg->seq_no = 15
[91m [1776432811.945825] Client: [0m---after writing in log upd_msg->data.sensor_type = 2
[91m [1776432811.945829] Client: [0m---after writing in log upd_msg->reliable = 0
[95m [1776432813.716032] Client: [0mTimeout reached, sending keep_alive.
[0m[95m [1776432814.636642] Transport: [0mReceived 165 bytes
[0m[95m [1776432814.636654] BSON Parser: [0mParsing client packet
[0m[95m [1776432814.636660] BSON Parser: [0mDocument length: 165 bytes
[0m[95m [1776432814.636667] BSON Parser: [0mBSON parser: type: '16' key: 'type'
[0m[95m [1776432814.636673] BSON Parser: [0mBSON parser: int32:
[0m[95m [1776432814.636679] BSON Parser: [0m4
[0m[95m [1776432814.636686] BSON Parser: [0mBSON parser: type: '8' key: 'reliable'
[0m[95m [1776432814.636692] BSON Parser: [0mBSON parser: boolean false
[0m[95m [1776432814.636698] BSON Message: [0mBSON parser: debug .
[0m[95m [1776432814.636704] BSON Message: [0mBSON parser: debug . 0 reliable 
[0m[95m [1776432814.636710] BSON Parser: [0mBSON parser: type: '16' key: 'seq_no'
[0m[95m [1776432814.636716] BSON Parser: [0mBSON parser: int32:
[0m[95m [1776432814.636722] BSON Parser: [0m16
[0m[95m [1776432814.636729] BSON Parser: [0mBSON parser: type: '8' key: 'end_marker'
[0m[95m [1776432814.636735] BSON Parser: [0mBSON parser: boolean true
[0m[95m [1776432814.636742] BSON Message: [0mBSON parser: debug .
[0m[95m [1776432814.636747] BSON Message: [0mBSON parser: debug . 0 end_marker 
[0m[95m [1776432814.636755] BSON Parser: [0mBSON parser: type: '8' key: 'fragmented'
[0m[95m [1776432814.636761] BSON Parser: [0mBSON parser: boolean false
[0m[95m [1776432814.636766] BSON Message: [0mBSON parser: debug .
[0m[95m [1776432814.636772] BSON Message: [0mBSON parser: debug . 0 fragmented 
[0m[95m [1776432814.636779] BSON Parser: [0mBSON parser: type: '8' key: 'utilize_timestamp'
[0m[95m [1776432814.636785] BSON Parser: [0mBSON parser: boolean false
[0m[95m [1776432814.636790] BSON Message: [0mBSON parser: debug .
[0m[95m [1776432814.636797] BSON Message: [0mBSON parser: debug . 0 utilize_timestamp 
[0m[95m [1776432814.636803] BSON Parser: [0mBSON parser: type: '16' key: 'frag_no'
[0m[95m [1776432814.636809] BSON Parser: [0mBSON parser: int32:
[0m[95m [1776432814.636815] BSON Parser: [0m0
[0m[95m [1776432814.636821] BSON Parser: [0mBSON parser: type: '16' key: 'frag_total'
[0m[95m [1776432814.636827] BSON Parser: [0mBSON parser: int32:
[0m[95m [1776432814.636833] BSON Parser: [0m1
[0m[95m [1776432814.636838] BSON Parser: [0mBSON parser: type: '3' key: 'data'
[0m[95m [1776432814.636844] BSON Parser: [0mBSON parser: object
[0m[95m [1776432814.636851] BSON Parser: [0mParsing client packet
[0m[95m [1776432814.636857] BSON Parser: [0mDocument length: 46 bytes
[0m[95m [1776432814.636863] BSON Parser: [0mBSON parser: type: '16' key: 'sensor_type'
[0m[95m [1776432814.636873] BSON Parser: [0mBSON parser: int32:
[0m[95m [1776432814.636879] BSON Parser: [0m2
[0m[91m [1776432814.636885] BSON Message: [0mInside sensor type parsing.
[91m [1776432814.636891] BSON Message: [0mInside sensor type parsing end.
[95m [1776432814.636896] BSON Parser: [0mBSON parser: type: '2' key: 'sid'
[0m[95m [1776432814.636902] BSON Parser: [0mBSON parser: string
[0m[95m [1776432814.636908] BSON Parser: [0mBSON parser: 8 'device_0'
[0m[91m [1776432814.636914] BSON Message: [0mInside sid parsing
[95m [1776432814.636918] BSON Parser: [0mBSON parser: type: '8' key: 'dev'
[0m[95m [1776432814.636924] BSON Parser: [0mBSON parser: boolean false
[0m[95m [1776432814.636930] BSON Message: [0mBSON parser: debug .
[0m[95m [1776432814.636936] BSON Message: [0mBSON parser: debug . 0 dev 
[0m[95m [1776432814.636942] BSON Parser: [0mBSON parser: return. 46 length document has 46 bytes.
[0m[95m [1776432814.636949] BSON Parser: [0mBSON parser: return. 165 length document has 165 bytes.
[0m[95m [1776432814.636955] Transport: [0mComing to handle fragmentation 2
[0m[91m [1776432814.636962] Client: [0m---before writing in log upd_msg->seq_no= 16
[91m [1776432814.636966] Client: [0m---before writing in log upd_msg->type= 4
[91m [1776432814.636970] Client: [0m---before writing in log upd_msg->frag_no= 0
[91m [1776432814.636975] Client: [0m---before writing in log upd_msg->reliable= 0
[91m [1776432814.636979] Client: [0m---before writing in log upd_msg->data.sensor_type= 2
[91m [1776432814.636983] Client: [0m---before writing in log upd_msg->data.sid= device_0
[91m [1776432814.636988] Client: [0m---after writing in log upd_msg->seq_no = 16
[91m [1776432814.636992] Client: [0m---after writing in log upd_msg->data.sensor_type = 2
[91m [1776432814.636996] Client: [0m---after writing in log upd_msg->reliable = 0
[95m [1776432815.347289] Transport: [0mReceived 165 bytes
[0m[95m [1776432815.347301] BSON Parser: [0mParsing client packet
[0m[95m [1776432815.347309] BSON Parser: [0mDocument length: 165 bytes
[0m[95m [1776432815.347316] BSON Parser: [0mBSON parser: type: '16' key: 'type'
[0m[95m [1776432815.347323] BSON Parser: [0mBSON parser: int32:
[0m[95m [1776432815.347329] BSON Parser: [0m4
[0m[95m [1776432815.347336] BSON Parser: [0mBSON parser: type: '8' key: 'reliable'
[0m[95m [1776432815.347343] BSON Parser: [0mBSON parser: boolean false
[0m[95m [1776432815.347349] BSON Message: [0mBSON parser: debug .
[0m[95m [1776432815.347355] BSON Message: [0mBSON parser: debug . 0 reliable 
[0m[95m [1776432815.347361] BSON Parser: [0mBSON parser: type: '16' key: 'seq_no'
[0m[95m [1776432815.347367] BSON Parser: [0mBSON parser: int32:
[0m[95m [1776432815.347373] BSON Parser: [0m17
[0m[95m [1776432815.347381] BSON Parser: [0mBSON parser: type: '8' key: 'end_marker'
[0m[95m [1776432815.347387] BSON Parser: [0mBSON parser: boolean true
[0m[95m [1776432815.347393] BSON Message: [0mBSON parser: debug .
[0m[95m [1776432815.347401] BSON Message: [0mBSON parser: debug . 0 end_marker 
[0m[95m [1776432815.347407] BSON Parser: [0mBSON parser: type: '8' key: 'fragmented'
[0m[95m [1776432815.347414] BSON Parser: [0mBSON parser: boolean false
[0m[95m [1776432815.347420] BSON Message: [0mBSON parser: debug .
[0m[95m [1776432815.347425] BSON Message: [0mBSON parser: debug . 0 fragmented 
[0m[95m [1776432815.347432] BSON Parser: [0mBSON parser: type: '8' key: 'utilize_timestamp'
[0m[95m [1776432815.347438] BSON Parser: [0mBSON parser: boolean false
[0m[95m [1776432815.347444] BSON Message: [0mBSON parser: debug .
[0m[95m [1776432815.347450] BSON Message: [0mBSON parser: debug . 0 utilize_timestamp 
[0m[95m [1776432815.347456] BSON Parser: [0mBSON parser: type: '16' key: 'frag_no'
[0m[95m [1776432815.347463] BSON Parser: [0mBSON parser: int32:
[0m[95m [1776432815.347469] BSON Parser: [0m0
[0m[95m [1776432815.347476] BSON Parser: [0mBSON parser: type: '16' key: 'frag_total'
[0m[95m [1776432815.347486] BSON Parser: [0mBSON parser: int32:
[0m[95m [1776432815.347492] BSON Parser: [0m1
[0m[95m [1776432815.347499] BSON Parser: [0mBSON parser: type: '3' key: 'data'
[0m[95m [1776432815.347506] BSON Parser: [0mBSON parser: object
[0m[95m [1776432815.347512] BSON Parser: [0mParsing client packet
[0m[95m [1776432815.347519] BSON Parser: [0mDocument length: 46 bytes
[0m[95m [1776432815.347525] BSON Parser: [0mBSON parser: type: '16' key: 'sensor_type'
[0m[95m [1776432815.347532] BSON Parser: [0mBSON parser: int32:
[0m[95m [1776432815.347539] BSON Parser: [0m2
[0m[91m [1776432815.347546] BSON Message: [0mInside sensor type parsing.
[91m [1776432815.347551] BSON Message: [0mInside sensor type parsing end.
[95m [1776432815.347555] BSON Parser: [0mBSON parser: type: '2' key: 'sid'
[0m[95m [1776432815.347562] BSON Parser: [0mBSON parser: string
[0m[95m [1776432815.347568] BSON Parser: [0mBSON parser: 8 'device_0'
[0m[91m [1776432815.347575] BSON Message: [0mInside sid parsing
[95m [1776432815.347580] BSON Parser: [0mBSON parser: type: '8' key: 'dev'
[0m[95m [1776432815.347587] BSON Parser: [0mBSON parser: boolean true
[0m[95m [1776432815.347594] BSON Message: [0mBSON parser: debug .
[0m[95m [1776432815.347602] BSON Message: [0mBSON parser: debug . 0 dev 
[0m[95m [1776432815.347609] BSON Parser: [0mBSON parser: return. 46 length document has 46 bytes.
[0m[95m [1776432815.347616] BSON Parser: [0mBSON parser: return. 165 length document has 165 bytes.
[0m[95m [1776432815.347624] Transport: [0mComing to handle fragmentation 2
[0m[91m [1776432815.347632] Client: [0m---before writing in log upd_msg->seq_no= 17
[91m [1776432815.347636] Client: [0m---before writing in log upd_msg->type= 4
[91m [1776432815.347641] Client: [0m---before writing in log upd_msg->frag_no= 0
[91m [1776432815.347646] Client: [0m---before writing in log upd_msg->reliable= 0
[91m [1776432815.347651] Client: [0m---before writing in log upd_msg->data.sensor_type= 2
[91m [1776432815.347657] Client: [0m---before writing in log upd_msg->data.sid= device_0
[91m [1776432815.347662] Client: [0m---after writing in log upd_msg->seq_no = 17
[91m [1776432815.347667] Client: [0m---after writing in log upd_msg->data.sensor_type = 2
[91m [1776432815.347672] Client: [0m---after writing in log upd_msg->reliable = 0
[95m [1776432817.110302] Transport: [0mReceived 165 bytes
[0m[95m [1776432817.110318] BSON Parser: [0mParsing client packet
[0m[95m [1776432817.110326] BSON Parser: [0mDocument length: 165 bytes
[0m[95m [1776432817.110334] BSON Parser: [0mBSON parser: type: '16' key: 'type'
[0m[95m [1776432817.110341] BSON Parser: [0mBSON parser: int32:
[0m[95m [1776432817.110349] BSON Parser: [0m4
[0m[95m [1776432817.110355] BSON Parser: [0mBSON parser: type: '8' key: 'reliable'
[0m[95m [1776432817.110362] BSON Parser: [0mBSON parser: boolean false
[0m[95m [1776432817.110368] BSON Message: [0mBSON parser: debug .
[0m[95m [1776432817.110375] BSON Message: [0mBSON parser: debug . 0 reliable 
[0m[95m [1776432817.110381] BSON Parser: [0mBSON parser: type: '16' key: 'seq_no'
[0m[95m [1776432817.110388] BSON Parser: [0mBSON parser: int32:
[0m[95m [1776432817.110395] BSON Parser: [0m18
[0m[95m [1776432817.110402] BSON Parser: [0mBSON parser: type: '8' key: 'end_marker'
[0m[95m [1776432817.110409] BSON Parser: [0mBSON parser: boolean true
[0m[95m [1776432817.110418] BSON Message: [0mBSON parser: debug .
[0m[95m [1776432817.110425] BSON Message: [0mBSON parser: debug . 0 end_marker 
[0m[95m [1776432817.110432] BSON Parser: [0mBSON parser: type: '8' key: 'fragmented'
[0m[95m [1776432817.110438] BSON Parser: [0mBSON parser: boolean false
[0m[95m [1776432817.110445] BSON Message: [0mBSON parser: debug .
[0m[95m [1776432817.110451] BSON Message: [0mBSON parser: debug . 0 fragmented 
[0m[95m [1776432817.110458] BSON Parser: [0mBSON parser: type: '8' key: 'utilize_timestamp'
[0m[95m [1776432817.110465] BSON Parser: [0mBSON parser: boolean false
[0m[95m [1776432817.110488] BSON Message: [0mBSON parser: debug .
[0m[95m [1776432817.110494] BSON Message: [0mBSON parser: debug . 0 utilize_timestamp 
[0m[95m [1776432817.110501] BSON Parser: [0mBSON parser: type: '16' key: 'frag_no'
[0m[95m [1776432817.110508] BSON Parser: [0mBSON parser: int32:
[0m[95m [1776432817.110514] BSON Parser: [0m0
[0m[95m [1776432817.110521] BSON Parser: [0mBSON parser: type: '16' key: 'frag_total'
[0m[95m [1776432817.110527] BSON Parser: [0mBSON parser: int32:
[0m[95m [1776432817.110534] BSON Parser: [0m1
[0m[95m [1776432817.110541] BSON Parser: [0mBSON parser: type: '3' key: 'data'
[0m[95m [1776432817.110547] BSON Parser: [0mBSON parser: object
[0m[95m [1776432817.110553] BSON Parser: [0mParsing client packet
[0m[95m [1776432817.110560] BSON Parser: [0mDocument length: 46 bytes
[0m[95m [1776432817.110566] BSON Parser: [0mBSON parser: type: '16' key: 'sensor_type'
[0m[95m [1776432817.110575] BSON Parser: [0mBSON parser: int32:
[0m[95m [1776432817.110581] BSON Parser: [0m2
[0m[91m [1776432817.110588] BSON Message: [0mInside sensor type parsing.
[91m [1776432817.110592] BSON Message: [0mInside sensor type parsing end.
[95m [1776432817.110597] BSON Parser: [0mBSON parser: type: '2' key: 'sid'
[0m[95m [1776432817.110603] BSON Parser: [0mBSON parser: string
[0m[95m [1776432817.110610] BSON Parser: [0mBSON parser: 8 'device_0'
[0m[91m [1776432817.110616] BSON Message: [0mInside sid parsing
[95m [1776432817.110621] BSON Parser: [0mBSON parser: type: '8' key: 'dev'
[0m[95m [1776432817.110628] BSON Parser: [0mBSON parser: boolean true
[0m[95m [1776432817.110634] BSON Message: [0mBSON parser: debug .
[0m[95m [1776432817.110641] BSON Message: [0mBSON parser: debug . 0 dev 
[0m[95m [1776432817.110647] BSON Parser: [0mBSON parser: return. 46 length document has 46 bytes.
[0m[95m [1776432817.110654] BSON Parser: [0mBSON parser: return. 165 length document has 165 bytes.
[0m[95m [1776432817.110660] Transport: [0mComing to handle fragmentation 2
[0m[91m [1776432817.110668] Client: [0m---before writing in log upd_msg->seq_no= 18
[91m [1776432817.110673] Client: [0m---before writing in log upd_msg->type= 4
[91m [1776432817.110677] Client: [0m---before writing in log upd_msg->frag_no= 0
[91m [1776432817.110681] Client: [0m---before writing in log upd_msg->reliable= 0
[91m [1776432817.110686] Client: [0m---before writing in log upd_msg->data.sensor_type= 2
[91m [1776432817.110690] Client: [0m---before writing in log upd_msg->data.sid= device_0
[91m [1776432817.110695] Client: [0m---after writing in log upd_msg->seq_no = 18
[91m [1776432817.110714] Client: [0m---after writing in log upd_msg->data.sensor_type = 2
[91m [1776432817.110718] Client: [0m---after writing in log upd_msg->reliable = 0
[95m [1776432818.720054] Client: [0mTimeout reached, sending keep_alive.
[0m[95m [1776432818.775396] Transport: [0mReceived 165 bytes
[0m[95m [1776432818.775420] BSON Parser: [0mParsing client packet
[0m[95m [1776432818.775456] BSON Parser: [0mDocument length: 165 bytes
[0m[95m [1776432818.775471] BSON Parser: [0mBSON parser: type: '16' key: 'type'
[0m[95m [1776432818.775501] BSON Parser: [0mBSON parser: int32:
[0m[95m [1776432818.775519] BSON Parser: [0m4
[0m[95m [1776432818.775526] BSON Parser: [0mBSON parser: type: '8' key: 'reliable'
[0m[95m [1776432818.775550] BSON Parser: [0mBSON parser: boolean false
[0m[95m [1776432818.775562] BSON Message: [0mBSON parser: debug .
[0m[95m [1776432818.775573] BSON Message: [0mBSON parser: debug . 0 reliable 
[0m[95m [1776432818.775579] BSON Parser: [0mBSON parser: type: '16' key: 'seq_no'
[0m[95m [1776432818.775586] BSON Parser: [0mBSON parser: int32:
[0m[95m [1776432818.775592] BSON Parser: [0m19
[0m[95m [1776432818.775598] BSON Parser: [0mBSON parser: type: '8' key: 'end_marker'
[0m[95m [1776432818.775603] BSON Parser: [0mBSON parser: boolean true
[0m[95m [1776432818.775609] BSON Message: [0mBSON parser: debug .
[0m[95m [1776432818.775615] BSON Message: [0mBSON parser: debug . 0 end_marker 
[0m[95m [1776432818.775624] BSON Parser: [0mBSON parser: type: '8' key: 'fragmented'
[0m[95m [1776432818.775629] BSON Parser: [0mBSON parser: boolean false
[0m[95m [1776432818.775635] BSON Message: [0mBSON parser: debug .
[0m[95m [1776432818.775642] BSON Message: [0mBSON parser: debug . 0 fragmented 
[0m[95m [1776432818.775648] BSON Parser: [0mBSON parser: type: '8' key: 'utilize_timestamp'
[0m[95m [1776432818.775655] BSON Parser: [0mBSON parser: boolean false
[0m[95m [1776432818.775661] BSON Message: [0mBSON parser: debug .
[0m[95m [1776432818.775670] BSON Message: [0mBSON parser: debug . 0 utilize_timestamp 
[0m[95m [1776432818.775677] BSON Parser: [0mBSON parser: type: '16' key: 'frag_no'
[0m[95m [1776432818.775683] BSON Parser: [0mBSON parser: int32:
[0m[95m [1776432818.775688] BSON Parser: [0m0
[0m[95m [1776432818.775695] BSON Parser: [0mBSON parser: type: '16' key: 'frag_total'
[0m[95m [1776432818.775701] BSON Parser: [0mBSON parser: int32:
[0m[95m [1776432818.775706] BSON Parser: [0m1
[0m[95m [1776432818.775713] BSON Parser: [0mBSON parser: type: '3' key: 'data'
[0m[95m [1776432818.775719] BSON Parser: [0mBSON parser: object
[0m[95m [1776432818.775725] BSON Parser: [0mParsing client packet
[0m[95m [1776432818.775731] BSON Parser: [0mDocument length: 46 bytes
[0m[95m [1776432818.775738] BSON Parser: [0mBSON parser: type: '16' key: 'sensor_type'
[0m[95m [1776432818.775745] BSON Parser: [0mBSON parser: int32:
[0m[95m [1776432818.775751] BSON Parser: [0m2
[0m[91m [1776432818.775758] BSON Message: [0mInside sensor type parsing.
[91m [1776432818.775763] BSON Message: [0mInside sensor type parsing end.
[95m [1776432818.775767] BSON Parser: [0mBSON parser: type: '2' key: 'sid'
[0m[95m [1776432818.775772] BSON Parser: [0mBSON parser: string
[0m[95m [1776432818.775778] BSON Parser: [0mBSON parser: 8 'device_0'
[0m[91m [1776432818.775784] BSON Message: [0mInside sid parsing
[95m [1776432818.775789] BSON Parser: [0mBSON parser: type: '8' key: 'dev'
[0m[95m [1776432818.775794] BSON Parser: [0mBSON parser: boolean false
[0m[95m [1776432818.775802] BSON Message: [0mBSON parser: debug .
[0m[95m [1776432818.775808] BSON Message: [0mBSON parser: debug . 0 dev 
[0m[95m [1776432818.775813] BSON Parser: [0mBSON parser: return. 46 length document has 46 bytes.
[0m[95m [1776432818.775819] BSON Parser: [0mBSON parser: return. 165 length document has 165 bytes.
[0m[95m [1776432818.775825] Transport: [0mComing to handle fragmentation 2
[0m[91m [1776432818.775832] Client: [0m---before writing in log upd_msg->seq_no= 19
[91m [1776432818.775836] Client: [0m---before writing in log upd_msg->type= 4
[91m [1776432818.775840] Client: [0m---before writing in log upd_msg->frag_no= 0
[91m [1776432818.775844] Client: [0m---before writing in log upd_msg->reliable= 0
[91m [1776432818.775848] Client: [0m---before writing in log upd_msg->data.sensor_type= 2
[91m [1776432818.775852] Client: [0m---before writing in log upd_msg->data.sid= device_0
[91m [1776432818.775857] Client: [0m---after writing in log upd_msg->seq_no = 19
[91m [1776432818.775861] Client: [0m---after writing in log upd_msg->data.sensor_type = 2
[91m [1776432818.775865] Client: [0m---after writing in log upd_msg->reliable = 0
[95m [1776432819.287170] Transport: [0mReceived 165 bytes
[0m[95m [1776432819.287183] BSON Parser: [0mParsing client packet
[0m[95m [1776432819.287187] BSON Parser: [0mDocument length: 165 bytes
[0m[95m [1776432819.287193] BSON Parser: [0mBSON parser: type: '16' key: 'type'
[0m[95m [1776432819.287201] BSON Parser: [0mBSON parser: int32:
[0m[95m [1776432819.287208] BSON Parser: [0m4
[0m[95m [1776432819.287215] BSON Parser: [0mBSON parser: type: '8' key: 'reliable'
[0m[95m [1776432819.287221] BSON Parser: [0mBSON parser: boolean false
[0m[95m [1776432819.287228] BSON Message: [0mBSON parser: debug .
[0m[95m [1776432819.287233] BSON Message: [0mBSON parser: debug . 0 reliable 
[0m[95m [1776432819.287241] BSON Parser: [0mBSON parser: type: '16' key: 'seq_no'
[0m[95m [1776432819.287247] BSON Parser: [0mBSON parser: int32:
[0m[95m [1776432819.287253] BSON Parser: [0m20
[0m[95m [1776432819.287259] BSON Parser: [0mBSON parser: type: '8' key: 'end_marker'
[0m[95m [1776432819.287265] BSON Parser: [0mBSON parser: boolean true
[0m[95m [1776432819.287270] BSON Message: [0mBSON parser: debug .
[0m[95m [1776432819.287275] BSON Message: [0mBSON parser: debug . 0 end_marker 
[0m[95m [1776432819.287281] BSON Parser: [0mBSON parser: type: '8' key: 'fragmented'
[0m[95m [1776432819.287287] BSON Parser: [0mBSON parser: boolean false
[0m[95m [1776432819.287293] BSON Message: [0mBSON parser: debug .
[0m[95m [1776432819.287298] BSON Message: [0mBSON parser: debug . 0 fragmented 
[0m[95m [1776432819.287303] BSON Parser: [0mBSON parser: type: '8' key: 'utilize_timestamp'
[0m[95m [1776432819.287309] BSON Parser: [0mBSON parser: boolean false
[0m[95m [1776432819.287314] BSON Message: [0mBSON parser: debug .
[0m[95m [1776432819.287320] BSON Message: [0mBSON parser: debug . 0 utilize_timestamp 
[0m[95m [1776432819.287326] BSON Parser: [0mBSON parser: type: '16' key: 'frag_no'
[0m[95m [1776432819.287331] BSON Parser: [0mBSON parser: int32:
[0m[95m [1776432819.287339] BSON Parser: [0m0
[0m[95m [1776432819.287345] BSON Parser: [0mBSON parser: type: '16' key: 'frag_total'
[0m[95m [1776432819.287350] BSON Parser: [0mBSON parser: int32:
[0m[95m [1776432819.287356] BSON Parser: [0m1
[0m[95m [1776432819.287361] BSON Parser: [0mBSON parser: type: '3' key: 'data'
[0m[95m [1776432819.287367] BSON Parser: [0mBSON parser: object
[0m[95m [1776432819.287373] BSON Parser: [0mParsing client packet
[0m[95m [1776432819.287378] BSON Parser: [0mDocument length: 46 bytes
[0m[95m [1776432819.287384] BSON Parser: [0mBSON parser: type: '16' key: 'sensor_type'
[0m[95m [1776432819.287389] BSON Parser: [0mBSON parser: int32:
[0m[95m [1776432819.287395] BSON Parser: [0m2
[0m[91m [1776432819.287401] BSON Message: [0mInside sensor type parsing.
[91m [1776432819.287405] BSON Message: [0mInside sensor type parsing end.
[95m [1776432819.287409] BSON Parser: [0mBSON parser: type: '2' key: 'sid'
[0m[95m [1776432819.287414] BSON Parser: [0mBSON parser: string
[0m[95m [1776432819.287420] BSON Parser: [0mBSON parser: 8 'device_0'
[0m[91m [1776432819.287426] BSON Message: [0mInside sid parsing
[95m [1776432819.287430] BSON Parser: [0mBSON parser: type: '8' key: 'dev'
[0m[95m [1776432819.287436] BSON Parser: [0mBSON parser: boolean true
[0m[95m [1776432819.287441] BSON Message: [0mBSON parser: debug .
[0m[95m [1776432819.287447] BSON Message: [0mBSON parser: debug . 0 dev 
[0m[95m [1776432819.287452] BSON Parser: [0mBSON parser: return. 46 length document has 46 bytes.
[0m[95m [1776432819.287458] BSON Parser: [0mBSON parser: return. 165 length document has 165 bytes.
[0m[95m [1776432819.287465] Transport: [0mComing to handle fragmentation 2
[0m[91m [1776432819.287471] Client: [0m---before writing in log upd_msg->seq_no= 20
[91m [1776432819.287475] Client: [0m---before writing in log upd_msg->type= 4
[91m [1776432819.287479] Client: [0m---before writing in log upd_msg->frag_no= 0
[91m [1776432819.287483] Client: [0m---before writing in log upd_msg->reliable= 0
[91m [1776432819.287487] Client: [0m---before writing in log upd_msg->data.sensor_type= 2
[91m [1776432819.287491] Client: [0m---before writing in log upd_msg->data.sid= device_0
[91m [1776432819.287495] Client: [0m---after writing in log upd_msg->seq_no = 20
[91m [1776432819.287500] Client: [0m---after writing in log upd_msg->data.sensor_type = 2
[91m [1776432819.287503] Client: [0m---after writing in log upd_msg->reliable = 0
[95m [1776432819.342397] Transport: [0mReceived 165 bytes
[0m[95m [1776432819.342414] BSON Parser: [0mParsing client packet
[0m[95m [1776432819.342422] BSON Parser: [0mDocument length: 165 bytes
[0m[95m [1776432819.342429] BSON Parser: [0mBSON parser: type: '16' key: 'type'
[0m[95m [1776432819.342443] BSON Parser: [0mBSON parser: int32:
[0m[95m [1776432819.342451] BSON Parser: [0m4
[0m[95m [1776432819.342459] BSON Parser: [0mBSON parser: type: '8' key: 'reliable'
[0m[95m [1776432819.342467] BSON Parser: [0mBSON parser: boolean false
[0m[95m [1776432819.342474] BSON Message: [0mBSON parser: debug .
[0m[95m [1776432819.342481] BSON Message: [0mBSON parser: debug . 0 reliable 
[0m[95m [1776432819.342489] BSON Parser: [0mBSON parser: type: '16' key: 'seq_no'
[0m[95m [1776432819.342496] BSON Parser: [0mBSON parser: int32:
[0m[95m [1776432819.342504] BSON Parser: [0m21
[0m[95m [1776432819.342511] BSON Parser: [0mBSON parser: type: '8' key: 'end_marker'
[0m[95m [1776432819.342519] BSON Parser: [0mBSON parser: boolean true
[0m[95m [1776432819.342526] BSON Message: [0mBSON parser: debug .
[0m[95m [1776432819.342533] BSON Message: [0mBSON parser: debug . 0 end_marker 
[0m[95m [1776432819.342540] BSON Parser: [0mBSON parser: type: '8' key: 'fragmented'
[0m[95m [1776432819.342546] BSON Parser: [0mBSON parser: boolean false
[0m[95m [1776432819.342550] BSON Message: [0mBSON parser: debug .
[0m[95m [1776432819.342555] BSON Message: [0mBSON parser: debug . 0 fragmented 
[0m[95m [1776432819.342559] BSON Parser: [0mBSON parser: type: '8' key: 'utilize_timestamp'
[0m[95m [1776432819.342564] BSON Parser: [0mBSON parser: boolean false
[0m[95m [1776432819.342568] BSON Message: [0mBSON parser: debug .
[0m[95m [1776432819.342573] BSON Message: [0mBSON parser: debug . 0 utilize_timestamp 
[0m[95m [1776432819.342578] BSON Parser: [0mBSON parser: type: '16' key: 'frag_no'
[0m[95m [1776432819.342582] BSON Parser: [0mBSON parser: int32:
[0m[95m [1776432819.342587] BSON Parser: [0m0
[0m[95m [1776432819.342591] BSON Parser: [0mBSON parser: type: '16' key: 'frag_total'
[0m[95m [1776432819.342596] BSON Parser: [0mBSON parser: int32:
[0m[95m [1776432819.342600] BSON Parser: [0m1
[0m[95m [1776432819.342605] BSON Parser: [0mBSON parser: type: '3' key: 'data'
[0m[95m [1776432819.342610] BSON Parser: [0mBSON parser: object
[0m[95m [1776432819.342614] BSON Parser: [0mParsing client packet
[0m[95m [1776432819.342619] BSON Parser: [0mDocument length: 46 bytes
[0m[95m [1776432819.342624] BSON Parser: [0mBSON parser: type: '16' key: 'sensor_type'
[0m[95m [1776432819.342628] BSON Parser: [0mBSON parser: int32:
[0m[95m [1776432819.342632] BSON Parser: [0m2
[0m[91m [1776432819.342637] BSON Message: [0mInside sensor type parsing.
[91m [1776432819.342640] BSON Message: [0mInside sensor type parsing end.
[95m [1776432819.342643] BSON Parser: [0mBSON parser: type: '2' key: 'sid'
[0m[95m [1776432819.342648] BSON Parser: [0mBSON parser: string
[0m[95m [1776432819.342653] BSON Parser: [0mBSON parser: 8 'device_0'
[0m[91m [1776432819.342657] BSON Message: [0mInside sid parsing
[95m [1776432819.342661] BSON Parser: [0mBSON parser: type: '8' key: 'dev'
[0m[95m [1776432819.342665] BSON Parser: [0mBSON parser: boolean false
[0m[95m [1776432819.342670] BSON Message: [0mBSON parser: debug .
[0m[95m [1776432819.342691] BSON Message: [0mBSON parser: debug . 0 dev 
[0m[95m [1776432819.342697] BSON Parser: [0mBSON parser: return. 46 length document has 46 bytes.
[0m[95m [1776432819.342702] BSON Parser: [0mBSON parser: return. 165 length document has 165 bytes.
[0m[95m [1776432819.342708] Transport: [0mComing to handle fragmentation 2
[0m[91m [1776432819.342713] Client: [0m---before writing in log upd_msg->seq_no= 21
[91m [1776432819.342717] Client: [0m---before writing in log upd_msg->type= 4
[91m [1776432819.342721] Client: [0m---before writing in log upd_msg->frag_no= 0
[91m [1776432819.342724] Client: [0m---before writing in log upd_msg->reliable= 0
[91m [1776432819.342728] Client: [0m---before writing in log upd_msg->data.sensor_type= 2
[91m [1776432819.342732] Client: [0m---before writing in log upd_msg->data.sid= device_0
[91m [1776432819.342736] Client: [0m---after writing in log upd_msg->seq_no = 21
[91m [1776432819.342743] Client: [0m---after writing in log upd_msg->data.sensor_type = 2
[91m [1776432819.342746] Client: [0m---after writing in log upd_msg->reliable = 0
[95m [1776432823.238477] Transport: [0mReceived 165 bytes
[0m[95m [1776432823.238494] BSON Parser: [0mParsing client packet
[0m[95m [1776432823.238501] BSON Parser: [0mDocument length: 165 bytes
[0m[95m [1776432823.238510] BSON Parser: [0mBSON parser: type: '16' key: 'type'
[0m[95m [1776432823.238516] BSON Parser: [0mBSON parser: int32:
[0m[95m [1776432823.238523] BSON Parser: [0m4
[0m[95m [1776432823.238530] BSON Parser: [0mBSON parser: type: '8' key: 'reliable'
[0m[95m [1776432823.238537] BSON Parser: [0mBSON parser: boolean false
[0m[95m [1776432823.238543] BSON Message: [0mBSON parser: debug .
[0m[95m [1776432823.238550] BSON Message: [0mBSON parser: debug . 0 reliable 
[0m[95m [1776432823.238557] BSON Parser: [0mBSON parser: type: '16' key: 'seq_no'
[0m[95m [1776432823.238565] BSON Parser: [0mBSON parser: int32:
[0m[95m [1776432823.238571] BSON Parser: [0m22
[0m[95m [1776432823.238578] BSON Parser: [0mBSON parser: type: '8' key: 'end_marker'
[0m[95m [1776432823.238585] BSON Parser: [0mBSON parser: boolean true
[0m[95m [1776432823.238591] BSON Message: [0mBSON parser: debug .
[0m[95m [1776432823.238601] BSON Message: [0mBSON parser: debug . 0 end_marker 
[0m[95m [1776432823.238608] BSON Parser: [0mBSON parser: type: '8' key: 'fragmented'
[0m[95m [1776432823.238614] BSON Parser: [0mBSON parser: boolean false
[0m[95m [1776432823.238620] BSON Message: [0mBSON parser: debug .
[0m[95m [1776432823.238627] BSON Message: [0mBSON parser: debug . 0 fragmented 
[0m[95m [1776432823.238634] BSON Parser: [0mBSON parser: type: '8' key: 'utilize_timestamp'
[0m[95m [1776432823.238641] BSON Parser: [0mBSON parser: boolean false
[0m[95m [1776432823.238647] BSON Message: [0mBSON parser: debug .
[0m[95m [1776432823.238654] BSON Message: [0mBSON parser: debug . 0 utilize_timestamp 
[0m[95m [1776432823.238661] BSON Parser: [0mBSON parser: type: '16' key: 'frag_no'
[0m[95m [1776432823.238668] BSON Parser: [0mBSON parser: int32:
[0m[95m [1776432823.238674] BSON Parser: [0m0
[0m[95m [1776432823.238680] BSON Parser: [0mBSON parser: type: '16' key: 'frag_total'
[0m[95m [1776432823.238686] BSON Parser: [0mBSON parser: int32:
[0m[95m [1776432823.238692] BSON Parser: [0m1
[0m[95m [1776432823.238700] BSON Parser: [0mBSON parser: type: '3' key: 'data'
[0m[95m [1776432823.238706] BSON Parser: [0mBSON parser: object
[0m[95m [1776432823.238713] BSON Parser: [0mParsing client packet
[0m[95m [1776432823.238719] BSON Parser: [0mDocument length: 46 bytes
[0m[95m [1776432823.238726] BSON Parser: [0mBSON parser: type: '16' key: 'sensor_type'
[0m[95m [1776432823.238733] BSON Parser: [0mBSON parser: int32:
[0m[95m [1776432823.238741] BSON Parser: [0m2
[0m[91m [1776432823.238747] BSON Message: [0mInside sensor type parsing.
[91m [1776432823.238752] BSON Message: [0mInside sensor type parsing end.
[95m [1776432823.238757] BSON Parser: [0mBSON parser: type: '2' key: 'sid'
[0m[95m [1776432823.238763] BSON Parser: [0mBSON parser: string
[0m[95m [1776432823.238770] BSON Parser: [0mBSON parser: 8 'device_0'
[0m[91m [1776432823.238776] BSON Message: [0mInside sid parsing
[95m [1776432823.238781] BSON Parser: [0mBSON parser: type: '8' key: 'dev'
[0m[95m [1776432823.238787] BSON Parser: [0mBSON parser: boolean true
[0m[95m [1776432823.238793] BSON Message: [0mBSON parser: debug .
[0m[95m [1776432823.238798] BSON Message: [0mBSON parser: debug . 0 dev 
[0m[95m [1776432823.238804] BSON Parser: [0mBSON parser: return. 46 length document has 46 bytes.
[0m[95m [1776432823.238811] BSON Parser: [0mBSON parser: return. 165 length document has 165 bytes.
[0m[95m [1776432823.238817] Transport: [0mComing to handle fragmentation 2
[0m[91m [1776432823.238824] Client: [0m---before writing in log upd_msg->seq_no= 22
[91m [1776432823.238834] Client: [0m---before writing in log upd_msg->type= 4
[91m [1776432823.238838] Client: [0m---before writing in log upd_msg->frag_no= 0
[91m [1776432823.238842] Client: [0m---before writing in log upd_msg->reliable= 0
[91m [1776432823.238846] Client: [0m---before writing in log upd_msg->data.sensor_type= 2
[91m [1776432823.238850] Client: [0m---before writing in log upd_msg->data.sid= device_0
[91m [1776432823.238855] Client: [0m---after writing in log upd_msg->seq_no = 22
[91m [1776432823.238859] Client: [0m---after writing in log upd_msg->data.sensor_type = 2
[91m [1776432823.238863] Client: [0m---after writing in log upd_msg->reliable = 0
[95m [1776432823.296319] Transport: [0mReceived 165 bytes
[0m[95m [1776432823.296338] BSON Parser: [0mParsing client packet
[0m[95m [1776432823.296344] BSON Parser: [0mDocument length: 165 bytes
[0m[95m [1776432823.296351] BSON Parser: [0mBSON parser: type: '16' key: 'type'
[0m[95m [1776432823.296358] BSON Parser: [0mBSON parser: int32:
[0m[95m [1776432823.296364] BSON Parser: [0m4
[0m[95m [1776432823.296370] BSON Parser: [0mBSON parser: type: '8' key: 'reliable'
[0m[95m [1776432823.296378] BSON Parser: [0mBSON parser: boolean false
[0m[95m [1776432823.296384] BSON Message: [0mBSON parser: debug .
[0m[95m [1776432823.296391] BSON Message: [0mBSON parser: debug . 0 reliable 
[0m[95m [1776432823.296397] BSON Parser: [0mBSON parser: type: '16' key: 'seq_no'
[0m[95m [1776432823.296404] BSON Parser: [0mBSON parser: int32:
[0m[95m [1776432823.296410] BSON Parser: [0m23
[0m[95m [1776432823.296417] BSON Parser: [0mBSON parser: type: '8' key: 'end_marker'
[0m[95m [1776432823.296425] BSON Parser: [0mBSON parser: boolean true
[0m[95m [1776432823.296431] BSON Message: [0mBSON parser: debug .
[0m[95m [1776432823.296438] BSON Message: [0mBSON parser: debug . 0 end_marker 
[0m[95m [1776432823.296445] BSON Parser: [0mBSON parser: type: '8' key: 'fragmented'
[0m[95m [1776432823.296452] BSON Parser: [0mBSON parser: boolean false
[0m[95m [1776432823.296458] BSON Message: [0mBSON parser: debug .
[0m[95m [1776432823.296465] BSON Message: [0mBSON parser: debug . 0 fragmented 
[0m[95m [1776432823.296472] BSON Parser: [0mBSON parser: type: '8' key: 'utilize_timestamp'
[0m[95m [1776432823.296479] BSON Parser: [0mBSON parser: boolean false
[0m[95m [1776432823.296486] BSON Message: [0mBSON parser: debug .
[0m[95m [1776432823.296492] BSON Message: [0mBSON parser: debug . 0 utilize_timestamp 
[0m[95m [1776432823.296499] BSON Parser: [0mBSON parser: type: '16' key: 'frag_no'
[0m[95m [1776432823.296506] BSON Parser: [0mBSON parser: int32:
[0m[95m [1776432823.296511] BSON Parser: [0m0
[0m[95m [1776432823.296517] BSON Parser: [0mBSON parser: type: '16' key: 'frag_total'
[0m[95m [1776432823.296524] BSON Parser: [0mBSON parser: int32:
[0m[95m [1776432823.296530] BSON Parser: [0m1
[0m[95m [1776432823.296537] BSON Parser: [0mBSON parser: type: '3' key: 'data'
[0m[95m [1776432823.296543] BSON Parser: [0mBSON parser: object
[0m[95m [1776432823.296548] BSON Parser: [0mParsing client packet
[0m[95m [1776432823.296554] BSON Parser: [0mDocument length: 46 bytes
[0m[95m [1776432823.296561] BSON Parser: [0mBSON parser: type: '16' key: 'sensor_type'
[0m[95m [1776432823.296567] BSON Parser: [0mBSON parser: int32:
[0m[95m [1776432823.296573] BSON Parser: [0m2
[0m[91m [1776432823.296579] BSON Message: [0mInside sensor type parsing.
[91m [1776432823.296584] BSON Message: [0mInside sensor type parsing end.
[95m [1776432823.296588] BSON Parser: [0mBSON parser: type: '2' key: 'sid'
[0m[95m [1776432823.296594] BSON Parser: [0mBSON parser: string
[0m[95m [1776432823.296600] BSON Parser: [0mBSON parser: 8 'device_0'
[0m[91m [1776432823.296606] BSON Message: [0mInside sid parsing
[95m [1776432823.296610] BSON Parser: [0mBSON parser: type: '8' key: 'dev'
[0m[95m [1776432823.296616] BSON Parser: [0mBSON parser: boolean false
[0m[95m [1776432823.296622] BSON Message: [0mBSON parser: debug .
[0m[95m [1776432823.296634] BSON Message: [0mBSON parser: debug . 0 dev 
[0m[95m [1776432823.296641] BSON Parser: [0mBSON parser: return. 46 length document has 46 bytes.
[0m[95m [1776432823.296647] BSON Parser: [0mBSON parser: return. 165 length document has 165 bytes.
[0m[95m [1776432823.296654] Transport: [0mComing to handle fragmentation 2
[0m[91m [1776432823.296663] Client: [0m---before writing in log upd_msg->seq_no= 23
[91m [1776432823.296668] Client: [0m---before writing in log upd_msg->type= 4
[91m [1776432823.296672] Client: [0m---before writing in log upd_msg->frag_no= 0
[91m [1776432823.296676] Client: [0m---before writing in log upd_msg->reliable= 0
[91m [1776432823.296680] Client: [0m---before writing in log upd_msg->data.sensor_type= 2
[91m [1776432823.296684] Client: [0m---before writing in log upd_msg->data.sid= device_0
[91m [1776432823.296689] Client: [0m---after writing in log upd_msg->seq_no = 23
[91m [1776432823.296693] Client: [0m---after writing in log upd_msg->data.sensor_type = 2
[91m [1776432823.296698] Client: [0m---after writing in log upd_msg->reliable = 0
[95m [1776432823.397478] Transport: [0mReceived 165 bytes
[0m[95m [1776432823.397497] BSON Parser: [0mParsing client packet
[0m[95m [1776432823.397505] BSON Parser: [0mDocument length: 165 bytes
[0m[95m [1776432823.397512] BSON Parser: [0mBSON parser: type: '16' key: 'type'
[0m[95m [1776432823.397519] BSON Parser: [0mBSON parser: int32:
[0m[95m [1776432823.397528] BSON Parser: [0m4
[0m[95m [1776432823.397535] BSON Parser: [0mBSON parser: type: '8' key: 'reliable'
[0m[95m [1776432823.397542] BSON Parser: [0mBSON parser: boolean false
[0m[95m [1776432823.397549] BSON Message: [0mBSON parser: debug .
[0m[95m [1776432823.397555] BSON Message: [0mBSON parser: debug . 0 reliable 
[0m[95m [1776432823.397562] BSON Parser: [0mBSON parser: type: '16' key: 'seq_no'
[0m[95m [1776432823.397568] BSON Parser: [0mBSON parser: int32:
[0m[95m [1776432823.397574] BSON Parser: [0m24
[0m[95m [1776432823.397581] BSON Parser: [0mBSON parser: type: '8' key: 'end_marker'
[0m[95m [1776432823.397588] BSON Parser: [0mBSON parser: boolean true
[0m[95m [1776432823.397594] BSON Message: [0mBSON parser: debug .
[0m[95m [1776432823.397601] BSON Message: [0mBSON parser: debug . 0 end_marker 
[0m[95m [1776432823.397607] BSON Parser: [0mBSON parser: type: '8' key: 'fragmented'
[0m[95m [1776432823.397615] BSON Parser: [0mBSON parser: boolean false
[0m[95m [1776432823.397621] BSON Message: [0mBSON parser: debug .
[0m[95m [1776432823.397628] BSON Message: [0mBSON parser: debug . 0 fragmented 
[0m[95m [1776432823.397634] BSON Parser: [0mBSON parser: type: '8' key: 'utilize_timestamp'
[0m[95m [1776432823.397641] BSON Parser: [0mBSON parser: boolean false
[0m[95m [1776432823.397647] BSON Message: [0mBSON parser: debug .
[0m[95m [1776432823.397653] BSON Message: [0mBSON parser: debug . 0 utilize_timestamp 
[0m[95m [1776432823.397659] BSON Parser: [0mBSON parser: type: '16' key: 'frag_no'
[0m[95m [1776432823.397666] BSON Parser: [0mBSON parser: int32:
[0m[95m [1776432823.397674] BSON Parser: [0m0
[0m[95m [1776432823.397680] BSON Parser: [0mBSON parser: type: '16' key: 'frag_total'
[0m[95m [1776432823.397686] BSON Parser: [0mBSON parser: int32:
[0m[95m [1776432823.397691] BSON Parser: [0m1
[0m[95m [1776432823.397697] BSON Parser: [0mBSON parser: type: '3' key: 'data'
[0m[95m [1776432823.397704] BSON Parser: [0mBSON parser: object
[0m[95m [1776432823.397710] BSON Parser: [0mParsing client packet
[0m[95m [1776432823.397716] BSON Parser: [0mDocument length: 46 bytes
[0m[95m [1776432823.397723] BSON Parser: [0mBSON parser: type: '16' key: 'sensor_type'
[0m[95m [1776432823.397729] BSON Parser: [0mBSON parser: int32:
[0m[95m [1776432823.397735] BSON Parser: [0m2
[0m[91m [1776432823.397741] BSON Message: [0mInside sensor type parsing.
[91m [1776432823.397745] BSON Message: [0mInside sensor type parsing end.
[95m [1776432823.397756] BSON Parser: [0mBSON parser: type: '2' key: 'sid'
[0m[95m [1776432823.397762] BSON Parser: [0mBSON parser: string
[0m[95m [1776432823.397768] BSON Parser: [0mBSON parser: 8 'device_0'
[0m[91m [1776432823.397774] BSON Message: [0mInside sid parsing
[95m [1776432823.397778] BSON Parser: [0mBSON parser: type: '8' key: 'dev'
[0m[95m [1776432823.397784] BSON Parser: [0mBSON parser: boolean true
[0m[95m [1776432823.397790] BSON Message: [0mBSON parser: debug .
[0m[95m [1776432823.397796] BSON Message: [0mBSON parser: debug . 0 dev 
[0m[95m [1776432823.397803] BSON Parser: [0mBSON parser: return. 46 length document has 46 bytes.
[0m[95m [1776432823.397812] BSON Parser: [0mBSON parser: return. 165 length document has 165 bytes.
[0m[95m [1776432823.397818] Transport: [0mComing to handle fragmentation 2
[0m[91m [1776432823.397824] Client: [0m---before writing in log upd_msg->seq_no= 24
[91m [1776432823.397828] Client: [0m---before writing in log upd_msg->type= 4
[91m [1776432823.397832] Client: [0m---before writing in log upd_msg->frag_no= 0
[91m [1776432823.397836] Client: [0m---before writing in log upd_msg->reliable= 0
[91m [1776432823.397840] Client: [0m---before writing in log upd_msg->data.sensor_type= 2
[91m [1776432823.397844] Client: [0m---before writing in log upd_msg->data.sid= device_0
[91m [1776432823.397849] Client: [0m---after writing in log upd_msg->seq_no = 24
[91m [1776432823.397853] Client: [0m---after writing in log upd_msg->data.sensor_type = 2
[91m [1776432823.397857] Client: [0m---after writing in log upd_msg->reliable = 0
[95m [1776432823.726087] Client: [0mTimeout reached, sending keep_alive.
[0m[95m [1776432825.827903] Transport: [0mReceived 165 bytes
[0m[95m [1776432825.827915] BSON Parser: [0mParsing client packet
[0m[95m [1776432825.827920] BSON Parser: [0mDocument length: 165 bytes
[0m[95m [1776432825.827927] BSON Parser: [0mBSON parser: type: '16' key: 'type'
[0m[95m [1776432825.827933] BSON Parser: [0mBSON parser: int32:
[0m[95m [1776432825.827939] BSON Parser: [0m4
[0m[95m [1776432825.827945] BSON Parser: [0mBSON parser: type: '8' key: 'reliable'
[0m[95m [1776432825.827951] BSON Parser: [0mBSON parser: boolean false
[0m[95m [1776432825.827957] BSON Message: [0mBSON parser: debug .
[0m[95m [1776432825.827962] BSON Message: [0mBSON parser: debug . 0 reliable 
[0m[95m [1776432825.827968] BSON Parser: [0mBSON parser: type: '16' key: 'seq_no'
[0m[95m [1776432825.827976] BSON Parser: [0mBSON parser: int32:
[0m[95m [1776432825.827982] BSON Parser: [0m25
[0m[95m [1776432825.827988] BSON Parser: [0mBSON parser: type: '8' key: 'end_marker'
[0m[95m [1776432825.827994] BSON Parser: [0mBSON parser: boolean true
[0m[95m [1776432825.827999] BSON Message: [0mBSON parser: debug .
[0m[95m [1776432825.828005] BSON Message: [0mBSON parser: debug . 0 end_marker 
[0m[95m [1776432825.828020] BSON Parser: [0mBSON parser: type: '8' key: 'fragmented'
[0m[95m [1776432825.828025] BSON Parser: [0mBSON parser: boolean false
[0m[95m [1776432825.828031] BSON Message: [0mBSON parser: debug .
[0m[95m [1776432825.828036] BSON Message: [0mBSON parser: debug . 0 fragmented 
[0m[95m [1776432825.828042] BSON Parser: [0mBSON parser: type: '8' key: 'utilize_timestamp'
[0m[95m [1776432825.828048] BSON Parser: [0mBSON parser: boolean false
[0m[95m [1776432825.828053] BSON Message: [0mBSON parser: debug .
[0m[95m [1776432825.828059] BSON Message: [0mBSON parser: debug . 0 utilize_timestamp 
[0m[95m [1776432825.828064] BSON Parser: [0mBSON parser: type: '16' key: 'frag_no'
[0m[95m [1776432825.828070] BSON Parser: [0mBSON parser: int32:
[0m[95m [1776432825.828076] BSON Parser: [0m0
[0m[95m [1776432825.828082] BSON Parser: [0mBSON parser: type: '16' key: 'frag_total'
[0m[95m [1776432825.828087] BSON Parser: [0mBSON parser: int32:
[0m[95m [1776432825.828093] BSON Parser: [0m1
[0m[95m [1776432825.828099] BSON Parser: [0mBSON parser: type: '3' key: 'data'
[0m[95m [1776432825.828107] BSON Parser: [0mBSON parser: object
[0m[95m [1776432825.828116] BSON Parser: [0mParsing client packet
[0m[95m [1776432825.828122] BSON Parser: [0mDocument length: 46 bytes
[0m[95m [1776432825.828127] BSON Parser: [0mBSON parser: type: '16' key: 'sensor_type'
[0m[95m [1776432825.828133] BSON Parser: [0mBSON parser: int32:
[0m[95m [1776432825.828139] BSON Parser: [0m2
[0m[91m [1776432825.828144] BSON Message: [0mInside sensor type parsing.
[91m [1776432825.828148] BSON Message: [0mInside sensor type parsing end.
[95m [1776432825.828153] BSON Parser: [0mBSON parser: type: '2' key: 'sid'
[0m[95m [1776432825.828158] BSON Parser: [0mBSON parser: string
[0m[95m [1776432825.828164] BSON Parser: [0mBSON parser: 8 'device_0'
[0m[91m [1776432825.828170] BSON Message: [0mInside sid parsing
[95m [1776432825.828174] BSON Parser: [0mBSON parser: type: '8' key: 'dev'
[0m[95m [1776432825.828179] BSON Parser: [0mBSON parser: boolean true
[0m[95m [1776432825.828185] BSON Message: [0mBSON parser: debug .
[0m[95m [1776432825.828191] BSON Message: [0mBSON parser: debug . 0 dev 
[0m[95m [1776432825.828195] BSON Parser: [0mBSON parser: return. 46 length document has 46 bytes.
[0m[95m [1776432825.828201] BSON Parser: [0mBSON parser: return. 165 length document has 165 bytes.
[0m[95m [1776432825.828208] Transport: [0mComing to handle fragmentation 2
[0m[91m [1776432825.828214] Client: [0m---before writing in log upd_msg->seq_no= 25
[91m [1776432825.828219] Client: [0m---before writing in log upd_msg->type= 4
[91m [1776432825.828223] Client: [0m---before writing in log upd_msg->frag_no= 0
[91m [1776432825.828226] Client: [0m---before writing in log upd_msg->reliable= 0
[91m [1776432825.828231] Client: [0m---before writing in log upd_msg->data.sensor_type= 2
[91m [1776432825.828236] Client: [0m---before writing in log upd_msg->data.sid= device_0
[91m [1776432825.828241] Client: [0m---after writing in log upd_msg->seq_no = 25
[91m [1776432825.828245] Client: [0m---after writing in log upd_msg->data.sensor_type = 2
[91m [1776432825.828248] Client: [0m---after writing in log upd_msg->reliable = 0
[95m [1776432826.590200] Transport: [0mReceived 165 bytes
[0m[95m [1776432826.590212] BSON Parser: [0mParsing client packet
[0m[95m [1776432826.590217] BSON Parser: [0mDocument length: 165 bytes
[0m[95m [1776432826.590223] BSON Parser: [0mBSON parser: type: '16' key: 'type'
[0m[95m [1776432826.590229] BSON Parser: [0mBSON parser: int32:
[0m[95m [1776432826.590235] BSON Parser: [0m4
[0m[95m [1776432826.590241] BSON Parser: [0mBSON parser: type: '8' key: 'reliable'
[0m[95m [1776432826.590248] BSON Parser: [0mBSON parser: boolean false
[0m[95m [1776432826.590253] BSON Message: [0mBSON parser: debug .
[0m[95m [1776432826.590259] BSON Message: [0mBSON parser: debug . 0 reliable 
[0m[95m [1776432826.590265] BSON Parser: [0mBSON parser: type: '16' key: 'seq_no'
[0m[95m [1776432826.590270] BSON Parser: [0mBSON parser: int32:
[0m[95m [1776432826.590276] BSON Parser: [0m26
[0m[95m [1776432826.590282] BSON Parser: [0mBSON parser: type: '8' key: 'end_marker'
[0m[95m [1776432826.590288] BSON Parser: [0mBSON parser: boolean true
[0m[95m [1776432826.590294] BSON Message: [0mBSON parser: debug .
[0m[95m [1776432826.590299] BSON Message: [0mBSON parser: debug . 0 end_marker 
[0m[95m [1776432826.590305] BSON Parser: [0mBSON parser: type: '8' key: 'fragmented'
[0m[95m [1776432826.590310] BSON Parser: [0mBSON parser: boolean false
[0m[95m [1776432826.590319] BSON Message: [0mBSON parser: debug .
[0m[95m [1776432826.590325] BSON Message: [0mBSON parser: debug . 0 fragmented 
[0m[95m [1776432826.590330] BSON Parser: [0mBSON parser: type: '8' key: 'utilize_timestamp'
[0m[95m [1776432826.590336] BSON Parser: [0mBSON parser: boolean false
[0m[95m [1776432826.590343] BSON Message: [0mBSON parser: debug .
[0m[95m [1776432826.590348] BSON Message: [0mBSON parser: debug . 0 utilize_timestamp 
[0m[95m [1776432826.590354] BSON Parser: [0mBSON parser: type: '16' key: 'frag_no'
[0m[95m [1776432826.590365] BSON Parser: [0mBSON parser: int32:
[0m[95m [1776432826.590371] BSON Parser: [0m0
[0m[95m [1776432826.590377] BSON Parser: [0mBSON parser: type: '16' key: 'frag_total'
[0m[95m [1776432826.590382] BSON Parser: [0mBSON parser: int32:
[0m[95m [1776432826.590388] BSON Parser: [0m1
[0m[95m [1776432826.590394] BSON Parser: [0mBSON parser: type: '3' key: 'data'
[0m[95m [1776432826.590400] BSON Parser: [0mBSON parser: object
[0m[95m [1776432826.590406] BSON Parser: [0mParsing client packet
[0m[95m [1776432826.590412] BSON Parser: [0mDocument length: 46 bytes
[0m[95m [1776432826.590418] BSON Parser: [0mBSON parser: type: '16' key: 'sensor_type'
[0m[95m [1776432826.590424] BSON Parser: [0mBSON parser: int32:
[0m[95m [1776432826.590430] BSON Parser: [0m2
[0m[91m [1776432826.590436] BSON Message: [0mInside sensor type parsing.
[91m [1776432826.590440] BSON Message: [0mInside sensor type parsing end.
[95m [1776432826.590444] BSON Parser: [0mBSON parser: type: '2' key: 'sid'
[0m[95m [1776432826.590451] BSON Parser: [0mBSON parser: string
[0m[95m [1776432826.590457] BSON Parser: [0mBSON parser: 8 'device_0'
[0m[91m [1776432826.590463] BSON Message: [0mInside sid parsing
[95m [1776432826.590467] BSON Parser: [0mBSON parser: type: '8' key: 'dev'
[0m[95m [1776432826.590474] BSON Parser: [0mBSON parser: boolean true
[0m[95m [1776432826.590480] BSON Message: [0mBSON parser: debug .
[0m[95m [1776432826.590485] BSON Message: [0mBSON parser: debug . 0 dev 
[0m[95m [1776432826.590491] BSON Parser: [0mBSON parser: return. 46 length document has 46 bytes.
[0m[95m [1776432826.590497] BSON Parser: [0mBSON parser: return. 165 length document has 165 bytes.
[0m[95m [1776432826.590503] Transport: [0mComing to handle fragmentation 2
[0m[91m [1776432826.590510] Client: [0m---before writing in log upd_msg->seq_no= 26
[91m [1776432826.590514] Client: [0m---before writing in log upd_msg->type= 4
[91m [1776432826.590518] Client: [0m---before writing in log upd_msg->frag_no= 0
[91m [1776432826.590523] Client: [0m---before writing in log upd_msg->reliable= 0
[91m [1776432826.590527] Client: [0m---before writing in log upd_msg->data.sensor_type= 2
[91m [1776432826.590531] Client: [0m---before writing in log upd_msg->data.sid= device_0
[91m [1776432826.590536] Client: [0m---after writing in log upd_msg->seq_no = 26
[91m [1776432826.590542] Client: [0m---after writing in log upd_msg->data.sensor_type = 2
[91m [1776432826.590546] Client: [0m---after writing in log upd_msg->reliable = 0
[95m [1776432827.53962] Transport: [0mReceived 165 bytes
[0m[95m [1776432827.53980] BSON Parser: [0mParsing client packet
[0m[95m [1776432827.53991] BSON Parser: [0mDocument length: 165 bytes
[0m[95m [1776432827.54001] BSON Parser: [0mBSON parser: type: '16' key: 'type'
[0m[95m [1776432827.54019] BSON Parser: [0mBSON parser: int32:
[0m[95m [1776432827.54028] BSON Parser: [0m4
[0m[95m [1776432827.54039] BSON Parser: [0mBSON parser: type: '8' key: 'reliable'
[0m[95m [1776432827.54050] BSON Parser: [0mBSON parser: boolean false
[0m[95m [1776432827.54060] BSON Message: [0mBSON parser: debug .
[0m[95m [1776432827.54071] BSON Message: [0mBSON parser: debug . 0 reliable 
[0m[95m [1776432827.54082] BSON Parser: [0mBSON parser: type: '16' key: 'seq_no'
[0m[95m [1776432827.54091] BSON Parser: [0mBSON parser: int32:
[0m[95m [1776432827.54100] BSON Parser: [0m27
[0m[95m [1776432827.54114] BSON Parser: [0mBSON parser: type: '8' key: 'end_marker'
[0m[95m [1776432827.54123] BSON Parser: [0mBSON parser: boolean true
[0m[95m [1776432827.54132] BSON Message: [0mBSON parser: debug .
[0m[95m [1776432827.54142] BSON Message: [0mBSON parser: debug . 0 end_marker 
[0m[95m [1776432827.54151] BSON Parser: [0mBSON parser: type: '8' key: 'fragmented'
[0m[95m [1776432827.54160] BSON Parser: [0mBSON parser: boolean false
[0m[95m [1776432827.54170] BSON Message: [0mBSON parser: debug .
[0m[95m [1776432827.54183] BSON Message: [0mBSON parser: debug . 0 fragmented 
[0m[95m [1776432827.54190] BSON Parser: [0mBSON parser: type: '8' key: 'utilize_timestamp'
[0m[95m [1776432827.54196] BSON Parser: [0mBSON parser: boolean false
[0m[95m [1776432827.54201] BSON Message: [0mBSON parser: debug .
[0m[95m [1776432827.54207] BSON Message: [0mBSON parser: debug . 0 utilize_timestamp 
[0m[95m [1776432827.54213] BSON Parser: [0mBSON parser: type: '16' key: 'frag_no'
[0m[95m [1776432827.54219] BSON Parser: [0mBSON parser: int32:
[0m[95m [1776432827.54225] BSON Parser: [0m0
[0m[95m [1776432827.54231] BSON Parser: [0mBSON parser: type: '16' key: 'frag_total'
[0m[95m [1776432827.54236] BSON Parser: [0mBSON parser: int32:
[0m[95m [1776432827.54242] BSON Parser: [0m1
[0m[95m [1776432827.54248] BSON Parser: [0mBSON parser: type: '3' key: 'data'
[0m[95m [1776432827.54254] BSON Parser: [0mBSON parser: object
[0m[95m [1776432827.54259] BSON Parser: [0mParsing client packet
[0m[95m [1776432827.54267] BSON Parser: [0mDocument length: 46 bytes
[0m[95m [1776432827.54273] BSON Parser: [0mBSON parser: type: '16' key: 'sensor_type'
[0m[95m [1776432827.54279] BSON Parser: [0mBSON parser: int32:
[0m[95m [1776432827.54285] BSON Parser: [0m2
[0m[91m [1776432827.54291] BSON Message: [0mInside sensor type parsing.
[91m [1776432827.54296] BSON Message: [0mInside sensor type parsing end.
[95m [1776432827.54300] BSON Parser: [0mBSON parser: type: '2' key: 'sid'
[0m[95m [1776432827.54305] BSON Parser: [0mBSON parser: string
[0m[95m [1776432827.54311] BSON Parser: [0mBSON parser: 8 'device_0'
[0m[91m [1776432827.54317] BSON Message: [0mInside sid parsing
[95m [1776432827.54321] BSON Parser: [0mBSON parser: type: '8' key: 'dev'
[0m[95m [1776432827.54327] BSON Parser: [0mBSON parser: boolean false
[0m[95m [1776432827.54333] BSON Message: [0mBSON parser: debug .
[0m[95m [1776432827.54339] BSON Message: [0mBSON parser: debug . 0 dev 
[0m[95m [1776432827.54344] BSON Parser: [0mBSON parser: return. 46 length document has 46 bytes.
[0m[95m [1776432827.54350] BSON Parser: [0mBSON parser: return. 165 length document has 165 bytes.
[0m[95m [1776432827.54356] Transport: [0mComing to handle fragmentation 2
[0m[91m [1776432827.54362] Client: [0m---before writing in log upd_msg->seq_no= 27
[91m [1776432827.54366] Client: [0m---before writing in log upd_msg->type= 4
[91m [1776432827.54370] Client: [0m---before writing in log upd_msg->frag_no= 0
[91m [1776432827.54374] Client: [0m---before writing in log upd_msg->reliable= 0
[91m [1776432827.54378] Client: [0m---before writing in log upd_msg->data.sensor_type= 2
[91m [1776432827.54382] Client: [0m---before writing in log upd_msg->data.sid= device_0
[91m [1776432827.54387] Client: [0m---after writing in log upd_msg->seq_no = 27
[91m [1776432827.54391] Client: [0m---after writing in log upd_msg->data.sensor_type = 2
[91m [1776432827.54397] Client: [0m---after writing in log upd_msg->reliable = 0
[95m [1776432828.595640] Transport: [0mReceived 165 bytes
[0m[95m [1776432828.595657] BSON Parser: [0mParsing client packet
[0m[95m [1776432828.595668] BSON Parser: [0mDocument length: 165 bytes
[0m[95m [1776432828.595676] BSON Parser: [0mBSON parser: type: '16' key: 'type'
[0m[95m [1776432828.595683] BSON Parser: [0mBSON parser: int32:
[0m[95m [1776432828.595689] BSON Parser: [0m4
[0m[95m [1776432828.595695] BSON Parser: [0mBSON parser: type: '8' key: 'reliable'
[0m[95m [1776432828.595704] BSON Parser: [0mBSON parser: boolean false
[0m[95m [1776432828.595711] BSON Message: [0mBSON parser: debug .
[0m[95m [1776432828.595717] BSON Message: [0mBSON parser: debug . 0 reliable 
[0m[95m [1776432828.595726] BSON Parser: [0mBSON parser: type: '16' key: 'seq_no'
[0m[95m [1776432828.595733] BSON Parser: [0mBSON parser: int32:
[0m[95m [1776432828.595740] BSON Parser: [0m28
[0m[95m [1776432828.595749] BSON Parser: [0mBSON parser: type: '8' key: 'end_marker'
[0m[95m [1776432828.595755] BSON Parser: [0mBSON parser: boolean true
[0m[95m [1776432828.595766] BSON Message: [0mBSON parser: debug .
[0m[95m [1776432828.595772] BSON Message: [0mBSON parser: debug . 0 end_marker 
[0m[95m [1776432828.595779] BSON Parser: [0mBSON parser: type: '8' key: 'fragmented'
[0m[95m [1776432828.595786] BSON Parser: [0mBSON parser: boolean false
[0m[95m [1776432828.595792] BSON Message: [0mBSON parser: debug .
[0m[95m [1776432828.595799] BSON Message: [0mBSON parser: debug . 0 fragmented 
[0m[95m [1776432828.595809] BSON Parser: [0mBSON parser: type: '8' key: 'utilize_timestamp'
[0m[95m [1776432828.595816] BSON Parser: [0mBSON parser: boolean false
[0m[95m [1776432828.595823] BSON Message: [0mBSON parser: debug .
[0m[95m [1776432828.595832] BSON Message: [0mBSON parser: debug . 0 utilize_timestamp 
[0m[95m [1776432828.595838] BSON Parser: [0mBSON parser: type: '16' key: 'frag_no'
[0m[95m [1776432828.595844] BSON Parser: [0mBSON parser: int32:
[0m[95m [1776432828.595851] BSON Parser: [0m0
[0m[95m [1776432828.595858] BSON Parser: [0mBSON parser: type: '16' key: 'frag_total'
[0m[95m [1776432828.595866] BSON Parser: [0mBSON parser: int32:
[0m[95m [1776432828.595873] BSON Parser: [0m1
[0m[95m [1776432828.595881] BSON Parser: [0mBSON parser: type: '3' key: 'data'
[0m[95m [1776432828.595888] BSON Parser: [0mBSON parser: object
[0m[95m [1776432828.595894] BSON Parser: [0mParsing client packet
[0m[95m [1776432828.595900] BSON Parser: [0mDocument length: 46 bytes
[0m[95m [1776432828.595905] BSON Parser: [0mBSON parser: type: '16' key: 'sensor_type'
[0m[95m [1776432828.595912] BSON Parser: [0mBSON parser: int32:
[0m[95m [1776432828.595918] BSON Parser: [0m2
[0m[91m [1776432828.595924] BSON Message: [0mInside sensor type parsing.
[91m [1776432828.595929] BSON Message: [0mInside sensor type parsing end.
[95m [1776432828.595935] BSON Parser: [0mBSON parser: type: '2' key: 'sid'
[0m[95m [1776432828.595942] BSON Parser: [0mBSON parser: string
[0m[95m [1776432828.595950] BSON Parser: [0mBSON parser: 8 'device_0'
[0m[91m [1776432828.595956] BSON Message: [0mInside sid parsing
[95m [1776432828.595961] BSON Parser: [0mBSON parser: type: '8' key: 'dev'
[0m[95m [1776432828.595967] BSON Parser: [0mBSON parser: boolean true
[0m[95m [1776432828.595975] BSON Message: [0mBSON parser: debug .
[0m[95m [1776432828.595981] BSON Message: [0mBSON parser: debug . 0 dev 
[0m[95m [1776432828.595987] BSON Parser: [0mBSON parser: return. 46 length document has 46 bytes.
[0m[95m [1776432828.595994] BSON Parser: [0mBSON parser: return. 165 length document has 165 bytes.
[0m[95m [1776432828.596002] Transport: [0mComing to handle fragmentation 2
[0m[91m [1776432828.596024] Client: [0m---before writing in log upd_msg->seq_no= 28
[91m [1776432828.596030] Client: [0m---before writing in log upd_msg->type= 4
[91m [1776432828.596034] Client: [0m---before writing in log upd_msg->frag_no= 0
[91m [1776432828.596038] Client: [0m---before writing in log upd_msg->reliable= 0
[91m [1776432828.596043] Client: [0m---before writing in log upd_msg->data.sensor_type= 2
[91m [1776432828.596046] Client: [0m---before writing in log upd_msg->data.sid= device_0
[91m [1776432828.596051] Client: [0m---after writing in log upd_msg->seq_no = 28
[91m [1776432828.596056] Client: [0m---after writing in log upd_msg->data.sensor_type = 2
[91m [1776432828.596061] Client: [0m---after writing in log upd_msg->reliable = 0
[95m [1776432828.730215] Client: [0mTimeout reached, sending keep_alive.
[0m[95m [1776432829.449730] Transport: [0mReceived 165 bytes
[0m[95m [1776432829.449741] BSON Parser: [0mParsing client packet
[0m[95m [1776432829.449747] BSON Parser: [0mDocument length: 165 bytes
[0m[95m [1776432829.449753] BSON Parser: [0mBSON parser: type: '16' key: 'type'
[0m[95m [1776432829.449758] BSON Parser: [0mBSON parser: int32:
[0m[95m [1776432829.449764] BSON Parser: [0m4
[0m[95m [1776432829.449770] BSON Parser: [0mBSON parser: type: '8' key: 'reliable'
[0m[95m [1776432829.449779] BSON Parser: [0mBSON parser: boolean false
[0m[95m [1776432829.449784] BSON Message: [0mBSON parser: debug .
[0m[95m [1776432829.449790] BSON Message: [0mBSON parser: debug . 0 reliable 
[0m[95m [1776432829.449795] BSON Parser: [0mBSON parser: type: '16' key: 'seq_no'
[0m[95m [1776432829.449801] BSON Parser: [0mBSON parser: int32:
[0m[95m [1776432829.449806] BSON Parser: [0m29
[0m[95m [1776432829.449812] BSON Parser: [0mBSON parser: type: '8' key: 'end_marker'
[0m[95m [1776432829.449818] BSON Parser: [0mBSON parser: boolean true
[0m[95m [1776432829.449823] BSON Message: [0mBSON parser: debug .
[0m[95m [1776432829.449828] BSON Message: [0mBSON parser: debug . 0 end_marker 
[0m[95m [1776432829.449834] BSON Parser: [0mBSON parser: type: '8' key: 'fragmented'
[0m[95m [1776432829.449840] BSON Parser: [0mBSON parser: boolean false
[0m[95m [1776432829.449845] BSON Message: [0mBSON parser: debug .
[0m[95m [1776432829.449851] BSON Message: [0mBSON parser: debug . 0 fragmented 
[0m[95m [1776432829.449860] BSON Parser: [0mBSON parser: type: '8' key: 'utilize_timestamp'
[0m[95m [1776432829.449866] BSON Parser: [0mBSON parser: boolean false
[0m[95m [1776432829.449871] BSON Message: [0mBSON parser: debug .
[0m[95m [1776432829.449876] BSON Message: [0mBSON parser: debug . 0 utilize_timestamp 
[0m[95m [1776432829.449882] BSON Parser: [0mBSON parser: type: '16' key: 'frag_no'
[0m[95m [1776432829.449888] BSON Parser: [0mBSON parser: int32:
[0m[95m [1776432829.449893] BSON Parser: [0m0
[0m[95m [1776432829.449899] BSON Parser: [0mBSON parser: type: '16' key: 'frag_total'
[0m[95m [1776432829.449904] BSON Parser: [0mBSON parser: int32:
[0m[95m [1776432829.449910] BSON Parser: [0m1
[0m[95m [1776432829.449915] BSON Parser: [0mBSON parser: type: '3' key: 'data'
[0m[95m [1776432829.449921] BSON Parser: [0mBSON parser: object
[0m[95m [1776432829.449926] BSON Parser: [0mParsing client packet
[0m[95m [1776432829.449932] BSON Parser: [0mDocument length: 46 bytes
[0m[95m [1776432829.449937] BSON Parser: [0mBSON parser: type: '16' key: 'sensor_type'
[0m[95m [1776432829.449943] BSON Parser: [0mBSON parser: int32:
[0m[95m [1776432829.449948] BSON Parser: [0m2
[0m[91m [1776432829.449954] BSON Message: [0mInside sensor type parsing.
[91m [1776432829.449958] BSON Message: [0mInside sensor type parsing end.
[95m [1776432829.449962] BSON Parser: [0mBSON parser: type: '2' key: 'sid'
[0m[95m [1776432829.449968] BSON Parser: [0mBSON parser: string
[0m[95m [1776432829.449973] BSON Parser: [0mBSON parser: 8 'device_0'
[0m[91m [1776432829.449979] BSON Message: [0mInside sid parsing
[95m [1776432829.449984] BSON Parser: [0mBSON parser: type: '8' key: 'dev'
[0m[95m [1776432829.449989] BSON Parser: [0mBSON parser: boolean true
[0m[95m [1776432829.449994] BSON Message: [0mBSON parser: debug .
[0m[95m [1776432829.450000] BSON Message: [0mBSON parser: debug . 0 dev 
[0m[95m [1776432829.450014] BSON Parser: [0mBSON parser: return. 46 length document has 46 bytes.
[0m[95m [1776432829.450024] BSON Parser: [0mBSON parser: return. 165 length document has 165 bytes.
[0m[95m [1776432829.450032] Transport: [0mComing to handle fragmentation 2
[0m[91m [1776432829.450040] Client: [0m---before writing in log upd_msg->seq_no= 29
[91m [1776432829.450045] Client: [0m---before writing in log upd_msg->type= 4
[91m [1776432829.450052] Client: [0m---before writing in log upd_msg->frag_no= 0
[91m [1776432829.450058] Client: [0m---before writing in log upd_msg->reliable= 0
[91m [1776432829.450064] Client: [0m---before writing in log upd_msg->data.sensor_type= 2
[91m [1776432829.450069] Client: [0m---before writing in log upd_msg->data.sid= device_0
[91m [1776432829.450073] Client: [0m---after writing in log upd_msg->seq_no = 29
[91m [1776432829.450077] Client: [0m---after writing in log upd_msg->data.sensor_type = 2
[91m [1776432829.450081] Client: [0m---after writing in log upd_msg->reliable = 0
[95m [1776432831.107945] Transport: [0mReceived 165 bytes
[0m[95m [1776432831.107964] BSON Parser: [0mParsing client packet
[0m[95m [1776432831.107971] BSON Parser: [0mDocument length: 165 bytes
[0m[95m [1776432831.107978] BSON Parser: [0mBSON parser: type: '16' key: 'type'
[0m[95m [1776432831.107985] BSON Parser: [0mBSON parser: int32:
[0m[95m [1776432831.107991] BSON Parser: [0m4
[0m[95m [1776432831.107998] BSON Parser: [0mBSON parser: type: '8' key: 'reliable'
[0m[95m [1776432831.108016] BSON Parser: [0mBSON parser: boolean false
[0m[95m [1776432831.108025] BSON Message: [0mBSON parser: debug .
[0m[95m [1776432831.108032] BSON Message: [0mBSON parser: debug . 0 reliable 
[0m[95m [1776432831.108038] BSON Parser: [0mBSON parser: type: '16' key: 'seq_no'
[0m[95m [1776432831.108045] BSON Parser: [0mBSON parser: int32:
[0m[95m [1776432831.108051] BSON Parser: [0m30
[0m[95m [1776432831.108058] BSON Parser: [0mBSON parser: type: '8' key: 'end_marker'
[0m[95m [1776432831.108065] BSON Parser: [0mBSON parser: boolean true
[0m[95m [1776432831.108071] BSON Message: [0mBSON parser: debug .
[0m[95m [1776432831.108077] BSON Message: [0mBSON parser: debug . 0 end_marker 
[0m[95m [1776432831.108084] BSON Parser: [0mBSON parser: type: '8' key: 'fragmented'
[0m[95m [1776432831.108090] BSON Parser: [0mBSON parser: boolean false
[0m[95m [1776432831.108097] BSON Message: [0mBSON parser: debug .
[0m[95m [1776432831.108104] BSON Message: [0mBSON parser: debug . 0 fragmented 
[0m[95m [1776432831.108110] BSON Parser: [0mBSON parser: type: '8' key: 'utilize_timestamp'
[0m[95m [1776432831.108117] BSON Parser: [0mBSON parser: boolean false
[0m[95m [1776432831.108124] BSON Message: [0mBSON parser: debug .
[0m[95m [1776432831.108131] BSON Message: [0mBSON parser: debug . 0 utilize_timestamp 
[0m[95m [1776432831.108138] BSON Parser: [0mBSON parser: type: '16' key: 'frag_no'
[0m[95m [1776432831.108144] BSON Parser: [0mBSON parser: int32:
[0m[95m [1776432831.108151] BSON Parser: [0m0
[0m[95m [1776432831.108159] BSON Parser: [0mBSON parser: type: '16' key: 'frag_total'
[0m[95m [1776432831.108166] BSON Parser: [0mBSON parser: int32:
[0m[95m [1776432831.108172] BSON Parser: [0m1
[0m[95m [1776432831.108179] BSON Parser: [0mBSON parser: type: '3' key: 'data'
[0m[95m [1776432831.108186] BSON Parser: [0mBSON parser: object
[0m[95m [1776432831.108192] BSON Parser: [0mParsing client packet
[0m[95m [1776432831.108198] BSON Parser: [0mDocument length: 46 bytes
[0m[95m [1776432831.108205] BSON Parser: [0mBSON parser: type: '16' key: 'sensor_type'
[0m[95m [1776432831.108212] BSON Parser: [0mBSON parser: int32:
[0m[95m [1776432831.108218] BSON Parser: [0m2
[0m[91m [1776432831.108224] BSON Message: [0mInside sensor type parsing.
[91m [1776432831.108229] BSON Message: [0mInside sensor type parsing end.
[95m [1776432831.108234] BSON Parser: [0mBSON parser: type: '2' key: 'sid'
[0m[95m [1776432831.108240] BSON Parser: [0mBSON parser: string
[0m[95m [1776432831.108247] BSON Parser: [0mBSON parser: 8 'device_0'
[0m[91m [1776432831.108254] BSON Message: [0mInside sid parsing
[95m [1776432831.108259] BSON Parser: [0mBSON parser: type: '8' key: 'dev'
[0m[95m [1776432831.108265] BSON Parser: [0mBSON parser: boolean true
[0m[95m [1776432831.108272] BSON Message: [0mBSON parser: debug .
[0m[95m [1776432831.108278] BSON Message: [0mBSON parser: debug . 0 dev 
[0m[95m [1776432831.108284] BSON Parser: [0mBSON parser: return. 46 length document has 46 bytes.
[0m[95m [1776432831.108291] BSON Parser: [0mBSON parser: return. 165 length document has 165 bytes.
[0m[95m [1776432831.108299] Transport: [0mComing to handle fragmentation 2
[0m[91m [1776432831.108306] Client: [0m---before writing in log upd_msg->seq_no= 30
[91m [1776432831.108311] Client: [0m---before writing in log upd_msg->type= 4
[91m [1776432831.108315] Client: [0m---before writing in log upd_msg->frag_no= 0
[91m [1776432831.108319] Client: [0m---before writing in log upd_msg->reliable= 0
[91m [1776432831.108327] Client: [0m---before writing in log upd_msg->data.sensor_type= 2
[91m [1776432831.108332] Client: [0m---before writing in log upd_msg->data.sid= device_0
[91m [1776432831.108337] Client: [0m---after writing in log upd_msg->seq_no = 30
[91m [1776432831.108342] Client: [0m---after writing in log upd_msg->data.sensor_type = 2
[91m [1776432831.108347] Client: [0m---after writing in log upd_msg->reliable = 0
[95m [1776432832.757033] Transport: [0mReceived 180 bytes
[0m[95m [1776432832.757048] BSON Parser: [0mParsing client packet
[0m[95m [1776432832.757054] BSON Parser: [0mDocument length: 180 bytes
[0m[95m [1776432832.757062] BSON Parser: [0mBSON parser: type: '16' key: 'type'
[0m[95m [1776432832.757068] BSON Parser: [0mBSON parser: int32:
[0m[95m [1776432832.757074] BSON Parser: [0m4
[0m[95m [1776432832.757081] BSON Parser: [0mBSON parser: type: '8' key: 'reliable'
[0m[95m [1776432832.757088] BSON Parser: [0mBSON parser: boolean true
[0m[95m [1776432832.757095] BSON Message: [0mBSON parser: debug .
[0m[95m [1776432832.757101] BSON Message: [0mBSON parser: debug . 0 reliable 
[0m[95m [1776432832.757108] BSON Parser: [0mBSON parser: type: '16' key: 'seq_no'
[0m[95m [1776432832.757114] BSON Parser: [0mBSON parser: int32:
[0m[95m [1776432832.757119] BSON Parser: [0m31
[0m[95m [1776432832.757129] BSON Parser: [0mBSON parser: type: '8' key: 'end_marker'
[0m[95m [1776432832.757135] BSON Parser: [0mBSON parser: boolean true
[0m[95m [1776432832.757141] BSON Message: [0mBSON parser: debug .
[0m[95m [1776432832.757147] BSON Message: [0mBSON parser: debug . 0 end_marker 
[0m[95m [1776432832.757154] BSON Parser: [0mBSON parser: type: '8' key: 'fragmented'
[0m[95m [1776432832.757160] BSON Parser: [0mBSON parser: boolean false
[0m[95m [1776432832.757166] BSON Message: [0mBSON parser: debug .
[0m[95m [1776432832.757173] BSON Message: [0mBSON parser: debug . 0 fragmented 
[0m[95m [1776432832.757179] BSON Parser: [0mBSON parser: type: '8' key: 'utilize_timestamp'
[0m[95m [1776432832.757185] BSON Parser: [0mBSON parser: boolean false
[0m[95m [1776432832.757191] BSON Message: [0mBSON parser: debug .
[0m[95m [1776432832.757197] BSON Message: [0mBSON parser: debug . 0 utilize_timestamp 
[0m[95m [1776432832.757204] BSON Parser: [0mBSON parser: type: '16' key: 'frag_no'
[0m[95m [1776432832.757210] BSON Parser: [0mBSON parser: int32:
[0m[95m [1776432832.757216] BSON Parser: [0m0
[0m[95m [1776432832.757223] BSON Parser: [0mBSON parser: type: '16' key: 'frag_total'
[0m[95m [1776432832.757230] BSON Parser: [0mBSON parser: int32:
[0m[95m [1776432832.757236] BSON Parser: [0m1
[0m[95m [1776432832.757242] BSON Parser: [0mBSON parser: type: '16' key: 'timestamp'
[0m[95m [1776432832.757249] BSON Parser: [0mBSON parser: int32:
[0m[95m [1776432832.757254] BSON Parser: [0m-1203765248
[0m[95m [1776432832.757260] BSON Parser: [0mBSON parser: type: '3' key: 'data'
[0m[95m [1776432832.757269] BSON Parser: [0mBSON parser: object
[0m[95m [1776432832.757275] BSON Parser: [0mParsing client packet
[0m[95m [1776432832.757281] BSON Parser: [0mDocument length: 46 bytes
[0m[95m [1776432832.757287] BSON Parser: [0mBSON parser: type: '16' key: 'sensor_type'
[0m[95m [1776432832.757294] BSON Parser: [0mBSON parser: int32:
[0m[95m [1776432832.757300] BSON Parser: [0m2
[0m[91m [1776432832.757306] BSON Message: [0mInside sensor type parsing.
[91m [1776432832.757311] BSON Message: [0mInside sensor type parsing end.
[95m [1776432832.757315] BSON Parser: [0mBSON parser: type: '2' key: 'sid'
[0m[95m [1776432832.757322] BSON Parser: [0mBSON parser: string
[0m[95m [1776432832.757328] BSON Parser: [0mBSON parser: 8 'device_0'
[0m[91m [1776432832.757334] BSON Message: [0mInside sid parsing
[95m [1776432832.757338] BSON Parser: [0mBSON parser: type: '8' key: 'dev'
[0m[95m [1776432832.757345] BSON Parser: [0mBSON parser: boolean false
[0m[95m [1776432832.757351] BSON Message: [0mBSON parser: debug .
[0m[95m [1776432832.757357] BSON Message: [0mBSON parser: debug . 0 dev 
[0m[95m [1776432832.757367] BSON Parser: [0mBSON parser: return. 46 length document has 46 bytes.
[0m[95m [1776432832.757374] BSON Parser: [0mBSON parser: return. 180 length document has 180 bytes.
[0m[95m [1776432832.757381] Transport: [0mComing to handle fragmentation 2
[0m[91m [1776432832.757387] Client: [0m---before writing in log upd_msg->seq_no= 31
[91m [1776432832.757392] Client: [0m---before writing in log upd_msg->type= 4
[91m [1776432832.757396] Client: [0m---before writing in log upd_msg->frag_no= 0
[91m [1776432832.757400] Client: [0m---before writing in log upd_msg->reliable= 1
[91m [1776432832.757404] Client: [0m---before writing in log upd_msg->data.sensor_type= 2
[91m [1776432832.757409] Client: [0m---before writing in log upd_msg->data.sid= device_0
[91m [1776432832.757414] Client: [0m---after writing in log upd_msg->seq_no = 31
[91m [1776432832.757420] Client: [0m---after writing in log upd_msg->data.sensor_type = 2
[91m [1776432832.757424] Client: [0m---after writing in log upd_msg->reliable = 1
[95m [1776432832.757428] Client: [0mSending acknowledgment.
[0m[95m [1776432832.757435] Client Module: [0m---------Sending Update acknowledgment from client.-----------
[0m[95m [1776432832.757442] BSON Message: [0m-------------Before Serializing Update acknowledgment.--------------
[0m[95m [1776432832.757450] BSON Message: [0m-------------After Serializing Update acknowledgment.--------------
[0m[95m [1776432832.757456] BSON Message: [0m-------------Before Serializing Update acknowledgment.--------------
[0m[95m [1776432832.757463] BSON Message: [0m-------------After Serializing Update acknowledgment.--------------
[0m[95m [1776432833.186154] Transport: [0mReceived 165 bytes
[0m[95m [1776432833.186166] BSON Parser: [0mParsing client packet
[0m[95m [1776432833.186171] BSON Parser: [0mDocument length: 165 bytes
[0m[95m [1776432833.186176] BSON Parser: [0mBSON parser: type: '16' key: 'type'
[0m[95m [1776432833.186181] BSON Parser: [0mBSON parser: int32:
[0m[95m [1776432833.186186] BSON Parser: [0m4
[0m[95m [1776432833.186190] BSON Parser: [0mBSON parser: type: '8' key: 'reliable'
[0m[95m [1776432833.186196] BSON Parser: [0mBSON parser: boolean false
[0m[95m [1776432833.186200] BSON Message: [0mBSON parser: debug .
[0m[95m [1776432833.186205] BSON Message: [0mBSON parser: debug . 0 reliable 
[0m[95m [1776432833.186212] BSON Parser: [0mBSON parser: type: '16' key: 'seq_no'
[0m[95m [1776432833.186216] BSON Parser: [0mBSON parser: int32:
[0m[95m [1776432833.186221] BSON Parser: [0m32
[0m[95m [1776432833.186225] BSON Parser: [0mBSON parser: type: '8' key: 'end_marker'
[0m[95m [1776432833.186230] BSON Parser: [0mBSON parser: boolean true
[0m[95m [1776432833.186235] BSON Message: [0mBSON parser: debug .
[0m[95m [1776432833.186240] BSON Message: [0mBSON parser: debug . 0 end_marker 
[0m[95m [1776432833.186244] BSON Parser: [0mBSON parser: type: '8' key: 'fragmented'
[0m[95m [1776432833.186249] BSON Parser: [0mBSON parser: boolean false
[0m[95m [1776432833.186253] BSON Message: [0mBSON parser: debug .
[0m[95m [1776432833.186258] BSON Message: [0mBSON parser: debug . 0 fragmented 
[0m[95m [1776432833.186263] BSON Parser: [0mBSON parser: type: '8' key: 'utilize_timestamp'
[0m[95m [1776432833.186269] BSON Parser: [0mBSON parser: boolean false
[0m[95m [1776432833.186276] BSON Message: [0mBSON parser: debug .
[0m[95m [1776432833.186281] BSON Message: [0mBSON parser: debug . 0 utilize_timestamp 
[0m[95m [1776432833.186286] BSON Parser: [0mBSON parser: type: '16' key: 'frag_no'
[0m[95m [1776432833.186291] BSON Parser: [0mBSON parser: int32:
[0m[95m [1776432833.186298] BSON Parser: [0m0
[0m[95m [1776432833.186303] BSON Parser: [0mBSON parser: type: '16' key: 'frag_total'
[0m[95m [1776432833.186309] BSON Parser: [0mBSON parser: int32:
[0m[95m [1776432833.186315] BSON Parser: [0m1
[0m[95m [1776432833.186323] BSON Parser: [0mBSON parser: type: '3' key: 'data'
[0m[95m [1776432833.186337] BSON Parser: [0mBSON parser: object
[0m[95m [1776432833.186343] BSON Parser: [0mParsing client packet
[0m[95m [1776432833.186349] BSON Parser: [0mDocument length: 46 bytes
[0m[95m [1776432833.186355] BSON Parser: [0mBSON parser: type: '16' key: 'sensor_type'
[0m[95m [1776432833.186362] BSON Parser: [0mBSON parser: int32:
[0m[95m [1776432833.186368] BSON Parser: [0m2
[0m[91m [1776432833.186375] BSON Message: [0mInside sensor type parsing.
[91m [1776432833.186380] BSON Message: [0mInside sensor type parsing end.
[95m [1776432833.186384] BSON Parser: [0mBSON parser: type: '2' key: 'sid'
[0m[95m [1776432833.186390] BSON Parser: [0mBSON parser: string
[0m[95m [1776432833.186396] BSON Parser: [0mBSON parser: 8 'device_0'
[0m[91m [1776432833.186402] BSON Message: [0mInside sid parsing
[95m [1776432833.186407] BSON Parser: [0mBSON parser: type: '8' key: 'dev'
[0m[95m [1776432833.186412] BSON Parser: [0mBSON parser: boolean true
[0m[95m [1776432833.186420] BSON Message: [0mBSON parser: debug .
[0m[95m [1776432833.186425] BSON Message: [0mBSON parser: debug . 0 dev 
[0m[95m [1776432833.186433] BSON Parser: [0mBSON parser: return. 46 length document has 46 bytes.
[0m[95m [1776432833.186438] BSON Parser: [0mBSON parser: return. 165 length document has 165 bytes.
[0m[95m [1776432833.186444] Transport: [0mComing to handle fragmentation 2
[0m[91m [1776432833.186451] Client: [0m---before writing in log upd_msg->seq_no= 32
[91m [1776432833.186455] Client: [0m---before writing in log upd_msg->type= 4
[91m [1776432833.186459] Client: [0m---before writing in log upd_msg->frag_no= 0
[91m [1776432833.186463] Client: [0m---before writing in log upd_msg->reliable= 0
[91m [1776432833.186470] Client: [0m---before writing in log upd_msg->data.sensor_type= 2
[91m [1776432833.186475] Client: [0m---before writing in log upd_msg->data.sid= device_0
[91m [1776432833.186479] Client: [0m---after writing in log upd_msg->seq_no = 32
[91m [1776432833.186483] Client: [0m---after writing in log upd_msg->data.sensor_type = 2
[91m [1776432833.186487] Client: [0m---after writing in log upd_msg->reliable = 0
[95m [1776432833.735073] Client: [0mTimeout reached, sending keep_alive.
[0m[95m [1776432834.246637] Transport: [0mReceived 165 bytes
[0m[95m [1776432834.246650] BSON Parser: [0mParsing client packet
[0m[95m [1776432834.246656] BSON Parser: [0mDocument length: 165 bytes
[0m[95m [1776432834.246662] BSON Parser: [0mBSON parser: type: '16' key: 'type'
[0m[95m [1776432834.246668] BSON Parser: [0mBSON parser: int32:
[0m[95m [1776432834.246674] BSON Parser: [0m4
[0m[95m [1776432834.246680] BSON Parser: [0mBSON parser: type: '8' key: 'reliable'
[0m[95m [1776432834.246685] BSON Parser: [0mBSON parser: boolean false
[0m[95m [1776432834.246691] BSON Message: [0mBSON parser: debug .
[0m[95m [1776432834.246697] BSON Message: [0mBSON parser: debug . 0 reliable 
[0m[95m [1776432834.246702] BSON Parser: [0mBSON parser: type: '16' key: 'seq_no'
[0m[95m [1776432834.246708] BSON Parser: [0mBSON parser: int32:
[0m[95m [1776432834.246714] BSON Parser: [0m33
[0m[95m [1776432834.246720] BSON Parser: [0mBSON parser: type: '8' key: 'end_marker'
[0m[95m [1776432834.246726] BSON Parser: [0mBSON parser: boolean true
[0m[95m [1776432834.246732] BSON Message: [0mBSON parser: debug .
[0m[95m [1776432834.246737] BSON Message: [0mBSON parser: debug . 0 end_marker 
[0m[95m [1776432834.246743] BSON Parser: [0mBSON parser: type: '8' key: 'fragmented'
[0m[95m [1776432834.246750] BSON Parser: [0mBSON parser: boolean false
[0m[95m [1776432834.246757] BSON Message: [0mBSON parser: debug .
[0m[95m [1776432834.246763] BSON Message: [0mBSON parser: debug . 0 fragmented 
[0m[95m [1776432834.246769] BSON Parser: [0mBSON parser: type: '8' key: 'utilize_timestamp'
[0m[95m [1776432834.246774] BSON Parser: [0mBSON parser: boolean false
[0m[95m [1776432834.246779] BSON Message: [0mBSON parser: debug .
[0m[95m [1776432834.246789] BSON Message: [0mBSON parser: debug . 0 utilize_timestamp 
[0m[95m [1776432834.246798] BSON Parser: [0mBSON parser: type: '16' key: 'frag_no'
[0m[95m [1776432834.246805] BSON Parser: [0mBSON parser: int32:
[0m[95m [1776432834.246813] BSON Parser: [0m0
[0m[95m [1776432834.246820] BSON Parser: [0mBSON parser: type: '16' key: 'frag_total'
[0m[95m [1776432834.246825] BSON Parser: [0mBSON parser: int32:
[0m[95m [1776432834.246830] BSON Parser: [0m1
[0m[95m [1776432834.246837] BSON Parser: [0mBSON parser: type: '3' key: 'data'
[0m[95m [1776432834.246844] BSON Parser: [0mBSON parser: object
[0m[95m [1776432834.246849] BSON Parser: [0mParsing client packet
[0m[95m [1776432834.246855] BSON Parser: [0mDocument length: 46 bytes
[0m[95m [1776432834.246862] BSON Parser: [0mBSON parser: type: '16' key: 'sensor_type'
[0m[95m [1776432834.246868] BSON Parser: [0mBSON parser: int32:
[0m[95m [1776432834.246874] BSON Parser: [0m2
[0m[91m [1776432834.246880] BSON Message: [0mInside sensor type parsing.
[91m [1776432834.246884] BSON Message: [0mInside sensor type parsing end.
[95m [1776432834.246888] BSON Parser: [0mBSON parser: type: '2' key: 'sid'
[0m[95m [1776432834.246894] BSON Parser: [0mBSON parser: string
[0m[95m [1776432834.246900] BSON Parser: [0mBSON parser: 8 'device_0'
[0m[91m [1776432834.246907] BSON Message: [0mInside sid parsing
[95m [1776432834.246911] BSON Parser: [0mBSON parser: type: '8' key: 'dev'
[0m[95m [1776432834.246917] BSON Parser: [0mBSON parser: boolean false
[0m[95m [1776432834.246923] BSON Message: [0mBSON parser: debug .
[0m[95m [1776432834.246929] BSON Message: [0mBSON parser: debug . 0 dev 
[0m[95m [1776432834.246936] BSON Parser: [0mBSON parser: return. 46 length document has 46 bytes.
[0m[95m [1776432834.246942] BSON Parser: [0mBSON parser: return. 165 length document has 165 bytes.
[0m[95m [1776432834.246948] Transport: [0mComing to handle fragmentation 2
[0m[91m [1776432834.246955] Client: [0m---before writing in log upd_msg->seq_no= 33
[91m [1776432834.246960] Client: [0m---before writing in log upd_msg->type= 4
[91m [1776432834.246964] Client: [0m---before writing in log upd_msg->frag_no= 0
[91m [1776432834.246967] Client: [0m---before writing in log upd_msg->reliable= 0
[91m [1776432834.246972] Client: [0m---before writing in log upd_msg->data.sensor_type= 2
[91m [1776432834.246975] Client: [0m---before writing in log upd_msg->data.sid= device_0
[91m [1776432834.246980] Client: [0m---after writing in log upd_msg->seq_no = 33
[91m [1776432834.246984] Client: [0m---after writing in log upd_msg->data.sensor_type = 2
[91m [1776432834.246988] Client: [0m---after writing in log upd_msg->reliable = 0
[95m [1776432835.606806] Transport: [0mReceived 165 bytes
[0m[95m [1776432835.606820] BSON Parser: [0mParsing client packet
[0m[95m [1776432835.606826] BSON Parser: [0mDocument length: 165 bytes
[0m[95m [1776432835.606834] BSON Parser: [0mBSON parser: type: '16' key: 'type'
[0m[95m [1776432835.606840] BSON Parser: [0mBSON parser: int32:
[0m[95m [1776432835.606846] BSON Parser: [0m4
[0m[95m [1776432835.606853] BSON Parser: [0mBSON parser: type: '8' key: 'reliable'
[0m[95m [1776432835.606861] BSON Parser: [0mBSON parser: boolean false
[0m[95m [1776432835.606867] BSON Message: [0mBSON parser: debug .
[0m[95m [1776432835.606874] BSON Message: [0mBSON parser: debug . 0 reliable 
[0m[95m [1776432835.606880] BSON Parser: [0mBSON parser: type: '16' key: 'seq_no'
[0m[95m [1776432835.606887] BSON Parser: [0mBSON parser: int32:
[0m[95m [1776432835.606894] BSON Parser: [0m34
[0m[95m [1776432835.606900] BSON Parser: [0mBSON parser: type: '8' key: 'end_marker'
[0m[95m [1776432835.606907] BSON Parser: [0mBSON parser: boolean true
[0m[95m [1776432835.606913] BSON Message: [0mBSON parser: debug .
[0m[95m [1776432835.606920] BSON Message: [0mBSON parser: debug . 0 end_marker 
[0m[95m [1776432835.606926] BSON Parser: [0mBSON parser: type: '8' key: 'fragmented'
[0m[95m [1776432835.606937] BSON Parser: [0mBSON parser: boolean false
[0m[95m [1776432835.606944] BSON Message: [0mBSON parser: debug .
[0m[95m [1776432835.606950] BSON Message: [0mBSON parser: debug . 0 fragmented 
[0m[95m [1776432835.606960] BSON Parser: [0mBSON parser: type: '8' key: 'utilize_timestamp'
[0m[95m [1776432835.606966] BSON Parser: [0mBSON parser: boolean false
[0m[95m [1776432835.606972] BSON Message: [0mBSON parser: debug .
[0m[95m [1776432835.606979] BSON Message: [0mBSON parser: debug . 0 utilize_timestamp 
[0m[95m [1776432835.606986] BSON Parser: [0mBSON parser: type: '16' key: 'frag_no'
[0m[95m [1776432835.606992] BSON Parser: [0mBSON parser: int32:
[0m[95m [1776432835.606998] BSON Parser: [0m0
[0m[95m [1776432835.607005] BSON Parser: [0mBSON parser: type: '16' key: 'frag_total'
[0m[95m [1776432835.607021] BSON Parser: [0mBSON parser: int32:
[0m[95m [1776432835.607026] BSON Parser: [0m1
[0m[95m [1776432835.607032] BSON Parser: [0mBSON parser: type: '3' key: 'data'
[0m[95m [1776432835.607038] BSON Parser: [0mBSON parser: object
[0m[95m [1776432835.607044] BSON Parser: [0mParsing client packet
[0m[95m [1776432835.607049] BSON Parser: [0mDocument length: 46 bytes
[0m[95m [1776432835.607055] BSON Parser: [0mBSON parser: type: '16' key: 'sensor_type'
[0m[95m [1776432835.607061] BSON Parser: [0mBSON parser: int32:
[0m[95m [1776432835.607066] BSON Parser: [0m2
[0m[91m [1776432835.607072] BSON Message: [0mInside sensor type parsing.
[91m [1776432835.607076] BSON Message: [0mInside sensor type parsing end.
[95m [1776432835.607080] BSON Parser: [0mBSON parser: type: '2' key: 'sid'
[0m[95m [1776432835.607086] BSON Parser: [0mBSON parser: string
[0m[95m [1776432835.607092] BSON Parser: [0mBSON parser: 8 'device_0'
[0m[91m [1776432835.607097] BSON Message: [0mInside sid parsing
[95m [1776432835.607101] BSON Parser: [0mBSON parser: type: '8' key: 'dev'
[0m[95m [1776432835.607109] BSON Parser: [0mBSON parser: boolean false
[0m[95m [1776432835.607115] BSON Message: [0mBSON parser: debug .
[0m[95m [1776432835.607120] BSON Message: [0mBSON parser: debug . 0 dev 
[0m[95m [1776432835.607126] BSON Parser: [0mBSON parser: return. 46 length document has 46 bytes.
[0m[95m [1776432835.607131] BSON Parser: [0mBSON parser: return. 165 length document has 165 bytes.
[0m[95m [1776432835.607137] Transport: [0mComing to handle fragmentation 2
[0m[91m [1776432835.607144] Client: [0m---before writing in log upd_msg->seq_no= 34
[91m [1776432835.607148] Client: [0m---before writing in log upd_msg->type= 4
[91m [1776432835.607151] Client: [0m---before writing in log upd_msg->frag_no= 0
[91m [1776432835.607155] Client: [0m---before writing in log upd_msg->reliable= 0
[91m [1776432835.607159] Client: [0m---before writing in log upd_msg->data.sensor_type= 2
[91m [1776432835.607163] Client: [0m---before writing in log upd_msg->data.sid= device_0
[91m [1776432835.607167] Client: [0m---after writing in log upd_msg->seq_no = 34
[91m [1776432835.607171] Client: [0m---after writing in log upd_msg->data.sensor_type = 2
[91m [1776432835.607175] Client: [0m---after writing in log upd_msg->reliable = 0
[95m [1776432836.290837] Transport: [0mReceived 165 bytes
[0m[95m [1776432836.290861] BSON Parser: [0mParsing client packet
[0m[95m [1776432836.290882] BSON Parser: [0mDocument length: 165 bytes
[0m[95m [1776432836.290894] BSON Parser: [0mBSON parser: type: '16' key: 'type'
[0m[95m [1776432836.290900] BSON Parser: [0mBSON parser: int32:
[0m[95m [1776432836.290906] BSON Parser: [0m4
[0m[95m [1776432836.290913] BSON Parser: [0mBSON parser: type: '8' key: 'reliable'
[0m[95m [1776432836.290918] BSON Parser: [0mBSON parser: boolean false
[0m[95m [1776432836.290924] BSON Message: [0mBSON parser: debug .
[0m[95m [1776432836.290930] BSON Message: [0mBSON parser: debug . 0 reliable 
[0m[95m [1776432836.290936] BSON Parser: [0mBSON parser: type: '16' key: 'seq_no'
[0m[95m [1776432836.290942] BSON Parser: [0mBSON parser: int32:
[0m[95m [1776432836.290953] BSON Parser: [0m35
[0m[95m [1776432836.290959] BSON Parser: [0mBSON parser: type: '8' key: 'end_marker'
[0m[95m [1776432836.290964] BSON Parser: [0mBSON parser: boolean true
[0m[95m [1776432836.290970] BSON Message: [0mBSON parser: debug .
[0m[95m [1776432836.290981] BSON Message: [0mBSON parser: debug . 0 end_marker 
[0m[95m [1776432836.290988] BSON Parser: [0mBSON parser: type: '8' key: 'fragmented'
[0m[95m [1776432836.290995] BSON Parser: [0mBSON parser: boolean false
[0m[95m [1776432836.291001] BSON Message: [0mBSON parser: debug .
[0m[95m [1776432836.291016] BSON Message: [0mBSON parser: debug . 0 fragmented 
[0m[95m [1776432836.291025] BSON Parser: [0mBSON parser: type: '8' key: 'utilize_timestamp'
[0m[95m [1776432836.291030] BSON Parser: [0mBSON parser: boolean false
[0m[95m [1776432836.291037] BSON Message: [0mBSON parser: debug .
[0m[95m [1776432836.291044] BSON Message: [0mBSON parser: debug . 0 utilize_timestamp 
[0m[95m [1776432836.291050] BSON Parser: [0mBSON parser: type: '16' key: 'frag_no'
[0m[95m [1776432836.291056] BSON Parser: [0mBSON parser: int32:
[0m[95m [1776432836.291062] BSON Parser: [0m0
[0m[95m [1776432836.291068] BSON Parser: [0mBSON parser: type: '16' key: 'frag_total'
[0m[95m [1776432836.291074] BSON Parser: [0mBSON parser: int32:
[0m[95m [1776432836.291080] BSON Parser: [0m1
[0m[95m [1776432836.291086] BSON Parser: [0mBSON parser: type: '3' key: 'data'
[0m[95m [1776432836.291092] BSON Parser: [0mBSON parser: object
[0m[95m [1776432836.291098] BSON Parser: [0mParsing client packet
[0m[95m [1776432836.291104] BSON Parser: [0mDocument length: 46 bytes
[0m[95m [1776432836.291110] BSON Parser: [0mBSON parser: type: '16' key: 'sensor_type'
[0m[95m [1776432836.291115] BSON Parser: [0mBSON parser: int32:
[0m[95m [1776432836.291121] BSON Parser: [0m2
[0m[91m [1776432836.291129] BSON Message: [0mInside sensor type parsing.
[91m [1776432836.291133] BSON Message: [0mInside sensor type parsing end.
[95m [1776432836.291137] BSON Parser: [0mBSON parser: type: '2' key: 'sid'
[0m[95m [1776432836.291143] BSON Parser: [0mBSON parser: string
[0m[95m [1776432836.291148] BSON Parser: [0mBSON parser: 8 'device_0'
[0m[91m [1776432836.291154] BSON Message: [0mInside sid parsing
[95m [1776432836.291158] BSON Parser: [0mBSON parser: type: '8' key: 'dev'
[0m[95m [1776432836.291164] BSON Parser: [0mBSON parser: boolean false
[0m[95m [1776432836.291170] BSON Message: [0mBSON parser: debug .
[0m[95m [1776432836.291175] BSON Message: [0mBSON parser: debug . 0 dev 
[0m[95m [1776432836.291181] BSON Parser: [0mBSON parser: return. 46 length document has 46 bytes.
[0m[95m [1776432836.291187] BSON Parser: [0mBSON parser: return. 165 length document has 165 bytes.
[0m[95m [1776432836.291193] Transport: [0mComing to handle fragmentation 2
[0m[91m [1776432836.291199] Client: [0m---before writing in log upd_msg->seq_no= 35
[91m [1776432836.291203] Client: [0m---before writing in log upd_msg->type= 4
[91m [1776432836.291207] Client: [0m---before writing in log upd_msg->frag_no= 0
[91m [1776432836.291212] Client: [0m---before writing in log upd_msg->reliable= 0
[91m [1776432836.291216] Client: [0m---before writing in log upd_msg->data.sensor_type= 2
[91m [1776432836.291220] Client: [0m---before writing in log upd_msg->data.sid= device_0
[91m [1776432836.291224] Client: [0m---after writing in log upd_msg->seq_no = 35
[91m [1776432836.291228] Client: [0m---after writing in log upd_msg->data.sensor_type = 2
[91m [1776432836.291232] Client: [0m---after writing in log upd_msg->reliable = 0
[95m [1776432838.740033] Client: [0mTimeout reached, sending keep_alive.
[0m[95m [1776432839.146015] Transport: [0mReceived 165 bytes
[0m[95m [1776432839.146028] BSON Parser: [0mParsing client packet
[0m[95m [1776432839.146035] BSON Parser: [0mDocument length: 165 bytes
[0m[95m [1776432839.146041] BSON Parser: [0mBSON parser: type: '16' key: 'type'
[0m[95m [1776432839.146051] BSON Parser: [0mBSON parser: int32:
[0m[95m [1776432839.146062] BSON Parser: [0m4
[0m[95m [1776432839.146069] BSON Parser: [0mBSON parser: type: '8' key: 'reliable'
[0m[95m [1776432839.146076] BSON Parser: [0mBSON parser: boolean false
[0m[95m [1776432839.146082] BSON Message: [0mBSON parser: debug .
[0m[95m [1776432839.146089] BSON Message: [0mBSON parser: debug . 0 reliable 
[0m[95m [1776432839.146096] BSON Parser: [0mBSON parser: type: '16' key: 'seq_no'
[0m[95m [1776432839.146103] BSON Parser: [0mBSON parser: int32:
[0m[95m [1776432839.146109] BSON Parser: [0m36
[0m[95m [1776432839.146115] BSON Parser: [0mBSON parser: type: '8' key: 'end_marker'
[0m[95m [1776432839.146122] BSON Parser: [0mBSON parser: boolean true
[0m[95m [1776432839.146128] BSON Message: [0mBSON parser: debug .
[0m[95m [1776432839.146134] BSON Message: [0mBSON parser: debug . 0 end_marker 
[0m[95m [1776432839.146141] BSON Parser: [0mBSON parser: type: '8' key: 'fragmented'
[0m[95m [1776432839.146147] BSON Parser: [0mBSON parser: boolean false
[0m[95m [1776432839.146153] BSON Message: [0mBSON parser: debug .
[0m[95m [1776432839.146159] BSON Message: [0mBSON parser: debug . 0 fragmented 
[0m[95m [1776432839.146166] BSON Parser: [0mBSON parser: type: '8' key: 'utilize_timestamp'
[0m[95m [1776432839.146173] BSON Parser: [0mBSON parser: boolean false
[0m[95m [1776432839.146180] BSON Message: [0mBSON parser: debug .
[0m[95m [1776432839.146186] BSON Message: [0mBSON parser: debug . 0 utilize_timestamp 
[0m[95m [1776432839.146195] BSON Parser: [0mBSON parser: type: '16' key: 'frag_no'
[0m[95m [1776432839.146202] BSON Parser: [0mBSON parser: int32:
[0m[95m [1776432839.146210] BSON Parser: [0m0
[0m[95m [1776432839.146217] BSON Parser: [0mBSON parser: type: '16' key: 'frag_total'
[0m[95m [1776432839.146223] BSON Parser: [0mBSON parser: int32:
[0m[95m [1776432839.146229] BSON Parser: [0m1
[0m[95m [1776432839.146235] BSON Parser: [0mBSON parser: type: '3' key: 'data'
[0m[95m [1776432839.146242] BSON Parser: [0mBSON parser: object
[0m[95m [1776432839.146249] BSON Parser: [0mParsing client packet
[0m[95m [1776432839.146255] BSON Parser: [0mDocument length: 46 bytes
[0m[95m [1776432839.146261] BSON Parser: [0mBSON parser: type: '16' key: 'sensor_type'
[0m[95m [1776432839.146267] BSON Parser: [0mBSON parser: int32:
[0m[95m [1776432839.146273] BSON Parser: [0m2
[0m[91m [1776432839.146280] BSON Message: [0mInside sensor type parsing.
[91m [1776432839.146285] BSON Message: [0mInside sensor type parsing end.
[95m [1776432839.146289] BSON Parser: [0mBSON parser: type: '2' key: 'sid'
[0m[95m [1776432839.146296] BSON Parser: [0mBSON parser: string
[0m[95m [1776432839.146302] BSON Parser: [0mBSON parser: 8 'device_0'
[0m[91m [1776432839.146310] BSON Message: [0mInside sid parsing
[95m [1776432839.146315] BSON Parser: [0mBSON parser: type: '8' key: 'dev'
[0m[95m [1776432839.146321] BSON Parser: [0mBSON parser: boolean false
[0m[95m [1776432839.146328] BSON Message: [0mBSON parser: debug .
[0m[95m [1776432839.146334] BSON Message: [0mBSON parser: debug . 0 dev 
[0m[95m [1776432839.146343] BSON Parser: [0mBSON parser: return. 46 length document has 46 bytes.
[0m[95m [1776432839.146350] BSON Parser: [0mBSON parser: return. 165 length document has 165 bytes.
[0m[95m [1776432839.146357] Transport: [0mComing to handle fragmentation 2
[0m[91m [1776432839.146363] Client: [0m---before writing in log upd_msg->seq_no= 36
[91m [1776432839.146368] Client: [0m---before writing in log upd_msg->type= 4
[91m [1776432839.146372] Client: [0m---before writing in log upd_msg->frag_no= 0
[91m [1776432839.146376] Client: [0m---before writing in log upd_msg->reliable= 0
[91m [1776432839.146381] Client: [0m---before writing in log upd_msg->data.sensor_type= 2
[91m [1776432839.146385] Client: [0m---before writing in log upd_msg->data.sid= device_0
[91m [1776432839.146390] Client: [0m---after writing in log upd_msg->seq_no = 36
[91m [1776432839.146394] Client: [0m---after writing in log upd_msg->data.sensor_type = 2
[91m [1776432839.146412] Client: [0m---after writing in log upd_msg->reliable = 0
[95m [1776432839.834619] Transport: [0mReceived 165 bytes
[0m[95m [1776432839.834634] BSON Parser: [0mParsing client packet
[0m[95m [1776432839.834640] BSON Parser: [0mDocument length: 165 bytes
[0m[95m [1776432839.834647] BSON Parser: [0mBSON parser: type: '16' key: 'type'
[0m[95m [1776432839.834654] BSON Parser: [0mBSON parser: int32:
[0m[95m [1776432839.834660] BSON Parser: [0m4
[0m[95m [1776432839.834666] BSON Parser: [0mBSON parser: type: '8' key: 'reliable'
[0m[95m [1776432839.834671] BSON Parser: [0mBSON parser: boolean false
[0m[95m [1776432839.834676] BSON Message: [0mBSON parser: debug .
[0m[95m [1776432839.834683] BSON Message: [0mBSON parser: debug . 0 reliable 
[0m[95m [1776432839.834689] BSON Parser: [0mBSON parser: type: '16' key: 'seq_no'
[0m[95m [1776432839.834695] BSON Parser: [0mBSON parser: int32:
[0m[95m [1776432839.834701] BSON Parser: [0m37
[0m[95m [1776432839.834707] BSON Parser: [0mBSON parser: type: '8' key: 'end_marker'
[0m[95m [1776432839.834713] BSON Parser: [0mBSON parser: boolean true
[0m[95m [1776432839.834719] BSON Message: [0mBSON parser: debug .
[0m[95m [1776432839.834724] BSON Message: [0mBSON parser: debug . 0 end_marker 
[0m[95m [1776432839.834730] BSON Parser: [0mBSON parser: type: '8' key: 'fragmented'
[0m[95m [1776432839.834739] BSON Parser: [0mBSON parser: boolean false
[0m[95m [1776432839.834745] BSON Message: [0mBSON parser: debug .
[0m[95m [1776432839.834750] BSON Message: [0mBSON parser: debug . 0 fragmented 
[0m[95m [1776432839.834757] BSON Parser: [0mBSON parser: type: '8' key: 'utilize_timestamp'
[0m[95m [1776432839.834762] BSON Parser: [0mBSON parser: boolean false
[0m[95m [1776432839.834768] BSON Message: [0mBSON parser: debug .
[0m[95m [1776432839.834774] BSON Message: [0mBSON parser: debug . 0 utilize_timestamp 
[0m[95m [1776432839.834781] BSON Parser: [0mBSON parser: type: '16' key: 'frag_no'
[0m[95m [1776432839.834787] BSON Parser: [0mBSON parser: int32:
[0m[95m [1776432839.834793] BSON Parser: [0m0
[0m[95m [1776432839.834799] BSON Parser: [0mBSON parser: type: '16' key: 'frag_total'
[0m[95m [1776432839.834804] BSON Parser: [0mBSON parser: int32:
[0m[95m [1776432839.834810] BSON Parser: [0m1
[0m[95m [1776432839.834815] BSON Parser: [0mBSON parser: type: '3' key: 'data'
[0m[95m [1776432839.834821] BSON Parser: [0mBSON parser: object
[0m[95m [1776432839.834827] BSON Parser: [0mParsing client packet
[0m[95m [1776432839.834833] BSON Parser: [0mDocument length: 46 bytes
[0m[95m [1776432839.834840] BSON Parser: [0mBSON parser: type: '16' key: 'sensor_type'
[0m[95m [1776432839.834845] BSON Parser: [0mBSON parser: int32:
[0m[95m [1776432839.834851] BSON Parser: [0m2
[0m[91m [1776432839.834857] BSON Message: [0mInside sensor type parsing.
[91m [1776432839.834863] BSON Message: [0mInside sensor type parsing end.
[95m [1776432839.834867] BSON Parser: [0mBSON parser: type: '2' key: 'sid'
[0m[95m [1776432839.834873] BSON Parser: [0mBSON parser: string
[0m[95m [1776432839.834879] BSON Parser: [0mBSON parser: 8 'device_0'
[0m[91m [1776432839.834886] BSON Message: [0mInside sid parsing
[95m [1776432839.834891] BSON Parser: [0mBSON parser: type: '8' key: 'dev'
[0m[95m [1776432839.834897] BSON Parser: [0mBSON parser: boolean true
[0m[95m [1776432839.834903] BSON Message: [0mBSON parser: debug .
[0m[95m [1776432839.834909] BSON Message: [0mBSON parser: debug . 0 dev 
[0m[95m [1776432839.834915] BSON Parser: [0mBSON parser: return. 46 length document has 46 bytes.
[0m[95m [1776432839.834921] BSON Parser: [0mBSON parser: return. 165 length document has 165 bytes.
[0m[95m [1776432839.834927] Transport: [0mComing to handle fragmentation 2
[0m[91m [1776432839.834934] Client: [0m---before writing in log upd_msg->seq_no= 37
[91m [1776432839.834937] Client: [0m---before writing in log upd_msg->type= 4
[91m [1776432839.834944] Client: [0m---before writing in log upd_msg->frag_no= 0
[91m [1776432839.834948] Client: [0m---before writing in log upd_msg->reliable= 0
[91m [1776432839.834952] Client: [0m---before writing in log upd_msg->data.sensor_type= 2
[91m [1776432839.834956] Client: [0m---before writing in log upd_msg->data.sid= device_0
[91m [1776432839.834961] Client: [0m---after writing in log upd_msg->seq_no = 37
[91m [1776432839.834965] Client: [0m---after writing in log upd_msg->data.sensor_type = 2
[91m [1776432839.834968] Client: [0m---after writing in log upd_msg->reliable = 0
[95m [1776432842.146038] Transport: [0mReceived 165 bytes
[0m[95m [1776432842.146052] BSON Parser: [0mParsing client packet
[0m[95m [1776432842.146058] BSON Parser: [0mDocument length: 165 bytes
[0m[95m [1776432842.146066] BSON Parser: [0mBSON parser: type: '16' key: 'type'
[0m[95m [1776432842.146074] BSON Parser: [0mBSON parser: int32:
[0m[95m [1776432842.146080] BSON Parser: [0m4
[0m[95m [1776432842.146086] BSON Parser: [0mBSON parser: type: '8' key: 'reliable'
[0m[95m [1776432842.146096] BSON Parser: [0mBSON parser: boolean false
[0m[95m [1776432842.146102] BSON Message: [0mBSON parser: debug .
[0m[95m [1776432842.146108] BSON Message: [0mBSON parser: debug . 0 reliable 
[0m[95m [1776432842.146114] BSON Parser: [0mBSON parser: type: '16' key: 'seq_no'
[0m[95m [1776432842.146120] BSON Parser: [0mBSON parser: int32:
[0m[95m [1776432842.146127] BSON Parser: [0m38
[0m[95m [1776432842.146134] BSON Parser: [0mBSON parser: type: '8' key: 'end_marker'
[0m[95m [1776432842.146140] BSON Parser: [0mBSON parser: boolean true
[0m[95m [1776432842.146147] BSON Message: [0mBSON parser: debug .
[0m[95m [1776432842.146153] BSON Message: [0mBSON parser: debug . 0 end_marker 
[0m[95m [1776432842.146160] BSON Parser: [0mBSON parser: type: '8' key: 'fragmented'
[0m[95m [1776432842.146167] BSON Parser: [0mBSON parser: boolean false
[0m[95m [1776432842.146173] BSON Message: [0mBSON parser: debug .
[0m[95m [1776432842.146179] BSON Message: [0mBSON parser: debug . 0 fragmented 
[0m[95m [1776432842.146185] BSON Parser: [0mBSON parser: type: '8' key: 'utilize_timestamp'
[0m[95m [1776432842.146191] BSON Parser: [0mBSON parser: boolean false
[0m[95m [1776432842.146197] BSON Message: [0mBSON parser: debug .
[0m[95m [1776432842.146203] BSON Message: [0mBSON parser: debug . 0 utilize_timestamp 
[0m[95m [1776432842.146210] BSON Parser: [0mBSON parser: type: '16' key: 'frag_no'
[0m[95m [1776432842.146217] BSON Parser: [0mBSON parser: int32:
[0m[95m [1776432842.146224] BSON Parser: [0m0
[0m[95m [1776432842.146230] BSON Parser: [0mBSON parser: type: '16' key: 'frag_total'
[0m[95m [1776432842.146239] BSON Parser: [0mBSON parser: int32:
[0m[95m [1776432842.146245] BSON Parser: [0m1
[0m[95m [1776432842.146252] BSON Parser: [0mBSON parser: type: '3' key: 'data'
[0m[95m [1776432842.146258] BSON Parser: [0mBSON parser: object
[0m[95m [1776432842.146265] BSON Parser: [0mParsing client packet
[0m[95m [1776432842.146271] BSON Parser: [0mDocument length: 46 bytes
[0m[95m [1776432842.146278] BSON Parser: [0mBSON parser: type: '16' key: 'sensor_type'
[0m[95m [1776432842.146285] BSON Parser: [0mBSON parser: int32:
[0m[95m [1776432842.146291] BSON Parser: [0m2
[0m[91m [1776432842.146297] BSON Message: [0mInside sensor type parsing.
[91m [1776432842.146302] BSON Message: [0mInside sensor type parsing end.
[95m [1776432842.146306] BSON Parser: [0mBSON parser: type: '2' key: 'sid'
[0m[95m [1776432842.146312] BSON Parser: [0mBSON parser: string
[0m[95m [1776432842.146319] BSON Parser: [0mBSON parser: 8 'device_0'
[0m[91m [1776432842.146325] BSON Message: [0mInside sid parsing
[95m [1776432842.146330] BSON Parser: [0mBSON parser: type: '8' key: 'dev'
[0m[95m [1776432842.146336] BSON Parser: [0mBSON parser: boolean false
[0m[95m [1776432842.146342] BSON Message: [0mBSON parser: debug .
[0m[95m [1776432842.146348] BSON Message: [0mBSON parser: debug . 0 dev 
[0m[95m [1776432842.146360] BSON Parser: [0mBSON parser: return. 46 length document has 46 bytes.
[0m[95m [1776432842.146366] BSON Parser: [0mBSON parser: return. 165 length document has 165 bytes.
[0m[95m [1776432842.146376] Transport: [0mComing to handle fragmentation 2
[0m[91m [1776432842.146386] Client: [0m---before writing in log upd_msg->seq_no= 38
[91m [1776432842.146391] Client: [0m---before writing in log upd_msg->type= 4
[91m [1776432842.146396] Client: [0m---before writing in log upd_msg->frag_no= 0
[91m [1776432842.146400] Client: [0m---before writing in log upd_msg->reliable= 0
[91m [1776432842.146404] Client: [0m---before writing in log upd_msg->data.sensor_type= 2
[91m [1776432842.146408] Client: [0m---before writing in log upd_msg->data.sid= device_0
[91m [1776432842.146413] Client: [0m---after writing in log upd_msg->seq_no = 38
[91m [1776432842.146417] Client: [0m---after writing in log upd_msg->data.sensor_type = 2
[91m [1776432842.146421] Client: [0m---after writing in log upd_msg->reliable = 0
[95m [1776432843.234328] Transport: [0mReceived 165 bytes
[0m[95m [1776432843.234341] BSON Parser: [0mParsing client packet
[0m[95m [1776432843.234347] BSON Parser: [0mDocument length: 165 bytes
[0m[95m [1776432843.234353] BSON Parser: [0mBSON parser: type: '16' key: 'type'
[0m[95m [1776432843.234359] BSON Parser: [0mBSON parser: int32:
[0m[95m [1776432843.234365] BSON Parser: [0m4
[0m[95m [1776432843.234371] BSON Parser: [0mBSON parser: type: '8' key: 'reliable'
[0m[95m [1776432843.234378] BSON Parser: [0mBSON parser: boolean false
[0m[95m [1776432843.234383] BSON Message: [0mBSON parser: debug .
[0m[95m [1776432843.234390] BSON Message: [0mBSON parser: debug . 0 reliable 
[0m[95m [1776432843.234398] BSON Parser: [0mBSON parser: type: '16' key: 'seq_no'
[0m[95m [1776432843.234404] BSON Parser: [0mBSON parser: int32:
[0m[95m [1776432843.234411] BSON Parser: [0m39
[0m[95m [1776432843.234418] BSON Parser: [0mBSON parser: type: '8' key: 'end_marker'
[0m[95m [1776432843.234425] BSON Parser: [0mBSON parser: boolean true
[0m[95m [1776432843.234433] BSON Message: [0mBSON parser: debug .
[0m[95m [1776432843.234440] BSON Message: [0mBSON parser: debug . 0 end_marker 
[0m[95m [1776432843.234447] BSON Parser: [0mBSON parser: type: '8' key: 'fragmented'
[0m[95m [1776432843.234455] BSON Parser: [0mBSON parser: boolean false
[0m[95m [1776432843.234462] BSON Message: [0mBSON parser: debug .
[0m[95m [1776432843.234469] BSON Message: [0mBSON parser: debug . 0 fragmented 
[0m[95m [1776432843.234476] BSON Parser: [0mBSON parser: type: '8' key: 'utilize_timestamp'
[0m[95m [1776432843.234483] BSON Parser: [0mBSON parser: boolean false
[0m[95m [1776432843.234490] BSON Message: [0mBSON parser: debug .
[0m[95m [1776432843.234496] BSON Message: [0mBSON parser: debug . 0 utilize_timestamp 
[0m[95m [1776432843.234503] BSON Parser: [0mBSON parser: type: '16' key: 'frag_no'
[0m[95m [1776432843.234511] BSON Parser: [0mBSON parser: int32:
[0m[95m [1776432843.234518] BSON Parser: [0m0
[0m[95m [1776432843.234525] BSON Parser: [0mBSON parser: type: '16' key: 'frag_total'
[0m[95m [1776432843.234532] BSON Parser: [0mBSON parser: int32:
[0m[95m [1776432843.234538] BSON Parser: [0m1
[0m[95m [1776432843.234543] BSON Parser: [0mBSON parser: type: '3' key: 'data'
[0m[95m [1776432843.234549] BSON Parser: [0mBSON parser: object
[0m[95m [1776432843.234555] BSON Parser: [0mParsing client packet
[0m[95m [1776432843.234560] BSON Parser: [0mDocument length: 46 bytes
[0m[95m [1776432843.234566] BSON Parser: [0mBSON parser: type: '16' key: 'sensor_type'
[0m[95m [1776432843.234573] BSON Parser: [0mBSON parser: int32:
[0m[95m [1776432843.234579] BSON Parser: [0m2
[0m[91m [1776432843.234585] BSON Message: [0mInside sensor type parsing.
[91m [1776432843.234589] BSON Message: [0mInside sensor type parsing end.
[95m [1776432843.234594] BSON Parser: [0mBSON parser: type: '2' key: 'sid'
[0m[95m [1776432843.234603] BSON Parser: [0mBSON parser: string
[0m[95m [1776432843.234609] BSON Parser: [0mBSON parser: 8 'device_0'
[0m[91m [1776432843.234614] BSON Message: [0mInside sid parsing
[95m [1776432843.234618] BSON Parser: [0mBSON parser: type: '8' key: 'dev'
[0m[95m [1776432843.234624] BSON Parser: [0mBSON parser: boolean true
[0m[95m [1776432843.234629] BSON Message: [0mBSON parser: debug .
[0m[95m [1776432843.234635] BSON Message: [0mBSON parser: debug . 0 dev 
[0m[95m [1776432843.234641] BSON Parser: [0mBSON parser: return. 46 length document has 46 bytes.
[0m[95m [1776432843.234647] BSON Parser: [0mBSON parser: return. 165 length document has 165 bytes.
[0m[95m [1776432843.234652] Transport: [0mComing to handle fragmentation 2
[0m[91m [1776432843.234658] Client: [0m---before writing in log upd_msg->seq_no= 39
[91m [1776432843.234662] Client: [0m---before writing in log upd_msg->type= 4
[91m [1776432843.234666] Client: [0m---before writing in log upd_msg->frag_no= 0
[91m [1776432843.234670] Client: [0m---before writing in log upd_msg->reliable= 0
[91m [1776432843.234674] Client: [0m---before writing in log upd_msg->data.sensor_type= 2
[91m [1776432843.234678] Client: [0m---before writing in log upd_msg->data.sid= device_0
[91m [1776432843.234682] Client: [0m---after writing in log upd_msg->seq_no = 39
[91m [1776432843.234686] Client: [0m---after writing in log upd_msg->data.sensor_type = 2
[91m [1776432843.234690] Client: [0m---after writing in log upd_msg->reliable = 0
[95m [1776432843.744040] Client: [0mTimeout reached, sending keep_alive.
[0m[95m [1776432844.958521] Transport: [0mReceived 165 bytes
[0m[95m [1776432844.958534] BSON Parser: [0mParsing client packet
[0m[95m [1776432844.958541] BSON Parser: [0mDocument length: 165 bytes
[0m[95m [1776432844.958548] BSON Parser: [0mBSON parser: type: '16' key: 'type'
[0m[95m [1776432844.958555] BSON Parser: [0mBSON parser: int32:
[0m[95m [1776432844.958562] BSON Parser: [0m4
[0m[95m [1776432844.958569] BSON Parser: [0mBSON parser: type: '8' key: 'reliable'
[0m[95m [1776432844.958576] BSON Parser: [0mBSON parser: boolean false
[0m[95m [1776432844.958582] BSON Message: [0mBSON parser: debug .
[0m[95m [1776432844.958587] BSON Message: [0mBSON parser: debug . 0 reliable 
[0m[95m [1776432844.958593] BSON Parser: [0mBSON parser: type: '16' key: 'seq_no'
[0m[95m [1776432844.958599] BSON Parser: [0mBSON parser: int32:
[0m[95m [1776432844.958605] BSON Parser: [0m40
[0m[95m [1776432844.958611] BSON Parser: [0mBSON parser: type: '8' key: 'end_marker'
[0m[95m [1776432844.958617] BSON Parser: [0mBSON parser: boolean true
[0m[95m [1776432844.958623] BSON Message: [0mBSON parser: debug .
[0m[95m [1776432844.958629] BSON Message: [0mBSON parser: debug . 0 end_marker 
[0m[95m [1776432844.958635] BSON Parser: [0mBSON parser: type: '8' key: 'fragmented'
[0m[95m [1776432844.958640] BSON Parser: [0mBSON parser: boolean false
[0m[95m [1776432844.958646] BSON Message: [0mBSON parser: debug .
[0m[95m [1776432844.958651] BSON Message: [0mBSON parser: debug . 0 fragmented 
[0m[95m [1776432844.958657] BSON Parser: [0mBSON parser: type: '8' key: 'utilize_timestamp'
[0m[95m [1776432844.958663] BSON Parser: [0mBSON parser: boolean false
[0m[95m [1776432844.958668] BSON Message: [0mBSON parser: debug .
[0m[95m [1776432844.958674] BSON Message: [0mBSON parser: debug . 0 utilize_timestamp 
[0m[95m [1776432844.958680] BSON Parser: [0mBSON parser: type: '16' key: 'frag_no'
[0m[95m [1776432844.958685] BSON Parser: [0mBSON parser: int32:
[0m[95m [1776432844.958691] BSON Parser: [0m0
[0m[95m [1776432844.958696] BSON Parser: [0mBSON parser: type: '16' key: 'frag_total'
[0m[95m [1776432844.958702] BSON Parser: [0mBSON parser: int32:
[0m[95m [1776432844.958707] BSON Parser: [0m1
[0m[95m [1776432844.958713] BSON Parser: [0mBSON parser: type: '3' key: 'data'
[0m[95m [1776432844.958719] BSON Parser: [0mBSON parser: object
[0m[95m [1776432844.958724] BSON Parser: [0mParsing client packet
[0m[95m [1776432844.958734] BSON Parser: [0mDocument length: 46 bytes
[0m[95m [1776432844.958739] BSON Parser: [0mBSON parser: type: '16' key: 'sensor_type'
[0m[95m [1776432844.958745] BSON Parser: [0mBSON parser: int32:
[0m[95m [1776432844.958751] BSON Parser: [0m2
[0m[91m [1776432844.958757] BSON Message: [0mInside sensor type parsing.
[91m [1776432844.958761] BSON Message: [0mInside sensor type parsing end.
[95m [1776432844.958764] BSON Parser: [0mBSON parser: type: '2' key: 'sid'
[0m[95m [1776432844.958770] BSON Parser: [0mBSON parser: string
[0m[95m [1776432844.958776] BSON Parser: [0mBSON parser: 8 'device_0'
[0m[91m [1776432844.958781] BSON Message: [0mInside sid parsing
[95m [1776432844.958785] BSON Parser: [0mBSON parser: type: '8' key: 'dev'
[0m[95m [1776432844.958791] BSON Parser: [0mBSON parser: boolean false
[0m[95m [1776432844.958797] BSON Message: [0mBSON parser: debug .
[0m[95m [1776432844.958802] BSON Message: [0mBSON parser: debug . 0 dev 
[0m[95m [1776432844.958808] BSON Parser: [0mBSON parser: return. 46 length document has 46 bytes.
[0m[95m [1776432844.958814] BSON Parser: [0mBSON parser: return. 165 length document has 165 bytes.
[0m[95m [1776432844.958820] Transport: [0mComing to handle fragmentation 2
[0m[91m [1776432844.958826] Client: [0m---before writing in log upd_msg->seq_no= 40
[91m [1776432844.958830] Client: [0m---before writing in log upd_msg->type= 4
[91m [1776432844.958834] Client: [0m---before writing in log upd_msg->frag_no= 0
[91m [1776432844.958838] Client: [0m---before writing in log upd_msg->reliable= 0
[91m [1776432844.958842] Client: [0m---before writing in log upd_msg->data.sensor_type= 2
[91m [1776432844.958845] Client: [0m---before writing in log upd_msg->data.sid= device_0
[91m [1776432844.958850] Client: [0m---after writing in log upd_msg->seq_no = 40
[91m [1776432844.958854] Client: [0m---after writing in log upd_msg->data.sensor_type = 2
[91m [1776432844.958858] Client: [0m---after writing in log upd_msg->reliable = 0
[95m [1776432848.72926] Transport: [0mReceived 165 bytes
[0m[95m [1776432848.72937] BSON Parser: [0mParsing client packet
[0m[95m [1776432848.72945] BSON Parser: [0mDocument length: 165 bytes
[0m[95m [1776432848.72952] BSON Parser: [0mBSON parser: type: '16' key: 'type'
[0m[95m [1776432848.72957] BSON Parser: [0mBSON parser: int32:
[0m[95m [1776432848.72963] BSON Parser: [0m4
[0m[95m [1776432848.72969] BSON Parser: [0mBSON parser: type: '8' key: 'reliable'
[0m[95m [1776432848.72975] BSON Parser: [0mBSON parser: boolean false
[0m[95m [1776432848.72981] BSON Message: [0mBSON parser: debug .
[0m[95m [1776432848.72988] BSON Message: [0mBSON parser: debug . 0 reliable 
[0m[95m [1776432848.72994] BSON Parser: [0mBSON parser: type: '16' key: 'seq_no'
[0m[95m [1776432848.72999] BSON Parser: [0mBSON parser: int32:
[0m[95m [1776432848.73005] BSON Parser: [0m41
[0m[95m [1776432848.73022] BSON Parser: [0mBSON parser: type: '8' key: 'end_marker'
[0m[95m [1776432848.73028] BSON Parser: [0mBSON parser: boolean true
[0m[95m [1776432848.73033] BSON Message: [0mBSON parser: debug .
[0m[95m [1776432848.73039] BSON Message: [0mBSON parser: debug . 0 end_marker 
[0m[95m [1776432848.73045] BSON Parser: [0mBSON parser: type: '8' key: 'fragmented'
[0m[95m [1776432848.73050] BSON Parser: [0mBSON parser: boolean false
[0m[95m [1776432848.73056] BSON Message: [0mBSON parser: debug .
[0m[95m [1776432848.73062] BSON Message: [0mBSON parser: debug . 0 fragmented 
[0m[95m [1776432848.73068] BSON Parser: [0mBSON parser: type: '8' key: 'utilize_timestamp'
[0m[95m [1776432848.73073] BSON Parser: [0mBSON parser: boolean false
[0m[95m [1776432848.73081] BSON Message: [0mBSON parser: debug .
[0m[95m [1776432848.73088] BSON Message: [0mBSON parser: debug . 0 utilize_timestamp 
[0m[95m [1776432848.73095] BSON Parser: [0mBSON parser: type: '16' key: 'frag_no'
[0m[95m [1776432848.73101] BSON Parser: [0mBSON parser: int32:
[0m[95m [1776432848.73111] BSON Parser: [0m0
[0m[95m [1776432848.73117] BSON Parser: [0mBSON parser: type: '16' key: 'frag_total'
[0m[95m [1776432848.73122] BSON Parser: [0mBSON parser: int32:
[0m[95m [1776432848.73128] BSON Parser: [0m1
[0m[95m [1776432848.73134] BSON Parser: [0mBSON parser: type: '3' key: 'data'
[0m[95m [1776432848.73140] BSON Parser: [0mBSON parser: object
[0m[95m [1776432848.73145] BSON Parser: [0mParsing client packet
[0m[95m [1776432848.73151] BSON Parser: [0mDocument length: 46 bytes
[0m[95m [1776432848.73157] BSON Parser: [0mBSON parser: type: '16' key: 'sensor_type'
[0m[95m [1776432848.73162] BSON Parser: [0mBSON parser: int32:
[0m[95m [1776432848.73168] BSON Parser: [0m2
[0m[91m [1776432848.73173] BSON Message: [0mInside sensor type parsing.
[91m [1776432848.73177] BSON Message: [0mInside sensor type parsing end.
[95m [1776432848.73181] BSON Parser: [0mBSON parser: type: '2' key: 'sid'
[0m[95m [1776432848.73187] BSON Parser: [0mBSON parser: string
[0m[95m [1776432848.73192] BSON Parser: [0mBSON parser: 8 'device_0'
[0m[91m [1776432848.73198] BSON Message: [0mInside sid parsing
[95m [1776432848.73202] BSON Parser: [0mBSON parser: type: '8' key: 'dev'
[0m[95m [1776432848.73209] BSON Parser: [0mBSON parser: boolean false
[0m[95m [1776432848.73215] BSON Message: [0mBSON parser: debug .
[0m[95m [1776432848.73221] BSON Message: [0mBSON parser: debug . 0 dev 
[0m[95m [1776432848.73226] BSON Parser: [0mBSON parser: return. 46 length document has 46 bytes.
[0m[95m [1776432848.73232] BSON Parser: [0mBSON parser: return. 165 length document has 165 bytes.
[0m[95m [1776432848.73238] Transport: [0mComing to handle fragmentation 2
[0m from the server.
Message type is 4
---------Update message arrived------------ 1
Got a message from the server.
Message type is 4
---------Update message arrived------------ 1
Got a message from the server.
Message type is 4
---------Update message arrived------------ 1
Got a message from the server.
Message type is 4
---------Update message arrived------------ 1
Got a message from the server.
Message type is 4
---------Update message arrived------------ 1
Got a message from the server.
Message type is 4
---------Update message arrived------------ 1
Got a message from the server.
Message type is 4
---------Update message arrived------------ 1
Got a message from the server.
Message type is 4
---------Update message arrived------------ 1
Got a message from the server.
Message type is 4
---------Update message arrived------------ 1
Got a message from the server.
Message type is 4
---------Update message arrived------------ 1
Got a message from the server.
Message type is 4
---------Update message arrived------------ 1
Got a message from the server.
Message type is 4
---------Update message arrived------------ 1
Got a message from the server.
Message type is 4
---------Update message arrived------------ 1
Got a message from the server.
Message type is 4
---------Update message arrived------------ 1
Got a message from the server.
Message type is 4
---------Update message arrived------------ 1
Got a message from the server.
Message type is 4
---------Update message arrived------------ 1
Got a message from the server.
Message type is 4
---------Update message arrived------------ 1
Got a message from the server.
Message type is 4
---------Update message arrived------------ 1
Got a message from the server.
Message type is 4
---------Update message arrived------------ 1
Got a message from the server.
Message type is 4
---------Update message arrived------------ 1
Got a message from the server.
Message type is 4
---------Update message arrived------------ 1
Got a message from the server.
Message type is 4
---------Update message arrived------------ 1
Got a message from the server.
Message type is 4
---------Update message arrived------------ 1
Got a message from the server.
Message type is 4
---------Update message arrived------------ 1
Got a message from the server.
Message type is 4
---------Update message arrived------------ 1
Got a message from the server.
Message type is 4
---------Update message arrived------------ 1
Got a message from the server.
Message type is 4
---------Update message arrived------------ 1
Got a message from the server.
Message type is 4
---------Update message arrived------------ 1
Got a message from the server.
Message type is 4
---------Update message arrived------------ 1
Got a message from the server.
Message type is 4
---------Update message arrived------------ 1
Got a message from the server.
Message type is 4
---------Update message arrived------------ 1
Got a message from the server.
Message type is 4
---------Update message arrived------------ 1
Got a message from the server.
Message type is 4
---------Update message arrived------------ 1
Got a message from the server.
Message type is 4
---------Update message arrived------------ 1
Got a message from the server.
Message type is 4
---------Update message arrived------------ 1
Got a message from the server.
Message type is 4
---------Update message arrived------------ 1
Got a message from the server.
Message type is 4
---------Update message arrived------------ 1
Got a message from the server.
Message type is 4
---------Update message arrived------------ 1
Got a message from the server.
Message type is 4
---------Update message arrived------------ 1
Got a message from the server.
Message type is 4
---------Update message arrived------------ 1
Got a message from the server.
Message type is 4
---------Update message arrived------------ 1
Got a message from the server.
Message type is 4
---------Update message arrived------------ 1
Got a message from the server.
Message type is 4
---------Update message arrived------------ 1
Got a message from the s[91m [1776432848.73250] Client: [0m---before writing in log upd_msg->seq_no= 41
[91m [1776432848.73253] Client: [0m---before writing in log upd_msg->type= 4
[91m [1776432848.73257] Client: [0m---before writing in log upd_msg->frag_no= 0
[91m [1776432848.73261] Client: [0m---before writing in log upd_msg->reliable= 0
[91m [1776432848.73264] Client: [0m---before writing in log upd_msg->data.sensor_type= 2
[91m [1776432848.73268] Client: [0m---before writing in log upd_msg->data.sid= device_0
[91m [1776432848.73273] Client: [0m---after writing in log upd_msg->seq_no = 41
[91m [1776432848.73276] Client: [0m---after writing in log upd_msg->data.sensor_type = 2
[91m [1776432848.73280] Client: [0m---after writing in log upd_msg->reliable = 0
[95m [1776432848.185941] Transport: [0mReceived 165 bytes
[0m[95m [1776432848.185956] BSON Parser: [0mParsing client packet
[0m[95m [1776432848.185963] BSON Parser: [0mDocument length: 165 bytes
[0m[95m [1776432848.185971] BSON Parser: [0mBSON parser: type: '16' key: 'type'
[0m[95m [1776432848.185976] BSON Parser: [0mBSON parser: int32:
[0m[95m [1776432848.185982] BSON Parser: [0m4
[0m[95m [1776432848.185989] BSON Parser: [0mBSON parser: type: '8' key: 'reliable'
[0m[95m [1776432848.185995] BSON Parser: [0mBSON parser: boolean false
[0m[95m [1776432848.186001] BSON Message: [0mBSON parser: debug .
[0m[95m [1776432848.186014] BSON Message: [0mBSON parser: debug . 0 reliable 
[0m[95m [1776432848.186022] BSON Parser: [0mBSON parser: type: '16' key: 'seq_no'
[0m[95m [1776432848.186027] BSON Parser: [0mBSON parser: int32:
[0m[95m [1776432848.186032] BSON Parser: [0m42
[0m[95m [1776432848.186038] BSON Parser: [0mBSON parser: type: '8' key: 'end_marker'
[0m[95m [1776432848.186043] BSON Parser: [0mBSON parser: boolean true
[0m[95m [1776432848.186049] BSON Message: [0mBSON parser: debug .
[0m[95m [1776432848.186054] BSON Message: [0mBSON parser: debug . 0 end_marker 
[0m[95m [1776432848.186061] BSON Parser: [0mBSON parser: type: '8' key: 'fragmented'
[0m[95m [1776432848.186066] BSON Parser: [0mBSON parser: boolean false
[0m[95m [1776432848.186072] BSON Message: [0mBSON parser: debug .
[0m[95m [1776432848.186078] BSON Message: [0mBSON parser: debug . 0 fragmented 
[0m[95m [1776432848.186084] BSON Parser: [0mBSON parser: type: '8' key: 'utilize_timestamp'
[0m[95m [1776432848.186094] BSON Parser: [0mBSON parser: boolean false
[0m[95m [1776432848.186099] BSON Message: [0mBSON parser: debug .
[0m[95m [1776432848.186106] BSON Message: [0mBSON parser: debug . 0 utilize_timestamp 
[0m[95m [1776432848.186111] BSON Parser: [0mBSON parser: type: '16' key: 'frag_no'
[0m[95m [1776432848.186117] BSON Parser: [0mBSON parser: int32:
[0m[95m [1776432848.186122] BSON Parser: [0m0
[0m[95m [1776432848.186128] BSON Parser: [0mBSON parser: type: '16' key: 'frag_total'
[0m[95m [1776432848.186134] BSON Parser: [0mBSON parser: int32:
[0m[95m [1776432848.186140] BSON Parser: [0m1
[0m[95m [1776432848.186145] BSON Parser: [0mBSON parser: type: '3' key: 'data'
[0m[95m [1776432848.186151] BSON Parser: [0mBSON parser: object
[0m[95m [1776432848.186157] BSON Parser: [0mParsing client packet
[0m[95m [1776432848.186163] BSON Parser: [0mDocument length: 46 bytes
[0m[95m [1776432848.186168] BSON Parser: [0mBSON parser: type: '16' key: 'sensor_type'
[0m[95m [1776432848.186174] BSON Parser: [0mBSON parser: int32:
[0m[95m [1776432848.186179] BSON Parser: [0m2
[0m[91m [1776432848.186185] BSON Message: [0mInside sensor type parsing.
[91m [1776432848.186189] BSON Message: [0mInside sensor type parsing end.
[95m [1776432848.186194] BSON Parser: [0mBSON parser: type: '2' key: 'sid'
[0m[95m [1776432848.186199] BSON Parser: [0mBSON parser: string
[0m[95m [1776432848.186205] BSON Parser: [0mBSON parser: 8 'device_0'
[0m[91m [1776432848.186211] BSON Message: [0mInside sid parsing
[95m [1776432848.186215] BSON Parser: [0mBSON parser: type: '8' key: 'dev'
[0m[95m [1776432848.186220] BSON Parser: [0mBSON parser: boolean false
[0m[95m [1776432848.186226] BSON Message: [0mBSON parser: debug .
[0m[95m [1776432848.186232] BSON Message: [0mBSON parser: debug . 0 dev 
[0m[95m [1776432848.186238] BSON Parser: [0mBSON parser: return. 46 length document has 46 bytes.
[0m[95m [1776432848.186244] BSON Parser: [0mBSON parser: return. 165 length document has 165 bytes.
[0m[95m [1776432848.186251] Transport: [0mComing to handle fragmentation 2
[0m[91m [1776432848.186257] Client: [0m---before writing in log upd_msg->seq_no= 42
[91m [1776432848.186262] Client: [0m---before writing in log upd_msg->type= 4
[91m [1776432848.186268] Client: [0m---before writing in log upd_msg->frag_no= 0
[91m [1776432848.186272] Client: [0m---before writing in log upd_msg->reliable= 0
[91m [1776432848.186276] Client: [0m---before writing in log upd_msg->data.sensor_type= 2
[91m [1776432848.186280] Client: [0m---before writing in log upd_msg->data.sid= device_0
[91m [1776432848.186285] Client: [0m---after writing in log upd_msg->seq_no = 42
[91m [1776432848.186289] Client: [0m---after writing in log upd_msg->data.sensor_type = 2
[91m [1776432848.186293] Client: [0m---after writing in log upd_msg->reliable = 0
[95m [1776432848.746869] Client: [0mTimeout reached, sending keep_alive.
[0m[95m [1776432849.352196] Transport: [0mReceived 165 bytes
[0m[95m [1776432849.352212] BSON Parser: [0mParsing client packet
[0m[95m [1776432849.352219] BSON Parser: [0mDocument length: 165 bytes
[0m[95m [1776432849.352226] BSON Parser: [0mBSON parser: type: '16' key: 'type'
[0m[95m [1776432849.352232] BSON Parser: [0mBSON parser: int32:
[0m[95m [1776432849.352237] BSON Parser: [0m4
[0m[95m [1776432849.352244] BSON Parser: [0mBSON parser: type: '8' key: 'reliable'
[0m[95m [1776432849.352250] BSON Parser: [0mBSON parser: boolean false
[0m[95m [1776432849.352256] BSON Message: [0mBSON parser: debug .
[0m[95m [1776432849.352264] BSON Message: [0mBSON parser: debug . 0 reliable 
[0m[95m [1776432849.352270] BSON Parser: [0mBSON parser: type: '16' key: 'seq_no'
[0m[95m [1776432849.352275] BSON Parser: [0mBSON parser: int32:
[0m[95m [1776432849.352281] BSON Parser: [0m43
[0m[95m [1776432849.352287] BSON Parser: [0mBSON parser: type: '8' key: 'end_marker'
[0m[95m [1776432849.352293] BSON Parser: [0mBSON parser: boolean true
[0m[95m [1776432849.352304] BSON Message: [0mBSON parser: debug .
[0m[95m [1776432849.352309] BSON Message: [0mBSON parser: debug . 0 end_marker 
[0m[95m [1776432849.352316] BSON Parser: [0mBSON parser: type: '8' key: 'fragmented'
[0m[95m [1776432849.352322] BSON Parser: [0mBSON parser: boolean false
[0m[95m [1776432849.352328] BSON Message: [0mBSON parser: debug .
[0m[95m [1776432849.352334] BSON Message: [0mBSON parser: debug . 0 fragmented 
[0m[95m [1776432849.352339] BSON Parser: [0mBSON parser: type: '8' key: 'utilize_timestamp'
[0m[95m [1776432849.352345] BSON Parser: [0mBSON parser: boolean false
[0m[95m [1776432849.352351] BSON Message: [0mBSON parser: debug .
[0m[95m [1776432849.352357] BSON Message: [0mBSON parser: debug . 0 utilize_timestamp 
[0m[95m [1776432849.352362] BSON Parser: [0mBSON parser: type: '16' key: 'frag_no'
[0m[95m [1776432849.352368] BSON Parser: [0mBSON parser: int32:
[0m[95m [1776432849.352374] BSON Parser: [0m0
[0m[95m [1776432849.352380] BSON Parser: [0mBSON parser: type: '16' key: 'frag_total'
[0m[95m [1776432849.352386] BSON Parser: [0mBSON parser: int32:
[0m[95m [1776432849.352393] BSON Parser: [0m1
[0m[95m [1776432849.352399] BSON Parser: [0mBSON parser: type: '3' key: 'data'
[0m[95m [1776432849.352405] BSON Parser: [0mBSON parser: object
[0m[95m [1776432849.352410] BSON Parser: [0mParsing client packet
[0m[95m [1776432849.352416] BSON Parser: [0mDocument length: 46 bytes
[0m[95m [1776432849.352423] BSON Parser: [0mBSON parser: type: '16' key: 'sensor_type'
[0m[95m [1776432849.352429] BSON Parser: [0mBSON parser: int32:
[0m[95m [1776432849.352435] BSON Parser: [0m2
[0m[91m [1776432849.352441] BSON Message: [0mInside sensor type parsing.
[91m [1776432849.352444] BSON Message: [0mInside sensor type parsing end.
[95m [1776432849.352448] BSON Parser: [0mBSON parser: type: '2' key: 'sid'
[0m[95m [1776432849.352454] BSON Parser: [0mBSON parser: string
[0m[95m [1776432849.352459] BSON Parser: [0mBSON parser: 8 'device_0'
[0m[91m [1776432849.352465] BSON Message: [0mInside sid parsing
[95m [1776432849.352469] BSON Parser: [0mBSON parser: type: '8' key: 'dev'
[0m[95m [1776432849.352475] BSON Parser: [0mBSON parser: boolean true
[0m[95m [1776432849.352481] BSON Message: [0mBSON parser: debug .
[0m[95m [1776432849.352487] BSON Message: [0mBSON parser: debug . 0 dev 
[0m[95m [1776432849.352493] BSON Parser: [0mBSON parser: return. 46 length document has 46 bytes.
[0m[95m [1776432849.352498] BSON Parser: [0mBSON parser: return. 165 length document has 165 bytes.
[0m[95m [1776432849.352504] Transport: [0mComing to handle fragmentation 2
[0m[91m [1776432849.352510] Client: [0m---before writing in log upd_msg->seq_no= 43
[91m [1776432849.352515] Client: [0m---before writing in log upd_msg->type= 4
[91m [1776432849.352521] Client: [0m---before writing in log upd_msg->frag_no= 0
[91m [1776432849.352525] Client: [0m---before writing in log upd_msg->reliable= 0
[91m [1776432849.352528] Client: [0m---before writing in log upd_msg->data.sensor_type= 2
[91m [1776432849.352532] Client: [0m---before writing in log upd_msg->data.sid= device_0
[91m [1776432849.352537] Client: [0m---after writing in log upd_msg->seq_no = 43
[91m [1776432849.352540] Client: [0m---after writing in log upd_msg->data.sensor_type = 2
[91m [1776432849.352545] Client: [0m---after writing in log upd_msg->reliable = 0
[95m [1776432850.603484] Transport: [0mReceived 165 bytes
[0m[95m [1776432850.603497] BSON Parser: [0mParsing client packet
[0m[95m [1776432850.603503] BSON Parser: [0mDocument length: 165 bytes
[0m[95m [1776432850.603509] BSON Parser: [0mBSON parser: type: '16' key: 'type'
[0m[95m [1776432850.603515] BSON Parser: [0mBSON parser: int32:
[0m[95m [1776432850.603520] BSON Parser: [0m4
[0m[95m [1776432850.603527] BSON Parser: [0mBSON parser: type: '8' key: 'reliable'
[0m[95m [1776432850.603535] BSON Parser: [0mBSON parser: boolean false
[0m[95m [1776432850.603545] BSON Message: [0mBSON parser: debug .
[0m[95m [1776432850.603550] BSON Message: [0mBSON parser: debug . 0 reliable 
[0m[95m [1776432850.603555] BSON Parser: [0mBSON parser: type: '16' key: 'seq_no'
[0m[95m [1776432850.603559] BSON Parser: [0mBSON parser: int32:
[0m[95m [1776432850.603564] BSON Parser: [0m44
[0m[95m [1776432850.603568] BSON Parser: [0mBSON parser: type: '8' key: 'end_marker'
[0m[95m [1776432850.603573] BSON Parser: [0mBSON parser: boolean true
[0m[95m [1776432850.603577] BSON Message: [0mBSON parser: debug .
[0m[95m [1776432850.603582] BSON Message: [0mBSON parser: debug . 0 end_marker 
[0m[95m [1776432850.603586] BSON Parser: [0mBSON parser: type: '8' key: 'fragmented'
[0m[95m [1776432850.603591] BSON Parser: [0mBSON parser: boolean false
[0m[95m [1776432850.603595] BSON Message: [0mBSON parser: debug .
[0m[95m [1776432850.603600] BSON Message: [0mBSON parser: debug . 0 fragmented 
[0m[95m [1776432850.603604] BSON Parser: [0mBSON parser: type: '8' key: 'utilize_timestamp'
[0m[95m [1776432850.603609] BSON Parser: [0mBSON parser: boolean false
[0m[95m [1776432850.603614] BSON Message: [0mBSON parser: debug .
[0m[95m [1776432850.603618] BSON Message: [0mBSON parser: debug . 0 utilize_timestamp 
[0m[95m [1776432850.603623] BSON Parser: [0mBSON parser: type: '16' key: 'frag_no'
[0m[95m [1776432850.603628] BSON Parser: [0mBSON parser: int32:
[0m[95m [1776432850.603632] BSON Parser: [0m0
[0m[95m [1776432850.603638] BSON Parser: [0mBSON parser: type: '16' key: 'frag_total'
[0m[95m [1776432850.603643] BSON Parser: [0mBSON parser: int32:
[0m[95m [1776432850.603647] BSON Parser: [0m1
[0m[95m [1776432850.603652] BSON Parser: [0mBSON parser: type: '3' key: 'data'
[0m[95m [1776432850.603657] BSON Parser: [0mBSON parser: object
[0m[95m [1776432850.603661] BSON Parser: [0mParsing client packet
[0m[95m [1776432850.603666] BSON Parser: [0mDocument length: 46 bytes
[0m[95m [1776432850.603671] BSON Parser: [0mBSON parser: type: '16' key: 'sensor_type'
[0m[95m [1776432850.603675] BSON Parser: [0mBSON parser: int32:
[0m[95m [1776432850.603680] BSON Parser: [0m2
[0m[91m [1776432850.603684] BSON Message: [0mInside sensor type parsing.
[91m [1776432850.603688] BSON Message: [0mInside sensor type parsing end.
[95m [1776432850.603691] BSON Parser: [0mBSON parser: type: '2' key: 'sid'
[0m[95m [1776432850.603696] BSON Parser: [0mBSON parser: string
[0m[95m [1776432850.603700] BSON Parser: [0mBSON parser: 8 'device_0'
[0m[91m [1776432850.603705] BSON Message: [0mInside sid parsing
[95m [1776432850.603708] BSON Parser: [0mBSON parser: type: '8' key: 'dev'
[0m[95m [1776432850.603713] BSON Parser: [0mBSON parser: boolean false
[0m[95m [1776432850.603718] BSON Message: [0mBSON parser: debug .
[0m[95m [1776432850.603722] BSON Message: [0mBSON parser: debug . 0 dev 
[0m[95m [1776432850.603727] BSON Parser: [0mBSON parser: return. 46 length document has 46 bytes.
[0m[95m [1776432850.603731] BSON Parser: [0mBSON parser: return. 165 length document has 165 bytes.
[0m[95m [1776432850.603736] Transport: [0mComing to handle fragmentation 2
[0m[91m [1776432850.603742] Client: [0m---before writing in log upd_msg->seq_no= 44
[91m [1776432850.603745] Client: [0m---before writing in log upd_msg->type= 4
[91m [1776432850.603748] Client: [0m---before writing in log upd_msg->frag_no= 0
[91m [1776432850.603751] Client: [0m---before writing in log upd_msg->reliable= 0
[91m [1776432850.603754] Client: [0m---before writing in log upd_msg->data.sensor_type= 2
[91m [1776432850.603757] Client: [0m---before writing in log upd_msg->data.sid= device_0
[91m [1776432850.603761] Client: [0m---after writing in log upd_msg->seq_no = 44
[91m [1776432850.603764] Client: [0m---after writing in log upd_msg->data.sensor_type = 2
[91m [1776432850.603767] Client: [0m---after writing in log upd_msg->reliable = 0
[95m [1776432852.418143] Transport: [0mReceived 165 bytes
[0m[95m [1776432852.418169] BSON Parser: [0mParsing client packet
[0m[95m [1776432852.418182] BSON Parser: [0mDocument length: 165 bytes
[0m[95m [1776432852.418190] BSON Parser: [0mBSON parser: type: '16' key: 'type'
[0m[95m [1776432852.418196] BSON Parser: [0mBSON parser: int32:
[0m[95m [1776432852.418202] BSON Parser: [0m4
[0m[95m [1776432852.418209] BSON Parser: [0mBSON parser: type: '8' key: 'reliable'
[0m[95m [1776432852.418215] BSON Parser: [0mBSON parser: boolean false
[0m[95m [1776432852.418222] BSON Message: [0mBSON parser: debug .
[0m[95m [1776432852.418228] BSON Message: [0mBSON parser: debug . 0 reliable 
[0m[95m [1776432852.418237] BSON Parser: [0mBSON parser: type: '16' key: 'seq_no'
[0m[95m [1776432852.418243] BSON Parser: [0mBSON parser: int32:
[0m[95m [1776432852.418249] BSON Parser: [0m45
[0m[95m [1776432852.418256] BSON Parser: [0mBSON parser: type: '8' key: 'end_marker'
[0m[95m [1776432852.418264] BSON Parser: [0mBSON parser: boolean true
[0m[95m [1776432852.418272] BSON Message: [0mBSON parser: debug .
[0m[95m [1776432852.418280] BSON Message: [0mBSON parser: debug . 0 end_marker 
[0m[95m [1776432852.418288] BSON Parser: [0mBSON parser: type: '8' key: 'fragmented'
[0m[95m [1776432852.418299] BSON Parser: [0mBSON parser: boolean false
[0m[95m [1776432852.418306] BSON Message: [0mBSON parser: debug .
[0m[95m [1776432852.418315] BSON Message: [0mBSON parser: debug . 0 fragmented 
[0m[95m [1776432852.418323] BSON Parser: [0mBSON parser: type: '8' key: 'utilize_timestamp'
[0m[95m [1776432852.418330] BSON Parser: [0mBSON parser: boolean false
[0m[95m [1776432852.418338] BSON Message: [0mBSON parser: debug .
[0m[95m [1776432852.418343] BSON Message: [0mBSON parser: debug . 0 utilize_timestamp 
[0m[95m [1776432852.418349] BSON Parser: [0mBSON parser: type: '16' key: 'frag_no'
[0m[95m [1776432852.418357] BSON Parser: [0mBSON parser: int32:
[0m[95m [1776432852.418364] BSON Parser: [0m0
[0m[95m [1776432852.418371] BSON Parser: [0mBSON parser: type: '16' key: 'frag_total'
[0m[95m [1776432852.418378] BSON Parser: [0mBSON parser: int32:
[0m[95m [1776432852.418385] BSON Parser: [0m1
[0m[95m [1776432852.418393] BSON Parser: [0mBSON parser: type: '3' key: 'data'
[0m[95m [1776432852.418400] BSON Parser: [0mBSON parser: object
[0m[95m [1776432852.418407] BSON Parser: [0mParsing client packet
[0m[95m [1776432852.418414] BSON Parser: [0mDocument length: 46 bytes
[0m[95m [1776432852.418422] BSON Parser: [0mBSON parser: type: '16' key: 'sensor_type'
[0m[95m [1776432852.418429] BSON Parser: [0mBSON parser: int32:
[0m[95m [1776432852.418435] BSON Parser: [0m2
[0m[91m [1776432852.418441] BSON Message: [0mInside sensor type parsing.
[91m [1776432852.418448] BSON Message: [0mInside sensor type parsing end.
[95m [1776432852.418452] BSON Parser: [0mBSON parser: type: '2' key: 'sid'
[0m[95m [1776432852.418458] BSON Parser: [0mBSON parser: string
[0m[95m [1776432852.418464] BSON Parser: [0mBSON parser: 8 'device_0'
[0m[91m [1776432852.418472] BSON Message: [0mInside sid parsing
[95m [1776432852.418476] BSON Parser: [0mBSON parser: type: '8' key: 'dev'
[0m[95m [1776432852.418482] BSON Parser: [0mBSON parser: boolean false
[0m[95m [1776432852.418488] BSON Message: [0mBSON parser: debug .
[0m[95m [1776432852.418493] BSON Message: [0mBSON parser: debug . 0 dev 
[0m[95m [1776432852.418499] BSON Parser: [0mBSON parser: return. 46 length document has 46 bytes.
[0m[95m [1776432852.418506] BSON Parser: [0mBSON parser: return. 165 length document has 165 bytes.
[0m[95m [1776432852.418512] Transport: [0mComing to handle fragmentation 2
[0m[91m [1776432852.418519] Client: [0m---before writing in log upd_msg->seq_no= 45
[91m [1776432852.418523] Client: [0m---before writing in log upd_msg->type= 4
[91m [1776432852.418528] Client: [0m---before writing in log upd_msg->frag_no= 0
[91m [1776432852.418532] Client: [0m---before writing in log upd_msg->reliable= 0
[91m [1776432852.418536] Client: [0m---before writing in log upd_msg->data.sensor_type= 2
[91m [1776432852.418552] Client: [0m---before writing in log upd_msg->data.sid= device_0
[91m [1776432852.418558] Client: [0m---after writing in log upd_msg->seq_no = 45
[91m [1776432852.418562] Client: [0m---after writing in log upd_msg->data.sensor_type = 2
[91m [1776432852.418566] Client: [0m---after writing in log upd_msg->reliable = 0
[95m [1776432853.750033] Client: [0mTimeout reached, sending keep_alive.
[0m[95m [1776432854.828558] Transport: [0mReceived 165 bytes
[0m[95m [1776432854.828571] BSON Parser: [0mParsing client packet
[0m[95m [1776432854.828578] BSON Parser: [0mDocument length: 165 bytes
[0m[95m [1776432854.828586] BSON Parser: [0mBSON parser: type: '16' key: 'type'
[0m[95m [1776432854.828592] BSON Parser: [0mBSON parser: int32:
[0m[95m [1776432854.828599] BSON Parser: [0m4
[0m[95m [1776432854.828606] BSON Parser: [0mBSON parser: type: '8' key: 'reliable'
[0m[95m [1776432854.828612] BSON Parser: [0mBSON parser: boolean false
[0m[95m [1776432854.828619] BSON Message: [0mBSON parser: debug .
[0m[95m [1776432854.828625] BSON Message: [0mBSON parser: debug . 0 reliable 
[0m[95m [1776432854.828632] BSON Parser: [0mBSON parser: type: '16' key: 'seq_no'
[0m[95m [1776432854.828639] BSON Parser: [0mBSON parser: int32:
[0m[95m [1776432854.828645] BSON Parser: [0m46
[0m[95m [1776432854.828652] BSON Parser: [0mBSON parser: type: '8' key: 'end_marker'
[0m[95m [1776432854.828659] BSON Parser: [0mBSON parser: boolean true
[0m[95m [1776432854.828665] BSON Message: [0mBSON parser: debug .
[0m[95m [1776432854.828672] BSON Message: [0mBSON parser: debug . 0 end_marker 
[0m[95m [1776432854.828678] BSON Parser: [0mBSON parser: type: '8' key: 'fragmented'
[0m[95m [1776432854.828685] BSON Parser: [0mBSON parser: boolean false
[0m[95m [1776432854.828691] BSON Message: [0mBSON parser: debug .
[0m[95m [1776432854.828698] BSON Message: [0mBSON parser: debug . 0 fragmented 
[0m[95m [1776432854.828704] BSON Parser: [0mBSON parser: type: '8' key: 'utilize_timestamp'
[0m[95m [1776432854.828711] BSON Parser: [0mBSON parser: boolean false
[0m[95m [1776432854.828717] BSON Message: [0mBSON parser: debug .
[0m[95m [1776432854.828724] BSON Message: [0mBSON parser: debug . 0 utilize_timestamp 
[0m[95m [1776432854.828731] BSON Parser: [0mBSON parser: type: '16' key: 'frag_no'
[0m[95m [1776432854.828737] BSON Parser: [0mBSON parser: int32:
[0m[95m [1776432854.828744] BSON Parser: [0m0
[0m[95m [1776432854.828751] BSON Parser: [0mBSON parser: type: '16' key: 'frag_total'
[0m[95m [1776432854.828757] BSON Parser: [0mBSON parser: int32:
[0m[95m [1776432854.828764] BSON Parser: [0m1
[0m[95m [1776432854.828770] BSON Parser: [0mBSON parser: type: '3' key: 'data'
[0m[95m [1776432854.828777] BSON Parser: [0mBSON parser: object
[0m[95m [1776432854.828783] BSON Parser: [0mParsing client packet
[0m[95m [1776432854.828790] BSON Parser: [0mDocument length: 46 bytes
[0m[95m [1776432854.828797] BSON Parser: [0mBSON parser: type: '16' key: 'sensor_type'
[0m[95m [1776432854.828803] BSON Parser: [0mBSON parser: int32:
[0m[95m [1776432854.828810] BSON Parser: [0m2
[0m[91m [1776432854.828816] BSON Message: [0mInside sensor type parsing.
[91m [1776432854.828821] BSON Message: [0mInside sensor type parsing end.
[95m [1776432854.828826] BSON Parser: [0mBSON parser: type: '2' key: 'sid'
[0m[95m [1776432854.828832] BSON Parser: [0mBSON parser: string
[0m[95m [1776432854.828839] BSON Parser: [0mBSON parser: 8 'device_0'
[0m[91m [1776432854.828846] BSON Message: [0mInside sid parsing
[95m [1776432854.828851] BSON Parser: [0mBSON parser: type: '8' key: 'dev'
[0m[95m [1776432854.828857] BSON Parser: [0mBSON parser: boolean true
[0m[95m [1776432854.828863] BSON Message: [0mBSON parser: debug .
[0m[95m [1776432854.828870] BSON Message: [0mBSON parser: debug . 0 dev 
[0m[95m [1776432854.828876] BSON Parser: [0mBSON parser: return. 46 length document has 46 bytes.
[0m[95m [1776432854.828883] BSON Parser: [0mBSON parser: return. 165 length document has 165 bytes.
[0m[95m [1776432854.828895] Transport: [0mComing to handle fragmentation 2
[0m[91m [1776432854.828902] Client: [0m---before writing in log upd_msg->seq_no= 46
[91m [1776432854.828907] Client: [0m---before writing in log upd_msg->type= 4
[91m [1776432854.828911] Client: [0m---before writing in log upd_msg->frag_no= 0
[91m [1776432854.828916] Client: [0m---before writing in log upd_msg->reliable= 0
[91m [1776432854.828920] Client: [0m---before writing in log upd_msg->data.sensor_type= 2
[91m [1776432854.828925] Client: [0m---before writing in log upd_msg->data.sid= device_0
[91m [1776432854.828930] Client: [0m---after writing in log upd_msg->seq_no = 46
[91m [1776432854.828934] Client: [0m---after writing in log upd_msg->data.sensor_type = 2
[91m [1776432854.828939] Client: [0m---after writing in log upd_msg->reliable = 0
[95m [1776432855.803164] Transport: [0mReceived 165 bytes
[0m[95m [1776432855.803176] BSON Parser: [0mParsing client packet
[0m[95m [1776432855.803185] BSON Parser: [0mDocument length: 165 bytes
[0m[95m [1776432855.803191] BSON Parser: [0mBSON parser: type: '16' key: 'type'
[0m[95m [1776432855.803197] BSON Parser: [0mBSON parser: int32:
[0m[95m [1776432855.803202] BSON Parser: [0m4
[0m[95m [1776432855.803209] BSON Parser: [0mBSON parser: type: '8' key: 'reliable'
[0m[95m [1776432855.803214] BSON Parser: [0mBSON parser: boolean false
[0m[95m [1776432855.803220] BSON Message: [0mBSON parser: debug .
[0m[95m [1776432855.803226] BSON Message: [0mBSON parser: debug . 0 reliable 
[0m[95m [1776432855.803232] BSON Parser: [0mBSON parser: type: '16' key: 'seq_no'
[0m[95m [1776432855.803238] BSON Parser: [0mBSON parser: int32:
[0m[95m [1776432855.803243] BSON Parser: [0m47
[0m[95m [1776432855.803250] BSON Parser: [0mBSON parser: type: '8' key: 'end_marker'
[0m[95m [1776432855.803255] BSON Parser: [0mBSON parser: boolean true
[0m[95m [1776432855.803261] BSON Message: [0mBSON parser: debug .
[0m[95m [1776432855.803267] BSON Message: [0mBSON parser: debug . 0 end_marker 
[0m[95m [1776432855.803273] BSON Parser: [0mBSON parser: type: '8' key: 'fragmented'
[0m[95m [1776432855.803279] BSON Parser: [0mBSON parser: boolean false
[0m[95m [1776432855.803284] BSON Message: [0mBSON parser: debug .
[0m[95m [1776432855.803290] BSON Message: [0mBSON parser: debug . 0 fragmented 
[0m[95m [1776432855.803296] BSON Parser: [0mBSON parser: type: '8' key: 'utilize_timestamp'
[0m[95m [1776432855.803301] BSON Parser: [0mBSON parser: boolean false
[0m[95m [1776432855.803307] BSON Message: [0mBSON parser: debug .
[0m[95m [1776432855.803315] BSON Message: [0mBSON parser: debug . 0 utilize_timestamp 
[0m[95m [1776432855.803320] BSON Parser: [0mBSON parser: type: '16' key: 'frag_no'
[0m[95m [1776432855.803326] BSON Parser: [0mBSON parser: int32:
[0m[95m [1776432855.803332] BSON Parser: [0m0
[0m[95m [1776432855.803338] BSON Parser: [0mBSON parser: type: '16' key: 'frag_total'
[0m[95m [1776432855.803344] BSON Parser: [0mBSON parser: int32:
[0m[95m [1776432855.803350] BSON Parser: [0m1
[0m[95m [1776432855.803356] BSON Parser: [0mBSON parser: type: '3' key: 'data'
[0m[95m [1776432855.803361] BSON Parser: [0mBSON parser: object
[0m[95m [1776432855.803367] BSON Parser: [0mParsing client packet
[0m[95m [1776432855.803372] BSON Parser: [0mDocument length: 46 bytes
[0m[95m [1776432855.803379] BSON Parser: [0mBSON parser: type: '16' key: 'sensor_type'
[0m[95m [1776432855.803385] BSON Parser: [0mBSON parser: int32:
[0m[95m [1776432855.803392] BSON Parser: [0m2
[0m[91m [1776432855.803398] BSON Message: [0mInside sensor type parsing.
[91m [1776432855.803403] BSON Message: [0mInside sensor type parsing end.
[95m [1776432855.803409] BSON Parser: [0mBSON parser: type: '2' key: 'sid'
[0m[95m [1776432855.803416] BSON Parser: [0mBSON parser: string
[0m[95m [1776432855.803423] BSON Parser: [0mBSON parser: 8 'device_0'
[0m[91m [1776432855.803430] BSON Message: [0mInside sid parsing
[95m [1776432855.803440] BSON Parser: [0mBSON parser: type: '8' key: 'dev'
[0m[95m [1776432855.803447] BSON Parser: [0mBSON parser: boolean true
[0m[95m [1776432855.803456] BSON Message: [0mBSON parser: debug .
[0m[95m [1776432855.803463] BSON Message: [0mBSON parser: debug . 0 dev 
[0m[95m [1776432855.803470] BSON Parser: [0mBSON parser: return. 46 length document has 46 bytes.
[0m[95m [1776432855.803477] BSON Parser: [0mBSON parser: return. 165 length document has 165 bytes.
[0m[95m [1776432855.803484] Transport: [0mComing to handle fragmentation 2
[0m[91m [1776432855.803492] Client: [0m---before writing in log upd_msg->seq_no= 47
[91m [1776432855.803497] Client: [0m---before writing in log upd_msg->type= 4
[91m [1776432855.803501] Client: [0m---before writing in log upd_msg->frag_no= 0
[91m [1776432855.803505] Client: [0m---before writing in log upd_msg->reliable= 0
[91m [1776432855.803509] Client: [0m---before writing in log upd_msg->data.sensor_type= 2
[91m [1776432855.803514] Client: [0m---before writing in log upd_msg->data.sid= device_0
[91m [1776432855.803518] Client: [0m---after writing in log upd_msg->seq_no = 47
[91m [1776432855.803523] Client: [0m---after writing in log upd_msg->data.sensor_type = 2
[91m [1776432855.803527] Client: [0m---after writing in log upd_msg->reliable = 0
[95m [1776432856.100508] Transport: [0mReceived 165 bytes
[0m[95m [1776432856.100519] BSON Parser: [0mParsing client packet
[0m[95m [1776432856.100525] BSON Parser: [0mDocument length: 165 bytes
[0m[95m [1776432856.100531] BSON Parser: [0mBSON parser: type: '16' key: 'type'
[0m[95m [1776432856.100536] BSON Parser: [0mBSON parser: int32:
[0m[95m [1776432856.100542] BSON Parser: [0m4
[0m[95m [1776432856.100548] BSON Parser: [0mBSON parser: type: '8' key: 'reliable'
[0m[95m [1776432856.100553] BSON Parser: [0mBSON parser: boolean false
[0m[95m [1776432856.100559] BSON Message: [0mBSON parser: debug .
[0m[95m [1776432856.100565] BSON Message: [0mBSON parser: debug . 0 reliable 
[0m[95m [1776432856.100570] BSON Parser: [0mBSON parser: type: '16' key: 'seq_no'
[0m[95m [1776432856.100576] BSON Parser: [0mBSON parser: int32:
[0m[95m [1776432856.100582] BSON Parser: [0m48
[0m[95m [1776432856.100587] BSON Parser: [0mBSON parser: type: '8' key: 'end_marker'
[0m[95m [1776432856.100593] BSON Parser: [0mBSON parser: boolean true
[0m[95m [1776432856.100598] BSON Message: [0mBSON parser: debug .
[0m[95m [1776432856.100604] BSON Message: [0mBSON parser: debug . 0 end_marker 
[0m[95m [1776432856.100610] BSON Parser: [0mBSON parser: type: '8' key: 'fragmented'
[0m[95m [1776432856.100615] BSON Parser: [0mBSON parser: boolean false
[0m[95m [1776432856.100621] BSON Message: [0mBSON parser: debug .
[0m[95m [1776432856.100626] BSON Message: [0mBSON parser: debug . 0 fragmented 
[0m[95m [1776432856.100632] BSON Parser: [0mBSON parser: type: '8' key: 'utilize_timestamp'
[0m[95m [1776432856.100638] BSON Parser: [0mBSON parser: boolean false
[0m[95m [1776432856.100644] BSON Message: [0mBSON parser: debug .
[0m[95m [1776432856.100649] BSON Message: [0mBSON parser: debug . 0 utilize_timestamp 
[0m[95m [1776432856.100656] BSON Parser: [0mBSON parser: type: '16' key: 'frag_no'
[0m[95m [1776432856.100662] BSON Parser: [0mBSON parser: int32:
[0m[95m [1776432856.100668] BSON Parser: [0m0
[0m[95m [1776432856.100673] BSON Parser: [0mBSON parser: type: '16' key: 'frag_total'
[0m[95m [1776432856.100679] BSON Parser: [0mBSON parser: int32:
[0m[95m [1776432856.100684] BSON Parser: [0m1
[0m[95m [1776432856.100691] BSON Parser: [0mBSON parser: type: '3' key: 'data'
[0m[95m [1776432856.100696] BSON Parser: [0mBSON parser: object
[0m[95m [1776432856.100702] BSON Parser: [0mParsing client packet
[0m[95m [1776432856.100707] BSON Parser: [0mDocument length: 46 bytes
[0m[95m [1776432856.100713] BSON Parser: [0mBSON parser: type: '16' key: 'sensor_type'
[0m[95m [1776432856.100719] BSON Parser: [0mBSON parser: int32:
[0m[95m [1776432856.100728] BSON Parser: [0m2
[0m[91m [1776432856.100735] BSON Message: [0mInside sensor type parsing.
[91m [1776432856.100739] BSON Message: [0mInside sensor type parsing end.
[95m [1776432856.100743] BSON Parser: [0mBSON parser: type: '2' key: 'sid'
[0m[95m [1776432856.100748] BSON Parser: [0mBSON parser: string
[0m[95m [1776432856.100754] BSON Parser: [0mBSON parser: 8 'device_0'
[0m[91m [1776432856.100759] BSON Message: [0mInside sid parsing
[95m [1776432856.100763] BSON Parser: [0mBSON parser: type: '8' key: 'dev'
[0m[95m [1776432856.100769] BSON Parser: [0mBSON parser: boolean true
[0m[95m [1776432856.100774] BSON Message: [0mBSON parser: debug .
[0m[95m [1776432856.100780] BSON Message: [0mBSON parser: debug . 0 dev 
[0m[95m [1776432856.100787] BSON Parser: [0mBSON parser: return. 46 length document has 46 bytes.
[0m[95m [1776432856.100793] BSON Parser: [0mBSON parser: return. 165 length document has 165 bytes.
[0m[95m [1776432856.100799] Transport: [0mComing to handle fragmentation 2
[0m[91m [1776432856.100805] Client: [0m---before writing in log upd_msg->seq_no= 48
[91m [1776432856.100809] Client: [0m---before writing in log upd_msg->type= 4
[91m [1776432856.100813] Client: [0m---before writing in log upd_msg->frag_no= 0
[91m [1776432856.100817] Client: [0m---before writing in log upd_msg->reliable= 0
[91m [1776432856.100821] Client: [0m---before writing in log upd_msg->data.sensor_type= 2
[91m [1776432856.100824] Client: [0m---before writing in log upd_msg->data.sid= device_0
[91m [1776432856.100829] Client: [0m---after writing in log upd_msg->seq_no = 48
[91m [1776432856.100832] Client: [0m---after writing in log upd_msg->data.sensor_type = 2
[91m [1776432856.100836] Client: [0m---after writing in log upd_msg->reliable = 0
[95m [1776432856.826983] Transport: [0mReceived 165 bytes
[0m[95m [1776432856.826995] BSON Parser: [0mParsing client packet
[0m[95m [1776432856.827001] BSON Parser: [0mDocument length: 165 bytes
[0m[95m [1776432856.827014] BSON Parser: [0mBSON parser: type: '16' key: 'type'
[0m[95m [1776432856.827021] BSON Parser: [0mBSON parser: int32:
[0m[95m [1776432856.827026] BSON Parser: [0m4
[0m[95m [1776432856.827032] BSON Parser: [0mBSON parser: type: '8' key: 'reliable'
[0m[95m [1776432856.827038] BSON Parser: [0mBSON parser: boolean false
[0m[95m [1776432856.827043] BSON Message: [0mBSON parser: debug .
[0m[95m [1776432856.827049] BSON Message: [0mBSON parser: debug . 0 reliable 
[0m[95m [1776432856.827054] BSON Parser: [0mBSON parser: type: '16' key: 'seq_no'
[0m[95m [1776432856.827060] BSON Parser: [0mBSON parser: int32:
[0m[95m [1776432856.827065] BSON Parser: [0m49
[0m[95m [1776432856.827071] BSON Parser: [0mBSON parser: type: '8' key: 'end_marker'
[0m[95m [1776432856.827077] BSON Parser: [0mBSON parser: boolean true
[0m[95m [1776432856.827082] BSON Message: [0mBSON parser: debug .
[0m[95m [1776432856.827088] BSON Message: [0mBSON parser: debug . 0 end_marker 
[0m[95m [1776432856.827093] BSON Parser: [0mBSON parser: type: '8' key: 'fragmented'
[0m[95m [1776432856.827099] BSON Parser: [0mBSON parser: boolean false
[0m[95m [1776432856.827104] BSON Message: [0mBSON parser: debug .
[0m[95m [1776432856.827110] BSON Message: [0mBSON parser: debug . 0 fragmented 
[0m[95m [1776432856.827115] BSON Parser: [0mBSON parser: type: '8' key: 'utilize_timestamp'
[0m[95m [1776432856.827121] BSON Parser: [0mBSON parser: boolean false
[0m[95m [1776432856.827126] BSON Message: [0mBSON parser: debug .
[0m[95m [1776432856.827132] BSON Message: [0mBSON parser: debug . 0 utilize_timestamp 
[0m[95m [1776432856.827138] BSON Parser: [0mBSON parser: type: '16' key: 'frag_no'
[0m[95m [1776432856.827143] BSON Parser: [0mBSON parser: int32:
[0m[95m [1776432856.827149] BSON Parser: [0m0
[0m[95m [1776432856.827155] BSON Parser: [0mBSON parser: type: '16' key: 'frag_total'
[0m[95m [1776432856.827160] BSON Parser: [0mBSON parser: int32:
[0m[95m [1776432856.827166] BSON Parser: [0m1
[0m[95m [1776432856.827176] BSON Parser: [0mBSON parser: type: '3' key: 'data'
[0m[95m [1776432856.827181] BSON Parser: [0mBSON parser: object
[0m[95m [1776432856.827187] BSON Parser: [0mParsing client packet
[0m[95m [1776432856.827193] BSON Parser: [0mDocument length: 46 bytes
[0m[95m [1776432856.827199] BSON Parser: [0mBSON parser: type: '16' key: 'sensor_type'
[0m[95m [1776432856.827204] BSON Parser: [0mBSON parser: int32:
[0m[95m [1776432856.827210] BSON Parser: [0m2
[0m[91m [1776432856.827216] BSON Message: [0mInside sensor type parsing.
[91m [1776432856.827220] BSON Message: [0mInside sensor type parsing end.
[95m [1776432856.827224] BSON Parser: [0mBSON parser: type: '2' key: 'sid'
[0m[95m [1776432856.827230] BSON Parser: [0mBSON parser: string
[0m[95m [1776432856.827235] BSON Parser: [0mBSON parser: 8 'device_0'
[0m[91m [1776432856.827242] BSON Message: [0mInside sid parsing
[95m [1776432856.827246] BSON Parser: [0mBSON parser: type: '8' key: 'dev'
[0m[95m [1776432856.827252] BSON Parser: [0mBSON parser: boolean true
[0m[95m [1776432856.827258] BSON Message: [0mBSON parser: debug .
[0m[95m [1776432856.827264] BSON Message: [0mBSON parser: debug . 0 dev 
[0m[95m [1776432856.827269] BSON Parser: [0mBSON parser: return. 46 length document has 46 bytes.
[0m[95m [1776432856.827275] BSON Parser: [0mBSON parser: return. 165 length document has 165 bytes.
[0m[95m [1776432856.827281] Transport: [0mComing to handle fragmentation 2
[0m[91m [1776432856.827287] Client: [0m---before writing in log upd_msg->seq_no= 49
[91m [1776432856.827291] Client: [0m---before writing in log upd_msg->type= 4
[91m [1776432856.827295] Client: [0m---before writing in log upd_msg->frag_no= 0
[91m [1776432856.827299] Client: [0m---before writing in log upd_msg->reliable= 0
[91m [1776432856.827303] Client: [0m---before writing in log upd_msg->data.sensor_type= 2
[91m [1776432856.827306] Client: [0m---before writing in log upd_msg->data.sid= device_0
[91m [1776432856.827311] Client: [0m---after writing in log upd_msg->seq_no = 49
[91m [1776432856.827315] Client: [0m---after writing in log upd_msg->data.sensor_type = 2
[91m [1776432856.827319] Client: [0m---after writing in log upd_msg->reliable = 0
[95m [1776432858.87188] Transport: [0mReceived 165 bytes
[0m[95m [1776432858.87205] BSON Parser: [0mParsing client packet
[0m[95m [1776432858.87214] BSON Parser: [0mDocument length: 165 bytes
[0m[95m [1776432858.87226] BSON Parser: [0mBSON parser: type: '16' key: 'type'
[0m[95m [1776432858.87235] BSON Parser: [0mBSON parser: int32:
[0m[95m [1776432858.87244] BSON Parser: [0m4
[0m[95m [1776432858.87254] BSON Parser: [0mBSON parser: type: '8' key: 'reliable'
[0m[95m [1776432858.87264] BSON Parser: [0mBSON parser: boolean false
[0m[95m [1776432858.87273] BSON Message: [0mBSON parser: debug .
[0m[95m [1776432858.87283] BSON Message: [0mBSON parser: debug . 0 reliable 
[0m[95m [1776432858.87292] BSON Parser: [0mBSON parser: type: '16' key: 'seq_no'
[0m[95m [1776432858.87301] BSON Parser: [0mBSON parser: int32:
[0m[95m [1776432858.87310] BSON Parser: [0m50
[0m[95m [1776432858.87318] BSON Parser: [0mBSON parser: type: '8' key: 'end_marker'
[0m[95m [1776432858.87325] BSON Parser: [0mBSON parser: boolean true
[0m[95m [1776432858.87334] BSON Message: [0mBSON parser: debug .
[0m[95m [1776432858.87346] BSON Message: [0mBSON parser: debug . 0 end_marker 
[0m[95m [1776432858.87357] BSON Parser: [0mBSON parser: type: '8' key: 'fragmented'
[0m[95m [1776432858.87367] BSON Parser: [0mBSON parser: boolean false
[0m[95m [1776432858.87378] BSON Message: [0mBSON parser: debug .
[0m[95m [1776432858.87388] BSON Message: [0mBSON parser: debug . 0 fragmented 
[0m[95m [1776432858.87398] BSON Parser: [0mBSON parser: type: '8' key: 'utilize_timestamp'
[0m[95m [1776432858.87409] BSON Parser: [0mBSON parser: boolean false
[0m[95m [1776432858.87420] BSON Message: [0mBSON parser: debug .
[0m[95m [1776432858.87432] BSON Message: [0mBSON parser: debug . 0 utilize_timestamp 
[0m[95m [1776432858.87450] BSON Parser: [0mBSON parser: type: '16' key: 'frag_no'
[0m[95m [1776432858.87458] BSON Parser: [0mBSON parser: int32:
[0m[95m [1776432858.87465] BSON Parser: [0m0
[0m[95m [1776432858.87473] BSON Parser: [0mBSON parser: type: '16' key: 'frag_total'
[0m[95m [1776432858.87480] BSON Parser: [0mBSON parser: int32:
[0m[95m [1776432858.87485] BSON Parser: [0m1
[0m[95m [1776432858.87492] BSON Parser: [0mBSON parser: type: '3' key: 'data'
[0m[95m [1776432858.87498] BSON Parser: [0mBSON parser: object
[0m[95m [1776432858.87506] BSON Parser: [0mParsing client packet
[0m[95m [1776432858.87513] BSON Parser: [0mDocument length: 46 bytes
[0m[95m [1776432858.87520] BSON Parser: [0mBSON parser: type: '16' key: 'sensor_type'
[0m[95m [1776432858.87527] BSON Parser: [0mBSON parser: int32:
[0m[95m [1776432858.87534] BSON Parser: [0m2
[0m[91m [1776432858.87542] BSON Message: [0mInside sensor type parsing.
[91m [1776432858.87547] BSON Message: [0mInside sensor type parsing end.
[95m [1776432858.87552] BSON Parser: [0mBSON parser: type: '2' key: 'sid'
[0m[95m [1776432858.87560] BSON Parser: [0mBSON parser: string
[0m[95m [1776432858.87567] BSON Parser: [0mBSON parser: 8 'device_0'
[0m[91m [1776432858.87574] BSON Message: [0mInside sid parsing
[95m [1776432858.87580] BSON Parser: [0mBSON parser: type: '8' key: 'dev'
[0m[95m [1776432858.87588] BSON Parser: [0mBSON parser: boolean false
[0m[95m [1776432858.87595] BSON Message: [0mBSON parser: debug .
[0m[95m [1776432858.87604] BSON Message: [0mBSON parser: debug . 0 dev 
[0m[95m [1776432858.87612] BSON Parser: [0mBSON parser: return. 46 length document has 46 bytes.
[0m[95m [1776432858.87620] BSON Parser: [0mBSON parser: return. 165 length document has 165 bytes.
[0m[95m [1776432858.87627] Transport: [0mComing to handle fragmentation 2
[0m[91m [1776432858.87635] Client: [0m---before writing in log upd_msg->seq_no= 50
[91m [1776432858.87640] Client: [0m---before writing in log upd_msg->type= 4
[91m [1776432858.87645] Client: [0m---before writing in log upd_msg->frag_no= 0
[91m [1776432858.87650] Client: [0m---before writing in log upd_msg->reliable= 0
[91m [1776432858.87655] Client: [0m---before writing in log upd_msg->data.sensor_type= 2
[91m [1776432858.87660] Client: [0m---before writing in log upd_msg->data.sid= device_0
[91m [1776432858.87665] Client: [0m---after writing in log upd_msg->seq_no = 50
[91m [1776432858.87670] Client: [0m---after writing in log upd_msg->data.sensor_type = 2
[91m [1776432858.87675] Client: [0m---after writing in log upd_msg->reliable = 0
[95m [1776432858.759038] Client: [0mTimeout reached, sending keep_alive.
[0m[95m [1776432859.105637] Transport: [0mReceived 165 bytes
[0m[95m [1776432859.105652] BSON Parser: [0mParsing client packet
[0m[95m [1776432859.105660] BSON Parser: [0mDocument length: 165 bytes
[0m[95m [1776432859.105668] BSON Parser: [0mBSON parser: type: '16' key: 'type'
[0m[95m [1776432859.105675] BSON Parser: [0mBSON parser: int32:
[0m[95m [1776432859.105680] BSON Parser: [0m4
[0m[95m [1776432859.105685] BSON Parser: [0mBSON parser: type: '8' key: 'reliable'
[0m[95m [1776432859.105691] BSON Parser: [0mBSON parser: boolean false
[0m[95m [1776432859.105696] BSON Message: [0mBSON parser: debug .
[0m[95m [1776432859.105703] BSON Message: [0mBSON parser: debug . 0 reliable 
[0m[95m [1776432859.105708] BSON Parser: [0mBSON parser: type: '16' key: 'seq_no'
[0m[95m [1776432859.105714] BSON Parser: [0mBSON parser: int32:
[0m[95m [1776432859.105721] BSON Parser: [0m51
[0m[95m [1776432859.105727] BSON Parser: [0mBSON parser: type: '8' key: 'end_marker'
[0m[95m [1776432859.105733] BSON Parser: [0mBSON parser: boolean true
[0m[95m [1776432859.105739] BSON Message: [0mBSON parser: debug .
[0m[95m [1776432859.105747] BSON Message: [0mBSON parser: debug . 0 end_marker 
[0m[95m [1776432859.105754] BSON Parser: [0mBSON parser: type: '8' key: 'fragmented'
[0m[95m [1776432859.105764] BSON Parser: [0mBSON parser: boolean false
[0m[95m [1776432859.105769] BSON Message: [0mBSON parser: debug .
[0m[95m [1776432859.105775] BSON Message: [0mBSON parser: debug . 0 fragmented 
[0m[95m [1776432859.105781] BSON Parser: [0mBSON parser: type: '8' key: 'utilize_timestamp'
[0m[95m [1776432859.105787] BSON Parser: [0mBSON parser: boolean false
[0m[95m [1776432859.105793] BSON Message: [0mBSON parser: debug .
[0m[95m [1776432859.105799] BSON Message: [0mBSON parser: debug . 0 utilize_timestamp 
[0m[95m [1776432859.105806] BSON Parser: [0mBSON parser: type: '16' key: 'frag_no'
[0m[95m [1776432859.105811] BSON Parser: [0mBSON parser: int32:
[0m[95m [1776432859.105817] BSON Parser: [0m0
[0m[95m [1776432859.105823] BSON Parser: [0mBSON parser: type: '16' key: 'frag_total'
[0m[95m [1776432859.105829] BSON Parser: [0mBSON parser: int32:
[0m[95m [1776432859.105835] BSON Parser: [0m1
[0m[95m [1776432859.105841] BSON Parser: [0mBSON parser: type: '3' key: 'data'
[0m[95m [1776432859.105848] BSON Parser: [0mBSON parser: object
[0m[95m [1776432859.105853] BSON Parser: [0mParsing client packet
[0m[95m [1776432859.105859] BSON Parser: [0mDocument length: 46 bytes
[0m[95m [1776432859.105865] BSON Parser: [0mBSON parser: type: '16' key: 'sensor_type'
[0m[95m [1776432859.105871] BSON Parser: [0mBSON parser: int32:
[0m[95m [1776432859.105878] BSON Parser: [0m2
[0m[91m [1776432859.105884] BSON Message: [0mInside sensor type parsing.
[91m [1776432859.105888] BSON Message: [0mInside sensor type parsing end.
[95m [1776432859.105892] BSON Parser: [0mBSON parser: type: '2' key: 'sid'
[0m[95m [1776432859.105898] BSON Parser: [0mBSON parser: string
[0m[95m [1776432859.105904] BSON Parser: [0mBSON parser: 8 'device_0'
[0m[91m [1776432859.105910] BSON Message: [0mInside sid parsing
[95m [1776432859.105914] BSON Parser: [0mBSON parser: type: '8' key: 'dev'
[0m[95m [1776432859.105920] BSON Parser: [0mBSON parser: boolean true
[0m[95m [1776432859.105926] BSON Message: [0mBSON parser: debug .
[0m[95m [1776432859.105932] BSON Message: [0mBSON parser: debug . 0 dev 
[0m[95m [1776432859.105938] BSON Parser: [0mBSON parser: return. 46 length document has 46 bytes.
[0m[95m [1776432859.105944] BSON Parser: [0mBSON parser: return. 165 length document has 165 bytes.
[0m[95m [1776432859.105950] Transport: [0mComing to handle fragmentation 2
[0m[91m [1776432859.105957] Client: [0m---before writing in log upd_msg->seq_no= 51
[91m [1776432859.105960] Client: [0m---before writing in log upd_msg->type= 4
[91m [1776432859.105964] Client: [0m---before writing in log upd_msg->frag_no= 0
[91m [1776432859.105968] Client: [0m---before writing in log upd_msg->reliable= 0
[91m [1776432859.105971] Client: [0m---before writing in log upd_msg->data.sensor_type= 2
[91m [1776432859.105975] Client: [0m---before writing in log upd_msg->data.sid= device_0
[91m [1776432859.105981] Client: [0m---after writing in log upd_msg->seq_no = 51
[91m [1776432859.105984] Client: [0m---after writing in log upd_msg->data.sensor_type = 2
[91m [1776432859.105988] Client: [0m---after writing in log upd_msg->reliable = 0
[95m [1776432860.754932] Transport: [0mReceived 165 bytes
[0m[95m [1776432860.754945] BSON Parser: [0mParsing client packet
[0m[95m [1776432860.754952] BSON Parser: [0mDocument length: 165 bytes
[0m[95m [1776432860.754960] BSON Parser: [0mBSON parser: type: '16' key: 'type'
[0m[95m [1776432860.754967] BSON Parser: [0mBSON parser: int32:
[0m[95m [1776432860.754975] BSON Parser: [0m4
[0m[95m [1776432860.754983] BSON Parser: [0mBSON parser: type: '8' key: 'reliable'
[0m[95m [1776432860.754990] BSON Parser: [0mBSON parser: boolean false
[0m[95m [1776432860.754998] BSON Message: [0mBSON parser: debug .
[0m[95m [1776432860.755004] BSON Message: [0mBSON parser: debug . 0 reliable 
[0m[95m [1776432860.755110] BSON Parser: [0mBSON parser: type: '16' key: 'seq_no'
[0m[95m [1776432860.755117] BSON Parser: [0mBSON parser: int32:
[0m[95m [1776432860.755129] BSON Parser: [0m52
[0m[95m [1776432860.755136] BSON Parser: [0mBSON parser: type: '8' key: 'end_marker'
[0m[95m [1776432860.755143] BSON Parser: [0mBSON parser: boolean true
[0m[95m [1776432860.755150] BSON Message: [0mBSON parser: debug .
[0m[95m [1776432860.755156] BSON Message: [0mBSON parser: debug . 0 end_marker 
[0m[95m [1776432860.755163] BSON Parser: [0mBSON parser: type: '8' key: 'fragmented'
[0m[95m [1776432860.755169] BSON Parser: [0mBSON parser: boolean false
[0m[95m [1776432860.755176] BSON Message: [0mBSON parser: debug .
[0m[95m [1776432860.755182] BSON Message: [0mBSON parser: debug . 0 fragmented 
[0m[95m [1776432860.755189] BSON Parser: [0mBSON parser: type: '8' key: 'utilize_timestamp'
[0m[95m [1776432860.755196] BSON Parser: [0mBSON parser: boolean false
[0m[95m [1776432860.755202] BSON Message: [0mBSON parser: debug .
[0m[95m [1776432860.755209] BSON Message: [0mBSON parser: debug . 0 utilize_timestamp 
[0m[95m [1776432860.755215] BSON Parser: [0mBSON parser: type: '16' key: 'frag_no'
[0m[95m [1776432860.755222] BSON Parser: [0mBSON parser: int32:
[0m[95m [1776432860.755231] BSON Parser: [0m0
[0m[95m [1776432860.755237] BSON Parser: [0mBSON parser: type: '16' key: 'frag_total'
[0m[95m [1776432860.755244] BSON Parser: [0mBSON parser: int32:
[0m[95m [1776432860.755251] BSON Parser: [0m1
[0m[95m [1776432860.755258] BSON Parser: [0mBSON parser: type: '3' key: 'data'
[0m[95m [1776432860.755264] BSON Parser: [0mBSON parser: object
[0m[95m [1776432860.755270] BSON Parser: [0mParsing client packet
[0m[95m [1776432860.755276] BSON Parser: [0mDocument length: 46 bytes
[0m[95m [1776432860.755283] BSON Parser: [0mBSON parser: type: '16' key: 'sensor_type'
[0m[95m [1776432860.755289] BSON Parser: [0mBSON parser: int32:
[0m[95m [1776432860.755296] BSON Parser: [0m2
[0m[91m [1776432860.755303] BSON Message: [0mInside sensor type parsing.
[91m [1776432860.755308] BSON Message: [0mInside sensor type parsing end.
[95m [1776432860.755312] BSON Parser: [0mBSON parser: type: '2' key: 'sid'
[0m[95m [1776432860.755320] BSON Parser: [0mBSON parser: string
[0m[95m [1776432860.755327] BSON Parser: [0mBSON parser: 8 'device_0'
[0m[91m [1776432860.755334] BSON Message: [0mInside sid parsing
[95m [1776432860.755339] BSON Parser: [0mBSON parser: type: '8' key: 'dev'
[0m[95m [1776432860.755346] BSON Parser: [0mBSON parser: boolean true
[0m[95m [1776432860.755352] BSON Message: [0mBSON parser: debug .
[0m[95m [1776432860.755360] BSON Message: [0mBSON parser: debug . 0 dev 
[0m[95m [1776432860.755368] BSON Parser: [0mBSON parser: return. 46 length document has 46 bytes.
[0m[95m [1776432860.755378] BSON Parser: [0mBSON parser: return. 165 length document has 165 bytes.
[0m[95m [1776432860.755385] Transport: [0mComing to handle fragmentation 2
[0m[91m [1776432860.755394] Client: [0m---before writing in log upd_msg->seq_no= 52
[91m [1776432860.755398] Client: [0m---before writing in log upd_msg->type= 4
[91m [1776432860.755403] Client: [0m---before writing in log upd_msg->frag_no= 0
[91m [1776432860.755408] Client: [0m---before writing in log upd_msg->reliable= 0
[91m [1776432860.755414] Client: [0m---before writing in log upd_msg->data.sensor_type= 2
[91m [1776432860.755419] Client: [0m---before writing in log upd_msg->data.sid= device_0
[91m [1776432860.755426] Client: [0m---after writing in log upd_msg->seq_no = 52
[91m [1776432860.755431] Client: [0m---after writing in log upd_msg->data.sensor_type = 2
[91m [1776432860.755437] Client: [0m---after writing in log upd_msg->reliable = 0
[95m [1776432863.709414] Transport: [0mReceived 165 bytes
[0m[95m [1776432863.709426] BSON Parser: [0mParsing client packet
[0m[95m [1776432863.709433] BSON Parser: [0mDocument length: 165 bytes
[0m[95m [1776432863.709439] BSON Parser: [0mBSON parser: type: '16' key: 'type'
[0m[95m [1776432863.709445] BSON Parser: [0mBSON parser: int32:
[0m[95m [1776432863.709451] BSON Parser: [0m4
[0m[95m [1776432863.709461] BSON Parser: [0mBSON parser: type: '8' key: 'reliable'
[0m[95m [1776432863.709467] BSON Parser: [0mBSON parser: boolean false
[0m[95m [1776432863.709473] BSON Message: [0mBSON parser: debug .
[0m[95m [1776432863.709479] BSON Message: [0mBSON parser: debug . 0 reliable 
[0m[95m [1776432863.709485] BSON Parser: [0mBSON parser: type: '16' key: 'seq_no'
[0m[95m [1776432863.709491] BSON Parser: [0mBSON parser: int32:
[0m[95m [1776432863.709497] BSON Parser: [0m53
[0m[95m [1776432863.709503] BSON Parser: [0mBSON parser: type: '8' key: 'end_marker'
[0m[95m [1776432863.709509] BSON Parser: [0mBSON parser: boolean true
[0m[95m [1776432863.709515] BSON Message: [0mBSON parser: debug .
[0m[95m [1776432863.709521] BSON Message: [0mBSON parser: debug . 0 end_marker 
[0m[95m [1776432863.709527] BSON Parser: [0mBSON parser: type: '8' key: 'fragmented'
[0m[95m [1776432863.709533] BSON Parser: [0mBSON parser: boolean false
[0m[95m [1776432863.709539] BSON Message: [0mBSON parser: debug .
[0m[95m [1776432863.709545] BSON Message: [0mBSON parser: debug . 0 fragmented 
[0m[95m [1776432863.709551] BSON Parser: [0mBSON parser: type: '8' key: 'utilize_timestamp'
[0m[95m [1776432863.709557] BSON Parser: [0mBSON parser: boolean false
[0m[95m [1776432863.709566] BSON Message: [0mBSON parser: debug .
[0m[95m [1776432863.709572] BSON Message: [0mBSON parser: debug . 0 utilize_timestamp 
[0m[95m [1776432863.709579] BSON Parser: [0mBSON parser: type: '16' key: 'frag_no'
[0m[95m [1776432863.709585] BSON Parser: [0mBSON parser: int32:
[0m[95m [1776432863.709592] BSON Parser: [0m0
[0m[95m [1776432863.709598] BSON Parser: [0mBSON parser: type: '16' key: 'frag_total'
[0m[95m [1776432863.709604] BSON Parser: [0mBSON parser: int32:
[0m[95m [1776432863.709610] BSON Parser: [0m1
[0m[95m [1776432863.709616] BSON Parser: [0mBSON parser: type: '3' key: 'data'
[0m[95m [1776432863.709622] BSON Parser: [0mBSON parser: object
[0m[95m [1776432863.709628] BSON Parser: [0mParsing client packet
[0m[95m [1776432863.709634] BSON Parser: [0mDocument length: 46 bytes
[0m[95m [1776432863.709640] BSON Parser: [0mBSON parser: type: '16' key: 'sensor_type'
[0m[95m [1776432863.709646] BSON Parser: [0mBSON parser: int32:
[0m[95m [1776432863.709651] BSON Parser: [0m2
[0m[91m [1776432863.709657] BSON Message: [0mInside sensor type parsing.
[91m [1776432863.709661] BSON Message: [0mInside sensor type parsing end.
[95m [1776432863.709665] BSON Parser: [0mBSON parser: type: '2' key: 'sid'
[0m[95m [1776432863.709671] BSON Parser: [0mBSON parser: string
[0m[95m [1776432863.709677] BSON Parser: [0mBSON parser: 8 'device_0'
[0m[91m [1776432863.709683] BSON Message: [0mInside sid parsing
[95m [1776432863.709687] BSON Parser: [0mBSON parser: type: '8' key: 'dev'
[0m[95m [1776432863.709694] BSON Parser: [0mBSON parser: boolean true
[0m[95m [1776432863.709701] BSON Message: [0mBSON parser: debug .
[0m[95m [1776432863.709706] BSON Message: [0mBSON parser: debug . 0 dev 
[0m[95m [1776432863.709712] BSON Parser: [0mBSON parser: return. 46 length document has 46 bytes.
[0m[95m [1776432863.709718] BSON Parser: [0mBSON parser: return. 165 length document has 165 bytes.
[0m[95m [1776432863.709724] Transport: [0mComing to handle fragmentation 2
[0m[91m [1776432863.709730] Client: [0m---before writing in log upd_msg->seq_no= 53
[91m [1776432863.709734] Client: [0m---before writing in log upd_msg->type= 4
[91m [1776432863.709737] Client: [0m---before writing in log upd_msg->frag_no= 0
[91m [1776432863.709741] Client: [0m---before writing in log upd_msg->reliable= 0
[91m [1776432863.709745] Client: [0m---before writing in log upd_msg->data.sensor_type= 2
[91m [1776432863.709749] Client: [0m---before writing in log upd_msg->data.sid= device_0
[91m [1776432863.709753] Client: [0m---after writing in log upd_msg->seq_no = 53
[91m [1776432863.709757] Client: [0m---after writing in log upd_msg->data.sensor_type = 2
[91m [1776432863.709764] Client: [0m---after writing in log upd_msg->reliable = 0
[95m [1776432863.762840] Client: [0mTimeout reached, sending keep_alive.
[0m[95m [1776432864.974296] Transport: [0mReceived 165 bytes
[0m[95m [1776432864.974312] BSON Parser: [0mParsing client packet
[0m[95m [1776432864.974319] BSON Parser: [0mDocument length: 165 bytes
[0m[95m [1776432864.974327] BSON Parser: [0mBSON parser: type: '16' key: 'type'
[0m[95m [1776432864.974336] BSON Parser: [0mBSON parser: int32:
[0m[95m [1776432864.974343] BSON Parser: [0m4
[0m[95m [1776432864.974350] BSON Parser: [0mBSON parser: type: '8' key: 'reliable'
[0m[95m [1776432864.974357] BSON Parser: [0mBSON parser: boolean false
[0m[95m [1776432864.974364] BSON Message: [0mBSON parser: debug .
[0m[95m [1776432864.974371] BSON Message: [0mBSON parser: debug . 0 reliable 
[0m[95m [1776432864.974378] BSON Parser: [0mBSON parser: type: '16' key: 'seq_no'
[0m[95m [1776432864.974385] BSON Parser: [0mBSON parser: int32:
[0m[95m [1776432864.974391] BSON Parser: [0m54
[0m[95m [1776432864.974397] BSON Parser: [0mBSON parser: type: '8' key: 'end_marker'
[0m[95m [1776432864.974404] BSON Parser: [0mBSON parser: boolean true
[0m[95m [1776432864.974410] BSON Message: [0mBSON parser: debug .
[0m[95m [1776432864.974416] BSON Message: [0mBSON parser: debug . 0 end_marker 
[0m[95m [1776432864.974423] BSON Parser: [0mBSON parser: type: '8' key: 'fragmented'
[0m[95m [1776432864.974430] BSON Parser: [0mBSON parser: boolean false
[0m[95m [1776432864.974436] BSON Message: [0mBSON parser: debug .
[0m[95m [1776432864.974442] BSON Message: [0mBSON parser: debug . 0 fragmented 
[0m[95m [1776432864.974449] BSON Parser: [0mBSON parser: type: '8' key: 'utilize_timestamp'
[0m[95m [1776432864.974455] BSON Parser: [0mBSON parser: boolean false
[0m[95m [1776432864.974461] BSON Message: [0mBSON parser: debug .
[0m[95m [1776432864.974468] BSON Message: [0mBSON parser: debug . 0 utilize_timestamp 
[0m[95m [1776432864.974476] BSON Parser: [0mBSON parser: type: '16' key: 'frag_no'
[0m[95m [1776432864.974482] BSON Parser: [0mBSON parser: int32:
[0m[95m [1776432864.974489] BSON Parser: [0m0
[0m[95m [1776432864.974495] BSON Parser: [0mBSON parser: type: '16' key: 'frag_total'
[0m[95m [1776432864.974501] BSON Parser: [0mBSON parser: int32:
[0m[95m [1776432864.974508] BSON Parser: [0m1
[0m[95m [1776432864.974514] BSON Parser: [0mBSON parser: type: '3' key: 'data'
[0m[95m [1776432864.974521] BSON Parser: [0mBSON parser: object
[0m[95m [1776432864.974528] BSON Parser: [0mParsing client packet
[0m[95m [1776432864.974535] BSON Parser: [0mDocument length: 46 bytes
[0m[95m [1776432864.974542] BSON Parser: [0mBSON parser: type: '16' key: 'sensor_type'
[0m[95m [1776432864.974548] BSON Parser: [0mBSON parser: int32:
[0m[95m [1776432864.974555] BSON Parser: [0m2
[0m[91m [1776432864.974562] BSON Message: [0mInside sensor type parsing.
[91m [1776432864.974567] BSON Message: [0mInside sensor type parsing end.
[95m [1776432864.974572] BSON Parser: [0mBSON parser: type: '2' key: 'sid'
[0m[95m [1776432864.974579] BSON Parser: [0mBSON parser: string
[0m[95m [1776432864.974585] BSON Parser: [0mBSON parser: 8 'device_0'
[0m[91m [1776432864.974592] BSON Message: [0mInside sid parsing
[95m [1776432864.974596] BSON Parser: [0mBSON parser: type: '8' key: 'dev'
[0m[95m [1776432864.974603] BSON Parser: [0mBSON parser: boolean true
[0m[95m [1776432864.974610] BSON Message: [0mBSON parser: debug .
[0m[95m [1776432864.974618] BSON Message: [0mBSON parser: debug . 0 dev 
[0m[95m [1776432864.974625] BSON Parser: [0mBSON parser: return. 46 length document has 46 bytes.
[0m[95m [1776432864.974632] BSON Parser: [0mBSON parser: return. 165 length document has 165 bytes.
[0m[95m [1776432864.974639] Transport: [0mComing to handle fragmentation 2
[0m[91m [1776432864.974646] Client: [0m---before writing in log upd_msg->seq_no= 54
[91m [1776432864.974651] Client: [0m---before writing in log upd_msg->type= 4
[91m [1776432864.974660] Client: [0m---before writing in log upd_msg->frag_no= 0
[91m [1776432864.974665] Client: [0m---before writing in log upd_msg->reliable= 0
[91m [1776432864.974670] Client: [0m---before writing in log upd_msg->data.sensor_type= 2
[91m [1776432864.974674] Client: [0m---before writing in log upd_msg->data.sid= device_0
[91m [1776432864.974680] Client: [0m---after writing in log upd_msg->seq_no = 54
[91m [1776432864.974684] Client: [0m---after writing in log upd_msg->data.sensor_type = 2
[91m [1776432864.974689] Client: [0m---after writing in log upd_msg->reliable = 0
[95m [1776432866.244573] Transport: [0mReceived 165 bytes
[0m[95m [1776432866.244589] BSON Parser: [0mParsing client packet
[0m[95m [1776432866.244595] BSON Parser: [0mDocument length: 165 bytes
[0m[95m [1776432866.244605] BSON Parser: [0mBSON parser: type: '16' key: 'type'
[0m[95m [1776432866.244612] BSON Parser: [0mBSON parser: int32:
[0m[95m [1776432866.244619] BSON Parser: [0m4
[0m[95m [1776432866.244626] BSON Parser: [0mBSON parser: type: '8' key: 'reliable'
[0m[95m [1776432866.244632] BSON Parser: [0mBSON parser: boolean false
[0m[95m [1776432866.244637] BSON Message: [0mBSON parser: debug .
[0m[95m [1776432866.244643] BSON Message: [0mBSON parser: debug . 0 reliable 
[0m[95m [1776432866.244648] BSON Parser: [0mBSON parser: type: '16' key: 'seq_no'
[0m[95m [1776432866.244654] BSON Parser: [0mBSON parser: int32:
[0m[95m [1776432866.244660] BSON Parser: [0m55
[0m[95m [1776432866.244666] BSON Parser: [0mBSON parser: type: '8' key: 'end_marker'
[0m[95m [1776432866.244672] BSON Parser: [0mBSON parser: boolean true
[0m[95m [1776432866.244678] BSON Message: [0mBSON parser: debug .
[0m[95m [1776432866.244683] BSON Message: [0mBSON parser: debug . 0 end_marker 
[0m[95m [1776432866.244689] BSON Parser: [0mBSON parser: type: '8' key: 'fragmented'
[0m[95m [1776432866.244695] BSON Parser: [0mBSON parser: boolean false
[0m[95m [1776432866.244700] BSON Message: [0mBSON parser: debug .
[0m[95m [1776432866.244706] BSON Message: [0mBSON parser: debug . 0 fragmented 
[0m[95m [1776432866.244712] BSON Parser: [0mBSON parser: type: '8' key: 'utilize_timestamp'
[0m[95m [1776432866.244718] BSON Parser: [0mBSON parser: boolean false
[0m[95m [1776432866.244725] BSON Message: [0mBSON parser: debug .
[0m[95m [1776432866.244734] BSON Message: [0mBSON parser: debug . 0 utilize_timestamp 
[0m[95m [1776432866.244741] BSON Parser: [0mBSON parser: type: '16' key: 'frag_no'
[0m[95m [1776432866.244747] BSON Parser: [0mBSON parser: int32:
[0m[95m [1776432866.244753] BSON Parser: [0m0
[0m[95m [1776432866.244759] BSON Parser: [0mBSON parser: type: '16' key: 'frag_total'
[0m[95m [1776432866.244765] BSON Parser: [0mBSON parser: int32:
[0m[95m [1776432866.244771] BSON Parser: [0m1
[0m[95m [1776432866.244778] BSON Parser: [0mBSON parser: type: '3' key: 'data'
[0m[95m [1776432866.244784] BSON Parser: [0mBSON parser: object
[0m[95m [1776432866.244790] BSON Parser: [0mParsing client packet
[0m[95m [1776432866.244796] BSON Parser: [0mDocument length: 46 bytes
[0m[95m [1776432866.244803] BSON Parser: [0mBSON parser: type: '16' key: 'sensor_type'
[0m[95m [1776432866.244808] BSON Parser: [0mBSON parser: int32:
[0m[95m [1776432866.244814] BSON Parser: [0m2
[0m[91m [1776432866.244820] BSON Message: [0mInside sensor type parsing.
[91m [1776432866.244825] BSON Message: [0mInside sensor type parsing end.
[95m [1776432866.244829] BSON Parser: [0mBSON parser: type: '2' key: 'sid'
[0m[95m [1776432866.244835] BSON Parser: [0mBSON parser: string
[0m[95m [1776432866.244842] BSON Parser: [0mBSON parser: 8 'device_0'
[0m[91m [1776432866.244848] BSON Message: [0mInside sid parsing
[95m [1776432866.244853] BSON Parser: [0mBSON parser: type: '8' key: 'dev'
[0m[95m [1776432866.244859] BSON Parser: [0mBSON parser: boolean true
[0m[95m [1776432866.244868] BSON Message: [0mBSON parser: debug .
[0m[95m [1776432866.244874] BSON Message: [0mBSON parser: debug . 0 dev 
[0m[95m [1776432866.244887] BSON Parser: [0mBSON parser: return. 46 length document has 46 bytes.
[0m[95m [1776432866.244895] BSON Parser: [0mBSON parser: return. 165 length document has 165 bytes.
[0m[95m [1776432866.244903] Transport: [0mComing to handle fragmentation 2
[0m[91m [1776432866.244912] Client: [0m---before writing in log upd_msg->seq_no= 55
[91m [1776432866.244917] Client: [0m---before writing in log upd_msg->type= 4
[91m [1776432866.244922] Client: [0m---before writing in log upd_msg->frag_no= 0
[91m [1776432866.244927] Client: [0m---before writing in log upd_msg->reliable= 0
[91m [1776432866.244930] Client: [0m---before writing in log upd_msg->data.sensor_type= 2
[91m [1776432866.244934] Client: [0m---before writing in log upd_msg->data.sid= device_0
[91m [1776432866.244940] Client: [0m---after writing in log upd_msg->seq_no = 55
[91m [1776432866.244945] Client: [0m---after writing in log upd_msg->data.sensor_type = 2
[91m [1776432866.244949] Client: [0m---after writing in log upd_msg->reliable = 0
[95m [1776432867.348787] Transport: [0mReceived 165 bytes
[0m[95m [1776432867.348799] BSON Parser: [0mParsing client packet
[0m[95m [1776432867.348804] BSON Parser: [0mDocument length: 165 bytes
[0m[95m [1776432867.348809] BSON Parser: [0mBSON parser: type: '16' key: 'type'
[0m[95m [1776432867.348814] BSON Parser: [0mBSON parser: int32:
[0m[95m [1776432867.348818] BSON Parser: [0m4
[0m[95m [1776432867.348823] BSON Parser: [0mBSON parser: type: '8' key: 'reliable'
[0m[95m [1776432867.348829] BSON Parser: [0mBSON parser: boolean false
[0m[95m [1776432867.348836] BSON Message: [0mBSON parser: debug .
[0m[95m [1776432867.348842] BSON Message: [0mBSON parser: debug . 0 reliable 
[0m[95m [1776432867.348848] BSON Parser: [0mBSON parser: type: '16' key: 'seq_no'
[0m[95m [1776432867.348853] BSON Parser: [0mBSON parser: int32:
[0m[95m [1776432867.348859] BSON Parser: [0m56
[0m[95m [1776432867.348866] BSON Parser: [0mBSON parser: type: '8' key: 'end_marker'
[0m[95m [1776432867.348874] BSON Parser: [0mBSON parser: boolean true
[0m[95m [1776432867.348882] BSON Message: [0mBSON parser: debug .
[0m[95m [1776432867.348887] BSON Message: [0mBSON parser: debug . 0 end_marker 
[0m[95m [1776432867.348892] BSON Parser: [0mBSON parser: type: '8' key: 'fragmented'
[0m[95m [1776432867.348897] BSON Parser: [0mBSON parser: boolean false
[0m[95m [1776432867.348902] BSON Message: [0mBSON parser: debug .
[0m[95m [1776432867.348907] BSON Message: [0mBSON parser: debug . 0 fragmented 
[0m[95m [1776432867.348914] BSON Parser: [0mBSON parser: type: '8' key: 'utilize_timestamp'
[0m[95m [1776432867.348920] BSON Parser: [0mBSON parser: boolean false
[0m[95m [1776432867.348927] BSON Message: [0mBSON parser: debug .
[0m[95m [1776432867.348932] BSON Message: [0mBSON parser: debug . 0 utilize_timestamp 
[0m[95m [1776432867.348938] BSON Parser: [0mBSON parser: type: '16' key: 'frag_no'
[0m[95m [1776432867.348944] BSON Parser: [0mBSON parser: int32:
[0m[95m [1776432867.348950] BSON Parser: [0m0
[0m[95m [1776432867.348955] BSON Parser: [0mBSON parser: type: '16' key: 'frag_total'
[0m[95m [1776432867.348961] BSON Parser: [0mBSON parser: int32:
[0m[95m [1776432867.348967] BSON Parser: [0m1
[0m[95m [1776432867.348972] BSON Parser: [0mBSON parser: type: '3' key: 'data'
[0m[95m [1776432867.348978] BSON Parser: [0mBSON parser: object
[0m[95m [1776432867.348983] BSON Parser: [0mParsing client packet
[0m[95m [1776432867.348989] BSON Parser: [0mDocument length: 46 bytes
[0m[95m [1776432867.348995] BSON Parser: [0mBSON parser: type: '16' key: 'sensor_type'
[0m[95m [1776432867.349000] BSON Parser: [0mBSON parser: int32:
[0m[95m [1776432867.349018] BSON Parser: [0m2
[0m[91m [1776432867.349024] BSON Message: [0mInside sensor type parsing.
[91m [1776432867.349028] BSON Message: [0mInside sensor type parsing end.
[95m [1776432867.349032] BSON Parser: [0mBSON parser: type: '2' key: 'sid'
[0m[95m [1776432867.349041] BSON Parser: [0mBSON parser: string
[0m[95m [1776432867.349048] BSON Parser: [0mBSON parser: 8 'device_0'
[0m[91m [1776432867.349054] BSON Message: [0mInside sid parsing
[95m [1776432867.349058] BSON Parser: [0mBSON parser: type: '8' key: 'dev'
[0m[95m [1776432867.349064] BSON Parser: [0mBSON parser: boolean true
[0m[95m [1776432867.349069] BSON Message: [0mBSON parser: debug .
[0m[95m [1776432867.349075] BSON Message: [0mBSON parser: debug . 0 dev 
[0m[95m [1776432867.349081] BSON Parser: [0mBSON parser: return. 46 length document has 46 bytes.
[0m[95m [1776432867.349087] BSON Parser: [0mBSON parser: return. 165 length document has 165 bytes.
[0m[95m [1776432867.349093] Transport: [0mComing to handle fragmentation 2
[0m[91m [1776432867.349099] Client: [0m---before writing in log upd_msg->seq_no= 56
[91m [1776432867.349103] Client: [0m---before writing in log upd_msg->type= 4
[91m [1776432867.349107] Client: [0m---before writing in log upd_msg->frag_no= 0
[91m [1776432867.349111] Client: [0m---before writing in log upd_msg->reliable= 0
[91m [1776432867.349115] Client: [0m---before writing in log upd_msg->data.sensor_type= 2
[91m [1776432867.349119] Client: [0m---before writing in log upd_msg->data.sid= device_0
[91m [1776432867.349123] Client: [0m---after writing in log upd_msg->seq_no = 56
[91m [1776432867.349128] Client: [0m---after writing in log upd_msg->data.sensor_type = 2
[91m [1776432867.349132] Client: [0m---after writing in log upd_msg->reliable = 0
[95m [1776432867.625024] Transport: [0mReceived 165 bytes
[0m[95m [1776432867.625036] BSON Parser: [0mParsing client packet
[0m[95m [1776432867.625041] BSON Parser: [0mDocument length: 165 bytes
[0m[95m [1776432867.625048] BSON Parser: [0mBSON parser: type: '16' key: 'type'
[0m[95m [1776432867.625054] BSON Parser: [0mBSON parser: int32:
[0m[95m [1776432867.625060] BSON Parser: [0m4
[0m[95m [1776432867.625066] BSON Parser: [0mBSON parser: type: '8' key: 'reliable'
[0m[95m [1776432867.625072] BSON Parser: [0mBSON parser: boolean false
[0m[95m [1776432867.625078] BSON Message: [0mBSON parser: debug .
[0m[95m [1776432867.625084] BSON Message: [0mBSON parser: debug . 0 reliable 
[0m[95m [1776432867.625090] BSON Parser: [0mBSON parser: type: '16' key: 'seq_no'
[0m[95m [1776432867.625097] BSON Parser: [0mBSON parser: int32:
[0m[95m [1776432867.625102] BSON Parser: [0m57
[0m[95m [1776432867.625108] BSON Parser: [0mBSON parser: type: '8' key: 'end_marker'
[0m[95m [1776432867.625114] BSON Parser: [0mBSON parser: boolean true
[0m[95m [1776432867.625120] BSON Message: [0mBSON parser: debug .
[0m[95m [1776432867.625126] BSON Message: [0mBSON parser: debug . 0 end_marker 
[0m[95m [1776432867.625132] BSON Parser: [0mBSON parser: type: '8' key: 'fragmented'
[0m[95m [1776432867.625137] BSON Parser: [0mBSON parser: boolean false
[0m[95m [1776432867.625143] BSON Message: [0mBSON parser: debug .
[0m[95m [1776432867.625149] BSON Message: [0mBSON parser: debug . 0 fragmented 
[0m[95m [1776432867.625155] BSON Parser: [0mBSON parser: type: '8' key: 'utilize_timestamp'
[0m[95m [1776432867.625161] BSON Parser: [0mBSON parser: boolean false
[0m[95m [1776432867.625168] BSON Message: [0mBSON parser: debug .
[0m[95m [1776432867.625172] BSON Message: [0mBSON parser: debug . 0 utilize_timestamp 
[0m[95m [1776432867.625177] BSON Parser: [0mBSON parser: type: '16' key: 'frag_no'
[0m[95m [1776432867.625182] BSON Parser: [0mBSON parser: int32:
[0m[95m [1776432867.625187] BSON Parser: [0m0
[0m[95m [1776432867.625191] BSON Parser: [0mBSON parser: type: '16' key: 'frag_total'
[0m[95m [1776432867.625198] BSON Parser: [0mBSON parser: int32:
[0m[95m [1776432867.625202] BSON Parser: [0m1
[0m[95m [1776432867.625207] BSON Parser: [0mBSON parser: type: '3' key: 'data'
[0m[95m [1776432867.625212] BSON Parser: [0mBSON parser: object
[0m[95m [1776432867.625216] BSON Parser: [0mParsing client packet
[0m[95m [1776432867.625221] BSON Parser: [0mDocument length: 46 bytes
[0m[95m [1776432867.625229] BSON Parser: [0mBSON parser: type: '16' key: 'sensor_type'
[0m[95m [1776432867.625233] BSON Parser: [0mBSON parser: int32:
[0m[95m [1776432867.625238] BSON Parser: [0m2
[0m[91m [1776432867.625243] BSON Message: [0mInside sensor type parsing.
[91m [1776432867.625246] BSON Message: [0mInside sensor type parsing end.
[95m [1776432867.625250] BSON Parser: [0mBSON parser: type: '2' key: 'sid'
[0m[95m [1776432867.625254] BSON Parser: [0mBSON parser: string
[0m[95m [1776432867.625259] BSON Parser: [0mBSON parser: 8 'device_0'
[0m[91m [1776432867.625263] BSON Message: [0mInside sid parsing
[95m [1776432867.625267] BSON Parser: [0mBSON parser: type: '8' key: 'dev'
[0m[95m [1776432867.625271] BSON Parser: [0mBSON parser: boolean true
[0m[95m [1776432867.625276] BSON Message: [0mBSON parser: debug .
[0m[95m [1776432867.625280] BSON Message: [0mBSON parser: debug . 0 dev 
[0m[95m [1776432867.625285] BSON Parser: [0mBSON parser: return. 46 length document has 46 bytes.
[0m[95m [1776432867.625289] BSON Parser: [0mBSON parser: return. 165 length document has 165 bytes.
[0m[95m [1776432867.625294] Transport: [0mComing to handle fragmentation 2
[0m[91m [1776432867.625299] Client: [0m---before writing in log upd_msg->seq_no= 57
[91m [1776432867.625305] Client: [0m---before writing in log upd_msg->type= 4
[91m [1776432867.625308] Client: [0m---before writing in log upd_msg->frag_no= 0
[91m [1776432867.625311] Client: [0m---before writing in log upd_msg->reliable= 0
[91m [1776432867.625314] Client: [0m---before writing in log upd_msg->data.sensor_type= 2
[91m [1776432867.625317] Client: [0m---before writing in log upd_msg->data.sid= device_0
[91m [1776432867.625321] Client: [0m---after writing in log upd_msg->seq_no = 57
[91m [1776432867.625324] Client: [0m---after writing in log upd_msg->data.sensor_type = 2
[91m [1776432867.625327] Client: [0m---after writing in log upd_msg->reliable = 0
[95m [1776432868.768036] Client: [0mTimeout reached, sending keep_alive.
[0m[95m [1776432870.57385] Transport: [0mReceived 165 bytes
[0m[95m [1776432870.57399] BSON Parser: [0mParsing client packet
[0m[95m [1776432870.57405] BSON Parser: [0mDocument length: 165 bytes
[0m[95m [1776432870.57412] BSON Parser: [0mBSON parser: type: '16' key: 'type'
[0m[95m [1776432870.57419] BSON Parser: [0mBSON parser: int32:
[0m[95m [1776432870.57425] BSON Parser: [0m4
[0m[95m [1776432870.57432] BSON Parser: [0mBSON parser: type: '8' key: 'reliable'
[0m[95m [1776432870.57438] BSON Parser: [0mBSON parser: boolean false
[0m[95m [1776432870.57444] BSON Message: [0mBSON parser: debug .
[0m[95m [1776432870.57450] BSON Message: [0mBSON parser: debug . 0 reliable 
[0m[95m [1776432870.57456] BSON Parser: [0mBSON parser: type: '16' key: 'seq_no'
[0m[95m [1776432870.57462] BSON Parser: [0mBSON parser: int32:
[0m[95m [1776432870.57468] BSON Parser: [0m58
[0m[95m [1776432870.57474] BSON Parser: [0mBSON parser: type: '8' key: 'end_marker'
[0m[95m [1776432870.57480] BSON Parser: [0mBSON parser: boolean true
[0m[95m [1776432870.57486] BSON Message: [0mBSON parser: debug .
[0m[95m [1776432870.57491] BSON Message: [0mBSON parser: debug . 0 end_marker 
[0m[95m [1776432870.57497] BSON Parser: [0mBSON parser: type: '8' key: 'fragmented'
[0m[95m [1776432870.57505] BSON Parser: [0mBSON parser: boolean false
[0m[95m [1776432870.57511] BSON Message: [0mBSON parser: debug .
[0m[95m [1776432870.57517] BSON Message: [0mBSON parser: debug . 0 fragmented 
[0m[95m [1776432870.57523] BSON Parser: [0mBSON parser: type: '8' key: 'utilize_timestamp'
[0m[95m [1776432870.57529] BSON Parser: [0mBSON parser: boolean false
[0m[95m [1776432870.57534] BSON Message: [0mBSON parser: debug .
[0m[95m [1776432870.57540] BSON Message: [0mBSON parser: debug . 0 utilize_timestamp 
[0m[95m [1776432870.57546] BSON Parser: [0mBSON parser: type: '16' key: 'frag_no'
[0m[95m [1776432870.57552] BSON Parser: [0mBSON parser: int32:
[0m[95m [1776432870.57561] BSON Parser: [0m0
[0m[95m [1776432870.57567] BSON Parser: [0mBSON parser: type: '16' key: 'frag_total'
[0m[95m [1776432870.57572] BSON Parser: [0mBSON parser: int32:
[0m[95m [1776432870.57578] BSON Parser: [0m1
[0m[95m [1776432870.57584] BSON Parser: [0mBSON parser: type: '3' key: 'data'
[0m[95m [1776432870.57590] BSON Parser: [0mBSON parser: object
[0m[95m [1776432870.57595] BSON Parser: [0mParsing client packet
[0m[95m [1776432870.57601] BSON Parser: [0mDocument length: 46 bytes
[0m[95m [1776432870.57607] BSON Parser: [0mBSON parser: type: '16' key: 'sensor_type'
[0m[95m [1776432870.57612] BSON Parser: [0mBSON parser: int32:
[0m[95m [1776432870.57618] BSON Parser: [0m2
[0m[91m [1776432870.57624] BSON Message: [0mInside sensor type parsing.
[91m [1776432870.57630] BSON Message: [0mInside sensor type parsing end.
[95m [1776432870.57634] BSON Parser: [0mBSON parser: type: '2' key: 'sid'
[0m[95m [1776432870.57640] BSON Parser: [0mBSON parser: string
[0m[95m [1776432870.57645] BSON Parser: [0mBSON parser: 8 'device_0'
[0m[91m [1776432870.57651] BSON Message: [0mInside sid parsing
[95m [1776432870.57656] BSON Parser: [0mBSON parser: type: '8' key: 'dev'
[0m[95m [1776432870.57661] BSON Parser: [0mBSON parser: boolean true
[0m[95m [1776432870.57666] BSON Message: [0mBSON parser: debug .
[0m[95m [1776432870.57680] BSON Message: [0mBSON parser: debug . 0 dev 
[0m[95m [1776432870.57685] BSON Parser: [0mBSON parser: return. 46 length document has 46 bytes.
[0m[95m [1776432870.57691] BSON Parser: [0mBSON parser: return. 165 length document has 165 bytes.
[0m[95m [1776432870.57698] Transport: [0mComing to handle fragmentation 2
[0m[91m [1776432870.57706] Client: [0m---before writing in log upd_msg->seq_no= 58
[91m [1776432870.57710] Client: [0m---before writing in log upd_msg->type= 4
[91m [1776432870.57714] Client: [0m---before writing in log upd_msg->frag_no= 0
[91m [1776432870.57718] Client: [0m---before writing in log upd_msg->reliable= 0
[91m [1776432870.57721] Client: [0m---before writing in log upd_msg->data.sensor_type= 2
[91m [1776432870.57725] Client: [0m---before writing in log upd_msg->data.sid= device_0
[91m [1776432870.57730] Client: [0m---after writing in log upd_msg->seq_no = 58
[91m [1776432870.57735] Client: [0m---after writing in log upd_msg->data.sensor_type = 2
[91m [1776432870.57739] Client: [0m---after writing in log upd_msg->reliable = 0
[95m [1776432870.881665] Transport: [0mReceived 165 bytes
[0m[95m [1776432870.881679] BSON Parser: [0mParsing client packet
[0m[95m [1776432870.881685] BSON Parser: [0mDocument length: 165 bytes
[0m[95m [1776432870.881693] BSON Parser: [0mBSON parser: type: '16' key: 'type'
[0m[95m [1776432870.881699] BSON Parser: [0mBSON parser: int32:
[0m[95m [1776432870.881705] BSON Parser: [0m4
[0m[95m [1776432870.881710] BSON Parser: [0mBSON parser: type: '8' key: 'reliable'
[0m[95m [1776432870.881716] BSON Parser: [0mBSON parser: boolean false
[0m[95m [1776432870.881722] BSON Message: [0mBSON parser: debug .
[0m[95m [1776432870.881728] BSON Message: [0mBSON parser: debug . 0 reliable 
[0m[95m [1776432870.881736] BSON Parser: [0mBSON parser: type: '16' key: 'seq_no'
[0m[95m [1776432870.881743] BSON Parser: [0mBSON parser: int32:
[0m[95m [1776432870.881749] BSON Parser: [0m59
[0m[95m [1776432870.881757] BSON Parser: [0mBSON parser: type: '8' key: 'end_marker'
[0m[95m [1776432870.881763] BSON Parser: [0mBSON parser: boolean true
[0m[95m [1776432870.881769] BSON Message: [0mBSON parser: debug .
[0m[95m [1776432870.881775] BSON Message: [0mBSON parser: debug . 0 end_marker 
[0m[95m [1776432870.881781] BSON Parser: [0mBSON parser: type: '8' key: 'fragmented'
[0m[95m [1776432870.881790] BSON Parser: [0mBSON parser: boolean false
[0m[95m [1776432870.881795] BSON Message: [0mBSON parser: debug .
[0m[95m [1776432870.881801] BSON Message: [0mBSON parser: debug . 0 fragmented 
[0m[95m [1776432870.881807] BSON Parser: [0mBSON parser: type: '8' key: 'utilize_timestamp'
[0m[95m [1776432870.881817] BSON Parser: [0mBSON parser: boolean false
[0m[95m [1776432870.881823] BSON Message: [0mBSON parser: debug .
[0m[95m [1776432870.881828] BSON Message: [0mBSON parser: debug . 0 utilize_timestamp 
[0m[95m [1776432870.881834] BSON Parser: [0mBSON parser: type: '16' key: 'frag_no'
[0m[95m [1776432870.881839] BSON Parser: [0mBSON parser: int32:
[0m[95m [1776432870.881845] BSON Parser: [0m0
[0m[95m [1776432870.881851] BSON Parser: [0mBSON parser: type: '16' key: 'frag_total'
[0m[95m [1776432870.881857] BSON Parser: [0mBSON parser: int32:
[0m[95m [1776432870.881863] BSON Parser: [0m1
[0m[95m [1776432870.881869] BSON Parser: [0mBSON parser: type: '3' key: 'data'
[0m[95m [1776432870.881875] BSON Parser: [0mBSON parser: object
[0m[95m [1776432870.881881] BSON Parser: [0mParsing client packet
[0m[95m [1776432870.881887] BSON Parser: [0mDocument length: 46 bytes
[0m[95m [1776432870.881892] BSON Parser: [0mBSON parser: type: '16' key: 'sensor_type'
[0m[95m [1776432870.881898] BSON Parser: [0mBSON parser: int32:
[0m[95m [1776432870.881903] BSON Parser: [0m2
[0m[91m [1776432870.881909] BSON Message: [0mInside sensor type parsing.
[91m [1776432870.881913] BSON Message: [0mInside sensor type parsing end.
[95m [1776432870.881920] BSON Parser: [0mBSON parser: type: '2' key: 'sid'
[0m[95m [1776432870.881926] BSON Parser: [0mBSON parser: string
[0m[95m [1776432870.881931] BSON Parser: [0mBSON parser: 8 'device_0'
[0m[91m [1776432870.881937] BSON Message: [0mInside sid parsing
[95m [1776432870.881941] BSON Parser: [0mBSON parser: type: '8' key: 'dev'
[0m[95m [1776432870.881947] BSON Parser: [0mBSON parser: boolean false
[0m[95m [1776432870.881953] BSON Message: [0mBSON parser: debug .
[0m[95m [1776432870.881958] BSON Message: [0mBSON parser: debug . 0 dev 
[0m[95m [1776432870.881964] BSON Parser: [0mBSON parser: return. 46 length document has 46 bytes.
[0m[95m [1776432870.881969] BSON Parser: [0mBSON parser: return. 165 length document has 165 bytes.
[0m[95m [1776432870.881976] Transport: [0mComing to handle fragmentation 2
[0m[91m [1776432870.881982] Client: [0m---before writing in log upd_msg->seq_no= 59
[91m [1776432870.881986] Client: [0m---before writing in log upd_msg->type= 4
[91m [1776432870.881990] Client: [0m---before writing in log upd_msg->frag_no= 0
[91m [1776432870.881995] Client: [0m---before writing in log upd_msg->reliable= 0
[91m [1776432870.881998] Client: [0m---before writing in log upd_msg->data.sensor_type= 2
[91m [1776432870.882003] Client: [0m---before writing in log upd_msg->data.sid= device_0
[91m [1776432870.882016] Client: [0m---after writing in log upd_msg->seq_no = 59
[91m [1776432870.882023] Client: [0m---after writing in log upd_msg->data.sensor_type = 2
[91m [1776432870.882028] Client: [0m---after writing in log upd_msg->reliable = 0
[95m [1776432871.670637] Transport: [0mReceived 165 bytes
[0m[95m [1776432871.670649] BSON Parser: [0mParsing client packet
[0m[95m [1776432871.670655] BSON Parser: [0mDocument length: 165 bytes
[0m[95m [1776432871.670661] BSON Parser: [0mBSON parser: type: '16' key: 'type'
[0m[95m [1776432871.670667] BSON Parser: [0mBSON parser: int32:
[0m[95m [1776432871.670673] BSON Parser: [0m4
[0m[95m [1776432871.670680] BSON Parser: [0mBSON parser: type: '8' key: 'reliable'
[0m[95m [1776432871.670686] BSON Parser: [0mBSON parser: boolean false
[0m[95m [1776432871.670692] BSON Message: [0mBSON parser: debug .
[0m[95m [1776432871.670698] BSON Message: [0mBSON parser: debug . 0 reliable 
[0m[95m [1776432871.670705] BSON Parser: [0mBSON parser: type: '16' key: 'seq_no'
[0m[95m [1776432871.670710] BSON Parser: [0mBSON parser: int32:
[0m[95m [1776432871.670715] BSON Parser: [0m60
[0m[95m [1776432871.670720] BSON Parser: [0mBSON parser: type: '8' key: 'end_marker'
[0m[95m [1776432871.670727] BSON Parser: [0mBSON parser: boolean true
[0m[95m [1776432871.670735] BSON Message: [0mBSON parser: debug .
[0m[95m [1776432871.670744] BSON Message: [0mBSON parser: debug . 0 end_marker 
[0m[95m [1776432871.670750] BSON Parser: [0mBSON parser: type: '8' key: 'fragmented'
[0m[95m [1776432871.670756] BSON Parser: [0mBSON parser: boolean false
[0m[95m [1776432871.670763] BSON Message: [0mBSON parser: debug .
[0m[95m [1776432871.670768] BSON Message: [0mBSON parser: debug . 0 fragmented 
[0m[95m [1776432871.670774] BSON Parser: [0mBSON parser: type: '8' key: 'utilize_timestamp'
[0m[95m [1776432871.670780] BSON Parser: [0mBSON parser: boolean false
[0m[95m [1776432871.670785] BSON Message: [0mBSON parser: debug .
[0m[95m [1776432871.670791] BSON Message: [0mBSON parser: debug . 0 utilize_timestamp 
[0m[95m [1776432871.670797] BSON Parser: [0mBSON parser: type: '16' key: 'frag_no'
[0m[95m [1776432871.670803] BSON Parser: [0mBSON parser: int32:
[0m[95m [1776432871.670809] BSON Parser: [0m0
[0m[95m [1776432871.670815] BSON Parser: [0mBSON parser: type: '16' key: 'frag_total'
[0m[95m [1776432871.670821] BSON Parser: [0mBSON parser: int32:
[0m[95m [1776432871.670827] BSON Parser: [0m1
[0m[95m [1776432871.670833] BSON Parser: [0mBSON parser: type: '3' key: 'data'
[0m[95m [1776432871.670838] BSON Parser: [0mBSON parser: object
[0m[95m [1776432871.670844] BSON Parser: [0mParsing client packet
[0m[95m [1776432871.670850] BSON Parser: [0mDocument length: 46 bytes
[0m[95m [1776432871.670856] BSON Parser: [0mBSON parser: type: '16' key: 'sensor_type'
[0m[95m [1776432871.670864] BSON Parser: [0mBSON parser: int32:
[0m[95m [1776432871.670870] BSON Parser: [0m2
[0m[91m [1776432871.670876] BSON Message: [0mInside sensor type parsing.
[91m [1776432871.670880] BSON Message: [0mInside sensor type parsing end.
[95m [1776432871.670884] BSON Parser: [0mBSON parser: type: '2' key: 'sid'
[0m[95m [1776432871.670890] BSON Parser: [0mBSON parser: string
[0m[95m [1776432871.670896] BSON Parser: [0mBSON parser: 8 'device_0'
[0m[91m [1776432871.670903] BSON Message: [0mInside sid parsing
[95m [1776432871.670906] BSON Parser: [0mBSON parser: type: '8' key: 'dev'
[0m[95m [1776432871.670912] BSON Parser: [0mBSON parser: boolean false
[0m[95m [1776432871.670918] BSON Message: [0mBSON parser: debug .
[0m[95m [1776432871.670924] BSON Message: [0mBSON parser: debug . 0 dev 
[0m[95m [1776432871.670930] BSON Parser: [0mBSON parser: return. 46 length document has 46 bytes.
[0m[95m [1776432871.670936] BSON Parser: [0mBSON parser: return. 165 length document has 165 bytes.
[0m[95m [1776432871.670942] Transport: [0mComing to handle fragmentation 2
[0m[91m [1776432871.670949] Client: [0m---before writing in log upd_msg->seq_no= 60
[91m [1776432871.670952] Client: [0m---before writing in log upd_msg->type= 4
[91m [1776432871.670956] Client: [0m---before writing in log upd_msg->frag_no= 0
[91m [1776432871.670960] Client: [0m---before writing in log upd_msg->reliable= 0
[91m [1776432871.670965] Client: [0m---before writing in log upd_msg->data.sensor_type= 2
[91m [1776432871.670968] Client: [0m---before writing in log upd_msg->data.sid= device_0
[91m [1776432871.670973] Client: [0m---after writing in log upd_msg->seq_no = 60
[91m [1776432871.670976] Client: [0m---after writing in log upd_msg->data.sensor_type = 2
[91m [1776432871.670980] Client: [0m---after writing in log upd_msg->reliable = 0
[95m [1776432873.773034] Client: [0mTimeout reached, sending keep_alive.
[0m[95m [1776432874.423842] Transport: [0mReceived 180 bytes
[0m[95m [1776432874.423853] BSON Parser: [0mParsing client packet
[0m[95m [1776432874.423858] BSON Parser: [0mDocument length: 180 bytes
[0m[95m [1776432874.423864] BSON Parser: [0mBSON parser: type: '16' key: 'type'
[0m[95m [1776432874.423870] BSON Parser: [0mBSON parser: int32:
[0m[95m [1776432874.423875] BSON Parser: [0m4
[0m[95m [1776432874.423881] BSON Parser: [0mBSON parser: type: '8' key: 'reliable'
[0m[95m [1776432874.423887] BSON Parser: [0mBSON parser: boolean true
[0m[95m [1776432874.423899] BSON Message: [0mBSON parser: debug .
[0m[95m [1776432874.423904] BSON Message: [0mBSON parser: debug . 0 reliable 
[0m[95m [1776432874.423910] BSON Parser: [0mBSON parser: type: '16' key: 'seq_no'
[0m[95m [1776432874.423915] BSON Parser: [0mBSON parser: int32:
[0m[95m [1776432874.423921] BSON Parser: [0m61
[0m[95m [1776432874.423926] BSON Parser: [0mBSON parser: type: '8' key: 'end_marker'
[0m[95m [1776432874.423932] BSON Parser: [0mBSON parser: boolean true
[0m[95m [1776432874.423938] BSON Message: [0mBSON parser: debug .
[0m[95m [1776432874.423944] BSON Message: [0mBSON parser: debug . 0 end_marker 
[0m[95m [1776432874.423950] BSON Parser: [0mBSON parser: type: '8' key: 'fragmented'
[0m[95m [1776432874.423956] BSON Parser: [0mBSON parser: boolean false
[0m[95m [1776432874.423961] BSON Message: [0mBSON parser: debug .
[0m[95m [1776432874.423966] BSON Message: [0mBSON parser: debug . 0 fragmented 
[0m[95m [1776432874.423972] BSON Parser: [0mBSON parser: type: '8' key: 'utilize_timestamp'
[0m[95m [1776432874.423978] BSON Parser: [0mBSON parser: boolean false
[0m[95m [1776432874.423983] BSON Message: [0mBSON parser: debug .
[0m[95m [1776432874.423989] BSON Message: [0mBSON parser: debug . 0 utilize_timestamp 
[0m[95m [1776432874.423994] BSON Parser: [0mBSON parser: type: '16' key: 'frag_no'
[0m[95m [1776432874.424000] BSON Parser: [0mBSON parser: int32:
[0m[95m [1776432874.424005] BSON Parser: [0m0
[0m[95m [1776432874.424020] BSON Parser: [0mBSON parser: type: '16' key: 'frag_total'
[0m[95m [1776432874.424026] BSON Parser: [0mBSON parser: int32:
[0m[95m [1776432874.424033] BSON Parser: [0m1
[0m[95m [1776432874.424039] BSON Parser: [0mBSON parser: type: '16' key: 'timestamp'
[0m[95m [1776432874.424045] BSON Parser: [0mBSON parser: int32:
[0m[95m [1776432874.424050] BSON Parser: [0m-1201012736
[0m[95m [1776432874.424056] BSON Parser: [0mBSON parser: type: '3' key: 'data'
[0m[95m [1776432874.424062] BSON Parser: [0mBSON parser: object
[0m[95m [1776432874.424068] BSON Parser: [0mParsing client packet
[0m[95m [1776432874.424073] BSON Parser: [0mDocument length: 46 bytes
[0m[95m [1776432874.424079] BSON Parser: [0mBSON parser: type: '16' key: 'sensor_type'
[0m[95m [1776432874.424084] BSON Parser: [0mBSON parser: int32:
[0m[95m [1776432874.424089] BSON Parser: [0m2
[0m[91m [1776432874.424095] BSON Message: [0mInside sensor type parsing.
[91m [1776432874.424099] BSON Message: [0mInside sensor type parsing end.
[95m [1776432874.424103] BSON Parser: [0mBSON parser: type: '2' key: 'sid'
[0m[95m [1776432874.424109] BSON Parser: [0mBSON parser: string
[0m[95m [1776432874.424114] BSON Parser: [0mBSON parser: 8 'device_0'
[0m[91m [1776432874.424120] BSON Message: [0mInside sid parsing
[95m [1776432874.424125] BSON Parser: [0mBSON parser: type: '8' key: 'dev'
[0m[95m [1776432874.424130] BSON Parser: [0mBSON parser: boolean false
[0m[95m [1776432874.424137] BSON Message: [0mBSON parser: debug .
[0m[95m [1776432874.424142] BSON Message: [0mBSON parser: debug . 0 dev 
[0m[95m [1776432874.424148] BSON Parser: [0mBSON parser: return. 46 length document has 46 bytes.
[0m[95m [1776432874.424155] BSON Parser: [0mBSON parser: return. 180 length document has 180 bytes.
[0m[95m [1776432874.424161] Transport: [0mComing to handle fragmentation 2
[0m[91m [1776432874.424168] Client: [0m---before writing in log upd_msg->seq_no= 61
[91m [1776432874.424171] Client: [0m---before writing in log upd_msg->type= 4
[91m [1776432874.424175] Client: [0m---before writing in log upd_msg->frag_no= 0
[91m [1776432874.424179] Client: [0m---before writing in log upd_msg->reliable= 1
[91m [1776432874.424183] Client: [0m---before writing in log upd_msg->data.sensor_type= 2
[91m [1776432874.424187] Client: [0m---before writing in log upd_msg->data.sid= device_0
[91m [1776432874.424191] Client: [0m---after writing in log upd_msg->seq_no = 61
[91m [1776432874.424195] Client: [0m---after writing in log upd_msg->data.sensor_type = 2
[91m [1776432874.424202] Client: [0m---after writing in log upd_msg->reliable = 1
[95m [1776432874.424205] Client: [0mSending acknowledgment.
[0m[95m [1776432874.424211] Client Module: [0m---------Sending Update acknowledgment from client.-----------
[0m[95m [1776432874.424217] BSON Message: [0m-------------Before Serializing Update acknowledgment.--------------
[0m[95m [1776432874.424223] BSON Message: [0m-------------After Serializing Update acknowledgment.--------------
[0m[95m [1776432874.424228] BSON Message: [0m-------------Before Serializing Update acknowledgment.--------------
[0m[95m [1776432874.424234] BSON Message: [0m-------------After Serializing Update acknowledgment.--------------
[0m[95m [1776432874.724526] Transport: [0mReceived 165 bytes
[0m[95m [1776432874.724539] BSON Parser: [0mParsing client packet
[0m[95m [1776432874.724544] BSON Parser: [0mDocument length: 165 bytes
[0m[95m [1776432874.724551] BSON Parser: [0mBSON parser: type: '16' key: 'type'
[0m[95m [1776432874.724557] BSON Parser: [0mBSON parser: int32:
[0m[95m [1776432874.724563] BSON Parser: [0m4
[0m[95m [1776432874.724569] BSON Parser: [0mBSON parser: type: '8' key: 'reliable'
[0m[95m [1776432874.724574] BSON Parser: [0mBSON parser: boolean false
[0m[95m [1776432874.724580] BSON Message: [0mBSON parser: debug .
[0m[95m [1776432874.724586] BSON Message: [0mBSON parser: debug . 0 reliable 
[0m[95m [1776432874.724592] BSON Parser: [0mBSON parser: type: '16' key: 'seq_no'
[0m[95m [1776432874.724598] BSON Parser: [0mBSON parser: int32:
[0m[95m [1776432874.724604] BSON Parser: [0m62
[0m[95m [1776432874.724610] BSON Parser: [0mBSON parser: type: '8' key: 'end_marker'
[0m[95m [1776432874.724615] BSON Parser: [0mBSON parser: boolean true
[0m[95m [1776432874.724621] BSON Message: [0mBSON parser: debug .
[0m[95m [1776432874.724627] BSON Message: [0mBSON parser: debug . 0 end_marker 
[0m[95m [1776432874.724633] BSON Parser: [0mBSON parser: type: '8' key: 'fragmented'
[0m[95m [1776432874.724640] BSON Parser: [0mBSON parser: boolean false
[0m[95m [1776432874.724647] BSON Message: [0mBSON parser: debug .
[0m[95m [1776432874.724653] BSON Message: [0mBSON parser: debug . 0 fragmented 
[0m[95m [1776432874.724658] BSON Parser: [0mBSON parser: type: '8' key: 'utilize_timestamp'
[0m[95m [1776432874.724664] BSON Parser: [0mBSON parser: boolean false
[0m[95m [1776432874.724670] BSON Message: [0mBSON parser: debug .
[0m[95m [1776432874.724676] BSON Message: [0mBSON parser: debug . 0 utilize_timestamp 
[0m[95m [1776432874.724682] BSON Parser: [0mBSON parser: type: '16' key: 'frag_no'
[0m[95m [1776432874.724688] BSON Parser: [0mBSON parser: int32:
[0m[95m [1776432874.724694] BSON Parser: [0m0
[0m[95m [1776432874.724700] BSON Parser: [0mBSON parser: type: '16' key: 'frag_total'
[0m[95m [1776432874.724706] BSON Parser: [0mBSON parser: int32:
[0m[95m [1776432874.724711] BSON Parser: [0m1
[0m[95m [1776432874.724717] BSON Parser: [0mBSON parser: type: '3' key: 'data'
[0m[95m [1776432874.724723] BSON Parser: [0mBSON parser: object
[0m[95m [1776432874.724729] BSON Parser: [0mParsing client packet
[0m[95m [1776432874.724735] BSON Parser: [0mDocument length: 46 bytes
[0m[95m [1776432874.724741] BSON Parser: [0mBSON parser: type: '16' key: 'sensor_type'
[0m[95m [1776432874.724746] BSON Parser: [0mBSON parser: int32:
[0m[95m [1776432874.724752] BSON Parser: [0m2
[0m[91m [1776432874.724758] BSON Message: [0mInside sensor type parsing.
[91m [1776432874.724761] BSON Message: [0mInside sensor type parsing end.
[95m [1776432874.724768] BSON Parser: [0mBSON parser: type: '2' key: 'sid'
[0m[95m [1776432874.724774] BSON Parser: [0mBSON parser: string
[0m[95m [1776432874.724780] BSON Parser: [0mBSON parser: 8 'device_0'
[0m[91m [1776432874.724787] BSON Message: [0mInside sid parsing
[95m [1776432874.724792] BSON Parser: [0mBSON parser: type: '8' key: 'dev'
[0m[95m [1776432874.724797] BSON Parser: [0mBSON parser: boolean true
[0m[95m [1776432874.724805] BSON Message: [0mBSON parser: debug .
[0m[95m [1776432874.724810] BSON Message: [0mBSON parser: debug . 0 dev 
[0m[95m [1776432874.724814] BSON Parser: [0mBSON parser: return. 46 length document has 46 bytes.
[0m[95m [1776432874.724819] BSON Parser: [0mBSON parser: return. 165 length document has 165 bytes.
[0m[95m [1776432874.724823] Transport: [0mComing to handle fragmentation 2
[0m[91m [1776432874.724828] Client: [0m---before writing in log upd_msg->seq_no= 62
[91m [1776432874.724831] Client: [0m---before writing in log upd_msg->type= 4
[91m [1776432874.724835] Client: [0m---before writing in log upd_msg->frag_no= 0
[91m [1776432874.724839] Client: [0m---before writing in log upd_msg->reliable= 0
[91m [1776432874.724844] Client: [0m---before writing in log upd_msg->data.sensor_type= 2
[91m [1776432874.724848] Client: [0m---before writing in log upd_msg->data.sid= device_0
[91m [1776432874.724852] Client: [0m---after writing in log upd_msg->seq_no = 62
[91m [1776432874.724855] Client: [0m---after writing in log upd_msg->data.sensor_type = 2
[91m [1776432874.724858] Client: [0m---after writing in log upd_msg->reliable = 0
[95m [1776432877.825450] Transport: [0mReceived 165 bytes
[0m[95m [1776432877.825462] BSON Parser: [0mParsing client packet
[0m[95m [1776432877.825470] BSON Parser: [0mDocument length: 165 bytes
[0m[95m [1776432877.825478] BSON Parser: [0mBSON parser: type: '16' key: 'type'
[0m[95m [1776432877.825484] BSON Parser: [0mBSON parser: int32:
[0m[95m [1776432877.825492] BSON Parser: [0m4
[0m[95m [1776432877.825499] BSON Parser: [0mBSON parser: type: '8' key: 'reliable'
[0m[95m [1776432877.825506] BSON Parser: [0mBSON parser: boolean false
[0m[95m [1776432877.825513] BSON Message: [0mBSON parser: debug .
[0m[95m [1776432877.825519] BSON Message: [0mBSON parser: debug . 0 reliable 
[0m[95m [1776432877.825525] BSON Parser: [0mBSON parser: type: '16' key: 'seq_no'
[0m[95m [1776432877.825531] BSON Parser: [0mBSON parser: int32:
[0m[95m [1776432877.825537] BSON Parser: [0m63
[0m[95m [1776432877.825544] BSON Parser: [0mBSON parser: type: '8' key: 'end_marker'
[0m[95m [1776432877.825550] BSON Parser: [0mBSON parser: boolean true
[0m[95m [1776432877.825556] BSON Message: [0mBSON parser: debug .
[0m[95m [1776432877.825563] BSON Message: [0mBSON parser: debug . 0 end_marker 
[0m[95m [1776432877.825570] BSON Parser: [0mBSON parser: type: '8' key: 'fragmented'
[0m[95m [1776432877.825576] BSON Parser: [0mBSON parser: boolean false
[0m[95m [1776432877.825582] BSON Message: [0mBSON parser: debug .
[0m[95m [1776432877.825588] BSON Message: [0mBSON parser: debug . 0 fragmented 
[0m[95m [1776432877.825594] BSON Parser: [0mBSON parser: type: '8' key: 'utilize_timestamp'
[0m[95m [1776432877.825601] BSON Parser: [0mBSON parser: boolean false
[0m[95m [1776432877.825606] BSON Message: [0mBSON parser: debug .
[0m[95m [1776432877.825612] BSON Message: [0mBSON parser: debug . 0 utilize_timestamp 
[0m[95m [1776432877.825618] BSON Parser: [0mBSON parser: type: '16' key: 'frag_no'
[0m[95m [1776432877.825626] BSON Parser: [0mBSON parser: int32:
[0m[95m [1776432877.825632] BSON Parser: [0m0
[0m[95m [1776432877.825638] BSON Parser: [0mBSON parser: type: '16' key: 'frag_total'
[0m[95m [1776432877.825644] BSON Parser: [0mBSON parser: int32:
[0m[95m [1776432877.825650] BSON Parser: [0m1
[0m[95m [1776432877.825656] BSON Parser: [0mBSON parser: type: '3' key: 'data'
[0m[95m [1776432877.825661] BSON Parser: [0mBSON parser: object
[0m[95m [1776432877.825667] BSON Parser: [0mParsing client packet
[0m[95m [1776432877.825672] BSON Parser: [0mDocument length: 46 bytes
[0m[95m [1776432877.825678] BSON Parser: [0mBSON parser: type: '16' key: 'sensor_type'
[0m[95m [1776432877.825683] BSON Parser: [0mBSON parser: int32:
[0m[95m [1776432877.825689] BSON Parser: [0m2
[0m[91m [1776432877.825695] BSON Message: [0mInside sensor type parsing.
[91m [1776432877.825699] BSON Message: [0mInside sensor type parsing end.
[95m [1776432877.825709] BSON Parser: [0mBSON parser: type: '2' key: 'sid'
[0m[95m [1776432877.825715] BSON Parser: [0mBSON parser: string
[0m[95m [1776432877.825721] BSON Parser: [0mBSON parser: 8 'device_0'
[0m[91m [1776432877.825726] BSON Message: [0mInside sid parsing
[95m [1776432877.825730] BSON Parser: [0mBSON parser: type: '8' key: 'dev'
[0m[95m [1776432877.825736] BSON Parser: [0mBSON parser: boolean false
[0m[95m [1776432877.825741] BSON Message: [0mBSON parser: debug .
[0m[95m [1776432877.825747] BSON Message: [0mBSON parser: debug . 0 dev 
[0m[95m [1776432877.825752] BSON Parser: [0mBSON parser: return. 46 length document has 46 bytes.
[0m[95m [1776432877.825760] BSON Parser: [0mBSON parser: return. 165 length document has 165 bytes.
[0m[95m [1776432877.825766] Transport: [0mComing to handle fragmentation 2
[0m[91m [1776432877.825772] Client: [0m---before writing in log upd_msg->seq_no= 63
[91m [1776432877.825776] Client: [0m---before writing in log upd_msg->type= 4
[91m [1776432877.825780] Client: [0m---before writing in log upd_msg->frag_no= 0
[91m [1776432877.825784] Client: [0m---before writing in log upd_msg->reliable= 0
[91m [1776432877.825788] Client: [0m---before writing in log upd_msg->data.sensor_type= 2
[91m [1776432877.825791] Client: [0m---before writing in log upd_msg->data.sid= device_0
[91m [1776432877.825796] Client: [0m---after writing in log upd_msg->seq_no = 63
[91m [1776432877.825799] Client: [0m---after writing in log upd_msg->data.sensor_type = 2
[91m [1776432877.825803] Client: [0m---after writing in log upd_msg->reliable = 0
[95m [1776432878.586148] Transport: [0mReceived 165 bytes
[0m[95m [1776432878.586159] BSON Parser: [0mParsing client packet
[0m[95m [1776432878.586164] BSON Parser: [0mDocument length: 165 bytes
[0m[95m [1776432878.586170] BSON Parser: [0mBSON parser: type: '16' key: 'type'
[0m[95m [1776432878.586176] BSON Parser: [0mBSON parser: int32:
[0m[95m [1776432878.586181] BSON Parser: [0m4
[0m[95m [1776432878.586187] BSON Parser: [0mBSON parser: type: '8' key: 'reliable'
[0m[95m [1776432878.586193] BSON Parser: [0mBSON parser: boolean false
[0m[95m [1776432878.586199] BSON Message: [0mBSON parser: debug .
[0m[95m [1776432878.586204] BSON Message: [0mBSON parser: debug . 0 reliable 
[0m[95m [1776432878.586210] BSON Parser: [0mBSON parser: type: '16' key: 'seq_no'
[0m[95m [1776432878.586216] BSON Parser: [0mBSON parser: int32:
[0m[95m [1776432878.586221] BSON Parser: [0m64
[0m[95m [1776432878.586227] BSON Parser: [0mBSON parser: type: '8' key: 'end_marker'
[0m[95m [1776432878.586232] BSON Parser: [0mBSON parser: boolean true
[0m[95m [1776432878.586238] BSON Message: [0mBSON parser: debug .
[0m[95m [1776432878.586243] BSON Message: [0mBSON parser: debug . 0 end_marker 
[0m[95m [1776432878.586249] BSON Parser: [0mBSON parser: type: '8' key: 'fragmented'
[0m[95m [1776432878.586254] BSON Parser: [0mBSON parser: boolean false
[0m[95m [1776432878.586260] BSON Message: [0mBSON parser: debug .
[0m[95m [1776432878.586265] BSON Message: [0mBSON parser: debug . 0 fragmented 
[0m[95m [1776432878.586271] BSON Parser: [0mBSON parser: type: '8' key: 'utilize_timestamp'
[0m[95m [1776432878.586277] BSON Parser: [0mBSON parser: boolean false
[0m[95m [1776432878.586282] BSON Message: [0mBSON parser: debug .
[0m[95m [1776432878.586290] BSON Message: [0mBSON parser: debug . 0 utilize_timestamp 
[0m[95m [1776432878.586296] BSON Parser: [0mBSON parser: type: '16' key: 'frag_no'
[0m[95m [1776432878.586301] BSON Parser: [0mBSON parser: int32:
[0m[95m [1776432878.586306] BSON Parser: [0m0
[0m[95m [1776432878.586312] BSON Parser: [0mBSON parser: type: '16' key: 'frag_total'
[0m[95m [1776432878.586318] BSON Parser: [0mBSON parser: int32:
[0m[95m [1776432878.586324] BSON Parser: [0m1
[0m[95m [1776432878.586330] BSON Parser: [0mBSON parser: type: '3' key: 'data'
[0m[95m [1776432878.586335] BSON Parser: [0mBSON parser: object
[0m[95m [1776432878.586344] BSON Parser: [0mParsing client packet
[0m[95m [1776432878.586350] BSON Parser: [0mDocument length: 46 bytes
[0m[95m [1776432878.586356] BSON Parser: [0mBSON parser: type: '16' key: 'sensor_type'
[0m[95m [1776432878.586362] BSON Parser: [0mBSON parser: int32:
[0m[95m [1776432878.586367] BSON Parser: [0m2
[0m[91m [1776432878.586373] BSON Message: [0mInside sensor type parsing.
[91m [1776432878.586377] BSON Message: [0mInside sensor type parsing end.
[95m [1776432878.586381] BSON Parser: [0mBSON parser: type: '2' key: 'sid'
[0m[95m [1776432878.586386] BSON Parser: [0mBSON parser: string
[0m[95m [1776432878.586392] BSON Parser: [0mBSON parser: 8 'device_0'
[0m[91m [1776432878.586398] BSON Message: [0mInside sid parsing
[95m [1776432878.586402] BSON Parser: [0mBSON parser: type: '8' key: 'dev'
[0m[95m [1776432878.586408] BSON Parser: [0mBSON parser: boolean false
[0m[95m [1776432878.586416] BSON Message: [0mBSON parser: debug .
[0m[95m [1776432878.586422] BSON Message: [0mBSON parser: debug . 0 dev 
[0m[95m [1776432878.586428] BSON Parser: [0mBSON parser: return. 46 length document has 46 bytes.
[0m[95m [1776432878.586435] BSON Parser: [0mBSON parser: return. 165 length document has 165 bytes.
[0m[95m [1776432878.586441] Transport: [0mComing to handle fragmentation 2
[0m[91m [1776432878.586448] Client: [0m---before writing in log upd_msg->seq_no= 64
[91m [1776432878.586452] Client: [0m---before writing in log upd_msg->type= 4
[91m [1776432878.586457] Client: [0m---before writing in log upd_msg->frag_no= 0
[91m [1776432878.586461] Client: [0m---before writing in log upd_msg->reliable= 0
[91m [1776432878.586465] Client: [0m---before writing in log upd_msg->data.sensor_type= 2
[91m [1776432878.586470] Client: [0m---before writing in log upd_msg->data.sid= device_0
[91m [1776432878.586475] Client: [0m---after writing in log upd_msg->seq_no = 64
[91m [1776432878.586479] Client: [0m---after writing in log upd_msg->data.sensor_type = 2
[91m [1776432878.586484] Client: [0m---after writing in log upd_msg->reliable = 0
[95m [1776432878.776688] Client: [0mTimeout reached, sending keep_alive.
[0m[95m [1776432880.679303] Transport: [0mReceived 165 bytes
[0m[95m [1776432880.679315] BSON Parser: [0mParsing client packet
[0m[95m [1776432880.679321] BSON Parser: [0mDocument length: 165 bytes
[0m[95m [1776432880.679328] BSON Parser: [0mBSON parser: type: '16' key: 'type'
[0m[95m [1776432880.679336] BSON Parser: [0mBSON parser: int32:
[0m[95m [1776432880.679341] BSON Parser: [0m4
[0m[95m [1776432880.679349] BSON Parser: [0mBSON parser: type: '8' key: 'reliable'
[0m[95m [1776432880.679355] BSON Parser: [0mBSON parser: boolean false
[0m[95m [1776432880.679361] BSON Message: [0mBSON parser: debug .
[0m[95m [1776432880.679367] BSON Message: [0mBSON parser: debug . 0 reliable 
[0m[95m [1776432880.679373] BSON Parser: [0mBSON parser: type: '16' key: 'seq_no'
[0m[95m [1776432880.679378] BSON Parser: [0mBSON parser: int32:
[0m[95m [1776432880.679385] BSON Parser: [0m65
[0m[95m [1776432880.679390] BSON Parser: [0mBSON parser: type: '8' key: 'end_marker'
[0m[95m [1776432880.679396] BSON Parser: [0mBSON parser: boolean true
[0m[95m [1776432880.679401] BSON Message: [0mBSON parser: debug .
[0m[95m [1776432880.679408] BSON Message: [0mBSON parser: debug . 0 end_marker 
[0m[95m [1776432880.679414] BSON Parser: [0mBSON parser: type: '8' key: 'fragmented'
[0m[95m [1776432880.679421] BSON Parser: [0mBSON parser: boolean false
[0m[95m [1776432880.679427] BSON Message: [0mBSON parser: debug .
[0m[95m [1776432880.679432] BSON Message: [0mBSON parser: debug . 0 fragmented 
[0m[95m [1776432880.679438] BSON Parser: [0mBSON parser: type: '8' key: 'utilize_timestamp'
[0m[95m [1776432880.679444] BSON Parser: [0mBSON parser: boolean false
[0m[95m [1776432880.679449] BSON Message: [0mBSON parser: debug .
[0m[95m [1776432880.679455] BSON Message: [0mBSON parser: debug . 0 utilize_timestamp 
[0m[95m [1776432880.679463] BSON Parser: [0mBSON parser: type: '16' key: 'frag_no'
[0m[95m [1776432880.679471] BSON Parser: [0mBSON parser: int32:
[0m[95m [1776432880.679476] BSON Parser: [0m0
[0m[95m [1776432880.679482] BSON Parser: [0mBSON parser: type: '16' key: 'frag_total'
[0m[95m [1776432880.679489] BSON Parser: [0mBSON parser: int32:
[0m[95m [1776432880.679494] BSON Parser: [0m1
[0m[95m [1776432880.679500] BSON Parser: [0mBSON parser: type: '3' key: 'data'
[0m[95m [1776432880.679506] BSON Parser: [0mBSON parser: object
[0m[95m [1776432880.679512] BSON Parser: [0mParsing client packet
[0m[95m [1776432880.679518] BSON Parser: [0mDocument length: 46 bytes
[0m[95m [1776432880.679523] BSON Parser: [0mBSON parser: type: '16' key: 'sensor_type'
[0m[95m [1776432880.679529] BSON Parser: [0mBSON parser: int32:
[0m[95m [1776432880.679535] BSON Parser: [0m2
[0m[91m [1776432880.679541] BSON Message: [0mInside sensor type parsing.
[91m [1776432880.679545] BSON Message: [0mInside sensor type parsing end.
[95m [1776432880.679550] BSON Parser: [0mBSON parser: type: '2' key: 'sid'
[0m[95m [1776432880.679556] BSON Parser: [0mBSON parser: string
[0m[95m [1776432880.679562] BSON Parser: [0mBSON parser: 8 'device_0'
[0m[91m [1776432880.679568] BSON Message: [0mInside sid parsing
[95m [1776432880.679572] BSON Parser: [0mBSON parser: type: '8' key: 'dev'
[0m[95m [1776432880.679578] BSON Parser: [0mBSON parser: boolean false
[0m[95m [1776432880.679584] BSON Message: [0mBSON parser: debug .
[0m[95m [1776432880.679590] BSON Message: [0mBSON parser: debug . 0 dev 
[0m[95m [1776432880.679597] BSON Parser: [0mBSON parser: return. 46 length document has 46 bytes.
[0m[95m [1776432880.679602] BSON Parser: [0mBSON parser: return. 165 length document has 165 bytes.
[0m[95m [1776432880.679607] Transport: [0mComing to handle fragmentation 2
[0m[91m [1776432880.679613] Client: [0m---before writing in log upd_msg->seq_no= 65
[91m [1776432880.679618] Client: [0m---before writing in log upd_msg->type= 4
[91m [1776432880.679622] Client: [0m---before writing in log upd_msg->frag_no= 0
[91m [1776432880.679626] Client: [0m---before writing in log upd_msg->reliable= 0
[91m [1776432880.679630] Client: [0m---before writing in log upd_msg->data.sensor_type= 2
[91m [1776432880.679634] Client: [0m---before writing in log upd_msg->data.sid= device_0
[91m [1776432880.679638] Client: [0m---after writing in log upd_msg->seq_no = 65
[91m [1776432880.679643] Client: [0m---after writing in log upd_msg->data.sensor_type = 2
[91m [1776432880.679647] Client: [0m---after writing in log upd_msg->reliable = 0
[95m [1776432883.120469] Transport: [0mReceived 165 bytes
[0m[95m [1776432883.120485] BSON Parser: [0mParsing client packet
[0m[95m [1776432883.120492] BSON Parser: [0mDocument length: 165 bytes
[0m[95m [1776432883.120499] BSON Parser: [0mBSON parser: type: '16' key: 'type'
[0m[95m [1776432883.120506] BSON Parser: [0mBSON parser: int32:
[0m[95m [1776432883.120512] BSON Parser: [0m4
[0m[95m [1776432883.120519] BSON Parser: [0mBSON parser: type: '8' key: 'reliable'
[0m[95m [1776432883.120526] BSON Parser: [0mBSON parser: boolean false
[0m[95m [1776432883.120532] BSON Message: [0mBSON parser: debug .
[0m[95m [1776432883.120539] BSON Message: [0mBSON parser: debug . 0 reliable 
[0m[95m [1776432883.120545] BSON Parser: [0mBSON parser: type: '16' key: 'seq_no'
[0m[95m [1776432883.120551] BSON Parser: [0mBSON parser: int32:
[0m[95m [1776432883.120558] BSON Parser: [0m66
[0m[95m [1776432883.120564] BSON Parser: [0mBSON parser: type: '8' key: 'end_marker'
[0m[95m [1776432883.120571] BSON Parser: [0mBSON parser: boolean true
[0m[95m [1776432883.120578] BSON Message: [0mBSON parser: debug .
[0m[95m [1776432883.120584] BSON Message: [0mBSON parser: debug . 0 end_marker 
[0m[95m [1776432883.120591] BSON Parser: [0mBSON parser: type: '8' key: 'fragmented'
[0m[95m [1776432883.120598] BSON Parser: [0mBSON parser: boolean false
[0m[95m [1776432883.120609] BSON Message: [0mBSON parser: debug .
[0m[95m [1776432883.120616] BSON Message: [0mBSON parser: debug . 0 fragmented 
[0m[95m [1776432883.120623] BSON Parser: [0mBSON parser: type: '8' key: 'utilize_timestamp'
[0m[95m [1776432883.120631] BSON Parser: [0mBSON parser: boolean false
[0m[95m [1776432883.120638] BSON Message: [0mBSON parser: debug .
[0m[95m [1776432883.120644] BSON Message: [0mBSON parser: debug . 0 utilize_timestamp 
[0m[95m [1776432883.120651] BSON Parser: [0mBSON parser: type: '16' key: 'frag_no'
[0m[95m [1776432883.120658] BSON Parser: [0mBSON parser: int32:
[0m[95m [1776432883.120664] BSON Parser: [0m0
[0m[95m [1776432883.120671] BSON Parser: [0mBSON parser: type: '16' key: 'frag_total'
[0m[95m [1776432883.120677] BSON Parser: [0mBSON parser: int32:
[0m[95m [1776432883.120684] BSON Parser: [0m1
[0m[95m [1776432883.120690] BSON Parser: [0mBSON parser: type: '3' key: 'data'
[0m[95m [1776432883.120697] BSON Parser: [0mBSON parser: object
[0m[95m [1776432883.120704] BSON Parser: [0mParsing client packet
[0m[95m [1776432883.120710] BSON Parser: [0mDocument length: 46 bytes
[0m[95m [1776432883.120717] BSON Parser: [0mBSON parser: type: '16' key: 'sensor_type'
[0m[95m [1776432883.120723] BSON Parser: [0mBSON parser: int32:
[0m[95m [1776432883.120730] BSON Parser: [0m2
[0m[91m [1776432883.120736] BSON Message: [0mInside sensor type parsing.
[91m [1776432883.120741] BSON Message: [0mInside sensor type parsing end.
[95m [1776432883.120746] BSON Parser: [0mBSON parser: type: '2' key: 'sid'
[0m[95m [1776432883.120752] BSON Parser: [0mBSON parser: string
[0m[95m [1776432883.120759] BSON Parser: [0mBSON parser: 8 'device_0'
[0m[91m [1776432883.120766] BSON Message: [0mInside sid parsing
[95m [1776432883.120771] BSON Parser: [0mBSON parser: type: '8' key: 'dev'
[0m[95m [1776432883.120780] BSON Parser: [0mBSON parser: boolean true
[0m[95m [1776432883.120786] BSON Message: [0mBSON parser: debug .
[0m[95m [1776432883.120792] BSON Message: [0mBSON parser: debug . 0 dev 
[0m[95m [1776432883.120799] BSON Parser: [0mBSON parser: return. 46 length document has 46 bytes.
[0m[95m [1776432883.120805] BSON Parser: [0mBSON parser: return. 165 length document has 165 bytes.
[0m[95m [1776432883.120812] Transport: [0mComing to handle fragmentation 2
[0m[91m [1776432883.120819] Client: [0m---before writing in log upd_msg->seq_no= 66
[91m [1776432883.120823] Client: [0m---before writing in log upd_msg->type= 4
[91m [1776432883.120828] Client: [0m---before writing in log upd_msg->frag_no= 0
[91m [1776432883.120833] Client: [0m---before writing in log upd_msg->reliable= 0
[91m [1776432883.120838] Client: [0m---before writing in log upd_msg->data.sensor_type= 2
[91m [1776432883.120842] Client: [0m---before writing in log upd_msg->data.sid= device_0
[91m [1776432883.120847] Client: [0m---after writing in log upd_msg->seq_no = 66
[91m [1776432883.120852] Client: [0m---after writing in log upd_msg->data.sensor_type = 2
[91m [1776432883.120858] Client: [0m---after writing in log upd_msg->reliable = 0
[95m [1776432883.779028] Client: [0mTimeout reached, sending keep_alive.
[0m[95m [1776432885.347237] Transport: [0mReceived 165 bytes
[0m[95m [1776432885.347250] BSON Parser: [0mParsing client packet
[0m[95m [1776432885.347257] BSON Parser: [0mDocument length: 165 bytes
[0m[95m [1776432885.347265] BSON Parser: [0mBSON parser: type: '16' key: 'type'
[0m[95m [1776432885.347271] BSON Parser: [0mBSON parser: int32:
[0m[95m [1776432885.347280] BSON Parser: [0m4
[0m[95m [1776432885.347288] BSON Parser: [0mBSON parser: type: '8' key: 'reliable'
[0m[95m [1776432885.347295] BSON Parser: [0mBSON parser: boolean false
[0m[95m [1776432885.347302] BSON Message: [0mBSON parser: debug .
[0m[95m [1776432885.347308] BSON Message: [0mBSON parser: debug . 0 reliable 
[0m[95m [1776432885.347313] BSON Parser: [0mBSON parser: type: '16' key: 'seq_no'
[0m[95m [1776432885.347317] BSON Parser: [0mBSON parser: int32:
[0m[95m [1776432885.347326] BSON Parser: [0m67
[0m[95m [1776432885.347331] BSON Parser: [0mBSON parser: type: '8' key: 'end_marker'
[0m[95m [1776432885.347337] BSON Parser: [0mBSON parser: boolean true
[0m[95m [1776432885.347343] BSON Message: [0mBSON parser: debug .
[0m[95m [1776432885.347349] BSON Message: [0mBSON parser: debug . 0 end_marker 
[0m[95m [1776432885.347355] BSON Parser: [0mBSON parser: type: '8' key: 'fragmented'
[0m[95m [1776432885.347361] BSON Parser: [0mBSON parser: boolean false
[0m[95m [1776432885.347367] BSON Message: [0mBSON parser: debug .
[0m[95m [1776432885.347374] BSON Message: [0mBSON parser: debug . 0 fragmented 
[0m[95m [1776432885.347380] BSON Parser: [0mBSON parser: type: '8' key: 'utilize_timestamp'
[0m[95m [1776432885.347385] BSON Parser: [0mBSON parser: boolean false
[0m[95m [1776432885.347391] BSON Message: [0mBSON parser: debug .
[0m[95m [1776432885.347397] BSON Message: [0mBSON parser: debug . 0 utilize_timestamp 
[0m[95m [1776432885.347402] BSON Parser: [0mBSON parser: type: '16' key: 'frag_no'
[0m[95m [1776432885.347410] BSON Parser: [0mBSON parser: int32:
[0m[95m [1776432885.347416] BSON Parser: [0m0
[0m[95m [1776432885.347421] BSON Parser: [0mBSON parser: type: '16' key: 'frag_total'
[0m[95m [1776432885.347427] BSON Parser: [0mBSON parser: int32:
[0m[95m [1776432885.347432] BSON Parser: [0m1
[0m[95m [1776432885.347438] BSON Parser: [0mBSON parser: type: '3' key: 'data'
[0m[95m [1776432885.347443] BSON Parser: [0mBSON parser: object
[0m[95m [1776432885.347449] BSON Parser: [0mParsing client packet
[0m[95m [1776432885.347454] BSON Parser: [0mDocument length: 46 bytes
[0m[95m [1776432885.347460] BSON Parser: [0mBSON parser: type: '16' key: 'sensor_type'
[0m[95m [1776432885.347467] BSON Parser: [0mBSON parser: int32:
[0m[95m [1776432885.347472] BSON Parser: [0m2
[0m[91m [1776432885.347478] BSON Message: [0mInside sensor type parsing.
[91m [1776432885.347482] BSON Message: [0mInside sensor type parsing end.
[95m [1776432885.347486] BSON Parser: [0mBSON parser: type: '2' key: 'sid'
[0m[95m [1776432885.347492] BSON Parser: [0mBSON parser: string
[0m[95m [1776432885.347498] BSON Parser: [0mBSON parser: 8 'device_0'
[0m[91m [1776432885.347504] BSON Message: [0mInside sid parsing
[95m [1776432885.347508] BSON Parser: [0mBSON parser: type: '8' key: 'dev'
[0m[95m [1776432885.347514] BSON Parser: [0mBSON parser: boolean false
[0m[95m [1776432885.347519] BSON Message: [0mBSON parser: debug .
[0m[95m [1776432885.347526] BSON Message: [0mBSON parser: debug . 0 dev 
[0m[95m [1776432885.347533] BSON Parser: [0mBSON parser: return. 46 length document has 46 bytes.
[0m[95m [1776432885.347539] BSON Parser: [0mBSON parser: return. 165 length document has 165 bytes.
[0m[95m [1776432885.347545] Transport: [0mComing to handle fragmentation 2
[0m[91m [1776432885.347551] Client: [0m---before writing in log upd_msg->seq_no= 67
[91m [1776432885.347556] Client: [0m---before writing in log upd_msg->type= 4
[91m [1776432885.347561] Client: [0m---before writing in log upd_msg->frag_no= 0
[91m [1776432885.347565] Client: [0m---before writing in log upd_msg->reliable= 0
[91m [1776432885.347569] Client: [0m---before writing in log upd_msg->data.sensor_type= 2
[91m [1776432885.347574] Client: [0m---before writing in log upd_msg->data.sid= device_0
[91m [1776432885.347580] Client: [0m---after writing in log upd_msg->seq_no = 67
[91m [1776432885.347584] Client: [0m---after writing in log upd_msg->data.sensor_type = 2
[91m [1776432885.347588] Client: [0m---after writing in log upd_msg->reliable = 0
[95m [1776432886.495195] Transport: [0mReceived 165 bytes
[0m[95m [1776432886.495206] BSON Parser: [0mParsing client packet
[0m[95m [1776432886.495211] BSON Parser: [0mDocument length: 165 bytes
[0m[95m [1776432886.495218] BSON Parser: [0mBSON parser: type: '16' key: 'type'
[0m[95m [1776432886.495224] BSON Parser: [0mBSON parser: int32:
[0m[95m [1776432886.495229] BSON Parser: [0m4
[0m[95m [1776432886.495241] BSON Parser: [0mBSON parser: type: '8' key: 'reliable'
[0m[95m [1776432886.495247] BSON Parser: [0mBSON parser: boolean false
[0m[95m [1776432886.495252] BSON Message: [0mBSON parser: debug .
[0m[95m [1776432886.495258] BSON Message: [0mBSON parser: debug . 0 reliable 
[0m[95m [1776432886.495263] BSON Parser: [0mBSON parser: type: '16' key: 'seq_no'
[0m[95m [1776432886.495269] BSON Parser: [0mBSON parser: int32:
[0m[95m [1776432886.495274] BSON Parser: [0m68
[0m[95m [1776432886.495280] BSON Parser: [0mBSON parser: type: '8' key: 'end_marker'
[0m[95m [1776432886.495286] BSON Parser: [0mBSON parser: boolean true
[0m[95m [1776432886.495291] BSON Message: [0mBSON parser: debug .
[0m[95m [1776432886.495297] BSON Message: [0mBSON parser: debug . 0 end_marker 
[0m[95m [1776432886.495303] BSON Parser: [0mBSON parser: type: '8' key: 'fragmented'
[0m[95m [1776432886.495309] BSON Parser: [0mBSON parser: boolean false
[0m[95m [1776432886.495315] BSON Message: [0mBSON parser: debug .
[0m[95m [1776432886.495320] BSON Message: [0mBSON parser: debug . 0 fragmented 
[0m[95m [1776432886.495326] BSON Parser: [0mBSON parser: type: '8' key: 'utilize_timestamp'
[0m[95m [1776432886.495333] BSON Parser: [0mBSON parser: boolean false
[0m[95m [1776432886.495337] BSON Message: [0mBSON parser: debug .
[0m[95m [1776432886.495342] BSON Message: [0mBSON parser: debug . 0 utilize_timestamp 
[0m[95m [1776432886.495346] BSON Parser: [0mBSON parser: type: '16' key: 'frag_no'
[0m[95m [1776432886.495351] BSON Parser: [0mBSON parser: int32:
[0m[95m [1776432886.495356] BSON Parser: [0m0
[0m[95m [1776432886.495361] BSON Parser: [0mBSON parser: type: '16' key: 'frag_total'
[0m[95m [1776432886.495365] BSON Parser: [0mBSON parser: int32:
[0m[95m [1776432886.495369] BSON Parser: [0m1
[0m[95m [1776432886.495374] BSON Parser: [0mBSON parser: type: '3' key: 'data'
[0m[95m [1776432886.495378] BSON Parser: [0mBSON parser: object
[0m[95m [1776432886.495383] BSON Parser: [0mParsing client packet
[0m[95m [1776432886.495387] BSON Parser: [0mDocument length: 46 bytes
[0m[95m [1776432886.495391] BSON Parser: [0mBSON parser: type: '16' key: 'sensor_type'
[0m[95m [1776432886.495396] BSON Parser: [0mBSON parser: int32:
[0m[95m [1776432886.495400] BSON Parser: [0m2
[0m[91m [1776432886.495405] BSON Message: [0mInside sensor type parsing.
[91m [1776432886.495408] BSON Message: [0mInside sensor type parsing end.
[95m [1776432886.495411] BSON Parser: [0mBSON parser: type: '2' key: 'sid'
[0m[95m [1776432886.495416] BSON Parser: [0mBSON parser: string
[0m[95m [1776432886.495420] BSON Parser: [0mBSON parser: 8 'device_0'
[0m[91m [1776432886.495424] BSON Message: [0mInside sid parsing
[95m [1776432886.495428] BSON Parser: [0mBSON parser: type: '8' key: 'dev'
[0m[95m [1776432886.495432] BSON Parser: [0mBSON parser: boolean false
[0m[95m [1776432886.495436] BSON Message: [0mBSON parser: debug .
[0m[95m [1776432886.495441] BSON Message: [0mBSON parser: debug . 0 dev 
[0m[95m [1776432886.495445] BSON Parser: [0mBSON parser: return. 46 length document has 46 bytes.
[0m[95m [1776432886.495450] BSON Parser: [0mBSON parser: return. 165 length document has 165 bytes.
[0m[95m [1776432886.495455] Transport: [0mComing to handle fragmentation 2
[0m[91m [1776432886.495460] Client: [0m---before writing in log upd_msg->seq_no= 68
[91m [1776432886.495464] Client: [0m---before writing in log upd_msg->type= 4
[91m [1776432886.495467] Client: [0m---before writing in log upd_msg->frag_no= 0
[91m [1776432886.495470] Client: [0m---before writing in log upd_msg->reliable= 0
[91m [1776432886.495473] Client: [0m---before writing in log upd_msg->data.sensor_type= 2
[91m [1776432886.495477] Client: [0m---before writing in log upd_msg->data.sid= device_0
[91m [1776432886.495481] Client: [0m---after writing in log upd_msg->seq_no = 68
[91m [1776432886.495484] Client: [0m---after writing in log upd_msg->data.sensor_type = 2
[91m [1776432886.495490] Client: [0m---after writing in log upd_msg->reliable = 0
[95m [1776432887.699076] Transport: [0mReceived 165 bytes
[0m[95m [1776432887.699087] BSON Parser: [0mParsing client packet
[0m[95m [1776432887.699092] BSON Parser: [0mDocument length: 165 bytes
[0m[95m [1776432887.699099] BSON Parser: [0mBSON parser: type: '16' key: 'type'
[0m[95m [1776432887.699104] BSON Parser: [0mBSON parser: int32:
[0m[95m [1776432887.699112] BSON Parser: [0m4
[0m[95m [1776432887.699118] BSON Parser: [0mBSON parser: type: '8' key: 'reliable'
[0m[95m [1776432887.699123] BSON Parser: [0mBSON parser: boolean false
[0m[95m [1776432887.699129] BSON Message: [0mBSON parser: debug .
[0m[95m [1776432887.699134] BSON Message: [0mBSON parser: debug . 0 reliable 
[0m[95m [1776432887.699140] BSON Parser: [0mBSON parser: type: '16' key: 'seq_no'
[0m[95m [1776432887.699146] BSON Parser: [0mBSON parser: int32:
[0m[95m [1776432887.699151] BSON Parser: [0m69
[0m[95m [1776432887.699157] BSON Parser: [0mBSON parser: type: '8' key: 'end_marker'
[0m[95m [1776432887.699163] BSON Parser: [0mBSON parser: boolean true
[0m[95m [1776432887.699168] BSON Message: [0mBSON parser: debug .
[0m[95m [1776432887.699174] BSON Message: [0mBSON parser: debug . 0 end_marker 
[0m[95m [1776432887.699180] BSON Parser: [0mBSON parser: type: '8' key: 'fragmented'
[0m[95m [1776432887.699186] BSON Parser: [0mBSON parser: boolean false
[0m[95m [1776432887.699191] BSON Message: [0mBSON parser: debug .
[0m[95m [1776432887.699197] BSON Message: [0mBSON parser: debug . 0 fragmented 
[0m[95m [1776432887.699204] BSON Parser: [0mBSON parser: type: '8' key: 'utilize_timestamp'
[0m[95m [1776432887.699210] BSON Parser: [0mBSON parser: boolean false
[0m[95m [1776432887.699217] BSON Message: [0mBSON parser: debug .
[0m[95m [1776432887.699222] BSON Message: [0mBSON parser: debug . 0 utilize_timestamp 
[0m[95m [1776432887.699229] BSON Parser: [0mBSON parser: type: '16' key: 'frag_no'
[0m[95m [1776432887.699237] BSON Parser: [0mBSON parser: int32:
[0m[95m [1776432887.699243] BSON Parser: [0m0
[0m[95m [1776432887.699249] BSON Parser: [0mBSON parser: type: '16' key: 'frag_total'
[0m[95m [1776432887.699255] BSON Parser: [0mBSON parser: int32:
[0m[95m [1776432887.699261] BSON Parser: [0m1
[0m[95m [1776432887.699267] BSON Parser: [0mBSON parser: type: '3' key: 'data'
[0m[95m [1776432887.699273] BSON Parser: [0mBSON parser: object
[0m[95m [1776432887.699279] BSON Parser: [0mParsing client packet
[0m[95m [1776432887.699285] BSON Parser: [0mDocument length: 46 bytes
[0m[95m [1776432887.699291] BSON Parser: [0mBSON parser: type: '16' key: 'sensor_type'
[0m[95m [1776432887.699297] BSON Parser: [0mBSON parser: int32:
[0m[95m [1776432887.699304] BSON Parser: [0m2
[0m[91m [1776432887.699310] BSON Message: [0mInside sensor type parsing.
[91m [1776432887.699314] BSON Message: [0mInside sensor type parsing end.
[95m [1776432887.699319] BSON Parser: [0mBSON parser: type: '2' key: 'sid'
[0m[95m [1776432887.699325] BSON Parser: [0mBSON parser: string
[0m[95m [1776432887.699331] BSON Parser: [0mBSON parser: 8 'device_0'
[0m[91m [1776432887.699337] BSON Message: [0mInside sid parsing
[95m [1776432887.699341] BSON Parser: [0mBSON parser: type: '8' key: 'dev'
[0m[95m [1776432887.699347] BSON Parser: [0mBSON parser: boolean false
[0m[95m [1776432887.699354] BSON Message: [0mBSON parser: debug .
[0m[95m [1776432887.699360] BSON Message: [0mBSON parser: debug . 0 dev 
[0m[95m [1776432887.699368] BSON Parser: [0mBSON parser: return. 46 length document has 46 bytes.
[0m[95m [1776432887.699374] BSON Parser: [0mBSON parser: return. 165 length document has 165 bytes.
[0m[95m [1776432887.699381] Transport: [0mComing to handle fragmentation 2
[0m[91m [1776432887.699387] Client: [0m---before writing in log upd_msg->seq_no= 69
[91m [1776432887.699392] Client: [0m---before writing in log upd_msg->type= 4
[91m [1776432887.699397] Client: [0m---before writing in log upd_msg->frag_no= 0
[91m [1776432887.699406] Client: [0m---before writing in log upd_msg->reliable= 0
[91m [1776432887.699410] Client: [0m---before writing in log upd_msg->data.sensor_type= 2
[91m [1776432887.699414] Client: [0m---before writing in log upd_msg->data.sid= device_0
[91m [1776432887.699419] Client: [0m---after writing in log upd_msg->seq_no = 69
[91m [1776432887.699423] Client: [0m---after writing in log upd_msg->data.sensor_type = 2
[91m [1776432887.699427] Client: [0m---after writing in log upd_msg->reliable = 0
[95m [1776432888.552555] Transport: [0mReceived 165 bytes
[0m[95m [1776432888.552567] BSON Parser: [0mParsing client packet
[0m[95m [1776432888.552573] BSON Parser: [0mDocument length: 165 bytes
[0m[95m [1776432888.552579] BSON Parser: [0mBSON parser: type: '16' key: 'type'
[0m[95m [1776432888.552584] BSON Parser: [0mBSON parser: int32:
[0m[95m [1776432888.552590] BSON Parser: [0m4
[0m[95m [1776432888.552596] BSON Parser: [0mBSON parser: type: '8' key: 'reliable'
[0m[95m [1776432888.552601] BSON Parser: [0mBSON parser: boolean false
[0m[95m [1776432888.552607] BSON Message: [0mBSON parser: debug .
[0m[95m [1776432888.552613] BSON Message: [0mBSON parser: debug . 0 reliable 
[0m[95m [1776432888.552619] BSON Parser: [0mBSON parser: type: '16' key: 'seq_no'
[0m[95m [1776432888.552624] BSON Parser: [0mBSON parser: int32:
[0m[95m [1776432888.552632] BSON Parser: [0m70
[0m[95m [1776432888.552638] BSON Parser: [0mBSON parser: type: '8' key: 'end_marker'
[0m[95m [1776432888.552643] BSON Parser: [0mBSON parser: boolean true
[0m[95m [1776432888.552649] BSON Message: [0mBSON parser: debug .
[0m[95m [1776432888.552654] BSON Message: [0mBSON parser: debug . 0 end_marker 
[0m[95m [1776432888.552660] BSON Parser: [0mBSON parser: type: '8' key: 'fragmented'
[0m[95m [1776432888.552666] BSON Parser: [0mBSON parser: boolean false
[0m[95m [1776432888.552672] BSON Message: [0mBSON parser: debug .
[0m[95m [1776432888.552677] BSON Message: [0mBSON parser: debug . 0 fragmented 
[0m[95m [1776432888.552684] BSON Parser: [0mBSON parser: type: '8' key: 'utilize_timestamp'
[0m[95m [1776432888.552689] BSON Parser: [0mBSON parser: boolean false
[0m[95m [1776432888.552695] BSON Message: [0mBSON parser: debug .
[0m[95m [1776432888.552701] BSON Message: [0mBSON parser: debug . 0 utilize_timestamp 
[0m[95m [1776432888.552707] BSON Parser: [0mBSON parser: type: '16' key: 'frag_no'
[0m[95m [1776432888.552712] BSON Parser: [0mBSON parser: int32:
[0m[95m [1776432888.552718] BSON Parser: [0m0
[0m[95m [1776432888.552724] BSON Parser: [0mBSON parser: type: '16' key: 'frag_total'
[0m[95m [1776432888.552730] BSON Parser: [0mBSON parser: int32:
[0m[95m [1776432888.552735] BSON Parser: [0m1
[0m[95m [1776432888.552741] BSON Parser: [0mBSON parser: type: '3' key: 'data'
[0m[95m [1776432888.552748] BSON Parser: [0mBSON parser: object
[0m[95m [1776432888.552754] BSON Parser: [0mParsing client packet
[0m[95m [1776432888.552760] BSON Parser: [0mDocument length: 46 bytes
[0m[95m [1776432888.552767] BSON Parser: [0mBSON parser: type: '16' key: 'sensor_type'
[0m[95m [1776432888.552773] BSON Parser: [0mBSON parser: int32:
[0m[95m [1776432888.552780] BSON Parser: [0m2
[0m[91m [1776432888.552786] BSON Message: [0mInside sensor type parsing.
[91m [1776432888.552791] BSON Message: [0mInside sensor type parsing end.
[95m [1776432888.552796] BSON Parser: [0mBSON parser: type: '2' key: 'sid'
[0m[95m [1776432888.552803] BSON Parser: [0mBSON parser: string
[0m[95m [1776432888.552810] BSON Parser: [0mBSON parser: 8 'device_0'
[0m[91m [1776432888.552816] BSON Message: [0mInside sid parsing
[95m [1776432888.552819] BSON Parser: [0mBSON parser: type: '8' key: 'dev'
[0m[95m [1776432888.552825] BSON Parser: [0mBSON parser: boolean true
[0m[95m [1776432888.552832] BSON Message: [0mBSON parser: debug .
[0m[95m [1776432888.552838] BSON Message: [0mBSON parser: debug . 0 dev 
[0m[95m [1776432888.552845] BSON Parser: [0mBSON parser: return. 46 length document has 46 bytes.
[0m[95m [1776432888.552854] BSON Parser: [0mBSON parser: return. 165 length document has 165 bytes.
[0m[95m [1776432888.552860] Transport: [0mComing to handle fragmentation 2
[0m[91m [1776432888.552866] Client: [0m---before writing in log upd_msg->seq_no= 70
[91m [1776432888.552870] Client: [0m---before writing in log upd_msg->type= 4
[91m [1776432888.552874] Client: [0m---before writing in log upd_msg->frag_no= 0
[91m [1776432888.552878] Client: [0m---before writing in log upd_msg->reliable= 0
[91m [1776432888.552882] Client: [0m---before writing in log upd_msg->data.sensor_type= 2
[91m [1776432888.552886] Client: [0m---before writing in log upd_msg->data.sid= device_0
[91m [1776432888.552891] Client: [0m---after writing in log upd_msg->seq_no = 70
[91m [1776432888.552895] Client: [0m---after writing in log upd_msg->data.sensor_type = 2
[91m [1776432888.552899] Client: [0m---after writing in log upd_msg->reliable = 0
[95m [1776432888.783645] Client: [0mTimeout reached, sending keep_alive.
[0m[95m [1776432889.478952] Transport: [0mReceived 165 bytes
[0m[95m [1776432889.478969] BSON Parser: [0mParsing client packet
[0m[95m [1776432889.478977] BSON Parser: [0mDocument length: 165 bytes
[0m[95m [1776432889.478984] BSON Parser: [0mBSON parser: type: '16' key: 'type'
[0m[95m [1776432889.478991] BSON Parser: [0mBSON parser: int32:
[0m[95m [1776432889.478998] BSON Parser: [0m4
[0m[95m [1776432889.479014] BSON Parser: [0mBSON parser: type: '8' key: 'reliable'
[0m[95m [1776432889.479025] BSON Parser: [0mBSON parser: boolean false
[0m[95m [1776432889.479032] BSON Message: [0mBSON parser: debug .
[0m[95m [1776432889.479039] BSON Message: [0mBSON parser: debug . 0 reliable 
[0m[95m [1776432889.479050] BSON Parser: [0mBSON parser: type: '16' key: 'seq_no'
[0m[95m [1776432889.479057] BSON Parser: [0mBSON parser: int32:
[0m[95m [1776432889.479064] BSON Parser: [0m71
[0m[95m [1776432889.479072] BSON Parser: [0mBSON parser: type: '8' key: 'end_marker'
[0m[95m [1776432889.479079] BSON Parser: [0mBSON parser: boolean true
[0m[95m [1776432889.479087] BSON Message: [0mBSON parser: debug .
[0m[95m [1776432889.479094] BSON Message: [0mBSON parser: debug . 0 end_marker 
[0m[95m [1776432889.479102] BSON Parser: [0mBSON parser: type: '8' key: 'fragmented'
[0m[95m [1776432889.479109] BSON Parser: [0mBSON parser: boolean false
[0m[95m [1776432889.479117] BSON Message: [0mBSON parser: debug .
[0m[95m [1776432889.479124] BSON Message: [0mBSON parser: debug . 0 fragmented 
[0m[95m [1776432889.479132] BSON Parser: [0mBSON parser: type: '8' key: 'utilize_timestamp'
[0m[95m [1776432889.479139] BSON Parser: [0mBSON parser: boolean false
[0m[95m [1776432889.479146] BSON Message: [0mBSON parser: debug .
[0m[95m [1776432889.479154] BSON Message: [0mBSON parser: debug . 0 utilize_timestamp 
[0m[95m [1776432889.479162] BSON Parser: [0mBSON parser: type: '16' key: 'frag_no'
[0m[95m [1776432889.479169] BSON Parser: [0mBSON parser: int32:
[0m[95m [1776432889.479176] BSON Parser: [0m0
[0m[95m [1776432889.479182] BSON Parser: [0mBSON parser: type: '16' key: 'frag_total'
[0m[95m [1776432889.479188] BSON Parser: [0mBSON parser: int32:
[0m[95m [1776432889.479194] BSON Parser: [0m1
[0m[95m [1776432889.479203] BSON Parser: [0mBSON parser: type: '3' key: 'data'
[0m[95m [1776432889.479209] BSON Parser: [0mBSON parser: object
[0m[95m [1776432889.479215] BSON Parser: [0mParsing client packet
[0m[95m [1776432889.479221] BSON Parser: [0mDocument length: 46 bytes
[0m[95m [1776432889.479227] BSON Parser: [0mBSON parser: type: '16' key: 'sensor_type'
[0m[95m [1776432889.479233] BSON Parser: [0mBSON parser: int32:
[0m[95m [1776432889.479239] BSON Parser: [0m2
[0m[91m [1776432889.479245] BSON Message: [0mInside sensor type parsing.
[91m [1776432889.479249] BSON Message: [0mInside sensor type parsing end.
[95m [1776432889.479253] BSON Parser: [0mBSON parser: type: '2' key: 'sid'
[0m[95m [1776432889.479264] BSON Parser: [0mBSON parser: string
[0m[95m [1776432889.479270] BSON Parser: [0mBSON parser: 8 'device_0'
[0m[91m [1776432889.479275] BSON Message: [0mInside sid parsing
[95m [1776432889.479280] BSON Parser: [0mBSON parser: type: '8' key: 'dev'
[0m[95m [1776432889.479285] BSON Parser: [0mBSON parser: boolean false
[0m[95m [1776432889.479291] BSON Message: [0mBSON parser: debug .
[0m[95m [1776432889.479297] BSON Message: [0mBSON parser: debug . 0 dev 
[0m[95m [1776432889.479303] BSON Parser: [0mBSON parser: return. 46 length document has 46 bytes.
[0m[95m [1776432889.479309] BSON Parser: [0mBSON parser: return. 165 length document has 165 bytes.
[0m[95m [1776432889.479315] Transport: [0mComing to handle fragmentation 2
[0m[91m [1776432889.479323] Client: [0m---before writing in log upd_msg->seq_no= 71
[91m [1776432889.479327] Client: [0m---before writing in log upd_msg->type= 4
[91m [1776432889.479331] Client: [0m---before writing in log upd_msg->frag_no= 0
[91m [1776432889.479335] Client: [0m---before writing in log upd_msg->reliable= 0
[91m [1776432889.479341] Client: [0m---before writing in log upd_msg->data.sensor_type= 2
[91m [1776432889.479344] Client: [0m---before writing in log upd_msg->data.sid= device_0
[91m [1776432889.479349] Client: [0m---after writing in log upd_msg->seq_no = 71
[91m [1776432889.479353] Client: [0m---after writing in log upd_msg->data.sensor_type = 2
[91m [1776432889.479357] Client: [0m---after writing in log upd_msg->reliable = 0
[95m [1776432889.694753] Transport: [0mReceived 165 bytes
[0m[95m [1776432889.694769] BSON Parser: [0mParsing client packet
[0m[95m [1776432889.694776] BSON Parser: [0mDocument length: 165 bytes
[0m[95m [1776432889.694783] BSON Parser: [0mBSON parser: type: '16' key: 'type'
[0m[95m [1776432889.694790] BSON Parser: [0mBSON parser: int32:
[0m[95m [1776432889.694796] BSON Parser: [0m4
[0m[95m [1776432889.694803] BSON Parser: [0mBSON parser: type: '8' key: 'reliable'
[0m[95m [1776432889.694810] BSON Parser: [0mBSON parser: boolean false
[0m[95m [1776432889.694816] BSON Message: [0mBSON parser: debug .
[0m[95m [1776432889.694823] BSON Message: [0mBSON parser: debug . 0 reliable 
[0m[95m [1776432889.694829] BSON Parser: [0mBSON parser: type: '16' key: 'seq_no'
[0m[95m [1776432889.694837] BSON Parser: [0mBSON parser: int32:
[0m[95m [1776432889.694843] BSON Parser: [0m72
[0m[95m [1776432889.694850] BSON Parser: [0mBSON parser: type: '8' key: 'end_marker'
[0m[95m [1776432889.694856] BSON Parser: [0mBSON parser: boolean true
[0m[95m [1776432889.694863] BSON Message: [0mBSON parser: debug .
[0m[95m [1776432889.694870] BSON Message: [0mBSON parser: debug . 0 end_marker 
[0m[95m [1776432889.694876] BSON Parser: [0mBSON parser: type: '8' key: 'fragmented'
[0m[95m [1776432889.694882] BSON Parser: [0mBSON parser: boolean false
[0m[95m [1776432889.694889] BSON Message: [0mBSON parser: debug .
[0m[95m [1776432889.694896] BSON Message: [0mBSON parser: debug . 0 fragmented 
[0m[95m [1776432889.694903] BSON Parser: [0mBSON parser: type: '8' key: 'utilize_timestamp'
[0m[95m [1776432889.694911] BSON Parser: [0mBSON parser: boolean false
[0m[95m [1776432889.694917] BSON Message: [0mBSON parser: debug .
[0m[95m [1776432889.694923] BSON Message: [0mBSON parser: debug . 0 utilize_timestamp 
[0m[95m [1776432889.694930] BSON Parser: [0mBSON parser: type: '16' key: 'frag_no'
[0m[95m [1776432889.694937] BSON Parser: [0mBSON parser: int32:
[0m[95m [1776432889.694942] BSON Parser: [0m0
[0m[95m [1776432889.694949] BSON Parser: [0mBSON parser: type: '16' key: 'frag_total'
[0m[95m [1776432889.694955] BSON Parser: [0mBSON parser: int32:
[0m[95m [1776432889.694961] BSON Parser: [0m1
[0m[95m [1776432889.694967] BSON Parser: [0mBSON parser: type: '3' key: 'data'
[0m[95m [1776432889.694974] BSON Parser: [0mBSON parser: object
[0m[95m [1776432889.694980] BSON Parser: [0mParsing client packet
[0m[95m [1776432889.694987] BSON Parser: [0mDocument length: 46 bytes
[0m[95m [1776432889.694997] BSON Parser: [0mBSON parser: type: '16' key: 'sensor_type'
[0m[95m [1776432889.695004] BSON Parser: [0mBSON parser: int32:
[0m[95m [1776432889.695021] BSON Parser: [0m2
[0m[91m [1776432889.695029] BSON Message: [0mInside sensor type parsing.
[91m [1776432889.695033] BSON Message: [0mInside sensor type parsing end.
[95m [1776432889.695038] BSON Parser: [0mBSON parser: type: '2' key: 'sid'
[0m[95m [1776432889.695044] BSON Parser: [0mBSON parser: string
[0m[95m [1776432889.695050] BSON Parser: [0mBSON parser: 8 'device_0'
[0m[91m [1776432889.695057] BSON Message: [0mInside sid parsing
[95m [1776432889.695064] BSON Parser: [0mBSON parser: type: '8' key: 'dev'
[0m[95m [1776432889.695071] BSON Parser: [0mBSON parser: boolean false
[0m[95m [1776432889.695078] BSON Message: [0mBSON parser: debug .
[0m[95m [1776432889.695084] BSON Message: [0mBSON parser: debug . 0 dev 
[0m[95m [1776432889.695090] BSON Parser: [0mBSON parser: return. 46 length document has 46 bytes.
[0m[95m [1776432889.695097] BSON Parser: [0mBSON parser: return. 165 length document has 165 bytes.
[0m[95m [1776432889.695103] Transport: [0mComing to handle fragmentation 2
[0m[91m [1776432889.695110] Client: [0m---before writing in log upd_msg->seq_no= 72
[91m [1776432889.695115] Client: [0m---before writing in log upd_msg->type= 4
[91m [1776432889.695119] Client: [0m---before writing in log upd_msg->frag_no= 0
[91m [1776432889.695124] Client: [0m---before writing in log upd_msg->reliable= 0
[91m [1776432889.695129] Client: [0m---before writing in log upd_msg->data.sensor_type= 2
[91m [1776432889.695133] Client: [0m---before writing in log upd_msg->data.sid= device_0
[91m [1776432889.695137] Client: [0m---after writing in log upd_msg->seq_no = 72
[91m [1776432889.695142] Client: [0m---after writing in log upd_msg->data.sensor_type = 2
[91m [1776432889.695146] Client: [0m---after writing in log upd_msg->reliable = 0
[95m [1776432892.615957] Transport: [0mReceived 165 bytes
[0m[95m [1776432892.615969] BSON Parser: [0mParsing client packet
[0m[95m [1776432892.615975] BSON Parser: [0mDocument length: 165 bytes
[0m[95m [1776432892.615981] BSON Parser: [0mBSON parser: type: '16' key: 'type'
[0m[95m [1776432892.615987] BSON Parser: [0mBSON parser: int32:
[0m[95m [1776432892.615995] BSON Parser: [0m4
[0m[95m [1776432892.616002] BSON Parser: [0mBSON parser: type: '8' key: 'reliable'
[0m[95m [1776432892.616081] BSON Parser: [0mBSON parser: boolean false
[0m[95m [1776432892.616094] BSON Message: [0mBSON parser: debug .
[0m[95m [1776432892.616101] BSON Message: [0mBSON parser: debug . 0 reliable 
[0m[95m [1776432892.616108] BSON Parser: [0mBSON parser: type: '16' key: 'seq_no'
[0m[95m [1776432892.616116] BSON Parser: [0mBSON parser: int32:
[0m[95m [1776432892.616124] BSON Parser: [0m73
[0m[95m [1776432892.616132] BSON Parser: [0mBSON parser: type: '8' key: 'end_marker'
[0m[95m [1776432892.616139] BSON Parser: [0mBSON parser: boolean true
[0m[95m [1776432892.616145] BSON Message: [0mBSON parser: debug .
[0m[95m [1776432892.616150] BSON Message: [0mBSON parser: debug . 0 end_marker 
[0m[95m [1776432892.616159] BSON Parser: [0mBSON parser: type: '8' key: 'fragmented'
[0m[95m [1776432892.616165] BSON Parser: [0mBSON parser: boolean false
[0m[95m [1776432892.616171] BSON Message: [0mBSON parser: debug .
[0m[95m [1776432892.616178] BSON Message: [0mBSON parser: debug . 0 fragmented 
[0m[95m [1776432892.616184] BSON Parser: [0mBSON parser: type: '8' key: 'utilize_timestamp'
[0m[95m [1776432892.616192] BSON Parser: [0mBSON parser: boolean false
[0m[95m [1776432892.616200] BSON Message: [0mBSON parser: debug .
[0m[95m [1776432892.616206] BSON Message: [0mBSON parser: debug . 0 utilize_timestamp 
[0m[95m [1776432892.616214] BSON Parser: [0mBSON parser: type: '16' key: 'frag_no'
[0m[95m [1776432892.616223] BSON Parser: [0mBSON parser: int32:
[0m[95m [1776432892.616230] BSON Parser: [0m0
[0m[95m [1776432892.616242] BSON Parser: [0mBSON parser: type: '16' key: 'frag_total'
[0m[95m [1776432892.616250] BSON Parser: [0mBSON parser: int32:
[0m[95m [1776432892.616257] BSON Parser: [0m1
[0m[95m [1776432892.616264] BSON Parser: [0mBSON parser: type: '3' key: 'data'
[0m[95m [1776432892.616271] BSON Parser: [0mBSON parser: object
[0m[95m [1776432892.616279] BSON Parser: [0mParsing client packet
[0m[95m [1776432892.616285] BSON Parser: [0mDocument length: 46 bytes
[0m[95m [1776432892.616292] BSON Parser: [0mBSON parser: type: '16' key: 'sensor_type'
[0m[95m [1776432892.616297] BSON Parser: [0mBSON parser: int32:
[0m[95m [1776432892.616302] BSON Parser: [0m2
[0m[91m [1776432892.616306] BSON Message: [0mInside sensor type parsing.
[91m [1776432892.616310] BSON Message: [0mInside sensor type parsing end.
[95m [1776432892.616313] BSON Parser: [0mBSON parser: type: '2' key: 'sid'
[0m[95m [1776432892.616318] BSON Parser: [0mBSON parser: string
[0m[95m [1776432892.616322] BSON Parser: [0mBSON parser: 8 'device_0'
[0m[91m [1776432892.616327] BSON Message: [0mInside sid parsing
[95m [1776432892.616330] BSON Parser: [0mBSON parser: type: '8' key: 'dev'
[0m[95m [1776432892.616334] BSON Parser: [0mBSON parser: boolean false
[0m[95m [1776432892.616339] BSON Message: [0mBSON parser: debug .
[0m[95m [1776432892.616343] BSON Message: [0mBSON parser: debug . 0 dev 
[0m[95m [1776432892.616350] BSON Parser: [0mBSON parser: return. 46 length document has 46 bytes.
[0m[95m [1776432892.616355] BSON Parser: [0mBSON parser: return. 165 length document has 165 bytes.
[0m[95m [1776432892.616359] Transport: [0mComing to handle fragmentation 2
[0m[91m [1776432892.616364] Client: [0m---before writing in log upd_msg->seq_no= 73
[91m [1776432892.616368] Client: [0m---before writing in log upd_msg->type= 4
[91m [1776432892.616371] Client: [0m---before writing in log upd_msg->frag_no= 0
[91m [1776432892.616374] Client: [0m---before writing in log upd_msg->reliable= 0
[91m [1776432892.616377] Client: [0m---before writing in log upd_msg->data.sensor_type= 2
[91m [1776432892.616380] Client: [0m---before writing in log upd_msg->data.sid= device_0
[91m [1776432892.616384] Client: [0m---after writing in log upd_msg->seq_no = 73
[91m [1776432892.616387] Client: [0m---after writing in log upd_msg->data.sensor_type = 2
[91m [1776432892.616390] Client: [0m---after writing in log upd_msg->reliable = 0
[95m [1776432893.787031] Client: [0mTimeout reached, sending keep_alive.
[0m[95m [1776432893.860560] Transport: [0mReceived 165 bytes
[0m[95m [1776432893.860585] BSON Parser: [0mParsing client packet
[0m[95m [1776432893.860615] BSON Parser: [0mDocument length: 165 bytes
[0m[95m [1776432893.860631] BSON Parser: [0mBSON parser: type: '16' key: 'type'
[0m[95m [1776432893.860668] BSON Parser: [0mBSON parser: int32:
[0m[95m [1776432893.860687] BSON Parser: [0m4
[0m[95m [1776432893.860697] BSON Parser: [0mBSON parser: type: '8' key: 'reliable'
[0m[95m [1776432893.860737] BSON Parser: [0mBSON parser: boolean false
[0m[95m [1776432893.860752] BSON Message: [0mBSON parser: debug .
[0m[95m [1776432893.860761] BSON Message: [0mBSON parser: debug . 0 reliable 
[0m[95m [1776432893.860770] BSON Parser: [0mBSON parser: type: '16' key: 'seq_no'
[0m[95m [1776432893.860780] BSON Parser: [0mBSON parser: int32:
[0m[95m [1776432893.860789] BSON Parser: [0m74
[0m[95m [1776432893.860797] BSON Parser: [0mBSON parser: type: '8' key: 'end_marker'
[0m[95m [1776432893.860805] BSON Parser: [0mBSON parser: boolean true
[0m[95m [1776432893.860812] BSON Message: [0mBSON parser: debug .
[0m[95m [1776432893.860820] BSON Message: [0mBSON parser: debug . 0 end_marker 
[0m[95m [1776432893.860827] BSON Parser: [0mBSON parser: type: '8' key: 'fragmented'
[0m[95m [1776432893.860834] BSON Parser: [0mBSON parser: boolean false
[0m[95m [1776432893.860841] BSON Message: [0mBSON parser: debug .
[0m[95m [1776432893.860848] BSON Message: [0mBSON parser: debug . 0 fragmented 
[0m[95m [1776432893.860857] BSON Parser: [0mBSON parser: type: '8' key: 'utilize_timestamp'
[0m[95m [1776432893.860865] BSON Parser: [0mBSON parser: boolean false
[0m[95m [1776432893.860872] BSON Message: [0mBSON parser: debug .
[0m[95m [1776432893.860879] BSON Message: [0mBSON parser: debug . 0 utilize_timestamp 
[0m[95m [1776432893.860884] BSON Parser: [0mBSON parser: type: '16' key: 'frag_no'
[0m[95m [1776432893.860889] BSON Parser: [0mBSON parser: int32:
[0m[95m [1776432893.860894] BSON Parser: [0m0
[0m[95m [1776432893.860898] BSON Parser: [0mBSON parser: type: '16' key: 'frag_total'
[0m[95m [1776432893.860903] BSON Parser: [0mBSON parser: int32:
[0m[95m [1776432893.860908] BSON Parser: [0m1
[0m[95m [1776432893.860913] BSON Parser: [0mBSON parser: type: '3' key: 'data'
[0m[95m [1776432893.860918] BSON Parser: [0mBSON parser: object
[0m[95m [1776432893.860924] BSON Parser: [0mParsing client packet
[0m[95m [1776432893.860930] BSON Parser: [0mDocument length: 46 bytes
[0m[95m [1776432893.860937] BSON Parser: [0mBSON parser: type: '16' key: 'sensor_type'
[0m[95m [1776432893.860943] BSON Parser: [0mBSON parser: int32:
[0m[95m [1776432893.860950] BSON Parser: [0m2
[0m[91m [1776432893.860957] BSON Message: [0mInside sensor type parsing.
[91m [1776432893.860961] BSON Message: [0mInside sensor type parsing end.
[95m [1776432893.860967] BSON Parser: [0mBSON parser: type: '2' key: 'sid'
[0m[95m [1776432893.860974] BSON Parser: [0mBSON parser: string
[0m[95m [1776432893.860981] BSON Parser: [0mBSON parser: 8 'device_0'
[0m[91m [1776432893.860988] BSON Message: [0mInside sid parsing
[95m [1776432893.860995] BSON Parser: [0mBSON parser: type: '8' key: 'dev'
[0m[95m [1776432893.861001] BSON Parser: [0mBSON parser: boolean false
[0m[95m [1776432893.861015] BSON Message: [0mBSON parser: debug .
[0m[95m [1776432893.861024] BSON Message: [0mBSON parser: debug . 0 dev 
[0m[95m [1776432893.861030] BSON Parser: [0mBSON parser: return. 46 length document has 46 bytes.
[0m[95m [1776432893.861036] BSON Parser: [0mBSON parser: return. 165 length document has 165 bytes.
[0m[95m [1776432893.861042] Transport: [0mComing to handle fragmentation 2
[0m[91m [1776432893.861048] Client: [0m---before writing in log upd_msg->seq_no= 74
[91m [1776432893.861052] Client: [0m---before writing in log upd_msg->type= 4
[91m [1776432893.861057] Client: [0m---before writing in log upd_msg->frag_no= 0
[91m [1776432893.861061] Client: [0m---before writing in log upd_msg->reliable= 0
[91m [1776432893.861065] Client: [0m---before writing in log upd_msg->data.sensor_type= 2
[91m [1776432893.861069] Client: [0m---before writing in log upd_msg->data.sid= device_0
[91m [1776432893.861074] Client: [0m---after writing in log upd_msg->seq_no = 74
[91m [1776432893.861078] Client: [0m---after writing in log upd_msg->data.sensor_type = 2
[91m [1776432893.861082] Client: [0m---after writing in log upd_msg->reliable = 0
[95m [1776432894.96377] Transport: [0mReceived 165 bytes
[0m[95m [1776432894.96389] BSON Parser: [0mParsing client packet
[0m[95m [1776432894.96395] BSON Parser: [0mDocument length: 165 bytes
[0m[95m [1776432894.96402] BSON Parser: [0mBSON parser: type: '16' key: 'type'
[0m[95m [1776432894.96408] BSON Parser: [0mBSON parser: int32:
[0m[95m [1776432894.96414] BSON Parser: [0m4
[0m[95m [1776432894.96420] BSON Parser: [0mBSON parser: type: '8' key: 'reliable'
[0m[95m [1776432894.96426] BSON Parser: [0mBSON parser: boolean false
[0m[95m [1776432894.96432] BSON Message: [0mBSON parser: debug .
[0m[95m [1776432894.96438] BSON Message: [0mBSON parser: debug . 0 reliable 
[0m[95m [1776432894.96444] BSON Parser: [0mBSON parser: type: '16' key: 'seq_no'
[0m[95m [1776432894.96449] BSON Parser: [0mBSON parser: int32:
[0m[95m [1776432894.96455] BSON Parser: [0m75
[0m[95m [1776432894.96461] BSON Parser: [0mBSON parser: type: '8' key: 'end_marker'
[0m[95m [1776432894.96467] BSON Parser: [0mBSON parser: boolean true
[0m[95m [1776432894.96478] BSON Message: [0mBSON parser: debug .
[0m[95m [1776432894.96483] BSON Message: [0mBSON parser: debug . 0 end_marker 
[0m[95m [1776432894.96489] BSON Parser: [0mBSON parser: type: '8' key: 'fragmented'
[0m[95m [1776432894.96495] BSON Parser: [0mBSON parser: boolean false
[0m[95m [1776432894.96500] BSON Message: [0mBSON parser: debug .
[0m[95m [1776432894.96506] BSON Message: [0mBSON parser: debug . 0 fragmented 
[0m[95m [1776432894.96512] BSON Parser: [0mBSON parser: type: '8' key: 'utilize_timestamp'
[0m[95m [1776432894.96521] BSON Parser: [0mBSON parser: boolean false
[0m[95m [1776432894.96527] BSON Message: [0mBSON parser: debug .
[0m[95m [1776432894.96532] BSON Message: [0mBSON parser: debug . 0 utilize_timestamp 
[0m[95m [1776432894.96538] BSON Parser: [0mBSON parser: type: '16' key: 'frag_no'
[0m[95m [1776432894.96543] BSON Parser: [0mBSON parser: int32:
[0m[95m [1776432894.96549] BSON Parser: [0m0
[0m[95m [1776432894.96555] BSON Parser: [0mBSON parser: type: '16' key: 'frag_total'
[0m[95m [1776432894.96561] BSON Parser: [0mBSON parser: int32:
[0m[95m [1776432894.96567] BSON Parser: [0m1
[0m[95m [1776432894.96573] BSON Parser: [0mBSON parser: type: '3' key: 'data'
[0m[95m [1776432894.96579] BSON Parser: [0mBSON parser: object
[0m[95m [1776432894.96585] BSON Parser: [0mParsing client packet
[0m[95m [1776432894.96590] BSON Parser: [0mDocument length: 46 bytes
[0m[95m [1776432894.96596] BSON Parser: [0mBSON parser: type: '16' key: 'sensor_type'
[0m[95m [1776432894.96603] BSON Parser: [0mBSON parser: int32:
[0m[95m [1776432894.96608] BSON Parser: [0m2
[0m[91m [1776432894.96614] BSON Message: [0mInside sensor type parsing.
[91m [1776432894.96619] BSON Message: [0mInside sensor type parsing end.
[95m [1776432894.96623] BSON Parser: [0mBSON parser: type: '2' key: 'sid'
[0m[95m [1776432894.96628] BSON Parser: [0mBSON parser: string
[0m[95m [1776432894.96634] BSON Parser: [0mBSON parser: 8 'device_0'
[0m[91m [1776432894.96640] BSON Message: [0mInside sid parsing
[95m [1776432894.96644] BSON Parser: [0mBSON parser: type: '8' key: 'dev'
[0m[95m [1776432894.96651] BSON Parser: [0mBSON parser: boolean true
[0m[95m [1776432894.96657] BSON Message: [0mBSON parser: debug .
[0m[95m [1776432894.96662] BSON Message: [0mBSON parser: debug . 0 dev 
[0m[95m [1776432894.96668] BSON Parser: [0mBSON parser: return. 46 length document has 46 bytes.
[0m[95m [1776432894.96673] BSON Parser: [0mBSON parser: return. 165 length document has 165 bytes.
[0m[95m [1776432894.96679] Transport: [0mComing to handle fragmentation 2
[0m[91m [1776432894.96686] Client: [0m---before writing in log upd_msg->seq_no= 75
[91m [1776432894.96690] Client: [0m---before writing in log upd_msg->type= 4
[91m [1776432894.96694] Client: [0m---before writing in log upd_msg->frag_no= 0
[91m [1776432894.96698] Client: [0m---before writing in log upd_msg->reliable= 0
[91m [1776432894.96701] Client: [0m---before writing in log upd_msg->data.sensor_type= 2
[91m [1776432894.96705] Client: [0m---before writing in log upd_msg->data.sid= device_0
[91m [1776432894.96710] Client: [0m---after writing in log upd_msg->seq_no = 75
[91m [1776432894.96714] Client: [0m---after writing in log upd_msg->data.sensor_type = 2
[91m [1776432894.96718] Client: [0m---after writing in log upd_msg->reliable = 0
[95m [1776432894.432630] Transport: [0mReceived 165 bytes
[0m[95m [1776432894.432644] BSON Parser: [0mParsing client packet
[0m[95m [1776432894.432718] BSON Parser: [0mDocument length: 165 bytes
[0m[95m [1776432894.432728] BSON Parser: [0mBSON parser: type: '16' key: 'type'
[0m[95m [1776432894.432735] BSON Parser: [0mBSON parser: int32:
[0m[95m [1776432894.432742] BSON Parser: [0m4
[0m[95m [1776432894.432750] BSON Parser: [0mBSON parser: type: '8' key: 'reliable'
[0m[95m [1776432894.432757] BSON Parser: [0mBSON parser: boolean false
[0m[95m [1776432894.432763] BSON Message: [0mBSON parser: debug .
[0m[95m [1776432894.432774] BSON Message: [0mBSON parser: debug . 0 reliable 
[0m[95m [1776432894.432781] BSON Parser: [0mBSON parser: type: '16' key: 'seq_no'
[0m[95m [1776432894.432787] BSON Parser: [0mBSON parser: int32:
[0m[95m [1776432894.432794] BSON Parser: [0m76
[0m[95m [1776432894.432800] BSON Parser: [0mBSON parser: type: '8' key: 'end_marker'
[0m[95m [1776432894.432806] BSON Parser: [0mBSON parser: boolean true
[0m[95m [1776432894.432812] BSON Message: [0mBSON parser: debug .
[0m[95m [1776432894.432818] BSON Message: [0mBSON parser: debug . 0 end_marker 
[0m[95m [1776432894.432824] BSON Parser: [0mBSON parser: type: '8' key: 'fragmented'
[0m[95m [1776432894.432832] BSON Parser: [0mBSON parser: boolean false
[0m[95m [1776432894.432838] BSON Message: [0mBSON parser: debug .
[0m[95m [1776432894.432845] BSON Message: [0mBSON parser: debug . 0 fragmented 
[0m[95m [1776432894.432851] BSON Parser: [0mBSON parser: type: '8' key: 'utilize_timestamp'
[0m[95m [1776432894.432857] BSON Parser: [0mBSON parser: boolean false
[0m[95m [1776432894.432864] BSON Message: [0mBSON parser: debug .
[0m[95m [1776432894.432872] BSON Message: [0mBSON parser: debug . 0 utilize_timestamp 
[0m[95m [1776432894.432878] BSON Parser: [0mBSON parser: type: '16' key: 'frag_no'
[0m[95m [1776432894.432884] BSON Parser: [0mBSON parser: int32:
[0m[95m [1776432894.432890] BSON Parser: [0m0
[0m[95m [1776432894.432897] BSON Parser: [0mBSON parser: type: '16' key: 'frag_total'
[0m[95m [1776432894.432904] BSON Parser: [0mBSON parser: int32:
[0m[95m [1776432894.432910] BSON Parser: [0m1
[0m[95m [1776432894.432916] BSON Parser: [0mBSON parser: type: '3' key: 'data'
[0m[95m [1776432894.432922] BSON Parser: [0mBSON parser: object
[0m[95m [1776432894.432928] BSON Parser: [0mParsing client packet
[0m[95m [1776432894.432935] BSON Parser: [0mDocument length: 46 bytes
[0m[95m [1776432894.432943] BSON Parser: [0mBSON parser: type: '16' key: 'sensor_type'
[0m[95m [1776432894.432949] BSON Parser: [0mBSON parser: int32:
[0m[95m [1776432894.432957] BSON Parser: [0m2
[0m[91m [1776432894.432963] BSON Message: [0mInside sensor type parsing.
[91m [1776432894.432968] BSON Message: [0mInside sensor type parsing end.
[95m [1776432894.432973] BSON Parser: [0mBSON parser: type: '2' key: 'sid'
[0m[95m [1776432894.432980] BSON Parser: [0mBSON parser: string
[0m[95m [1776432894.432986] BSON Parser: [0mBSON parser: 8 'device_0'
[0m[91m [1776432894.432993] BSON Message: [0mInside sid parsing
[95m [1776432894.432997] BSON Parser: [0mBSON parser: type: '8' key: 'dev'
[0m[95m [1776432894.433004] BSON Parser: [0mBSON parser: boolean true
[0m[95m [1776432894.433024] BSON Message: [0mBSON parser: debug .
[0m[95m [1776432894.433030] BSON Message: [0mBSON parser: debug . 0 dev 
[0m[95m [1776432894.433036] BSON Parser: [0mBSON parser: return. 46 length document has 46 bytes.
[0m[95m [1776432894.433043] BSON Parser: [0mBSON parser: return. 165 length document has 165 bytes.
[0m[95m [1776432894.433049] Transport: [0mComing to handle fragmentation 2
[0m[91m [1776432894.433057] Client: [0m---before writing in log upd_msg->seq_no= 76
[91m [1776432894.433061] Client: [0m---before writing in log upd_msg->type= 4
[91m [1776432894.433066] Client: [0m---before writing in log upd_msg->frag_no= 0
[91m [1776432894.433070] Client: [0m---before writing in log upd_msg->reliable= 0
[91m [1776432894.433074] Client: [0m---before writing in log upd_msg->data.sensor_type= 2
[91m [1776432894.433079] Client: [0m---before writing in log upd_msg->data.sid= device_0
[91m [1776432894.433084] Client: [0m---after writing in log upd_msg->seq_no = 76
[91m [1776432894.433088] Client: [0m---after writing in log upd_msg->data.sensor_type = 2
[91m [1776432894.433092] Client: [0m---after writing in log upd_msg->reliable = 0
[95m [1776432896.797944] Transport: [0mReceived 165 bytes
[0m[95m [1776432896.797956] BSON Parser: [0mParsing client packet
[0m[95m [1776432896.797962] BSON Parser: [0mDocument length: 165 bytes
[0m[95m [1776432896.797973] BSON Parser: [0mBSON parser: type: '16' key: 'type'
[0m[95m [1776432896.797979] BSON Parser: [0mBSON parser: int32:
[0m[95m [1776432896.797985] BSON Parser: [0m4
[0m[95m [1776432896.797992] BSON Parser: [0mBSON parser: type: '8' key: 'reliable'
[0m[95m [1776432896.797997] BSON Parser: [0mBSON parser: boolean false
[0m[95m [1776432896.798003] BSON Message: [0mBSON parser: debug .
[0m[95m [1776432896.798020] BSON Message: [0mBSON parser: debug . 0 reliable 
[0m[95m [1776432896.798026] BSON Parser: [0mBSON parser: type: '16' key: 'seq_no'
[0m[95m [1776432896.798032] BSON Parser: [0mBSON parser: int32:
[0m[95m [1776432896.798038] BSON Parser: [0m77
[0m[95m [1776432896.798044] BSON Parser: [0mBSON parser: type: '8' key: 'end_marker'
[0m[95m [1776432896.798050] BSON Parser: [0mBSON parser: boolean true
[0m[95m [1776432896.798055] BSON Message: [0mBSON parser: debug .
[0m[95m [1776432896.798061] BSON Message: [0mBSON parser: debug . 0 end_marker 
[0m[95m [1776432896.798067] BSON Parser: [0mBSON parser: type: '8' key: 'fragmented'
[0m[95m [1776432896.798073] BSON Parser: [0mBSON parser: boolean false
[0m[95m [1776432896.798078] BSON Message: [0mBSON parser: debug .
[0m[95m [1776432896.798084] BSON Message: [0mBSON parser: debug . 0 fragmented 
[0m[95m [1776432896.798091] BSON Parser: [0mBSON parser: type: '8' key: 'utilize_timestamp'
[0m[95m [1776432896.798097] BSON Parser: [0mBSON parser: boolean false
[0m[95m [1776432896.798103] BSON Message: [0mBSON parser: debug .
[0m[95m [1776432896.798109] BSON Message: [0mBSON parser: debug . 0 utilize_timestamp 
[0m[95m [1776432896.798115] BSON Parser: [0mBSON parser: type: '16' key: 'frag_no'
[0m[95m [1776432896.798121] BSON Parser: [0mBSON parser: int32:
[0m[95m [1776432896.798127] BSON Parser: [0m0
[0m[95m [1776432896.798133] BSON Parser: [0mBSON parser: type: '16' key: 'frag_total'
[0m[95m [1776432896.798139] BSON Parser: [0mBSON parser: int32:
[0m[95m [1776432896.798147] BSON Parser: [0m1
[0m[95m [1776432896.798153] BSON Parser: [0mBSON parser: type: '3' key: 'data'
[0m[95m [1776432896.798159] BSON Parser: [0mBSON parser: object
[0m[95m [1776432896.798165] BSON Parser: [0mParsing client packet
[0m[95m [1776432896.798171] BSON Parser: [0mDocument length: 46 bytes
[0m[95m [1776432896.798176] BSON Parser: [0mBSON parser: type: '16' key: 'sensor_type'
[0m[95m [1776432896.798182] BSON Parser: [0mBSON parser: int32:
[0m[95m [1776432896.798188] BSON Parser: [0m2
[0m[91m [1776432896.798194] BSON Message: [0mInside sensor type parsing.
[91m [1776432896.798198] BSON Message: [0mInside sensor type parsing end.
[95m [1776432896.798202] BSON Parser: [0mBSON parser: type: '2' key: 'sid'
[0m[95m [1776432896.798208] BSON Parser: [0mBSON parser: string
[0m[95m [1776432896.798213] BSON Parser: [0mBSON parser: 8 'device_0'
[0m[91m [1776432896.798219] BSON Message: [0mInside sid parsing
[95m [1776432896.798223] BSON Parser: [0mBSON parser: type: '8' key: 'dev'
[0m[95m [1776432896.798229] BSON Parser: [0mBSON parser: boolean false
[0m[95m [1776432896.798235] BSON Message: [0mBSON parser: debug .
[0m[95m [1776432896.798240] BSON Message: [0mBSON parser: debug . 0 dev 
[0m[95m [1776432896.798246] BSON Parser: [0mBSON parser: return. 46 length document has 46 bytes.
[0m[95m [1776432896.798252] BSON Parser: [0mBSON parser: return. 165 length document has 165 bytes.
[0m[95m [1776432896.798257] Transport: [0mComing to handle fragmentation 2
[0m[91m [1776432896.798264] Client: [0m---before writing in log upd_msg->seq_no= 77
[91m [1776432896.798268] Client: [0m---before writing in log upd_msg->type= 4
[91m [1776432896.798274] Client: [0m---before writing in log upd_msg->frag_no= 0
[91m [1776432896.798278] Client: [0m---before writing in log upd_msg->reliable= 0
[91m [1776432896.798282] Client: [0m---before writing in log upd_msg->data.sensor_type= 2
[91m [1776432896.798285] Client: [0m---before writing in log upd_msg->data.sid= device_0
[91m [1776432896.798293] Client: [0m---after writing in log upd_msg->seq_no = 77
[91m [1776432896.798297] Client: [0m---after writing in log upd_msg->data.sensor_type = 2
[91m [1776432896.798301] Client: [0m---after writing in log upd_msg->reliable = 0
[95m [1776432897.933542] Transport: [0mReceived 165 bytes
[0m[95m [1776432897.933558] BSON Parser: [0mParsing client packet
[0m[95m [1776432897.933565] BSON Parser: [0mDocument length: 165 bytes
[0m[95m [1776432897.933573] BSON Parser: [0mBSON parser: type: '16' key: 'type'
[0m[95m [1776432897.933580] BSON Parser: [0mBSON parser: int32:
[0m[95m [1776432897.933586] BSON Parser: [0m4
[0m[95m [1776432897.933592] BSON Parser: [0mBSON parser: type: '8' key: 'reliable'
[0m[95m [1776432897.933599] BSON Parser: [0mBSON parser: boolean false
[0m[95m [1776432897.933607] BSON Message: [0mBSON parser: debug .
[0m[95m [1776432897.933614] BSON Message: [0mBSON parser: debug . 0 reliable 
[0m[95m [1776432897.933621] BSON Parser: [0mBSON parser: type: '16' key: 'seq_no'
[0m[95m [1776432897.933627] BSON Parser: [0mBSON parser: int32:
[0m[95m [1776432897.933635] BSON Parser: [0m78
[0m[95m [1776432897.933642] BSON Parser: [0mBSON parser: type: '8' key: 'end_marker'
[0m[95m [1776432897.933650] BSON Parser: [0mBSON parser: boolean true
[0m[95m [1776432897.933656] BSON Message: [0mBSON parser: debug .
[0m[95m [1776432897.933661] BSON Message: [0mBSON parser: debug . 0 end_marker 
[0m[95m [1776432897.933668] BSON Parser: [0mBSON parser: type: '8' key: 'fragmented'
[0m[95m [1776432897.933674] BSON Parser: [0mBSON parser: boolean false
[0m[95m [1776432897.933680] BSON Message: [0mBSON parser: debug .
[0m[95m [1776432897.933685] BSON Message: [0mBSON parser: debug . 0 fragmented 
[0m[95m [1776432897.933691] BSON Parser: [0mBSON parser: type: '8' key: 'utilize_timestamp'
[0m[95m [1776432897.933697] BSON Parser: [0mBSON parser: boolean false
[0m[95m [1776432897.933703] BSON Message: [0mBSON parser: debug .
[0m[95m [1776432897.933708] BSON Message: [0mBSON parser: debug . 0 utilize_timestamp 
[0m[95m [1776432897.933714] BSON Parser: [0mBSON parser: type: '16' key: 'frag_no'
[0m[95m [1776432897.933720] BSON Parser: [0mBSON parser: int32:
[0m[95m [1776432897.933725] BSON Parser: [0m0
[0m[95m [1776432897.933731] BSON Parser: [0mBSON parser: type: '16' key: 'frag_total'
[0m[95m [1776432897.933737] BSON Parser: [0mBSON parser: int32:
[0m[95m [1776432897.933743] BSON Parser: [0m1
[0m[95m [1776432897.933749] BSON Parser: [0mBSON parser: type: '3' key: 'data'
[0m[95m [1776432897.933755] BSON Parser: [0mBSON parser: object
[0m[95m [1776432897.933762] BSON Parser: [0mParsing client packet
[0m[95m [1776432897.933768] BSON Parser: [0mDocument length: 46 bytes
[0m[95m [1776432897.933774] BSON Parser: [0mBSON parser: type: '16' key: 'sensor_type'
[0m[95m [1776432897.933780] BSON Parser: [0mBSON parser: int32:
[0m[95m [1776432897.933785] BSON Parser: [0m2
[0m[91m [1776432897.933791] BSON Message: [0mInside sensor type parsing.
[91m [1776432897.933796] BSON Message: [0mInside sensor type parsing end.
[95m [1776432897.933799] BSON Parser: [0mBSON parser: type: '2' key: 'sid'
[0m[95m [1776432897.933805] BSON Parser: [0mBSON parser: string
[0m[95m [1776432897.933811] BSON Parser: [0mBSON parser: 8 'device_0'
[0m[91m [1776432897.933817] BSON Message: [0mInside sid parsing
[95m [1776432897.933821] BSON Parser: [0mBSON parser: type: '8' key: 'dev'
[0m[95m [1776432897.933827] BSON Parser: [0mBSON parser: boolean false
[0m[95m [1776432897.933832] BSON Message: [0mBSON parser: debug .
[0m[95m [1776432897.933838] BSON Message: [0mBSON parser: debug . 0 dev 
[0m[95m [1776432897.933844] BSON Parser: [0mBSON parser: return. 46 length document has 46 bytes.
[0m[95m [1776432897.933850] BSON Parser: [0mBSON parser: return. 165 length document has 165 bytes.
[0m[95m [1776432897.933856] Transport: [0mComing to handle fragmentation 2
[0m[91m [1776432897.933862] Client: [0m---before writing in log upd_msg->seq_no= 78
[91m [1776432897.933870] Client: [0m---before writing in log upd_msg->type= 4
[91m [1776432897.933873] Client: [0m---before writing in log upd_msg->frag_no= 0
[91m [1776432897.933877] Client: [0m---before writing in log upd_msg->reliable= 0
[91m [1776432897.933881] Client: [0m---before writing in log upd_msg->data.sensor_type= 2
[91m [1776432897.933885] Client: [0m---before writing in log upd_msg->data.sid= device_0
[91m [1776432897.933891] Client: [0m---after writing in log upd_msg->seq_no = 78
[91m [1776432897.933895] Client: [0m---after writing in log upd_msg->data.sensor_type = 2
[91m [1776432897.933899] Client: [0m---after writing in log upd_msg->reliable = 0
[95m [1776432898.792112] Client: [0mTimeout reached, sending keep_alive.
[0m[95m [1776432899.208100] Transport: [0mReceived 165 bytes
[0m[95m [1776432899.208111] BSON Parser: [0mParsing client packet
[0m[95m [1776432899.208117] BSON Parser: [0mDocument length: 165 bytes
[0m[95m [1776432899.208125] BSON Parser: [0mBSON parser: type: '16' key: 'type'
[0m[95m [1776432899.208130] BSON Parser: [0mBSON parser: int32:
[0m[95m [1776432899.208136] BSON Parser: [0m4
[0m[95m [1776432899.208142] BSON Parser: [0mBSON parser: type: '8' key: 'reliable'
[0m[95m [1776432899.208147] BSON Parser: [0mBSON parser: boolean false
[0m[95m [1776432899.208154] BSON Message: [0mBSON parser: debug .
[0m[95m [1776432899.208159] BSON Message: [0mBSON parser: debug . 0 reliable 
[0m[95m [1776432899.208166] BSON Parser: [0mBSON parser: type: '16' key: 'seq_no'
[0m[95m [1776432899.208172] BSON Parser: [0mBSON parser: int32:
[0m[95m [1776432899.208177] BSON Parser: [0m79
[0m[95m [1776432899.208183] BSON Parser: [0mBSON parser: type: '8' key: 'end_marker'
[0m[95m [1776432899.208189] BSON Parser: [0mBSON parser: boolean true
[0m[95m [1776432899.208196] BSON Message: [0mBSON parser: debug .
[0m[95m [1776432899.208203] BSON Message: [0mBSON parser: debug . 0 end_marker 
[0m[95m [1776432899.208209] BSON Parser: [0mBSON parser: type: '8' key: 'fragmented'
[0m[95m [1776432899.208216] BSON Parser: [0mBSON parser: boolean false
[0m[95m [1776432899.208222] BSON Message: [0mBSON parser: debug .
[0m[95m [1776432899.208228] BSON Message: [0mBSON parser: debug . 0 fragmented 
[0m[95m [1776432899.208235] BSON Parser: [0mBSON parser: type: '8' key: 'utilize_timestamp'
[0m[95m [1776432899.208241] BSON Parser: [0mBSON parser: boolean false
[0m[95m [1776432899.208248] BSON Message: [0mBSON parser: debug .
[0m[95m [1776432899.208257] BSON Message: [0mBSON parser: debug . 0 utilize_timestamp 
[0m[95m [1776432899.208264] BSON Parser: [0mBSON parser: type: '16' key: 'frag_no'
[0m[95m [1776432899.208272] BSON Parser: [0mBSON parser: int32:
[0m[95m [1776432899.208279] BSON Parser: [0m0
[0m[95m [1776432899.208286] BSON Parser: [0mBSON parser: type: '16' key: 'frag_total'
[0m[95m [1776432899.208294] BSON Parser: [0mBSON parser: int32:
[0m[95m [1776432899.208301] BSON Parser: [0m1
[0m[95m [1776432899.208307] BSON Parser: [0mBSON parser: type: '3' key: 'data'
[0m[95m [1776432899.208316] BSON Parser: [0mBSON parser: object
[0m[95m [1776432899.208323] BSON Parser: [0mParsing client packet
[0m[95m [1776432899.208330] BSON Parser: [0mDocument length: 46 bytes
[0m[95m [1776432899.208336] BSON Parser: [0mBSON parser: type: '16' key: 'sensor_type'
[0m[95m [1776432899.208342] BSON Parser: [0mBSON parser: int32:
[0m[95m [1776432899.208348] BSON Parser: [0m2
[0m[91m [1776432899.208354] BSON Message: [0mInside sensor type parsing.
[91m [1776432899.208358] BSON Message: [0mInside sensor type parsing end.
[95m [1776432899.208362] BSON Parser: [0mBSON parser: type: '2' key: 'sid'
[0m[95m [1776432899.208368] BSON Parser: [0mBSON parser: string
[0m[95m [1776432899.208374] BSON Parser: [0mBSON parser: 8 'device_0'
[0m[91m [1776432899.208380] BSON Message: [0mInside sid parsing
[95m [1776432899.208384] BSON Parser: [0mBSON parser: type: '8' key: 'dev'
[0m[95m [1776432899.208393] BSON Parser: [0mBSON parser: boolean true
[0m[95m [1776432899.208401] BSON Message: [0mBSON parser: debug .
[0m[95m [1776432899.208406] BSON Message: [0mBSON parser: debug . 0 dev 
[0m[95m [1776432899.208412] BSON Parser: [0mBSON parser: return. 46 length document has 46 bytes.
[0m[95m [1776432899.208418] BSON Parser: [0mBSON parser: return. 165 length document has 165 bytes.
[0m[95m [1776432899.208425] Transport: [0mComing to handle fragmentation 2
[0m[91m [1776432899.208431] Client: [0m---before writing in log upd_msg->seq_no= 79
[91m [1776432899.208435] Client: [0m---before writing in log upd_msg->type= 4
[91m [1776432899.208438] Client: [0m---before writing in log upd_msg->frag_no= 0
[91m [1776432899.208442] Client: [0m---before writing in log upd_msg->reliable= 0
[91m [1776432899.208447] Client: [0m---before writing in log upd_msg->data.sensor_type= 2
[91m [1776432899.208451] Client: [0m---before writing in log upd_msg->data.sid= device_0
[91m [1776432899.208456] Client: [0m---after writing in log upd_msg->seq_no = 79
[91m [1776432899.208460] Client: [0m---after writing in log upd_msg->data.sensor_type = 2
[91m [1776432899.208464] Client: [0m---after writing in log upd_msg->reliable = 0
[95m [1776432902.236080] Transport: [0mReceived 165 bytes
[0m[95m [1776432902.236097] BSON Parser: [0mParsing client packet
[0m[95m [1776432902.236103] BSON Parser: [0mDocument length: 165 bytes
[0m[95m [1776432902.236111] BSON Parser: [0mBSON parser: type: '16' key: 'type'
[0m[95m [1776432902.236116] BSON Parser: [0mBSON parser: int32:
[0m[95m [1776432902.236123] BSON Parser: [0m4
[0m[95m [1776432902.236130] BSON Parser: [0mBSON parser: type: '8' key: 'reliable'
[0m[95m [1776432902.236137] BSON Parser: [0mBSON parser: boolean false
[0m[95m [1776432902.236143] BSON Message: [0mBSON parser: debug .
[0m[95m [1776432902.236150] BSON Message: [0mBSON parser: debug . 0 reliable 
[0m[95m [1776432902.236158] BSON Parser: [0mBSON parser: type: '16' key: 'seq_no'
[0m[95m [1776432902.236165] BSON Parser: [0mBSON parser: int32:
[0m[95m [1776432902.236172] BSON Parser: [0m80
[0m[95m [1776432902.236179] BSON Parser: [0mBSON parser: type: '8' key: 'end_marker'
[0m[95m [1776432902.236186] BSON Parser: [0mBSON parser: boolean true
[0m[95m [1776432902.236192] BSON Message: [0mBSON parser: debug .
[0m[95m [1776432902.236199] BSON Message: [0mBSON parser: debug . 0 end_marker 
[0m[95m [1776432902.236205] BSON Parser: [0mBSON parser: type: '8' key: 'fragmented'
[0m[95m [1776432902.236211] BSON Parser: [0mBSON parser: boolean false
[0m[95m [1776432902.236218] BSON Message: [0mBSON parser: debug .
[0m[95m [1776432902.236225] BSON Message: [0mBSON parser: debug . 0 fragmented 
[0m[95m [1776432902.236232] BSON Parser: [0mBSON parser: type: '8' key: 'utilize_timestamp'
[0m[95m [1776432902.236238] BSON Parser: [0mBSON parser: boolean false
[0m[95m [1776432902.236244] BSON Message: [0mBSON parser: debug .
[0m[95m [1776432902.236250] BSON Message: [0mBSON parser: debug . 0 utilize_timestamp 
[0m[95m [1776432902.236257] BSON Parser: [0mBSON parser: type: '16' key: 'frag_no'
[0m[95m [1776432902.236264] BSON Parser: [0mBSON parser: int32:
[0m[95m [1776432902.236270] BSON Parser: [0m0
[0m[95m [1776432902.236277] BSON Parser: [0mBSON parser: type: '16' key: 'frag_total'
[0m[95m [1776432902.236284] BSON Parser: [0mBSON parser: int32:
[0m[95m [1776432902.236290] BSON Parser: [0m1
[0m[95m [1776432902.236298] BSON Parser: [0mBSON parser: type: '3' key: 'data'
[0m[95m [1776432902.236304] BSON Parser: [0mBSON parser: object
[0m[95m [1776432902.236310] BSON Parser: [0mParsing client packet
[0m[95m [1776432902.236317] BSON Parser: [0mDocument length: 46 bytes
[0m[95m [1776432902.236323] BSON Parser: [0mBSON parser: type: '16' key: 'sensor_type'
[0m[95m [1776432902.236330] BSON Parser: [0mBSON parser: int32:
[0m[95m [1776432902.236337] BSON Parser: [0m2
[0m[91m [1776432902.236343] BSON Message: [0mInside sensor type parsing.
[91m [1776432902.236354] BSON Message: [0mInside sensor type parsing end.
[95m [1776432902.236362] BSON Parser: [0mBSON parser: type: '2' key: 'sid'
[0m[95m [1776432902.236369] BSON Parser: [0mBSON parser: string
[0m[95m [1776432902.236375] BSON Parser: [0mBSON parser: 8 'device_0'
[0m[91m [1776432902.236382] BSON Message: [0mInside sid parsing
[95m [1776432902.236387] BSON Parser: [0mBSON parser: type: '8' key: 'dev'
[0m[95m [1776432902.236394] BSON Parser: [0mBSON parser: boolean false
[0m[95m [1776432902.236400] BSON Message: [0mBSON parser: debug .
[0m[95m [1776432902.236406] BSON Message: [0mBSON parser: debug . 0 dev 
[0m[95m [1776432902.236412] BSON Parser: [0mBSON parser: return. 46 length document has 46 bytes.
[0m[95m [1776432902.236418] BSON Parser: [0mBSON parser: return. 165 length document has 165 bytes.
[0m[95m [1776432902.236425] Transport: [0mComing to handle fragmentation 2
[0m[91m [1776432902.236432] Client: [0m---before writing in log upd_msg->seq_no= 80
[91m [1776432902.236437] Client: [0m---before writing in log upd_msg->type= 4
[91m [1776432902.236442] Client: [0m---before writing in log upd_msg->frag_no= 0
[91m [1776432902.236446] Client: [0m---before writing in log upd_msg->reliable= 0
[91m [1776432902.236451] Client: [0m---before writing in log upd_msg->data.sensor_type= 2
[91m [1776432902.236455] Client: [0m---before writing in log upd_msg->data.sid= device_0
[91m [1776432902.236460] Client: [0m---after writing in log upd_msg->seq_no = 80
[91m [1776432902.236465] Client: [0m---after writing in log upd_msg->data.sensor_type = 2
[91m [1776432902.236470] Client: [0m---after writing in log upd_msg->reliable = 0
[95m [1776432902.746014] Transport: [0mReceived 165 bytes
[0m[95m [1776432902.746025] BSON Parser: [0mParsing client packet
[0m[95m [1776432902.746030] BSON Parser: [0mDocument length: 165 bytes
[0m[95m [1776432902.746045] BSON Parser: [0mBSON parser: type: '16' key: 'type'
[0m[95m [1776432902.746049] BSON Parser: [0mBSON parser: int32:
[0m[95m [1776432902.746056] BSON Parser: [0m4
[0m[95m [1776432902.746063] BSON Parser: [0mBSON parser: type: '8' key: 'reliable'
[0m[95m [1776432902.746069] BSON Parser: [0mBSON parser: boolean false
[0m[95m [1776432902.746076] BSON Message: [0mBSON parser: debug .
[0m[95m [1776432902.746082] BSON Message: [0mBSON parser: debug . 0 reliable 
[0m[95m [1776432902.746087] BSON Parser: [0mBSON parser: type: '16' key: 'seq_no'
[0m[95m [1776432902.746092] BSON Parser: [0mBSON parser: int32:
[0m[95m [1776432902.746096] BSON Parser: [0m81
[0m[95m [1776432902.746101] BSON Parser: [0mBSON parser: type: '8' key: 'end_marker'
[0m[95m [1776432902.746106] BSON Parser: [0mBSON parser: boolean true
[0m[95m [1776432902.746112] BSON Message: [0mBSON parser: debug .
[0m[95m [1776432902.746119] BSON Message: [0mBSON parser: debug . 0 end_marker 
[0m[95m [1776432902.746125] BSON Parser: [0mBSON parser: type: '8' key: 'fragmented'
[0m[95m [1776432902.746130] BSON Parser: [0mBSON parser: boolean false
[0m[95m [1776432902.746135] BSON Message: [0mBSON parser: debug .
[0m[95m [1776432902.746141] BSON Message: [0mBSON parser: debug . 0 fragmented 
[0m[95m [1776432902.746148] BSON Parser: [0mBSON parser: type: '8' key: 'utilize_timestamp'
[0m[95m [1776432902.746154] BSON Parser: [0mBSON parser: boolean false
[0m[95m [1776432902.746159] BSON Message: [0mBSON parser: debug .
[0m[95m [1776432902.746165] BSON Message: [0mBSON parser: debug . 0 utilize_timestamp 
[0m[95m [1776432902.746171] BSON Parser: [0mBSON parser: type: '16' key: 'frag_no'
[0m[95m [1776432902.746176] BSON Parser: [0mBSON parser: int32:
[0m[95m [1776432902.746182] BSON Parser: [0m0
[0m[95m [1776432902.746188] BSON Parser: [0mBSON parser: type: '16' key: 'frag_total'
[0m[95m [1776432902.746194] BSON Parser: [0mBSON parser: int32:
[0m[95m [1776432902.746199] BSON Parser: [0m1
[0m[95m [1776432902.746205] BSON Parser: [0mBSON parser: type: '3' key: 'data'
[0m[95m [1776432902.746215] BSON Parser: [0mBSON parser: object
[0m[95m [1776432902.746221] BSON Parser: [0mParsing client packet
[0m[95m [1776432902.746226] BSON Parser: [0mDocument length: 46 bytes
[0m[95m [1776432902.746233] BSON Parser: [0mBSON parser: type: '16' key: 'sensor_type'
[0m[95m [1776432902.746238] BSON Parser: [0mBSON parser: int32:
[0m[95m [1776432902.746244] BSON Parser: [0m2
[0m[91m [1776432902.746252] BSON Message: [0mInside sensor type parsing.
[91m [1776432902.746256] BSON Message: [0mInside sensor type parsing end.
[95m [1776432902.746260] BSON Parser: [0mBSON parser: type: '2' key: 'sid'
[0m[95m [1776432902.746266] BSON Parser: [0mBSON parser: string
[0m[95m [1776432902.746271] BSON Parser: [0mBSON parser: 8 'device_0'
[0m[91m [1776432902.746277] BSON Message: [0mInside sid parsing
[95m [1776432902.746281] BSON Parser: [0mBSON parser: type: '8' key: 'dev'
[0m[95m [1776432902.746287] BSON Parser: [0mBSON parser: boolean false
[0m[95m [1776432902.746293] BSON Message: [0mBSON parser: debug .
[0m[95m [1776432902.746298] BSON Message: [0mBSON parser: debug . 0 dev 
[0m[95m [1776432902.746305] BSON Parser: [0mBSON parser: return. 46 length document has 46 bytes.
[0m[95m [1776432902.746310] BSON Parser: [0mBSON parser: return. 165 length document has 165 bytes.
[0m[95m [1776432902.746316] Transport: [0mComing to handle fragmentation 2
[0m[91m [1776432902.746322] Client: [0m---before writing in log upd_msg->seq_no= 81
[91m [1776432902.746326] Client: [0m---before writing in log upd_msg->type= 4
[91m [1776432902.746330] Client: [0m---before writing in log upd_msg->frag_no= 0
[91m [1776432902.746334] Client: [0m---before writing in log upd_msg->reliable= 0
[91m [1776432902.746338] Client: [0m---before writing in log upd_msg->data.sensor_type= 2
[91m [1776432902.746342] Client: [0m---before writing in log upd_msg->data.sid= device_0
[91m [1776432902.746346] Client: [0m---after writing in log upd_msg->seq_no = 81
[91m [1776432902.746350] Client: [0m---after writing in log upd_msg->data.sensor_type = 2
[91m [1776432902.746354] Client: [0m---after writing in log upd_msg->reliable = 0
[95m [1776432903.796024] Client: [0mTimeout reached, sending keep_alive.
[0m[95m [1776432904.732684] Transport: [0mReceived 180 bytes
[0m[95m [1776432904.732697] BSON Parser: [0mParsing client packet
[0m[95m [1776432904.732703] BSON Parser: [0mDocument length: 180 bytes
[0m[95m [1776432904.732708] BSON Parser: [0mBSON parser: type: '16' key: 'type'
[0m[95m [1776432904.732714] BSON Parser: [0mBSON parser: int32:
[0m[95m [1776432904.732719] BSON Parser: [0m4
[0m[95m [1776432904.732726] BSON Parser: [0mBSON parser: type: '8' key: 'reliable'
[0m[95m [1776432904.732731] BSON Parser: [0mBSON parser: boolean true
[0m[95m [1776432904.732736] BSON Message: [0mBSON parser: debug .
[0m[95m [1776432904.732742] BSON Message: [0mBSON parser: debug . 0 reliable 
[0m[95m [1776432904.732748] BSON Parser: [0mBSON parser: type: '16' key: 'seq_no'
[0m[95m [1776432904.732754] BSON Parser: [0mBSON parser: int32:
[0m[95m [1776432904.732759] BSON Parser: [0m82
[0m[95m [1776432904.732767] BSON Parser: [0mBSON parser: type: '8' key: 'end_marker'
[0m[95m [1776432904.732773] BSON Parser: [0mBSON parser: boolean true
[0m[95m [1776432904.732779] BSON Message: [0mBSON parser: debug .
[0m[95m [1776432904.732785] BSON Message: [0mBSON parser: debug . 0 end_marker 
[0m[95m [1776432904.732792] BSON Parser: [0mBSON parser: type: '8' key: 'fragmented'
[0m[95m [1776432904.732798] BSON Parser: [0mBSON parser: boolean false
[0m[95m [1776432904.732804] BSON Message: [0mBSON parser: debug .
[0m[95m [1776432904.732809] BSON Message: [0mBSON parser: debug . 0 fragmented 
[0m[95m [1776432904.732816] BSON Parser: [0mBSON parser: type: '8' key: 'utilize_timestamp'
[0m[95m [1776432904.732822] BSON Parser: [0mBSON parser: boolean false
[0m[95m [1776432904.732828] BSON Message: [0mBSON parser: debug .
[0m[95m [1776432904.732836] BSON Message: [0mBSON parser: debug . 0 utilize_timestamp 
[0m[95m [1776432904.732841] BSON Parser: [0mBSON parser: type: '16' key: 'frag_no'
[0m[95m [1776432904.732846] BSON Parser: [0mBSON parser: int32:
[0m[95m [1776432904.732851] BSON Parser: [0m0
[0m[95m [1776432904.732856] BSON Parser: [0mBSON parser: type: '16' key: 'frag_total'
[0m[95m [1776432904.732860] BSON Parser: [0mBSON parser: int32:
[0m[95m [1776432904.732864] BSON Parser: [0m1
[0m[95m [1776432904.732869] BSON Parser: [0mBSON parser: type: '16' key: 'timestamp'
[0m[95m [1776432904.732874] BSON Parser: [0mBSON parser: int32:
[0m[95m [1776432904.732878] BSON Parser: [0m-1199046656
[0m[95m [1776432904.732885] BSON Parser: [0mBSON parser: type: '3' key: 'data'
[0m[95m [1776432904.732892] BSON Parser: [0mBSON parser: object
[0m[95m [1776432904.732898] BSON Parser: [0mParsing client packet
[0m[95m [1776432904.732904] BSON Parser: [0mDocument length: 46 bytes
[0m[95m [1776432904.732909] BSON Parser: [0mBSON parser: type: '16' key: 'sensor_type'
[0m[95m [1776432904.732915] BSON Parser: [0mBSON parser: int32:
[0m[95m [1776432904.732920] BSON Parser: [0m2
[0m[91m [1776432904.732926] BSON Message: [0mInside sensor type parsing.
[91m [1776432904.732930] BSON Message: [0mInside sensor type parsing end.
[95m [1776432904.732935] BSON Parser: [0mBSON parser: type: '2' key: 'sid'
[0m[95m [1776432904.732941] BSON Parser: [0mBSON parser: string
[0m[95m [1776432904.732947] BSON Parser: [0mBSON parser: 8 'device_0'
[0m[91m [1776432904.732953] BSON Message: [0mInside sid parsing
[95m [1776432904.732957] BSON Parser: [0mBSON parser: type: '8' key: 'dev'
[0m[95m [1776432904.732963] BSON Parser: [0mBSON parser: boolean true
[0m[95m [1776432904.732969] BSON Message: [0mBSON parser: debug .
[0m[95m [1776432904.732975] BSON Message: [0mBSON parser: debug . 0 dev 
[0m[95m [1776432904.732981] BSON Parser: [0mBSON parser: return. 46 length document has 46 bytes.
[0m[95m [1776432904.732987] BSON Parser: [0mBSON parser: return. 180 length document has 180 bytes.
[0m[95m [1776432904.732993] Transport: [0mComing to handle fragmentation 2
[0m[91m [1776432904.732999] Client: [0m---before writing in log upd_msg->seq_no= 82
[91m [1776432904.733002] Client: [0m---before writing in log upd_msg->type= 4
[91m [1776432904.733006] Client: [0m---before writing in log upd_msg->frag_no= 0
[91m [1776432904.733021] Client: [0m---before writing in log upd_msg->reliable= 1
[91m [1776432904.733027] Client: [0m---before writing in log upd_msg->data.sensor_type= 2
[91m [1776432904.733030] Client: [0m---before writing in log upd_msg->data.sid= device_0
[91m [1776432904.733035] Client: [0m---after writing in log upd_msg->seq_no = 82
[91m [1776432904.733039] Client: [0m---after writing in log upd_msg->data.sensor_type = 2
[91m [1776432904.733044] Client: [0m---after writing in log upd_msg->reliable = 1
[95m [1776432904.733048] Client: [0mSending acknowledgment.
[0m[95m [1776432904.733054] Client Module: [0m---------Sending Update acknowledgment from client.-----------
[0m[95m [1776432904.733060] BSON Message: [0m-------------Before Serializing Update acknowledgment.--------------
[0m[95m [1776432904.733067] BSON Message: [0m-------------After Serializing Update acknowledgment.--------------
[0m[95m [1776432904.733072] BSON Message: [0m-------------Before Serializing Update acknowledgment.--------------
[0m[95m [1776432904.733078] BSON Message: [0m-------------After Serializing Update acknowledgment.--------------
[0m[95m [1776432905.311770] Transport: [0mReceived 165 bytes
[0m[95m [1776432905.311782] BSON Parser: [0mParsing client packet
[0m[95m [1776432905.311788] BSON Parser: [0mDocument length: 165 bytes
[0m[95m [1776432905.311794] BSON Parser: [0mBSON parser: type: '16' key: 'type'
[0m[95m [1776432905.311800] BSON Parser: [0mBSON parser: int32:
[0m[95m [1776432905.311806] BSON Parser: [0m4
[0m[95m [1776432905.311812] BSON Parser: [0mBSON parser: type: '8' key: 'reliable'
[0m[95m [1776432905.311822] BSON Parser: [0mBSON parser: boolean false
[0m[95m [1776432905.311828] BSON Message: [0mBSON parser: debug .
[0m[95m [1776432905.311835] BSON Message: [0mBSON parser: debug . 0 reliable 
[0m[95m [1776432905.311842] BSON Parser: [0mBSON parser: type: '16' key: 'seq_no'
[0m[95m [1776432905.311847] BSON Parser: [0mBSON parser: int32:
[0m[95m [1776432905.311854] BSON Parser: [0m83
[0m[95m [1776432905.311860] BSON Parser: [0mBSON parser: type: '8' key: 'end_marker'
[0m[95m [1776432905.311866] BSON Parser: [0mBSON parser: boolean true
[0m[95m [1776432905.311872] BSON Message: [0mBSON parser: debug .
[0m[95m [1776432905.311878] BSON Message: [0mBSON parser: debug . 0 end_marker 
[0m[95m [1776432905.311884] BSON Parser: [0mBSON parser: type: '8' key: 'fragmented'
[0m[95m [1776432905.311889] BSON Parser: [0mBSON parser: boolean false
[0m[95m [1776432905.311895] BSON Message: [0mBSON parser: debug .
[0m[95m [1776432905.311901] BSON Message: [0mBSON parser: debug . 0 fragmented 
[0m[95m [1776432905.311907] BSON Parser: [0mBSON parser: type: '8' key: 'utilize_timestamp'
[0m[95m [1776432905.311913] BSON Parser: [0mBSON parser: boolean false
[0m[95m [1776432905.311919] BSON Message: [0mBSON parser: debug .
[0m[95m [1776432905.311925] BSON Message: [0mBSON parser: debug . 0 utilize_timestamp 
[0m[95m [1776432905.311932] BSON Parser: [0mBSON parser: type: '16' key: 'frag_no'
[0m[95m [1776432905.311938] BSON Parser: [0mBSON parser: int32:
[0m[95m [1776432905.311943] BSON Parser: [0m0
[0m[95m [1776432905.311949] BSON Parser: [0mBSON parser: type: '16' key: 'frag_total'
[0m[95m [1776432905.311955] BSON Parser: [0mBSON parser: int32:
[0m[95m [1776432905.311961] BSON Parser: [0m1
[0m[95m [1776432905.311970] BSON Parser: [0mBSON parser: type: '3' key: 'data'
[0m[95m [1776432905.311975] BSON Parser: [0mBSON parser: object
[0m[95m [1776432905.311981] BSON Parser: [0mParsing client packet
[0m[95m [1776432905.311986] BSON Parser: [0mDocument length: 46 bytes
[0m[95m [1776432905.311992] BSON Parser: [0mBSON parser: type: '16' key: 'sensor_type'
[0m[95m [1776432905.311998] BSON Parser: [0mBSON parser: int32:
[0m[95m [1776432905.312004] BSON Parser: [0m2
[0m[91m [1776432905.312020] BSON Message: [0mInside sensor type parsing.
[91m [1776432905.312025] BSON Message: [0mInside sensor type parsing end.
[95m [1776432905.312030] BSON Parser: [0mBSON parser: type: '2' key: 'sid'
[0m[95m [1776432905.312037] BSON Parser: [0mBSON parser: string
[0m[95m [1776432905.312044] BSON Parser: [0mBSON parser: 8 'device_0'
[0m[91m [1776432905.312051] BSON Message: [0mInside sid parsing
[95m [1776432905.312055] BSON Parser: [0mBSON parser: type: '8' key: 'dev'
[0m[95m [1776432905.312061] BSON Parser: [0mBSON parser: boolean true
[0m[95m [1776432905.312068] BSON Message: [0mBSON parser: debug .
[0m[95m [1776432905.312075] BSON Message: [0mBSON parser: debug . 0 dev 
[0m[95m [1776432905.312081] BSON Parser: [0mBSON parser: return. 46 length document has 46 bytes.
[0m[95m [1776432905.312087] BSON Parser: [0mBSON parser: return. 165 length document has 165 bytes.
[0m[95m [1776432905.312095] Transport: [0mComing to handle fragmentation 2
[0m[91m [1776432905.312103] Client: [0m---before writing in log upd_msg->seq_no= 83
[91m [1776432905.312108] Client: [0m---before writing in log upd_msg->type= 4
[91m [1776432905.312112] Client: [0m---before writing in log upd_msg->frag_no= 0
[91m [1776432905.312118] Client: [0m---before writing in log upd_msg->reliable= 0
[91m [1776432905.312123] Client: [0m---before writing in log upd_msg->data.sensor_type= 2
[91m [1776432905.312128] Client: [0m---before writing in log upd_msg->data.sid= device_0
[91m [1776432905.312131] Client: [0m---after writing in log upd_msg->seq_no = 83
[91m [1776432905.312135] Client: [0m---after writing in log upd_msg->data.sensor_type = 2
[91m [1776432905.312138] Client: [0m---after writing in log upd_msg->reliable = 0
[95m [1776432906.481568] Transport: [0mReceived 165 bytes
[0m[95m [1776432906.481580] BSON Parser: [0mParsing client packet
[0m[95m [1776432906.481585] BSON Parser: [0mDocument length: 165 bytes
[0m[95m [1776432906.481592] BSON Parser: [0mBSON parser: type: '16' key: 'type'
[0m[95m [1776432906.481600] BSON Parser: [0mBSON parser: int32:
[0m[95m [1776432906.481605] BSON Parser: [0m4
[0m[95m [1776432906.481612] BSON Parser: [0mBSON parser: type: '8' key: 'reliable'
[0m[95m [1776432906.481618] BSON Parser: [0mBSON parser: boolean false
[0m[95m [1776432906.481623] BSON Message: [0mBSON parser: debug .
[0m[95m [1776432906.481629] BSON Message: [0mBSON parser: debug . 0 reliable 
[0m[95m [1776432906.481635] BSON Parser: [0mBSON parser: type: '16' key: 'seq_no'
[0m[95m [1776432906.481640] BSON Parser: [0mBSON parser: int32:
[0m[95m [1776432906.481646] BSON Parser: [0m84
[0m[95m [1776432906.481652] BSON Parser: [0mBSON parser: type: '8' key: 'end_marker'
[0m[95m [1776432906.481657] BSON Parser: [0mBSON parser: boolean true
[0m[95m [1776432906.481664] BSON Message: [0mBSON parser: debug .
[0m[95m [1776432906.481670] BSON Message: [0mBSON parser: debug . 0 end_marker 
[0m[95m [1776432906.481677] BSON Parser: [0mBSON parser: type: '8' key: 'fragmented'
[0m[95m [1776432906.481685] BSON Parser: [0mBSON parser: boolean false
[0m[95m [1776432906.481692] BSON Message: [0mBSON parser: debug .
[0m[95m [1776432906.481697] BSON Message: [0mBSON parser: debug . 0 fragmented 
[0m[95m [1776432906.481703] BSON Parser: [0mBSON parser: type: '8' key: 'utilize_timestamp'
[0m[95m [1776432906.481709] BSON Parser: [0mBSON parser: boolean false
[0m[95m [1776432906.481715] BSON Message: [0mBSON parser: debug .
[0m[95m [1776432906.481722] BSON Message: [0mBSON parser: debug . 0 utilize_timestamp 
[0m[95m [1776432906.481730] BSON Parser: [0mBSON parser: type: '16' key: 'frag_no'
[0m[95m [1776432906.481738] BSON Parser: [0mBSON parser: int32:
[0m[95m [1776432906.481744] BSON Parser: [0m0
[0m[95m [1776432906.481750] BSON Parser: [0mBSON parser: type: '16' key: 'frag_total'
[0m[95m [1776432906.481758] BSON Parser: [0mBSON parser: int32:
[0m[95m [1776432906.481765] BSON Parser: [0m1
[0m[95m [1776432906.481771] BSON Parser: [0mBSON parser: type: '3' key: 'data'
[0m[95m [1776432906.481776] BSON Parser: [0mBSON parser: object
[0m[95m [1776432906.481780] BSON Parser: [0mParsing client packet
[0m[95m [1776432906.481785] BSON Parser: [0mDocument length: 46 bytes
[0m[95m [1776432906.481789] BSON Parser: [0mBSON parser: type: '16' key: 'sensor_type'
[0m[95m [1776432906.481794] BSON Parser: [0mBSON parser: int32:
[0m[95m [1776432906.481799] BSON Parser: [0m2
[0m[91m [1776432906.481803] BSON Message: [0mInside sensor type parsing.
[91m [1776432906.481806] BSON Message: [0mInside sensor type parsing end.
[95m [1776432906.481809] BSON Parser: [0mBSON parser: type: '2' key: 'sid'
[0m[95m [1776432906.481814] BSON Parser: [0mBSON parser: string
[0m[95m [1776432906.481819] BSON Parser: [0mBSON parser: 8 'device_0'
[0m[91m [1776432906.481824] BSON Message: [0mInside sid parsing
[95m [1776432906.481827] BSON Parser: [0mBSON parser: type: '8' key: 'dev'
[0m[95m [1776432906.481832] BSON Parser: [0mBSON parser: boolean false
[0m[95m [1776432906.481836] BSON Message: [0mBSON parser: debug .
[0m[95m [1776432906.481843] BSON Message: [0mBSON parser: debug . 0 dev 
[0m[95m [1776432906.481849] BSON Parser: [0mBSON parser: return. 46 length document has 46 bytes.
[0m[95m [1776432906.481855] BSON Parser: [0mBSON parser: return. 165 length document has 165 bytes.
[0m[95m [1776432906.481861] Transport: [0mComing to handle fragmentation 2
[0merver.
Message type is 4
---------Update message arrived------------ 1
Got a message from the server.
Message type is 4
---------Update message arrived------------ 1
Got a message from the server.
Message type is 4
---------Update message arrived------------ 1
Got a message from the server.
Message type is 4
---------Update message arrived------------ 1
Got a message from the server.
Message type is 4
---------Update message arrived------------ 1
Got a message from the server.
Message type is 4
---------Update message arrived------------ 1
Got a message from the server.
Message type is 4
---------Update message arrived------------ 1
Got a message from the server.
Message type is 4
---------Update message arrived------------ 1
Got a message from the server.
Message type is 4
---------Update message arrived------------ 1
Got a message from the server.
Message type is 4
---------Update message arrived------------ 1
Got a message from the server.
Message type is 4
---------Update message arrived------------ 1
Got a message from the server.
Message type is 4
---------Update message arrived------------ 1
Got a message from the server.
Message type is 4
---------Update message arrived------------ 1
Got a message from the server.
Message type is 4
---------Update message arrived------------ 1
Got a message from the server.
Message type is 4
---------Update message arrived------------ 1
Got a message from the server.
Message type is 4
---------Update message arrived------------ 1
Got a message from the server.
Message type is 4
---------Update message arrived------------ 1
Got a message from the server.
Message type is 4
---------Update message arrived------------ 1
Got a message from the server.
Message type is 4
---------Update message arrived------------ 1
Got a message from the server.
Message type is 4
---------Update message arrived------------ 1
Got a message from the server.
Message type is 4
---------Update message arrived------------ 1
Got a message from the server.
Message type is 4
---------Update message arrived------------ 1
Got a message from the server.
Message type is 4
---------Update message arrived------------ 1
Got a message from the server.
Message type is 4
---------Update message arrived------------ 1
Got a message from the server.
Message type is 4
---------Update message arrived------------ 1
Got a message from the server.
Message type is 4
---------Update message arrived------------ 1
Got a message from the server.
Message type is 4
---------Update message arrived------------ 1
Got a message from the server.
Message type is 4
---------Update message arrived------------ 1
Got a message from the server.
Message type is 4
---------Update message arrived------------ 1
Got a message from the server.
Message type is 4
---------Update message arrived------------ 1
Got a message from the server.
Message type is 4
---------Update message arrived------------ 1
Got a message from the server.
Message type is 4
---------Update message arrived------------ 1
Got a message from the server.
Message type is 4
---------Update message arrived------------ 1
Got a message from the server.
Message type is 4
---------Update message arrived------------ 1
Got a message from the server.
Message type is 4
---------Update message arrived------------ 1
Got a message from the server.
Message type is 4
---------Update message arrived------------ 1
Got a message from the server.
Message type is 4
---------Update message arrived------------ 1
Got a message from the server.
Message type is 4
---------Update message arrived------------ 1
Got a message from the server.
Message type is 4
---------Update message arrived------------ 1
Got a message from the server.
Message type is 4
---------Update message arrived------------ 1
Got a message from the server.
Message type is 4
---------Update message arrived------------ 1
Got a message from the server.
Message type is 4
---------Update message arrived------------ 1
Got a message from the server.
Message type is 4
---------Update message arrived------------ 1
Got a message from the server.
Mess[91m [1776432906.481875] Client: [0m---before writing in log upd_msg->seq_no= 84
[91m [1776432906.481878] Client: [0m---before writing in log upd_msg->type= 4
[91m [1776432906.481882] Client: [0m---before writing in log upd_msg->frag_no= 0
[91m [1776432906.481886] Client: [0m---before writing in log upd_msg->reliable= 0
[91m [1776432906.481892] Client: [0m---before writing in log upd_msg->data.sensor_type= 2
[91m [1776432906.481896] Client: [0m---before writing in log upd_msg->data.sid= device_0
[91m [1776432906.481900] Client: [0m---after writing in log upd_msg->seq_no = 84
[91m [1776432906.481904] Client: [0m---after writing in log upd_msg->data.sensor_type = 2
[91m [1776432906.481908] Client: [0m---after writing in log upd_msg->reliable = 0
[95m [1776432908.801025] Client: [0mTimeout reached, sending keep_alive.
[0m[95m [1776432909.697996] Transport: [0mReceived 165 bytes
[0m[95m [1776432909.698015] BSON Parser: [0mParsing client packet
[0m[95m [1776432909.698022] BSON Parser: [0mDocument length: 165 bytes
[0m[95m [1776432909.698029] BSON Parser: [0mBSON parser: type: '16' key: 'type'
[0m[95m [1776432909.698035] BSON Parser: [0mBSON parser: int32:
[0m[95m [1776432909.698040] BSON Parser: [0m4
[0m[95m [1776432909.698047] BSON Parser: [0mBSON parser: type: '8' key: 'reliable'
[0m[95m [1776432909.698052] BSON Parser: [0mBSON parser: boolean false
[0m[95m [1776432909.698058] BSON Message: [0mBSON parser: debug .
[0m[95m [1776432909.698064] BSON Message: [0mBSON parser: debug . 0 reliable 
[0m[95m [1776432909.698070] BSON Parser: [0mBSON parser: type: '16' key: 'seq_no'
[0m[95m [1776432909.698076] BSON Parser: [0mBSON parser: int32:
[0m[95m [1776432909.698082] BSON Parser: [0m85
[0m[95m [1776432909.698087] BSON Parser: [0mBSON parser: type: '8' key: 'end_marker'
[0m[95m [1776432909.698093] BSON Parser: [0mBSON parser: boolean true
[0m[95m [1776432909.698099] BSON Message: [0mBSON parser: debug .
[0m[95m [1776432909.698104] BSON Message: [0mBSON parser: debug . 0 end_marker 
[0m[95m [1776432909.698112] BSON Parser: [0mBSON parser: type: '8' key: 'fragmented'
[0m[95m [1776432909.698118] BSON Parser: [0mBSON parser: boolean false
[0m[95m [1776432909.698123] BSON Message: [0mBSON parser: debug .
[0m[95m [1776432909.698129] BSON Message: [0mBSON parser: debug . 0 fragmented 
[0m[95m [1776432909.698135] BSON Parser: [0mBSON parser: type: '8' key: 'utilize_timestamp'
[0m[95m [1776432909.698141] BSON Parser: [0mBSON parser: boolean false
[0m[95m [1776432909.698147] BSON Message: [0mBSON parser: debug .
[0m[95m [1776432909.698152] BSON Message: [0mBSON parser: debug . 0 utilize_timestamp 
[0m[95m [1776432909.698158] BSON Parser: [0mBSON parser: type: '16' key: 'frag_no'
[0m[95m [1776432909.698164] BSON Parser: [0mBSON parser: int32:
[0m[95m [1776432909.698170] BSON Parser: [0m0
[0m[95m [1776432909.698176] BSON Parser: [0mBSON parser: type: '16' key: 'frag_total'
[0m[95m [1776432909.698182] BSON Parser: [0mBSON parser: int32:
[0m[95m [1776432909.698187] BSON Parser: [0m1
[0m[95m [1776432909.698193] BSON Parser: [0mBSON parser: type: '3' key: 'data'
[0m[95m [1776432909.698199] BSON Parser: [0mBSON parser: object
[0m[95m [1776432909.698204] BSON Parser: [0mParsing client packet
[0m[95m [1776432909.698210] BSON Parser: [0mDocument length: 46 bytes
[0m[95m [1776432909.698216] BSON Parser: [0mBSON parser: type: '16' key: 'sensor_type'
[0m[95m [1776432909.698222] BSON Parser: [0mBSON parser: int32:
[0m[95m [1776432909.698228] BSON Parser: [0m2
[0m[91m [1776432909.698234] BSON Message: [0mInside sensor type parsing.
[91m [1776432909.698240] BSON Message: [0mInside sensor type parsing end.
[95m [1776432909.698245] BSON Parser: [0mBSON parser: type: '2' key: 'sid'
[0m[95m [1776432909.698251] BSON Parser: [0mBSON parser: string
[0m[95m [1776432909.698257] BSON Parser: [0mBSON parser: 8 'device_0'
[0m[91m [1776432909.698263] BSON Message: [0mInside sid parsing
[95m [1776432909.698267] BSON Parser: [0mBSON parser: type: '8' key: 'dev'
[0m[95m [1776432909.698273] BSON Parser: [0mBSON parser: boolean true
[0m[95m [1776432909.698279] BSON Message: [0mBSON parser: debug .
[0m[95m [1776432909.698284] BSON Message: [0mBSON parser: debug . 0 dev 
[0m[95m [1776432909.698290] BSON Parser: [0mBSON parser: return. 46 length document has 46 bytes.
[0m[95m [1776432909.698300] BSON Parser: [0mBSON parser: return. 165 length document has 165 bytes.
[0m[95m [1776432909.698305] Transport: [0mComing to handle fragmentation 2
[0m[91m [1776432909.698311] Client: [0m---before writing in log upd_msg->seq_no= 85
[91m [1776432909.698316] Client: [0m---before writing in log upd_msg->type= 4
[91m [1776432909.698319] Client: [0m---before writing in log upd_msg->frag_no= 0
[91m [1776432909.698323] Client: [0m---before writing in log upd_msg->reliable= 0
[91m [1776432909.698327] Client: [0m---before writing in log upd_msg->data.sensor_type= 2
[91m [1776432909.698331] Client: [0m---before writing in log upd_msg->data.sid= device_0
[91m [1776432909.698336] Client: [0m---after writing in log upd_msg->seq_no = 85
[91m [1776432909.698342] Client: [0m---after writing in log upd_msg->data.sensor_type = 2
[91m [1776432909.698347] Client: [0m---after writing in log upd_msg->reliable = 0
[95m [1776432911.315955] Transport: [0mReceived 165 bytes
[0m[95m [1776432911.315965] BSON Parser: [0mParsing client packet
[0m[95m [1776432911.315970] BSON Parser: [0mDocument length: 165 bytes
[0m[95m [1776432911.315975] BSON Parser: [0mBSON parser: type: '16' key: 'type'
[0m[95m [1776432911.315980] BSON Parser: [0mBSON parser: int32:
[0m[95m [1776432911.315984] BSON Parser: [0m4
[0m[95m [1776432911.315990] BSON Parser: [0mBSON parser: type: '8' key: 'reliable'
[0m[95m [1776432911.315994] BSON Parser: [0mBSON parser: boolean false
[0m[95m [1776432911.315999] BSON Message: [0mBSON parser: debug .
[0m[95m [1776432911.316004] BSON Message: [0mBSON parser: debug . 0 reliable 
[0m[95m [1776432911.316089] BSON Parser: [0mBSON parser: type: '16' key: 'seq_no'
[0m[95m [1776432911.316096] BSON Parser: [0mBSON parser: int32:
[0m[95m [1776432911.316101] BSON Parser: [0m86
[0m[95m [1776432911.316107] BSON Parser: [0mBSON parser: type: '8' key: 'end_marker'
[0m[95m [1776432911.316113] BSON Parser: [0mBSON parser: boolean true
[0m[95m [1776432911.316119] BSON Message: [0mBSON parser: debug .
[0m[95m [1776432911.316124] BSON Message: [0mBSON parser: debug . 0 end_marker 
[0m[95m [1776432911.316130] BSON Parser: [0mBSON parser: type: '8' key: 'fragmented'
[0m[95m [1776432911.316136] BSON Parser: [0mBSON parser: boolean false
[0m[95m [1776432911.316142] BSON Message: [0mBSON parser: debug .
[0m[95m [1776432911.316148] BSON Message: [0mBSON parser: debug . 0 fragmented 
[0m[95m [1776432911.316154] BSON Parser: [0mBSON parser: type: '8' key: 'utilize_timestamp'
[0m[95m [1776432911.316161] BSON Parser: [0mBSON parser: boolean false
[0m[95m [1776432911.316167] BSON Message: [0mBSON parser: debug .
[0m[95m [1776432911.316173] BSON Message: [0mBSON parser: debug . 0 utilize_timestamp 
[0m[95m [1776432911.316179] BSON Parser: [0mBSON parser: type: '16' key: 'frag_no'
[0m[95m [1776432911.316184] BSON Parser: [0mBSON parser: int32:
[0m[95m [1776432911.316190] BSON Parser: [0m0
[0m[95m [1776432911.316195] BSON Parser: [0mBSON parser: type: '16' key: 'frag_total'
[0m[95m [1776432911.316201] BSON Parser: [0mBSON parser: int32:
[0m[95m [1776432911.316206] BSON Parser: [0m1
[0m[95m [1776432911.316212] BSON Parser: [0mBSON parser: type: '3' key: 'data'
[0m[95m [1776432911.316218] BSON Parser: [0mBSON parser: object
[0m[95m [1776432911.316223] BSON Parser: [0mParsing client packet
[0m[95m [1776432911.316229] BSON Parser: [0mDocument length: 46 bytes
[0m[95m [1776432911.316235] BSON Parser: [0mBSON parser: type: '16' key: 'sensor_type'
[0m[95m [1776432911.316240] BSON Parser: [0mBSON parser: int32:
[0m[95m [1776432911.316246] BSON Parser: [0m2
[0m[91m [1776432911.316252] BSON Message: [0mInside sensor type parsing.
[91m [1776432911.316256] BSON Message: [0mInside sensor type parsing end.
[95m [1776432911.316260] BSON Parser: [0mBSON parser: type: '2' key: 'sid'
[0m[95m [1776432911.316265] BSON Parser: [0mBSON parser: string
[0m[95m [1776432911.316275] BSON Parser: [0mBSON parser: 8 'device_0'
[0m[91m [1776432911.316281] BSON Message: [0mInside sid parsing
[95m [1776432911.316286] BSON Parser: [0mBSON parser: type: '8' key: 'dev'
[0m[95m [1776432911.316292] BSON Parser: [0mBSON parser: boolean true
[0m[95m [1776432911.316298] BSON Message: [0mBSON parser: debug .
[0m[95m [1776432911.316304] BSON Message: [0mBSON parser: debug . 0 dev 
[0m[95m [1776432911.316310] BSON Parser: [0mBSON parser: return. 46 length document has 46 bytes.
[0m[95m [1776432911.316316] BSON Parser: [0mBSON parser: return. 165 length document has 165 bytes.
[0m[95m [1776432911.316321] Transport: [0mComing to handle fragmentation 2
[0m[91m [1776432911.316328] Client: [0m---before writing in log upd_msg->seq_no= 86
[91m [1776432911.316332] Client: [0m---before writing in log upd_msg->type= 4
[91m [1776432911.316335] Client: [0m---before writing in log upd_msg->frag_no= 0
[91m [1776432911.316339] Client: [0m---before writing in log upd_msg->reliable= 0
[91m [1776432911.316343] Client: [0m---before writing in log upd_msg->data.sensor_type= 2
[91m [1776432911.316347] Client: [0m---before writing in log upd_msg->data.sid= device_0
[91m [1776432911.316352] Client: [0m---after writing in log upd_msg->seq_no = 86
[91m [1776432911.316356] Client: [0m---after writing in log upd_msg->data.sensor_type = 2
[91m [1776432911.316360] Client: [0m---after writing in log upd_msg->reliable = 0
[95m [1776432911.934745] Transport: [0mReceived 165 bytes
[0m[95m [1776432911.934755] BSON Parser: [0mParsing client packet
[0m[95m [1776432911.934759] BSON Parser: [0mDocument length: 165 bytes
[0m[95m [1776432911.934764] BSON Parser: [0mBSON parser: type: '16' key: 'type'
[0m[95m [1776432911.934769] BSON Parser: [0mBSON parser: int32:
[0m[95m [1776432911.934774] BSON Parser: [0m4
[0m[95m [1776432911.934779] BSON Parser: [0mBSON parser: type: '8' key: 'reliable'
[0m[95m [1776432911.934783] BSON Parser: [0mBSON parser: boolean false
[0m[95m [1776432911.934788] BSON Message: [0mBSON parser: debug .
[0m[95m [1776432911.934792] BSON Message: [0mBSON parser: debug . 0 reliable 
[0m[95m [1776432911.934798] BSON Parser: [0mBSON parser: type: '16' key: 'seq_no'
[0m[95m [1776432911.934803] BSON Parser: [0mBSON parser: int32:
[0m[95m [1776432911.934807] BSON Parser: [0m87
[0m[95m [1776432911.934812] BSON Parser: [0mBSON parser: type: '8' key: 'end_marker'
[0m[95m [1776432911.934817] BSON Parser: [0mBSON parser: boolean true
[0m[95m [1776432911.934821] BSON Message: [0mBSON parser: debug .
[0m[95m [1776432911.934826] BSON Message: [0mBSON parser: debug . 0 end_marker 
[0m[95m [1776432911.934830] BSON Parser: [0mBSON parser: type: '8' key: 'fragmented'
[0m[95m [1776432911.934835] BSON Parser: [0mBSON parser: boolean false
[0m[95m [1776432911.934839] BSON Message: [0mBSON parser: debug .
[0m[95m [1776432911.934843] BSON Message: [0mBSON parser: debug . 0 fragmented 
[0m[95m [1776432911.934848] BSON Parser: [0mBSON parser: type: '8' key: 'utilize_timestamp'
[0m[95m [1776432911.934853] BSON Parser: [0mBSON parser: boolean false
[0m[95m [1776432911.934857] BSON Message: [0mBSON parser: debug .
[0m[95m [1776432911.934862] BSON Message: [0mBSON parser: debug . 0 utilize_timestamp 
[0m[95m [1776432911.934866] BSON Parser: [0mBSON parser: type: '16' key: 'frag_no'
[0m[95m [1776432911.934871] BSON Parser: [0mBSON parser: int32:
[0m[95m [1776432911.934875] BSON Parser: [0m0
[0m[95m [1776432911.934880] BSON Parser: [0mBSON parser: type: '16' key: 'frag_total'
[0m[95m [1776432911.934884] BSON Parser: [0mBSON parser: int32:
[0m[95m [1776432911.934889] BSON Parser: [0m1
[0m[95m [1776432911.934893] BSON Parser: [0mBSON parser: type: '3' key: 'data'
[0m[95m [1776432911.934898] BSON Parser: [0mBSON parser: object
[0m[95m [1776432911.934903] BSON Parser: [0mParsing client packet
[0m[95m [1776432911.934908] BSON Parser: [0mDocument length: 46 bytes
[0m[95m [1776432911.934912] BSON Parser: [0mBSON parser: type: '16' key: 'sensor_type'
[0m[95m [1776432911.934920] BSON Parser: [0mBSON parser: int32:
[0m[95m [1776432911.934924] BSON Parser: [0m2
[0m[91m [1776432911.934929] BSON Message: [0mInside sensor type parsing.
[91m [1776432911.934932] BSON Message: [0mInside sensor type parsing end.
[95m [1776432911.934935] BSON Parser: [0mBSON parser: type: '2' key: 'sid'
[0m[95m [1776432911.934940] BSON Parser: [0mBSON parser: string
[0m[95m [1776432911.934944] BSON Parser: [0mBSON parser: 8 'device_0'
[0m[91m [1776432911.934949] BSON Message: [0mInside sid parsing
[95m [1776432911.934952] BSON Parser: [0mBSON parser: type: '8' key: 'dev'
[0m[95m [1776432911.934967] BSON Parser: [0mBSON parser: boolean false
[0m[95m [1776432911.934972] BSON Message: [0mBSON parser: debug .
[0m[95m [1776432911.934976] BSON Message: [0mBSON parser: debug . 0 dev 
[0m[95m [1776432911.934981] BSON Parser: [0mBSON parser: return. 46 length document has 46 bytes.
[0m[95m [1776432911.934985] BSON Parser: [0mBSON parser: return. 165 length document has 165 bytes.
[0m[95m [1776432911.934990] Transport: [0mComing to handle fragmentation 2
[0m[91m [1776432911.934995] Client: [0m---before writing in log upd_msg->seq_no= 87
[91m [1776432911.934999] Client: [0m---before writing in log upd_msg->type= 4
[91m [1776432911.935002] Client: [0m---before writing in log upd_msg->frag_no= 0
[91m [1776432911.935005] Client: [0m---before writing in log upd_msg->reliable= 0
[91m [1776432911.935017] Client: [0m---before writing in log upd_msg->data.sensor_type= 2
[91m [1776432911.935020] Client: [0m---before writing in log upd_msg->data.sid= device_0
[91m [1776432911.935024] Client: [0m---after writing in log upd_msg->seq_no = 87
[91m [1776432911.935027] Client: [0m---after writing in log upd_msg->data.sensor_type = 2
[91m [1776432911.935030] Client: [0m---after writing in log upd_msg->reliable = 0
[95m [1776432912.835239] Transport: [0mReceived 165 bytes
[0m[95m [1776432912.835250] BSON Parser: [0mParsing client packet
[0m[95m [1776432912.835255] BSON Parser: [0mDocument length: 165 bytes
[0m[95m [1776432912.835260] BSON Parser: [0mBSON parser: type: '16' key: 'type'
[0m[95m [1776432912.835265] BSON Parser: [0mBSON parser: int32:
[0m[95m [1776432912.835270] BSON Parser: [0m4
[0m[95m [1776432912.835275] BSON Parser: [0mBSON parser: type: '8' key: 'reliable'
[0m[95m [1776432912.835279] BSON Parser: [0mBSON parser: boolean false
[0m[95m [1776432912.835284] BSON Message: [0mBSON parser: debug .
[0m[95m [1776432912.835289] BSON Message: [0mBSON parser: debug . 0 reliable 
[0m[95m [1776432912.835293] BSON Parser: [0mBSON parser: type: '16' key: 'seq_no'
[0m[95m [1776432912.835298] BSON Parser: [0mBSON parser: int32:
[0m[95m [1776432912.835303] BSON Parser: [0m88
[0m[95m [1776432912.835308] BSON Parser: [0mBSON parser: type: '8' key: 'end_marker'
[0m[95m [1776432912.835313] BSON Parser: [0mBSON parser: boolean true
[0m[95m [1776432912.835317] BSON Message: [0mBSON parser: debug .
[0m[95m [1776432912.835322] BSON Message: [0mBSON parser: debug . 0 end_marker 
[0m[95m [1776432912.835326] BSON Parser: [0mBSON parser: type: '8' key: 'fragmented'
[0m[95m [1776432912.835332] BSON Parser: [0mBSON parser: boolean false
[0m[95m [1776432912.835336] BSON Message: [0mBSON parser: debug .
[0m[95m [1776432912.835341] BSON Message: [0mBSON parser: debug . 0 fragmented 
[0m[95m [1776432912.835346] BSON Parser: [0mBSON parser: type: '8' key: 'utilize_timestamp'
[0m[95m [1776432912.835351] BSON Parser: [0mBSON parser: boolean false
[0m[95m [1776432912.835356] BSON Message: [0mBSON parser: debug .
[0m[95m [1776432912.835360] BSON Message: [0mBSON parser: debug . 0 utilize_timestamp 
[0m[95m [1776432912.835365] BSON Parser: [0mBSON parser: type: '16' key: 'frag_no'
[0m[95m [1776432912.835370] BSON Parser: [0mBSON parser: int32:
[0m[95m [1776432912.835375] BSON Parser: [0m0
[0m[95m [1776432912.835381] BSON Parser: [0mBSON parser: type: '16' key: 'frag_total'
[0m[95m [1776432912.835392] BSON Parser: [0mBSON parser: int32:
[0m[95m [1776432912.835399] BSON Parser: [0m1
[0m[95m [1776432912.835405] BSON Parser: [0mBSON parser: type: '3' key: 'data'
[0m[95m [1776432912.835411] BSON Parser: [0mBSON parser: object
[0m[95m [1776432912.835416] BSON Parser: [0mParsing client packet
[0m[95m [1776432912.835422] BSON Parser: [0mDocument length: 46 bytes
[0m[95m [1776432912.835429] BSON Parser: [0mBSON parser: type: '16' key: 'sensor_type'
[0m[95m [1776432912.835435] BSON Parser: [0mBSON parser: int32:
[0m[95m [1776432912.835441] BSON Parser: [0m2
[0m[91m [1776432912.835447] BSON Message: [0mInside sensor type parsing.
[91m [1776432912.835451] BSON Message: [0mInside sensor type parsing end.
[95m [1776432912.835456] BSON Parser: [0mBSON parser: type: '2' key: 'sid'
[0m[95m [1776432912.835462] BSON Parser: [0mBSON parser: string
[0m[95m [1776432912.835468] BSON Parser: [0mBSON parser: 8 'device_0'
[0m[91m [1776432912.835473] BSON Message: [0mInside sid parsing
[95m [1776432912.835478] BSON Parser: [0mBSON parser: type: '8' key: 'dev'
[0m[95m [1776432912.835484] BSON Parser: [0mBSON parser: boolean false
[0m[95m [1776432912.835492] BSON Message: [0mBSON parser: debug .
[0m[95m [1776432912.835498] BSON Message: [0mBSON parser: debug . 0 dev 
[0m[95m [1776432912.835504] BSON Parser: [0mBSON parser: return. 46 length document has 46 bytes.
[0m[95m [1776432912.835510] BSON Parser: [0mBSON parser: return. 165 length document has 165 bytes.
[0m[95m [1776432912.835516] Transport: [0mComing to handle fragmentation 2
[0m[91m [1776432912.835522] Client: [0m---before writing in log upd_msg->seq_no= 88
[91m [1776432912.835526] Client: [0m---before writing in log upd_msg->type= 4
[91m [1776432912.835530] Client: [0m---before writing in log upd_msg->frag_no= 0
[91m [1776432912.835534] Client: [0m---before writing in log upd_msg->reliable= 0
[91m [1776432912.835538] Client: [0m---before writing in log upd_msg->data.sensor_type= 2
[91m [1776432912.835542] Client: [0m---before writing in log upd_msg->data.sid= device_0
[91m [1776432912.835547] Client: [0m---after writing in log upd_msg->seq_no = 88
[91m [1776432912.835550] Client: [0m---after writing in log upd_msg->data.sensor_type = 2
[91m [1776432912.835554] Client: [0m---after writing in log upd_msg->reliable = 0
[95m [1776432913.805028] Client: [0mTimeout reached, sending keep_alive.
[0m[95m [1776432914.594208] Transport: [0mReceived 165 bytes
[0m[95m [1776432914.594221] BSON Parser: [0mParsing client packet
[0m[95m [1776432914.594227] BSON Parser: [0mDocument length: 165 bytes
[0m[95m [1776432914.594233] BSON Parser: [0mBSON parser: type: '16' key: 'type'
[0m[95m [1776432914.594239] BSON Parser: [0mBSON parser: int32:
[0m[95m [1776432914.594245] BSON Parser: [0m4
[0m[95m [1776432914.594251] BSON Parser: [0mBSON parser: type: '8' key: 'reliable'
[0m[95m [1776432914.594257] BSON Parser: [0mBSON parser: boolean false
[0m[95m [1776432914.594262] BSON Message: [0mBSON parser: debug .
[0m[95m [1776432914.594268] BSON Message: [0mBSON parser: debug . 0 reliable 
[0m[95m [1776432914.594274] BSON Parser: [0mBSON parser: type: '16' key: 'seq_no'
[0m[95m [1776432914.594280] BSON Parser: [0mBSON parser: int32:
[0m[95m [1776432914.594286] BSON Parser: [0m89
[0m[95m [1776432914.594293] BSON Parser: [0mBSON parser: type: '8' key: 'end_marker'
[0m[95m [1776432914.594299] BSON Parser: [0mBSON parser: boolean true
[0m[95m [1776432914.594304] BSON Message: [0mBSON parser: debug .
[0m[95m [1776432914.594310] BSON Message: [0mBSON parser: debug . 0 end_marker 
[0m[95m [1776432914.594316] BSON Parser: [0mBSON parser: type: '8' key: 'fragmented'
[0m[95m [1776432914.594322] BSON Parser: [0mBSON parser: boolean false
[0m[95m [1776432914.594327] BSON Message: [0mBSON parser: debug .
[0m[95m [1776432914.594333] BSON Message: [0mBSON parser: debug . 0 fragmented 
[0m[95m [1776432914.594339] BSON Parser: [0mBSON parser: type: '8' key: 'utilize_timestamp'
[0m[95m [1776432914.594348] BSON Parser: [0mBSON parser: boolean false
[0m[95m [1776432914.594354] BSON Message: [0mBSON parser: debug .
[0m[95m [1776432914.594359] BSON Message: [0mBSON parser: debug . 0 utilize_timestamp 
[0m[95m [1776432914.594365] BSON Parser: [0mBSON parser: type: '16' key: 'frag_no'
[0m[95m [1776432914.594371] BSON Parser: [0mBSON parser: int32:
[0m[95m [1776432914.594376] BSON Parser: [0m0
[0m[95m [1776432914.594382] BSON Parser: [0mBSON parser: type: '16' key: 'frag_total'
[0m[95m [1776432914.594388] BSON Parser: [0mBSON parser: int32:
[0m[95m [1776432914.594394] BSON Parser: [0m1
[0m[95m [1776432914.594401] BSON Parser: [0mBSON parser: type: '3' key: 'data'
[0m[95m [1776432914.594407] BSON Parser: [0mBSON parser: object
[0m[95m [1776432914.594412] BSON Parser: [0mParsing client packet
[0m[95m [1776432914.594420] BSON Parser: [0mDocument length: 46 bytes
[0m[95m [1776432914.594426] BSON Parser: [0mBSON parser: type: '16' key: 'sensor_type'
[0m[95m [1776432914.594432] BSON Parser: [0mBSON parser: int32:
[0m[95m [1776432914.594437] BSON Parser: [0m2
[0m[91m [1776432914.594442] BSON Message: [0mInside sensor type parsing.
[91m [1776432914.594446] BSON Message: [0mInside sensor type parsing end.
[95m [1776432914.594450] BSON Parser: [0mBSON parser: type: '2' key: 'sid'
[0m[95m [1776432914.594456] BSON Parser: [0mBSON parser: string
[0m[95m [1776432914.594463] BSON Parser: [0mBSON parser: 8 'device_0'
[0m[91m [1776432914.594468] BSON Message: [0mInside sid parsing
[95m [1776432914.594472] BSON Parser: [0mBSON parser: type: '8' key: 'dev'
[0m[95m [1776432914.594478] BSON Parser: [0mBSON parser: boolean false
[0m[95m [1776432914.594485] BSON Message: [0mBSON parser: debug .
[0m[95m [1776432914.594491] BSON Message: [0mBSON parser: debug . 0 dev 
[0m[95m [1776432914.594496] BSON Parser: [0mBSON parser: return. 46 length document has 46 bytes.
[0m[95m [1776432914.594502] BSON Parser: [0mBSON parser: return. 165 length document has 165 bytes.
[0m[95m [1776432914.594508] Transport: [0mComing to handle fragmentation 2
[0m[91m [1776432914.594514] Client: [0m---before writing in log upd_msg->seq_no= 89
[91m [1776432914.594518] Client: [0m---before writing in log upd_msg->type= 4
[91m [1776432914.594523] Client: [0m---before writing in log upd_msg->frag_no= 0
[91m [1776432914.594527] Client: [0m---before writing in log upd_msg->reliable= 0
[91m [1776432914.594531] Client: [0m---before writing in log upd_msg->data.sensor_type= 2
[91m [1776432914.594535] Client: [0m---before writing in log upd_msg->data.sid= device_0
[91m [1776432914.594539] Client: [0m---after writing in log upd_msg->seq_no = 89
[91m [1776432914.594543] Client: [0m---after writing in log upd_msg->data.sensor_type = 2
[91m [1776432914.594549] Client: [0m---after writing in log upd_msg->reliable = 0
[95m [1776432914.782206] Transport: [0mReceived 165 bytes
[0m[95m [1776432914.782218] BSON Parser: [0mParsing client packet
[0m[95m [1776432914.782224] BSON Parser: [0mDocument length: 165 bytes
[0m[95m [1776432914.782232] BSON Parser: [0mBSON parser: type: '16' key: 'type'
[0m[95m [1776432914.782238] BSON Parser: [0mBSON parser: int32:
[0m[95m [1776432914.782245] BSON Parser: [0m4
[0m[95m [1776432914.782251] BSON Parser: [0mBSON parser: type: '8' key: 'reliable'
[0m[95m [1776432914.782257] BSON Parser: [0mBSON parser: boolean false
[0m[95m [1776432914.782263] BSON Message: [0mBSON parser: debug .
[0m[95m [1776432914.782269] BSON Message: [0mBSON parser: debug . 0 reliable 
[0m[95m [1776432914.782274] BSON Parser: [0mBSON parser: type: '16' key: 'seq_no'
[0m[95m [1776432914.782280] BSON Parser: [0mBSON parser: int32:
[0m[95m [1776432914.782286] BSON Parser: [0m90
[0m[95m [1776432914.782292] BSON Parser: [0mBSON parser: type: '8' key: 'end_marker'
[0m[95m [1776432914.782297] BSON Parser: [0mBSON parser: boolean true
[0m[95m [1776432914.782303] BSON Message: [0mBSON parser: debug .
[0m[95m [1776432914.782312] BSON Message: [0mBSON parser: debug . 0 end_marker 
[0m[95m [1776432914.782319] BSON Parser: [0mBSON parser: type: '8' key: 'fragmented'
[0m[95m [1776432914.782324] BSON Parser: [0mBSON parser: boolean false
[0m[95m [1776432914.782330] BSON Message: [0mBSON parser: debug .
[0m[95m [1776432914.782336] BSON Message: [0mBSON parser: debug . 0 fragmented 
[0m[95m [1776432914.782342] BSON Parser: [0mBSON parser: type: '8' key: 'utilize_timestamp'
[0m[95m [1776432914.782348] BSON Parser: [0mBSON parser: boolean false
[0m[95m [1776432914.782354] BSON Message: [0mBSON parser: debug .
[0m[95m [1776432914.782360] BSON Message: [0mBSON parser: debug . 0 utilize_timestamp 
[0m[95m [1776432914.782368] BSON Parser: [0mBSON parser: type: '16' key: 'frag_no'
[0m[95m [1776432914.782374] BSON Parser: [0mBSON parser: int32:
[0m[95m [1776432914.782380] BSON Parser: [0m0
[0m[95m [1776432914.782386] BSON Parser: [0mBSON parser: type: '16' key: 'frag_total'
[0m[95m [1776432914.782392] BSON Parser: [0mBSON parser: int32:
[0m[95m [1776432914.782397] BSON Parser: [0m1
[0m[95m [1776432914.782404] BSON Parser: [0mBSON parser: type: '3' key: 'data'
[0m[95m [1776432914.782410] BSON Parser: [0mBSON parser: object
[0m[95m [1776432914.782416] BSON Parser: [0mParsing client packet
[0m[95m [1776432914.782422] BSON Parser: [0mDocument length: 46 bytes
[0m[95m [1776432914.782429] BSON Parser: [0mBSON parser: type: '16' key: 'sensor_type'
[0m[95m [1776432914.782434] BSON Parser: [0mBSON parser: int32:
[0m[95m [1776432914.782441] BSON Parser: [0m2
[0m[91m [1776432914.782447] BSON Message: [0mInside sensor type parsing.
[91m [1776432914.782451] BSON Message: [0mInside sensor type parsing end.
[95m [1776432914.782455] BSON Parser: [0mBSON parser: type: '2' key: 'sid'
[0m[95m [1776432914.782462] BSON Parser: [0mBSON parser: string
[0m[95m [1776432914.782468] BSON Parser: [0mBSON parser: 8 'device_0'
[0m[91m [1776432914.782474] BSON Message: [0mInside sid parsing
[95m [1776432914.782478] BSON Parser: [0mBSON parser: type: '8' key: 'dev'
[0m[95m [1776432914.782484] BSON Parser: [0mBSON parser: boolean false
[0m[95m [1776432914.782490] BSON Message: [0mBSON parser: debug .
[0m[95m [1776432914.782497] BSON Message: [0mBSON parser: debug . 0 dev 
[0m[95m [1776432914.782504] BSON Parser: [0mBSON parser: return. 46 length document has 46 bytes.
[0m[95m [1776432914.782510] BSON Parser: [0mBSON parser: return. 165 length document has 165 bytes.
[0m[95m [1776432914.782516] Transport: [0mComing to handle fragmentation 2
[0m[91m [1776432914.782523] Client: [0m---before writing in log upd_msg->seq_no= 90
[91m [1776432914.782527] Client: [0m---before writing in log upd_msg->type= 4
[91m [1776432914.782532] Client: [0m---before writing in log upd_msg->frag_no= 0
[91m [1776432914.782536] Client: [0m---before writing in log upd_msg->reliable= 0
[91m [1776432914.782540] Client: [0m---before writing in log upd_msg->data.sensor_type= 2
[91m [1776432914.782545] Client: [0m---before writing in log upd_msg->data.sid= device_0
[91m [1776432914.782550] Client: [0m---after writing in log upd_msg->seq_no = 90
[91m [1776432914.782554] Client: [0m---after writing in log upd_msg->data.sensor_type = 2
[91m [1776432914.782558] Client: [0m---after writing in log upd_msg->reliable = 0
