[91m [1776446025.430963] BSON Message: [0mInside sensor type parsing.
[91m [1776446025.430976] BSON Message: [0mInside sensor type parsing end.
[91m [1776446025.430981] BSON Message: [0mInside sid parsing
[91m [1776446025.430987] Client: [0m---before writing in log upd_msg->seq_no= 0
[91m [1776446025.430992] Client: [0m---before writing in log upd_msg->type= 4
[91m [1776446025.430996] Client: [0m---before writing in log upd_msg->frag_no= 0
[91m [1776446025.431000] Client: [0m---before writing in log upd_msg->reliable= 1
[91m [1776446025.431005] Client: [0m---before writing in log upd_msg->data.sensor_type= 2
[91m [1776446025.431009] Client: [0m---before writing in log upd_msg->data.sid= device_0
[91m [1776446025.431020] Client: [0m---after writing in log upd_msg->seq_no = 0
[91m [1776446025.431024] Client: [0m---after writing in log upd_msg->data.sensor_type = 2
[91m [1776446025.431029] Client: [0m---after writing in log upd_msg->reliable = 1
[91m [1776446025.431048] BSON Message: [0mInside sensor type parsing.
[91m [1776446025.431053] BSON Message: [0mInside sensor type parsing end.
[91m [1776446025.431058] BSON Message: [0mInside sid parsing
[91m [1776446025.431063] BSON Message: [0mInside gps1 parsing.
[91m [1776446025.431068] Client: [0m---before writing in log upd_msg->seq_no= 0
[91m [1776446025.431072] Client: [0m---before writing in log upd_msg->type= 4
[91m [1776446025.431077] Client: [0m---before writing in log upd_msg->frag_no= 0
[91m [1776446025.431081] Client: [0m---before writing in log upd_msg->reliable= 1
[91m [1776446025.431086] Client: [0m---before writing in log upd_msg->data.sensor_type= 3
[91m [1776446025.431090] Client: [0m---before writing in log upd_msg->data.sid= gps_2
[91m [1776446025.431100] Client: [0m---after writing in log upd_msg->seq_no = 0
[91m [1776446025.431105] Client: [0m---after writing in log upd_msg->data.sensor_type = 3
[91m [1776446025.431109] Client: [0m---after writing in log upd_msg->reliable = 1
[91m [1776446025.431125] BSON Message: [0mInside sensor type parsing.
[91m [1776446025.431130] BSON Message: [0mInside sensor type parsing end.
[91m [1776446025.431135] BSON Message: [0mInside sid parsing
[91m [1776446025.431140] BSON Message: [0mInside temp1 parsing.
[91m [1776446025.431145] Client: [0m---before writing in log upd_msg->seq_no= 0
[91m [1776446025.431149] Client: [0m---before writing in log upd_msg->type= 4
[91m [1776446025.431153] Client: [0m---before writing in log upd_msg->frag_no= 0
[91m [1776446025.431158] Client: [0m---before writing in log upd_msg->reliable= 1
[91m [1776446025.431163] Client: [0m---before writing in log upd_msg->data.sensor_type= 1
[91m [1776446025.431167] Client: [0m---before writing in log upd_msg->data.sid= temp_1
[91m [1776446025.431178] Client: [0m---after writing in log upd_msg->seq_no = 0
[91m [1776446025.431183] Client: [0m---after writing in log upd_msg->data.sensor_type = 1
[91m [1776446025.431187] Client: [0m---after writing in log upd_msg->reliable = 1
[91m [1776446025.847080] BSON Message: [0mInside sensor type parsing.
[91m [1776446025.847091] BSON Message: [0mInside sensor type parsing end.
[91m [1776446025.847096] BSON Message: [0mInside sid parsing
[91m [1776446025.847101] BSON Message: [0mInside temp1 parsing.
[91m [1776446025.847107] Client: [0m---before writing in log upd_msg->seq_no= 1
[91m [1776446025.847112] Client: [0m---before writing in log upd_msg->type= 4
[91m [1776446025.847117] Client: [0m---before writing in log upd_msg->frag_no= 0
[91m [1776446025.847121] Client: [0m---before writing in log upd_msg->reliable= 1
[91m [1776446025.847126] Client: [0m---before writing in log upd_msg->data.sensor_type= 1
[91m [1776446025.847130] Client: [0m---before writing in log upd_msg->data.sid= temp_1
[91m [1776446025.847136] Client: [0m---after writing in log upd_msg->seq_no = 1
[91m [1776446025.847141] Client: [0m---after writing in log upd_msg->data.sensor_type = 1
[91m [1776446025.847145] Client: [0m---after writing in log upd_msg->reliable = 1
[91m [1776446026.847513] BSON Message: [0mInside sensor type parsing.
[91m [1776446026.847528] BSON Message: [0mInside sensor type parsing end.
[91m [1776446026.847536] BSON Message: [0mInside sid parsing
[91m [1776446026.847544] BSON Message: [0mInside temp1 parsing.
[91m [1776446026.847553] Client: [0m---before writing in log upd_msg->seq_no= 2
[91m [1776446026.847559] Client: [0m---before writing in log upd_msg->type= 4
[91m [1776446026.847566] Client: [0m---before writing in log upd_msg->frag_no= 0
[91m [1776446026.847574] Client: [0m---before writing in log upd_msg->reliable= 1
[91m [1776446026.847581] Client: [0m---before writing in log upd_msg->data.sensor_type= 1
[91m [1776446026.847588] Client: [0m---before writing in log upd_msg->data.sid= temp_1
[91m [1776446026.847596] Client: [0m---after writing in log upd_msg->seq_no = 2
[91m [1776446026.847603] Client: [0m---after writing in log upd_msg->data.sensor_type = 1
[91m [1776446026.847610] Client: [0m---after writing in log upd_msg->reliable = 1
[91m [1776446027.847762] BSON Message: [0mInside sensor type parsing.
[91m [1776446027.847777] BSON Message: [0mInside sensor type parsing end.
[91m [1776446027.847784] BSON Message: [0mInside sid parsing
[91m [1776446027.847792] BSON Message: [0mInside temp1 parsing.
[91m [1776446027.847831] Client: [0m---before writing in log upd_msg->seq_no= 3
[91m [1776446027.847844] Client: [0m---before writing in log upd_msg->type= 4
[91m [1776446027.847851] Client: [0m---before writing in log upd_msg->frag_no= 0
[91m [1776446027.847858] Client: [0m---before writing in log upd_msg->reliable= 1
[91m [1776446027.847864] Client: [0m---before writing in log upd_msg->data.sensor_type= 1
[91m [1776446027.847870] Client: [0m---before writing in log upd_msg->data.sid= temp_1
[91m [1776446027.847878] Client: [0m---after writing in log upd_msg->seq_no = 3
[91m [1776446027.847883] Client: [0m---after writing in log upd_msg->data.sensor_type = 1
[91m [1776446027.847889] Client: [0m---after writing in log upd_msg->reliable = 1
[91m [1776446028.73793] BSON Message: [0mInside sensor type parsing.
[91m [1776446028.73804] BSON Message: [0mInside sensor type parsing end.
[91m [1776446028.73808] BSON Message: [0mInside sid parsing
[91m [1776446028.73813] Client: [0m---before writing in log upd_msg->seq_no= 1
[91m [1776446028.73817] Client: [0m---before writing in log upd_msg->type= 4
[91m [1776446028.73821] Client: [0m---before writing in log upd_msg->frag_no= 0
[91m [1776446028.73825] Client: [0m---before writing in log upd_msg->reliable= 1
[91m [1776446028.73829] Client: [0m---before writing in log upd_msg->data.sensor_type= 2
[91m [1776446028.73833] Client: [0m---before writing in log upd_msg->data.sid= device_0
[91m [1776446028.73837] Client: [0m---after writing in log upd_msg->seq_no = 1
[91m [1776446028.73841] Client: [0m---after writing in log upd_msg->data.sensor_type = 2
[91m [1776446028.73845] Client: [0m---after writing in log upd_msg->reliable = 1
[91m [1776446028.848256] BSON Message: [0mInside sensor type parsing.
[91m [1776446028.848268] BSON Message: [0mInside sensor type parsing end.
[91m [1776446028.848274] BSON Message: [0mInside sid parsing
[91m [1776446028.848279] BSON Message: [0mInside temp1 parsing.
[91m [1776446028.848285] Client: [0m---before writing in log upd_msg->seq_no= 4
[91m [1776446028.848290] Client: [0m---before writing in log upd_msg->type= 4
[91m [1776446028.848295] Client: [0m---before writing in log upd_msg->frag_no= 0
[91m [1776446028.848300] Client: [0m---before writing in log upd_msg->reliable= 1
[91m [1776446028.848306] Client: [0m---before writing in log upd_msg->data.sensor_type= 1
[91m [1776446028.848311] Client: [0m---before writing in log upd_msg->data.sid= temp_1
[91m [1776446028.848317] Client: [0m---after writing in log upd_msg->seq_no = 4
[91m [1776446028.848322] Client: [0m---after writing in log upd_msg->data.sensor_type = 1
[91m [1776446028.848328] Client: [0m---after writing in log upd_msg->reliable = 1
[91m [1776446029.466104] BSON Message: [0mInside sensor type parsing.
[91m [1776446029.466123] BSON Message: [0mInside sensor type parsing end.
[91m [1776446029.466132] BSON Message: [0mInside sid parsing
[91m [1776446029.466141] Client: [0m---before writing in log upd_msg->seq_no= 2
[91m [1776446029.466148] Client: [0m---before writing in log upd_msg->type= 4
[91m [1776446029.466156] Client: [0m---before writing in log upd_msg->frag_no= 0
[91m [1776446029.466163] Client: [0m---before writing in log upd_msg->reliable= 1
[91m [1776446029.466170] Client: [0m---before writing in log upd_msg->data.sensor_type= 2
[91m [1776446029.466178] Client: [0m---before writing in log upd_msg->data.sid= device_0
[91m [1776446029.466187] Client: [0m---after writing in log upd_msg->seq_no = 2
[91m [1776446029.466194] Client: [0m---after writing in log upd_msg->data.sensor_type = 2
[91m [1776446029.466201] Client: [0m---after writing in log upd_msg->reliable = 1
[91m [1776446029.848399] BSON Message: [0mInside sensor type parsing.
[91m [1776446029.848414] BSON Message: [0mInside sensor type parsing end.
[91m [1776446029.848421] BSON Message: [0mInside sid parsing
[91m [1776446029.848428] BSON Message: [0mInside temp1 parsing.
[91m [1776446029.848435] Client: [0m---before writing in log upd_msg->seq_no= 5
[91m [1776446029.848441] Client: [0m---before writing in log upd_msg->type= 4
[91m [1776446029.848447] Client: [0m---before writing in log upd_msg->frag_no= 0
[91m [1776446029.848454] Client: [0m---before writing in log upd_msg->reliable= 1
[91m [1776446029.848460] Client: [0m---before writing in log upd_msg->data.sensor_type= 1
[91m [1776446029.848466] Client: [0m---before writing in log upd_msg->data.sid= temp_1
[91m [1776446029.848473] Client: [0m---after writing in log upd_msg->seq_no = 5
[91m [1776446029.848479] Client: [0m---after writing in log upd_msg->data.sensor_type = 1
[91m [1776446029.848485] Client: [0m---after writing in log upd_msg->reliable = 1
[91m [1776446029.939823] BSON Message: [0mInside sensor type parsing.
[91m [1776446029.939835] BSON Message: [0mInside sensor type parsing end.
[91m [1776446029.939840] BSON Message: [0mInside sid parsing
[91m [1776446029.939846] Client: [0m---before writing in log upd_msg->seq_no= 3
[91m [1776446029.939851] Client: [0m---before writing in log upd_msg->type= 4
[91m [1776446029.939856] Client: [0m---before writing in log upd_msg->frag_no= 0
[91m [1776446029.939860] Client: [0m---before writing in log upd_msg->reliable= 1
[91m [1776446029.939865] Client: [0m---before writing in log upd_msg->data.sensor_type= 2
[91m [1776446029.939869] Client: [0m---before writing in log upd_msg->data.sid= device_0
[91m [1776446029.939876] Client: [0m---after writing in log upd_msg->seq_no = 3
[91m [1776446029.939881] Client: [0m---after writing in log upd_msg->data.sensor_type = 2
[91m [1776446029.939885] Client: [0m---after writing in log upd_msg->reliable = 1
[91m [1776446030.764771] BSON Message: [0mInside sensor type parsing.
[91m [1776446030.764787] BSON Message: [0mInside sensor type parsing end.
[91m [1776446030.764797] BSON Message: [0mInside sid parsing
[91m [1776446030.764806] BSON Message: [0mInside gps1 parsing.
[91m [1776446030.764816] Client: [0m---before writing in log upd_msg->seq_no= 1
[91m [1776446030.764824] Client: [0m---before writing in log upd_msg->type= 4
[91m [1776446030.764831] Client: [0m---before writing in log upd_msg->frag_no= 0
[91m [1776446030.764837] Client: [0m---before writing in log upd_msg->reliable= 1
[91m [1776446030.764843] Client: [0m---before writing in log upd_msg->data.sensor_type= 3
[91m [1776446030.764850] Client: [0m---before writing in log upd_msg->data.sid= gps_2
[91m [1776446030.764861] Client: [0m---after writing in log upd_msg->seq_no = 1
[91m [1776446030.764869] Client: [0m---after writing in log upd_msg->data.sensor_type = 3
[91m [1776446030.764877] Client: [0m---after writing in log upd_msg->reliable = 1
[91m [1776446030.849794] BSON Message: [0mInside sensor type parsing.
[91m [1776446030.849811] BSON Message: [0mInside sensor type parsing end.
[91m [1776446030.849815] BSON Message: [0mInside sid parsing
[91m [1776446030.849819] BSON Message: [0mInside temp1 parsing.
[91m [1776446030.849824] Client: [0m---before writing in log upd_msg->seq_no= 6
[91m [1776446030.849828] Client: [0m---before writing in log upd_msg->type= 4
[91m [1776446030.849834] Client: [0m---before writing in log upd_msg->frag_no= 0
[91m [1776446030.849839] Client: [0m---before writing in log upd_msg->reliable= 1
[91m [1776446030.849844] Client: [0m---before writing in log upd_msg->data.sensor_type= 1
[91m [1776446030.849849] Client: [0m---before writing in log upd_msg->data.sid= temp_1
[91m [1776446030.849855] Client: [0m---after writing in log upd_msg->seq_no = 6
[91m [1776446030.849860] Client: [0m---after writing in log upd_msg->data.sensor_type = 1
[91m [1776446030.849865] Client: [0m---after writing in log upd_msg->reliable = 1
[91m [1776446031.849386] BSON Message: [0mInside sensor type parsing.
[91m [1776446031.849400] BSON Message: [0mInside sensor type parsing end.
[91m [1776446031.849407] BSON Message: [0mInside sid parsing
[91m [1776446031.849414] BSON Message: [0mInside temp1 parsing.
[91m [1776446031.849421] Client: [0m---before writing in log upd_msg->seq_no= 7
[91m [1776446031.849428] Client: [0m---before writing in log upd_msg->type= 4
[91m [1776446031.849435] Client: [0m---before writing in log upd_msg->frag_no= 0
[91m [1776446031.849441] Client: [0m---before writing in log upd_msg->reliable= 1
[91m [1776446031.849448] Client: [0m---before writing in log upd_msg->data.sensor_type= 1
[91m [1776446031.849454] Client: [0m---before writing in log upd_msg->data.sid= temp_1
[91m [1776446031.849461] Client: [0m---after writing in log upd_msg->seq_no = 7
[91m [1776446031.849467] Client: [0m---after writing in log upd_msg->data.sensor_type = 1
[91m [1776446031.849473] Client: [0m---after writing in log upd_msg->reliable = 1
[91m [1776446032.849310] BSON Message: [0mInside sensor type parsing.
[91m [1776446032.849327] BSON Message: [0mInside sensor type parsing end.
[91m [1776446032.849339] BSON Message: [0mInside sid parsing
[91m [1776446032.849345] BSON Message: [0mInside temp1 parsing.
[91m [1776446032.849357] Client: [0m---before writing in log upd_msg->seq_no= 8
[91m [1776446032.849364] Client: [0m---before writing in log upd_msg->type= 4
[91m [1776446032.849370] Client: [0m---before writing in log upd_msg->frag_no= 0
[91m [1776446032.849376] Client: [0m---before writing in log upd_msg->reliable= 1
[91m [1776446032.849384] Client: [0m---before writing in log upd_msg->data.sensor_type= 1
[91m [1776446032.849390] Client: [0m---before writing in log upd_msg->data.sid= temp_1
[91m [1776446032.849398] Client: [0m---after writing in log upd_msg->seq_no = 8
[91m [1776446032.849404] Client: [0m---after writing in log upd_msg->data.sensor_type = 1
[91m [1776446032.849409] Client: [0m---after writing in log upd_msg->reliable = 1
[91m [1776446033.849619] BSON Message: [0mInside sensor type parsing.
[91m [1776446033.849635] BSON Message: [0mInside sensor type parsing end.
[91m [1776446033.849644] BSON Message: [0mInside sid parsing
[91m [1776446033.849653] BSON Message: [0mInside temp1 parsing.
[91m [1776446033.849663] Client: [0m---before writing in log upd_msg->seq_no= 9
[91m [1776446033.849671] Client: [0m---before writing in log upd_msg->type= 4
[91m [1776446033.849680] Client: [0m---before writing in log upd_msg->frag_no= 0
[91m [1776446033.849688] Client: [0m---before writing in log upd_msg->reliable= 1
[91m [1776446033.849696] Client: [0m---before writing in log upd_msg->data.sensor_type= 1
[91m [1776446033.849704] Client: [0m---before writing in log upd_msg->data.sid= temp_1
[91m [1776446033.849713] Client: [0m---after writing in log upd_msg->seq_no = 9
[91m [1776446033.849722] Client: [0m---after writing in log upd_msg->data.sensor_type = 1
[91m [1776446033.849730] Client: [0m---after writing in log upd_msg->reliable = 1
[91m [1776446034.152251] BSON Message: [0mInside sensor type parsing.
[91m [1776446034.152262] BSON Message: [0mInside sensor type parsing end.
[91m [1776446034.152267] BSON Message: [0mInside sid parsing
[91m [1776446034.152273] Client: [0m---before writing in log upd_msg->seq_no= 4
[91m [1776446034.152279] Client: [0m---before writing in log upd_msg->type= 4
[91m [1776446034.152285] Client: [0m---before writing in log upd_msg->frag_no= 0
[91m [1776446034.152289] Client: [0m---before writing in log upd_msg->reliable= 1
[91m [1776446034.152293] Client: [0m---before writing in log upd_msg->data.sensor_type= 2
[91m [1776446034.152296] Client: [0m---before writing in log upd_msg->data.sid= device_0
[91m [1776446034.152301] Client: [0m---after writing in log upd_msg->seq_no = 4
[91m [1776446034.152304] Client: [0m---after writing in log upd_msg->data.sensor_type = 2
[91m [1776446034.152308] Client: [0m---after writing in log upd_msg->reliable = 1
[91m [1776446034.850165] BSON Message: [0mInside sensor type parsing.
[91m [1776446034.850179] BSON Message: [0mInside sensor type parsing end.
[91m [1776446034.850183] BSON Message: [0mInside sid parsing
[91m [1776446034.850187] BSON Message: [0mInside temp1 parsing.
[91m [1776446034.850191] Client: [0m---before writing in log upd_msg->seq_no= 10
[91m [1776446034.850196] Client: [0m---before writing in log upd_msg->type= 4
[91m [1776446034.850200] Client: [0m---before writing in log upd_msg->frag_no= 0
[91m [1776446034.850203] Client: [0m---before writing in log upd_msg->reliable= 0
[91m [1776446034.850206] Client: [0m---before writing in log upd_msg->data.sensor_type= 1
[91m [1776446034.850211] Client: [0m---before writing in log upd_msg->data.sid= temp_1
[91m [1776446034.850215] Client: [0m---after writing in log upd_msg->seq_no = 10
[91m [1776446034.850220] Client: [0m---after writing in log upd_msg->data.sensor_type = 1
[91m [1776446034.850224] Client: [0m---after writing in log upd_msg->reliable = 0
[91m [1776446035.850319] BSON Message: [0mInside sensor type parsing.
[91m [1776446035.850332] BSON Message: [0mInside sensor type parsing end.
[91m [1776446035.850338] BSON Message: [0mInside sid parsing
[91m [1776446035.850344] BSON Message: [0mInside temp1 parsing.
[91m [1776446035.850351] Client: [0m---before writing in log upd_msg->seq_no= 11
[91m [1776446035.850357] Client: [0m---before writing in log upd_msg->type= 4
[91m [1776446035.850363] Client: [0m---before writing in log upd_msg->frag_no= 0
[91m [1776446035.850368] Client: [0m---before writing in log upd_msg->reliable= 1
[91m [1776446035.850374] Client: [0m---before writing in log upd_msg->data.sensor_type= 1
[91m [1776446035.850380] Client: [0m---before writing in log upd_msg->data.sid= temp_1
[91m [1776446035.850386] Client: [0m---after writing in log upd_msg->seq_no = 11
[91m [1776446035.850391] Client: [0m---after writing in log upd_msg->data.sensor_type = 1
[91m [1776446035.850397] Client: [0m---after writing in log upd_msg->reliable = 1
[91m [1776446036.851248] BSON Message: [0mInside sensor type parsing.
[91m [1776446036.851262] BSON Message: [0mInside sensor type parsing end.
[91m [1776446036.851268] BSON Message: [0mInside sid parsing
[91m [1776446036.851275] BSON Message: [0mInside temp1 parsing.
[91m [1776446036.851282] Client: [0m---before writing in log upd_msg->seq_no= 12
[91m [1776446036.851288] Client: [0m---before writing in log upd_msg->type= 4
[91m [1776446036.851293] Client: [0m---before writing in log upd_msg->frag_no= 0
[91m [1776446036.851299] Client: [0m---before writing in log upd_msg->reliable= 1
[91m [1776446036.851304] Client: [0m---before writing in log upd_msg->data.sensor_type= 1
[91m [1776446036.851310] Client: [0m---before writing in log upd_msg->data.sid= temp_1
[91m [1776446036.851316] Client: [0m---after writing in log upd_msg->seq_no = 12
[91m [1776446036.851322] Client: [0m---after writing in log upd_msg->data.sensor_type = 1
[91m [1776446036.851332] Client: [0m---after writing in log upd_msg->reliable = 1
[91m [1776446037.851086] BSON Message: [0mInside sensor type parsing.
[91m [1776446037.851098] BSON Message: [0mInside sensor type parsing end.
[91m [1776446037.851103] BSON Message: [0mInside sid parsing
[91m [1776446037.851109] BSON Message: [0mInside temp1 parsing.
[91m [1776446037.851115] Client: [0m---before writing in log upd_msg->seq_no= 13
[91m [1776446037.851120] Client: [0m---before writing in log upd_msg->type= 4
[91m [1776446037.851124] Client: [0m---before writing in log upd_msg->frag_no= 0
[91m [1776446037.851129] Client: [0m---before writing in log upd_msg->reliable= 1
[91m [1776446037.851133] Client: [0m---before writing in log upd_msg->data.sensor_type= 1
[91m [1776446037.851138] Client: [0m---before writing in log upd_msg->data.sid= temp_1
[91m [1776446037.851143] Client: [0m---after writing in log upd_msg->seq_no = 13
[91m [1776446037.851147] Client: [0m---after writing in log upd_msg->data.sensor_type = 1
[91m [1776446037.851152] Client: [0m---after writing in log upd_msg->reliable = 1
[91m [1776446038.248713] BSON Message: [0mInside sensor type parsing.
[91m [1776446038.248722] BSON Message: [0mInside sensor type parsing end.
[91m [1776446038.248727] BSON Message: [0mInside sid parsing
[91m [1776446038.248731] BSON Message: [0mInside gps1 parsing.
[91m [1776446038.248737] Client: [0m---before writing in log upd_msg->seq_no= 2
[91m [1776446038.248742] Client: [0m---before writing in log upd_msg->type= 4
[91m [1776446038.248746] Client: [0m---before writing in log upd_msg->frag_no= 0
[91m [1776446038.248751] Client: [0m---before writing in log upd_msg->reliable= 1
[91m [1776446038.248755] Client: [0m---before writing in log upd_msg->data.sensor_type= 3
[91m [1776446038.248759] Client: [0m---before writing in log upd_msg->data.sid= gps_2
[91m [1776446038.248766] Client: [0m---after writing in log upd_msg->seq_no = 2
[91m [1776446038.248770] Client: [0m---after writing in log upd_msg->data.sensor_type = 3
[91m [1776446038.248774] Client: [0m---after writing in log upd_msg->reliable = 1
[91m [1776446038.520953] BSON Message: [0mInside sensor type parsing.
[91m [1776446038.520963] BSON Message: [0mInside sensor type parsing end.
[91m [1776446038.520968] BSON Message: [0mInside sid parsing
[91m [1776446038.520973] Client: [0m---before writing in log upd_msg->seq_no= 5
[91m [1776446038.520977] Client: [0m---before writing in log upd_msg->type= 4
[91m [1776446038.520981] Client: [0m---before writing in log upd_msg->frag_no= 0
[91m [1776446038.520985] Client: [0m---before writing in log upd_msg->reliable= 1
[91m [1776446038.520989] Client: [0m---before writing in log upd_msg->data.sensor_type= 2
[91m [1776446038.520993] Client: [0m---before writing in log upd_msg->data.sid= device_0
[91m [1776446038.520998] Client: [0m---after writing in log upd_msg->seq_no = 5
[91m [1776446038.521002] Client: [0m---after writing in log upd_msg->data.sensor_type = 2
[91m [1776446038.521006] Client: [0m---after writing in log upd_msg->reliable = 1
[91m [1776446038.853040] BSON Message: [0mInside sensor type parsing.
[91m [1776446038.853054] BSON Message: [0mInside sensor type parsing end.
[91m [1776446038.853059] BSON Message: [0mInside sid parsing
[91m [1776446038.853064] BSON Message: [0mInside temp1 parsing.
[91m [1776446038.853070] Client: [0m---before writing in log upd_msg->seq_no= 14
[91m [1776446038.853075] Client: [0m---before writing in log upd_msg->type= 4
[91m [1776446038.853079] Client: [0m---before writing in log upd_msg->frag_no= 0
[91m [1776446038.853083] Client: [0m---before writing in log upd_msg->reliable= 1
[91m [1776446038.853088] Client: [0m---before writing in log upd_msg->data.sensor_type= 1
[91m [1776446038.853092] Client: [0m---before writing in log upd_msg->data.sid= temp_1
[91m [1776446038.853099] Client: [0m---after writing in log upd_msg->seq_no = 14
[91m [1776446038.853104] Client: [0m---after writing in log upd_msg->data.sensor_type = 1
[91m [1776446038.853114] Client: [0m---after writing in log upd_msg->reliable = 1
[91m [1776446039.854524] BSON Message: [0mInside sensor type parsing.
[91m [1776446039.854536] BSON Message: [0mInside sensor type parsing end.
[91m [1776446039.854541] BSON Message: [0mInside sid parsing
[91m [1776446039.854547] BSON Message: [0mInside temp1 parsing.
[91m [1776446039.854552] Client: [0m---before writing in log upd_msg->seq_no= 15
[91m [1776446039.854557] Client: [0m---before writing in log upd_msg->type= 4
[91m [1776446039.854561] Client: [0m---before writing in log upd_msg->frag_no= 0
[91m [1776446039.854566] Client: [0m---before writing in log upd_msg->reliable= 1
[91m [1776446039.854572] Client: [0m---before writing in log upd_msg->data.sensor_type= 1
[91m [1776446039.854576] Client: [0m---before writing in log upd_msg->data.sid= temp_1
[91m [1776446039.854581] Client: [0m---after writing in log upd_msg->seq_no = 15
[91m [1776446039.854586] Client: [0m---after writing in log upd_msg->data.sensor_type = 1
[91m [1776446039.854590] Client: [0m---after writing in log upd_msg->reliable = 1
[91m [1776446040.854422] BSON Message: [0mInside sensor type parsing.
[91m [1776446040.854435] BSON Message: [0mInside sensor type parsing end.
[91m [1776446040.854440] BSON Message: [0mInside sid parsing
[91m [1776446040.854444] BSON Message: [0mInside temp1 parsing.
[91m [1776446040.854448] Client: [0m---before writing in log upd_msg->seq_no= 16
[91m [1776446040.854451] Client: [0m---before writing in log upd_msg->type= 4
[91m [1776446040.854455] Client: [0m---before writing in log upd_msg->frag_no= 0
[91m [1776446040.854459] Client: [0m---before writing in log upd_msg->reliable= 1
[91m [1776446040.854463] Client: [0m---before writing in log upd_msg->data.sensor_type= 1
[91m [1776446040.854467] Client: [0m---before writing in log upd_msg->data.sid= temp_1
[91m [1776446040.854472] Client: [0m---after writing in log upd_msg->seq_no = 16
[91m [1776446040.854476] Client: [0m---after writing in log upd_msg->data.sensor_type = 1
[91m [1776446040.854480] Client: [0m---after writing in log upd_msg->reliable = 1
[91m [1776446041.854706] BSON Message: [0mInside sensor type parsing.
[91m [1776446041.854720] BSON Message: [0mInside sensor type parsing end.
[91m [1776446041.854726] BSON Message: [0mInside sid parsing
[91m [1776446041.854730] BSON Message: [0mInside temp1 parsing.
[91m [1776446041.854736] Client: [0m---before writing in log upd_msg->seq_no= 17
[91m [1776446041.854741] Client: [0m---before writing in log upd_msg->type= 4
[91m [1776446041.854746] Client: [0m---before writing in log upd_msg->frag_no= 0
[91m [1776446041.854751] Client: [0m---before writing in log upd_msg->reliable= 1
[91m [1776446041.854756] Client: [0m---before writing in log upd_msg->data.sensor_type= 1
[91m [1776446041.854761] Client: [0m---before writing in log upd_msg->data.sid= temp_1
[91m [1776446041.854766] Client: [0m---after writing in log upd_msg->seq_no = 17
[91m [1776446041.854772] Client: [0m---after writing in log upd_msg->data.sensor_type = 1
[91m [1776446041.854777] Client: [0m---after writing in log upd_msg->reliable = 1
[91m [1776446042.854962] BSON Message: [0mInside sensor type parsing.
[91m [1776446042.854975] BSON Message: [0mInside sensor type parsing end.
[91m [1776446042.854981] BSON Message: [0mInside sid parsing
[91m [1776446042.854987] BSON Message: [0mInside temp1 parsing.
[91m [1776446042.854992] Client: [0m---before writing in log upd_msg->seq_no= 18
[91m [1776446042.854996] Client: [0m---before writing in log upd_msg->type= 4
[91m [1776446042.855000] Client: [0m---before writing in log upd_msg->frag_no= 0
[91m [1776446042.855004] Client: [0m---before writing in log upd_msg->reliable= 1
[91m [1776446042.855008] Client: [0m---before writing in log upd_msg->data.sensor_type= 1
[91m [1776446042.855013] Client: [0m---before writing in log upd_msg->data.sid= temp_1
[91m [1776446042.855020] Client: [0m---after writing in log upd_msg->seq_no = 18
[91m [1776446042.855029] Client: [0m---after writing in log upd_msg->data.sensor_type = 1
[91m [1776446042.855033] Client: [0m---after writing in log upd_msg->reliable = 1
[91m [1776446043.475174] BSON Message: [0mInside sensor type parsing.
[91m [1776446043.475183] BSON Message: [0mInside sensor type parsing end.
[91m [1776446043.475187] BSON Message: [0mInside sid parsing
[91m [1776446043.475192] Client: [0m---before writing in log upd_msg->seq_no= 6
[91m [1776446043.475196] Client: [0m---before writing in log upd_msg->type= 4
[91m [1776446043.475201] Client: [0m---before writing in log upd_msg->frag_no= 0
[91m [1776446043.475206] Client: [0m---before writing in log upd_msg->reliable= 1
[91m [1776446043.475210] Client: [0m---before writing in log upd_msg->data.sensor_type= 2
[91m [1776446043.475215] Client: [0m---before writing in log upd_msg->data.sid= device_0
[91m [1776446043.475219] Client: [0m---after writing in log upd_msg->seq_no = 6
[91m [1776446043.475222] Client: [0m---after writing in log upd_msg->data.sensor_type = 2
[91m [1776446043.475225] Client: [0m---after writing in log upd_msg->reliable = 1
[91m [1776446043.855322] BSON Message: [0mInside sensor type parsing.
[91m [1776446043.855330] BSON Message: [0mInside sensor type parsing end.
[91m [1776446043.855335] BSON Message: [0mInside sid parsing
[91m [1776446043.855341] BSON Message: [0mInside temp1 parsing.
[91m [1776446043.855346] Client: [0m---before writing in log upd_msg->seq_no= 19
[91m [1776446043.855351] Client: [0m---before writing in log upd_msg->type= 4
[91m [1776446043.855355] Client: [0m---before writing in log upd_msg->frag_no= 0
[91m [1776446043.855358] Client: [0m---before writing in log upd_msg->reliable= 1
[91m [1776446043.855362] Client: [0m---before writing in log upd_msg->data.sensor_type= 1
[91m [1776446043.855366] Client: [0m---before writing in log upd_msg->data.sid= temp_1
[91m [1776446043.855371] Client: [0m---after writing in log upd_msg->seq_no = 19
[91m [1776446043.855374] Client: [0m---after writing in log upd_msg->data.sensor_type = 1
[91m [1776446043.855378] Client: [0m---after writing in log upd_msg->reliable = 1
[91m [1776446044.855474] BSON Message: [0mInside sensor type parsing.
[91m [1776446044.855482] BSON Message: [0mInside sensor type parsing end.
[91m [1776446044.855486] BSON Message: [0mInside sid parsing
[91m [1776446044.855491] BSON Message: [0mInside temp1 parsing.
[91m [1776446044.855497] Client: [0m---before writing in log upd_msg->seq_no= 20
[91m [1776446044.855502] Client: [0m---before writing in log upd_msg->type= 4
[91m [1776446044.855505] Client: [0m---before writing in log upd_msg->frag_no= 0
[91m [1776446044.855508] Client: [0m---before writing in log upd_msg->reliable= 1
[91m [1776446044.855511] Client: [0m---before writing in log upd_msg->data.sensor_type= 1
[91m [1776446044.855515] Client: [0m---before writing in log upd_msg->data.sid= temp_1
[91m [1776446044.855520] Client: [0m---after writing in log upd_msg->seq_no = 20
[91m [1776446044.855524] Client: [0m---after writing in log upd_msg->data.sensor_type = 1
[91m [1776446044.855528] Client: [0m---after writing in log upd_msg->reliable = 1
[91m [1776446045.855896] BSON Message: [0mInside sensor type parsing.
[91m [1776446045.855905] BSON Message: [0mInside sensor type parsing end.
[91m [1776446045.855910] BSON Message: [0mInside sid parsing
[91m [1776446045.855914] BSON Message: [0mInside temp1 parsing.
[91m [1776446045.855927] Client: [0m---before writing in log upd_msg->seq_no= 21
[91m [1776446045.855931] Client: [0m---before writing in log upd_msg->type= 4
[91m [1776446045.855935] Client: [0m---before writing in log upd_msg->frag_no= 0
[91m [1776446045.855940] Client: [0m---before writing in log upd_msg->reliable= 1
[91m [1776446045.855946] Client: [0m---before writing in log upd_msg->data.sensor_type= 1
[91m [1776446045.855950] Client: [0m---before writing in log upd_msg->data.sid= temp_1
[91m [1776446045.855954] Client: [0m---after writing in log upd_msg->seq_no = 21
[91m [1776446045.855963] Client: [0m---after writing in log upd_msg->data.sensor_type = 1
[91m [1776446045.855967] Client: [0m---after writing in log upd_msg->reliable = 1
[91m [1776446046.856518] BSON Message: [0mInside sensor type parsing.
[91m [1776446046.856531] BSON Message: [0mInside sensor type parsing end.
[91m [1776446046.856537] BSON Message: [0mInside sid parsing
[91m [1776446046.856542] BSON Message: [0mInside temp1 parsing.
[91m [1776446046.856547] Client: [0m---before writing in log upd_msg->seq_no= 22
[91m [1776446046.856552] Client: [0m---before writing in log upd_msg->type= 4
[91m [1776446046.856557] Client: [0m---before writing in log upd_msg->frag_no= 0
[91m [1776446046.856562] Client: [0m---before writing in log upd_msg->reliable= 1
[91m [1776446046.856566] Client: [0m---before writing in log upd_msg->data.sensor_type= 1
[91m [1776446046.856571] Client: [0m---before writing in log upd_msg->data.sid= temp_1
[91m [1776446046.856576] Client: [0m---after writing in log upd_msg->seq_no = 22
[91m [1776446046.856580] Client: [0m---after writing in log upd_msg->data.sensor_type = 1
[91m [1776446046.856585] Client: [0m---after writing in log upd_msg->reliable = 1
[91m [1776446047.856426] BSON Message: [0mInside sensor type parsing.
[91m [1776446047.856437] BSON Message: [0mInside sensor type parsing end.
[91m [1776446047.856442] BSON Message: [0mInside sid parsing
[91m [1776446047.856447] BSON Message: [0mInside temp1 parsing.
[91m [1776446047.856452] Client: [0m---before writing in log upd_msg->seq_no= 23
[91m [1776446047.856457] Client: [0m---before writing in log upd_msg->type= 4
[91m [1776446047.856462] Client: [0m---before writing in log upd_msg->frag_no= 0
[91m [1776446047.856467] Client: [0m---before writing in log upd_msg->reliable= 1
[91m [1776446047.856473] Client: [0m---before writing in log upd_msg->data.sensor_type= 1
[91m [1776446047.856479] Client: [0m---before writing in log upd_msg->data.sid= temp_1
[91m [1776446047.856486] Client: [0m---after writing in log upd_msg->seq_no = 23
[91m [1776446047.856491] Client: [0m---after writing in log upd_msg->data.sensor_type = 1
[91m [1776446047.856495] Client: [0m---after writing in log upd_msg->reliable = 1
[91m [1776446048.230130] BSON Message: [0mInside sensor type parsing.
[91m [1776446048.230139] BSON Message: [0mInside sensor type parsing end.
[91m [1776446048.230143] BSON Message: [0mInside sid parsing
[91m [1776446048.230148] Client: [0m---before writing in log upd_msg->seq_no= 7
[91m [1776446048.230151] Client: [0m---before writing in log upd_msg->type= 4
[91m [1776446048.230154] Client: [0m---before writing in log upd_msg->frag_no= 0
[91m [1776446048.230157] Client: [0m---before writing in log upd_msg->reliable= 1
[91m [1776446048.230161] Client: [0m---before writing in log upd_msg->data.sensor_type= 2
[91m [1776446048.230165] Client: [0m---before writing in log upd_msg->data.sid= device_0
[91m [1776446048.230169] Client: [0m---after writing in log upd_msg->seq_no = 7
[91m [1776446048.230173] Client: [0m---after writing in log upd_msg->data.sensor_type = 2
[91m [1776446048.230177] Client: [0m---after writing in log upd_msg->reliable = 1
[91m [1776446048.549907] BSON Message: [0mInside sensor type parsing.
[91m [1776446048.549926] BSON Message: [0mInside sensor type parsing end.
[91m [1776446048.549931] BSON Message: [0mInside sid parsing
[91m [1776446048.549936] BSON Message: [0mInside gps1 parsing.
[91m [1776446048.549942] Client: [0m---before writing in log upd_msg->seq_no= 3
[91m [1776446048.549947] Client: [0m---before writing in log upd_msg->type= 4
[91m [1776446048.549951] Client: [0m---before writing in log upd_msg->frag_no= 0
[91m [1776446048.549957] Client: [0m---before writing in log upd_msg->reliable= 1
[91m [1776446048.549961] Client: [0m---before writing in log upd_msg->data.sensor_type= 3
[91m [1776446048.549967] Client: [0m---before writing in log upd_msg->data.sid= gps_2
[91m [1776446048.549974] Client: [0m---after writing in log upd_msg->seq_no = 3
[91m [1776446048.549983] Client: [0m---after writing in log upd_msg->data.sensor_type = 3
[91m [1776446048.549988] Client: [0m---after writing in log upd_msg->reliable = 1
[91m [1776446048.856808] BSON Message: [0mInside sensor type parsing.
[91m [1776446048.856819] BSON Message: [0mInside sensor type parsing end.
[91m [1776446048.856824] BSON Message: [0mInside sid parsing
[91m [1776446048.856828] BSON Message: [0mInside temp1 parsing.
[91m [1776446048.856834] Client: [0m---before writing in log upd_msg->seq_no= 24
[91m [1776446048.856838] Client: [0m---before writing in log upd_msg->type= 4
[91m [1776446048.856842] Client: [0m---before writing in log upd_msg->frag_no= 0
[91m [1776446048.856847] Client: [0m---before writing in log upd_msg->reliable= 1
[91m [1776446048.856851] Client: [0m---before writing in log upd_msg->data.sensor_type= 1
[91m [1776446048.856855] Client: [0m---before writing in log upd_msg->data.sid= temp_1
[91m [1776446048.856860] Client: [0m---after writing in log upd_msg->seq_no = 24
[91m [1776446048.856864] Client: [0m---after writing in log upd_msg->data.sensor_type = 1
[91m [1776446048.856868] Client: [0m---after writing in log upd_msg->reliable = 1
[91m [1776446049.793721] BSON Message: [0mInside sensor type parsing.
[91m [1776446049.793735] BSON Message: [0mInside sensor type parsing end.
[91m [1776446049.793743] BSON Message: [0mInside sid parsing
connceting to 127.0.0.1
Got a message from the server.
Message type is 1
Sensors: 
temp_1
gps_2
device_0
Subscribing to all sensors.
Got a message from the server.
Message type is 3
what is happening
subscription ok for temp_1 
requested to remove a subscription but no such subscription found
what is happening
subscription ok for gps_2 
requested to remove a subscription but no such subscription found
what is happening
subscription ok for device_0 
requested to remove a subscription but no such subscription found
Got a message from the server.
Message type is 4
---------Update message arrived------------ 1
Got a message from the server.
Message type is 4
---------Update message arrived------------ 1
Got a message from the server.
Message type is 4
---------Update message arrived------------ 1
Got a message from the server.
Message type is 4
---------Update message arrived------------ 1
Got a message from the server.
Message type is 4
---------Update message arrived------------ 1
Got a message from the server.
Message type is 4
---------Update message arrived------------ 1
Got a message from the server.
Message type is 4
---------Update message arrived------------ 1
Got a message from the server.
Message type is 4
---------Update message arrived------------ 1
Got a message from the server.
Message type is 4
---------Update message arrived------------ 1
Got a message from the server.
Message type is 4
---------Update message arrived------------ 1
Got a message from the server.
Message type is 4
---------Update message arrived------------ 1
Got a message from the server.
Message type is 4
---------Update message arrived------------ 1
Got a message from the server.
Message type is 4
---------Update message arrived------------ 1
Got a message from the server.
Message type is 4
---------Update message arrived------------ 1
Got a message from the server.
Message type is 4
---------Update message arrived------------ 1
Got a message from the server.
Message type is 4
---------Update message arrived------------ 1
Got a message from the server.
Message type is 4
---------Update message arrived------------ 1
Got a message from the server.
Message type is 4
---------Update message arrived------------ 1
Got a message from the server.
Message type is 4
---------Update message arrived------------ 1
Got a message from the server.
Message type is 4
---------Update message arrived------------ 1
Got a message from the server.
Message type is 4
---------Update message arrived------------ 1
Got a message from the server.
Message type is 4
---------Update message arrived------------ 1
Got a message from the server.
Message type is 4
---------Update message arrived------------ 1
Got a message from the server.
Message type is 4
---------Update message arrived------------ 1
Got a message from the server.
Message type is 4
---------Update message arrived------------ 1
Got a message from the server.
Message type is 4
---------Update message arrived------------ 1
Got a message from the server.
Message type is 4
---------Update message arrived------------ 1
Got a message from the server.
Message type is 4
---------Update message arrived------------ 1
Got a message from the server.
Message type is 4
---------Update message arrived------------ 1
Got a message from the server.
Message type is 4
---------Update message arrived------------ 1
Got a message from the server.
Message type is 4
---------Update message arrived------------ 1
Got a message from the server.
Message type is 4
---------Update message arrived------------ 1
Got a message from the server.
Message type is 4
---------Update message arrived------------ 1
Got a message from the server.
Message type is 4
---------Update message arrived------------ 1
Got a message from the server.
Message type is 4
---------Update message arrived------------ 1
Got a message from the server.
Message type is 4
---------Update message arrived------------ 1
Got a message from the server.
Message type is 4
---------Update message arrived------------ 1
Got a message from the server.
Message type is 4
---------Upda[91m [1776446049.793762] Client: [0m---before writing in log upd_msg->seq_no= 8
[91m [1776446049.793766] Client: [0m---before writing in log upd_msg->type= 4
[91m [1776446049.793771] Client: [0m---before writing in log upd_msg->frag_no= 0
[91m [1776446049.793776] Client: [0m---before writing in log upd_msg->reliable= 1
[91m [1776446049.793781] Client: [0m---before writing in log upd_msg->data.sensor_type= 2
[91m [1776446049.793786] Client: [0m---before writing in log upd_msg->data.sid= device_0
[91m [1776446049.793791] Client: [0m---after writing in log upd_msg->seq_no = 8
[91m [1776446049.793795] Client: [0m---after writing in log upd_msg->data.sensor_type = 2
[91m [1776446049.793801] Client: [0m---after writing in log upd_msg->reliable = 1
[91m [1776446049.857062] BSON Message: [0mInside sensor type parsing.
[91m [1776446049.857073] BSON Message: [0mInside sensor type parsing end.
[91m [1776446049.857076] BSON Message: [0mInside sid parsing
[91m [1776446049.857081] BSON Message: [0mInside temp1 parsing.
[91m [1776446049.857086] Client: [0m---before writing in log upd_msg->seq_no= 25
[91m [1776446049.857090] Client: [0m---before writing in log upd_msg->type= 4
[91m [1776446049.857094] Client: [0m---before writing in log upd_msg->frag_no= 0
[91m [1776446049.857099] Client: [0m---before writing in log upd_msg->reliable= 1
[91m [1776446049.857103] Client: [0m---before writing in log upd_msg->data.sensor_type= 1
[91m [1776446049.857107] Client: [0m---before writing in log upd_msg->data.sid= temp_1
[91m [1776446049.857112] Client: [0m---after writing in log upd_msg->seq_no = 25
[91m [1776446049.857116] Client: [0m---after writing in log upd_msg->data.sensor_type = 1
[91m [1776446049.857120] Client: [0m---after writing in log upd_msg->reliable = 1
[91m [1776446050.857410] BSON Message: [0mInside sensor type parsing.
[91m [1776446050.857424] BSON Message: [0mInside sensor type parsing end.
[91m [1776446050.857429] BSON Message: [0mInside sid parsing
[91m [1776446050.857433] BSON Message: [0mInside temp1 parsing.
[91m [1776446050.857438] Client: [0m---before writing in log upd_msg->seq_no= 26
[91m [1776446050.857443] Client: [0m---before writing in log upd_msg->type= 4
[91m [1776446050.857447] Client: [0m---before writing in log upd_msg->frag_no= 0
[91m [1776446050.857451] Client: [0m---before writing in log upd_msg->reliable= 1
[91m [1776446050.857455] Client: [0m---before writing in log upd_msg->data.sensor_type= 1
[91m [1776446050.857459] Client: [0m---before writing in log upd_msg->data.sid= temp_1
[91m [1776446050.857469] Client: [0m---after writing in log upd_msg->seq_no = 26
[91m [1776446050.857473] Client: [0m---after writing in log upd_msg->data.sensor_type = 1
[91m [1776446050.857477] Client: [0m---after writing in log upd_msg->reliable = 1
[91m [1776446051.857595] BSON Message: [0mInside sensor type parsing.
[91m [1776446051.857610] BSON Message: [0mInside sensor type parsing end.
[91m [1776446051.857617] BSON Message: [0mInside sid parsing
[91m [1776446051.857623] BSON Message: [0mInside temp1 parsing.
[91m [1776446051.857630] Client: [0m---before writing in log upd_msg->seq_no= 27
[91m [1776446051.857636] Client: [0m---before writing in log upd_msg->type= 4
[91m [1776446051.857642] Client: [0m---before writing in log upd_msg->frag_no= 0
[91m [1776446051.857648] Client: [0m---before writing in log upd_msg->reliable= 1
[91m [1776446051.857653] Client: [0m---before writing in log upd_msg->data.sensor_type= 1
[91m [1776446051.857659] Client: [0m---before writing in log upd_msg->data.sid= temp_1
[91m [1776446051.857666] Client: [0m---after writing in log upd_msg->seq_no = 27
[91m [1776446051.857672] Client: [0m---after writing in log upd_msg->data.sensor_type = 1
[91m [1776446051.857678] Client: [0m---after writing in log upd_msg->reliable = 1
[91m [1776446052.257713] BSON Message: [0mInside sensor type parsing.
[91m [1776446052.257726] BSON Message: [0mInside sensor type parsing end.
[91m [1776446052.257729] BSON Message: [0mInside sid parsing
[91m [1776446052.257736] Client: [0m---before writing in log upd_msg->seq_no= 9
[91m [1776446052.257742] Client: [0m---before writing in log upd_msg->type= 4
[91m [1776446052.257747] Client: [0m---before writing in log upd_msg->frag_no= 0
[91m [1776446052.257751] Client: [0m---before writing in log upd_msg->reliable= 1
[91m [1776446052.257756] Client: [0m---before writing in log upd_msg->data.sensor_type= 2
[91m [1776446052.257762] Client: [0m---before writing in log upd_msg->data.sid= device_0
[91m [1776446052.257768] Client: [0m---after writing in log upd_msg->seq_no = 9
[91m [1776446052.257773] Client: [0m---after writing in log upd_msg->data.sensor_type = 2
[91m [1776446052.257778] Client: [0m---after writing in log upd_msg->reliable = 1
[91m [1776446052.857839] BSON Message: [0mInside sensor type parsing.
[91m [1776446052.857850] BSON Message: [0mInside sensor type parsing end.
[91m [1776446052.857855] BSON Message: [0mInside sid parsing
[91m [1776446052.857860] BSON Message: [0mInside temp1 parsing.
[91m [1776446052.857867] Client: [0m---before writing in log upd_msg->seq_no= 28
[91m [1776446052.857871] Client: [0m---before writing in log upd_msg->type= 4
[91m [1776446052.857876] Client: [0m---before writing in log upd_msg->frag_no= 0
[91m [1776446052.857897] Client: [0m---before writing in log upd_msg->reliable= 1
[91m [1776446052.857902] Client: [0m---before writing in log upd_msg->data.sensor_type= 1
[91m [1776446052.857906] Client: [0m---before writing in log upd_msg->data.sid= temp_1
[91m [1776446052.857913] Client: [0m---after writing in log upd_msg->seq_no = 28
[91m [1776446052.857926] Client: [0m---after writing in log upd_msg->data.sensor_type = 1
[91m [1776446052.857932] Client: [0m---after writing in log upd_msg->reliable = 1
[91m [1776446053.858161] BSON Message: [0mInside sensor type parsing.
[91m [1776446053.858176] BSON Message: [0mInside sensor type parsing end.
[91m [1776446053.858182] BSON Message: [0mInside sid parsing
[91m [1776446053.858188] BSON Message: [0mInside temp1 parsing.
[91m [1776446053.858196] Client: [0m---before writing in log upd_msg->seq_no= 29
[91m [1776446053.858202] Client: [0m---before writing in log upd_msg->type= 4
[91m [1776446053.858207] Client: [0m---before writing in log upd_msg->frag_no= 0
[91m [1776446053.858213] Client: [0m---before writing in log upd_msg->reliable= 1
[91m [1776446053.858219] Client: [0m---before writing in log upd_msg->data.sensor_type= 1
[91m [1776446053.858226] Client: [0m---before writing in log upd_msg->data.sid= temp_1
[91m [1776446053.858239] Client: [0m---after writing in log upd_msg->seq_no = 29
[91m [1776446053.858245] Client: [0m---after writing in log upd_msg->data.sensor_type = 1
[91m [1776446053.858253] Client: [0m---after writing in log upd_msg->reliable = 1
[91m [1776446054.858589] BSON Message: [0mInside sensor type parsing.
[91m [1776446054.858603] BSON Message: [0mInside sensor type parsing end.
[91m [1776446054.858609] BSON Message: [0mInside sid parsing
[91m [1776446054.858615] BSON Message: [0mInside temp1 parsing.
[91m [1776446054.858621] Client: [0m---before writing in log upd_msg->seq_no= 30
[91m [1776446054.858626] Client: [0m---before writing in log upd_msg->type= 4
[91m [1776446054.858632] Client: [0m---before writing in log upd_msg->frag_no= 0
[91m [1776446054.858637] Client: [0m---before writing in log upd_msg->reliable= 1
[91m [1776446054.858643] Client: [0m---before writing in log upd_msg->data.sensor_type= 1
[91m [1776446054.858649] Client: [0m---before writing in log upd_msg->data.sid= temp_1
[91m [1776446054.858656] Client: [0m---after writing in log upd_msg->seq_no = 30
[91m [1776446054.858662] Client: [0m---after writing in log upd_msg->data.sensor_type = 1
[91m [1776446054.858668] Client: [0m---after writing in log upd_msg->reliable = 1
[91m [1776446055.81317] BSON Message: [0mInside sensor type parsing.
[91m [1776446055.81332] BSON Message: [0mInside sensor type parsing end.
[91m [1776446055.81339] BSON Message: [0mInside sid parsing
[91m [1776446055.81346] BSON Message: [0mInside gps1 parsing.
[91m [1776446055.81356] Client: [0m---before writing in log upd_msg->seq_no= 4
[91m [1776446055.81363] Client: [0m---before writing in log upd_msg->type= 4
[91m [1776446055.81370] Client: [0m---before writing in log upd_msg->frag_no= 0
[91m [1776446055.81377] Client: [0m---before writing in log upd_msg->reliable= 1
[91m [1776446055.81383] Client: [0m---before writing in log upd_msg->data.sensor_type= 3
[91m [1776446055.81390] Client: [0m---before writing in log upd_msg->data.sid= gps_2
[91m [1776446055.81400] Client: [0m---after writing in log upd_msg->seq_no = 4
[91m [1776446055.81407] Client: [0m---after writing in log upd_msg->data.sensor_type = 3
[91m [1776446055.81414] Client: [0m---after writing in log upd_msg->reliable = 1
[91m [1776446055.858961] BSON Message: [0mInside sensor type parsing.
[91m [1776446055.858979] BSON Message: [0mInside sensor type parsing end.
[91m [1776446055.858985] BSON Message: [0mInside sid parsing
[91m [1776446055.858991] BSON Message: [0mInside temp1 parsing.
[91m [1776446055.858995] Client: [0m---before writing in log upd_msg->seq_no= 31
[91m [1776446055.858999] Client: [0m---before writing in log upd_msg->type= 4
[91m [1776446055.859003] Client: [0m---before writing in log upd_msg->frag_no= 0
[91m [1776446055.859007] Client: [0m---before writing in log upd_msg->reliable= 1
[91m [1776446055.859011] Client: [0m---before writing in log upd_msg->data.sensor_type= 1
[91m [1776446055.859015] Client: [0m---before writing in log upd_msg->data.sid= temp_1
[91m [1776446055.859020] Client: [0m---after writing in log upd_msg->seq_no = 31
[91m [1776446055.859024] Client: [0m---after writing in log upd_msg->data.sensor_type = 1
[91m [1776446055.859028] Client: [0m---after writing in log upd_msg->reliable = 1
[91m [1776446056.398271] BSON Message: [0mInside sensor type parsing.
[91m [1776446056.398281] BSON Message: [0mInside sensor type parsing end.
[91m [1776446056.398285] BSON Message: [0mInside sid parsing
[91m [1776446056.398290] Client: [0m---before writing in log upd_msg->seq_no= 10
[91m [1776446056.398295] Client: [0m---before writing in log upd_msg->type= 4
[91m [1776446056.398300] Client: [0m---before writing in log upd_msg->frag_no= 0
[91m [1776446056.398304] Client: [0m---before writing in log upd_msg->reliable= 1
[91m [1776446056.398308] Client: [0m---before writing in log upd_msg->data.sensor_type= 2
[91m [1776446056.398312] Client: [0m---before writing in log upd_msg->data.sid= device_0
[91m [1776446056.398319] Client: [0m---after writing in log upd_msg->seq_no = 10
[91m [1776446056.398323] Client: [0m---after writing in log upd_msg->data.sensor_type = 2
[91m [1776446056.398326] Client: [0m---after writing in log upd_msg->reliable = 1
[91m [1776446056.858986] BSON Message: [0mInside sensor type parsing.
[91m [1776446056.858998] BSON Message: [0mInside sensor type parsing end.
[91m [1776446056.859003] BSON Message: [0mInside sid parsing
[91m [1776446056.859009] BSON Message: [0mInside temp1 parsing.
[91m [1776446056.859015] Client: [0m---before writing in log upd_msg->seq_no= 32
[91m [1776446056.859020] Client: [0m---before writing in log upd_msg->type= 4
[91m [1776446056.859024] Client: [0m---before writing in log upd_msg->frag_no= 0
[91m [1776446056.859029] Client: [0m---before writing in log upd_msg->reliable= 1
[91m [1776446056.859034] Client: [0m---before writing in log upd_msg->data.sensor_type= 1
[91m [1776446056.859039] Client: [0m---before writing in log upd_msg->data.sid= temp_1
[91m [1776446056.859045] Client: [0m---after writing in log upd_msg->seq_no = 32
[91m [1776446056.859050] Client: [0m---after writing in log upd_msg->data.sensor_type = 1
[91m [1776446056.859054] Client: [0m---after writing in log upd_msg->reliable = 1
[91m [1776446057.859455] BSON Message: [0mInside sensor type parsing.
[91m [1776446057.859470] BSON Message: [0mInside sensor type parsing end.
[91m [1776446057.859478] BSON Message: [0mInside sid parsing
[91m [1776446057.859486] BSON Message: [0mInside temp1 parsing.
[91m [1776446057.859494] Client: [0m---before writing in log upd_msg->seq_no= 33
[91m [1776446057.859501] Client: [0m---before writing in log upd_msg->type= 4
[91m [1776446057.859508] Client: [0m---before writing in log upd_msg->frag_no= 0
[91m [1776446057.859516] Client: [0m---before writing in log upd_msg->reliable= 1
[91m [1776446057.859523] Client: [0m---before writing in log upd_msg->data.sensor_type= 1
[91m [1776446057.859530] Client: [0m---before writing in log upd_msg->data.sid= temp_1
[91m [1776446057.859538] Client: [0m---after writing in log upd_msg->seq_no = 33
[91m [1776446057.859544] Client: [0m---after writing in log upd_msg->data.sensor_type = 1
[91m [1776446057.859551] Client: [0m---after writing in log upd_msg->reliable = 1
[91m [1776446058.860380] BSON Message: [0mInside sensor type parsing.
[91m [1776446058.860397] BSON Message: [0mInside sensor type parsing end.
[91m [1776446058.860402] BSON Message: [0mInside sid parsing
[91m [1776446058.860407] BSON Message: [0mInside temp1 parsing.
[91m [1776446058.860413] Client: [0m---before writing in log upd_msg->seq_no= 34
[91m [1776446058.860417] Client: [0m---before writing in log upd_msg->type= 4
[91m [1776446058.860421] Client: [0m---before writing in log upd_msg->frag_no= 0
[91m [1776446058.860426] Client: [0m---before writing in log upd_msg->reliable= 1
[91m [1776446058.860430] Client: [0m---before writing in log upd_msg->data.sensor_type= 1
[91m [1776446058.860435] Client: [0m---before writing in log upd_msg->data.sid= temp_1
[91m [1776446058.860443] Client: [0m---after writing in log upd_msg->seq_no = 34
[91m [1776446058.860447] Client: [0m---after writing in log upd_msg->data.sensor_type = 1
[91m [1776446058.860452] Client: [0m---after writing in log upd_msg->reliable = 1
[91m [1776446059.860036] BSON Message: [0mInside sensor type parsing.
[91m [1776446059.860047] BSON Message: [0mInside sensor type parsing end.
[91m [1776446059.860050] BSON Message: [0mInside sid parsing
[91m [1776446059.860054] BSON Message: [0mInside temp1 parsing.
[91m [1776446059.860058] Client: [0m---before writing in log upd_msg->seq_no= 35
[91m [1776446059.860063] Client: [0m---before writing in log upd_msg->type= 4
[91m [1776446059.860067] Client: [0m---before writing in log upd_msg->frag_no= 0
[91m [1776446059.860072] Client: [0m---before writing in log upd_msg->reliable= 1
[91m [1776446059.860076] Client: [0m---before writing in log upd_msg->data.sensor_type= 1
[91m [1776446059.860084] Client: [0m---before writing in log upd_msg->data.sid= temp_1
[91m [1776446059.860089] Client: [0m---after writing in log upd_msg->seq_no = 35
[91m [1776446059.860093] Client: [0m---after writing in log upd_msg->data.sensor_type = 1
[91m [1776446059.860097] Client: [0m---after writing in log upd_msg->reliable = 1
[91m [1776446060.84950] BSON Message: [0mInside sensor type parsing.
[91m [1776446060.84965] BSON Message: [0mInside sensor type parsing end.
[91m [1776446060.84970] BSON Message: [0mInside sid parsing
[91m [1776446060.84975] Client: [0m---before writing in log upd_msg->seq_no= 11
[91m [1776446060.84980] Client: [0m---before writing in log upd_msg->type= 4
[91m [1776446060.84985] Client: [0m---before writing in log upd_msg->frag_no= 0
[91m [1776446060.84990] Client: [0m---before writing in log upd_msg->reliable= 1
[91m [1776446060.84994] Client: [0m---before writing in log upd_msg->data.sensor_type= 2
[91m [1776446060.84998] Client: [0m---before writing in log upd_msg->data.sid= device_0
[91m [1776446060.85004] Client: [0m---after writing in log upd_msg->seq_no = 11
[91m [1776446060.85008] Client: [0m---after writing in log upd_msg->data.sensor_type = 2
[91m [1776446060.85012] Client: [0m---after writing in log upd_msg->reliable = 1
[91m [1776446060.556973] BSON Message: [0mInside sensor type parsing.
[91m [1776446060.556985] BSON Message: [0mInside sensor type parsing end.
[91m [1776446060.556990] BSON Message: [0mInside sid parsing
[91m [1776446060.556996] Client: [0m---before writing in log upd_msg->seq_no= 12
[91m [1776446060.557001] Client: [0m---before writing in log upd_msg->type= 4
[91m [1776446060.557006] Client: [0m---before writing in log upd_msg->frag_no= 0
[91m [1776446060.557010] Client: [0m---before writing in log upd_msg->reliable= 1
[91m [1776446060.557015] Client: [0m---before writing in log upd_msg->data.sensor_type= 2
[91m [1776446060.557019] Client: [0m---before writing in log upd_msg->data.sid= device_0
[91m [1776446060.557026] Client: [0m---after writing in log upd_msg->seq_no = 12
[91m [1776446060.557030] Client: [0m---after writing in log upd_msg->data.sensor_type = 2
[91m [1776446060.557035] Client: [0m---after writing in log upd_msg->reliable = 1
[91m [1776446060.860213] BSON Message: [0mInside sensor type parsing.
[91m [1776446060.860226] BSON Message: [0mInside sensor type parsing end.
[91m [1776446060.860231] BSON Message: [0mInside sid parsing
[91m [1776446060.860236] BSON Message: [0mInside temp1 parsing.
[91m [1776446060.860242] Client: [0m---before writing in log upd_msg->seq_no= 36
[91m [1776446060.860246] Client: [0m---before writing in log upd_msg->type= 4
[91m [1776446060.860251] Client: [0m---before writing in log upd_msg->frag_no= 0
[91m [1776446060.860256] Client: [0m---before writing in log upd_msg->reliable= 1
[91m [1776446060.860260] Client: [0m---before writing in log upd_msg->data.sensor_type= 1
[91m [1776446060.860264] Client: [0m---before writing in log upd_msg->data.sid= temp_1
[91m [1776446060.860268] Client: [0m---after writing in log upd_msg->seq_no = 36
[91m [1776446060.860272] Client: [0m---after writing in log upd_msg->data.sensor_type = 1
[91m [1776446060.860290] Client: [0m---after writing in log upd_msg->reliable = 1
[91m [1776446061.860454] BSON Message: [0mInside sensor type parsing.
[91m [1776446061.860465] BSON Message: [0mInside sensor type parsing end.
[91m [1776446061.860471] BSON Message: [0mInside sid parsing
[91m [1776446061.860476] BSON Message: [0mInside temp1 parsing.
[91m [1776446061.860483] Client: [0m---before writing in log upd_msg->seq_no= 37
[91m [1776446061.860488] Client: [0m---before writing in log upd_msg->type= 4
[91m [1776446061.860493] Client: [0m---before writing in log upd_msg->frag_no= 0
[91m [1776446061.860498] Client: [0m---before writing in log upd_msg->reliable= 1
[91m [1776446061.860502] Client: [0m---before writing in log upd_msg->data.sensor_type= 1
[91m [1776446061.860513] Client: [0m---before writing in log upd_msg->data.sid= temp_1
[91m [1776446061.860520] Client: [0m---after writing in log upd_msg->seq_no = 37
[91m [1776446061.860526] Client: [0m---after writing in log upd_msg->data.sensor_type = 1
[91m [1776446061.860532] Client: [0m---after writing in log upd_msg->reliable = 1
[91m [1776446062.861129] BSON Message: [0mInside sensor type parsing.
[91m [1776446062.861139] BSON Message: [0mInside sensor type parsing end.
[91m [1776446062.861144] BSON Message: [0mInside sid parsing
[91m [1776446062.861148] BSON Message: [0mInside temp1 parsing.
[91m [1776446062.861154] Client: [0m---before writing in log upd_msg->seq_no= 38
[91m [1776446062.861158] Client: [0m---before writing in log upd_msg->type= 4
[91m [1776446062.861162] Client: [0m---before writing in log upd_msg->frag_no= 0
[91m [1776446062.861166] Client: [0m---before writing in log upd_msg->reliable= 1
[91m [1776446062.861170] Client: [0m---before writing in log upd_msg->data.sensor_type= 1
[91m [1776446062.861174] Client: [0m---before writing in log upd_msg->data.sid= temp_1
[91m [1776446062.861178] Client: [0m---after writing in log upd_msg->seq_no = 38
[91m [1776446062.861182] Client: [0m---after writing in log upd_msg->data.sensor_type = 1
[91m [1776446062.861187] Client: [0m---after writing in log upd_msg->reliable = 1
[91m [1776446063.853702] BSON Message: [0mInside sensor type parsing.
[91m [1776446063.853713] BSON Message: [0mInside sensor type parsing end.
[91m [1776446063.853718] BSON Message: [0mInside sid parsing
[91m [1776446063.853722] BSON Message: [0mInside gps1 parsing.
[91m [1776446063.853727] Client: [0m---before writing in log upd_msg->seq_no= 5
[91m [1776446063.853732] Client: [0m---before writing in log upd_msg->type= 4
[91m [1776446063.853735] Client: [0m---before writing in log upd_msg->frag_no= 0
[91m [1776446063.853741] Client: [0m---before writing in log upd_msg->reliable= 1
[91m [1776446063.853746] Client: [0m---before writing in log upd_msg->data.sensor_type= 3
[91m [1776446063.853752] Client: [0m---before writing in log upd_msg->data.sid= gps_2
[91m [1776446063.853771] Client: [0m---after writing in log upd_msg->seq_no = 5
[91m [1776446063.853775] Client: [0m---after writing in log upd_msg->data.sensor_type = 3
[91m [1776446063.853778] Client: [0m---after writing in log upd_msg->reliable = 1
[91m [1776446063.861759] BSON Message: [0mInside sensor type parsing.
[91m [1776446063.861770] BSON Message: [0mInside sensor type parsing end.
[91m [1776446063.861775] BSON Message: [0mInside sid parsing
[91m [1776446063.861781] BSON Message: [0mInside temp1 parsing.
[91m [1776446063.861787] Client: [0m---before writing in log upd_msg->seq_no= 39
[91m [1776446063.861791] Client: [0m---before writing in log upd_msg->type= 4
[91m [1776446063.861796] Client: [0m---before writing in log upd_msg->frag_no= 0
[91m [1776446063.861800] Client: [0m---before writing in log upd_msg->reliable= 1
[91m [1776446063.861805] Client: [0m---before writing in log upd_msg->data.sensor_type= 1
[91m [1776446063.861809] Client: [0m---before writing in log upd_msg->data.sid= temp_1
[91m [1776446063.861815] Client: [0m---after writing in log upd_msg->seq_no = 39
[91m [1776446063.861819] Client: [0m---after writing in log upd_msg->data.sensor_type = 1
[91m [1776446063.861823] Client: [0m---after writing in log upd_msg->reliable = 1
[91m [1776446064.223465] BSON Message: [0mInside sensor type parsing.
[91m [1776446064.223477] BSON Message: [0mInside sensor type parsing end.
[91m [1776446064.223482] BSON Message: [0mInside sid parsing
[91m [1776446064.223488] Client: [0m---before writing in log upd_msg->seq_no= 13
[91m [1776446064.223493] Client: [0m---before writing in log upd_msg->type= 4
[91m [1776446064.223497] Client: [0m---before writing in log upd_msg->frag_no= 0
[91m [1776446064.223501] Client: [0m---before writing in log upd_msg->reliable= 1
[91m [1776446064.223506] Client: [0m---before writing in log upd_msg->data.sensor_type= 2
[91m [1776446064.223515] Client: [0m---before writing in log upd_msg->data.sid= device_0
[91m [1776446064.223520] Client: [0m---after writing in log upd_msg->seq_no = 13
[91m [1776446064.223524] Client: [0m---after writing in log upd_msg->data.sensor_type = 2
[91m [1776446064.223529] Client: [0m---after writing in log upd_msg->reliable = 1
[91m [1776446064.861762] BSON Message: [0mInside sensor type parsing.
[91m [1776446064.861771] BSON Message: [0mInside sensor type parsing end.
[91m [1776446064.861775] BSON Message: [0mInside sid parsing
[91m [1776446064.861779] BSON Message: [0mInside temp1 parsing.
[91m [1776446064.861784] Client: [0m---before writing in log upd_msg->seq_no= 40
[91m [1776446064.861788] Client: [0m---before writing in log upd_msg->type= 4
[91m [1776446064.861792] Client: [0m---before writing in log upd_msg->frag_no= 0
[91m [1776446064.861795] Client: [0m---before writing in log upd_msg->reliable= 1
[91m [1776446064.861799] Client: [0m---before writing in log upd_msg->data.sensor_type= 1
[91m [1776446064.861804] Client: [0m---before writing in log upd_msg->data.sid= temp_1
[91m [1776446064.861808] Client: [0m---after writing in log upd_msg->seq_no = 40
[91m [1776446064.861813] Client: [0m---after writing in log upd_msg->data.sensor_type = 1
[91m [1776446064.861818] Client: [0m---after writing in log upd_msg->reliable = 1
[91m [1776446065.142981] BSON Message: [0mInside sensor type parsing.
[91m [1776446065.142994] BSON Message: [0mInside sensor type parsing end.
[91m [1776446065.143001] BSON Message: [0mInside sid parsing
[91m [1776446065.143009] Client: [0m---before writing in log upd_msg->seq_no= 14
[91m [1776446065.143015] Client: [0m---before writing in log upd_msg->type= 4
[91m [1776446065.143021] Client: [0m---before writing in log upd_msg->frag_no= 0
[91m [1776446065.143026] Client: [0m---before writing in log upd_msg->reliable= 1
[91m [1776446065.143032] Client: [0m---before writing in log upd_msg->data.sensor_type= 2
[91m [1776446065.143037] Client: [0m---before writing in log upd_msg->data.sid= device_0
[91m [1776446065.143044] Client: [0m---after writing in log upd_msg->seq_no = 14
[91m [1776446065.143049] Client: [0m---after writing in log upd_msg->data.sensor_type = 2
[91m [1776446065.143055] Client: [0m---after writing in log upd_msg->reliable = 1
[91m [1776446065.861737] BSON Message: [0mInside sensor type parsing.
[91m [1776446065.861748] BSON Message: [0mInside sensor type parsing end.
[91m [1776446065.861754] BSON Message: [0mInside sid parsing
[91m [1776446065.861759] BSON Message: [0mInside temp1 parsing.
[91m [1776446065.861765] Client: [0m---before writing in log upd_msg->seq_no= 41
[91m [1776446065.861770] Client: [0m---before writing in log upd_msg->type= 4
[91m [1776446065.861779] Client: [0m---before writing in log upd_msg->frag_no= 0
[91m [1776446065.861785] Client: [0m---before writing in log upd_msg->reliable= 1
[91m [1776446065.861791] Client: [0m---before writing in log upd_msg->data.sensor_type= 1
[91m [1776446065.861796] Client: [0m---before writing in log upd_msg->data.sid= temp_1
[91m [1776446065.861803] Client: [0m---after writing in log upd_msg->seq_no = 41
[91m [1776446065.861808] Client: [0m---after writing in log upd_msg->data.sensor_type = 1
[91m [1776446065.861813] Client: [0m---after writing in log upd_msg->reliable = 1
[91m [1776446066.862276] BSON Message: [0mInside sensor type parsing.
[91m [1776446066.862289] BSON Message: [0mInside sensor type parsing end.
[91m [1776446066.862294] BSON Message: [0mInside sid parsing
[91m [1776446066.862298] BSON Message: [0mInside temp1 parsing.
[91m [1776446066.862303] Client: [0m---before writing in log upd_msg->seq_no= 42
[91m [1776446066.862307] Client: [0m---before writing in log upd_msg->type= 4
[91m [1776446066.862311] Client: [0m---before writing in log upd_msg->frag_no= 0
[91m [1776446066.862315] Client: [0m---before writing in log upd_msg->reliable= 1
[91m [1776446066.862320] Client: [0m---before writing in log upd_msg->data.sensor_type= 1
[91m [1776446066.862330] Client: [0m---before writing in log upd_msg->data.sid= temp_1
[91m [1776446066.862336] Client: [0m---after writing in log upd_msg->seq_no = 42
[91m [1776446066.862340] Client: [0m---after writing in log upd_msg->data.sensor_type = 1
[91m [1776446066.862345] Client: [0m---after writing in log upd_msg->reliable = 1
[91m [1776446067.862294] BSON Message: [0mInside sensor type parsing.
[91m [1776446067.862304] BSON Message: [0mInside sensor type parsing end.
[91m [1776446067.862308] BSON Message: [0mInside sid parsing
[91m [1776446067.862312] BSON Message: [0mInside temp1 parsing.
[91m [1776446067.862317] Client: [0m---before writing in log upd_msg->seq_no= 43
[91m [1776446067.862323] Client: [0m---before writing in log upd_msg->type= 4
[91m [1776446067.862328] Client: [0m---before writing in log upd_msg->frag_no= 0
[91m [1776446067.862335] Client: [0m---before writing in log upd_msg->reliable= 1
[91m [1776446067.862340] Client: [0m---before writing in log upd_msg->data.sensor_type= 1
[91m [1776446067.862345] Client: [0m---before writing in log upd_msg->data.sid= temp_1
[91m [1776446067.862352] Client: [0m---after writing in log upd_msg->seq_no = 43
[91m [1776446067.862357] Client: [0m---after writing in log upd_msg->data.sensor_type = 1
[91m [1776446067.862362] Client: [0m---after writing in log upd_msg->reliable = 1
[91m [1776446067.916633] BSON Message: [0mInside sensor type parsing.
[91m [1776446067.916647] BSON Message: [0mInside sensor type parsing end.
[91m [1776446067.916652] BSON Message: [0mInside sid parsing
[91m [1776446067.916661] Client: [0m---before writing in log upd_msg->seq_no= 15
[91m [1776446067.916666] Client: [0m---before writing in log upd_msg->type= 4
[91m [1776446067.916671] Client: [0m---before writing in log upd_msg->frag_no= 0
[91m [1776446067.916675] Client: [0m---before writing in log upd_msg->reliable= 0
[91m [1776446067.916680] Client: [0m---before writing in log upd_msg->data.sensor_type= 2
[91m [1776446067.916685] Client: [0m---before writing in log upd_msg->data.sid= device_0
[91m [1776446067.916690] Client: [0m---after writing in log upd_msg->seq_no = 15
[91m [1776446067.916695] Client: [0m---after writing in log upd_msg->data.sensor_type = 2
[91m [1776446067.916701] Client: [0m---after writing in log upd_msg->reliable = 0
[91m [1776446068.862857] BSON Message: [0mInside sensor type parsing.
[91m [1776446068.862868] BSON Message: [0mInside sensor type parsing end.
[91m [1776446068.862872] BSON Message: [0mInside sid parsing
[91m [1776446068.862877] BSON Message: [0mInside temp1 parsing.
[91m [1776446068.862882] Client: [0m---before writing in log upd_msg->seq_no= 44
[91m [1776446068.862886] Client: [0m---before writing in log upd_msg->type= 4
[91m [1776446068.862891] Client: [0m---before writing in log upd_msg->frag_no= 0
[91m [1776446068.862896] Client: [0m---before writing in log upd_msg->reliable= 1
[91m [1776446068.862901] Client: [0m---before writing in log upd_msg->data.sensor_type= 1
[91m [1776446068.862906] Client: [0m---before writing in log upd_msg->data.sid= temp_1
[91m [1776446068.862910] Client: [0m---after writing in log upd_msg->seq_no = 44
[91m [1776446068.862914] Client: [0m---after writing in log upd_msg->data.sensor_type = 1
[91m [1776446068.862929] Client: [0m---after writing in log upd_msg->reliable = 1
[91m [1776446069.863135] BSON Message: [0mInside sensor type parsing.
[91m [1776446069.863149] BSON Message: [0mInside sensor type parsing end.
[91m [1776446069.863156] BSON Message: [0mInside sid parsing
[91m [1776446069.863164] BSON Message: [0mInside temp1 parsing.
[91m [1776446069.863172] Client: [0m---before writing in log upd_msg->seq_no= 45
[91m [1776446069.863178] Client: [0m---before writing in log upd_msg->type= 4
[91m [1776446069.863203] Client: [0m---before writing in log upd_msg->frag_no= 0
[91m [1776446069.863213] Client: [0m---before writing in log upd_msg->reliable= 1
[91m [1776446069.863219] Client: [0m---before writing in log upd_msg->data.sensor_type= 1
[91m [1776446069.863231] Client: [0m---before writing in log upd_msg->data.sid= temp_1
[91m [1776446069.863238] Client: [0m---after writing in log upd_msg->seq_no = 45
[91m [1776446069.863244] Client: [0m---after writing in log upd_msg->data.sensor_type = 1
[91m [1776446069.863249] Client: [0m---after writing in log upd_msg->reliable = 1
[91m [1776446070.34829] BSON Message: [0mInside sensor type parsing.
[91m [1776446070.34843] BSON Message: [0mInside sensor type parsing end.
[91m [1776446070.34848] BSON Message: [0mInside sid parsing
[91m [1776446070.34853] Client: [0m---before writing in log upd_msg->seq_no= 16
[91m [1776446070.34856] Client: [0m---before writing in log upd_msg->type= 4
[91m [1776446070.34860] Client: [0m---before writing in log upd_msg->frag_no= 0
[91m [1776446070.34863] Client: [0m---before writing in log upd_msg->reliable= 1
[91m [1776446070.34866] Client: [0m---before writing in log upd_msg->data.sensor_type= 2
[91m [1776446070.34869] Client: [0m---before writing in log upd_msg->data.sid= device_0
[91m [1776446070.34873] Client: [0m---after writing in log upd_msg->seq_no = 16
[91m [1776446070.34877] Client: [0m---after writing in log upd_msg->data.sensor_type = 2
[91m [1776446070.34880] Client: [0m---after writing in log upd_msg->reliable = 1
[91m [1776446070.114823] BSON Message: [0mInside sensor type parsing.
[91m [1776446070.114839] BSON Message: [0mInside sensor type parsing end.
[91m [1776446070.114846] BSON Message: [0mInside sid parsing
[91m [1776446070.114853] BSON Message: [0mInside gps1 parsing.
[91m [1776446070.114861] Client: [0m---before writing in log upd_msg->seq_no= 6
[91m [1776446070.114868] Client: [0m---before writing in log upd_msg->type= 4
[91m [1776446070.114874] Client: [0m---before writing in log upd_msg->frag_no= 0
[91m [1776446070.114880] Client: [0m---before writing in log upd_msg->reliable= 0
[91m [1776446070.114886] Client: [0m---before writing in log upd_msg->data.sensor_type= 3
[91m [1776446070.114892] Client: [0m---before writing in log upd_msg->data.sid= gps_2
[91m [1776446070.114903] Client: [0m---after writing in log upd_msg->seq_no = 6
[91m [1776446070.114910] Client: [0m---after writing in log upd_msg->data.sensor_type = 3
[91m [1776446070.114929] Client: [0m---after writing in log upd_msg->reliable = 0
[91m [1776446070.863303] BSON Message: [0mInside sensor type parsing.
[91m [1776446070.863314] BSON Message: [0mInside sensor type parsing end.
[91m [1776446070.863320] BSON Message: [0mInside sid parsing
[91m [1776446070.863325] BSON Message: [0mInside temp1 parsing.
[91m [1776446070.863332] Client: [0m---before writing in log upd_msg->seq_no= 46
[91m [1776446070.863337] Client: [0m---before writing in log upd_msg->type= 4
[91m [1776446070.863342] Client: [0m---before writing in log upd_msg->frag_no= 0
[91m [1776446070.863347] Client: [0m---before writing in log upd_msg->reliable= 1
[91m [1776446070.863353] Client: [0m---before writing in log upd_msg->data.sensor_type= 1
[91m [1776446070.863358] Client: [0m---before writing in log upd_msg->data.sid= temp_1
[91m [1776446070.863364] Client: [0m---after writing in log upd_msg->seq_no = 46
[91m [1776446070.863369] Client: [0m---after writing in log upd_msg->data.sensor_type = 1
[91m [1776446070.863374] Client: [0m---after writing in log upd_msg->reliable = 1
[91m [1776446071.864089] BSON Message: [0mInside sensor type parsing.
[91m [1776446071.864105] BSON Message: [0mInside sensor type parsing end.
[91m [1776446071.864110] BSON Message: [0mInside sid parsing
[91m [1776446071.864116] BSON Message: [0mInside temp1 parsing.
[91m [1776446071.864123] Client: [0m---before writing in log upd_msg->seq_no= 47
[91m [1776446071.864128] Client: [0m---before writing in log upd_msg->type= 4
[91m [1776446071.864133] Client: [0m---before writing in log upd_msg->frag_no= 0
[91m [1776446071.864138] Client: [0m---before writing in log upd_msg->reliable= 1
[91m [1776446071.864148] Client: [0m---before writing in log upd_msg->data.sensor_type= 1
[91m [1776446071.864154] Client: [0m---before writing in log upd_msg->data.sid= temp_1
[91m [1776446071.864160] Client: [0m---after writing in log upd_msg->seq_no = 47
[91m [1776446071.864165] Client: [0m---after writing in log upd_msg->data.sensor_type = 1
[91m [1776446071.864170] Client: [0m---after writing in log upd_msg->reliable = 1
[91m [1776446072.638984] BSON Message: [0mInside sensor type parsing.
[91m [1776446072.638994] BSON Message: [0mInside sensor type parsing end.
[91m [1776446072.638998] BSON Message: [0mInside sid parsing
[91m [1776446072.639003] Client: [0m---before writing in log upd_msg->seq_no= 17
[91m [1776446072.639007] Client: [0m---before writing in log upd_msg->type= 4
[91m [1776446072.639010] Client: [0m---before writing in log upd_msg->frag_no= 0
[91m [1776446072.639014] Client: [0m---before writing in log upd_msg->reliable= 1
[91m [1776446072.639019] Client: [0m---before writing in log upd_msg->data.sensor_type= 2
[91m [1776446072.639023] Client: [0m---before writing in log upd_msg->data.sid= device_0
[91m [1776446072.639027] Client: [0m---after writing in log upd_msg->seq_no = 17
[91m [1776446072.639031] Client: [0m---after writing in log upd_msg->data.sensor_type = 2
[91m [1776446072.639036] Client: [0m---after writing in log upd_msg->reliable = 1
[91m [1776446072.864072] BSON Message: [0mInside sensor type parsing.
[91m [1776446072.864088] BSON Message: [0mInside sensor type parsing end.
[91m [1776446072.864096] BSON Message: [0mInside sid parsing
[91m [1776446072.864103] BSON Message: [0mInside temp1 parsing.
[91m [1776446072.864111] Client: [0m---before writing in log upd_msg->seq_no= 48
[91m [1776446072.864118] Client: [0m---before writing in log upd_msg->type= 4
[91m [1776446072.864125] Client: [0m---before writing in log upd_msg->frag_no= 0
[91m [1776446072.864132] Client: [0m---before writing in log upd_msg->reliable= 1
[91m [1776446072.864138] Client: [0m---before writing in log upd_msg->data.sensor_type= 1
[91m [1776446072.864144] Client: [0m---before writing in log upd_msg->data.sid= temp_1
[91m [1776446072.864151] Client: [0m---after writing in log upd_msg->seq_no = 48
[91m [1776446072.864158] Client: [0m---after writing in log upd_msg->data.sensor_type = 1
[91m [1776446072.864165] Client: [0m---after writing in log upd_msg->reliable = 1
[91m [1776446073.310770] BSON Message: [0mInside sensor type parsing.
[91m [1776446073.310783] BSON Message: [0mInside sensor type parsing end.
[91m [1776446073.310789] BSON Message: [0mInside sid parsing
[91m [1776446073.310796] Client: [0m---before writing in log upd_msg->seq_no= 18
[91m [1776446073.310803] Client: [0m---before writing in log upd_msg->type= 4
[91m [1776446073.310809] Client: [0m---before writing in log upd_msg->frag_no= 0
[91m [1776446073.310815] Client: [0m---before writing in log upd_msg->reliable= 1
[91m [1776446073.310822] Client: [0m---before writing in log upd_msg->data.sensor_type= 2
[91m [1776446073.310828] Client: [0m---before writing in log upd_msg->data.sid= device_0
[91m [1776446073.310836] Client: [0m---after writing in log upd_msg->seq_no = 18
[91m [1776446073.310842] Client: [0m---after writing in log upd_msg->data.sensor_type = 2
[91m [1776446073.310848] Client: [0m---after writing in log upd_msg->reliable = 1
[91m [1776446073.864172] BSON Message: [0mInside sensor type parsing.
[91m [1776446073.864185] BSON Message: [0mInside sensor type parsing end.
[91m [1776446073.864191] BSON Message: [0mInside sid parsing
[91m [1776446073.864196] BSON Message: [0mInside temp1 parsing.
[91m [1776446073.864202] Client: [0m---before writing in log upd_msg->seq_no= 49
[91m [1776446073.864207] Client: [0m---before writing in log upd_msg->type= 4
[91m [1776446073.864212] Client: [0m---before writing in log upd_msg->frag_no= 0
[91m [1776446073.864217] Client: [0m---before writing in log upd_msg->reliable= 1
[91m [1776446073.864222] Client: [0m---before writing in log upd_msg->data.sensor_type= 1
[91m [1776446073.864233] Client: [0m---before writing in log upd_msg->data.sid= temp_1
[91m [1776446073.864239] Client: [0m---after writing in log upd_msg->seq_no = 49
[91m [1776446073.864244] Client: [0m---after writing in log upd_msg->data.sensor_type = 1
[91m [1776446073.864249] Client: [0m---after writing in log upd_msg->reliable = 1
[91m [1776446074.6697] BSON Message: [0mInside sensor type parsing.
[91m [1776446074.6708] BSON Message: [0mInside sensor type parsing end.
[91m [1776446074.6715] BSON Message: [0mInside sid parsing
[91m [1776446074.6722] Client: [0m---before writing in log upd_msg->seq_no= 19
[91m [1776446074.6727] Client: [0m---before writing in log upd_msg->type= 4
[91m [1776446074.6732] Client: [0m---before writing in log upd_msg->frag_no= 0
[91m [1776446074.6737] Client: [0m---before writing in log upd_msg->reliable= 1
[91m [1776446074.6741] Client: [0m---before writing in log upd_msg->data.sensor_type= 2
[91m [1776446074.6746] Client: [0m---before writing in log upd_msg->data.sid= device_0
[91m [1776446074.6753] Client: [0m---after writing in log upd_msg->seq_no = 19
[91m [1776446074.6759] Client: [0m---after writing in log upd_msg->data.sensor_type = 2
[91m [1776446074.6765] Client: [0m---after writing in log upd_msg->reliable = 1
[91m [1776446074.37480] BSON Message: [0mInside sensor type parsing.
[91m [1776446074.37492] BSON Message: [0mInside sensor type parsing end.
[91m [1776446074.37497] BSON Message: [0mInside sid parsing
[91m [1776446074.37502] BSON Message: [0mInside gps1 parsing.
[91m [1776446074.37508] Client: [0m---before writing in log upd_msg->seq_no= 7
[91m [1776446074.37513] Client: [0m---before writing in log upd_msg->type= 4
[91m [1776446074.37518] Client: [0m---before writing in log upd_msg->frag_no= 0
[91m [1776446074.37523] Client: [0m---before writing in log upd_msg->reliable= 1
[91m [1776446074.37527] Client: [0m---before writing in log upd_msg->data.sensor_type= 3
[91m [1776446074.37532] Client: [0m---before writing in log upd_msg->data.sid= gps_2
[91m [1776446074.37539] Client: [0m---after writing in log upd_msg->seq_no = 7
[91m [1776446074.37544] Client: [0m---after writing in log upd_msg->data.sensor_type = 3
[91m [1776446074.37548] Client: [0m---after writing in log upd_msg->reliable = 1
[91m [1776446074.404854] BSON Message: [0mInside sensor type parsing.
[91m [1776446074.404869] BSON Message: [0mInside sensor type parsing end.
[91m [1776446074.404874] BSON Message: [0mInside sid parsing
[91m [1776446074.404881] Client: [0m---before writing in log upd_msg->seq_no= 20
[91m [1776446074.404886] Client: [0m---before writing in log upd_msg->type= 4
[91m [1776446074.404891] Client: [0m---before writing in log upd_msg->frag_no= 0
[91m [1776446074.404896] Client: [0m---before writing in log upd_msg->reliable= 1
[91m [1776446074.404900] Client: [0m---before writing in log upd_msg->data.sensor_type= 2
[91m [1776446074.404905] Client: [0m---before writing in log upd_msg->data.sid= device_0
[91m [1776446074.404911] Client: [0m---after writing in log upd_msg->seq_no = 20
[91m [1776446074.404924] Client: [0m---after writing in log upd_msg->data.sensor_type = 2
[91m [1776446074.404930] Client: [0m---after writing in log upd_msg->reliable = 1
[91m [1776446074.864346] BSON Message: [0mInside sensor type parsing.
[91m [1776446074.864358] BSON Message: [0mInside sensor type parsing end.
[91m [1776446074.864363] BSON Message: [0mInside sid parsing
[91m [1776446074.864368] BSON Message: [0mInside temp1 parsing.
[91m [1776446074.864373] Client: [0m---before writing in log upd_msg->seq_no= 50
[91m [1776446074.864378] Client: [0m---before writing in log upd_msg->type= 4
[91m [1776446074.864383] Client: [0m---before writing in log upd_msg->frag_no= 0
[91m [1776446074.864388] Client: [0m---before writing in log upd_msg->reliable= 1
[91m [1776446074.864393] Client: [0m---before writing in log upd_msg->data.sensor_type= 1
[91m [1776446074.864398] Client: [0m---before writing in log upd_msg->data.sid= temp_1
[91m [1776446074.864408] Client: [0m---after writing in log upd_msg->seq_no = 50
[91m [1776446074.864413] Client: [0m---after writing in log upd_msg->data.sensor_type = 1
[91m [1776446074.864418] Client: [0m---after writing in log upd_msg->reliable = 1
[91m [1776446075.28391] BSON Message: [0mInside sensor type parsing.
[91m [1776446075.28403] BSON Message: [0mInside sensor type parsing end.
[91m [1776446075.28409] BSON Message: [0mInside sid parsing
te message arrived------------ 1
Got a message from the server.
Message type is 4
---------Update message arrived------------ 1
Got a message from the server.
Message type is 4
---------Update message arrived------------ 1
Got a message from the server.
Message type is 4
---------Update message arrived------------ 1
Got a message from the server.
Message type is 4
---------Update message arrived------------ 1
Got a message from the server.
Message type is 4
---------Update message arrived------------ 1
Got a message from the server.
Message type is 4
---------Update message arrived------------ 1
Got a message from the server.
Message type is 4
---------Update message arrived------------ 1
Got a message from the server.
Message type is 4
---------Update message arrived------------ 1
Got a message from the server.
Message type is 4
---------Update message arrived------------ 1
Got a message from the server.
Message type is 4
---------Update message arrived------------ 1
Got a message from the server.
Message type is 4
---------Update message arrived------------ 1
Got a message from the server.
Message type is 4
---------Update message arrived------------ 1
Got a message from the server.
Message type is 4
---------Update message arrived------------ 1
Got a message from the server.
Message type is 4
---------Update message arrived------------ 1
Got a message from the server.
Message type is 4
---------Update message arrived------------ 1
Got a message from the server.
Message type is 4
---------Update message arrived------------ 1
Got a message from the server.
Message type is 4
---------Update message arrived------------ 1
Got a message from the server.
Message type is 4
---------Update message arrived------------ 1
Got a message from the server.
Message type is 4
---------Update message arrived------------ 1
Got a message from the server.
Message type is 4
---------Update message arrived------------ 1
Got a message from the server.
Message type is 4
---------Update message arrived------------ 1
Got a message from the server.
Message type is 4
---------Update message arrived------------ 1
Got a message from the server.
Message type is 4
---------Update message arrived------------ 1
Got a message from the server.
Message type is 4
---------Update message arrived------------ 1
Got a message from the server.
Message type is 4
---------Update message arrived------------ 1
Got a message from the server.
Message type is 4
---------Update message arrived------------ 1
Got a message from the server.
Message type is 4
---------Update message arrived------------ 1
Got a message from the server.
Message type is 4
---------Update message arrived------------ 1
Got a message from the server.
Message type is 4
---------Update message arrived------------ 1
Got a message from the server.
Message type is 4
---------Update message arrived------------ 1
Got a message from the server.
Message type is 4
---------Update message arrived------------ 1
Got a message from the server.
Message type is 4
---------Update message arrived------------ 1
Got a message from the server.
Message type is 4
---------Update message arrived------------ 1
Got a message from the server.
Message type is 4
---------Update message arrived------------ 1
Got a message from the server.
Message type is 4
---------Update message arrived------------ 1
Got a message from the server.
Message type is 4
---------Update message arrived------------ 1
Got a message from the server.
Message type is 4
---------Update message arrived------------ 1
Got a message from the server.
Message type is 4
---------Update message arrived------------ 1
Got a message from the server.
Message type is 4
---------Update message arrived------------ 1
Got a message from the server.
Message type is 4
---------Update message arrived------------ 1
Got a message from the server.
Message type is 4
---------Update message arrived------------ 1
Got a message from the server.
Message type is 4
---------Update message arrived------------ 1
Got a message from the server.
Message type is 4
---------Update message [91m [1776446075.28424] Client: [0m---before writing in log upd_msg->seq_no= 21
[91m [1776446075.28429] Client: [0m---before writing in log upd_msg->type= 4
[91m [1776446075.28433] Client: [0m---before writing in log upd_msg->frag_no= 0
[91m [1776446075.28438] Client: [0m---before writing in log upd_msg->reliable= 1
[91m [1776446075.28443] Client: [0m---before writing in log upd_msg->data.sensor_type= 2
[91m [1776446075.28447] Client: [0m---before writing in log upd_msg->data.sid= device_0
[91m [1776446075.28452] Client: [0m---after writing in log upd_msg->seq_no = 21
[91m [1776446075.28457] Client: [0m---after writing in log upd_msg->data.sensor_type = 2
[91m [1776446075.28462] Client: [0m---after writing in log upd_msg->reliable = 1
[91m [1776446075.864783] BSON Message: [0mInside sensor type parsing.
[91m [1776446075.864795] BSON Message: [0mInside sensor type parsing end.
[91m [1776446075.864801] BSON Message: [0mInside sid parsing
[91m [1776446075.864806] BSON Message: [0mInside temp1 parsing.
[91m [1776446075.864813] Client: [0m---before writing in log upd_msg->seq_no= 51
[91m [1776446075.864818] Client: [0m---before writing in log upd_msg->type= 4
[91m [1776446075.864824] Client: [0m---before writing in log upd_msg->frag_no= 0
[91m [1776446075.864829] Client: [0m---before writing in log upd_msg->reliable= 1
[91m [1776446075.864832] Client: [0m---before writing in log upd_msg->data.sensor_type= 1
[91m [1776446075.864837] Client: [0m---before writing in log upd_msg->data.sid= temp_1
[91m [1776446075.864843] Client: [0m---after writing in log upd_msg->seq_no = 51
[91m [1776446075.864849] Client: [0m---after writing in log upd_msg->data.sensor_type = 1
[91m [1776446075.864855] Client: [0m---after writing in log upd_msg->reliable = 1
[91m [1776446076.865406] BSON Message: [0mInside sensor type parsing.
[91m [1776446076.865418] BSON Message: [0mInside sensor type parsing end.
[91m [1776446076.865424] BSON Message: [0mInside sid parsing
[91m [1776446076.865429] BSON Message: [0mInside temp1 parsing.
[91m [1776446076.865435] Client: [0m---before writing in log upd_msg->seq_no= 52
[91m [1776446076.865440] Client: [0m---before writing in log upd_msg->type= 4
[91m [1776446076.865446] Client: [0m---before writing in log upd_msg->frag_no= 0
[91m [1776446076.865451] Client: [0m---before writing in log upd_msg->reliable= 1
[91m [1776446076.865456] Client: [0m---before writing in log upd_msg->data.sensor_type= 1
[91m [1776446076.865461] Client: [0m---before writing in log upd_msg->data.sid= temp_1
[91m [1776446076.865469] Client: [0m---after writing in log upd_msg->seq_no = 52
[91m [1776446076.865474] Client: [0m---after writing in log upd_msg->data.sensor_type = 1
[91m [1776446076.865479] Client: [0m---after writing in log upd_msg->reliable = 1
[91m [1776446077.865523] BSON Message: [0mInside sensor type parsing.
[91m [1776446077.865534] BSON Message: [0mInside sensor type parsing end.
[91m [1776446077.865539] BSON Message: [0mInside sid parsing
[91m [1776446077.865545] BSON Message: [0mInside temp1 parsing.
[91m [1776446077.865551] Client: [0m---before writing in log upd_msg->seq_no= 53
[91m [1776446077.865555] Client: [0m---before writing in log upd_msg->type= 4
[91m [1776446077.865560] Client: [0m---before writing in log upd_msg->frag_no= 0
[91m [1776446077.865565] Client: [0m---before writing in log upd_msg->reliable= 1
[91m [1776446077.865569] Client: [0m---before writing in log upd_msg->data.sensor_type= 1
[91m [1776446077.865580] Client: [0m---before writing in log upd_msg->data.sid= temp_1
[91m [1776446077.865588] Client: [0m---after writing in log upd_msg->seq_no = 53
[91m [1776446077.865594] Client: [0m---after writing in log upd_msg->data.sensor_type = 1
[91m [1776446077.865599] Client: [0m---after writing in log upd_msg->reliable = 1
[91m [1776446078.261877] BSON Message: [0mInside sensor type parsing.
[91m [1776446078.261887] BSON Message: [0mInside sensor type parsing end.
[91m [1776446078.261892] BSON Message: [0mInside sid parsing
[91m [1776446078.261898] Client: [0m---before writing in log upd_msg->seq_no= 22
[91m [1776446078.261902] Client: [0m---before writing in log upd_msg->type= 4
[91m [1776446078.261907] Client: [0m---before writing in log upd_msg->frag_no= 0
[91m [1776446078.261911] Client: [0m---before writing in log upd_msg->reliable= 1
[91m [1776446078.261922] Client: [0m---before writing in log upd_msg->data.sensor_type= 2
[91m [1776446078.261929] Client: [0m---before writing in log upd_msg->data.sid= device_0
[91m [1776446078.261934] Client: [0m---after writing in log upd_msg->seq_no = 22
[91m [1776446078.261939] Client: [0m---after writing in log upd_msg->data.sensor_type = 2
[91m [1776446078.261944] Client: [0m---after writing in log upd_msg->reliable = 1
[91m [1776446078.862751] BSON Message: [0mInside sensor type parsing.
[91m [1776446078.862764] BSON Message: [0mInside sensor type parsing end.
[91m [1776446078.862770] BSON Message: [0mInside sid parsing
[91m [1776446078.862778] Client: [0m---before writing in log upd_msg->seq_no= 23
[91m [1776446078.862784] Client: [0m---before writing in log upd_msg->type= 4
[91m [1776446078.862790] Client: [0m---before writing in log upd_msg->frag_no= 0
[91m [1776446078.862795] Client: [0m---before writing in log upd_msg->reliable= 1
[91m [1776446078.862801] Client: [0m---before writing in log upd_msg->data.sensor_type= 2
[91m [1776446078.862807] Client: [0m---before writing in log upd_msg->data.sid= device_0
[91m [1776446078.862814] Client: [0m---after writing in log upd_msg->seq_no = 23
[91m [1776446078.862820] Client: [0m---after writing in log upd_msg->data.sensor_type = 2
[91m [1776446078.862825] Client: [0m---after writing in log upd_msg->reliable = 1
[91m [1776446078.867015] BSON Message: [0mInside sensor type parsing.
[91m [1776446078.867027] BSON Message: [0mInside sensor type parsing end.
[91m [1776446078.867032] BSON Message: [0mInside sid parsing
[91m [1776446078.867037] BSON Message: [0mInside temp1 parsing.
[91m [1776446078.867045] Client: [0m---before writing in log upd_msg->seq_no= 54
[91m [1776446078.867050] Client: [0m---before writing in log upd_msg->type= 4
[91m [1776446078.867055] Client: [0m---before writing in log upd_msg->frag_no= 0
[91m [1776446078.867060] Client: [0m---before writing in log upd_msg->reliable= 1
[91m [1776446078.867064] Client: [0m---before writing in log upd_msg->data.sensor_type= 1
[91m [1776446078.867069] Client: [0m---before writing in log upd_msg->data.sid= temp_1
[91m [1776446078.867075] Client: [0m---after writing in log upd_msg->seq_no = 54
[91m [1776446078.867080] Client: [0m---after writing in log upd_msg->data.sensor_type = 1
[91m [1776446078.867085] Client: [0m---after writing in log upd_msg->reliable = 1
[91m [1776446079.865887] BSON Message: [0mInside sensor type parsing.
[91m [1776446079.865903] BSON Message: [0mInside sensor type parsing end.
[91m [1776446079.865910] BSON Message: [0mInside sid parsing
[91m [1776446079.865925] BSON Message: [0mInside temp1 parsing.
[91m [1776446079.865933] Client: [0m---before writing in log upd_msg->seq_no= 55
[91m [1776446079.865941] Client: [0m---before writing in log upd_msg->type= 4
[91m [1776446079.865947] Client: [0m---before writing in log upd_msg->frag_no= 0
[91m [1776446079.865955] Client: [0m---before writing in log upd_msg->reliable= 1
[91m [1776446079.865961] Client: [0m---before writing in log upd_msg->data.sensor_type= 1
[91m [1776446079.865967] Client: [0m---before writing in log upd_msg->data.sid= temp_1
[91m [1776446079.865980] Client: [0m---after writing in log upd_msg->seq_no = 55
[91m [1776446079.865985] Client: [0m---after writing in log upd_msg->data.sensor_type = 1
[91m [1776446079.865990] Client: [0m---after writing in log upd_msg->reliable = 1
[91m [1776446080.866341] BSON Message: [0mInside sensor type parsing.
[91m [1776446080.866354] BSON Message: [0mInside sensor type parsing end.
[91m [1776446080.866362] BSON Message: [0mInside sid parsing
[91m [1776446080.866371] BSON Message: [0mInside temp1 parsing.
[91m [1776446080.866379] Client: [0m---before writing in log upd_msg->seq_no= 56
[91m [1776446080.866388] Client: [0m---before writing in log upd_msg->type= 4
[91m [1776446080.866397] Client: [0m---before writing in log upd_msg->frag_no= 0
[91m [1776446080.866404] Client: [0m---before writing in log upd_msg->reliable= 1
[91m [1776446080.866411] Client: [0m---before writing in log upd_msg->data.sensor_type= 1
[91m [1776446080.866418] Client: [0m---before writing in log upd_msg->data.sid= temp_1
[91m [1776446080.866428] Client: [0m---after writing in log upd_msg->seq_no = 56
[91m [1776446080.866436] Client: [0m---after writing in log upd_msg->data.sensor_type = 1
[91m [1776446080.866444] Client: [0m---after writing in log upd_msg->reliable = 1
[91m [1776446081.646342] BSON Message: [0mInside sensor type parsing.
[91m [1776446081.646354] BSON Message: [0mInside sensor type parsing end.
[91m [1776446081.646361] BSON Message: [0mInside sid parsing
[91m [1776446081.646369] Client: [0m---before writing in log upd_msg->seq_no= 24
[91m [1776446081.646376] Client: [0m---before writing in log upd_msg->type= 4
[91m [1776446081.646384] Client: [0m---before writing in log upd_msg->frag_no= 0
[91m [1776446081.646392] Client: [0m---before writing in log upd_msg->reliable= 1
[91m [1776446081.646397] Client: [0m---before writing in log upd_msg->data.sensor_type= 2
[91m [1776446081.646403] Client: [0m---before writing in log upd_msg->data.sid= device_0
[91m [1776446081.646409] Client: [0m---after writing in log upd_msg->seq_no = 24
[91m [1776446081.646414] Client: [0m---after writing in log upd_msg->data.sensor_type = 2
[91m [1776446081.646419] Client: [0m---after writing in log upd_msg->reliable = 1
[91m [1776446081.866563] BSON Message: [0mInside sensor type parsing.
[91m [1776446081.866576] BSON Message: [0mInside sensor type parsing end.
[91m [1776446081.866585] BSON Message: [0mInside sid parsing
[91m [1776446081.866593] BSON Message: [0mInside temp1 parsing.
[91m [1776446081.866603] Client: [0m---before writing in log upd_msg->seq_no= 57
[91m [1776446081.866610] Client: [0m---before writing in log upd_msg->type= 4
[91m [1776446081.866618] Client: [0m---before writing in log upd_msg->frag_no= 0
[91m [1776446081.866625] Client: [0m---before writing in log upd_msg->reliable= 1
[91m [1776446081.866632] Client: [0m---before writing in log upd_msg->data.sensor_type= 1
[91m [1776446081.866640] Client: [0m---before writing in log upd_msg->data.sid= temp_1
[91m [1776446081.866650] Client: [0m---after writing in log upd_msg->seq_no = 57
[91m [1776446081.866657] Client: [0m---after writing in log upd_msg->data.sensor_type = 1
[91m [1776446081.866665] Client: [0m---after writing in log upd_msg->reliable = 1
[91m [1776446082.867502] BSON Message: [0mInside sensor type parsing.
[91m [1776446082.867512] BSON Message: [0mInside sensor type parsing end.
[91m [1776446082.867519] BSON Message: [0mInside sid parsing
[91m [1776446082.867526] BSON Message: [0mInside temp1 parsing.
[91m [1776446082.867533] Client: [0m---before writing in log upd_msg->seq_no= 58
[91m [1776446082.867539] Client: [0m---before writing in log upd_msg->type= 4
[91m [1776446082.867545] Client: [0m---before writing in log upd_msg->frag_no= 0
[91m [1776446082.867551] Client: [0m---before writing in log upd_msg->reliable= 1
[91m [1776446082.867557] Client: [0m---before writing in log upd_msg->data.sensor_type= 1
[91m [1776446082.867563] Client: [0m---before writing in log upd_msg->data.sid= temp_1
[91m [1776446082.867573] Client: [0m---after writing in log upd_msg->seq_no = 58
[91m [1776446082.867577] Client: [0m---after writing in log upd_msg->data.sensor_type = 1
[91m [1776446082.867581] Client: [0m---after writing in log upd_msg->reliable = 1
[91m [1776446083.101963] BSON Message: [0mInside sensor type parsing.
[91m [1776446083.101973] BSON Message: [0mInside sensor type parsing end.
[91m [1776446083.101978] BSON Message: [0mInside sid parsing
[91m [1776446083.101984] Client: [0m---before writing in log upd_msg->seq_no= 25
[91m [1776446083.101988] Client: [0m---before writing in log upd_msg->type= 4
[91m [1776446083.101992] Client: [0m---before writing in log upd_msg->frag_no= 0
[91m [1776446083.101996] Client: [0m---before writing in log upd_msg->reliable= 1
[91m [1776446083.102000] Client: [0m---before writing in log upd_msg->data.sensor_type= 2
[91m [1776446083.102004] Client: [0m---before writing in log upd_msg->data.sid= device_0
[91m [1776446083.102009] Client: [0m---after writing in log upd_msg->seq_no = 25
[91m [1776446083.102013] Client: [0m---after writing in log upd_msg->data.sensor_type = 2
[91m [1776446083.102017] Client: [0m---after writing in log upd_msg->reliable = 1
[91m [1776446083.867333] BSON Message: [0mInside sensor type parsing.
[91m [1776446083.867345] BSON Message: [0mInside sensor type parsing end.
[91m [1776446083.867352] BSON Message: [0mInside sid parsing
[91m [1776446083.867357] BSON Message: [0mInside temp1 parsing.
[91m [1776446083.867363] Client: [0m---before writing in log upd_msg->seq_no= 59
[91m [1776446083.867368] Client: [0m---before writing in log upd_msg->type= 4
[91m [1776446083.867372] Client: [0m---before writing in log upd_msg->frag_no= 0
[91m [1776446083.867377] Client: [0m---before writing in log upd_msg->reliable= 1
[91m [1776446083.867381] Client: [0m---before writing in log upd_msg->data.sensor_type= 1
[91m [1776446083.867386] Client: [0m---before writing in log upd_msg->data.sid= temp_1
[91m [1776446083.867391] Client: [0m---after writing in log upd_msg->seq_no = 59
[91m [1776446083.867396] Client: [0m---after writing in log upd_msg->data.sensor_type = 1
[91m [1776446083.867400] Client: [0m---after writing in log upd_msg->reliable = 1
[91m [1776446084.867698] BSON Message: [0mInside sensor type parsing.
[91m [1776446084.867714] BSON Message: [0mInside sensor type parsing end.
[91m [1776446084.867720] BSON Message: [0mInside sid parsing
[91m [1776446084.867728] BSON Message: [0mInside temp1 parsing.
[91m [1776446084.867736] Client: [0m---before writing in log upd_msg->seq_no= 60
[91m [1776446084.867742] Client: [0m---before writing in log upd_msg->type= 4
[91m [1776446084.867749] Client: [0m---before writing in log upd_msg->frag_no= 0
[91m [1776446084.867755] Client: [0m---before writing in log upd_msg->reliable= 1
[91m [1776446084.867762] Client: [0m---before writing in log upd_msg->data.sensor_type= 1
[91m [1776446084.867768] Client: [0m---before writing in log upd_msg->data.sid= temp_1
[91m [1776446084.867776] Client: [0m---after writing in log upd_msg->seq_no = 60
[91m [1776446084.867783] Client: [0m---after writing in log upd_msg->data.sensor_type = 1
[91m [1776446084.867789] Client: [0m---after writing in log upd_msg->reliable = 1
[91m [1776446085.867831] BSON Message: [0mInside sensor type parsing.
[91m [1776446085.867843] BSON Message: [0mInside sensor type parsing end.
[91m [1776446085.867849] BSON Message: [0mInside sid parsing
[91m [1776446085.867854] BSON Message: [0mInside temp1 parsing.
[91m [1776446085.867860] Client: [0m---before writing in log upd_msg->seq_no= 61
[91m [1776446085.867865] Client: [0m---before writing in log upd_msg->type= 4
[91m [1776446085.867870] Client: [0m---before writing in log upd_msg->frag_no= 0
[91m [1776446085.867874] Client: [0m---before writing in log upd_msg->reliable= 1
[91m [1776446085.867879] Client: [0m---before writing in log upd_msg->data.sensor_type= 1
[91m [1776446085.867888] Client: [0m---before writing in log upd_msg->data.sid= temp_1
[91m [1776446085.867894] Client: [0m---after writing in log upd_msg->seq_no = 61
[91m [1776446085.867898] Client: [0m---after writing in log upd_msg->data.sensor_type = 1
[91m [1776446085.867902] Client: [0m---after writing in log upd_msg->reliable = 1
[91m [1776446086.869767] BSON Message: [0mInside sensor type parsing.
[91m [1776446086.869777] BSON Message: [0mInside sensor type parsing end.
[91m [1776446086.869781] BSON Message: [0mInside sid parsing
[91m [1776446086.869785] BSON Message: [0mInside temp1 parsing.
[91m [1776446086.869791] Client: [0m---before writing in log upd_msg->seq_no= 62
[91m [1776446086.869795] Client: [0m---before writing in log upd_msg->type= 4
[91m [1776446086.869799] Client: [0m---before writing in log upd_msg->frag_no= 0
[91m [1776446086.869803] Client: [0m---before writing in log upd_msg->reliable= 1
[91m [1776446086.869807] Client: [0m---before writing in log upd_msg->data.sensor_type= 1
[91m [1776446086.869811] Client: [0m---before writing in log upd_msg->data.sid= temp_1
[91m [1776446086.869817] Client: [0m---after writing in log upd_msg->seq_no = 62
[91m [1776446086.869820] Client: [0m---after writing in log upd_msg->data.sensor_type = 1
[91m [1776446086.869825] Client: [0m---after writing in log upd_msg->reliable = 1
[91m [1776446087.545469] BSON Message: [0mInside sensor type parsing.
[91m [1776446087.545481] BSON Message: [0mInside sensor type parsing end.
[91m [1776446087.545486] BSON Message: [0mInside sid parsing
[91m [1776446087.545492] Client: [0m---before writing in log upd_msg->seq_no= 26
[91m [1776446087.545497] Client: [0m---before writing in log upd_msg->type= 4
[91m [1776446087.545501] Client: [0m---before writing in log upd_msg->frag_no= 0
[91m [1776446087.545505] Client: [0m---before writing in log upd_msg->reliable= 1
[91m [1776446087.545509] Client: [0m---before writing in log upd_msg->data.sensor_type= 2
[91m [1776446087.545513] Client: [0m---before writing in log upd_msg->data.sid= device_0
[91m [1776446087.545517] Client: [0m---after writing in log upd_msg->seq_no = 26
[91m [1776446087.545521] Client: [0m---after writing in log upd_msg->data.sensor_type = 2
[91m [1776446087.545525] Client: [0m---after writing in log upd_msg->reliable = 1
[91m [1776446087.868693] BSON Message: [0mInside sensor type parsing.
[91m [1776446087.868710] BSON Message: [0mInside sensor type parsing end.
[91m [1776446087.868717] BSON Message: [0mInside sid parsing
[91m [1776446087.868724] BSON Message: [0mInside temp1 parsing.
[91m [1776446087.868731] Client: [0m---before writing in log upd_msg->seq_no= 63
[91m [1776446087.868737] Client: [0m---before writing in log upd_msg->type= 4
[91m [1776446087.868742] Client: [0m---before writing in log upd_msg->frag_no= 0
[91m [1776446087.868748] Client: [0m---before writing in log upd_msg->reliable= 1
[91m [1776446087.868754] Client: [0m---before writing in log upd_msg->data.sensor_type= 1
[91m [1776446087.868759] Client: [0m---before writing in log upd_msg->data.sid= temp_1
[91m [1776446087.868767] Client: [0m---after writing in log upd_msg->seq_no = 63
[91m [1776446087.868774] Client: [0m---after writing in log upd_msg->data.sensor_type = 1
[91m [1776446087.868779] Client: [0m---after writing in log upd_msg->reliable = 1
[91m [1776446088.321202] BSON Message: [0mInside sensor type parsing.
[91m [1776446088.321219] BSON Message: [0mInside sensor type parsing end.
[91m [1776446088.321224] BSON Message: [0mInside sid parsing
[91m [1776446088.321231] Client: [0m---before writing in log upd_msg->seq_no= 27
[91m [1776446088.321235] Client: [0m---before writing in log upd_msg->type= 4
[91m [1776446088.321239] Client: [0m---before writing in log upd_msg->frag_no= 0
[91m [1776446088.321243] Client: [0m---before writing in log upd_msg->reliable= 1
[91m [1776446088.321247] Client: [0m---before writing in log upd_msg->data.sensor_type= 2
[91m [1776446088.321250] Client: [0m---before writing in log upd_msg->data.sid= device_0
[91m [1776446088.321265] Client: [0m---after writing in log upd_msg->seq_no = 27
[91m [1776446088.321269] Client: [0m---after writing in log upd_msg->data.sensor_type = 2
[91m [1776446088.321273] Client: [0m---after writing in log upd_msg->reliable = 1
[91m [1776446088.593869] BSON Message: [0mInside sensor type parsing.
[91m [1776446088.593882] BSON Message: [0mInside sensor type parsing end.
[91m [1776446088.593888] BSON Message: [0mInside sid parsing
[91m [1776446088.593892] BSON Message: [0mInside gps1 parsing.
[91m [1776446088.593898] Client: [0m---before writing in log upd_msg->seq_no= 8
[91m [1776446088.593903] Client: [0m---before writing in log upd_msg->type= 4
[91m [1776446088.593907] Client: [0m---before writing in log upd_msg->frag_no= 0
[91m [1776446088.593912] Client: [0m---before writing in log upd_msg->reliable= 1
[91m [1776446088.593924] Client: [0m---before writing in log upd_msg->data.sensor_type= 3
[91m [1776446088.593930] Client: [0m---before writing in log upd_msg->data.sid= gps_2
[91m [1776446088.593937] Client: [0m---after writing in log upd_msg->seq_no = 8
[91m [1776446088.593941] Client: [0m---after writing in log upd_msg->data.sensor_type = 3
[91m [1776446088.593946] Client: [0m---after writing in log upd_msg->reliable = 1
[91m [1776446088.868720] BSON Message: [0mInside sensor type parsing.
[91m [1776446088.868733] BSON Message: [0mInside sensor type parsing end.
[91m [1776446088.868740] BSON Message: [0mInside sid parsing
[91m [1776446088.868746] BSON Message: [0mInside temp1 parsing.
[91m [1776446088.868753] Client: [0m---before writing in log upd_msg->seq_no= 64
[91m [1776446088.868759] Client: [0m---before writing in log upd_msg->type= 4
[91m [1776446088.868764] Client: [0m---before writing in log upd_msg->frag_no= 0
[91m [1776446088.868769] Client: [0m---before writing in log upd_msg->reliable= 1
[91m [1776446088.868774] Client: [0m---before writing in log upd_msg->data.sensor_type= 1
[91m [1776446088.868779] Client: [0m---before writing in log upd_msg->data.sid= temp_1
[91m [1776446088.868785] Client: [0m---after writing in log upd_msg->seq_no = 64
[91m [1776446088.868790] Client: [0m---after writing in log upd_msg->data.sensor_type = 1
[91m [1776446088.868795] Client: [0m---after writing in log upd_msg->reliable = 1
[91m [1776446089.868983] BSON Message: [0mInside sensor type parsing.
[91m [1776446089.868995] BSON Message: [0mInside sensor type parsing end.
[91m [1776446089.869002] BSON Message: [0mInside sid parsing
[91m [1776446089.869008] BSON Message: [0mInside temp1 parsing.
[91m [1776446089.869014] Client: [0m---before writing in log upd_msg->seq_no= 65
[91m [1776446089.869020] Client: [0m---before writing in log upd_msg->type= 4
[91m [1776446089.869026] Client: [0m---before writing in log upd_msg->frag_no= 0
[91m [1776446089.869032] Client: [0m---before writing in log upd_msg->reliable= 1
[91m [1776446089.869038] Client: [0m---before writing in log upd_msg->data.sensor_type= 1
[91m [1776446089.869044] Client: [0m---before writing in log upd_msg->data.sid= temp_1
[91m [1776446089.869050] Client: [0m---after writing in log upd_msg->seq_no = 65
[91m [1776446089.869056] Client: [0m---after writing in log upd_msg->data.sensor_type = 1
[91m [1776446089.869061] Client: [0m---after writing in log upd_msg->reliable = 1
[91m [1776446090.869588] BSON Message: [0mInside sensor type parsing.
[91m [1776446090.869603] BSON Message: [0mInside sensor type parsing end.
[91m [1776446090.869609] BSON Message: [0mInside sid parsing
[91m [1776446090.869616] BSON Message: [0mInside temp1 parsing.
[91m [1776446090.869623] Client: [0m---before writing in log upd_msg->seq_no= 66
[91m [1776446090.869629] Client: [0m---before writing in log upd_msg->type= 4
[91m [1776446090.869635] Client: [0m---before writing in log upd_msg->frag_no= 0
[91m [1776446090.869642] Client: [0m---before writing in log upd_msg->reliable= 1
[91m [1776446090.869648] Client: [0m---before writing in log upd_msg->data.sensor_type= 1
[91m [1776446090.869660] Client: [0m---before writing in log upd_msg->data.sid= temp_1
[91m [1776446090.869667] Client: [0m---after writing in log upd_msg->seq_no = 66
[91m [1776446090.869673] Client: [0m---after writing in log upd_msg->data.sensor_type = 1
[91m [1776446090.869679] Client: [0m---after writing in log upd_msg->reliable = 1
[91m [1776446091.869678] BSON Message: [0mInside sensor type parsing.
[91m [1776446091.869689] BSON Message: [0mInside sensor type parsing end.
[91m [1776446091.869695] BSON Message: [0mInside sid parsing
[91m [1776446091.869700] BSON Message: [0mInside temp1 parsing.
[91m [1776446091.869706] Client: [0m---before writing in log upd_msg->seq_no= 67
[91m [1776446091.869711] Client: [0m---before writing in log upd_msg->type= 4
[91m [1776446091.869716] Client: [0m---before writing in log upd_msg->frag_no= 0
[91m [1776446091.869721] Client: [0m---before writing in log upd_msg->reliable= 1
[91m [1776446091.869725] Client: [0m---before writing in log upd_msg->data.sensor_type= 1
[91m [1776446091.869730] Client: [0m---before writing in log upd_msg->data.sid= temp_1
[91m [1776446091.869735] Client: [0m---after writing in log upd_msg->seq_no = 67
[91m [1776446091.869740] Client: [0m---after writing in log upd_msg->data.sensor_type = 1
[91m [1776446091.869744] Client: [0m---after writing in log upd_msg->reliable = 1
[91m [1776446092.870823] BSON Message: [0mInside sensor type parsing.
[91m [1776446092.870840] BSON Message: [0mInside sensor type parsing end.
[91m [1776446092.870845] BSON Message: [0mInside sid parsing
[91m [1776446092.870850] BSON Message: [0mInside temp1 parsing.
[91m [1776446092.870857] Client: [0m---before writing in log upd_msg->seq_no= 68
[91m [1776446092.870862] Client: [0m---before writing in log upd_msg->type= 4
[91m [1776446092.870866] Client: [0m---before writing in log upd_msg->frag_no= 0
[91m [1776446092.870871] Client: [0m---before writing in log upd_msg->reliable= 1
[91m [1776446092.870875] Client: [0m---before writing in log upd_msg->data.sensor_type= 1
[91m [1776446092.870880] Client: [0m---before writing in log upd_msg->data.sid= temp_1
[91m [1776446092.870887] Client: [0m---after writing in log upd_msg->seq_no = 68
[91m [1776446092.870892] Client: [0m---after writing in log upd_msg->data.sensor_type = 1
[91m [1776446092.870897] Client: [0m---after writing in log upd_msg->reliable = 1
[91m [1776446093.207883] BSON Message: [0mInside sensor type parsing.
[91m [1776446093.207896] BSON Message: [0mInside sensor type parsing end.
[91m [1776446093.207902] BSON Message: [0mInside sid parsing
[91m [1776446093.207909] Client: [0m---before writing in log upd_msg->seq_no= 28
[91m [1776446093.207924] Client: [0m---before writing in log upd_msg->type= 4
[91m [1776446093.207931] Client: [0m---before writing in log upd_msg->frag_no= 0
[91m [1776446093.207936] Client: [0m---before writing in log upd_msg->reliable= 1
[91m [1776446093.207941] Client: [0m---before writing in log upd_msg->data.sensor_type= 2
[91m [1776446093.207946] Client: [0m---before writing in log upd_msg->data.sid= device_0
[91m [1776446093.207951] Client: [0m---after writing in log upd_msg->seq_no = 28
[91m [1776446093.207956] Client: [0m---after writing in log upd_msg->data.sensor_type = 2
[91m [1776446093.207961] Client: [0m---after writing in log upd_msg->reliable = 1
[91m [1776446093.870471] BSON Message: [0mInside sensor type parsing.
[91m [1776446093.870483] BSON Message: [0mInside sensor type parsing end.
[91m [1776446093.870488] BSON Message: [0mInside sid parsing
[91m [1776446093.870494] BSON Message: [0mInside temp1 parsing.
[91m [1776446093.870500] Client: [0m---before writing in log upd_msg->seq_no= 69
[91m [1776446093.870505] Client: [0m---before writing in log upd_msg->type= 4
[91m [1776446093.870509] Client: [0m---before writing in log upd_msg->frag_no= 0
[91m [1776446093.870514] Client: [0m---before writing in log upd_msg->reliable= 0
[91m [1776446093.870523] Client: [0m---before writing in log upd_msg->data.sensor_type= 1
[91m [1776446093.870529] Client: [0m---before writing in log upd_msg->data.sid= temp_1
[91m [1776446093.870535] Client: [0m---after writing in log upd_msg->seq_no = 69
[91m [1776446093.870540] Client: [0m---after writing in log upd_msg->data.sensor_type = 1
[91m [1776446093.870545] Client: [0m---after writing in log upd_msg->reliable = 0
[91m [1776446094.870630] BSON Message: [0mInside sensor type parsing.
[91m [1776446094.870640] BSON Message: [0mInside sensor type parsing end.
[91m [1776446094.870644] BSON Message: [0mInside sid parsing
[91m [1776446094.870648] BSON Message: [0mInside temp1 parsing.
[91m [1776446094.870653] Client: [0m---before writing in log upd_msg->seq_no= 70
[91m [1776446094.870658] Client: [0m---before writing in log upd_msg->type= 4
[91m [1776446094.870662] Client: [0m---before writing in log upd_msg->frag_no= 0
[91m [1776446094.870667] Client: [0m---before writing in log upd_msg->reliable= 1
[91m [1776446094.870671] Client: [0m---before writing in log upd_msg->data.sensor_type= 1
[91m [1776446094.870675] Client: [0m---before writing in log upd_msg->data.sid= temp_1
[91m [1776446094.870679] Client: [0m---after writing in log upd_msg->seq_no = 70
[91m [1776446094.870682] Client: [0m---after writing in log upd_msg->data.sensor_type = 1
[91m [1776446094.870685] Client: [0m---after writing in log upd_msg->reliable = 1
[91m [1776446094.956534] BSON Message: [0mInside sensor type parsing.
[91m [1776446094.956546] BSON Message: [0mInside sensor type parsing end.
[91m [1776446094.956551] BSON Message: [0mInside sid parsing
[91m [1776446094.956556] BSON Message: [0mInside gps1 parsing.
[91m [1776446094.956563] Client: [0m---before writing in log upd_msg->seq_no= 9
[91m [1776446094.956568] Client: [0m---before writing in log upd_msg->type= 4
[91m [1776446094.956573] Client: [0m---before writing in log upd_msg->frag_no= 0
[91m [1776446094.956577] Client: [0m---before writing in log upd_msg->reliable= 0
[91m [1776446094.956582] Client: [0m---before writing in log upd_msg->data.sensor_type= 3
[91m [1776446094.956586] Client: [0m---before writing in log upd_msg->data.sid= gps_2
[91m [1776446094.956592] Client: [0m---after writing in log upd_msg->seq_no = 9
[91m [1776446094.956597] Client: [0m---after writing in log upd_msg->data.sensor_type = 3
[91m [1776446094.956601] Client: [0m---after writing in log upd_msg->reliable = 0
[91m [1776446095.870982] BSON Message: [0mInside sensor type parsing.
[91m [1776446095.870993] BSON Message: [0mInside sensor type parsing end.
[91m [1776446095.870998] BSON Message: [0mInside sid parsing
[91m [1776446095.871003] BSON Message: [0mInside temp1 parsing.
[91m [1776446095.871009] Client: [0m---before writing in log upd_msg->seq_no= 71
[91m [1776446095.871013] Client: [0m---before writing in log upd_msg->type= 4
[91m [1776446095.871016] Client: [0m---before writing in log upd_msg->frag_no= 0
[91m [1776446095.871020] Client: [0m---before writing in log upd_msg->reliable= 1
[91m [1776446095.871023] Client: [0m---before writing in log upd_msg->data.sensor_type= 1
[91m [1776446095.871026] Client: [0m---before writing in log upd_msg->data.sid= temp_1
[91m [1776446095.871032] Client: [0m---after writing in log upd_msg->seq_no = 71
[91m [1776446095.871036] Client: [0m---after writing in log upd_msg->data.sensor_type = 1
[91m [1776446095.871040] Client: [0m---after writing in log upd_msg->reliable = 1
[91m [1776446096.871589] BSON Message: [0mInside sensor type parsing.
[91m [1776446096.871601] BSON Message: [0mInside sensor type parsing end.
[91m [1776446096.871608] BSON Message: [0mInside sid parsing
[91m [1776446096.871615] BSON Message: [0mInside temp1 parsing.
[91m [1776446096.871623] Client: [0m---before writing in log upd_msg->seq_no= 72
[91m [1776446096.871630] Client: [0m---before writing in log upd_msg->type= 4
[91m [1776446096.871636] Client: [0m---before writing in log upd_msg->frag_no= 0
[91m [1776446096.871648] Client: [0m---before writing in log upd_msg->reliable= 1
[91m [1776446096.871655] Client: [0m---before writing in log upd_msg->data.sensor_type= 1
[91m [1776446096.871661] Client: [0m---before writing in log upd_msg->data.sid= temp_1
[91m [1776446096.871668] Client: [0m---after writing in log upd_msg->seq_no = 72
[91m [1776446096.871673] Client: [0m---after writing in log upd_msg->data.sensor_type = 1
[91m [1776446096.871679] Client: [0m---after writing in log upd_msg->reliable = 1
[91m [1776446097.159043] BSON Message: [0mInside sensor type parsing.
[91m [1776446097.159060] BSON Message: [0mInside sensor type parsing end.
[91m [1776446097.159068] BSON Message: [0mInside sid parsing
[91m [1776446097.159075] Client: [0m---before writing in log upd_msg->seq_no= 29
[91m [1776446097.159081] Client: [0m---before writing in log upd_msg->type= 4
[91m [1776446097.159088] Client: [0m---before writing in log upd_msg->frag_no= 0
[91m [1776446097.159095] Client: [0m---before writing in log upd_msg->reliable= 1
[91m [1776446097.159101] Client: [0m---before writing in log upd_msg->data.sensor_type= 2
[91m [1776446097.159107] Client: [0m---before writing in log upd_msg->data.sid= device_0
[91m [1776446097.159114] Client: [0m---after writing in log upd_msg->seq_no = 29
[91m [1776446097.159119] Client: [0m---after writing in log upd_msg->data.sensor_type = 2
[91m [1776446097.159125] Client: [0m---after writing in log upd_msg->reliable = 1
[91m [1776446097.871720] BSON Message: [0mInside sensor type parsing.
[91m [1776446097.871733] BSON Message: [0mInside sensor type parsing end.
[91m [1776446097.871738] BSON Message: [0mInside sid parsing
[91m [1776446097.871743] BSON Message: [0mInside temp1 parsing.
[91m [1776446097.871749] Client: [0m---before writing in log upd_msg->seq_no= 73
[91m [1776446097.871754] Client: [0m---before writing in log upd_msg->type= 4
[91m [1776446097.871759] Client: [0m---before writing in log upd_msg->frag_no= 0
[91m [1776446097.871764] Client: [0m---before writing in log upd_msg->reliable= 1
[91m [1776446097.871768] Client: [0m---before writing in log upd_msg->data.sensor_type= 1
[91m [1776446097.871773] Client: [0m---before writing in log upd_msg->data.sid= temp_1
[91m [1776446097.871779] Client: [0m---after writing in log upd_msg->seq_no = 73
[91m [1776446097.871784] Client: [0m---after writing in log upd_msg->data.sensor_type = 1
[91m [1776446097.871788] Client: [0m---after writing in log upd_msg->reliable = 1
[91m [1776446098.872023] BSON Message: [0mInside sensor type parsing.
[91m [1776446098.872033] BSON Message: [0mInside sensor type parsing end.
[91m [1776446098.872037] BSON Message: [0mInside sid parsing
[91m [1776446098.872041] BSON Message: [0mInside temp1 parsing.
[91m [1776446098.872048] Client: [0m---before writing in log upd_msg->seq_no= 74
[91m [1776446098.872053] Client: [0m---before writing in log upd_msg->type= 4
[91m [1776446098.872057] Client: [0m---before writing in log upd_msg->frag_no= 0
[91m [1776446098.872062] Client: [0m---before writing in log upd_msg->reliable= 1
[91m [1776446098.872066] Client: [0m---before writing in log upd_msg->data.sensor_type= 1
[91m [1776446098.872070] Client: [0m---before writing in log upd_msg->data.sid= temp_1
[91m [1776446098.872075] Client: [0m---after writing in log upd_msg->seq_no = 74
[91m [1776446098.872079] Client: [0m---after writing in log upd_msg->data.sensor_type = 1
[91m [1776446098.872083] Client: [0m---after writing in log upd_msg->reliable = 1
[91m [1776446099.872099] BSON Message: [0mInside sensor type parsing.
[91m [1776446099.872109] BSON Message: [0mInside sensor type parsing end.
[91m [1776446099.872115] BSON Message: [0mInside sid parsing
[91m [1776446099.872120] BSON Message: [0mInside temp1 parsing.
[91m [1776446099.872126] Client: [0m---before writing in log upd_msg->seq_no= 75
[91m [1776446099.872130] Client: [0m---before writing in log upd_msg->type= 4
[91m [1776446099.872133] Client: [0m---before writing in log upd_msg->frag_no= 0
[91m [1776446099.872139] Client: [0m---before writing in log upd_msg->reliable= 1
[91m [1776446099.872143] Client: [0m---before writing in log upd_msg->data.sensor_type= 1
[91m [1776446099.872146] Client: [0m---before writing in log upd_msg->data.sid= temp_1
[91m [1776446099.872150] Client: [0m---after writing in log upd_msg->seq_no = 75
[91m [1776446099.872153] Client: [0m---after writing in log upd_msg->data.sensor_type = 1
[91m [1776446099.872156] Client: [0m---after writing in log upd_msg->reliable = 1
[91m [1776446100.758431] BSON Message: [0mInside sensor type parsing.
[91m [1776446100.758441] BSON Message: [0mInside sensor type parsing end.
[91m [1776446100.758445] BSON Message: [0mInside sid parsing
[91m [1776446100.758450] BSON Message: [0mInside gps1 parsing.
[91m [1776446100.758454] Client: [0m---before writing in log upd_msg->seq_no= 10
[91m [1776446100.758458] Client: [0m---before writing in log upd_msg->type= 4
[91m [1776446100.758462] Client: [0m---before writing in log upd_msg->frag_no= 0
[91m [1776446100.758466] Client: [0m---before writing in log upd_msg->reliable= 1
[91m [1776446100.758470] Client: [0m---before writing in log upd_msg->data.sensor_type= 3
[91m [1776446100.758474] Client: [0m---before writing in log upd_msg->data.sid= gps_2
[91m [1776446100.758480] Client: [0m---after writing in log upd_msg->seq_no = 10
[91m [1776446100.758485] Client: [0m---after writing in log upd_msg->data.sensor_type = 3
[91m [1776446100.758490] Client: [0m---after writing in log upd_msg->reliable = 1
[91m [1776446100.873598] BSON Message: [0mInside sensor type parsing.
[91m [1776446100.873609] BSON Message: [0mInside sensor type parsing end.
[91m [1776446100.873614] BSON Message: [0mInside sid parsing
[91m [1776446100.873620] BSON Message: [0mInside temp1 parsing.
[91m [1776446100.873626] Client: [0m---before writing in log upd_msg->seq_no= 76
[91m [1776446100.873631] Client: [0m---before writing in log upd_msg->type= 4
[91m [1776446100.873635] Client: [0m---before writing in log upd_msg->frag_no= 0
[91m [1776446100.873640] Client: [0m---before writing in log upd_msg->reliable= 1
[91m [1776446100.873644] Client: [0m---before writing in log upd_msg->data.sensor_type= 1
[91m [1776446100.873652] Client: [0m---before writing in log upd_msg->data.sid= temp_1
[91m [1776446100.873657] Client: [0m---after writing in log upd_msg->seq_no = 76
[91m [1776446100.873662] Client: [0m---after writing in log upd_msg->data.sensor_type = 1
[91m [1776446100.873666] Client: [0m---after writing in log upd_msg->reliable = 1
[91m [1776446101.832975] BSON Message: [0mInside sensor type parsing.
[91m [1776446101.832985] BSON Message: [0mInside sensor type parsing end.
[91m [1776446101.832990] BSON Message: [0mInside sid parsing
[91m [1776446101.832997] Client: [0m---before writing in log upd_msg->seq_no= 30
[91m [1776446101.833001] Client: [0m---before writing in log upd_msg->type= 4
[91m [1776446101.833005] Client: [0m---before writing in log upd_msg->frag_no= 0
[91m [1776446101.833008] Client: [0m---before writing in log upd_msg->reliable= 1
[91m [1776446101.833011] Client: [0m---before writing in log upd_msg->data.sensor_type= 2
[91m [1776446101.833014] Client: [0m---before writing in log upd_msg->data.sid= device_0
[91m [1776446101.833018] Client: [0m---after writing in log upd_msg->seq_no = 30
[91m [1776446101.833022] Client: [0m---after writing in log upd_msg->data.sensor_type = 2
[91m [1776446101.833025] Client: [0m---after writing in log upd_msg->reliable = 1
[91m [1776446101.872890] BSON Message: [0mInside sensor type parsing.
[91m [1776446101.872901] BSON Message: [0mInside sensor type parsing end.
[91m [1776446101.872907] BSON Message: [0mInside sid parsing
[91m [1776446101.872913] BSON Message: [0mInside temp1 parsing.
[91m [1776446101.872952] Client: [0m---before writing in log upd_msg->seq_no= 77
[91m [1776446101.872958] Client: [0m---before writing in log upd_msg->type= 4
[91m [1776446101.872963] Client: [0m---before writing in log upd_msg->frag_no= 0
[91m [1776446101.872974] Client: [0m---before writing in log upd_msg->reliable= 1
[91m [1776446101.872980] Client: [0m---before writing in log upd_msg->data.sensor_type= 1
[91m [1776446101.872985] Client: [0m---before writing in log upd_msg->data.sid= temp_1
[91m [1776446101.872992] Client: [0m---after writing in log upd_msg->seq_no = 77
[91m [1776446101.872998] Client: [0m---after writing in log upd_msg->data.sensor_type = 1
[91m [1776446101.873003] Client: [0m---after writing in log upd_msg->reliable = 1
[91m [1776446102.873302] BSON Message: [0mInside sensor type parsing.
[91m [1776446102.873314] BSON Message: [0mInside sensor type parsing end.
[91m [1776446102.873322] BSON Message: [0mInside sid parsing
[91m [1776446102.873330] BSON Message: [0mInside temp1 parsing.
[91m [1776446102.873339] Client: [0m---before writing in log upd_msg->seq_no= 78
[91m [1776446102.873346] Client: [0m---before writing in log upd_msg->type= 4
[91m [1776446102.873353] Client: [0m---before writing in log upd_msg->frag_no= 0
[91m [1776446102.873360] Client: [0m---before writing in log upd_msg->reliable= 1
[91m [1776446102.873368] Client: [0m---before writing in log upd_msg->data.sensor_type= 1
[91m [1776446102.873375] Client: [0m---before writing in log upd_msg->data.sid= temp_1
[91m [1776446102.873383] Client: [0m---after writing in log upd_msg->seq_no = 78
[91m [1776446102.873391] Client: [0m---after writing in log upd_msg->data.sensor_type = 1
[91m [1776446102.873398] Client: [0m---after writing in log upd_msg->reliable = 1
[91m [1776446103.873393] BSON Message: [0mInside sensor type parsing.
[91m [1776446103.873402] BSON Message: [0mInside sensor type parsing end.
[91m [1776446103.873406] BSON Message: [0mInside sid parsing
[91m [1776446103.873411] BSON Message: [0mInside temp1 parsing.
[91m [1776446103.873415] Client: [0m---before writing in log upd_msg->seq_no= 79
[91m [1776446103.873419] Client: [0m---before writing in log upd_msg->type= 4
[91m [1776446103.873423] Client: [0m---before writing in log upd_msg->frag_no= 0
[91m [1776446103.873427] Client: [0m---before writing in log upd_msg->reliable= 1
[91m [1776446103.873431] Client: [0m---before writing in log upd_msg->data.sensor_type= 1
[91m [1776446103.873435] Client: [0m---before writing in log upd_msg->data.sid= temp_1
[91m [1776446103.873440] Client: [0m---after writing in log upd_msg->seq_no = 79
[91m [1776446103.873444] Client: [0m---after writing in log upd_msg->data.sensor_type = 1
[91m [1776446103.873449] Client: [0m---after writing in log upd_msg->reliable = 1
[91m [1776446104.873688] BSON Message: [0mInside sensor type parsing.
[91m [1776446104.873700] BSON Message: [0mInside sensor type parsing end.
[91m [1776446104.873705] BSON Message: [0mInside sid parsing
[91m [1776446104.873710] BSON Message: [0mInside temp1 parsing.
[91m [1776446104.873715] Client: [0m---before writing in log upd_msg->seq_no= 80
[91m [1776446104.873720] Client: [0m---before writing in log upd_msg->type= 4
[91m [1776446104.873725] Client: [0m---before writing in log upd_msg->frag_no= 0
[91m [1776446104.873730] Client: [0m---before writing in log upd_msg->reliable= 1
[91m [1776446104.873735] Client: [0m---before writing in log upd_msg->data.sensor_type= 1
[91m [1776446104.873739] Client: [0m---before writing in log upd_msg->data.sid= temp_1
[91m [1776446104.873745] Client: [0m---after writing in log upd_msg->seq_no = 80
[91m [1776446104.873749] Client: [0m---after writing in log upd_msg->data.sensor_type = 1
[91m [1776446104.873754] Client: [0m---after writing in log upd_msg->reliable = 1
[91m [1776446105.873929] BSON Message: [0mInside sensor type parsing.
[91m [1776446105.873939] BSON Message: [0mInside sensor type parsing end.
[91m [1776446105.873944] BSON Message: [0mInside sid parsing
[91m [1776446105.873948] BSON Message: [0mInside temp1 parsing.
arrived------------ 1
Got a message from the server.
Message type is 4
---------Update message arrived------------ 1
Got a message from the server.
Message type is 4
---------Update message arrived------------ 1
Got a message from the server.
Message type is 4
---------Update message arrived------------ 1
Got a message from the server.
Message type is 4
---------Update message arrived------------ 1
Got a message from the server.
Message type is 4
---------Update message arrived------------ 1
Got a message from the server.
Message type is 4
---------Update message arrived------------ 1
Got a message from the server.
Message type is 4
---------Update message arrived------------ 1
Got a message from the server.
Message type is 4
---------Update message arrived------------ 1
Got a message from the server.
Message type is 4
---------Update message arrived------------ 1
Got a message from the server.
Message type is 4
---------Update message arrived------------ 1
Got a message from the server.
Message type is 4
---------Update message arrived------------ 1
Got a message from the server.
Message type is 4
---------Update message arrived------------ 1
Got a message from the server.
Message type is 4
---------Update message arrived------------ 1
Got a message from the server.
Message type is 4
---------Update message arrived------------ 1
Got a message from the server.
Message type is 4
---------Update message arrived------------ 1
Got a message from the server.
Message type is 4
---------Update message arrived------------ 1
Got a message from the server.
Message type is 4
---------Update message arrived------------ 1
Got a message from the server.
Message type is 4
---------Update message arrived------------ 1
Got a message from the server.
Message type is 4
---------Update message arrived------------ 1
Got a message from the server.
Message type is 4
---------Update message arrived------------ 1
Got a message from the server.
Message type is 4
---------Update message arrived------------ 1
Got a message from the server.
Message type is 4
---------Update message arrived------------ 1
Got a message from the server.
Message type is 4
---------Update message arrived------------ 1
Got a message from the server.
Message type is 4
---------Update message arrived------------ 1
Got a message from the server.
Message type is 4
---------Update message arrived------------ 1
Got a message from the server.
Message type is 4
---------Update message arrived------------ 1
Got a message from the server.
Message type is 4
---------Update message arrived------------ 1
Got a message from the server.
Message type is 4
---------Update message arrived------------ 1
Got a message from the server.
Message type is 4
---------Update message arrived------------ 1
Got a message from the server.
Message type is 4
---------Update message arrived------------ 1
Got a message from the server.
Message type is 4
---------Update message arrived------------ 1
Got a message from the server.
Message type is 4
---------Update message arrived------------ 1
Got a message from the server.
Message type is 4
---------Update message arrived------------ 1
Got a message from the server.
Message type is 4
---------Update message arrived------------ 1
Got a message from the server.
Message type is 4
---------Update message arrived------------ 1
Got a message from the server.
Message type is 4
---------Update message arrived------------ 1
Got a message from the server.
Message type is 4
---------Update message arrived------------ 1
Got a message from the server.
Message type is 4
---------Update message arrived------------ 1
Got a message from the server.
Message type is 4
---------Update message arrived------------ 1
Got a message from the server.
Message type is 4
---------Update message arrived------------ 1
Got a message from the server.
Message type is 4
---------Update message arrived------------ 1
Got a message from the server.
Message type is 4
---------Update message arrived------------ 1
Got a message from the server.
Message type is 4
---------Update message arrived----[91m [1776446105.873961] Client: [0m---before writing in log upd_msg->seq_no= 81
[91m [1776446105.873969] Client: [0m---before writing in log upd_msg->type= 4
[91m [1776446105.873974] Client: [0m---before writing in log upd_msg->frag_no= 0
[91m [1776446105.873979] Client: [0m---before writing in log upd_msg->reliable= 1
[91m [1776446105.873984] Client: [0m---before writing in log upd_msg->data.sensor_type= 1
[91m [1776446105.873988] Client: [0m---before writing in log upd_msg->data.sid= temp_1
[91m [1776446105.873993] Client: [0m---after writing in log upd_msg->seq_no = 81
[91m [1776446105.873998] Client: [0m---after writing in log upd_msg->data.sensor_type = 1
[91m [1776446105.874002] Client: [0m---after writing in log upd_msg->reliable = 1
[91m [1776446106.276078] BSON Message: [0mInside sensor type parsing.
[91m [1776446106.276088] BSON Message: [0mInside sensor type parsing end.
[91m [1776446106.276093] BSON Message: [0mInside sid parsing
[91m [1776446106.276098] Client: [0m---before writing in log upd_msg->seq_no= 31
[91m [1776446106.276102] Client: [0m---before writing in log upd_msg->type= 4
[91m [1776446106.276106] Client: [0m---before writing in log upd_msg->frag_no= 0
[91m [1776446106.276110] Client: [0m---before writing in log upd_msg->reliable= 1
[91m [1776446106.276114] Client: [0m---before writing in log upd_msg->data.sensor_type= 2
[91m [1776446106.276117] Client: [0m---before writing in log upd_msg->data.sid= device_0
[91m [1776446106.276122] Client: [0m---after writing in log upd_msg->seq_no = 31
[91m [1776446106.276126] Client: [0m---after writing in log upd_msg->data.sensor_type = 2
[91m [1776446106.276131] Client: [0m---after writing in log upd_msg->reliable = 1
[91m [1776446106.874242] BSON Message: [0mInside sensor type parsing.
[91m [1776446106.874253] BSON Message: [0mInside sensor type parsing end.
[91m [1776446106.874258] BSON Message: [0mInside sid parsing
[91m [1776446106.874263] BSON Message: [0mInside temp1 parsing.
[91m [1776446106.874268] Client: [0m---before writing in log upd_msg->seq_no= 82
[91m [1776446106.874273] Client: [0m---before writing in log upd_msg->type= 4
[91m [1776446106.874278] Client: [0m---before writing in log upd_msg->frag_no= 0
[91m [1776446106.874282] Client: [0m---before writing in log upd_msg->reliable= 1
[91m [1776446106.874287] Client: [0m---before writing in log upd_msg->data.sensor_type= 1
[91m [1776446106.874292] Client: [0m---before writing in log upd_msg->data.sid= temp_1
[91m [1776446106.874297] Client: [0m---after writing in log upd_msg->seq_no = 82
[91m [1776446106.874302] Client: [0m---after writing in log upd_msg->data.sensor_type = 1
[91m [1776446106.874306] Client: [0m---after writing in log upd_msg->reliable = 1
[91m [1776446107.874700] BSON Message: [0mInside sensor type parsing.
[91m [1776446107.874715] BSON Message: [0mInside sensor type parsing end.
[91m [1776446107.874720] BSON Message: [0mInside sid parsing
[91m [1776446107.874725] BSON Message: [0mInside temp1 parsing.
[91m [1776446107.874731] Client: [0m---before writing in log upd_msg->seq_no= 83
[91m [1776446107.874736] Client: [0m---before writing in log upd_msg->type= 4
[91m [1776446107.874741] Client: [0m---before writing in log upd_msg->frag_no= 0
[91m [1776446107.874746] Client: [0m---before writing in log upd_msg->reliable= 1
[91m [1776446107.874750] Client: [0m---before writing in log upd_msg->data.sensor_type= 1
[91m [1776446107.874755] Client: [0m---before writing in log upd_msg->data.sid= temp_1
[91m [1776446107.874761] Client: [0m---after writing in log upd_msg->seq_no = 83
[91m [1776446107.874765] Client: [0m---after writing in log upd_msg->data.sensor_type = 1
[91m [1776446107.874770] Client: [0m---after writing in log upd_msg->reliable = 1
[91m [1776446108.62353] BSON Message: [0mInside sensor type parsing.
[91m [1776446108.62361] BSON Message: [0mInside sensor type parsing end.
[91m [1776446108.62365] BSON Message: [0mInside sid parsing
[91m [1776446108.62369] Client: [0m---before writing in log upd_msg->seq_no= 32
[91m [1776446108.62372] Client: [0m---before writing in log upd_msg->type= 4
[91m [1776446108.62379] Client: [0m---before writing in log upd_msg->frag_no= 0
[91m [1776446108.62382] Client: [0m---before writing in log upd_msg->reliable= 1
[91m [1776446108.62385] Client: [0m---before writing in log upd_msg->data.sensor_type= 2
[91m [1776446108.62388] Client: [0m---before writing in log upd_msg->data.sid= device_0
[91m [1776446108.62392] Client: [0m---after writing in log upd_msg->seq_no = 32
[91m [1776446108.62395] Client: [0m---after writing in log upd_msg->data.sensor_type = 2
[91m [1776446108.62398] Client: [0m---after writing in log upd_msg->reliable = 1
[91m [1776446108.874932] BSON Message: [0mInside sensor type parsing.
[91m [1776446108.874944] BSON Message: [0mInside sensor type parsing end.
[91m [1776446108.874949] BSON Message: [0mInside sid parsing
[91m [1776446108.874953] BSON Message: [0mInside temp1 parsing.
[91m [1776446108.874958] Client: [0m---before writing in log upd_msg->seq_no= 84
[91m [1776446108.874962] Client: [0m---before writing in log upd_msg->type= 4
[91m [1776446108.874965] Client: [0m---before writing in log upd_msg->frag_no= 0
[91m [1776446108.874969] Client: [0m---before writing in log upd_msg->reliable= 1
[91m [1776446108.874973] Client: [0m---before writing in log upd_msg->data.sensor_type= 1
[91m [1776446108.874977] Client: [0m---before writing in log upd_msg->data.sid= temp_1
[91m [1776446108.874981] Client: [0m---after writing in log upd_msg->seq_no = 84
[91m [1776446108.874985] Client: [0m---after writing in log upd_msg->data.sensor_type = 1
[91m [1776446108.874989] Client: [0m---after writing in log upd_msg->reliable = 1
[91m [1776446109.21275] BSON Message: [0mInside sensor type parsing.
[91m [1776446109.21287] BSON Message: [0mInside sensor type parsing end.
[91m [1776446109.21292] BSON Message: [0mInside sid parsing
[91m [1776446109.21298] Client: [0m---before writing in log upd_msg->seq_no= 33
[91m [1776446109.21303] Client: [0m---before writing in log upd_msg->type= 4
[91m [1776446109.21307] Client: [0m---before writing in log upd_msg->frag_no= 0
[91m [1776446109.21312] Client: [0m---before writing in log upd_msg->reliable= 1
[91m [1776446109.21316] Client: [0m---before writing in log upd_msg->data.sensor_type= 2
[91m [1776446109.21321] Client: [0m---before writing in log upd_msg->data.sid= device_0
[91m [1776446109.21327] Client: [0m---after writing in log upd_msg->seq_no = 33
[91m [1776446109.21332] Client: [0m---after writing in log upd_msg->data.sensor_type = 2
[91m [1776446109.21336] Client: [0m---after writing in log upd_msg->reliable = 1
[91m [1776446109.875298] BSON Message: [0mInside sensor type parsing.
[91m [1776446109.875310] BSON Message: [0mInside sensor type parsing end.
[91m [1776446109.875316] BSON Message: [0mInside sid parsing
[91m [1776446109.875321] BSON Message: [0mInside temp1 parsing.
[91m [1776446109.875329] Client: [0m---before writing in log upd_msg->seq_no= 85
[91m [1776446109.875336] Client: [0m---before writing in log upd_msg->type= 4
[91m [1776446109.875341] Client: [0m---before writing in log upd_msg->frag_no= 0
[91m [1776446109.875347] Client: [0m---before writing in log upd_msg->reliable= 1
[91m [1776446109.875353] Client: [0m---before writing in log upd_msg->data.sensor_type= 1
[91m [1776446109.875358] Client: [0m---before writing in log upd_msg->data.sid= temp_1
[91m [1776446109.875365] Client: [0m---after writing in log upd_msg->seq_no = 85
[91m [1776446109.875370] Client: [0m---after writing in log upd_msg->data.sensor_type = 1
[91m [1776446109.875376] Client: [0m---after writing in log upd_msg->reliable = 1
[91m [1776446110.470002] BSON Message: [0mInside sensor type parsing.
[91m [1776446110.470021] BSON Message: [0mInside sensor type parsing end.
[91m [1776446110.470028] BSON Message: [0mInside sid parsing
[91m [1776446110.470036] Client: [0m---before writing in log upd_msg->seq_no= 34
[91m [1776446110.470043] Client: [0m---before writing in log upd_msg->type= 4
[91m [1776446110.470049] Client: [0m---before writing in log upd_msg->frag_no= 0
[91m [1776446110.470083] Client: [0m---before writing in log upd_msg->reliable= 1
[91m [1776446110.470088] Client: [0m---before writing in log upd_msg->data.sensor_type= 2
[91m [1776446110.470093] Client: [0m---before writing in log upd_msg->data.sid= device_0
[91m [1776446110.470100] Client: [0m---after writing in log upd_msg->seq_no = 34
[91m [1776446110.470108] Client: [0m---after writing in log upd_msg->data.sensor_type = 2
[91m [1776446110.470113] Client: [0m---after writing in log upd_msg->reliable = 1
[91m [1776446110.875538] BSON Message: [0mInside sensor type parsing.
[91m [1776446110.875548] BSON Message: [0mInside sensor type parsing end.
[91m [1776446110.875553] BSON Message: [0mInside sid parsing
[91m [1776446110.875558] BSON Message: [0mInside temp1 parsing.
[91m [1776446110.875562] Client: [0m---before writing in log upd_msg->seq_no= 86
[91m [1776446110.875565] Client: [0m---before writing in log upd_msg->type= 4
[91m [1776446110.875568] Client: [0m---before writing in log upd_msg->frag_no= 0
[91m [1776446110.875571] Client: [0m---before writing in log upd_msg->reliable= 1
[91m [1776446110.875575] Client: [0m---before writing in log upd_msg->data.sensor_type= 1
[91m [1776446110.875579] Client: [0m---before writing in log upd_msg->data.sid= temp_1
[91m [1776446110.875584] Client: [0m---after writing in log upd_msg->seq_no = 86
[91m [1776446110.875588] Client: [0m---after writing in log upd_msg->data.sensor_type = 1
[91m [1776446110.875592] Client: [0m---after writing in log upd_msg->reliable = 1
[91m [1776446111.875950] BSON Message: [0mInside sensor type parsing.
[91m [1776446111.875969] BSON Message: [0mInside sensor type parsing end.
[91m [1776446111.875978] BSON Message: [0mInside sid parsing
[91m [1776446111.875988] BSON Message: [0mInside temp1 parsing.
[91m [1776446111.875998] Client: [0m---before writing in log upd_msg->seq_no= 87
[91m [1776446111.876007] Client: [0m---before writing in log upd_msg->type= 4
[91m [1776446111.876016] Client: [0m---before writing in log upd_msg->frag_no= 0
[91m [1776446111.876025] Client: [0m---before writing in log upd_msg->reliable= 1
[91m [1776446111.876034] Client: [0m---before writing in log upd_msg->data.sensor_type= 1
[91m [1776446111.876043] Client: [0m---before writing in log upd_msg->data.sid= temp_1
[91m [1776446111.876054] Client: [0m---after writing in log upd_msg->seq_no = 87
[91m [1776446111.876062] Client: [0m---after writing in log upd_msg->data.sensor_type = 1
[91m [1776446111.876071] Client: [0m---after writing in log upd_msg->reliable = 1
[91m [1776446112.232120] BSON Message: [0mInside sensor type parsing.
[91m [1776446112.232138] BSON Message: [0mInside sensor type parsing end.
[91m [1776446112.232171] BSON Message: [0mInside sid parsing
[91m [1776446112.232185] Client: [0m---before writing in log upd_msg->seq_no= 35
[91m [1776446112.232196] Client: [0m---before writing in log upd_msg->type= 4
[91m [1776446112.232206] Client: [0m---before writing in log upd_msg->frag_no= 0
[91m [1776446112.232214] Client: [0m---before writing in log upd_msg->reliable= 1
[91m [1776446112.232223] Client: [0m---before writing in log upd_msg->data.sensor_type= 2
[91m [1776446112.232233] Client: [0m---before writing in log upd_msg->data.sid= device_0
[91m [1776446112.232245] Client: [0m---after writing in log upd_msg->seq_no = 35
[91m [1776446112.232255] Client: [0m---after writing in log upd_msg->data.sensor_type = 2
[91m [1776446112.232264] Client: [0m---after writing in log upd_msg->reliable = 1
[91m [1776446112.773906] BSON Message: [0mInside sensor type parsing.
[91m [1776446112.773926] BSON Message: [0mInside sensor type parsing end.
[91m [1776446112.773934] BSON Message: [0mInside sid parsing
[91m [1776446112.773941] Client: [0m---before writing in log upd_msg->seq_no= 36
[91m [1776446112.773948] Client: [0m---before writing in log upd_msg->type= 4
[91m [1776446112.773954] Client: [0m---before writing in log upd_msg->frag_no= 0
[91m [1776446112.773965] Client: [0m---before writing in log upd_msg->reliable= 1
[91m [1776446112.773969] Client: [0m---before writing in log upd_msg->data.sensor_type= 2
[91m [1776446112.773973] Client: [0m---before writing in log upd_msg->data.sid= device_0
[91m [1776446112.773978] Client: [0m---after writing in log upd_msg->seq_no = 36
[91m [1776446112.773982] Client: [0m---after writing in log upd_msg->data.sensor_type = 2
[91m [1776446112.773986] Client: [0m---after writing in log upd_msg->reliable = 1
[91m [1776446112.876045] BSON Message: [0mInside sensor type parsing.
[91m [1776446112.876055] BSON Message: [0mInside sensor type parsing end.
[91m [1776446112.876060] BSON Message: [0mInside sid parsing
[91m [1776446112.876065] BSON Message: [0mInside temp1 parsing.
[91m [1776446112.876071] Client: [0m---before writing in log upd_msg->seq_no= 88
[91m [1776446112.876075] Client: [0m---before writing in log upd_msg->type= 4
[91m [1776446112.876079] Client: [0m---before writing in log upd_msg->frag_no= 0
[91m [1776446112.876083] Client: [0m---before writing in log upd_msg->reliable= 1
[91m [1776446112.876087] Client: [0m---before writing in log upd_msg->data.sensor_type= 1
[91m [1776446112.876091] Client: [0m---before writing in log upd_msg->data.sid= temp_1
[91m [1776446112.876096] Client: [0m---after writing in log upd_msg->seq_no = 88
[91m [1776446112.876099] Client: [0m---after writing in log upd_msg->data.sensor_type = 1
[91m [1776446112.876103] Client: [0m---after writing in log upd_msg->reliable = 1
[91m [1776446113.876272] BSON Message: [0mInside sensor type parsing.
[91m [1776446113.876283] BSON Message: [0mInside sensor type parsing end.
[91m [1776446113.876289] BSON Message: [0mInside sid parsing
[91m [1776446113.876294] BSON Message: [0mInside temp1 parsing.
[91m [1776446113.876299] Client: [0m---before writing in log upd_msg->seq_no= 89
[91m [1776446113.876304] Client: [0m---before writing in log upd_msg->type= 4
[91m [1776446113.876308] Client: [0m---before writing in log upd_msg->frag_no= 0
[91m [1776446113.876312] Client: [0m---before writing in log upd_msg->reliable= 1
[91m [1776446113.876316] Client: [0m---before writing in log upd_msg->data.sensor_type= 1
[91m [1776446113.876319] Client: [0m---before writing in log upd_msg->data.sid= temp_1
[91m [1776446113.876324] Client: [0m---after writing in log upd_msg->seq_no = 89
[91m [1776446113.876328] Client: [0m---after writing in log upd_msg->data.sensor_type = 1
[91m [1776446113.876332] Client: [0m---after writing in log upd_msg->reliable = 1
[91m [1776446114.507620] BSON Message: [0mInside sensor type parsing.
[91m [1776446114.507628] BSON Message: [0mInside sensor type parsing end.
[91m [1776446114.507632] BSON Message: [0mInside sid parsing
[91m [1776446114.507635] BSON Message: [0mInside gps1 parsing.
[91m [1776446114.507640] Client: [0m---before writing in log upd_msg->seq_no= 11
[91m [1776446114.507643] Client: [0m---before writing in log upd_msg->type= 4
[91m [1776446114.507646] Client: [0m---before writing in log upd_msg->frag_no= 0
[91m [1776446114.507650] Client: [0m---before writing in log upd_msg->reliable= 1
[91m [1776446114.507654] Client: [0m---before writing in log upd_msg->data.sensor_type= 3
[91m [1776446114.507658] Client: [0m---before writing in log upd_msg->data.sid= gps_2
[91m [1776446114.507665] Client: [0m---after writing in log upd_msg->seq_no = 11
[91m [1776446114.507669] Client: [0m---after writing in log upd_msg->data.sensor_type = 3
[91m [1776446114.507673] Client: [0m---after writing in log upd_msg->reliable = 1
[91m [1776446114.616145] BSON Message: [0mInside sensor type parsing.
[91m [1776446114.616154] BSON Message: [0mInside sensor type parsing end.
[91m [1776446114.616159] BSON Message: [0mInside sid parsing
[91m [1776446114.616166] Client: [0m---before writing in log upd_msg->seq_no= 37
[91m [1776446114.616171] Client: [0m---before writing in log upd_msg->type= 4
[91m [1776446114.616175] Client: [0m---before writing in log upd_msg->frag_no= 0
[91m [1776446114.616184] Client: [0m---before writing in log upd_msg->reliable= 1
[91m [1776446114.616189] Client: [0m---before writing in log upd_msg->data.sensor_type= 2
[91m [1776446114.616192] Client: [0m---before writing in log upd_msg->data.sid= device_0
[91m [1776446114.616197] Client: [0m---after writing in log upd_msg->seq_no = 37
[91m [1776446114.616202] Client: [0m---after writing in log upd_msg->data.sensor_type = 2
[91m [1776446114.616206] Client: [0m---after writing in log upd_msg->reliable = 1
[91m [1776446114.876511] BSON Message: [0mInside sensor type parsing.
[91m [1776446114.876526] BSON Message: [0mInside sensor type parsing end.
[91m [1776446114.876533] BSON Message: [0mInside sid parsing
[91m [1776446114.876540] BSON Message: [0mInside temp1 parsing.
[91m [1776446114.876548] Client: [0m---before writing in log upd_msg->seq_no= 90
[91m [1776446114.876554] Client: [0m---before writing in log upd_msg->type= 4
[91m [1776446114.876559] Client: [0m---before writing in log upd_msg->frag_no= 0
[91m [1776446114.876565] Client: [0m---before writing in log upd_msg->reliable= 1
[91m [1776446114.876571] Client: [0m---before writing in log upd_msg->data.sensor_type= 1
[91m [1776446114.876577] Client: [0m---before writing in log upd_msg->data.sid= temp_1
[91m [1776446114.876585] Client: [0m---after writing in log upd_msg->seq_no = 90
[91m [1776446114.876591] Client: [0m---after writing in log upd_msg->data.sensor_type = 1
[91m [1776446114.876597] Client: [0m---after writing in log upd_msg->reliable = 1
[91m [1776446115.876819] BSON Message: [0mInside sensor type parsing.
[91m [1776446115.876887] BSON Message: [0mInside sensor type parsing end.
[91m [1776446115.876895] BSON Message: [0mInside sid parsing
[91m [1776446115.876900] BSON Message: [0mInside temp1 parsing.
[91m [1776446115.876906] Client: [0m---before writing in log upd_msg->seq_no= 91
[91m [1776446115.876911] Client: [0m---before writing in log upd_msg->type= 4
[91m [1776446115.876927] Client: [0m---before writing in log upd_msg->frag_no= 0
[91m [1776446115.876950] Client: [0m---before writing in log upd_msg->reliable= 1
[91m [1776446115.876955] Client: [0m---before writing in log upd_msg->data.sensor_type= 1
[91m [1776446115.876960] Client: [0m---before writing in log upd_msg->data.sid= temp_1
[91m [1776446115.876966] Client: [0m---after writing in log upd_msg->seq_no = 91
[91m [1776446115.876971] Client: [0m---after writing in log upd_msg->data.sensor_type = 1
[91m [1776446115.876976] Client: [0m---after writing in log upd_msg->reliable = 1
[91m [1776446116.877147] BSON Message: [0mInside sensor type parsing.
[91m [1776446116.877159] BSON Message: [0mInside sensor type parsing end.
[91m [1776446116.877164] BSON Message: [0mInside sid parsing
[91m [1776446116.877168] BSON Message: [0mInside temp1 parsing.
[91m [1776446116.877173] Client: [0m---before writing in log upd_msg->seq_no= 92
[91m [1776446116.877178] Client: [0m---before writing in log upd_msg->type= 4
[91m [1776446116.877182] Client: [0m---before writing in log upd_msg->frag_no= 0
[91m [1776446116.877186] Client: [0m---before writing in log upd_msg->reliable= 1
[91m [1776446116.877190] Client: [0m---before writing in log upd_msg->data.sensor_type= 1
[91m [1776446116.877195] Client: [0m---before writing in log upd_msg->data.sid= temp_1
[91m [1776446116.877200] Client: [0m---after writing in log upd_msg->seq_no = 92
[91m [1776446116.877204] Client: [0m---after writing in log upd_msg->data.sensor_type = 1
[91m [1776446116.877207] Client: [0m---after writing in log upd_msg->reliable = 1
[91m [1776446117.877460] BSON Message: [0mInside sensor type parsing.
[91m [1776446117.877475] BSON Message: [0mInside sensor type parsing end.
[91m [1776446117.877482] BSON Message: [0mInside sid parsing
[91m [1776446117.877489] BSON Message: [0mInside temp1 parsing.
[91m [1776446117.877496] Client: [0m---before writing in log upd_msg->seq_no= 93
[91m [1776446117.877502] Client: [0m---before writing in log upd_msg->type= 4
[91m [1776446117.877513] Client: [0m---before writing in log upd_msg->frag_no= 0
[91m [1776446117.877519] Client: [0m---before writing in log upd_msg->reliable= 1
[91m [1776446117.877525] Client: [0m---before writing in log upd_msg->data.sensor_type= 1
[91m [1776446117.877531] Client: [0m---before writing in log upd_msg->data.sid= temp_1
[91m [1776446117.877538] Client: [0m---after writing in log upd_msg->seq_no = 93
[91m [1776446117.877543] Client: [0m---after writing in log upd_msg->data.sensor_type = 1
[91m [1776446117.877550] Client: [0m---after writing in log upd_msg->reliable = 1
[91m [1776446118.467758] BSON Message: [0mInside sensor type parsing.
[91m [1776446118.467769] BSON Message: [0mInside sensor type parsing end.
[91m [1776446118.467775] BSON Message: [0mInside sid parsing
[91m [1776446118.467780] Client: [0m---before writing in log upd_msg->seq_no= 38
[91m [1776446118.467784] Client: [0m---before writing in log upd_msg->type= 4
[91m [1776446118.467788] Client: [0m---before writing in log upd_msg->frag_no= 0
[91m [1776446118.467793] Client: [0m---before writing in log upd_msg->reliable= 0
[91m [1776446118.467797] Client: [0m---before writing in log upd_msg->data.sensor_type= 2
[91m [1776446118.467801] Client: [0m---before writing in log upd_msg->data.sid= device_0
[91m [1776446118.467808] Client: [0m---after writing in log upd_msg->seq_no = 38
[91m [1776446118.467813] Client: [0m---after writing in log upd_msg->data.sensor_type = 2
[91m [1776446118.467819] Client: [0m---after writing in log upd_msg->reliable = 0
[91m [1776446118.881760] BSON Message: [0mInside sensor type parsing.
[91m [1776446118.881769] BSON Message: [0mInside sensor type parsing end.
[91m [1776446118.881772] BSON Message: [0mInside sid parsing
[91m [1776446118.881776] BSON Message: [0mInside temp1 parsing.
[91m [1776446118.881780] Client: [0m---before writing in log upd_msg->seq_no= 94
[91m [1776446118.881783] Client: [0m---before writing in log upd_msg->type= 4
[91m [1776446118.881786] Client: [0m---before writing in log upd_msg->frag_no= 0
[91m [1776446118.881789] Client: [0m---before writing in log upd_msg->reliable= 1
[91m [1776446118.881792] Client: [0m---before writing in log upd_msg->data.sensor_type= 1
[91m [1776446118.881795] Client: [0m---before writing in log upd_msg->data.sid= temp_1
[91m [1776446118.881799] Client: [0m---after writing in log upd_msg->seq_no = 94
[91m [1776446118.881802] Client: [0m---after writing in log upd_msg->data.sensor_type = 1
[91m [1776446118.881805] Client: [0m---after writing in log upd_msg->reliable = 1
[91m [1776446119.881537] BSON Message: [0mInside sensor type parsing.
[91m [1776446119.881546] BSON Message: [0mInside sensor type parsing end.
[91m [1776446119.881550] BSON Message: [0mInside sid parsing
[91m [1776446119.881553] BSON Message: [0mInside temp1 parsing.
[91m [1776446119.881557] Client: [0m---before writing in log upd_msg->seq_no= 95
[91m [1776446119.881560] Client: [0m---before writing in log upd_msg->type= 4
[91m [1776446119.881563] Client: [0m---before writing in log upd_msg->frag_no= 0
[91m [1776446119.881566] Client: [0m---before writing in log upd_msg->reliable= 1
[91m [1776446119.881570] Client: [0m---before writing in log upd_msg->data.sensor_type= 1
[91m [1776446119.881574] Client: [0m---before writing in log upd_msg->data.sid= temp_1
[91m [1776446119.881579] Client: [0m---after writing in log upd_msg->seq_no = 95
[91m [1776446119.881583] Client: [0m---after writing in log upd_msg->data.sensor_type = 1
[91m [1776446119.881587] Client: [0m---after writing in log upd_msg->reliable = 1
[91m [1776446120.465106] BSON Message: [0mInside sensor type parsing.
[91m [1776446120.465114] BSON Message: [0mInside sensor type parsing end.
[91m [1776446120.465119] BSON Message: [0mInside sid parsing
[91m [1776446120.465124] Client: [0m---before writing in log upd_msg->seq_no= 39
[91m [1776446120.465129] Client: [0m---before writing in log upd_msg->type= 4
[91m [1776446120.465136] Client: [0m---before writing in log upd_msg->frag_no= 0
[91m [1776446120.465139] Client: [0m---before writing in log upd_msg->reliable= 1
[91m [1776446120.465143] Client: [0m---before writing in log upd_msg->data.sensor_type= 2
[91m [1776446120.465147] Client: [0m---before writing in log upd_msg->data.sid= device_0
[91m [1776446120.465152] Client: [0m---after writing in log upd_msg->seq_no = 39
[91m [1776446120.465156] Client: [0m---after writing in log upd_msg->data.sensor_type = 2
[91m [1776446120.465161] Client: [0m---after writing in log upd_msg->reliable = 1
[91m [1776446120.879455] BSON Message: [0mInside sensor type parsing.
[91m [1776446120.879467] BSON Message: [0mInside sensor type parsing end.
[91m [1776446120.879473] BSON Message: [0mInside sid parsing
[91m [1776446120.879478] BSON Message: [0mInside temp1 parsing.
[91m [1776446120.879485] Client: [0m---before writing in log upd_msg->seq_no= 96
[91m [1776446120.879490] Client: [0m---before writing in log upd_msg->type= 4
[91m [1776446120.879494] Client: [0m---before writing in log upd_msg->frag_no= 0
[91m [1776446120.879499] Client: [0m---before writing in log upd_msg->reliable= 1
[91m [1776446120.879504] Client: [0m---before writing in log upd_msg->data.sensor_type= 1
[91m [1776446120.879508] Client: [0m---before writing in log upd_msg->data.sid= temp_1
[91m [1776446120.879514] Client: [0m---after writing in log upd_msg->seq_no = 96
[91m [1776446120.879519] Client: [0m---after writing in log upd_msg->data.sensor_type = 1
[91m [1776446120.879523] Client: [0m---after writing in log upd_msg->reliable = 1
[91m [1776446121.879033] BSON Message: [0mInside sensor type parsing.
[91m [1776446121.879047] BSON Message: [0mInside sensor type parsing end.
[91m [1776446121.879053] BSON Message: [0mInside sid parsing
[91m [1776446121.879058] BSON Message: [0mInside temp1 parsing.
[91m [1776446121.879065] Client: [0m---before writing in log upd_msg->seq_no= 97
[91m [1776446121.879070] Client: [0m---before writing in log upd_msg->type= 4
[91m [1776446121.879075] Client: [0m---before writing in log upd_msg->frag_no= 0
[91m [1776446121.879081] Client: [0m---before writing in log upd_msg->reliable= 1
[91m [1776446121.879085] Client: [0m---before writing in log upd_msg->data.sensor_type= 1
[91m [1776446121.879090] Client: [0m---before writing in log upd_msg->data.sid= temp_1
[91m [1776446121.879097] Client: [0m---after writing in log upd_msg->seq_no = 97
[91m [1776446121.879101] Client: [0m---after writing in log upd_msg->data.sensor_type = 1
[91m [1776446121.879106] Client: [0m---after writing in log upd_msg->reliable = 1
[91m [1776446122.879335] BSON Message: [0mInside sensor type parsing.
[91m [1776446122.879349] BSON Message: [0mInside sensor type parsing end.
[91m [1776446122.879355] BSON Message: [0mInside sid parsing
[91m [1776446122.879360] BSON Message: [0mInside temp1 parsing.
[91m [1776446122.879367] Client: [0m---before writing in log upd_msg->seq_no= 98
[91m [1776446122.879372] Client: [0m---before writing in log upd_msg->type= 4
[91m [1776446122.879377] Client: [0m---before writing in log upd_msg->frag_no= 0
[91m [1776446122.879383] Client: [0m---before writing in log upd_msg->reliable= 1
[91m [1776446122.879388] Client: [0m---before writing in log upd_msg->data.sensor_type= 1
[91m [1776446122.879393] Client: [0m---before writing in log upd_msg->data.sid= temp_1
[91m [1776446122.879399] Client: [0m---after writing in log upd_msg->seq_no = 98
[91m [1776446122.879404] Client: [0m---after writing in log upd_msg->data.sensor_type = 1
[91m [1776446122.879409] Client: [0m---after writing in log upd_msg->reliable = 1
[91m [1776446123.879497] BSON Message: [0mInside sensor type parsing.
[91m [1776446123.879510] BSON Message: [0mInside sensor type parsing end.
[91m [1776446123.879515] BSON Message: [0mInside sid parsing
[91m [1776446123.879522] BSON Message: [0mInside temp1 parsing.
[91m [1776446123.879528] Client: [0m---before writing in log upd_msg->seq_no= 99
[91m [1776446123.879538] Client: [0m---before writing in log upd_msg->type= 4
[91m [1776446123.879544] Client: [0m---before writing in log upd_msg->frag_no= 0
[91m [1776446123.879550] Client: [0m---before writing in log upd_msg->reliable= 1
[91m [1776446123.879555] Client: [0m---before writing in log upd_msg->data.sensor_type= 1
[91m [1776446123.879559] Client: [0m---before writing in log upd_msg->data.sid= temp_1
[91m [1776446123.879565] Client: [0m---after writing in log upd_msg->seq_no = 99
[91m [1776446123.879570] Client: [0m---after writing in log upd_msg->data.sensor_type = 1
[91m [1776446123.879575] Client: [0m---after writing in log upd_msg->reliable = 1
[91m [1776446124.879764] BSON Message: [0mInside sensor type parsing.
[91m [1776446124.879775] BSON Message: [0mInside sensor type parsing end.
[91m [1776446124.879779] BSON Message: [0mInside sid parsing
[91m [1776446124.879783] BSON Message: [0mInside temp1 parsing.
[91m [1776446124.879788] Client: [0m---before writing in log upd_msg->seq_no= 100
[91m [1776446124.879792] Client: [0m---before writing in log upd_msg->type= 4
[91m [1776446124.879795] Client: [0m---before writing in log upd_msg->frag_no= 0
[91m [1776446124.879799] Client: [0m---before writing in log upd_msg->reliable= 1
[91m [1776446124.879803] Client: [0m---before writing in log upd_msg->data.sensor_type= 1
[91m [1776446124.879806] Client: [0m---before writing in log upd_msg->data.sid= temp_1
[91m [1776446124.879811] Client: [0m---after writing in log upd_msg->seq_no = 100
[91m [1776446124.879815] Client: [0m---after writing in log upd_msg->data.sensor_type = 1
[91m [1776446124.879819] Client: [0m---after writing in log upd_msg->reliable = 1
[91m [1776446124.969207] BSON Message: [0mInside sensor type parsing.
[91m [1776446124.969220] BSON Message: [0mInside sensor type parsing end.
[91m [1776446124.969225] BSON Message: [0mInside sid parsing
[91m [1776446124.969231] Client: [0m---before writing in log upd_msg->seq_no= 40
[91m [1776446124.969236] Client: [0m---before writing in log upd_msg->type= 4
[91m [1776446124.969241] Client: [0m---before writing in log upd_msg->frag_no= 0
[91m [1776446124.969245] Client: [0m---before writing in log upd_msg->reliable= 1
[91m [1776446124.969250] Client: [0m---before writing in log upd_msg->data.sensor_type= 2
[91m [1776446124.969254] Client: [0m---before writing in log upd_msg->data.sid= device_0
[91m [1776446124.969259] Client: [0m---after writing in log upd_msg->seq_no = 40
[91m [1776446124.969264] Client: [0m---after writing in log upd_msg->data.sensor_type = 2
[91m [1776446124.969268] Client: [0m---after writing in log upd_msg->reliable = 1
[91m [1776446125.879980] BSON Message: [0mInside sensor type parsing.
[91m [1776446125.879992] BSON Message: [0mInside sensor type parsing end.
[91m [1776446125.879998] BSON Message: [0mInside sid parsing
[91m [1776446125.880004] BSON Message: [0mInside temp1 parsing.
[91m [1776446125.880011] Client: [0m---before writing in log upd_msg->seq_no= 101
[91m [1776446125.880016] Client: [0m---before writing in log upd_msg->type= 4
[91m [1776446125.880021] Client: [0m---before writing in log upd_msg->frag_no= 0
[91m [1776446125.880024] Client: [0m---before writing in log upd_msg->reliable= 1
[91m [1776446125.880028] Client: [0m---before writing in log upd_msg->data.sensor_type= 1
[91m [1776446125.880036] Client: [0m---before writing in log upd_msg->data.sid= temp_1
[91m [1776446125.880041] Client: [0m---after writing in log upd_msg->seq_no = 101
[91m [1776446125.880045] Client: [0m---after writing in log upd_msg->data.sensor_type = 1
[91m [1776446125.880049] Client: [0m---after writing in log upd_msg->reliable = 1
[91m [1776446126.880311] BSON Message: [0mInside sensor type parsing.
[91m [1776446126.880323] BSON Message: [0mInside sensor type parsing end.
[91m [1776446126.880327] BSON Message: [0mInside sid parsing
[91m [1776446126.880332] BSON Message: [0mInside temp1 parsing.
[91m [1776446126.880337] Client: [0m---before writing in log upd_msg->seq_no= 102
[91m [1776446126.880346] Client: [0m---before writing in log upd_msg->type= 4
[91m [1776446126.880350] Client: [0m---before writing in log upd_msg->frag_no= 0
[91m [1776446126.880353] Client: [0m---before writing in log upd_msg->reliable= 1
[91m [1776446126.880357] Client: [0m---before writing in log upd_msg->data.sensor_type= 1
[91m [1776446126.880360] Client: [0m---before writing in log upd_msg->data.sid= temp_1
[91m [1776446126.880365] Client: [0m---after writing in log upd_msg->seq_no = 102
[91m [1776446126.880369] Client: [0m---after writing in log upd_msg->data.sensor_type = 1
[91m [1776446126.880372] Client: [0m---after writing in log upd_msg->reliable = 1
[91m [1776446126.890444] BSON Message: [0mInside sensor type parsing.
[91m [1776446126.890452] BSON Message: [0mInside sensor type parsing end.
[91m [1776446126.890456] BSON Message: [0mInside sid parsing
[91m [1776446126.890460] Client: [0m---before writing in log upd_msg->seq_no= 41
[91m [1776446126.890463] Client: [0m---before writing in log upd_msg->type= 4
[91m [1776446126.890466] Client: [0m---before writing in log upd_msg->frag_no= 0
[91m [1776446126.890469] Client: [0m---before writing in log upd_msg->reliable= 1
[91m [1776446126.890473] Client: [0m---before writing in log upd_msg->data.sensor_type= 2
[91m [1776446126.890478] Client: [0m---before writing in log upd_msg->data.sid= device_0
[91m [1776446126.890483] Client: [0m---after writing in log upd_msg->seq_no = 41
[91m [1776446126.890486] Client: [0m---after writing in log upd_msg->data.sensor_type = 2
[91m [1776446126.890490] Client: [0m---after writing in log upd_msg->reliable = 1
[91m [1776446127.880508] BSON Message: [0mInside sensor type parsing.
[91m [1776446127.880519] BSON Message: [0mInside sensor type parsing end.
[91m [1776446127.880524] BSON Message: [0mInside sid parsing
[91m [1776446127.880529] BSON Message: [0mInside temp1 parsing.
[91m [1776446127.880536] Client: [0m---before writing in log upd_msg->seq_no= 103
[91m [1776446127.880541] Client: [0m---before writing in log upd_msg->type= 4
[91m [1776446127.880545] Client: [0m---before writing in log upd_msg->frag_no= 0
[91m [1776446127.880550] Client: [0m---before writing in log upd_msg->reliable= 1
[91m [1776446127.880555] Client: [0m---before writing in log upd_msg->data.sensor_type= 1
[91m [1776446127.880560] Client: [0m---before writing in log upd_msg->data.sid= temp_1
[91m [1776446127.880565] Client: [0m---after writing in log upd_msg->seq_no = 103
[91m [1776446127.880570] Client: [0m---after writing in log upd_msg->data.sensor_type = 1
[91m [1776446127.880574] Client: [0m---after writing in log upd_msg->reliable = 1
[91m [1776446127.968925] BSON Message: [0mInside sensor type parsing.
[91m [1776446127.968938] BSON Message: [0mInside sensor type parsing end.
[91m [1776446127.968944] BSON Message: [0mInside sid parsing
[91m [1776446127.968951] Client: [0m---before writing in log upd_msg->seq_no= 42
[91m [1776446127.968956] Client: [0m---before writing in log upd_msg->type= 4
[91m [1776446127.968961] Client: [0m---before writing in log upd_msg->frag_no= 0
[91m [1776446127.968966] Client: [0m---before writing in log upd_msg->reliable= 1
[91m [1776446127.968971] Client: [0m---before writing in log upd_msg->data.sensor_type= 2
[91m [1776446127.968977] Client: [0m---before writing in log upd_msg->data.sid= device_0
[91m [1776446127.968982] Client: [0m---after writing in log upd_msg->seq_no = 42
[91m [1776446127.968987] Client: [0m---after writing in log upd_msg->data.sensor_type = 2
[91m [1776446127.968991] Client: [0m---after writing in log upd_msg->reliable = 1
[91m [1776446128.880738] BSON Message: [0mInside sensor type parsing.
[91m [1776446128.880748] BSON Message: [0mInside sensor type parsing end.
[91m [1776446128.880753] BSON Message: [0mInside sid parsing
[91m [1776446128.880758] BSON Message: [0mInside temp1 parsing.
[91m [1776446128.880764] Client: [0m---before writing in log upd_msg->seq_no= 104
[91m [1776446128.880771] Client: [0m---before writing in log upd_msg->type= 4
[91m [1776446128.880775] Client: [0m---before writing in log upd_msg->frag_no= 0
[91m [1776446128.880779] Client: [0m---before writing in log upd_msg->reliable= 1
[91m [1776446128.880782] Client: [0m---before writing in log upd_msg->data.sensor_type= 1
[91m [1776446128.880786] Client: [0m---before writing in log upd_msg->data.sid= temp_1
[91m [1776446128.880791] Client: [0m---after writing in log upd_msg->seq_no = 104
[91m [1776446128.880794] Client: [0m---after writing in log upd_msg->data.sensor_type = 1
[91m [1776446128.880799] Client: [0m---after writing in log upd_msg->reliable = 1
[91m [1776446129.880999] BSON Message: [0mInside sensor type parsing.
[91m [1776446129.881031] BSON Message: [0mInside sensor type parsing end.
[91m [1776446129.881037] BSON Message: [0mInside sid parsing
[91m [1776446129.881043] BSON Message: [0mInside temp1 parsing.
[91m [1776446129.881085] Client: [0m---before writing in log upd_msg->seq_no= 105
[91m [1776446129.881091] Client: [0m---before writing in log upd_msg->type= 4
[91m [1776446129.881095] Client: [0m---before writing in log upd_msg->frag_no= 0
[91m [1776446129.881100] Client: [0m---before writing in log upd_msg->reliable= 1
[91m [1776446129.881105] Client: [0m---before writing in log upd_msg->data.sensor_type= 1
[91m [1776446129.881110] Client: [0m---before writing in log upd_msg->data.sid= temp_1
[91m [1776446129.881116] Client: [0m---after writing in log upd_msg->seq_no = 105
[91m [1776446129.881122] Client: [0m---after writing in log upd_msg->data.sensor_type = 1
[91m [1776446129.881128] Client: [0m---after writing in log upd_msg->reliable = 1
[91m [1776446130.881462] BSON Message: [0mInside sensor type parsing.
[91m [1776446130.881475] BSON Message: [0mInside sensor type parsing end.
[91m [1776446130.881480] BSON Message: [0mInside sid parsing
[91m [1776446130.881484] BSON Message: [0mInside temp1 parsing.
[91m [1776446130.881490] Client: [0m---before writing in log upd_msg->seq_no= 106
[91m [1776446130.881495] Client: [0m---before writing in log upd_msg->type= 4
[91m [1776446130.881499] Client: [0m---before writing in log upd_msg->frag_no= 0
[91m [1776446130.881504] Client: [0m---before writing in log upd_msg->reliable= 1
[91m [1776446130.881509] Client: [0m---before writing in log upd_msg->data.sensor_type= 1
[91m [1776446130.881513] Client: [0m---before writing in log upd_msg->data.sid= temp_1
[91m [1776446130.881518] Client: [0m---after writing in log upd_msg->seq_no = 106
[91m [1776446130.881523] Client: [0m---after writing in log upd_msg->data.sensor_type = 1
[91m [1776446130.881527] Client: [0m---after writing in log upd_msg->reliable = 1
[91m [1776446130.898568] BSON Message: [0mInside sensor type parsing.
[91m [1776446130.898579] BSON Message: [0mInside sensor type parsing end.
[91m [1776446130.898584] BSON Message: [0mInside sid parsing
[91m [1776446130.898589] Client: [0m---before writing in log upd_msg->seq_no= 43
[91m [1776446130.898594] Client: [0m---before writing in log upd_msg->type= 4
[91m [1776446130.898599] Client: [0m---before writing in log upd_msg->frag_no= 0
[91m [1776446130.898602] Client: [0m---before writing in log upd_msg->reliable= 1
[91m [1776446130.898606] Client: [0m---before writing in log upd_msg->data.sensor_type= 2
[91m [1776446130.898613] Client: [0m---before writing in log upd_msg->data.sid= device_0
[91m [1776446130.898618] Client: [0m---after writing in log upd_msg->seq_no = 43
[91m [1776446130.898622] Client: [0m---after writing in log upd_msg->data.sensor_type = 2
[91m [1776446130.898626] Client: [0m---after writing in log upd_msg->reliable = 1
[91m [1776446131.220850] BSON Message: [0mInside sensor type parsing.
[91m [1776446131.220862] BSON Message: [0mInside sensor type parsing end.
[91m [1776446131.220867] BSON Message: [0mInside sid parsing
[91m [1776446131.220873] BSON Message: [0mInside gps1 parsing.
[91m [1776446131.220879] Client: [0m---before writing in log upd_msg->seq_no= 12
[91m [1776446131.220893] Client: [0m---before writing in log upd_msg->type= 4
[91m [1776446131.220899] Client: [0m---before writing in log upd_msg->frag_no= 0
[91m [1776446131.220905] Client: [0m---before writing in log upd_msg->reliable= 1
[91m [1776446131.220909] Client: [0m---before writing in log upd_msg->data.sensor_type= 3
[91m [1776446131.220943] Client: [0m---before writing in log upd_msg->data.sid= gps_2
[91m [1776446131.220952] Client: [0m---after writing in log upd_msg->seq_no = 12
[91m [1776446131.220956] Client: [0m---after writing in log upd_msg->data.sensor_type = 3
[91m [1776446131.220960] Client: [0m---after writing in log upd_msg->reliable = 1
[91m [1776446131.881863] BSON Message: [0mInside sensor type parsing.
[91m [1776446131.881876] BSON Message: [0mInside sensor type parsing end.
[91m [1776446131.881880] BSON Message: [0mInside sid parsing
[91m [1776446131.881885] BSON Message: [0mInside temp1 parsing.
[91m [1776446131.881890] Client: [0m---before writing in log upd_msg->seq_no= 107
[91m [1776446131.881895] Client: [0m---before writing in log upd_msg->type= 4
[91m [1776446131.881900] Client: [0m---before writing in log upd_msg->frag_no= 0
[91m [1776446131.881904] Client: [0m---before writing in log upd_msg->reliable= 1
[91m [1776446131.881909] Client: [0m---before writing in log upd_msg->data.sensor_type= 1
[91m [1776446131.881913] Client: [0m---before writing in log upd_msg->data.sid= temp_1
[91m [1776446131.881930] Client: [0m---after writing in log upd_msg->seq_no = 107
[91m [1776446131.881934] Client: [0m---after writing in log upd_msg->data.sensor_type = 1
[91m [1776446131.881939] Client: [0m---after writing in log upd_msg->reliable = 1
[91m [1776446132.881827] BSON Message: [0mInside sensor type parsing.
[91m [1776446132.881841] BSON Message: [0mInside sensor type parsing end.
[91m [1776446132.881847] BSON Message: [0mInside sid parsing
[91m [1776446132.881853] BSON Message: [0mInside temp1 parsing.
[91m [1776446132.881860] Client: [0m---before writing in log upd_msg->seq_no= 108
[91m [1776446132.881866] Client: [0m---before writing in log upd_msg->type= 4
[91m [1776446132.881872] Client: [0m---before writing in log upd_msg->frag_no= 0
[91m [1776446132.881877] Client: [0m---before writing in log upd_msg->reliable= 1
[91m [1776446132.881883] Client: [0m---before writing in log upd_msg->data.sensor_type= 1
[91m [1776446132.881888] Client: [0m---before writing in log upd_msg->data.sid= temp_1
[91m [1776446132.881896] Client: [0m---after writing in log upd_msg->seq_no = 108
[91m [1776446132.881902] Client: [0m---after writing in log upd_msg->data.sensor_type = 1
[91m [1776446132.881907] Client: [0m---after writing in log upd_msg->reliable = 1
[91m [1776446133.882154] BSON Message: [0mInside sensor type parsing.
[91m [1776446133.882165] BSON Message: [0mInside sensor type parsing end.
[91m [1776446133.882171] BSON Message: [0mInside sid parsing
[91m [1776446133.882176] BSON Message: [0mInside temp1 parsing.
[91m [1776446133.882182] Client: [0m---before writing in log upd_msg->seq_no= 109
[91m [1776446133.882187] Client: [0m---before writing in log upd_msg->type= 4
[91m [1776446133.882192] Client: [0m---before writing in log upd_msg->frag_no= 0
[91m [1776446133.882196] Client: [0m---before writing in log upd_msg->reliable= 1
[91m [1776446133.882201] Client: [0m---before writing in log upd_msg->data.sensor_type= 1
[91m [1776446133.882206] Client: [0m---before writing in log upd_msg->data.sid= temp_1
[91m [1776446133.882212] Client: [0m---after writing in log upd_msg->seq_no = 109
[91m [1776446133.882217] Client: [0m---after writing in log upd_msg->data.sensor_type = 1
[91m [1776446133.882223] Client: [0m---after writing in log upd_msg->reliable = 1
[91m [1776446133.937762] BSON Message: [0mInside sensor type parsing.
[91m [1776446133.937772] BSON Message: [0mInside sensor type parsing end.
[91m [1776446133.937776] BSON Message: [0mInside sid parsing
-------- 1
Got a message from the server.
Message type is 4
---------Update message arrived------------ 1
Got a message from the server.
Message type is 4
---------Update message arrived------------ 1
Got a message from the server.
Message type is 4
---------Update message arrived------------ 1
Got a message from the server.
Message type is 4
---------Update message arrived------------ 1
Got a message from the server.
Message type is 4
---------Update message arrived------------ 1
Got a message from the server.
Message type is 4
---------Update message arrived------------ 1
Got a message from the server.
Message type is 4
---------Update message arrived------------ 1
Got a message from the server.
Message type is 4
---------Update message arrived------------ 1
Got a message from the server.
Message type is 4
---------Update message arrived------------ 1
Got a message from the server.
Message type is 4
---------Update message arrived------------ 1
Got a message from the server.
Message type is 4
---------Update message arrived------------ 1
Got a message from the server.
Message type is 4
---------Update message arrived------------ 1
Got a message from the server.
Message type is 4
---------Update message arrived------------ 1
Got a message from the server.
Message type is 4
---------Update message arrived------------ 1
Got a message from the server.
Message type is 4
---------Update message arrived------------ 1
Got a message from the server.
Message type is 4
---------Update message arrived------------ 1
Got a message from the server.
Message type is 4
---------Update message arrived------------ 1
Got a message from the server.
Message type is 4
---------Update message arrived------------ 1
Got a message from the server.
Message type is 4
---------Update message arrived------------ 1
Got a message from the server.
Message type is 4
---------Update message arrived------------ 1
Got a message from the server.
Message type is 4
---------Update message arrived------------ 1
Got a message from the server.
Message type is 4
---------Update message arrived------------ 1
Got a message from the server.
Message type is 4
---------Update message arrived------------ 1
Got a message from the server.
Message type is 4
---------Update message arrived------------ 1
Got a message from the server.
Message type is 4
---------Update message arrived------------ 1
Got a message from the server.
Message type is 4
---------Update message arrived------------ 1
Got a message from the server.
Message type is 4
---------Update message arrived------------ 1
Got a message from the server.
Message type is 4
---------Update message arrived------------ 1
Got a message from the server.
Message type is 4
---------Update message arrived------------ 1
Got a message from the server.
Message type is 4
---------Update message arrived------------ 1
Got a message from the server.
Message type is 4
---------Update message arrived------------ 1
Got a message from the server.
Message type is 4
---------Update message arrived------------ 1
Got a message from the server.
Message type is 4
---------Update message arrived------------ 1
Got a message from the server.
Message type is 4
---------Update message arrived------------ 1
Got a message from the server.
Message type is 4
---------Update message arrived------------ 1
Got a message from the server.
Message type is 4
---------Update message arrived------------ 1
Got a message from the server.
Message type is 4
---------Update message arrived------------ 1
Got a message from the server.
Message type is 4
---------Update message arrived------------ 1
Got a message from the server.
Message type is 4
---------Update message arrived------------ 1
Got a message from the server.
Message type is 4
---------Update message arrived------------ 1
Got a message from the server.
Message type is 4
---------Update message arrived------------ 1
Got a message from the server.
Message type is 4
---------Update message arrived------------ 1
Got a message from the server.
Message type is 4
---------Update message arrived------------ 1
[91m [1776446133.937791] Client: [0m---before writing in log upd_msg->seq_no= 44
[91m [1776446133.937794] Client: [0m---before writing in log upd_msg->type= 4
[91m [1776446133.937798] Client: [0m---before writing in log upd_msg->frag_no= 0
[91m [1776446133.937802] Client: [0m---before writing in log upd_msg->reliable= 1
[91m [1776446133.937806] Client: [0m---before writing in log upd_msg->data.sensor_type= 2
[91m [1776446133.937810] Client: [0m---before writing in log upd_msg->data.sid= device_0
[91m [1776446133.937814] Client: [0m---after writing in log upd_msg->seq_no = 44
[91m [1776446133.937818] Client: [0m---after writing in log upd_msg->data.sensor_type = 2
[91m [1776446133.937822] Client: [0m---after writing in log upd_msg->reliable = 1
[91m [1776446134.882332] BSON Message: [0mInside sensor type parsing.
[91m [1776446134.882343] BSON Message: [0mInside sensor type parsing end.
[91m [1776446134.882347] BSON Message: [0mInside sid parsing
[91m [1776446134.882352] BSON Message: [0mInside temp1 parsing.
[91m [1776446134.882358] Client: [0m---before writing in log upd_msg->seq_no= 110
[91m [1776446134.882362] Client: [0m---before writing in log upd_msg->type= 4
[91m [1776446134.882365] Client: [0m---before writing in log upd_msg->frag_no= 0
[91m [1776446134.882370] Client: [0m---before writing in log upd_msg->reliable= 1
[91m [1776446134.882374] Client: [0m---before writing in log upd_msg->data.sensor_type= 1
[91m [1776446134.882378] Client: [0m---before writing in log upd_msg->data.sid= temp_1
[91m [1776446134.882383] Client: [0m---after writing in log upd_msg->seq_no = 110
[91m [1776446134.882387] Client: [0m---after writing in log upd_msg->data.sensor_type = 1
[91m [1776446134.882392] Client: [0m---after writing in log upd_msg->reliable = 1
[91m [1776446135.549296] BSON Message: [0mInside sensor type parsing.
[91m [1776446135.549305] BSON Message: [0mInside sensor type parsing end.
[91m [1776446135.549319] BSON Message: [0mInside sid parsing
[91m [1776446135.549326] Client: [0m---before writing in log upd_msg->seq_no= 45
[91m [1776446135.549330] Client: [0m---before writing in log upd_msg->type= 4
[91m [1776446135.549334] Client: [0m---before writing in log upd_msg->frag_no= 0
[91m [1776446135.549338] Client: [0m---before writing in log upd_msg->reliable= 1
[91m [1776446135.549342] Client: [0m---before writing in log upd_msg->data.sensor_type= 2
[91m [1776446135.549346] Client: [0m---before writing in log upd_msg->data.sid= device_0
[91m [1776446135.549351] Client: [0m---after writing in log upd_msg->seq_no = 45
[91m [1776446135.549355] Client: [0m---after writing in log upd_msg->data.sensor_type = 2
[91m [1776446135.549359] Client: [0m---after writing in log upd_msg->reliable = 1
[91m [1776446135.882873] BSON Message: [0mInside sensor type parsing.
[91m [1776446135.882883] BSON Message: [0mInside sensor type parsing end.
[91m [1776446135.882888] BSON Message: [0mInside sid parsing
[91m [1776446135.882893] BSON Message: [0mInside temp1 parsing.
[91m [1776446135.882899] Client: [0m---before writing in log upd_msg->seq_no= 111
[91m [1776446135.882904] Client: [0m---before writing in log upd_msg->type= 4
[91m [1776446135.882909] Client: [0m---before writing in log upd_msg->frag_no= 0
[91m [1776446135.882913] Client: [0m---before writing in log upd_msg->reliable= 1
[91m [1776446135.882924] Client: [0m---before writing in log upd_msg->data.sensor_type= 1
[91m [1776446135.882928] Client: [0m---before writing in log upd_msg->data.sid= temp_1
[91m [1776446135.882934] Client: [0m---after writing in log upd_msg->seq_no = 111
[91m [1776446135.882938] Client: [0m---after writing in log upd_msg->data.sensor_type = 1
[91m [1776446135.882942] Client: [0m---after writing in log upd_msg->reliable = 1
[91m [1776446135.915662] BSON Message: [0mInside sensor type parsing.
[91m [1776446135.915675] BSON Message: [0mInside sensor type parsing end.
[91m [1776446135.915681] BSON Message: [0mInside sid parsing
[91m [1776446135.915686] Client: [0m---before writing in log upd_msg->seq_no= 46
[91m [1776446135.915696] Client: [0m---before writing in log upd_msg->type= 4
[91m [1776446135.915701] Client: [0m---before writing in log upd_msg->frag_no= 0
[91m [1776446135.915705] Client: [0m---before writing in log upd_msg->reliable= 1
[91m [1776446135.915710] Client: [0m---before writing in log upd_msg->data.sensor_type= 2
[91m [1776446135.915714] Client: [0m---before writing in log upd_msg->data.sid= device_0
[91m [1776446135.915720] Client: [0m---after writing in log upd_msg->seq_no = 46
[91m [1776446135.915724] Client: [0m---after writing in log upd_msg->data.sensor_type = 2
[91m [1776446135.915728] Client: [0m---after writing in log upd_msg->reliable = 1
[91m [1776446136.292806] BSON Message: [0mInside sensor type parsing.
[91m [1776446136.292818] BSON Message: [0mInside sensor type parsing end.
[91m [1776446136.292823] BSON Message: [0mInside sid parsing
[91m [1776446136.292829] Client: [0m---before writing in log upd_msg->seq_no= 47
[91m [1776446136.292834] Client: [0m---before writing in log upd_msg->type= 4
[91m [1776446136.292841] Client: [0m---before writing in log upd_msg->frag_no= 0
[91m [1776446136.292846] Client: [0m---before writing in log upd_msg->reliable= 1
[91m [1776446136.292850] Client: [0m---before writing in log upd_msg->data.sensor_type= 2
[91m [1776446136.292857] Client: [0m---before writing in log upd_msg->data.sid= device_0
[91m [1776446136.292863] Client: [0m---after writing in log upd_msg->seq_no = 47
[91m [1776446136.292868] Client: [0m---after writing in log upd_msg->data.sensor_type = 2
[91m [1776446136.292872] Client: [0m---after writing in log upd_msg->reliable = 1
[91m [1776446136.883040] BSON Message: [0mInside sensor type parsing.
[91m [1776446136.883057] BSON Message: [0mInside sensor type parsing end.
[91m [1776446136.883065] BSON Message: [0mInside sid parsing
[91m [1776446136.883072] BSON Message: [0mInside temp1 parsing.
[91m [1776446136.883079] Client: [0m---before writing in log upd_msg->seq_no= 112
[91m [1776446136.883086] Client: [0m---before writing in log upd_msg->type= 4
[91m [1776446136.883093] Client: [0m---before writing in log upd_msg->frag_no= 0
[91m [1776446136.883099] Client: [0m---before writing in log upd_msg->reliable= 1
[91m [1776446136.883104] Client: [0m---before writing in log upd_msg->data.sensor_type= 1
[91m [1776446136.883109] Client: [0m---before writing in log upd_msg->data.sid= temp_1
[91m [1776446136.883115] Client: [0m---after writing in log upd_msg->seq_no = 112
[91m [1776446136.883121] Client: [0m---after writing in log upd_msg->data.sensor_type = 1
[91m [1776446136.883127] Client: [0m---after writing in log upd_msg->reliable = 1
[91m [1776446137.91352] BSON Message: [0mInside sensor type parsing.
[91m [1776446137.91371] BSON Message: [0mInside sensor type parsing end.
[91m [1776446137.91376] BSON Message: [0mInside sid parsing
[91m [1776446137.91383] Client: [0m---before writing in log upd_msg->seq_no= 48
[91m [1776446137.91388] Client: [0m---before writing in log upd_msg->type= 4
[91m [1776446137.91392] Client: [0m---before writing in log upd_msg->frag_no= 0
[91m [1776446137.91396] Client: [0m---before writing in log upd_msg->reliable= 1
[91m [1776446137.91400] Client: [0m---before writing in log upd_msg->data.sensor_type= 2
[91m [1776446137.91405] Client: [0m---before writing in log upd_msg->data.sid= device_0
[91m [1776446137.91411] Client: [0m---after writing in log upd_msg->seq_no = 48
[91m [1776446137.91415] Client: [0m---after writing in log upd_msg->data.sensor_type = 2
[91m [1776446137.91419] Client: [0m---after writing in log upd_msg->reliable = 1
[91m [1776446137.883314] BSON Message: [0mInside sensor type parsing.
[91m [1776446137.883324] BSON Message: [0mInside sensor type parsing end.
[91m [1776446137.883329] BSON Message: [0mInside sid parsing
[91m [1776446137.883334] BSON Message: [0mInside temp1 parsing.
[91m [1776446137.883339] Client: [0m---before writing in log upd_msg->seq_no= 113
[91m [1776446137.883347] Client: [0m---before writing in log upd_msg->type= 4
[91m [1776446137.883350] Client: [0m---before writing in log upd_msg->frag_no= 0
[91m [1776446137.883354] Client: [0m---before writing in log upd_msg->reliable= 1
[91m [1776446137.883358] Client: [0m---before writing in log upd_msg->data.sensor_type= 1
[91m [1776446137.883361] Client: [0m---before writing in log upd_msg->data.sid= temp_1
[91m [1776446137.883366] Client: [0m---after writing in log upd_msg->seq_no = 113
[91m [1776446137.883371] Client: [0m---after writing in log upd_msg->data.sensor_type = 1
[91m [1776446137.883375] Client: [0m---after writing in log upd_msg->reliable = 1
[91m [1776446138.201336] BSON Message: [0mInside sensor type parsing.
[91m [1776446138.201349] BSON Message: [0mInside sensor type parsing end.
[91m [1776446138.201354] BSON Message: [0mInside sid parsing
[91m [1776446138.201361] Client: [0m---before writing in log upd_msg->seq_no= 49
[91m [1776446138.201366] Client: [0m---before writing in log upd_msg->type= 4
[91m [1776446138.201371] Client: [0m---before writing in log upd_msg->frag_no= 0
[91m [1776446138.201376] Client: [0m---before writing in log upd_msg->reliable= 1
[91m [1776446138.201381] Client: [0m---before writing in log upd_msg->data.sensor_type= 2
[91m [1776446138.201386] Client: [0m---before writing in log upd_msg->data.sid= device_0
[91m [1776446138.201391] Client: [0m---after writing in log upd_msg->seq_no = 49
[91m [1776446138.201396] Client: [0m---after writing in log upd_msg->data.sensor_type = 2
[91m [1776446138.201399] Client: [0m---after writing in log upd_msg->reliable = 1
[91m [1776446138.883479] BSON Message: [0mInside sensor type parsing.
[91m [1776446138.883492] BSON Message: [0mInside sensor type parsing end.
[91m [1776446138.883498] BSON Message: [0mInside sid parsing
[91m [1776446138.883505] BSON Message: [0mInside temp1 parsing.
[91m [1776446138.883511] Client: [0m---before writing in log upd_msg->seq_no= 114
[91m [1776446138.883517] Client: [0m---before writing in log upd_msg->type= 4
[91m [1776446138.883522] Client: [0m---before writing in log upd_msg->frag_no= 0
[91m [1776446138.883530] Client: [0m---before writing in log upd_msg->reliable= 1
[91m [1776446138.883536] Client: [0m---before writing in log upd_msg->data.sensor_type= 1
[91m [1776446138.883541] Client: [0m---before writing in log upd_msg->data.sid= temp_1
[91m [1776446138.883548] Client: [0m---after writing in log upd_msg->seq_no = 114
[91m [1776446138.883554] Client: [0m---after writing in log upd_msg->data.sensor_type = 1
[91m [1776446138.883559] Client: [0m---after writing in log upd_msg->reliable = 1
[91m [1776446139.884108] BSON Message: [0mInside sensor type parsing.
[91m [1776446139.884124] BSON Message: [0mInside sensor type parsing end.
[91m [1776446139.884129] BSON Message: [0mInside sid parsing
[91m [1776446139.884134] BSON Message: [0mInside temp1 parsing.
[91m [1776446139.884140] Client: [0m---before writing in log upd_msg->seq_no= 115
[91m [1776446139.884145] Client: [0m---before writing in log upd_msg->type= 4
[91m [1776446139.884149] Client: [0m---before writing in log upd_msg->frag_no= 0
[91m [1776446139.884154] Client: [0m---before writing in log upd_msg->reliable= 1
[91m [1776446139.884158] Client: [0m---before writing in log upd_msg->data.sensor_type= 1
[91m [1776446139.884162] Client: [0m---before writing in log upd_msg->data.sid= temp_1
[91m [1776446139.884168] Client: [0m---after writing in log upd_msg->seq_no = 115
[91m [1776446139.884173] Client: [0m---after writing in log upd_msg->data.sensor_type = 1
[91m [1776446139.884178] Client: [0m---after writing in log upd_msg->reliable = 1
[91m [1776446140.884020] BSON Message: [0mInside sensor type parsing.
[91m [1776446140.884029] BSON Message: [0mInside sensor type parsing end.
[91m [1776446140.884034] BSON Message: [0mInside sid parsing
[91m [1776446140.884038] BSON Message: [0mInside temp1 parsing.
[91m [1776446140.884043] Client: [0m---before writing in log upd_msg->seq_no= 116
[91m [1776446140.884050] Client: [0m---before writing in log upd_msg->type= 4
[91m [1776446140.884054] Client: [0m---before writing in log upd_msg->frag_no= 0
[91m [1776446140.884058] Client: [0m---before writing in log upd_msg->reliable= 1
[91m [1776446140.884062] Client: [0m---before writing in log upd_msg->data.sensor_type= 1
[91m [1776446140.884066] Client: [0m---before writing in log upd_msg->data.sid= temp_1
[91m [1776446140.884072] Client: [0m---after writing in log upd_msg->seq_no = 116
[91m [1776446140.884077] Client: [0m---after writing in log upd_msg->data.sensor_type = 1
[91m [1776446140.884082] Client: [0m---after writing in log upd_msg->reliable = 1
[91m [1776446141.289361] BSON Message: [0mInside sensor type parsing.
[91m [1776446141.289373] BSON Message: [0mInside sensor type parsing end.
[91m [1776446141.289379] BSON Message: [0mInside sid parsing
[91m [1776446141.289405] Client: [0m---before writing in log upd_msg->seq_no= 50
[91m [1776446141.289412] Client: [0m---before writing in log upd_msg->type= 4
[91m [1776446141.289417] Client: [0m---before writing in log upd_msg->frag_no= 0
[91m [1776446141.289422] Client: [0m---before writing in log upd_msg->reliable= 1
[91m [1776446141.289428] Client: [0m---before writing in log upd_msg->data.sensor_type= 2
[91m [1776446141.289433] Client: [0m---before writing in log upd_msg->data.sid= device_0
[91m [1776446141.289438] Client: [0m---after writing in log upd_msg->seq_no = 50
[91m [1776446141.289443] Client: [0m---after writing in log upd_msg->data.sensor_type = 2
[91m [1776446141.289471] Client: [0m---after writing in log upd_msg->reliable = 1
[91m [1776446141.884414] BSON Message: [0mInside sensor type parsing.
[91m [1776446141.884427] BSON Message: [0mInside sensor type parsing end.
[91m [1776446141.884433] BSON Message: [0mInside sid parsing
[91m [1776446141.884440] BSON Message: [0mInside temp1 parsing.
[91m [1776446141.884447] Client: [0m---before writing in log upd_msg->seq_no= 117
[91m [1776446141.884453] Client: [0m---before writing in log upd_msg->type= 4
[91m [1776446141.884459] Client: [0m---before writing in log upd_msg->frag_no= 0
[91m [1776446141.884465] Client: [0m---before writing in log upd_msg->reliable= 1
[91m [1776446141.884470] Client: [0m---before writing in log upd_msg->data.sensor_type= 1
[91m [1776446141.884476] Client: [0m---before writing in log upd_msg->data.sid= temp_1
[91m [1776446141.884482] Client: [0m---after writing in log upd_msg->seq_no = 117
[91m [1776446141.884488] Client: [0m---after writing in log upd_msg->data.sensor_type = 1
[91m [1776446141.884493] Client: [0m---after writing in log upd_msg->reliable = 1
[91m [1776446142.884530] BSON Message: [0mInside sensor type parsing.
[91m [1776446142.884542] BSON Message: [0mInside sensor type parsing end.
[91m [1776446142.884550] BSON Message: [0mInside sid parsing
[91m [1776446142.884555] BSON Message: [0mInside temp1 parsing.
[91m [1776446142.884561] Client: [0m---before writing in log upd_msg->seq_no= 118
[91m [1776446142.884566] Client: [0m---before writing in log upd_msg->type= 4
[91m [1776446142.884571] Client: [0m---before writing in log upd_msg->frag_no= 0
[91m [1776446142.884576] Client: [0m---before writing in log upd_msg->reliable= 1
[91m [1776446142.884581] Client: [0m---before writing in log upd_msg->data.sensor_type= 1
[91m [1776446142.884586] Client: [0m---before writing in log upd_msg->data.sid= temp_1
[91m [1776446142.884591] Client: [0m---after writing in log upd_msg->seq_no = 118
[91m [1776446142.884596] Client: [0m---after writing in log upd_msg->data.sensor_type = 1
[91m [1776446142.884601] Client: [0m---after writing in log upd_msg->reliable = 1
[91m [1776446143.884880] BSON Message: [0mInside sensor type parsing.
[91m [1776446143.884893] BSON Message: [0mInside sensor type parsing end.
[91m [1776446143.884901] BSON Message: [0mInside sid parsing
[91m [1776446143.884909] BSON Message: [0mInside temp1 parsing.
[91m [1776446143.884929] Client: [0m---before writing in log upd_msg->seq_no= 119
[91m [1776446143.884934] Client: [0m---before writing in log upd_msg->type= 4
[91m [1776446143.884937] Client: [0m---before writing in log upd_msg->frag_no= 0
[91m [1776446143.884941] Client: [0m---before writing in log upd_msg->reliable= 1
[91m [1776446143.884946] Client: [0m---before writing in log upd_msg->data.sensor_type= 1
[91m [1776446143.884950] Client: [0m---before writing in log upd_msg->data.sid= temp_1
[91m [1776446143.884955] Client: [0m---after writing in log upd_msg->seq_no = 119
[91m [1776446143.884959] Client: [0m---after writing in log upd_msg->data.sensor_type = 1
[91m [1776446143.884963] Client: [0m---after writing in log upd_msg->reliable = 1
[91m [1776446144.849543] BSON Message: [0mInside sensor type parsing.
[91m [1776446144.849561] BSON Message: [0mInside sensor type parsing end.
[91m [1776446144.849582] BSON Message: [0mInside sid parsing
[91m [1776446144.849587] BSON Message: [0mInside gps1 parsing.
[91m [1776446144.849593] Client: [0m---before writing in log upd_msg->seq_no= 13
[91m [1776446144.849598] Client: [0m---before writing in log upd_msg->type= 4
[91m [1776446144.849603] Client: [0m---before writing in log upd_msg->frag_no= 0
[91m [1776446144.849607] Client: [0m---before writing in log upd_msg->reliable= 1
[91m [1776446144.849612] Client: [0m---before writing in log upd_msg->data.sensor_type= 3
[91m [1776446144.849616] Client: [0m---before writing in log upd_msg->data.sid= gps_2
[91m [1776446144.849624] Client: [0m---after writing in log upd_msg->seq_no = 13
[91m [1776446144.849629] Client: [0m---after writing in log upd_msg->data.sensor_type = 3
[91m [1776446144.849633] Client: [0m---after writing in log upd_msg->reliable = 1
[91m [1776446144.884978] BSON Message: [0mInside sensor type parsing.
[91m [1776446144.884990] BSON Message: [0mInside sensor type parsing end.
[91m [1776446144.884995] BSON Message: [0mInside sid parsing
[91m [1776446144.884999] BSON Message: [0mInside temp1 parsing.
[91m [1776446144.885004] Client: [0m---before writing in log upd_msg->seq_no= 120
[91m [1776446144.885007] Client: [0m---before writing in log upd_msg->type= 4
[91m [1776446144.885011] Client: [0m---before writing in log upd_msg->frag_no= 0
[91m [1776446144.885014] Client: [0m---before writing in log upd_msg->reliable= 1
[91m [1776446144.885018] Client: [0m---before writing in log upd_msg->data.sensor_type= 1
[91m [1776446144.885021] Client: [0m---before writing in log upd_msg->data.sid= temp_1
[91m [1776446144.885026] Client: [0m---after writing in log upd_msg->seq_no = 120
[91m [1776446144.885029] Client: [0m---after writing in log upd_msg->data.sensor_type = 1
[91m [1776446144.885033] Client: [0m---after writing in log upd_msg->reliable = 1
[91m [1776446145.885309] BSON Message: [0mInside sensor type parsing.
[91m [1776446145.885319] BSON Message: [0mInside sensor type parsing end.
[91m [1776446145.885323] BSON Message: [0mInside sid parsing
[91m [1776446145.885327] BSON Message: [0mInside temp1 parsing.
[91m [1776446145.885334] Client: [0m---before writing in log upd_msg->seq_no= 121
[91m [1776446145.885339] Client: [0m---before writing in log upd_msg->type= 4
[91m [1776446145.885343] Client: [0m---before writing in log upd_msg->frag_no= 0
[91m [1776446145.885348] Client: [0m---before writing in log upd_msg->reliable= 1
[91m [1776446145.885353] Client: [0m---before writing in log upd_msg->data.sensor_type= 1
[91m [1776446145.885357] Client: [0m---before writing in log upd_msg->data.sid= temp_1
[91m [1776446145.885364] Client: [0m---after writing in log upd_msg->seq_no = 121
[91m [1776446145.885369] Client: [0m---after writing in log upd_msg->data.sensor_type = 1
[91m [1776446145.885374] Client: [0m---after writing in log upd_msg->reliable = 1
[91m [1776446146.272131] BSON Message: [0mInside sensor type parsing.
[91m [1776446146.272141] BSON Message: [0mInside sensor type parsing end.
[91m [1776446146.272145] BSON Message: [0mInside sid parsing
[91m [1776446146.272153] Client: [0m---before writing in log upd_msg->seq_no= 51
[91m [1776446146.272157] Client: [0m---before writing in log upd_msg->type= 4
[91m [1776446146.272161] Client: [0m---before writing in log upd_msg->frag_no= 0
[91m [1776446146.272165] Client: [0m---before writing in log upd_msg->reliable= 1
[91m [1776446146.272169] Client: [0m---before writing in log upd_msg->data.sensor_type= 2
[91m [1776446146.272174] Client: [0m---before writing in log upd_msg->data.sid= device_0
[91m [1776446146.272179] Client: [0m---after writing in log upd_msg->seq_no = 51
[91m [1776446146.272184] Client: [0m---after writing in log upd_msg->data.sensor_type = 2
[91m [1776446146.272188] Client: [0m---after writing in log upd_msg->reliable = 1
[91m [1776446146.702944] BSON Message: [0mInside sensor type parsing.
[91m [1776446146.702954] BSON Message: [0mInside sensor type parsing end.
[91m [1776446146.702959] BSON Message: [0mInside sid parsing
[91m [1776446146.702965] Client: [0m---before writing in log upd_msg->seq_no= 52
[91m [1776446146.702969] Client: [0m---before writing in log upd_msg->type= 4
[91m [1776446146.702973] Client: [0m---before writing in log upd_msg->frag_no= 0
[91m [1776446146.702977] Client: [0m---before writing in log upd_msg->reliable= 1
[91m [1776446146.702981] Client: [0m---before writing in log upd_msg->data.sensor_type= 2
[91m [1776446146.702985] Client: [0m---before writing in log upd_msg->data.sid= device_0
[91m [1776446146.702989] Client: [0m---after writing in log upd_msg->seq_no = 52
[91m [1776446146.702993] Client: [0m---after writing in log upd_msg->data.sensor_type = 2
[91m [1776446146.702997] Client: [0m---after writing in log upd_msg->reliable = 1
[91m [1776446146.886151] BSON Message: [0mInside sensor type parsing.
[91m [1776446146.886168] BSON Message: [0mInside sensor type parsing end.
[91m [1776446146.886173] BSON Message: [0mInside sid parsing
[91m [1776446146.886178] BSON Message: [0mInside temp1 parsing.
[91m [1776446146.886185] Client: [0m---before writing in log upd_msg->seq_no= 122
[91m [1776446146.886191] Client: [0m---before writing in log upd_msg->type= 4
[91m [1776446146.886195] Client: [0m---before writing in log upd_msg->frag_no= 0
[91m [1776446146.886200] Client: [0m---before writing in log upd_msg->reliable= 1
[91m [1776446146.886205] Client: [0m---before writing in log upd_msg->data.sensor_type= 1
[91m [1776446146.886210] Client: [0m---before writing in log upd_msg->data.sid= temp_1
[91m [1776446146.886216] Client: [0m---after writing in log upd_msg->seq_no = 122
[91m [1776446146.886221] Client: [0m---after writing in log upd_msg->data.sensor_type = 1
[91m [1776446146.886226] Client: [0m---after writing in log upd_msg->reliable = 1
[91m [1776446147.885949] BSON Message: [0mInside sensor type parsing.
[91m [1776446147.885959] BSON Message: [0mInside sensor type parsing end.
[91m [1776446147.885964] BSON Message: [0mInside sid parsing
[91m [1776446147.885969] BSON Message: [0mInside temp1 parsing.
[91m [1776446147.885975] Client: [0m---before writing in log upd_msg->seq_no= 123
[91m [1776446147.885980] Client: [0m---before writing in log upd_msg->type= 4
[91m [1776446147.885985] Client: [0m---before writing in log upd_msg->frag_no= 0
[91m [1776446147.885990] Client: [0m---before writing in log upd_msg->reliable= 1
[91m [1776446147.885994] Client: [0m---before writing in log upd_msg->data.sensor_type= 1
[91m [1776446147.885999] Client: [0m---before writing in log upd_msg->data.sid= temp_1
[91m [1776446147.886004] Client: [0m---after writing in log upd_msg->seq_no = 123
[91m [1776446147.886010] Client: [0m---after writing in log upd_msg->data.sensor_type = 1
[91m [1776446147.886016] Client: [0m---after writing in log upd_msg->reliable = 1
[91m [1776446148.241804] BSON Message: [0mInside sensor type parsing.
[91m [1776446148.241816] BSON Message: [0mInside sensor type parsing end.
[91m [1776446148.241821] BSON Message: [0mInside sid parsing
[91m [1776446148.241833] Client: [0m---before writing in log upd_msg->seq_no= 53
[91m [1776446148.241839] Client: [0m---before writing in log upd_msg->type= 4
[91m [1776446148.241843] Client: [0m---before writing in log upd_msg->frag_no= 0
[91m [1776446148.241848] Client: [0m---before writing in log upd_msg->reliable= 1
[91m [1776446148.241854] Client: [0m---before writing in log upd_msg->data.sensor_type= 2
[91m [1776446148.241861] Client: [0m---before writing in log upd_msg->data.sid= device_0
[91m [1776446148.241868] Client: [0m---after writing in log upd_msg->seq_no = 53
[91m [1776446148.241875] Client: [0m---after writing in log upd_msg->data.sensor_type = 2
[91m [1776446148.241881] Client: [0m---after writing in log upd_msg->reliable = 1
[91m [1776446148.886259] BSON Message: [0mInside sensor type parsing.
[91m [1776446148.886272] BSON Message: [0mInside sensor type parsing end.
[91m [1776446148.886276] BSON Message: [0mInside sid parsing
[91m [1776446148.886282] BSON Message: [0mInside temp1 parsing.
[91m [1776446148.886288] Client: [0m---before writing in log upd_msg->seq_no= 124
[91m [1776446148.886293] Client: [0m---before writing in log upd_msg->type= 4
[91m [1776446148.886299] Client: [0m---before writing in log upd_msg->frag_no= 0
[91m [1776446148.886304] Client: [0m---before writing in log upd_msg->reliable= 1
[91m [1776446148.886309] Client: [0m---before writing in log upd_msg->data.sensor_type= 1
[91m [1776446148.886313] Client: [0m---before writing in log upd_msg->data.sid= temp_1
[91m [1776446148.886320] Client: [0m---after writing in log upd_msg->seq_no = 124
[91m [1776446148.886325] Client: [0m---after writing in log upd_msg->data.sensor_type = 1
[91m [1776446148.886330] Client: [0m---after writing in log upd_msg->reliable = 1
[91m [1776446149.886548] BSON Message: [0mInside sensor type parsing.
[91m [1776446149.886560] BSON Message: [0mInside sensor type parsing end.
[91m [1776446149.886564] BSON Message: [0mInside sid parsing
[91m [1776446149.886567] BSON Message: [0mInside temp1 parsing.
[91m [1776446149.886571] Client: [0m---before writing in log upd_msg->seq_no= 125
[91m [1776446149.886576] Client: [0m---before writing in log upd_msg->type= 4
[91m [1776446149.886580] Client: [0m---before writing in log upd_msg->frag_no= 0
[91m [1776446149.886584] Client: [0m---before writing in log upd_msg->reliable= 1
[91m [1776446149.886588] Client: [0m---before writing in log upd_msg->data.sensor_type= 1
[91m [1776446149.886592] Client: [0m---before writing in log upd_msg->data.sid= temp_1
[91m [1776446149.886597] Client: [0m---after writing in log upd_msg->seq_no = 125
[91m [1776446149.886601] Client: [0m---after writing in log upd_msg->data.sensor_type = 1
[91m [1776446149.886605] Client: [0m---after writing in log upd_msg->reliable = 1
[91m [1776446150.419755] BSON Message: [0mInside sensor type parsing.
[91m [1776446150.419770] BSON Message: [0mInside sensor type parsing end.
[91m [1776446150.419775] BSON Message: [0mInside sid parsing
[91m [1776446150.419781] Client: [0m---before writing in log upd_msg->seq_no= 54
[91m [1776446150.419786] Client: [0m---before writing in log upd_msg->type= 4
[91m [1776446150.419790] Client: [0m---before writing in log upd_msg->frag_no= 0
[91m [1776446150.419795] Client: [0m---before writing in log upd_msg->reliable= 1
[91m [1776446150.419799] Client: [0m---before writing in log upd_msg->data.sensor_type= 2
[91m [1776446150.419803] Client: [0m---before writing in log upd_msg->data.sid= device_0
[91m [1776446150.419809] Client: [0m---after writing in log upd_msg->seq_no = 54
[91m [1776446150.419813] Client: [0m---after writing in log upd_msg->data.sensor_type = 2
[91m [1776446150.419817] Client: [0m---after writing in log upd_msg->reliable = 1
[91m [1776446150.814702] BSON Message: [0mInside sensor type parsing.
[91m [1776446150.814719] BSON Message: [0mInside sensor type parsing end.
[91m [1776446150.814727] BSON Message: [0mInside sid parsing
[91m [1776446150.814735] Client: [0m---before writing in log upd_msg->seq_no= 55
[91m [1776446150.814749] Client: [0m---before writing in log upd_msg->type= 4
[91m [1776446150.814755] Client: [0m---before writing in log upd_msg->frag_no= 0
[91m [1776446150.814761] Client: [0m---before writing in log upd_msg->reliable= 1
[91m [1776446150.814766] Client: [0m---before writing in log upd_msg->data.sensor_type= 2
[91m [1776446150.814772] Client: [0m---before writing in log upd_msg->data.sid= device_0
[91m [1776446150.814779] Client: [0m---after writing in log upd_msg->seq_no = 55
[91m [1776446150.814786] Client: [0m---after writing in log upd_msg->data.sensor_type = 2
[91m [1776446150.814792] Client: [0m---after writing in log upd_msg->reliable = 1
[91m [1776446150.886761] BSON Message: [0mInside sensor type parsing.
[91m [1776446150.886770] BSON Message: [0mInside sensor type parsing end.
[91m [1776446150.886774] BSON Message: [0mInside sid parsing
[91m [1776446150.886778] BSON Message: [0mInside temp1 parsing.
[91m [1776446150.886783] Client: [0m---before writing in log upd_msg->seq_no= 126
[91m [1776446150.886787] Client: [0m---before writing in log upd_msg->type= 4
[91m [1776446150.886792] Client: [0m---before writing in log upd_msg->frag_no= 0
[91m [1776446150.886797] Client: [0m---before writing in log upd_msg->reliable= 1
[91m [1776446150.886801] Client: [0m---before writing in log upd_msg->data.sensor_type= 1
[91m [1776446150.886805] Client: [0m---before writing in log upd_msg->data.sid= temp_1
[91m [1776446150.886810] Client: [0m---after writing in log upd_msg->seq_no = 126
[91m [1776446150.886814] Client: [0m---after writing in log upd_msg->data.sensor_type = 1
[91m [1776446150.886819] Client: [0m---after writing in log upd_msg->reliable = 1
[91m [1776446151.887024] BSON Message: [0mInside sensor type parsing.
[91m [1776446151.887035] BSON Message: [0mInside sensor type parsing end.
[91m [1776446151.887041] BSON Message: [0mInside sid parsing
[91m [1776446151.887045] BSON Message: [0mInside temp1 parsing.
[91m [1776446151.887049] Client: [0m---before writing in log upd_msg->seq_no= 127
[91m [1776446151.887054] Client: [0m---before writing in log upd_msg->type= 4
[91m [1776446151.887058] Client: [0m---before writing in log upd_msg->frag_no= 0
[91m [1776446151.887061] Client: [0m---before writing in log upd_msg->reliable= 1
[91m [1776446151.887064] Client: [0m---before writing in log upd_msg->data.sensor_type= 1
[91m [1776446151.887067] Client: [0m---before writing in log upd_msg->data.sid= temp_1
[91m [1776446151.887073] Client: [0m---after writing in log upd_msg->seq_no = 127
[91m [1776446151.887076] Client: [0m---after writing in log upd_msg->data.sensor_type = 1
[91m [1776446151.887079] Client: [0m---after writing in log upd_msg->reliable = 1
[91m [1776446152.887259] BSON Message: [0mInside sensor type parsing.
[91m [1776446152.887270] BSON Message: [0mInside sensor type parsing end.
[91m [1776446152.887275] BSON Message: [0mInside sid parsing
[91m [1776446152.887280] BSON Message: [0mInside temp1 parsing.
[91m [1776446152.887286] Client: [0m---before writing in log upd_msg->seq_no= 128
[91m [1776446152.887290] Client: [0m---before writing in log upd_msg->type= 4
[91m [1776446152.887294] Client: [0m---before writing in log upd_msg->frag_no= 0
[91m [1776446152.887299] Client: [0m---before writing in log upd_msg->reliable= 1
[91m [1776446152.887303] Client: [0m---before writing in log upd_msg->data.sensor_type= 1
[91m [1776446152.887307] Client: [0m---before writing in log upd_msg->data.sid= temp_1
[91m [1776446152.887312] Client: [0m---after writing in log upd_msg->seq_no = 128
[91m [1776446152.887315] Client: [0m---after writing in log upd_msg->data.sensor_type = 1
[91m [1776446152.887319] Client: [0m---after writing in log upd_msg->reliable = 1
[91m [1776446152.985573] BSON Message: [0mInside sensor type parsing.
[91m [1776446152.985582] BSON Message: [0mInside sensor type parsing end.
[91m [1776446152.985587] BSON Message: [0mInside sid parsing
[91m [1776446152.985596] Client: [0m---before writing in log upd_msg->seq_no= 56
[91m [1776446152.985600] Client: [0m---before writing in log upd_msg->type= 4
[91m [1776446152.985604] Client: [0m---before writing in log upd_msg->frag_no= 0
[91m [1776446152.985609] Client: [0m---before writing in log upd_msg->reliable= 1
[91m [1776446152.985614] Client: [0m---before writing in log upd_msg->data.sensor_type= 2
[91m [1776446152.985619] Client: [0m---before writing in log upd_msg->data.sid= device_0
[91m [1776446152.985623] Client: [0m---after writing in log upd_msg->seq_no = 56
[91m [1776446152.985626] Client: [0m---after writing in log upd_msg->data.sensor_type = 2
[91m [1776446152.985629] Client: [0m---after writing in log upd_msg->reliable = 1
[91m [1776446153.887746] BSON Message: [0mInside sensor type parsing.
[91m [1776446153.887763] BSON Message: [0mInside sensor type parsing end.
[91m [1776446153.887769] BSON Message: [0mInside sid parsing
[91m [1776446153.887773] BSON Message: [0mInside temp1 parsing.
[91m [1776446153.887778] Client: [0m---before writing in log upd_msg->seq_no= 129
[91m [1776446153.887782] Client: [0m---before writing in log upd_msg->type= 4
[91m [1776446153.887785] Client: [0m---before writing in log upd_msg->frag_no= 0
[91m [1776446153.887788] Client: [0m---before writing in log upd_msg->reliable= 1
[91m [1776446153.887791] Client: [0m---before writing in log upd_msg->data.sensor_type= 1
[91m [1776446153.887794] Client: [0m---before writing in log upd_msg->data.sid= temp_1
[91m [1776446153.887800] Client: [0m---after writing in log upd_msg->seq_no = 129
[91m [1776446153.887803] Client: [0m---after writing in log upd_msg->data.sensor_type = 1
[91m [1776446153.887807] Client: [0m---after writing in log upd_msg->reliable = 1
[91m [1776446154.49689] BSON Message: [0mInside sensor type parsing.
[91m [1776446154.49700] BSON Message: [0mInside sensor type parsing end.
[91m [1776446154.49705] BSON Message: [0mInside sid parsing
[91m [1776446154.49710] BSON Message: [0mInside gps1 parsing.
[91m [1776446154.49717] Client: [0m---before writing in log upd_msg->seq_no= 14
[91m [1776446154.49721] Client: [0m---before writing in log upd_msg->type= 4
[91m [1776446154.49727] Client: [0m---before writing in log upd_msg->frag_no= 0
[91m [1776446154.49731] Client: [0m---before writing in log upd_msg->reliable= 1
[91m [1776446154.49736] Client: [0m---before writing in log upd_msg->data.sensor_type= 3
[91m [1776446154.49741] Client: [0m---before writing in log upd_msg->data.sid= gps_2
[91m [1776446154.49750] Client: [0m---after writing in log upd_msg->seq_no = 14
[91m [1776446154.49756] Client: [0m---after writing in log upd_msg->data.sensor_type = 3
[91m [1776446154.49763] Client: [0m---after writing in log upd_msg->reliable = 1
[91m [1776446154.887952] BSON Message: [0mInside sensor type parsing.
[91m [1776446154.887965] BSON Message: [0mInside sensor type parsing end.
[91m [1776446154.887971] BSON Message: [0mInside sid parsing
[91m [1776446154.887977] BSON Message: [0mInside temp1 parsing.
[91m [1776446154.887984] Client: [0m---before writing in log upd_msg->seq_no= 130
[91m [1776446154.887990] Client: [0m---before writing in log upd_msg->type= 4
[91m [1776446154.887995] Client: [0m---before writing in log upd_msg->frag_no= 0
[91m [1776446154.888001] Client: [0m---before writing in log upd_msg->reliable= 1
[91m [1776446154.888007] Client: [0m---before writing in log upd_msg->data.sensor_type= 1
[91m [1776446154.888012] Client: [0m---before writing in log upd_msg->data.sid= temp_1
[91m [1776446154.888018] Client: [0m---after writing in log upd_msg->seq_no = 130
[91m [1776446154.888024] Client: [0m---after writing in log upd_msg->data.sensor_type = 1
[91m [1776446154.888029] Client: [0m---after writing in log upd_msg->reliable = 1
[91m [1776446155.888488] BSON Message: [0mInside sensor type parsing.
[91m [1776446155.888501] BSON Message: [0mInside sensor type parsing end.
[91m [1776446155.888506] BSON Message: [0mInside sid parsing
[91m [1776446155.888516] BSON Message: [0mInside temp1 parsing.
[91m [1776446155.888522] Client: [0m---before writing in log upd_msg->seq_no= 131
[91m [1776446155.888527] Client: [0m---before writing in log upd_msg->type= 4
[91m [1776446155.888532] Client: [0m---before writing in log upd_msg->frag_no= 0
[91m [1776446155.888536] Client: [0m---before writing in log upd_msg->reliable= 1
[91m [1776446155.888540] Client: [0m---before writing in log upd_msg->data.sensor_type= 1
[91m [1776446155.888545] Client: [0m---before writing in log upd_msg->data.sid= temp_1
[91m [1776446155.888550] Client: [0m---after writing in log upd_msg->seq_no = 131
[91m [1776446155.888555] Client: [0m---after writing in log upd_msg->data.sensor_type = 1
[91m [1776446155.888559] Client: [0m---after writing in log upd_msg->reliable = 1
[91m [1776446156.888484] BSON Message: [0mInside sensor type parsing.
[91m [1776446156.888495] BSON Message: [0mInside sensor type parsing end.
[91m [1776446156.888499] BSON Message: [0mInside sid parsing
[91m [1776446156.888504] BSON Message: [0mInside temp1 parsing.
[91m [1776446156.888508] Client: [0m---before writing in log upd_msg->seq_no= 132
[91m [1776446156.888526] Client: [0m---before writing in log upd_msg->type= 4
[91m [1776446156.888530] Client: [0m---before writing in log upd_msg->frag_no= 0
[91m [1776446156.888535] Client: [0m---before writing in log upd_msg->reliable= 1
[91m [1776446156.888539] Client: [0m---before writing in log upd_msg->data.sensor_type= 1
[91m [1776446156.888543] Client: [0m---before writing in log upd_msg->data.sid= temp_1
[91m [1776446156.888548] Client: [0m---after writing in log upd_msg->seq_no = 132
[91m [1776446156.888552] Client: [0m---after writing in log upd_msg->data.sensor_type = 1
[91m [1776446156.888556] Client: [0m---after writing in log upd_msg->reliable = 1
[91m [1776446157.725244] BSON Message: [0mInside sensor type parsing.
[91m [1776446157.725255] BSON Message: [0mInside sensor type parsing end.
[91m [1776446157.725260] BSON Message: [0mInside sid parsing
[91m [1776446157.725266] Client: [0m---before writing in log upd_msg->seq_no= 57
[91m [1776446157.725272] Client: [0m---before writing in log upd_msg->type= 4
[91m [1776446157.725278] Client: [0m---before writing in log upd_msg->frag_no= 0
[91m [1776446157.725283] Client: [0m---before writing in log upd_msg->reliable= 1
[91m [1776446157.725287] Client: [0m---before writing in log upd_msg->data.sensor_type= 2
[91m [1776446157.725293] Client: [0m---before writing in log upd_msg->data.sid= device_0
[91m [1776446157.725298] Client: [0m---after writing in log upd_msg->seq_no = 57
[91m [1776446157.725304] Client: [0m---after writing in log upd_msg->data.sensor_type = 2
[91m [1776446157.725309] Client: [0m---after writing in log upd_msg->reliable = 1
[91m [1776446157.888782] BSON Message: [0mInside sensor type parsing.
[91m [1776446157.888794] BSON Message: [0mInside sensor type parsing end.
[91m [1776446157.888800] BSON Message: [0mInside sid parsing
[91m [1776446157.888805] BSON Message: [0mInside temp1 parsing.
[91m [1776446157.888811] Client: [0m---before writing in log upd_msg->seq_no= 133
[91m [1776446157.888817] Client: [0m---before writing in log upd_msg->type= 4
[91m [1776446157.888823] Client: [0m---before writing in log upd_msg->frag_no= 0
[91m [1776446157.888827] Client: [0m---before writing in log upd_msg->reliable= 1
[91m [1776446157.888832] Client: [0m---before writing in log upd_msg->data.sensor_type= 1
[91m [1776446157.888836] Client: [0m---before writing in log upd_msg->data.sid= temp_1
[91m [1776446157.888842] Client: [0m---after writing in log upd_msg->seq_no = 133
[91m [1776446157.888847] Client: [0m---after writing in log upd_msg->data.sensor_type = 1
[91m [1776446157.888852] Client: [0m---after writing in log upd_msg->reliable = 1
[91m [1776446158.889094] BSON Message: [0mInside sensor type parsing.
[91m [1776446158.889104] BSON Message: [0mInside sensor type parsing end.
[91m [1776446158.889113] BSON Message: [0mInside sid parsing
[91m [1776446158.889118] BSON Message: [0mInside temp1 parsing.
[91m [1776446158.889123] Client: [0m---before writing in log upd_msg->seq_no= 134
[91m [1776446158.889128] Client: [0m---before writing in log upd_msg->type= 4
[91m [1776446158.889132] Client: [0m---before writing in log upd_msg->frag_no= 0
[91m [1776446158.889137] Client: [0m---before writing in log upd_msg->reliable= 1
[91m [1776446158.889142] Client: [0m---before writing in log upd_msg->data.sensor_type= 1
[91m [1776446158.889146] Client: [0m---before writing in log upd_msg->data.sid= temp_1
[91m [1776446158.889151] Client: [0m---after writing in log upd_msg->seq_no = 134
[91m [1776446158.889156] Client: [0m---after writing in log upd_msg->data.sensor_type = 1
[91m [1776446158.889160] Client: [0m---after writing in log upd_msg->reliable = 1
[91m [1776446159.197221] BSON Message: [0mInside sensor type parsing.
[91m [1776446159.197238] BSON Message: [0mInside sensor type parsing end.
[91m [1776446159.197243] BSON Message: [0mInside sid parsing
[91m [1776446159.197249] Client: [0m---before writing in log upd_msg->seq_no= 58
[91m [1776446159.197254] Client: [0m---before writing in log upd_msg->type= 4
[91m [1776446159.197258] Client: [0m---before writing in log upd_msg->frag_no= 0
[91m [1776446159.197262] Client: [0m---before writing in log upd_msg->reliable= 1
[91m [1776446159.197266] Client: [0m---before writing in log upd_msg->data.sensor_type= 2
[91m [1776446159.197270] Client: [0m---before writing in log upd_msg->data.sid= device_0
[91m [1776446159.197274] Client: [0m---after writing in log upd_msg->seq_no = 58
[91m [1776446159.197278] Client: [0m---after writing in log upd_msg->data.sensor_type = 2
[91m [1776446159.197282] Client: [0m---after writing in log upd_msg->reliable = 1
[91m [1776446159.889298] BSON Message: [0mInside sensor type parsing.
[91m [1776446159.889309] BSON Message: [0mInside sensor type parsing end.
[91m [1776446159.889315] BSON Message: [0mInside sid parsing
[91m [1776446159.889320] BSON Message: [0mInside temp1 parsing.
[91m [1776446159.889326] Client: [0m---before writing in log upd_msg->seq_no= 135
[91m [1776446159.889331] Client: [0m---before writing in log upd_msg->type= 4
[91m [1776446159.889337] Client: [0m---before writing in log upd_msg->frag_no= 0
[91m [1776446159.889343] Client: [0m---before writing in log upd_msg->reliable= 1
[91m [1776446159.889349] Client: [0m---before writing in log upd_msg->data.sensor_type= 1
[91m [1776446159.889355] Client: [0m---before writing in log upd_msg->data.sid= temp_1
[91m [1776446159.889360] Client: [0m---after writing in log upd_msg->seq_no = 135
[91m [1776446159.889363] Client: [0m---after writing in log upd_msg->data.sensor_type = 1
[91m [1776446159.889367] Client: [0m---after writing in log upd_msg->reliable = 1
[91m [1776446160.889781] BSON Message: [0mInside sensor type parsing.
[91m [1776446160.889795] BSON Message: [0mInside sensor type parsing end.
[91m [1776446160.889800] BSON Message: [0mInside sid parsing
[91m [1776446160.889804] BSON Message: [0mInside temp1 parsing.
Got a message from the server.
Message type is 4
---------Update message arrived------------ 1
Got a message from the server.
Message type is 4
---------Update message arrived------------ 1
Got a message from the server.
Message type is 4
---------Update message arrived------------ 1
Got a message from the server.
Message type is 4
---------Update message arrived------------ 1
Got a message from the server.
Message type is 4
---------Update message arrived------------ 1
Got a message from the server.
Message type is 4
---------Update message arrived------------ 1
Got a message from the server.
Message type is 4
---------Update message arrived------------ 1
Got a message from the server.
Message type is 4
---------Update message arrived------------ 1
Got a message from the server.
Message type is 4
---------Update message arrived------------ 1
Got a message from the server.
Message type is 4
---------Update message arrived------------ 1
Got a message from the server.
Message type is 4
---------Update message arrived------------ 1
Got a message from the server.
Message type is 4
---------Update message arrived------------ 1
Got a message from the server.
Message type is 4
---------Update message arrived------------ 1
Got a message from the server.
Message type is 4
---------Update message arrived------------ 1
Got a message from the server.
Message type is 4
---------Update message arrived------------ 1
Got a message from the server.
Message type is 4
---------Update message arrived------------ 1
Got a message from the server.
Message type is 4
---------Update message arrived------------ 1
Got a message from the server.
Message type is 4
---------Update message arrived------------ 1
Got a message from the server.
Message type is 4
---------Update message arrived------------ 1
Got a message from the server.
Message type is 4
---------Update message arrived------------ 1
Got a message from the server.
Message type is 4
---------Update message arrived------------ 1
Got a message from the server.
Message type is 4
---------Update message arrived------------ 1
Got a message from the server.
Message type is 4
---------Update message arrived------------ 1
Got a message from the server.
Message type is 4
---------Update message arrived------------ 1
Got a message from the server.
Message type is 4
---------Update message arrived------------ 1
Got a message from the server.
Message type is 4
---------Update message arrived------------ 1
Got a message from the server.
Message type is 4
---------Update message arrived------------ 1
Got a message from the server.
Message type is 4
---------Update message arrived------------ 1
Got a message from the server.
Message type is 4
---------Update message arrived------------ 1
Got a message from the server.
Message type is 4
---------Update message arrived------------ 1
Got a message from the server.
Message type is 4
---------Update message arrived------------ 1
Got a message from the server.
Message type is 4
---------Update message arrived------------ 1
Got a message from the server.
Message type is 4
---------Update message arrived------------ 1
Got a message from the server.
Message type is 4
---------Update message arrived------------ 1
Got a message from the server.
Message type is 4
---------Update message arrived------------ 1
Got a message from the server.
Message type is 4
---------Update message arrived------------ 1
Got a message from the server.
Message type is 4
---------Update message arrived------------ 1
Got a message from the server.
Message type is 4
---------Update message arrived------------ 1
Got a message from the server.
Message type is 4
---------Update message arrived------------ 1
Got a message from the server.
Message type is 4
---------Update message arrived------------ 1
Got a message from the server.
Message type is 4
---------Update message arrived------------ 1
Got a message from the server.
Message type is 4
---------Update message arrived------------ 1
Got a message from the server.
Message type is 4
---------Update message arrived------------ 1
Got a messa[91m [1776446160.889819] Client: [0m---before writing in log upd_msg->seq_no= 136
[91m [1776446160.889824] Client: [0m---before writing in log upd_msg->type= 4
[91m [1776446160.889828] Client: [0m---before writing in log upd_msg->frag_no= 0
[91m [1776446160.889833] Client: [0m---before writing in log upd_msg->reliable= 1
[91m [1776446160.889837] Client: [0m---before writing in log upd_msg->data.sensor_type= 1
[91m [1776446160.889842] Client: [0m---before writing in log upd_msg->data.sid= temp_1
[91m [1776446160.889847] Client: [0m---after writing in log upd_msg->seq_no = 136
[91m [1776446160.889852] Client: [0m---after writing in log upd_msg->data.sensor_type = 1
[91m [1776446160.889856] Client: [0m---after writing in log upd_msg->reliable = 1
[91m [1776446161.890106] BSON Message: [0mInside sensor type parsing.
[91m [1776446161.890120] BSON Message: [0mInside sensor type parsing end.
[91m [1776446161.890132] BSON Message: [0mInside sid parsing
[91m [1776446161.890138] BSON Message: [0mInside temp1 parsing.
[91m [1776446161.890145] Client: [0m---before writing in log upd_msg->seq_no= 137
[91m [1776446161.890150] Client: [0m---before writing in log upd_msg->type= 4
[91m [1776446161.890153] Client: [0m---before writing in log upd_msg->frag_no= 0
[91m [1776446161.890157] Client: [0m---before writing in log upd_msg->reliable= 1
[91m [1776446161.890161] Client: [0m---before writing in log upd_msg->data.sensor_type= 1
[91m [1776446161.890166] Client: [0m---before writing in log upd_msg->data.sid= temp_1
[91m [1776446161.890173] Client: [0m---after writing in log upd_msg->seq_no = 137
[91m [1776446161.890178] Client: [0m---after writing in log upd_msg->data.sensor_type = 1
[91m [1776446161.890184] Client: [0m---after writing in log upd_msg->reliable = 1
[91m [1776446162.368811] BSON Message: [0mInside sensor type parsing.
[91m [1776446162.368823] BSON Message: [0mInside sensor type parsing end.
[91m [1776446162.368829] BSON Message: [0mInside sid parsing
[91m [1776446162.368834] Client: [0m---before writing in log upd_msg->seq_no= 59
[91m [1776446162.368839] Client: [0m---before writing in log upd_msg->type= 4
[91m [1776446162.368844] Client: [0m---before writing in log upd_msg->frag_no= 0
[91m [1776446162.368848] Client: [0m---before writing in log upd_msg->reliable= 1
[91m [1776446162.368853] Client: [0m---before writing in log upd_msg->data.sensor_type= 2
[91m [1776446162.368857] Client: [0m---before writing in log upd_msg->data.sid= device_0
[91m [1776446162.368863] Client: [0m---after writing in log upd_msg->seq_no = 59
[91m [1776446162.368868] Client: [0m---after writing in log upd_msg->data.sensor_type = 2
[91m [1776446162.368872] Client: [0m---after writing in log upd_msg->reliable = 1
[91m [1776446162.890304] BSON Message: [0mInside sensor type parsing.
[91m [1776446162.890315] BSON Message: [0mInside sensor type parsing end.
[91m [1776446162.890319] BSON Message: [0mInside sid parsing
[91m [1776446162.890323] BSON Message: [0mInside temp1 parsing.
[91m [1776446162.890328] Client: [0m---before writing in log upd_msg->seq_no= 138
[91m [1776446162.890332] Client: [0m---before writing in log upd_msg->type= 4
[91m [1776446162.890336] Client: [0m---before writing in log upd_msg->frag_no= 0
[91m [1776446162.890340] Client: [0m---before writing in log upd_msg->reliable= 1
[91m [1776446162.890344] Client: [0m---before writing in log upd_msg->data.sensor_type= 1
[91m [1776446162.890348] Client: [0m---before writing in log upd_msg->data.sid= temp_1
[91m [1776446162.890354] Client: [0m---after writing in log upd_msg->seq_no = 138
[91m [1776446162.890359] Client: [0m---after writing in log upd_msg->data.sensor_type = 1
[91m [1776446162.890364] Client: [0m---after writing in log upd_msg->reliable = 1
[91m [1776446163.890374] BSON Message: [0mInside sensor type parsing.
[91m [1776446163.890386] BSON Message: [0mInside sensor type parsing end.
[91m [1776446163.890391] BSON Message: [0mInside sid parsing
[91m [1776446163.890396] BSON Message: [0mInside temp1 parsing.
[91m [1776446163.890401] Client: [0m---before writing in log upd_msg->seq_no= 139
[91m [1776446163.890406] Client: [0m---before writing in log upd_msg->type= 4
[91m [1776446163.890410] Client: [0m---before writing in log upd_msg->frag_no= 0
[91m [1776446163.890414] Client: [0m---before writing in log upd_msg->reliable= 1
[91m [1776446163.890418] Client: [0m---before writing in log upd_msg->data.sensor_type= 1
[91m [1776446163.890423] Client: [0m---before writing in log upd_msg->data.sid= temp_1
[91m [1776446163.890429] Client: [0m---after writing in log upd_msg->seq_no = 139
[91m [1776446163.890433] Client: [0m---after writing in log upd_msg->data.sensor_type = 1
[91m [1776446163.890438] Client: [0m---after writing in log upd_msg->reliable = 1
[91m [1776446164.235023] BSON Message: [0mInside sensor type parsing.
[91m [1776446164.235035] BSON Message: [0mInside sensor type parsing end.
[91m [1776446164.235044] BSON Message: [0mInside sid parsing
[91m [1776446164.235049] Client: [0m---before writing in log upd_msg->seq_no= 60
[91m [1776446164.235053] Client: [0m---before writing in log upd_msg->type= 4
[91m [1776446164.235058] Client: [0m---before writing in log upd_msg->frag_no= 0
[91m [1776446164.235062] Client: [0m---before writing in log upd_msg->reliable= 1
[91m [1776446164.235065] Client: [0m---before writing in log upd_msg->data.sensor_type= 2
[91m [1776446164.235069] Client: [0m---before writing in log upd_msg->data.sid= device_0
[91m [1776446164.235074] Client: [0m---after writing in log upd_msg->seq_no = 60
[91m [1776446164.235079] Client: [0m---after writing in log upd_msg->data.sensor_type = 2
[91m [1776446164.235083] Client: [0m---after writing in log upd_msg->reliable = 1
[91m [1776446164.890606] BSON Message: [0mInside sensor type parsing.
[91m [1776446164.890615] BSON Message: [0mInside sensor type parsing end.
[91m [1776446164.890619] BSON Message: [0mInside sid parsing
[91m [1776446164.890623] BSON Message: [0mInside temp1 parsing.
[91m [1776446164.890628] Client: [0m---before writing in log upd_msg->seq_no= 140
[91m [1776446164.890632] Client: [0m---before writing in log upd_msg->type= 4
[91m [1776446164.890635] Client: [0m---before writing in log upd_msg->frag_no= 0
[91m [1776446164.890639] Client: [0m---before writing in log upd_msg->reliable= 1
[91m [1776446164.890644] Client: [0m---before writing in log upd_msg->data.sensor_type= 1
[91m [1776446164.890649] Client: [0m---before writing in log upd_msg->data.sid= temp_1
[91m [1776446164.890655] Client: [0m---after writing in log upd_msg->seq_no = 140
[91m [1776446164.890659] Client: [0m---after writing in log upd_msg->data.sensor_type = 1
[91m [1776446164.890664] Client: [0m---after writing in log upd_msg->reliable = 1
[91m [1776446165.182536] BSON Message: [0mInside sensor type parsing.
[91m [1776446165.182550] BSON Message: [0mInside sensor type parsing end.
[91m [1776446165.182554] BSON Message: [0mInside sid parsing
[91m [1776446165.182559] Client: [0m---before writing in log upd_msg->seq_no= 61
[91m [1776446165.182564] Client: [0m---before writing in log upd_msg->type= 4
[91m [1776446165.182569] Client: [0m---before writing in log upd_msg->frag_no= 0
[91m [1776446165.182573] Client: [0m---before writing in log upd_msg->reliable= 1
[91m [1776446165.182578] Client: [0m---before writing in log upd_msg->data.sensor_type= 2
[91m [1776446165.182582] Client: [0m---before writing in log upd_msg->data.sid= device_0
[91m [1776446165.182587] Client: [0m---after writing in log upd_msg->seq_no = 61
[91m [1776446165.182590] Client: [0m---after writing in log upd_msg->data.sensor_type = 2
[91m [1776446165.182597] Client: [0m---after writing in log upd_msg->reliable = 1
[91m [1776446165.890906] BSON Message: [0mInside sensor type parsing.
[91m [1776446165.890928] BSON Message: [0mInside sensor type parsing end.
[91m [1776446165.890934] BSON Message: [0mInside sid parsing
[91m [1776446165.890938] BSON Message: [0mInside temp1 parsing.
[91m [1776446165.890943] Client: [0m---before writing in log upd_msg->seq_no= 141
[91m [1776446165.890948] Client: [0m---before writing in log upd_msg->type= 4
[91m [1776446165.890952] Client: [0m---before writing in log upd_msg->frag_no= 0
[91m [1776446165.890957] Client: [0m---before writing in log upd_msg->reliable= 1
[91m [1776446165.890962] Client: [0m---before writing in log upd_msg->data.sensor_type= 1
[91m [1776446165.890966] Client: [0m---before writing in log upd_msg->data.sid= temp_1
[91m [1776446165.890971] Client: [0m---after writing in log upd_msg->seq_no = 141
[91m [1776446165.890975] Client: [0m---after writing in log upd_msg->data.sensor_type = 1
[91m [1776446165.890980] Client: [0m---after writing in log upd_msg->reliable = 1
[91m [1776446166.891214] BSON Message: [0mInside sensor type parsing.
[91m [1776446166.891225] BSON Message: [0mInside sensor type parsing end.
[91m [1776446166.891234] BSON Message: [0mInside sid parsing
[91m [1776446166.891238] BSON Message: [0mInside temp1 parsing.
[91m [1776446166.891243] Client: [0m---before writing in log upd_msg->seq_no= 142
[91m [1776446166.891248] Client: [0m---before writing in log upd_msg->type= 4
[91m [1776446166.891252] Client: [0m---before writing in log upd_msg->frag_no= 0
[91m [1776446166.891257] Client: [0m---before writing in log upd_msg->reliable= 1
[91m [1776446166.891261] Client: [0m---before writing in log upd_msg->data.sensor_type= 1
[91m [1776446166.891265] Client: [0m---before writing in log upd_msg->data.sid= temp_1
[91m [1776446166.891417] Client: [0m---after writing in log upd_msg->seq_no = 142
[91m [1776446166.891421] Client: [0m---after writing in log upd_msg->data.sensor_type = 1
[91m [1776446166.891425] Client: [0m---after writing in log upd_msg->reliable = 1
[91m [1776446167.891476] BSON Message: [0mInside sensor type parsing.
[91m [1776446167.891488] BSON Message: [0mInside sensor type parsing end.
[91m [1776446167.891493] BSON Message: [0mInside sid parsing
[91m [1776446167.891497] BSON Message: [0mInside temp1 parsing.
[91m [1776446167.891503] Client: [0m---before writing in log upd_msg->seq_no= 143
[91m [1776446167.891507] Client: [0m---before writing in log upd_msg->type= 4
[91m [1776446167.891511] Client: [0m---before writing in log upd_msg->frag_no= 0
[91m [1776446167.891515] Client: [0m---before writing in log upd_msg->reliable= 1
[91m [1776446167.891519] Client: [0m---before writing in log upd_msg->data.sensor_type= 1
[91m [1776446167.891523] Client: [0m---before writing in log upd_msg->data.sid= temp_1
[91m [1776446167.891528] Client: [0m---after writing in log upd_msg->seq_no = 143
[91m [1776446167.891532] Client: [0m---after writing in log upd_msg->data.sensor_type = 1
[91m [1776446167.891536] Client: [0m---after writing in log upd_msg->reliable = 1
[91m [1776446168.694977] BSON Message: [0mInside sensor type parsing.
[91m [1776446168.694989] BSON Message: [0mInside sensor type parsing end.
[91m [1776446168.694995] BSON Message: [0mInside sid parsing
[91m [1776446168.695001] Client: [0m---before writing in log upd_msg->seq_no= 62
[91m [1776446168.695005] Client: [0m---before writing in log upd_msg->type= 4
[91m [1776446168.695010] Client: [0m---before writing in log upd_msg->frag_no= 0
[91m [1776446168.695014] Client: [0m---before writing in log upd_msg->reliable= 1
[91m [1776446168.695019] Client: [0m---before writing in log upd_msg->data.sensor_type= 2
[91m [1776446168.695023] Client: [0m---before writing in log upd_msg->data.sid= device_0
[91m [1776446168.695028] Client: [0m---after writing in log upd_msg->seq_no = 62
[91m [1776446168.695032] Client: [0m---after writing in log upd_msg->data.sensor_type = 2
[91m [1776446168.695038] Client: [0m---after writing in log upd_msg->reliable = 1
[91m [1776446168.891721] BSON Message: [0mInside sensor type parsing.
[91m [1776446168.891735] BSON Message: [0mInside sensor type parsing end.
[91m [1776446168.891744] BSON Message: [0mInside sid parsing
[91m [1776446168.891750] BSON Message: [0mInside temp1 parsing.
[91m [1776446168.891756] Client: [0m---before writing in log upd_msg->seq_no= 144
[91m [1776446168.891761] Client: [0m---before writing in log upd_msg->type= 4
[91m [1776446168.891766] Client: [0m---before writing in log upd_msg->frag_no= 0
[91m [1776446168.891771] Client: [0m---before writing in log upd_msg->reliable= 1
[91m [1776446168.891775] Client: [0m---before writing in log upd_msg->data.sensor_type= 1
[91m [1776446168.891781] Client: [0m---before writing in log upd_msg->data.sid= temp_1
[91m [1776446168.891787] Client: [0m---after writing in log upd_msg->seq_no = 144
[91m [1776446168.891792] Client: [0m---after writing in log upd_msg->data.sensor_type = 1
[91m [1776446168.891797] Client: [0m---after writing in log upd_msg->reliable = 1
[91m [1776446169.892028] BSON Message: [0mInside sensor type parsing.
[91m [1776446169.892038] BSON Message: [0mInside sensor type parsing end.
[91m [1776446169.892046] BSON Message: [0mInside sid parsing
[91m [1776446169.892050] BSON Message: [0mInside temp1 parsing.
[91m [1776446169.892055] Client: [0m---before writing in log upd_msg->seq_no= 145
[91m [1776446169.892059] Client: [0m---before writing in log upd_msg->type= 4
[91m [1776446169.892063] Client: [0m---before writing in log upd_msg->frag_no= 0
[91m [1776446169.892067] Client: [0m---before writing in log upd_msg->reliable= 1
[91m [1776446169.892071] Client: [0m---before writing in log upd_msg->data.sensor_type= 1
[91m [1776446169.892074] Client: [0m---before writing in log upd_msg->data.sid= temp_1
[91m [1776446169.892080] Client: [0m---after writing in log upd_msg->seq_no = 145
[91m [1776446169.892084] Client: [0m---after writing in log upd_msg->data.sensor_type = 1
[91m [1776446169.892089] Client: [0m---after writing in log upd_msg->reliable = 1
[91m [1776446170.892217] BSON Message: [0mInside sensor type parsing.
[91m [1776446170.892229] BSON Message: [0mInside sensor type parsing end.
[91m [1776446170.892235] BSON Message: [0mInside sid parsing
[91m [1776446170.892240] BSON Message: [0mInside temp1 parsing.
[91m [1776446170.892245] Client: [0m---before writing in log upd_msg->seq_no= 146
[91m [1776446170.892249] Client: [0m---before writing in log upd_msg->type= 4
[91m [1776446170.892253] Client: [0m---before writing in log upd_msg->frag_no= 0
[91m [1776446170.892257] Client: [0m---before writing in log upd_msg->reliable= 1
[91m [1776446170.892261] Client: [0m---before writing in log upd_msg->data.sensor_type= 1
[91m [1776446170.892264] Client: [0m---before writing in log upd_msg->data.sid= temp_1
[91m [1776446170.892269] Client: [0m---after writing in log upd_msg->seq_no = 146
[91m [1776446170.892273] Client: [0m---after writing in log upd_msg->data.sensor_type = 1
[91m [1776446170.892277] Client: [0m---after writing in log upd_msg->reliable = 1
[91m [1776446171.896427] BSON Message: [0mInside sensor type parsing.
[91m [1776446171.896439] BSON Message: [0mInside sensor type parsing end.
[91m [1776446171.896444] BSON Message: [0mInside sid parsing
[91m [1776446171.896449] BSON Message: [0mInside temp1 parsing.
[91m [1776446171.896455] Client: [0m---before writing in log upd_msg->seq_no= 147
[91m [1776446171.896460] Client: [0m---before writing in log upd_msg->type= 4
[91m [1776446171.896464] Client: [0m---before writing in log upd_msg->frag_no= 0
[91m [1776446171.896468] Client: [0m---before writing in log upd_msg->reliable= 1
[91m [1776446171.896473] Client: [0m---before writing in log upd_msg->data.sensor_type= 1
[91m [1776446171.896477] Client: [0m---before writing in log upd_msg->data.sid= temp_1
[91m [1776446171.896482] Client: [0m---after writing in log upd_msg->seq_no = 147
[91m [1776446171.896487] Client: [0m---after writing in log upd_msg->data.sensor_type = 1
[91m [1776446171.896491] Client: [0m---after writing in log upd_msg->reliable = 1
[91m [1776446172.745659] BSON Message: [0mInside sensor type parsing.
[91m [1776446172.745674] BSON Message: [0mInside sensor type parsing end.
[91m [1776446172.745682] BSON Message: [0mInside sid parsing
[91m [1776446172.745691] Client: [0m---before writing in log upd_msg->seq_no= 63
[91m [1776446172.745699] Client: [0m---before writing in log upd_msg->type= 4
[91m [1776446172.745706] Client: [0m---before writing in log upd_msg->frag_no= 0
[91m [1776446172.745714] Client: [0m---before writing in log upd_msg->reliable= 1
[91m [1776446172.745720] Client: [0m---before writing in log upd_msg->data.sensor_type= 2
[91m [1776446172.745727] Client: [0m---before writing in log upd_msg->data.sid= device_0
[91m [1776446172.745736] Client: [0m---after writing in log upd_msg->seq_no = 63
[91m [1776446172.745743] Client: [0m---after writing in log upd_msg->data.sensor_type = 2
[91m [1776446172.745750] Client: [0m---after writing in log upd_msg->reliable = 1
[91m [1776446172.892886] BSON Message: [0mInside sensor type parsing.
[91m [1776446172.892907] BSON Message: [0mInside sensor type parsing end.
[91m [1776446172.892912] BSON Message: [0mInside sid parsing
[91m [1776446172.892929] BSON Message: [0mInside temp1 parsing.
[91m [1776446172.892935] Client: [0m---before writing in log upd_msg->seq_no= 148
[91m [1776446172.892940] Client: [0m---before writing in log upd_msg->type= 4
[91m [1776446172.892944] Client: [0m---before writing in log upd_msg->frag_no= 0
[91m [1776446172.892951] Client: [0m---before writing in log upd_msg->reliable= 1
[91m [1776446172.892957] Client: [0m---before writing in log upd_msg->data.sensor_type= 1
[91m [1776446172.892961] Client: [0m---before writing in log upd_msg->data.sid= temp_1
[91m [1776446172.892967] Client: [0m---after writing in log upd_msg->seq_no = 148
[91m [1776446172.892972] Client: [0m---after writing in log upd_msg->data.sensor_type = 1
[91m [1776446172.892977] Client: [0m---after writing in log upd_msg->reliable = 1
[91m [1776446173.567705] BSON Message: [0mInside sensor type parsing.
[91m [1776446173.567715] BSON Message: [0mInside sensor type parsing end.
[91m [1776446173.567719] BSON Message: [0mInside sid parsing
[91m [1776446173.567724] BSON Message: [0mInside gps1 parsing.
[91m [1776446173.567730] Client: [0m---before writing in log upd_msg->seq_no= 15
[91m [1776446173.567734] Client: [0m---before writing in log upd_msg->type= 4
[91m [1776446173.567739] Client: [0m---before writing in log upd_msg->frag_no= 0
[91m [1776446173.567743] Client: [0m---before writing in log upd_msg->reliable= 1
[91m [1776446173.567747] Client: [0m---before writing in log upd_msg->data.sensor_type= 3
[91m [1776446173.567751] Client: [0m---before writing in log upd_msg->data.sid= gps_2
[91m [1776446173.567758] Client: [0m---after writing in log upd_msg->seq_no = 15
[91m [1776446173.567762] Client: [0m---after writing in log upd_msg->data.sensor_type = 3
[91m [1776446173.567766] Client: [0m---after writing in log upd_msg->reliable = 1
[91m [1776446173.893479] BSON Message: [0mInside sensor type parsing.
[91m [1776446173.893491] BSON Message: [0mInside sensor type parsing end.
[91m [1776446173.893496] BSON Message: [0mInside sid parsing
[91m [1776446173.893501] BSON Message: [0mInside temp1 parsing.
[91m [1776446173.893507] Client: [0m---before writing in log upd_msg->seq_no= 149
[91m [1776446173.893512] Client: [0m---before writing in log upd_msg->type= 4
[91m [1776446173.893517] Client: [0m---before writing in log upd_msg->frag_no= 0
[91m [1776446173.893524] Client: [0m---before writing in log upd_msg->reliable= 1
[91m [1776446173.893530] Client: [0m---before writing in log upd_msg->data.sensor_type= 1
[91m [1776446173.893534] Client: [0m---before writing in log upd_msg->data.sid= temp_1
[91m [1776446173.893538] Client: [0m---after writing in log upd_msg->seq_no = 149
[91m [1776446173.893542] Client: [0m---after writing in log upd_msg->data.sensor_type = 1
[91m [1776446173.893546] Client: [0m---after writing in log upd_msg->reliable = 1
[91m [1776446174.255471] BSON Message: [0mInside sensor type parsing.
[91m [1776446174.255481] BSON Message: [0mInside sensor type parsing end.
[91m [1776446174.255486] BSON Message: [0mInside sid parsing
[91m [1776446174.255492] Client: [0m---before writing in log upd_msg->seq_no= 64
[91m [1776446174.255496] Client: [0m---before writing in log upd_msg->type= 4
[91m [1776446174.255501] Client: [0m---before writing in log upd_msg->frag_no= 0
[91m [1776446174.255505] Client: [0m---before writing in log upd_msg->reliable= 1
[91m [1776446174.255510] Client: [0m---before writing in log upd_msg->data.sensor_type= 2
[91m [1776446174.255516] Client: [0m---before writing in log upd_msg->data.sid= device_0
[91m [1776446174.255523] Client: [0m---after writing in log upd_msg->seq_no = 64
[91m [1776446174.255527] Client: [0m---after writing in log upd_msg->data.sensor_type = 2
[91m [1776446174.255532] Client: [0m---after writing in log upd_msg->reliable = 1
[91m [1776446174.893456] BSON Message: [0mInside sensor type parsing.
[91m [1776446174.893469] BSON Message: [0mInside sensor type parsing end.
[91m [1776446174.893474] BSON Message: [0mInside sid parsing
[91m [1776446174.893478] BSON Message: [0mInside temp1 parsing.
[91m [1776446174.893485] Client: [0m---before writing in log upd_msg->seq_no= 150
[91m [1776446174.893490] Client: [0m---before writing in log upd_msg->type= 4
[91m [1776446174.893493] Client: [0m---before writing in log upd_msg->frag_no= 0
[91m [1776446174.893496] Client: [0m---before writing in log upd_msg->reliable= 1
[91m [1776446174.893501] Client: [0m---before writing in log upd_msg->data.sensor_type= 1
[91m [1776446174.893505] Client: [0m---before writing in log upd_msg->data.sid= temp_1
[91m [1776446174.893510] Client: [0m---after writing in log upd_msg->seq_no = 150
[91m [1776446174.893514] Client: [0m---after writing in log upd_msg->data.sensor_type = 1
[91m [1776446174.893518] Client: [0m---after writing in log upd_msg->reliable = 1
[91m [1776446175.893763] BSON Message: [0mInside sensor type parsing.
[91m [1776446175.893779] BSON Message: [0mInside sensor type parsing end.
[91m [1776446175.893785] BSON Message: [0mInside sid parsing
[91m [1776446175.893790] BSON Message: [0mInside temp1 parsing.
[91m [1776446175.893797] Client: [0m---before writing in log upd_msg->seq_no= 151
[91m [1776446175.893803] Client: [0m---before writing in log upd_msg->type= 4
[91m [1776446175.893809] Client: [0m---before writing in log upd_msg->frag_no= 0
[91m [1776446175.893814] Client: [0m---before writing in log upd_msg->reliable= 1
[91m [1776446175.893820] Client: [0m---before writing in log upd_msg->data.sensor_type= 1
[91m [1776446175.893826] Client: [0m---before writing in log upd_msg->data.sid= temp_1
[91m [1776446175.893831] Client: [0m---after writing in log upd_msg->seq_no = 151
[91m [1776446175.893835] Client: [0m---after writing in log upd_msg->data.sensor_type = 1
[91m [1776446175.893838] Client: [0m---after writing in log upd_msg->reliable = 1
[91m [1776446176.882762] BSON Message: [0mInside sensor type parsing.
[91m [1776446176.882773] BSON Message: [0mInside sensor type parsing end.
[91m [1776446176.882777] BSON Message: [0mInside sid parsing
[91m [1776446176.882782] Client: [0m---before writing in log upd_msg->seq_no= 65
[91m [1776446176.882787] Client: [0m---before writing in log upd_msg->type= 4
[91m [1776446176.882791] Client: [0m---before writing in log upd_msg->frag_no= 0
[91m [1776446176.882796] Client: [0m---before writing in log upd_msg->reliable= 1
[91m [1776446176.882800] Client: [0m---before writing in log upd_msg->data.sensor_type= 2
[91m [1776446176.882805] Client: [0m---before writing in log upd_msg->data.sid= device_0
[91m [1776446176.882811] Client: [0m---after writing in log upd_msg->seq_no = 65
[91m [1776446176.882816] Client: [0m---after writing in log upd_msg->data.sensor_type = 2
[91m [1776446176.882820] Client: [0m---after writing in log upd_msg->reliable = 1
[91m [1776446176.894091] BSON Message: [0mInside sensor type parsing.
[91m [1776446176.894105] BSON Message: [0mInside sensor type parsing end.
[91m [1776446176.894110] BSON Message: [0mInside sid parsing
[91m [1776446176.894115] BSON Message: [0mInside temp1 parsing.
[91m [1776446176.894121] Client: [0m---before writing in log upd_msg->seq_no= 152
[91m [1776446176.894125] Client: [0m---before writing in log upd_msg->type= 4
[91m [1776446176.894130] Client: [0m---before writing in log upd_msg->frag_no= 0
[91m [1776446176.894134] Client: [0m---before writing in log upd_msg->reliable= 1
[91m [1776446176.894139] Client: [0m---before writing in log upd_msg->data.sensor_type= 1
[91m [1776446176.894144] Client: [0m---before writing in log upd_msg->data.sid= temp_1
[91m [1776446176.894149] Client: [0m---after writing in log upd_msg->seq_no = 152
[91m [1776446176.894153] Client: [0m---after writing in log upd_msg->data.sensor_type = 1
[91m [1776446176.894157] Client: [0m---after writing in log upd_msg->reliable = 1
[91m [1776446177.894213] BSON Message: [0mInside sensor type parsing.
[91m [1776446177.894225] BSON Message: [0mInside sensor type parsing end.
[91m [1776446177.894231] BSON Message: [0mInside sid parsing
[91m [1776446177.894235] BSON Message: [0mInside temp1 parsing.
[91m [1776446177.894241] Client: [0m---before writing in log upd_msg->seq_no= 153
[91m [1776446177.894246] Client: [0m---before writing in log upd_msg->type= 4
[91m [1776446177.894251] Client: [0m---before writing in log upd_msg->frag_no= 0
[91m [1776446177.894255] Client: [0m---before writing in log upd_msg->reliable= 1
[91m [1776446177.894260] Client: [0m---before writing in log upd_msg->data.sensor_type= 1
[91m [1776446177.894266] Client: [0m---before writing in log upd_msg->data.sid= temp_1
[91m [1776446177.894271] Client: [0m---after writing in log upd_msg->seq_no = 153
[91m [1776446177.894276] Client: [0m---after writing in log upd_msg->data.sensor_type = 1
[91m [1776446177.894280] Client: [0m---after writing in log upd_msg->reliable = 1
[91m [1776446178.739886] BSON Message: [0mInside sensor type parsing.
[91m [1776446178.739896] BSON Message: [0mInside sensor type parsing end.
[91m [1776446178.739900] BSON Message: [0mInside sid parsing
[91m [1776446178.739906] Client: [0m---before writing in log upd_msg->seq_no= 66
[91m [1776446178.739911] Client: [0m---before writing in log upd_msg->type= 4
[91m [1776446178.739925] Client: [0m---before writing in log upd_msg->frag_no= 0
[91m [1776446178.739931] Client: [0m---before writing in log upd_msg->reliable= 1
[91m [1776446178.739935] Client: [0m---before writing in log upd_msg->data.sensor_type= 2
[91m [1776446178.739939] Client: [0m---before writing in log upd_msg->data.sid= device_0
[91m [1776446178.739944] Client: [0m---after writing in log upd_msg->seq_no = 66
[91m [1776446178.739948] Client: [0m---after writing in log upd_msg->data.sensor_type = 2
[91m [1776446178.739953] Client: [0m---after writing in log upd_msg->reliable = 1
[91m [1776446178.894479] BSON Message: [0mInside sensor type parsing.
[91m [1776446178.894492] BSON Message: [0mInside sensor type parsing end.
[91m [1776446178.894498] BSON Message: [0mInside sid parsing
[91m [1776446178.894504] BSON Message: [0mInside temp1 parsing.
[91m [1776446178.894510] Client: [0m---before writing in log upd_msg->seq_no= 154
[91m [1776446178.894515] Client: [0m---before writing in log upd_msg->type= 4
[91m [1776446178.894520] Client: [0m---before writing in log upd_msg->frag_no= 0
[91m [1776446178.894525] Client: [0m---before writing in log upd_msg->reliable= 1
[91m [1776446178.894530] Client: [0m---before writing in log upd_msg->data.sensor_type= 1
[91m [1776446178.894535] Client: [0m---before writing in log upd_msg->data.sid= temp_1
[91m [1776446178.894541] Client: [0m---after writing in log upd_msg->seq_no = 154
[91m [1776446178.894545] Client: [0m---after writing in log upd_msg->data.sensor_type = 1
[91m [1776446178.894550] Client: [0m---after writing in log upd_msg->reliable = 1
[91m [1776446179.102858] BSON Message: [0mInside sensor type parsing.
[91m [1776446179.102870] BSON Message: [0mInside sensor type parsing end.
[91m [1776446179.102875] BSON Message: [0mInside sid parsing
[91m [1776446179.102880] BSON Message: [0mInside gps1 parsing.
[91m [1776446179.102885] Client: [0m---before writing in log upd_msg->seq_no= 16
[91m [1776446179.102888] Client: [0m---before writing in log upd_msg->type= 4
[91m [1776446179.102892] Client: [0m---before writing in log upd_msg->frag_no= 0
[91m [1776446179.102897] Client: [0m---before writing in log upd_msg->reliable= 1
[91m [1776446179.102901] Client: [0m---before writing in log upd_msg->data.sensor_type= 3
[91m [1776446179.102905] Client: [0m---before writing in log upd_msg->data.sid= gps_2
[91m [1776446179.102912] Client: [0m---after writing in log upd_msg->seq_no = 16
[91m [1776446179.102923] Client: [0m---after writing in log upd_msg->data.sensor_type = 3
[91m [1776446179.102927] Client: [0m---after writing in log upd_msg->reliable = 1
[91m [1776446179.894828] BSON Message: [0mInside sensor type parsing.
[91m [1776446179.894841] BSON Message: [0mInside sensor type parsing end.
[91m [1776446179.894847] BSON Message: [0mInside sid parsing
[91m [1776446179.894852] BSON Message: [0mInside temp1 parsing.
[91m [1776446179.894859] Client: [0m---before writing in log upd_msg->seq_no= 155
[91m [1776446179.894865] Client: [0m---before writing in log upd_msg->type= 4
[91m [1776446179.894870] Client: [0m---before writing in log upd_msg->frag_no= 0
[91m [1776446179.894874] Client: [0m---before writing in log upd_msg->reliable= 1
[91m [1776446179.894878] Client: [0m---before writing in log upd_msg->data.sensor_type= 1
[91m [1776446179.894882] Client: [0m---before writing in log upd_msg->data.sid= temp_1
[91m [1776446179.894887] Client: [0m---after writing in log upd_msg->seq_no = 155
[91m [1776446179.894891] Client: [0m---after writing in log upd_msg->data.sensor_type = 1
[91m [1776446179.894895] Client: [0m---after writing in log upd_msg->reliable = 1
[91m [1776446180.895545] BSON Message: [0mInside sensor type parsing.
[91m [1776446180.895557] BSON Message: [0mInside sensor type parsing end.
[91m [1776446180.895561] BSON Message: [0mInside sid parsing
[91m [1776446180.895567] BSON Message: [0mInside temp1 parsing.
[91m [1776446180.895572] Client: [0m---before writing in log upd_msg->seq_no= 156
[91m [1776446180.895577] Client: [0m---before writing in log upd_msg->type= 4
[91m [1776446180.895581] Client: [0m---before writing in log upd_msg->frag_no= 0
[91m [1776446180.895584] Client: [0m---before writing in log upd_msg->reliable= 1
[91m [1776446180.895588] Client: [0m---before writing in log upd_msg->data.sensor_type= 1
[91m [1776446180.895592] Client: [0m---before writing in log upd_msg->data.sid= temp_1
[91m [1776446180.895597] Client: [0m---after writing in log upd_msg->seq_no = 156
[91m [1776446180.895601] Client: [0m---after writing in log upd_msg->data.sensor_type = 1
[91m [1776446180.895605] Client: [0m---after writing in log upd_msg->reliable = 1
[91m [1776446181.376354] BSON Message: [0mInside sensor type parsing.
[91m [1776446181.376367] BSON Message: [0mInside sensor type parsing end.
[91m [1776446181.376371] BSON Message: [0mInside sid parsing
[91m [1776446181.376377] Client: [0m---before writing in log upd_msg->seq_no= 67
[91m [1776446181.376381] Client: [0m---before writing in log upd_msg->type= 4
[91m [1776446181.376385] Client: [0m---before writing in log upd_msg->frag_no= 0
[91m [1776446181.376389] Client: [0m---before writing in log upd_msg->reliable= 1
[91m [1776446181.376393] Client: [0m---before writing in log upd_msg->data.sensor_type= 2
[91m [1776446181.376398] Client: [0m---before writing in log upd_msg->data.sid= device_0
[91m [1776446181.376403] Client: [0m---after writing in log upd_msg->seq_no = 67
[91m [1776446181.376407] Client: [0m---after writing in log upd_msg->data.sensor_type = 2
[91m [1776446181.376411] Client: [0m---after writing in log upd_msg->reliable = 1
[91m [1776446181.895796] BSON Message: [0mInside sensor type parsing.
[91m [1776446181.895807] BSON Message: [0mInside sensor type parsing end.
[91m [1776446181.895812] BSON Message: [0mInside sid parsing
[91m [1776446181.895817] BSON Message: [0mInside temp1 parsing.
[91m [1776446181.895823] Client: [0m---before writing in log upd_msg->seq_no= 157
[91m [1776446181.895828] Client: [0m---before writing in log upd_msg->type= 4
[91m [1776446181.895831] Client: [0m---before writing in log upd_msg->frag_no= 0
[91m [1776446181.895835] Client: [0m---before writing in log upd_msg->reliable= 1
[91m [1776446181.895838] Client: [0m---before writing in log upd_msg->data.sensor_type= 1
[91m [1776446181.895843] Client: [0m---before writing in log upd_msg->data.sid= temp_1
[91m [1776446181.895848] Client: [0m---after writing in log upd_msg->seq_no = 157
[91m [1776446181.895852] Client: [0m---after writing in log upd_msg->data.sensor_type = 1
[91m [1776446181.895860] Client: [0m---after writing in log upd_msg->reliable = 1
[91m [1776446182.729374] BSON Message: [0mInside sensor type parsing.
[91m [1776446182.729382] BSON Message: [0mInside sensor type parsing end.
[91m [1776446182.729387] BSON Message: [0mInside sid parsing
[91m [1776446182.729393] Client: [0m---before writing in log upd_msg->seq_no= 68
[91m [1776446182.729398] Client: [0m---before writing in log upd_msg->type= 4
[91m [1776446182.729403] Client: [0m---before writing in log upd_msg->frag_no= 0
[91m [1776446182.729407] Client: [0m---before writing in log upd_msg->reliable= 1
[91m [1776446182.729410] Client: [0m---before writing in log upd_msg->data.sensor_type= 2
[91m [1776446182.729415] Client: [0m---before writing in log upd_msg->data.sid= device_0
[91m [1776446182.729420] Client: [0m---after writing in log upd_msg->seq_no = 68
[91m [1776446182.729425] Client: [0m---after writing in log upd_msg->data.sensor_type = 2
[91m [1776446182.729429] Client: [0m---after writing in log upd_msg->reliable = 1
[91m [1776446182.896110] BSON Message: [0mInside sensor type parsing.
[91m [1776446182.896122] BSON Message: [0mInside sensor type parsing end.
[91m [1776446182.896127] BSON Message: [0mInside sid parsing
[91m [1776446182.896131] BSON Message: [0mInside temp1 parsing.
[91m [1776446182.896136] Client: [0m---before writing in log upd_msg->seq_no= 158
[91m [1776446182.896140] Client: [0m---before writing in log upd_msg->type= 4
[91m [1776446182.896144] Client: [0m---before writing in log upd_msg->frag_no= 0
[91m [1776446182.896148] Client: [0m---before writing in log upd_msg->reliable= 1
[91m [1776446182.896152] Client: [0m---before writing in log upd_msg->data.sensor_type= 1
[91m [1776446182.896157] Client: [0m---before writing in log upd_msg->data.sid= temp_1
[91m [1776446182.896163] Client: [0m---after writing in log upd_msg->seq_no = 158
[91m [1776446182.896167] Client: [0m---after writing in log upd_msg->data.sensor_type = 1
[91m [1776446182.896170] Client: [0m---after writing in log upd_msg->reliable = 1
[91m [1776446183.896022] BSON Message: [0mInside sensor type parsing.
[91m [1776446183.896032] BSON Message: [0mInside sensor type parsing end.
[91m [1776446183.896036] BSON Message: [0mInside sid parsing
[91m [1776446183.896041] BSON Message: [0mInside temp1 parsing.
[91m [1776446183.896046] Client: [0m---before writing in log upd_msg->seq_no= 159
[91m [1776446183.896050] Client: [0m---before writing in log upd_msg->type= 4
[91m [1776446183.896054] Client: [0m---before writing in log upd_msg->frag_no= 0
[91m [1776446183.896058] Client: [0m---before writing in log upd_msg->reliable= 1
[91m [1776446183.896062] Client: [0m---before writing in log upd_msg->data.sensor_type= 1
[91m [1776446183.896066] Client: [0m---before writing in log upd_msg->data.sid= temp_1
[91m [1776446183.896071] Client: [0m---after writing in log upd_msg->seq_no = 159
[91m [1776446183.896075] Client: [0m---after writing in log upd_msg->data.sensor_type = 1
[91m [1776446183.896080] Client: [0m---after writing in log upd_msg->reliable = 1
[91m [1776446184.444659] BSON Message: [0mInside sensor type parsing.
[91m [1776446184.444673] BSON Message: [0mInside sensor type parsing end.
[91m [1776446184.444679] BSON Message: [0mInside sid parsing
[91m [1776446184.444687] Client: [0m---before writing in log upd_msg->seq_no= 69
[91m [1776446184.444693] Client: [0m---before writing in log upd_msg->type= 4
[91m [1776446184.444699] Client: [0m---before writing in log upd_msg->frag_no= 0
[91m [1776446184.444704] Client: [0m---before writing in log upd_msg->reliable= 1
[91m [1776446184.444710] Client: [0m---before writing in log upd_msg->data.sensor_type= 2
[91m [1776446184.444716] Client: [0m---before writing in log upd_msg->data.sid= device_0
[91m [1776446184.444724] Client: [0m---after writing in log upd_msg->seq_no = 69
[91m [1776446184.444729] Client: [0m---after writing in log upd_msg->data.sensor_type = 2
[91m [1776446184.444735] Client: [0m---after writing in log upd_msg->reliable = 1
[91m [1776446184.896280] BSON Message: [0mInside sensor type parsing.
[91m [1776446184.896292] BSON Message: [0mInside sensor type parsing end.
[91m [1776446184.896296] BSON Message: [0mInside sid parsing
[91m [1776446184.896301] BSON Message: [0mInside temp1 parsing.
[91m [1776446184.896306] Client: [0m---before writing in log upd_msg->seq_no= 160
[91m [1776446184.896310] Client: [0m---before writing in log upd_msg->type= 4
[91m [1776446184.896314] Client: [0m---before writing in log upd_msg->frag_no= 0
[91m [1776446184.896318] Client: [0m---before writing in log upd_msg->reliable= 1
[91m [1776446184.896322] Client: [0m---before writing in log upd_msg->data.sensor_type= 1
[91m [1776446184.896327] Client: [0m---before writing in log upd_msg->data.sid= temp_1
[91m [1776446184.896331] Client: [0m---after writing in log upd_msg->seq_no = 160
[91m [1776446184.896335] Client: [0m---after writing in log upd_msg->data.sensor_type = 1
[91m [1776446184.896339] Client: [0m---after writing in log upd_msg->reliable = 1
[91m [1776446185.896489] BSON Message: [0mInside sensor type parsing.
[91m [1776446185.896500] BSON Message: [0mInside sensor type parsing end.
[91m [1776446185.896503] BSON Message: [0mInside sid parsing
[91m [1776446185.896507] BSON Message: [0mInside temp1 parsing.
[91m [1776446185.896511] Client: [0m---before writing in log upd_msg->seq_no= 161
[91m [1776446185.896515] Client: [0m---before writing in log upd_msg->type= 4
[91m [1776446185.896519] Client: [0m---before writing in log upd_msg->frag_no= 0
[91m [1776446185.896522] Client: [0m---before writing in log upd_msg->reliable= 1
[91m [1776446185.896525] Client: [0m---before writing in log upd_msg->data.sensor_type= 1
[91m [1776446185.896529] Client: [0m---before writing in log upd_msg->data.sid= temp_1
[91m [1776446185.896533] Client: [0m---after writing in log upd_msg->seq_no = 161
[91m [1776446185.896536] Client: [0m---after writing in log upd_msg->data.sensor_type = 1
[91m [1776446185.896539] Client: [0m---after writing in log upd_msg->reliable = 1
[91m [1776446186.896783] BSON Message: [0mInside sensor type parsing.
[91m [1776446186.896793] BSON Message: [0mInside sensor type parsing end.
[91m [1776446186.896798] BSON Message: [0mInside sid parsing
[91m [1776446186.896802] BSON Message: [0mInside temp1 parsing.
[91m [1776446186.896807] Client: [0m---before writing in log upd_msg->seq_no= 162
[91m [1776446186.896811] Client: [0m---before writing in log upd_msg->type= 4
[91m [1776446186.896815] Client: [0m---before writing in log upd_msg->frag_no= 0
[91m [1776446186.896819] Client: [0m---before writing in log upd_msg->reliable= 1
[91m [1776446186.896823] Client: [0m---before writing in log upd_msg->data.sensor_type= 1
[91m [1776446186.896827] Client: [0m---before writing in log upd_msg->data.sid= temp_1
[91m [1776446186.896833] Client: [0m---after writing in log upd_msg->seq_no = 162
[91m [1776446186.896838] Client: [0m---after writing in log upd_msg->data.sensor_type = 1
[91m [1776446186.896842] Client: [0m---after writing in log upd_msg->reliable = 1
[91m [1776446187.560247] BSON Message: [0mInside sensor type parsing.
[91m [1776446187.560259] BSON Message: [0mInside sensor type parsing end.
[91m [1776446187.560266] BSON Message: [0mInside sid parsing
[91m [1776446187.560272] Client: [0m---before writing in log upd_msg->seq_no= 70
[91m [1776446187.560277] Client: [0m---before writing in log upd_msg->type= 4
[91m [1776446187.560282] Client: [0m---before writing in log upd_msg->frag_no= 0
[91m [1776446187.560286] Client: [0m---before writing in log upd_msg->reliable= 1
[91m [1776446187.560291] Client: [0m---before writing in log upd_msg->data.sensor_type= 2
[91m [1776446187.560296] Client: [0m---before writing in log upd_msg->data.sid= device_0
[91m [1776446187.560301] Client: [0m---after writing in log upd_msg->seq_no = 70
[91m [1776446187.560306] Client: [0m---after writing in log upd_msg->data.sensor_type = 2
[91m [1776446187.560315] Client: [0m---after writing in log upd_msg->reliable = 1
[91m [1776446187.898367] BSON Message: [0mInside sensor type parsing.
[91m [1776446187.898382] BSON Message: [0mInside sensor type parsing end.
[91m [1776446187.898387] BSON Message: [0mInside sid parsing
[91m [1776446187.898392] BSON Message: [0mInside temp1 parsing.
[91m [1776446187.898398] Client: [0m---before writing in log upd_msg->seq_no= 163
[91m [1776446187.898403] Client: [0m---before writing in log upd_msg->type= 4
[91m [1776446187.898407] Client: [0m---before writing in log upd_msg->frag_no= 0
[91m [1776446187.898412] Client: [0m---before writing in log upd_msg->reliable= 1
[91m [1776446187.898416] Client: [0m---before writing in log upd_msg->data.sensor_type= 1
[91m [1776446187.898421] Client: [0m---before writing in log upd_msg->data.sid= temp_1
[91m [1776446187.898427] Client: [0m---after writing in log upd_msg->seq_no = 163
[91m [1776446187.898432] Client: [0m---after writing in log upd_msg->data.sensor_type = 1
[91m [1776446187.898436] Client: [0m---after writing in log upd_msg->reliable = 1
[91m [1776446188.897544] BSON Message: [0mInside sensor type parsing.
[91m [1776446188.897560] BSON Message: [0mInside sensor type parsing end.
[91m [1776446188.897566] BSON Message: [0mInside sid parsing
[91m [1776446188.897571] BSON Message: [0mInside temp1 parsing.
[91m [1776446188.897576] Client: [0m---before writing in log upd_msg->seq_no= 164
[91m [1776446188.897582] Client: [0m---before writing in log upd_msg->type= 4
[91m [1776446188.897587] Client: [0m---before writing in log upd_msg->frag_no= 0
[91m [1776446188.897592] Client: [0m---before writing in log upd_msg->reliable= 1
[91m [1776446188.897596] Client: [0m---before writing in log upd_msg->data.sensor_type= 1
[91m [1776446188.897601] Client: [0m---before writing in log upd_msg->data.sid= temp_1
[91m [1776446188.897607] Client: [0m---after writing in log upd_msg->seq_no = 164
[91m [1776446188.897612] Client: [0m---after writing in log upd_msg->data.sensor_type = 1
[91m [1776446188.897617] Client: [0m---after writing in log upd_msg->reliable = 1
[91m [1776446189.897700] BSON Message: [0mInside sensor type parsing.
[91m [1776446189.897713] BSON Message: [0mInside sensor type parsing end.
[91m [1776446189.897742] BSON Message: [0mInside sid parsing
[91m [1776446189.897750] BSON Message: [0mInside temp1 parsing.
ge from the server.
Message type is 4
---------Update message arrived------------ 1
Got a message from the server.
Message type is 4
---------Update message arrived------------ 1
Got a message from the server.
Message type is 4
---------Update message arrived------------ 1
Got a message from the server.
Message type is 4
---------Update message arrived------------ 1
Got a message from the server.
Message type is 4
---------Update message arrived------------ 1
Got a message from the server.
Message type is 4
---------Update message arrived------------ 1
Got a message from the server.
Message type is 4
---------Update message arrived------------ 1
Got a message from the server.
Message type is 4
---------Update message arrived------------ 1
Got a message from the server.
Message type is 4
---------Update message arrived------------ 1
Got a message from the server.
Message type is 4
---------Update message arrived------------ 1
Got a message from the server.
Message type is 4
---------Update message arrived------------ 1
Got a message from the server.
Message type is 4
---------Update message arrived------------ 1
Got a message from the server.
Message type is 4
---------Update message arrived------------ 1
Got a message from the server.
Message type is 4
---------Update message arrived------------ 1
Got a message from the server.
Message type is 4
---------Update message arrived------------ 1
Got a message from the server.
Message type is 4
---------Update message arrived------------ 1
Got a message from the server.
Message type is 4
---------Update message arrived------------ 1
Got a message from the server.
Message type is 4
---------Update message arrived------------ 1
Got a message from the server.
Message type is 4
---------Update message arrived------------ 1
Got a message from the server.
Message type is 4
---------Update message arrived------------ 1
Got a message from the server.
Message type is 4
---------Update message arrived------------ 1
Got a message from the server.
Message type is 4
---------Update message arrived------------ 1
Got a message from the server.
Message type is 4
---------Update message arrived------------ 1
Got a message from the server.
Message type is 4
---------Update message arrived------------ 1
Got a message from the server.
Message type is 4
---------Update message arrived------------ 1
Got a message from the server.
Message type is 4
---------Update message arrived------------ 1
Got a message from the server.
Message type is 4
---------Update message arrived------------ 1
Got a message from the server.
Message type is 4
---------Update message arrived------------ 1
Got a message from the server.
Message type is 4
---------Update message arrived------------ 1
Got a message from the server.
Message type is 4
---------Update message arrived------------ 1
Got a message from the server.
Message type is 4
---------Update message arrived------------ 1
Got a message from the server.
Message type is 4
---------Update message arrived------------ 1
Got a message from the server.
Message type is 4
---------Update message arrived------------ 1
Got a message from the server.
Message type is 4
---------Update message arrived------------ 1
Got a message from the server.
Message type is 4
---------Update message arrived------------ 1
Got a message from the server.
Message type is 4
---------Update message arrived------------ 1
Got a message from the server.
Message type is 4
---------Update message arrived------------ 1
Got a message from the server.
Message type is 4
---------Update message arrived------------ 1
Got a message from the server.
Message type is 4
---------Update message arrived------------ 1
Got a message from the server.
Message type is 4
---------Update message arrived------------ 1
Got a message from the server.
Message type is 4
---------Update message arrived------------ 1
Got a message from the server.
Message type is 4
---------Update message arrived------------ 1
Got a message from the server.
Message type is 4
---------Update message arrived------------ 1
Got a message from the[91m [1776446189.897774] Client: [0m---before writing in log upd_msg->seq_no= 165
[91m [1776446189.897778] Client: [0m---before writing in log upd_msg->type= 4
[91m [1776446189.897782] Client: [0m---before writing in log upd_msg->frag_no= 0
[91m [1776446189.897788] Client: [0m---before writing in log upd_msg->reliable= 1
[91m [1776446189.897792] Client: [0m---before writing in log upd_msg->data.sensor_type= 1
[91m [1776446189.897796] Client: [0m---before writing in log upd_msg->data.sid= temp_1
[91m [1776446189.897801] Client: [0m---after writing in log upd_msg->seq_no = 165
[91m [1776446189.897805] Client: [0m---after writing in log upd_msg->data.sensor_type = 1
[91m [1776446189.897809] Client: [0m---after writing in log upd_msg->reliable = 1
[91m [1776446190.897926] BSON Message: [0mInside sensor type parsing.
[91m [1776446190.897935] BSON Message: [0mInside sensor type parsing end.
[91m [1776446190.897940] BSON Message: [0mInside sid parsing
[91m [1776446190.897944] BSON Message: [0mInside temp1 parsing.
[91m [1776446190.897949] Client: [0m---before writing in log upd_msg->seq_no= 166
[91m [1776446190.897954] Client: [0m---before writing in log upd_msg->type= 4
[91m [1776446190.897959] Client: [0m---before writing in log upd_msg->frag_no= 0
[91m [1776446190.897963] Client: [0m---before writing in log upd_msg->reliable= 1
[91m [1776446190.897967] Client: [0m---before writing in log upd_msg->data.sensor_type= 1
[91m [1776446190.897970] Client: [0m---before writing in log upd_msg->data.sid= temp_1
[91m [1776446190.897975] Client: [0m---after writing in log upd_msg->seq_no = 166
[91m [1776446190.897983] Client: [0m---after writing in log upd_msg->data.sensor_type = 1
[91m [1776446190.897987] Client: [0m---after writing in log upd_msg->reliable = 1
[91m [1776446191.898202] BSON Message: [0mInside sensor type parsing.
[91m [1776446191.898211] BSON Message: [0mInside sensor type parsing end.
[91m [1776446191.898216] BSON Message: [0mInside sid parsing
[91m [1776446191.898220] BSON Message: [0mInside temp1 parsing.
[91m [1776446191.898225] Client: [0m---before writing in log upd_msg->seq_no= 167
[91m [1776446191.898228] Client: [0m---before writing in log upd_msg->type= 4
[91m [1776446191.898232] Client: [0m---before writing in log upd_msg->frag_no= 0
[91m [1776446191.898236] Client: [0m---before writing in log upd_msg->reliable= 1
[91m [1776446191.898240] Client: [0m---before writing in log upd_msg->data.sensor_type= 1
[91m [1776446191.898244] Client: [0m---before writing in log upd_msg->data.sid= temp_1
[91m [1776446191.898249] Client: [0m---after writing in log upd_msg->seq_no = 167
[91m [1776446191.898253] Client: [0m---after writing in log upd_msg->data.sensor_type = 1
[91m [1776446191.898258] Client: [0m---after writing in log upd_msg->reliable = 1
[91m [1776446191.911044] BSON Message: [0mInside sensor type parsing.
[91m [1776446191.911056] BSON Message: [0mInside sensor type parsing end.
[91m [1776446191.911061] BSON Message: [0mInside sid parsing
[91m [1776446191.911068] Client: [0m---before writing in log upd_msg->seq_no= 71
[91m [1776446191.911073] Client: [0m---before writing in log upd_msg->type= 4
[91m [1776446191.911077] Client: [0m---before writing in log upd_msg->frag_no= 0
[91m [1776446191.911082] Client: [0m---before writing in log upd_msg->reliable= 1
[91m [1776446191.911087] Client: [0m---before writing in log upd_msg->data.sensor_type= 2
[91m [1776446191.911090] Client: [0m---before writing in log upd_msg->data.sid= device_0
[91m [1776446191.911094] Client: [0m---after writing in log upd_msg->seq_no = 71
[91m [1776446191.911098] Client: [0m---after writing in log upd_msg->data.sensor_type = 2
[91m [1776446191.911101] Client: [0m---after writing in log upd_msg->reliable = 1
[91m [1776446192.900083] BSON Message: [0mInside sensor type parsing.
[91m [1776446192.900098] BSON Message: [0mInside sensor type parsing end.
[91m [1776446192.900103] BSON Message: [0mInside sid parsing
[91m [1776446192.900108] BSON Message: [0mInside temp1 parsing.
[91m [1776446192.900114] Client: [0m---before writing in log upd_msg->seq_no= 168
[91m [1776446192.900130] Client: [0m---before writing in log upd_msg->type= 4
[91m [1776446192.900135] Client: [0m---before writing in log upd_msg->frag_no= 0
[91m [1776446192.900140] Client: [0m---before writing in log upd_msg->reliable= 1
[91m [1776446192.900145] Client: [0m---before writing in log upd_msg->data.sensor_type= 1
[91m [1776446192.900149] Client: [0m---before writing in log upd_msg->data.sid= temp_1
[91m [1776446192.900303] Client: [0m---after writing in log upd_msg->seq_no = 168
[91m [1776446192.900308] Client: [0m---after writing in log upd_msg->data.sensor_type = 1
[91m [1776446192.900313] Client: [0m---after writing in log upd_msg->reliable = 1
[91m [1776446193.116292] BSON Message: [0mInside sensor type parsing.
[91m [1776446193.116303] BSON Message: [0mInside sensor type parsing end.
[91m [1776446193.116309] BSON Message: [0mInside sid parsing
[91m [1776446193.116315] Client: [0m---before writing in log upd_msg->seq_no= 72
[91m [1776446193.116319] Client: [0m---before writing in log upd_msg->type= 4
[91m [1776446193.116324] Client: [0m---before writing in log upd_msg->frag_no= 0
[91m [1776446193.116330] Client: [0m---before writing in log upd_msg->reliable= 1
[91m [1776446193.116335] Client: [0m---before writing in log upd_msg->data.sensor_type= 2
[91m [1776446193.116340] Client: [0m---before writing in log upd_msg->data.sid= device_0
[91m [1776446193.116346] Client: [0m---after writing in log upd_msg->seq_no = 72
[91m [1776446193.116350] Client: [0m---after writing in log upd_msg->data.sensor_type = 2
[91m [1776446193.116383] Client: [0m---after writing in log upd_msg->reliable = 1
[91m [1776446193.899104] BSON Message: [0mInside sensor type parsing.
[91m [1776446193.899114] BSON Message: [0mInside sensor type parsing end.
[91m [1776446193.899120] BSON Message: [0mInside sid parsing
[91m [1776446193.899127] BSON Message: [0mInside temp1 parsing.
[91m [1776446193.899135] Client: [0m---before writing in log upd_msg->seq_no= 169
[91m [1776446193.899142] Client: [0m---before writing in log upd_msg->type= 4
[91m [1776446193.899147] Client: [0m---before writing in log upd_msg->frag_no= 0
[91m [1776446193.899152] Client: [0m---before writing in log upd_msg->reliable= 1
[91m [1776446193.899158] Client: [0m---before writing in log upd_msg->data.sensor_type= 1
[91m [1776446193.899163] Client: [0m---before writing in log upd_msg->data.sid= temp_1
[91m [1776446193.899169] Client: [0m---after writing in log upd_msg->seq_no = 169
[91m [1776446193.899174] Client: [0m---after writing in log upd_msg->data.sensor_type = 1
[91m [1776446193.899179] Client: [0m---after writing in log upd_msg->reliable = 1
[91m [1776446194.263119] BSON Message: [0mInside sensor type parsing.
[91m [1776446194.263131] BSON Message: [0mInside sensor type parsing end.
[91m [1776446194.263137] BSON Message: [0mInside sid parsing
[91m [1776446194.263143] Client: [0m---before writing in log upd_msg->seq_no= 73
[91m [1776446194.263147] Client: [0m---before writing in log upd_msg->type= 4
[91m [1776446194.263152] Client: [0m---before writing in log upd_msg->frag_no= 0
[91m [1776446194.263157] Client: [0m---before writing in log upd_msg->reliable= 1
[91m [1776446194.263161] Client: [0m---before writing in log upd_msg->data.sensor_type= 2
[91m [1776446194.263165] Client: [0m---before writing in log upd_msg->data.sid= device_0
[91m [1776446194.263171] Client: [0m---after writing in log upd_msg->seq_no = 73
[91m [1776446194.263175] Client: [0m---after writing in log upd_msg->data.sensor_type = 2
[91m [1776446194.263180] Client: [0m---after writing in log upd_msg->reliable = 1
[91m [1776446194.899395] BSON Message: [0mInside sensor type parsing.
[91m [1776446194.899403] BSON Message: [0mInside sensor type parsing end.
[91m [1776446194.899407] BSON Message: [0mInside sid parsing
[91m [1776446194.899413] BSON Message: [0mInside temp1 parsing.
[91m [1776446194.899418] Client: [0m---before writing in log upd_msg->seq_no= 170
[91m [1776446194.899422] Client: [0m---before writing in log upd_msg->type= 4
[91m [1776446194.899426] Client: [0m---before writing in log upd_msg->frag_no= 0
[91m [1776446194.899430] Client: [0m---before writing in log upd_msg->reliable= 1
[91m [1776446194.899434] Client: [0m---before writing in log upd_msg->data.sensor_type= 1
[91m [1776446194.899438] Client: [0m---before writing in log upd_msg->data.sid= temp_1
[91m [1776446194.899443] Client: [0m---after writing in log upd_msg->seq_no = 170
[91m [1776446194.899447] Client: [0m---after writing in log upd_msg->data.sensor_type = 1
[91m [1776446194.899451] Client: [0m---after writing in log upd_msg->reliable = 1
[91m [1776446195.899716] BSON Message: [0mInside sensor type parsing.
[91m [1776446195.899726] BSON Message: [0mInside sensor type parsing end.
[91m [1776446195.899730] BSON Message: [0mInside sid parsing
[91m [1776446195.899735] BSON Message: [0mInside temp1 parsing.
[91m [1776446195.899739] Client: [0m---before writing in log upd_msg->seq_no= 171
[91m [1776446195.899743] Client: [0m---before writing in log upd_msg->type= 4
[91m [1776446195.899748] Client: [0m---before writing in log upd_msg->frag_no= 0
[91m [1776446195.899753] Client: [0m---before writing in log upd_msg->reliable= 1
[91m [1776446195.899759] Client: [0m---before writing in log upd_msg->data.sensor_type= 1
[91m [1776446195.899763] Client: [0m---before writing in log upd_msg->data.sid= temp_1
[91m [1776446195.899768] Client: [0m---after writing in log upd_msg->seq_no = 171
[91m [1776446195.899776] Client: [0m---after writing in log upd_msg->data.sensor_type = 1
[91m [1776446195.899780] Client: [0m---after writing in log upd_msg->reliable = 1
[91m [1776446196.899970] BSON Message: [0mInside sensor type parsing.
[91m [1776446196.899985] BSON Message: [0mInside sensor type parsing end.
[91m [1776446196.899991] BSON Message: [0mInside sid parsing
[91m [1776446196.899997] BSON Message: [0mInside temp1 parsing.
[91m [1776446196.900003] Client: [0m---before writing in log upd_msg->seq_no= 172
[91m [1776446196.900008] Client: [0m---before writing in log upd_msg->type= 4
[91m [1776446196.900013] Client: [0m---before writing in log upd_msg->frag_no= 0
[91m [1776446196.900018] Client: [0m---before writing in log upd_msg->reliable= 1
[91m [1776446196.900023] Client: [0m---before writing in log upd_msg->data.sensor_type= 1
[91m [1776446196.900028] Client: [0m---before writing in log upd_msg->data.sid= temp_1
[91m [1776446196.900034] Client: [0m---after writing in log upd_msg->seq_no = 172
[91m [1776446196.900038] Client: [0m---after writing in log upd_msg->data.sensor_type = 1
[91m [1776446196.900043] Client: [0m---after writing in log upd_msg->reliable = 1
[91m [1776446197.900236] BSON Message: [0mInside sensor type parsing.
[91m [1776446197.900250] BSON Message: [0mInside sensor type parsing end.
[91m [1776446197.900256] BSON Message: [0mInside sid parsing
[91m [1776446197.900262] BSON Message: [0mInside temp1 parsing.
[91m [1776446197.900269] Client: [0m---before writing in log upd_msg->seq_no= 173
[91m [1776446197.900275] Client: [0m---before writing in log upd_msg->type= 4
[91m [1776446197.900281] Client: [0m---before writing in log upd_msg->frag_no= 0
[91m [1776446197.900287] Client: [0m---before writing in log upd_msg->reliable= 1
[91m [1776446197.900293] Client: [0m---before writing in log upd_msg->data.sensor_type= 1
[91m [1776446197.900298] Client: [0m---before writing in log upd_msg->data.sid= temp_1
[91m [1776446197.900305] Client: [0m---after writing in log upd_msg->seq_no = 173
[91m [1776446197.900310] Client: [0m---after writing in log upd_msg->data.sensor_type = 1
[91m [1776446197.900316] Client: [0m---after writing in log upd_msg->reliable = 1
[91m [1776446198.900503] BSON Message: [0mInside sensor type parsing.
[91m [1776446198.900517] BSON Message: [0mInside sensor type parsing end.
[91m [1776446198.900524] BSON Message: [0mInside sid parsing
[91m [1776446198.900530] BSON Message: [0mInside temp1 parsing.
[91m [1776446198.900538] Client: [0m---before writing in log upd_msg->seq_no= 174
[91m [1776446198.900544] Client: [0m---before writing in log upd_msg->type= 4
[91m [1776446198.900549] Client: [0m---before writing in log upd_msg->frag_no= 0
[91m [1776446198.900556] Client: [0m---before writing in log upd_msg->reliable= 1
[91m [1776446198.900562] Client: [0m---before writing in log upd_msg->data.sensor_type= 1
[91m [1776446198.900568] Client: [0m---before writing in log upd_msg->data.sid= temp_1
[91m [1776446198.900575] Client: [0m---after writing in log upd_msg->seq_no = 174
[91m [1776446198.900581] Client: [0m---after writing in log upd_msg->data.sensor_type = 1
[91m [1776446198.900586] Client: [0m---after writing in log upd_msg->reliable = 1
[91m [1776446198.988666] BSON Message: [0mInside sensor type parsing.
[91m [1776446198.988677] BSON Message: [0mInside sensor type parsing end.
[91m [1776446198.988682] BSON Message: [0mInside sid parsing
[91m [1776446198.988687] Client: [0m---before writing in log upd_msg->seq_no= 74
[91m [1776446198.988692] Client: [0m---before writing in log upd_msg->type= 4
[91m [1776446198.988696] Client: [0m---before writing in log upd_msg->frag_no= 0
[91m [1776446198.988701] Client: [0m---before writing in log upd_msg->reliable= 1
[91m [1776446198.988706] Client: [0m---before writing in log upd_msg->data.sensor_type= 2
[91m [1776446198.988710] Client: [0m---before writing in log upd_msg->data.sid= device_0
[91m [1776446198.988716] Client: [0m---after writing in log upd_msg->seq_no = 74
[91m [1776446198.988724] Client: [0m---after writing in log upd_msg->data.sensor_type = 2
[91m [1776446198.988728] Client: [0m---after writing in log upd_msg->reliable = 1
[91m [1776446199.848793] BSON Message: [0mInside sensor type parsing.
[91m [1776446199.848805] BSON Message: [0mInside sensor type parsing end.
[91m [1776446199.848810] BSON Message: [0mInside sid parsing
[91m [1776446199.848816] Client: [0m---before writing in log upd_msg->seq_no= 75
[91m [1776446199.848820] Client: [0m---before writing in log upd_msg->type= 4
[91m [1776446199.848825] Client: [0m---before writing in log upd_msg->frag_no= 0
[91m [1776446199.848830] Client: [0m---before writing in log upd_msg->reliable= 1
[91m [1776446199.848834] Client: [0m---before writing in log upd_msg->data.sensor_type= 2
[91m [1776446199.848839] Client: [0m---before writing in log upd_msg->data.sid= device_0
[91m [1776446199.848845] Client: [0m---after writing in log upd_msg->seq_no = 75
[91m [1776446199.848850] Client: [0m---after writing in log upd_msg->data.sensor_type = 2
[91m [1776446199.848855] Client: [0m---after writing in log upd_msg->reliable = 1
[91m [1776446199.900750] BSON Message: [0mInside sensor type parsing.
[91m [1776446199.900763] BSON Message: [0mInside sensor type parsing end.
[91m [1776446199.900767] BSON Message: [0mInside sid parsing
[91m [1776446199.900772] BSON Message: [0mInside temp1 parsing.
[91m [1776446199.900777] Client: [0m---before writing in log upd_msg->seq_no= 175
[91m [1776446199.900782] Client: [0m---before writing in log upd_msg->type= 4
[91m [1776446199.900787] Client: [0m---before writing in log upd_msg->frag_no= 0
[91m [1776446199.900791] Client: [0m---before writing in log upd_msg->reliable= 1
[91m [1776446199.900796] Client: [0m---before writing in log upd_msg->data.sensor_type= 1
[91m [1776446199.900800] Client: [0m---before writing in log upd_msg->data.sid= temp_1
[91m [1776446199.900805] Client: [0m---after writing in log upd_msg->seq_no = 175
[91m [1776446199.900809] Client: [0m---after writing in log upd_msg->data.sensor_type = 1
[91m [1776446199.900813] Client: [0m---after writing in log upd_msg->reliable = 1
[91m [1776446200.900905] BSON Message: [0mInside sensor type parsing.
[91m [1776446200.900925] BSON Message: [0mInside sensor type parsing end.
[91m [1776446200.900931] BSON Message: [0mInside sid parsing
[91m [1776446200.900936] BSON Message: [0mInside temp1 parsing.
[91m [1776446200.900942] Client: [0m---before writing in log upd_msg->seq_no= 176
[91m [1776446200.900946] Client: [0m---before writing in log upd_msg->type= 4
[91m [1776446200.900951] Client: [0m---before writing in log upd_msg->frag_no= 0
[91m [1776446200.900955] Client: [0m---before writing in log upd_msg->reliable= 1
[91m [1776446200.900960] Client: [0m---before writing in log upd_msg->data.sensor_type= 1
[91m [1776446200.900965] Client: [0m---before writing in log upd_msg->data.sid= temp_1
[91m [1776446200.900971] Client: [0m---after writing in log upd_msg->seq_no = 176
[91m [1776446200.900977] Client: [0m---after writing in log upd_msg->data.sensor_type = 1
[91m [1776446200.900983] Client: [0m---after writing in log upd_msg->reliable = 1
[91m [1776446201.901378] BSON Message: [0mInside sensor type parsing.
[91m [1776446201.901391] BSON Message: [0mInside sensor type parsing end.
[91m [1776446201.901398] BSON Message: [0mInside sid parsing
[91m [1776446201.901404] BSON Message: [0mInside temp1 parsing.
[91m [1776446201.901411] Client: [0m---before writing in log upd_msg->seq_no= 177
[91m [1776446201.901416] Client: [0m---before writing in log upd_msg->type= 4
[91m [1776446201.901422] Client: [0m---before writing in log upd_msg->frag_no= 0
[91m [1776446201.901428] Client: [0m---before writing in log upd_msg->reliable= 1
[91m [1776446201.901434] Client: [0m---before writing in log upd_msg->data.sensor_type= 1
[91m [1776446201.901439] Client: [0m---before writing in log upd_msg->data.sid= temp_1
[91m [1776446201.901445] Client: [0m---after writing in log upd_msg->seq_no = 177
[91m [1776446201.901455] Client: [0m---after writing in log upd_msg->data.sensor_type = 1
[91m [1776446201.901461] Client: [0m---after writing in log upd_msg->reliable = 1
[91m [1776446202.902483] BSON Message: [0mInside sensor type parsing.
[91m [1776446202.902495] BSON Message: [0mInside sensor type parsing end.
[91m [1776446202.902500] BSON Message: [0mInside sid parsing
[91m [1776446202.902505] BSON Message: [0mInside temp1 parsing.
[91m [1776446202.902509] Client: [0m---before writing in log upd_msg->seq_no= 178
[91m [1776446202.902514] Client: [0m---before writing in log upd_msg->type= 4
[91m [1776446202.902519] Client: [0m---before writing in log upd_msg->frag_no= 0
[91m [1776446202.902524] Client: [0m---before writing in log upd_msg->reliable= 1
[91m [1776446202.902529] Client: [0m---before writing in log upd_msg->data.sensor_type= 1
[91m [1776446202.902534] Client: [0m---before writing in log upd_msg->data.sid= temp_1
[91m [1776446202.902539] Client: [0m---after writing in log upd_msg->seq_no = 178
[91m [1776446202.902545] Client: [0m---after writing in log upd_msg->data.sensor_type = 1
[91m [1776446202.902549] Client: [0m---after writing in log upd_msg->reliable = 1
[91m [1776446203.342426] BSON Message: [0mInside sensor type parsing.
[91m [1776446203.342449] BSON Message: [0mInside sensor type parsing end.
[91m [1776446203.342454] BSON Message: [0mInside sid parsing
[91m [1776446203.342460] Client: [0m---before writing in log upd_msg->seq_no= 76
[91m [1776446203.342465] Client: [0m---before writing in log upd_msg->type= 4
[91m [1776446203.342470] Client: [0m---before writing in log upd_msg->frag_no= 0
[91m [1776446203.342474] Client: [0m---before writing in log upd_msg->reliable= 1
[91m [1776446203.342478] Client: [0m---before writing in log upd_msg->data.sensor_type= 2
[91m [1776446203.342484] Client: [0m---before writing in log upd_msg->data.sid= device_0
[91m [1776446203.342489] Client: [0m---after writing in log upd_msg->seq_no = 76
[91m [1776446203.342493] Client: [0m---after writing in log upd_msg->data.sensor_type = 2
[91m [1776446203.342498] Client: [0m---after writing in log upd_msg->reliable = 1
[91m [1776446203.902439] BSON Message: [0mInside sensor type parsing.
[91m [1776446203.902460] BSON Message: [0mInside sensor type parsing end.
[91m [1776446203.902476] BSON Message: [0mInside sid parsing
[91m [1776446203.902482] BSON Message: [0mInside temp1 parsing.
[91m [1776446203.902488] Client: [0m---before writing in log upd_msg->seq_no= 179
[91m [1776446203.902493] Client: [0m---before writing in log upd_msg->type= 4
[91m [1776446203.902498] Client: [0m---before writing in log upd_msg->frag_no= 0
[91m [1776446203.902503] Client: [0m---before writing in log upd_msg->reliable= 1
[91m [1776446203.902508] Client: [0m---before writing in log upd_msg->data.sensor_type= 1
[91m [1776446203.902513] Client: [0m---before writing in log upd_msg->data.sid= temp_1
[91m [1776446203.902519] Client: [0m---after writing in log upd_msg->seq_no = 179
[91m [1776446203.902524] Client: [0m---after writing in log upd_msg->data.sensor_type = 1
[91m [1776446203.902529] Client: [0m---after writing in log upd_msg->reliable = 1
[91m [1776446204.903516] BSON Message: [0mInside sensor type parsing.
[91m [1776446204.903563] BSON Message: [0mInside sensor type parsing end.
[91m [1776446204.903599] BSON Message: [0mInside sid parsing
[91m [1776446204.903606] BSON Message: [0mInside temp1 parsing.
[91m [1776446204.903638] Client: [0m---before writing in log upd_msg->seq_no= 180
[91m [1776446204.903651] Client: [0m---before writing in log upd_msg->type= 4
[91m [1776446204.903659] Client: [0m---before writing in log upd_msg->frag_no= 0
[91m [1776446204.903666] Client: [0m---before writing in log upd_msg->reliable= 1
[91m [1776446204.903673] Client: [0m---before writing in log upd_msg->data.sensor_type= 1
[91m [1776446204.903680] Client: [0m---before writing in log upd_msg->data.sid= temp_1
[91m [1776446204.903700] Client: [0m---after writing in log upd_msg->seq_no = 180
[91m [1776446204.903704] Client: [0m---after writing in log upd_msg->data.sensor_type = 1
[91m [1776446204.903708] Client: [0m---after writing in log upd_msg->reliable = 1
[91m [1776446205.902630] BSON Message: [0mInside sensor type parsing.
[91m [1776446205.902641] BSON Message: [0mInside sensor type parsing end.
[91m [1776446205.902647] BSON Message: [0mInside sid parsing
[91m [1776446205.902652] BSON Message: [0mInside temp1 parsing.
[91m [1776446205.902658] Client: [0m---before writing in log upd_msg->seq_no= 181
[91m [1776446205.902663] Client: [0m---before writing in log upd_msg->type= 4
[91m [1776446205.902669] Client: [0m---before writing in log upd_msg->frag_no= 0
[91m [1776446205.902675] Client: [0m---before writing in log upd_msg->reliable= 1
[91m [1776446205.902681] Client: [0m---before writing in log upd_msg->data.sensor_type= 1
[91m [1776446205.902685] Client: [0m---before writing in log upd_msg->data.sid= temp_1
[91m [1776446205.902691] Client: [0m---after writing in log upd_msg->seq_no = 181
[91m [1776446205.902696] Client: [0m---after writing in log upd_msg->data.sensor_type = 1
[91m [1776446205.902701] Client: [0m---after writing in log upd_msg->reliable = 1
[91m [1776446205.906750] BSON Message: [0mInside sensor type parsing.
[91m [1776446205.906765] BSON Message: [0mInside sensor type parsing end.
[91m [1776446205.906770] BSON Message: [0mInside sid parsing
[91m [1776446205.906776] Client: [0m---before writing in log upd_msg->seq_no= 77
[91m [1776446205.906781] Client: [0m---before writing in log upd_msg->type= 4
[91m [1776446205.906787] Client: [0m---before writing in log upd_msg->frag_no= 0
[91m [1776446205.906792] Client: [0m---before writing in log upd_msg->reliable= 1
[91m [1776446205.906796] Client: [0m---before writing in log upd_msg->data.sensor_type= 2
[91m [1776446205.906799] Client: [0m---before writing in log upd_msg->data.sid= device_0
[91m [1776446205.906805] Client: [0m---after writing in log upd_msg->seq_no = 77
[91m [1776446205.906810] Client: [0m---after writing in log upd_msg->data.sensor_type = 2
[91m [1776446205.906814] Client: [0m---after writing in log upd_msg->reliable = 1
[91m [1776446206.902921] BSON Message: [0mInside sensor type parsing.
[91m [1776446206.902932] BSON Message: [0mInside sensor type parsing end.
[91m [1776446206.902937] BSON Message: [0mInside sid parsing
[91m [1776446206.902943] BSON Message: [0mInside temp1 parsing.
[91m [1776446206.902949] Client: [0m---before writing in log upd_msg->seq_no= 182
[91m [1776446206.902954] Client: [0m---before writing in log upd_msg->type= 4
[91m [1776446206.902959] Client: [0m---before writing in log upd_msg->frag_no= 0
[91m [1776446206.902964] Client: [0m---before writing in log upd_msg->reliable= 1
[91m [1776446206.902970] Client: [0m---before writing in log upd_msg->data.sensor_type= 1
[91m [1776446206.902974] Client: [0m---before writing in log upd_msg->data.sid= temp_1
[91m [1776446206.902981] Client: [0m---after writing in log upd_msg->seq_no = 182
[91m [1776446206.902987] Client: [0m---after writing in log upd_msg->data.sensor_type = 1
[91m [1776446206.902993] Client: [0m---after writing in log upd_msg->reliable = 1
[91m [1776446207.671149] BSON Message: [0mInside sensor type parsing.
[91m [1776446207.671162] BSON Message: [0mInside sensor type parsing end.
[91m [1776446207.671167] BSON Message: [0mInside sid parsing
[91m [1776446207.671172] BSON Message: [0mInside gps1 parsing.
[91m [1776446207.671177] Client: [0m---before writing in log upd_msg->seq_no= 17
[91m [1776446207.671182] Client: [0m---before writing in log upd_msg->type= 4
[91m [1776446207.671186] Client: [0m---before writing in log upd_msg->frag_no= 0
[91m [1776446207.671190] Client: [0m---before writing in log upd_msg->reliable= 1
[91m [1776446207.671195] Client: [0m---before writing in log upd_msg->data.sensor_type= 3
[91m [1776446207.671199] Client: [0m---before writing in log upd_msg->data.sid= gps_2
[91m [1776446207.671211] Client: [0m---after writing in log upd_msg->seq_no = 17
[91m [1776446207.671215] Client: [0m---after writing in log upd_msg->data.sensor_type = 3
[91m [1776446207.671219] Client: [0m---after writing in log upd_msg->reliable = 1
[91m [1776446207.903225] BSON Message: [0mInside sensor type parsing.
[91m [1776446207.903238] BSON Message: [0mInside sensor type parsing end.
[91m [1776446207.903244] BSON Message: [0mInside sid parsing
[91m [1776446207.903249] BSON Message: [0mInside temp1 parsing.
[91m [1776446207.903255] Client: [0m---before writing in log upd_msg->seq_no= 183
[91m [1776446207.903259] Client: [0m---before writing in log upd_msg->type= 4
[91m [1776446207.903264] Client: [0m---before writing in log upd_msg->frag_no= 0
[91m [1776446207.903270] Client: [0m---before writing in log upd_msg->reliable= 1
[91m [1776446207.903275] Client: [0m---before writing in log upd_msg->data.sensor_type= 1
[91m [1776446207.903279] Client: [0m---before writing in log upd_msg->data.sid= temp_1
[91m [1776446207.903285] Client: [0m---after writing in log upd_msg->seq_no = 183
[91m [1776446207.903289] Client: [0m---after writing in log upd_msg->data.sensor_type = 1
[91m [1776446207.903294] Client: [0m---after writing in log upd_msg->reliable = 1
[91m [1776446208.903566] BSON Message: [0mInside sensor type parsing.
[91m [1776446208.903576] BSON Message: [0mInside sensor type parsing end.
[91m [1776446208.903582] BSON Message: [0mInside sid parsing
[91m [1776446208.903588] BSON Message: [0mInside temp1 parsing.
[91m [1776446208.903594] Client: [0m---before writing in log upd_msg->seq_no= 184
[91m [1776446208.903599] Client: [0m---before writing in log upd_msg->type= 4
[91m [1776446208.903604] Client: [0m---before writing in log upd_msg->frag_no= 0
[91m [1776446208.903609] Client: [0m---before writing in log upd_msg->reliable= 1
[91m [1776446208.903614] Client: [0m---before writing in log upd_msg->data.sensor_type= 1
[91m [1776446208.903619] Client: [0m---before writing in log upd_msg->data.sid= temp_1
[91m [1776446208.903626] Client: [0m---after writing in log upd_msg->seq_no = 184
[91m [1776446208.903632] Client: [0m---after writing in log upd_msg->data.sensor_type = 1
[91m [1776446208.903638] Client: [0m---after writing in log upd_msg->reliable = 1
[91m [1776446209.903689] BSON Message: [0mInside sensor type parsing.
[91m [1776446209.903701] BSON Message: [0mInside sensor type parsing end.
[91m [1776446209.903707] BSON Message: [0mInside sid parsing
[91m [1776446209.903712] BSON Message: [0mInside temp1 parsing.
[91m [1776446209.903717] Client: [0m---before writing in log upd_msg->seq_no= 185
[91m [1776446209.903722] Client: [0m---before writing in log upd_msg->type= 4
[91m [1776446209.903726] Client: [0m---before writing in log upd_msg->frag_no= 0
[91m [1776446209.903730] Client: [0m---before writing in log upd_msg->reliable= 1
[91m [1776446209.903735] Client: [0m---before writing in log upd_msg->data.sensor_type= 1
[91m [1776446209.903739] Client: [0m---before writing in log upd_msg->data.sid= temp_1
[91m [1776446209.903745] Client: [0m---after writing in log upd_msg->seq_no = 185
[91m [1776446209.903749] Client: [0m---after writing in log upd_msg->data.sensor_type = 1
[91m [1776446209.903753] Client: [0m---after writing in log upd_msg->reliable = 1
[91m [1776446210.800465] BSON Message: [0mInside sensor type parsing.
[91m [1776446210.800479] BSON Message: [0mInside sensor type parsing end.
[91m [1776446210.800485] BSON Message: [0mInside sid parsing
[91m [1776446210.800494] Client: [0m---before writing in log upd_msg->seq_no= 78
[91m [1776446210.800500] Client: [0m---before writing in log upd_msg->type= 4
[91m [1776446210.800505] Client: [0m---before writing in log upd_msg->frag_no= 0
[91m [1776446210.800511] Client: [0m---before writing in log upd_msg->reliable= 1
[91m [1776446210.800517] Client: [0m---before writing in log upd_msg->data.sensor_type= 2
[91m [1776446210.800528] Client: [0m---before writing in log upd_msg->data.sid= device_0
[91m [1776446210.800535] Client: [0m---after writing in log upd_msg->seq_no = 78
[91m [1776446210.800541] Client: [0m---after writing in log upd_msg->data.sensor_type = 2
[91m [1776446210.800547] Client: [0m---after writing in log upd_msg->reliable = 1
[91m [1776446210.903989] BSON Message: [0mInside sensor type parsing.
[91m [1776446210.904000] BSON Message: [0mInside sensor type parsing end.
[91m [1776446210.904004] BSON Message: [0mInside sid parsing
[91m [1776446210.904009] BSON Message: [0mInside temp1 parsing.
[91m [1776446210.904014] Client: [0m---before writing in log upd_msg->seq_no= 186
[91m [1776446210.904019] Client: [0m---before writing in log upd_msg->type= 4
[91m [1776446210.904024] Client: [0m---before writing in log upd_msg->frag_no= 0
[91m [1776446210.904027] Client: [0m---before writing in log upd_msg->reliable= 1
[91m [1776446210.904030] Client: [0m---before writing in log upd_msg->data.sensor_type= 1
[91m [1776446210.904034] Client: [0m---before writing in log upd_msg->data.sid= temp_1
[91m [1776446210.904038] Client: [0m---after writing in log upd_msg->seq_no = 186
[91m [1776446210.904041] Client: [0m---after writing in log upd_msg->data.sensor_type = 1
[91m [1776446210.904044] Client: [0m---after writing in log upd_msg->reliable = 1
[91m [1776446211.394150] BSON Message: [0mInside sensor type parsing.
[91m [1776446211.394160] BSON Message: [0mInside sensor type parsing end.
[91m [1776446211.394165] BSON Message: [0mInside sid parsing
[91m [1776446211.394170] Client: [0m---before writing in log upd_msg->seq_no= 79
[91m [1776446211.394174] Client: [0m---before writing in log upd_msg->type= 4
[91m [1776446211.394178] Client: [0m---before writing in log upd_msg->frag_no= 0
[91m [1776446211.394182] Client: [0m---before writing in log upd_msg->reliable= 1
[91m [1776446211.394186] Client: [0m---before writing in log upd_msg->data.sensor_type= 2
[91m [1776446211.394190] Client: [0m---before writing in log upd_msg->data.sid= device_0
[91m [1776446211.394194] Client: [0m---after writing in log upd_msg->seq_no = 79
[91m [1776446211.394198] Client: [0m---after writing in log upd_msg->data.sensor_type = 2
[91m [1776446211.394202] Client: [0m---after writing in log upd_msg->reliable = 1
[91m [1776446211.904206] BSON Message: [0mInside sensor type parsing.
[91m [1776446211.904215] BSON Message: [0mInside sensor type parsing end.
[91m [1776446211.904220] BSON Message: [0mInside sid parsing
[91m [1776446211.904225] BSON Message: [0mInside temp1 parsing.
[91m [1776446211.904230] Client: [0m---before writing in log upd_msg->seq_no= 187
[91m [1776446211.904236] Client: [0m---before writing in log upd_msg->type= 4
[91m [1776446211.904241] Client: [0m---before writing in log upd_msg->frag_no= 0
[91m [1776446211.904245] Client: [0m---before writing in log upd_msg->reliable= 1
[91m [1776446211.904249] Client: [0m---before writing in log upd_msg->data.sensor_type= 1
[91m [1776446211.904254] Client: [0m---before writing in log upd_msg->data.sid= temp_1
[91m [1776446211.904259] Client: [0m---after writing in log upd_msg->seq_no = 187
[91m [1776446211.904263] Client: [0m---after writing in log upd_msg->data.sensor_type = 1
[91m [1776446211.904267] Client: [0m---after writing in log upd_msg->reliable = 1
[91m [1776446212.904550] BSON Message: [0mInside sensor type parsing.
[91m [1776446212.904558] BSON Message: [0mInside sensor type parsing end.
[91m [1776446212.904563] BSON Message: [0mInside sid parsing
[91m [1776446212.904568] BSON Message: [0mInside temp1 parsing.
[91m [1776446212.904574] Client: [0m---before writing in log upd_msg->seq_no= 188
[91m [1776446212.904578] Client: [0m---before writing in log upd_msg->type= 4
[91m [1776446212.904581] Client: [0m---before writing in log upd_msg->frag_no= 0
[91m [1776446212.904585] Client: [0m---before writing in log upd_msg->reliable= 1
[91m [1776446212.904591] Client: [0m---before writing in log upd_msg->data.sensor_type= 1
[91m [1776446212.904599] Client: [0m---before writing in log upd_msg->data.sid= temp_1
[91m [1776446212.904605] Client: [0m---after writing in log upd_msg->seq_no = 188
[91m [1776446212.904609] Client: [0m---after writing in log upd_msg->data.sensor_type = 1
[91m [1776446212.904613] Client: [0m---after writing in log upd_msg->reliable = 1
[91m [1776446213.120311] BSON Message: [0mInside sensor type parsing.
[91m [1776446213.120321] BSON Message: [0mInside sensor type parsing end.
[91m [1776446213.120326] BSON Message: [0mInside sid parsing
[91m [1776446213.120333] Client: [0m---before writing in log upd_msg->seq_no= 80
[91m [1776446213.120337] Client: [0m---before writing in log upd_msg->type= 4
[91m [1776446213.120342] Client: [0m---before writing in log upd_msg->frag_no= 0
[91m [1776446213.120346] Client: [0m---before writing in log upd_msg->reliable= 1
[91m [1776446213.120351] Client: [0m---before writing in log upd_msg->data.sensor_type= 2
[91m [1776446213.120354] Client: [0m---before writing in log upd_msg->data.sid= device_0
[91m [1776446213.120359] Client: [0m---after writing in log upd_msg->seq_no = 80
[91m [1776446213.120364] Client: [0m---after writing in log upd_msg->data.sensor_type = 2
[91m [1776446213.120368] Client: [0m---after writing in log upd_msg->reliable = 1
[91m [1776446213.904797] BSON Message: [0mInside sensor type parsing.
[91m [1776446213.904813] BSON Message: [0mInside sensor type parsing end.
[91m [1776446213.904821] BSON Message: [0mInside sid parsing
[91m [1776446213.904829] BSON Message: [0mInside temp1 parsing.
[91m [1776446213.904840] Client: [0m---before writing in log upd_msg->seq_no= 189
[91m [1776446213.904847] Client: [0m---before writing in log upd_msg->type= 4
[91m [1776446213.904851] Client: [0m---before writing in log upd_msg->frag_no= 0
[91m [1776446213.904855] Client: [0m---before writing in log upd_msg->reliable= 1
[91m [1776446213.904859] Client: [0m---before writing in log upd_msg->data.sensor_type= 1
[91m [1776446213.904863] Client: [0m---before writing in log upd_msg->data.sid= temp_1
[91m [1776446213.904868] Client: [0m---after writing in log upd_msg->seq_no = 189
[91m [1776446213.904873] Client: [0m---after writing in log upd_msg->data.sensor_type = 1
[91m [1776446213.904878] Client: [0m---after writing in log upd_msg->reliable = 1
[91m [1776446214.905133] BSON Message: [0mInside sensor type parsing.
[91m [1776446214.905158] BSON Message: [0mInside sensor type parsing end.
[91m [1776446214.905162] BSON Message: [0mInside sid parsing
[91m [1776446214.905167] BSON Message: [0mInside temp1 parsing.
[91m [1776446214.905173] Client: [0m---before writing in log upd_msg->seq_no= 190
[91m [1776446214.905178] Client: [0m---before writing in log upd_msg->type= 4
[91m [1776446214.905181] Client: [0m---before writing in log upd_msg->frag_no= 0
[91m [1776446214.905185] Client: [0m---before writing in log upd_msg->reliable= 1
[91m [1776446214.905189] Client: [0m---before writing in log upd_msg->data.sensor_type= 1
[91m [1776446214.905193] Client: [0m---before writing in log upd_msg->data.sid= temp_1
[91m [1776446214.905197] Client: [0m---after writing in log upd_msg->seq_no = 190
[91m [1776446214.905201] Client: [0m---after writing in log upd_msg->data.sensor_type = 1
[91m [1776446214.905205] Client: [0m---after writing in log upd_msg->reliable = 1
[91m [1776446215.358067] BSON Message: [0mInside sensor type parsing.
[91m [1776446215.358078] BSON Message: [0mInside sensor type parsing end.
[91m [1776446215.358087] BSON Message: [0mInside sid parsing
[91m [1776446215.358092] BSON Message: [0mInside gps1 parsing.
[91m [1776446215.358097] Client: [0m---before writing in log upd_msg->seq_no= 18
[91m [1776446215.358102] Client: [0m---before writing in log upd_msg->type= 4
[91m [1776446215.358106] Client: [0m---before writing in log upd_msg->frag_no= 0
[91m [1776446215.358110] Client: [0m---before writing in log upd_msg->reliable= 1
[91m [1776446215.358115] Client: [0m---before writing in log upd_msg->data.sensor_type= 3
[91m [1776446215.358124] Client: [0m---before writing in log upd_msg->data.sid= gps_2
[91m [1776446215.358130] Client: [0m---after writing in log upd_msg->seq_no = 18
[91m [1776446215.358134] Client: [0m---after writing in log upd_msg->data.sensor_type = 3
[91m [1776446215.358139] Client: [0m---after writing in log upd_msg->reliable = 1
[91m [1776446215.905267] BSON Message: [0mInside sensor type parsing.
[91m [1776446215.905295] BSON Message: [0mInside sensor type parsing end.
[91m [1776446215.905300] BSON Message: [0mInside sid parsing
[91m [1776446215.905305] BSON Message: [0mInside temp1 parsing.
[91m [1776446215.905310] Client: [0m---before writing in log upd_msg->seq_no= 191
[91m [1776446215.905314] Client: [0m---before writing in log upd_msg->type= 4
[91m [1776446215.905318] Client: [0m---before writing in log upd_msg->frag_no= 0
[91m [1776446215.905321] Client: [0m---before writing in log upd_msg->reliable= 1
[91m [1776446215.905325] Client: [0m---before writing in log upd_msg->data.sensor_type= 1
[91m [1776446215.905329] Client: [0m---before writing in log upd_msg->data.sid= temp_1
[91m [1776446215.905334] Client: [0m---after writing in log upd_msg->seq_no = 191
[91m [1776446215.905338] Client: [0m---after writing in log upd_msg->data.sensor_type = 1
[91m [1776446215.905342] Client: [0m---after writing in log upd_msg->reliable = 1
[91m [1776446216.905638] BSON Message: [0mInside sensor type parsing.
[91m [1776446216.905647] BSON Message: [0mInside sensor type parsing end.
[91m [1776446216.905651] BSON Message: [0mInside sid parsing
[91m [1776446216.905655] BSON Message: [0mInside temp1 parsing.
[91m [1776446216.905661] Client: [0m---before writing in log upd_msg->seq_no= 192
[91m [1776446216.905665] Client: [0m---before writing in log upd_msg->type= 4
[91m [1776446216.905668] Client: [0m---before writing in log upd_msg->frag_no= 0
[91m [1776446216.905671] Client: [0m---before writing in log upd_msg->reliable= 1
[91m [1776446216.905674] Client: [0m---before writing in log upd_msg->data.sensor_type= 1
[91m [1776446216.905678] Client: [0m---before writing in log upd_msg->data.sid= temp_1
[91m [1776446216.905682] Client: [0m---after writing in log upd_msg->seq_no = 192
[91m [1776446216.905687] Client: [0m---after writing in log upd_msg->data.sensor_type = 1
[91m [1776446216.905691] Client: [0m---after writing in log upd_msg->reliable = 1
[91m [1776446217.906018] BSON Message: [0mInside sensor type parsing.
[91m [1776446217.906029] BSON Message: [0mInside sensor type parsing end.
[91m [1776446217.906034] BSON Message: [0mInside sid parsing
[91m [1776446217.906039] BSON Message: [0mInside temp1 parsing.
[91m [1776446217.906045] Client: [0m---before writing in log upd_msg->seq_no= 193
[91m [1776446217.906068] Client: [0m---before writing in log upd_msg->type= 4
[91m [1776446217.906074] Client: [0m---before writing in log upd_msg->frag_no= 0
[91m [1776446217.906079] Client: [0m---before writing in log upd_msg->reliable= 1
[91m [1776446217.906085] Client: [0m---before writing in log upd_msg->data.sensor_type= 1
[91m [1776446217.906090] Client: [0m---before writing in log upd_msg->data.sid= temp_1
[91m [1776446217.906096] Client: [0m---after writing in log upd_msg->seq_no = 193
[91m [1776446217.906102] Client: [0m---after writing in log upd_msg->data.sensor_type = 1
[91m [1776446217.906107] Client: [0m---after writing in log upd_msg->reliable = 1
[91m [1776446218.60] BSON Message: [0mInside sensor type parsing.
[91m [1776446218.72] BSON Message: [0mInside sensor type parsing end.
[91m [1776446218.77] BSON Message: [0mInside sid parsing
[91m [1776446218.82] Client: [0m---before writing in log upd_msg->seq_no= 81
[91m [1776446218.87] Client: [0m---before writing in log upd_msg->type= 4
[91m [1776446218.90] Client: [0m---before writing in log upd_msg->frag_no= 0
[91m [1776446218.94] Client: [0m---before writing in log upd_msg->reliable= 1
[91m [1776446218.99] Client: [0m---before writing in log upd_msg->data.sensor_type= 2
[91m [1776446218.107] Client: [0m---before writing in log upd_msg->data.sid= device_0
[91m [1776446218.112] Client: [0m---after writing in log upd_msg->seq_no = 81
[91m [1776446218.116] Client: [0m---after writing in log upd_msg->data.sensor_type = 2
[91m [1776446218.120] Client: [0m---after writing in log upd_msg->reliable = 1
[91m [1776446218.906459] BSON Message: [0mInside sensor type parsing.
[91m [1776446218.906475] BSON Message: [0mInside sensor type parsing end.
[91m [1776446218.906481] BSON Message: [0mInside sid parsing
[91m [1776446218.906487] BSON Message: [0mInside temp1 parsing.
[91m [1776446218.906494] Client: [0m---before writing in log upd_msg->seq_no= 194
[91m [1776446218.906501] Client: [0m---before writing in log upd_msg->type= 4
[91m [1776446218.906506] Client: [0m---before writing in log upd_msg->frag_no= 0
[91m [1776446218.906511] Client: [0m---before writing in log upd_msg->reliable= 1
[91m [1776446218.906516] Client: [0m---before writing in log upd_msg->data.sensor_type= 1
[91m [1776446218.906522] Client: [0m---before writing in log upd_msg->data.sid= temp_1
[91m [1776446218.906529] Client: [0m---after writing in log upd_msg->seq_no = 194
[91m [1776446218.906535] Client: [0m---after writing in log upd_msg->data.sensor_type = 1
[91m [1776446218.906540] Client: [0m---after writing in log upd_msg->reliable = 1
[91m [1776446219.906551] BSON Message: [0mInside sensor type parsing.
[91m [1776446219.906565] BSON Message: [0mInside sensor type parsing end.
[91m [1776446219.906571] BSON Message: [0mInside sid parsing
[91m [1776446219.906577] BSON Message: [0mInside temp1 parsing.
 server.
Message type is 4
---------Update message arrived------------ 1
Got a message from the server.
Message type is 4
---------Update message arrived------------ 1
Got a message from the server.
Message type is 4
---------Update message arrived------------ 1
Got a message from the server.
Message type is 4
---------Update message arrived------------ 1
Got a message from the server.
Message type is 4
---------Update message arrived------------ 1
Got a message from the server.
Message type is 4
---------Update message arrived------------ 1
Got a message from the server.
Message type is 4
---------Update message arrived------------ 1
Got a message from the server.
Message type is 4
---------Update message arrived------------ 1
Got a message from the server.
Message type is 4
---------Update message arrived------------ 1
Got a message from the server.
Message type is 4
---------Update message arrived------------ 1
Got a message from the server.
Message type is 4
---------Update message arrived------------ 1
Got a message from the server.
Message type is 4
---------Update message arrived------------ 1
Got a message from the server.
Message type is 4
---------Update message arrived------------ 1
Got a message from the server.
Message type is 4
---------Update message arrived------------ 1
Got a message from the server.
Message type is 4
---------Update message arrived------------ 1
Got a message from the server.
Message type is 4
---------Update message arrived------------ 1
Got a message from the server.
Message type is 4
---------Update message arrived------------ 1
Got a message from the server.
Message type is 4
---------Update message arrived------------ 1
Got a message from the server.
Message type is 4
---------Update message arrived------------ 1
Got a message from the server.
Message type is 4
---------Update message arrived------------ 1
Got a message from the server.
Message type is 4
---------Update message arrived------------ 1
Got a message from the server.
Message type is 4
---------Update message arrived------------ 1
Got a message from the server.
Message type is 4
---------Update message arrived------------ 1
Got a message from the server.
Message type is 4
---------Update message arrived------------ 1
Got a message from the server.
Message type is 4
---------Update message arrived------------ 1
Got a message from the server.
Message type is 4
---------Update message arrived------------ 1
Got a message from the server.
Message type is 4
---------Update message arrived------------ 1
Got a message from the server.
Message type is 4
---------Update message arrived------------ 1
Got a message from the server.
Message type is 4
---------Update message arrived------------ 1
Got a message from the server.
Message type is 4
---------Update message arrived------------ 1
Got a message from the server.
Message type is 4
---------Update message arrived------------ 1
Got a message from the server.
Message type is 4
---------Update message arrived------------ 1
Got a message from the server.
Message type is 4
---------Update message arrived------------ 1
Got a message from the server.
Message type is 4
---------Update message arrived------------ 1
Got a message from the server.
Message type is 4
---------Update message arrived------------ 1
Got a message from the server.
Message type is 4
---------Update message arrived------------ 1
Got a message from the server.
Message type is 4
---------Update message arrived------------ 1
Got a message from the server.
Message type is 4
---------Update message arrived------------ 1
Got a message from the server.
Message type is 4
---------Update message arrived------------ 1
Got a message from the server.
Message type is 4
---------Update message arrived------------ 1
Got a message from the server.
Message type is 4
---------Update message arrived------------ 1
Got a message from the server.
Message type is 4
---------Update message arrived------------ 1
Got a message from the server.
Message type is 4
---------Update message arrived------------ 1
Got a message from the server.
Me[91m [1776446219.906598] Client: [0m---before writing in log upd_msg->seq_no= 195
[91m [1776446219.906604] Client: [0m---before writing in log upd_msg->type= 4
[91m [1776446219.906610] Client: [0m---before writing in log upd_msg->frag_no= 0
[91m [1776446219.906615] Client: [0m---before writing in log upd_msg->reliable= 1
[91m [1776446219.906620] Client: [0m---before writing in log upd_msg->data.sensor_type= 1
[91m [1776446219.906626] Client: [0m---before writing in log upd_msg->data.sid= temp_1
[91m [1776446219.906633] Client: [0m---after writing in log upd_msg->seq_no = 195
[91m [1776446219.906638] Client: [0m---after writing in log upd_msg->data.sensor_type = 1
[91m [1776446219.906644] Client: [0m---after writing in log upd_msg->reliable = 1
[91m [1776446219.943046] BSON Message: [0mInside sensor type parsing.
[91m [1776446219.943057] BSON Message: [0mInside sensor type parsing end.
[91m [1776446219.943062] BSON Message: [0mInside sid parsing
[91m [1776446219.943068] Client: [0m---before writing in log upd_msg->seq_no= 82
[91m [1776446219.943073] Client: [0m---before writing in log upd_msg->type= 4
[91m [1776446219.943078] Client: [0m---before writing in log upd_msg->frag_no= 0
[91m [1776446219.943083] Client: [0m---before writing in log upd_msg->reliable= 1
[91m [1776446219.943087] Client: [0m---before writing in log upd_msg->data.sensor_type= 2
[91m [1776446219.943092] Client: [0m---before writing in log upd_msg->data.sid= device_0
[91m [1776446219.943098] Client: [0m---after writing in log upd_msg->seq_no = 82
[91m [1776446219.943102] Client: [0m---after writing in log upd_msg->data.sensor_type = 2
[91m [1776446219.943107] Client: [0m---after writing in log upd_msg->reliable = 1
[91m [1776446220.907167] BSON Message: [0mInside sensor type parsing.
[91m [1776446220.907186] BSON Message: [0mInside sensor type parsing end.
[91m [1776446220.907192] BSON Message: [0mInside sid parsing
[91m [1776446220.907199] BSON Message: [0mInside temp1 parsing.
[91m [1776446220.907205] Client: [0m---before writing in log upd_msg->seq_no= 196
[91m [1776446220.907211] Client: [0m---before writing in log upd_msg->type= 4
[91m [1776446220.907215] Client: [0m---before writing in log upd_msg->frag_no= 0
[91m [1776446220.907220] Client: [0m---before writing in log upd_msg->reliable= 1
[91m [1776446220.907232] Client: [0m---before writing in log upd_msg->data.sensor_type= 1
[91m [1776446220.907238] Client: [0m---before writing in log upd_msg->data.sid= temp_1
[91m [1776446220.907246] Client: [0m---after writing in log upd_msg->seq_no = 196
[91m [1776446220.907250] Client: [0m---after writing in log upd_msg->data.sensor_type = 1
[91m [1776446220.907256] Client: [0m---after writing in log upd_msg->reliable = 1
[91m [1776446221.907148] BSON Message: [0mInside sensor type parsing.
[91m [1776446221.907172] BSON Message: [0mInside sensor type parsing end.
[91m [1776446221.907177] BSON Message: [0mInside sid parsing
[91m [1776446221.907182] BSON Message: [0mInside temp1 parsing.
[91m [1776446221.907187] Client: [0m---before writing in log upd_msg->seq_no= 197
[91m [1776446221.907191] Client: [0m---before writing in log upd_msg->type= 4
[91m [1776446221.907195] Client: [0m---before writing in log upd_msg->frag_no= 0
[91m [1776446221.907199] Client: [0m---before writing in log upd_msg->reliable= 1
[91m [1776446221.907204] Client: [0m---before writing in log upd_msg->data.sensor_type= 1
[91m [1776446221.907210] Client: [0m---before writing in log upd_msg->data.sid= temp_1
[91m [1776446221.907217] Client: [0m---after writing in log upd_msg->seq_no = 197
[91m [1776446221.907222] Client: [0m---after writing in log upd_msg->data.sensor_type = 1
[91m [1776446221.907228] Client: [0m---after writing in log upd_msg->reliable = 1
[91m [1776446222.907401] BSON Message: [0mInside sensor type parsing.
[91m [1776446222.907412] BSON Message: [0mInside sensor type parsing end.
[91m [1776446222.907417] BSON Message: [0mInside sid parsing
[91m [1776446222.907422] BSON Message: [0mInside temp1 parsing.
[91m [1776446222.907427] Client: [0m---before writing in log upd_msg->seq_no= 198
[91m [1776446222.907431] Client: [0m---before writing in log upd_msg->type= 4
[91m [1776446222.907435] Client: [0m---before writing in log upd_msg->frag_no= 0
[91m [1776446222.907439] Client: [0m---before writing in log upd_msg->reliable= 1
[91m [1776446222.907444] Client: [0m---before writing in log upd_msg->data.sensor_type= 1
[91m [1776446222.907449] Client: [0m---before writing in log upd_msg->data.sid= temp_1
[91m [1776446222.907454] Client: [0m---after writing in log upd_msg->seq_no = 198
[91m [1776446222.907458] Client: [0m---after writing in log upd_msg->data.sensor_type = 1
[91m [1776446222.907463] Client: [0m---after writing in log upd_msg->reliable = 1
[91m [1776446223.908405] BSON Message: [0mInside sensor type parsing.
[91m [1776446223.908418] BSON Message: [0mInside sensor type parsing end.
[91m [1776446223.908422] BSON Message: [0mInside sid parsing
[91m [1776446223.908426] BSON Message: [0mInside temp1 parsing.
[91m [1776446223.908434] Client: [0m---before writing in log upd_msg->seq_no= 199
[91m [1776446223.908439] Client: [0m---before writing in log upd_msg->type= 4
[91m [1776446223.908443] Client: [0m---before writing in log upd_msg->frag_no= 0
[91m [1776446223.908447] Client: [0m---before writing in log upd_msg->reliable= 1
[91m [1776446223.908451] Client: [0m---before writing in log upd_msg->data.sensor_type= 1
[91m [1776446223.908455] Client: [0m---before writing in log upd_msg->data.sid= temp_1
[91m [1776446223.908461] Client: [0m---after writing in log upd_msg->seq_no = 199
[91m [1776446223.908465] Client: [0m---after writing in log upd_msg->data.sensor_type = 1
[91m [1776446223.908469] Client: [0m---after writing in log upd_msg->reliable = 1
[91m [1776446224.672851] BSON Message: [0mInside sensor type parsing.
[91m [1776446224.672864] BSON Message: [0mInside sensor type parsing end.
[91m [1776446224.672868] BSON Message: [0mInside sid parsing
[91m [1776446224.672873] Client: [0m---before writing in log upd_msg->seq_no= 83
[91m [1776446224.672878] Client: [0m---before writing in log upd_msg->type= 4
[91m [1776446224.672882] Client: [0m---before writing in log upd_msg->frag_no= 0
[91m [1776446224.672886] Client: [0m---before writing in log upd_msg->reliable= 1
[91m [1776446224.672896] Client: [0m---before writing in log upd_msg->data.sensor_type= 2
[91m [1776446224.672900] Client: [0m---before writing in log upd_msg->data.sid= device_0
[91m [1776446224.672904] Client: [0m---after writing in log upd_msg->seq_no = 83
[91m [1776446224.672908] Client: [0m---after writing in log upd_msg->data.sensor_type = 2
[91m [1776446224.672912] Client: [0m---after writing in log upd_msg->reliable = 1
[91m [1776446224.908316] BSON Message: [0mInside sensor type parsing.
[91m [1776446224.908328] BSON Message: [0mInside sensor type parsing end.
[91m [1776446224.908333] BSON Message: [0mInside sid parsing
[91m [1776446224.908339] BSON Message: [0mInside temp1 parsing.
[91m [1776446224.908345] Client: [0m---before writing in log upd_msg->seq_no= 200
[91m [1776446224.908349] Client: [0m---before writing in log upd_msg->type= 4
[91m [1776446224.908354] Client: [0m---before writing in log upd_msg->frag_no= 0
[91m [1776446224.908359] Client: [0m---before writing in log upd_msg->reliable= 1
[91m [1776446224.908364] Client: [0m---before writing in log upd_msg->data.sensor_type= 1
[91m [1776446224.908368] Client: [0m---before writing in log upd_msg->data.sid= temp_1
[91m [1776446224.908374] Client: [0m---after writing in log upd_msg->seq_no = 200
[91m [1776446224.908379] Client: [0m---after writing in log upd_msg->data.sensor_type = 1
[91m [1776446224.908384] Client: [0m---after writing in log upd_msg->reliable = 1
[91m [1776446225.908602] BSON Message: [0mInside sensor type parsing.
[91m [1776446225.908611] BSON Message: [0mInside sensor type parsing end.
[91m [1776446225.908616] BSON Message: [0mInside sid parsing
[91m [1776446225.908621] BSON Message: [0mInside temp1 parsing.
[91m [1776446225.908626] Client: [0m---before writing in log upd_msg->seq_no= 201
[91m [1776446225.908629] Client: [0m---before writing in log upd_msg->type= 4
[91m [1776446225.908633] Client: [0m---before writing in log upd_msg->frag_no= 0
[91m [1776446225.908637] Client: [0m---before writing in log upd_msg->reliable= 1
[91m [1776446225.908641] Client: [0m---before writing in log upd_msg->data.sensor_type= 1
[91m [1776446225.908645] Client: [0m---before writing in log upd_msg->data.sid= temp_1
[91m [1776446225.908651] Client: [0m---after writing in log upd_msg->seq_no = 201
[91m [1776446225.908656] Client: [0m---after writing in log upd_msg->data.sensor_type = 1
[91m [1776446225.908660] Client: [0m---after writing in log upd_msg->reliable = 1
[91m [1776446226.648003] BSON Message: [0mInside sensor type parsing.
[91m [1776446226.648014] BSON Message: [0mInside sensor type parsing end.
[91m [1776446226.648020] BSON Message: [0mInside sid parsing
[91m [1776446226.648026] Client: [0m---before writing in log upd_msg->seq_no= 84
[91m [1776446226.648031] Client: [0m---before writing in log upd_msg->type= 4
[91m [1776446226.648036] Client: [0m---before writing in log upd_msg->frag_no= 0
[91m [1776446226.648041] Client: [0m---before writing in log upd_msg->reliable= 1
[91m [1776446226.648045] Client: [0m---before writing in log upd_msg->data.sensor_type= 2
[91m [1776446226.648050] Client: [0m---before writing in log upd_msg->data.sid= device_0
[91m [1776446226.648056] Client: [0m---after writing in log upd_msg->seq_no = 84
[91m [1776446226.648063] Client: [0m---after writing in log upd_msg->data.sensor_type = 2
[91m [1776446226.648069] Client: [0m---after writing in log upd_msg->reliable = 1
[91m [1776446226.908968] BSON Message: [0mInside sensor type parsing.
[91m [1776446226.908982] BSON Message: [0mInside sensor type parsing end.
[91m [1776446226.908989] BSON Message: [0mInside sid parsing
[91m [1776446226.908995] BSON Message: [0mInside temp1 parsing.
[91m [1776446226.909003] Client: [0m---before writing in log upd_msg->seq_no= 202
[91m [1776446226.909008] Client: [0m---before writing in log upd_msg->type= 4
[91m [1776446226.909014] Client: [0m---before writing in log upd_msg->frag_no= 0
[91m [1776446226.909020] Client: [0m---before writing in log upd_msg->reliable= 1
[91m [1776446226.909031] Client: [0m---before writing in log upd_msg->data.sensor_type= 1
[91m [1776446226.909037] Client: [0m---before writing in log upd_msg->data.sid= temp_1
[91m [1776446226.909044] Client: [0m---after writing in log upd_msg->seq_no = 202
[91m [1776446226.909049] Client: [0m---after writing in log upd_msg->data.sensor_type = 1
[91m [1776446226.909054] Client: [0m---after writing in log upd_msg->reliable = 1
[91m [1776446227.635710] BSON Message: [0mInside sensor type parsing.
[91m [1776446227.635722] BSON Message: [0mInside sensor type parsing end.
[91m [1776446227.635727] BSON Message: [0mInside sid parsing
[91m [1776446227.635733] Client: [0m---before writing in log upd_msg->seq_no= 85
[91m [1776446227.635738] Client: [0m---before writing in log upd_msg->type= 4
[91m [1776446227.635743] Client: [0m---before writing in log upd_msg->frag_no= 0
[91m [1776446227.635747] Client: [0m---before writing in log upd_msg->reliable= 1
[91m [1776446227.635752] Client: [0m---before writing in log upd_msg->data.sensor_type= 2
[91m [1776446227.635756] Client: [0m---before writing in log upd_msg->data.sid= device_0
[91m [1776446227.635761] Client: [0m---after writing in log upd_msg->seq_no = 85
[91m [1776446227.635766] Client: [0m---after writing in log upd_msg->data.sensor_type = 2
[91m [1776446227.635771] Client: [0m---after writing in log upd_msg->reliable = 1
[91m [1776446227.754829] BSON Message: [0mInside sensor type parsing.
[91m [1776446227.754843] BSON Message: [0mInside sensor type parsing end.
[91m [1776446227.754850] BSON Message: [0mInside sid parsing
[91m [1776446227.754856] BSON Message: [0mInside gps1 parsing.
[91m [1776446227.754863] Client: [0m---before writing in log upd_msg->seq_no= 19
[91m [1776446227.754869] Client: [0m---before writing in log upd_msg->type= 4
[91m [1776446227.754874] Client: [0m---before writing in log upd_msg->frag_no= 0
[91m [1776446227.754880] Client: [0m---before writing in log upd_msg->reliable= 1
[91m [1776446227.754885] Client: [0m---before writing in log upd_msg->data.sensor_type= 3
[91m [1776446227.754890] Client: [0m---before writing in log upd_msg->data.sid= gps_2
[91m [1776446227.754899] Client: [0m---after writing in log upd_msg->seq_no = 19
[91m [1776446227.754905] Client: [0m---after writing in log upd_msg->data.sensor_type = 3
[91m [1776446227.754911] Client: [0m---after writing in log upd_msg->reliable = 1
[91m [1776446227.909121] BSON Message: [0mInside sensor type parsing.
[91m [1776446227.909129] BSON Message: [0mInside sensor type parsing end.
[91m [1776446227.909145] BSON Message: [0mInside sid parsing
[91m [1776446227.909149] BSON Message: [0mInside temp1 parsing.
[91m [1776446227.909154] Client: [0m---before writing in log upd_msg->seq_no= 203
[91m [1776446227.909158] Client: [0m---before writing in log upd_msg->type= 4
[91m [1776446227.909163] Client: [0m---before writing in log upd_msg->frag_no= 0
[91m [1776446227.909167] Client: [0m---before writing in log upd_msg->reliable= 1
[91m [1776446227.909183] Client: [0m---before writing in log upd_msg->data.sensor_type= 1
[91m [1776446227.909187] Client: [0m---before writing in log upd_msg->data.sid= temp_1
[91m [1776446227.909192] Client: [0m---after writing in log upd_msg->seq_no = 203
[91m [1776446227.909196] Client: [0m---after writing in log upd_msg->data.sensor_type = 1
[91m [1776446227.909200] Client: [0m---after writing in log upd_msg->reliable = 1
[91m [1776446228.332186] BSON Message: [0mInside sensor type parsing.
[91m [1776446228.332204] BSON Message: [0mInside sensor type parsing end.
[91m [1776446228.332209] BSON Message: [0mInside sid parsing
[91m [1776446228.332215] Client: [0m---before writing in log upd_msg->seq_no= 86
[91m [1776446228.332219] Client: [0m---before writing in log upd_msg->type= 4
[91m [1776446228.332224] Client: [0m---before writing in log upd_msg->frag_no= 0
[91m [1776446228.332228] Client: [0m---before writing in log upd_msg->reliable= 1
[91m [1776446228.332240] Client: [0m---before writing in log upd_msg->data.sensor_type= 2
[91m [1776446228.332244] Client: [0m---before writing in log upd_msg->data.sid= device_0
[91m [1776446228.332248] Client: [0m---after writing in log upd_msg->seq_no = 86
[91m [1776446228.332252] Client: [0m---after writing in log upd_msg->data.sensor_type = 2
[91m [1776446228.332271] Client: [0m---after writing in log upd_msg->reliable = 1
[91m [1776446228.909608] BSON Message: [0mInside sensor type parsing.
[91m [1776446228.909622] BSON Message: [0mInside sensor type parsing end.
[91m [1776446228.909629] BSON Message: [0mInside sid parsing
[91m [1776446228.909634] BSON Message: [0mInside temp1 parsing.
[91m [1776446228.909641] Client: [0m---before writing in log upd_msg->seq_no= 204
[91m [1776446228.909646] Client: [0m---before writing in log upd_msg->type= 4
[91m [1776446228.909651] Client: [0m---before writing in log upd_msg->frag_no= 0
[91m [1776446228.909657] Client: [0m---before writing in log upd_msg->reliable= 1
[91m [1776446228.909662] Client: [0m---before writing in log upd_msg->data.sensor_type= 1
[91m [1776446228.909667] Client: [0m---before writing in log upd_msg->data.sid= temp_1
[91m [1776446228.909673] Client: [0m---after writing in log upd_msg->seq_no = 204
[91m [1776446228.909678] Client: [0m---after writing in log upd_msg->data.sensor_type = 1
[91m [1776446228.909683] Client: [0m---after writing in log upd_msg->reliable = 1
[91m [1776446229.913630] BSON Message: [0mInside sensor type parsing.
[91m [1776446229.913642] BSON Message: [0mInside sensor type parsing end.
[91m [1776446229.913648] BSON Message: [0mInside sid parsing
[91m [1776446229.913654] BSON Message: [0mInside temp1 parsing.
[91m [1776446229.913660] Client: [0m---before writing in log upd_msg->seq_no= 205
[91m [1776446229.913666] Client: [0m---before writing in log upd_msg->type= 4
[91m [1776446229.913670] Client: [0m---before writing in log upd_msg->frag_no= 0
[91m [1776446229.913674] Client: [0m---before writing in log upd_msg->reliable= 1
[91m [1776446229.913678] Client: [0m---before writing in log upd_msg->data.sensor_type= 1
[91m [1776446229.913683] Client: [0m---before writing in log upd_msg->data.sid= temp_1
[91m [1776446229.913687] Client: [0m---after writing in log upd_msg->seq_no = 205
[91m [1776446229.913690] Client: [0m---after writing in log upd_msg->data.sensor_type = 1
[91m [1776446229.913693] Client: [0m---after writing in log upd_msg->reliable = 1
[91m [1776446230.910113] BSON Message: [0mInside sensor type parsing.
[91m [1776446230.910125] BSON Message: [0mInside sensor type parsing end.
[91m [1776446230.910130] BSON Message: [0mInside sid parsing
[91m [1776446230.910135] BSON Message: [0mInside temp1 parsing.
[91m [1776446230.910141] Client: [0m---before writing in log upd_msg->seq_no= 206
[91m [1776446230.910145] Client: [0m---before writing in log upd_msg->type= 4
[91m [1776446230.910150] Client: [0m---before writing in log upd_msg->frag_no= 0
[91m [1776446230.910154] Client: [0m---before writing in log upd_msg->reliable= 1
[91m [1776446230.910159] Client: [0m---before writing in log upd_msg->data.sensor_type= 1
[91m [1776446230.910163] Client: [0m---before writing in log upd_msg->data.sid= temp_1
[91m [1776446230.910168] Client: [0m---after writing in log upd_msg->seq_no = 206
[91m [1776446230.910172] Client: [0m---after writing in log upd_msg->data.sensor_type = 1
[91m [1776446230.910177] Client: [0m---after writing in log upd_msg->reliable = 1
[91m [1776446231.514616] BSON Message: [0mInside sensor type parsing.
[91m [1776446231.514627] BSON Message: [0mInside sensor type parsing end.
[91m [1776446231.514632] BSON Message: [0mInside sid parsing
[91m [1776446231.514639] Client: [0m---before writing in log upd_msg->seq_no= 87
[91m [1776446231.514643] Client: [0m---before writing in log upd_msg->type= 4
[91m [1776446231.514648] Client: [0m---before writing in log upd_msg->frag_no= 0
[91m [1776446231.514652] Client: [0m---before writing in log upd_msg->reliable= 1
[91m [1776446231.514662] Client: [0m---before writing in log upd_msg->data.sensor_type= 2
[91m [1776446231.514666] Client: [0m---before writing in log upd_msg->data.sid= device_0
[91m [1776446231.514673] Client: [0m---after writing in log upd_msg->seq_no = 87
[91m [1776446231.514678] Client: [0m---after writing in log upd_msg->data.sensor_type = 2
[91m [1776446231.514682] Client: [0m---after writing in log upd_msg->reliable = 1
[91m [1776446231.635271] BSON Message: [0mInside sensor type parsing.
[91m [1776446231.635288] BSON Message: [0mInside sensor type parsing end.
[91m [1776446231.635294] BSON Message: [0mInside sid parsing
[91m [1776446231.635299] Client: [0m---before writing in log upd_msg->seq_no= 88
[91m [1776446231.635304] Client: [0m---before writing in log upd_msg->type= 4
[91m [1776446231.635308] Client: [0m---before writing in log upd_msg->frag_no= 0
[91m [1776446231.635313] Client: [0m---before writing in log upd_msg->reliable= 1
[91m [1776446231.635317] Client: [0m---before writing in log upd_msg->data.sensor_type= 2
[91m [1776446231.635321] Client: [0m---before writing in log upd_msg->data.sid= device_0
[91m [1776446231.635326] Client: [0m---after writing in log upd_msg->seq_no = 88
[91m [1776446231.635330] Client: [0m---after writing in log upd_msg->data.sensor_type = 2
[91m [1776446231.635335] Client: [0m---after writing in log upd_msg->reliable = 1
[91m [1776446231.910828] BSON Message: [0mInside sensor type parsing.
[91m [1776446231.910840] BSON Message: [0mInside sensor type parsing end.
[91m [1776446231.910844] BSON Message: [0mInside sid parsing
[91m [1776446231.910849] BSON Message: [0mInside temp1 parsing.
[91m [1776446231.910854] Client: [0m---before writing in log upd_msg->seq_no= 207
[91m [1776446231.910858] Client: [0m---before writing in log upd_msg->type= 4
[91m [1776446231.910861] Client: [0m---before writing in log upd_msg->frag_no= 0
[91m [1776446231.910865] Client: [0m---before writing in log upd_msg->reliable= 1
[91m [1776446231.910869] Client: [0m---before writing in log upd_msg->data.sensor_type= 1
[91m [1776446231.910873] Client: [0m---before writing in log upd_msg->data.sid= temp_1
[91m [1776446231.910878] Client: [0m---after writing in log upd_msg->seq_no = 207
[91m [1776446231.910881] Client: [0m---after writing in log upd_msg->data.sensor_type = 1
[91m [1776446231.910885] Client: [0m---after writing in log upd_msg->reliable = 1
[91m [1776446232.910842] BSON Message: [0mInside sensor type parsing.
[91m [1776446232.910854] BSON Message: [0mInside sensor type parsing end.
[91m [1776446232.910858] BSON Message: [0mInside sid parsing
[91m [1776446232.910863] BSON Message: [0mInside temp1 parsing.
[91m [1776446232.910868] Client: [0m---before writing in log upd_msg->seq_no= 208
[91m [1776446232.910872] Client: [0m---before writing in log upd_msg->type= 4
[91m [1776446232.910876] Client: [0m---before writing in log upd_msg->frag_no= 0
[91m [1776446232.910879] Client: [0m---before writing in log upd_msg->reliable= 1
[91m [1776446232.910884] Client: [0m---before writing in log upd_msg->data.sensor_type= 1
[91m [1776446232.910888] Client: [0m---before writing in log upd_msg->data.sid= temp_1
[91m [1776446232.910892] Client: [0m---after writing in log upd_msg->seq_no = 208
[91m [1776446232.910897] Client: [0m---after writing in log upd_msg->data.sensor_type = 1
[91m [1776446232.910901] Client: [0m---after writing in log upd_msg->reliable = 1
[91m [1776446233.911227] BSON Message: [0mInside sensor type parsing.
[91m [1776446233.911239] BSON Message: [0mInside sensor type parsing end.
[91m [1776446233.911246] BSON Message: [0mInside sid parsing
[91m [1776446233.911253] BSON Message: [0mInside temp1 parsing.
[91m [1776446233.911260] Client: [0m---before writing in log upd_msg->seq_no= 209
[91m [1776446233.911267] Client: [0m---before writing in log upd_msg->type= 4
[91m [1776446233.911272] Client: [0m---before writing in log upd_msg->frag_no= 0
[91m [1776446233.911283] Client: [0m---before writing in log upd_msg->reliable= 1
[91m [1776446233.911288] Client: [0m---before writing in log upd_msg->data.sensor_type= 1
[91m [1776446233.911293] Client: [0m---before writing in log upd_msg->data.sid= temp_1
[91m [1776446233.911299] Client: [0m---after writing in log upd_msg->seq_no = 209
[91m [1776446233.911304] Client: [0m---after writing in log upd_msg->data.sensor_type = 1
[91m [1776446233.911309] Client: [0m---after writing in log upd_msg->reliable = 1
[91m [1776446234.911481] BSON Message: [0mInside sensor type parsing.
[91m [1776446234.911494] BSON Message: [0mInside sensor type parsing end.
[91m [1776446234.911500] BSON Message: [0mInside sid parsing
[91m [1776446234.911506] BSON Message: [0mInside temp1 parsing.
[91m [1776446234.911514] Client: [0m---before writing in log upd_msg->seq_no= 210
[91m [1776446234.911519] Client: [0m---before writing in log upd_msg->type= 4
[91m [1776446234.911526] Client: [0m---before writing in log upd_msg->frag_no= 0
[91m [1776446234.911532] Client: [0m---before writing in log upd_msg->reliable= 1
[91m [1776446234.911540] Client: [0m---before writing in log upd_msg->data.sensor_type= 1
[91m [1776446234.911546] Client: [0m---before writing in log upd_msg->data.sid= temp_1
[91m [1776446234.911552] Client: [0m---after writing in log upd_msg->seq_no = 210
[91m [1776446234.911557] Client: [0m---after writing in log upd_msg->data.sensor_type = 1
[91m [1776446234.911562] Client: [0m---after writing in log upd_msg->reliable = 1
[91m [1776446235.911661] BSON Message: [0mInside sensor type parsing.
[91m [1776446235.911675] BSON Message: [0mInside sensor type parsing end.
[91m [1776446235.911684] BSON Message: [0mInside sid parsing
[91m [1776446235.911694] BSON Message: [0mInside temp1 parsing.
[91m [1776446235.911702] Client: [0m---before writing in log upd_msg->seq_no= 211
[91m [1776446235.911710] Client: [0m---before writing in log upd_msg->type= 4
[91m [1776446235.911716] Client: [0m---before writing in log upd_msg->frag_no= 0
[91m [1776446235.911722] Client: [0m---before writing in log upd_msg->reliable= 1
[91m [1776446235.911729] Client: [0m---before writing in log upd_msg->data.sensor_type= 1
[91m [1776446235.911735] Client: [0m---before writing in log upd_msg->data.sid= temp_1
[91m [1776446235.911743] Client: [0m---after writing in log upd_msg->seq_no = 211
[91m [1776446235.911748] Client: [0m---after writing in log upd_msg->data.sensor_type = 1
[91m [1776446235.911755] Client: [0m---after writing in log upd_msg->reliable = 1
[91m [1776446236.211022] BSON Message: [0mInside sensor type parsing.
[91m [1776446236.211038] BSON Message: [0mInside sensor type parsing end.
[91m [1776446236.211045] BSON Message: [0mInside sid parsing
[91m [1776446236.211053] Client: [0m---before writing in log upd_msg->seq_no= 89
[91m [1776446236.211060] Client: [0m---before writing in log upd_msg->type= 4
[91m [1776446236.211068] Client: [0m---before writing in log upd_msg->frag_no= 0
[91m [1776446236.211074] Client: [0m---before writing in log upd_msg->reliable= 1
[91m [1776446236.211080] Client: [0m---before writing in log upd_msg->data.sensor_type= 2
[91m [1776446236.211087] Client: [0m---before writing in log upd_msg->data.sid= device_0
[91m [1776446236.211095] Client: [0m---after writing in log upd_msg->seq_no = 89
[91m [1776446236.211102] Client: [0m---after writing in log upd_msg->data.sensor_type = 2
[91m [1776446236.211109] Client: [0m---after writing in log upd_msg->reliable = 1
[91m [1776446236.821509] BSON Message: [0mInside sensor type parsing.
[91m [1776446236.821521] BSON Message: [0mInside sensor type parsing end.
[91m [1776446236.821528] BSON Message: [0mInside sid parsing
[91m [1776446236.821535] BSON Message: [0mInside gps1 parsing.
[91m [1776446236.821543] Client: [0m---before writing in log upd_msg->seq_no= 20
[91m [1776446236.821551] Client: [0m---before writing in log upd_msg->type= 4
[91m [1776446236.821558] Client: [0m---before writing in log upd_msg->frag_no= 0
[91m [1776446236.821568] Client: [0m---before writing in log upd_msg->reliable= 1
[91m [1776446236.821572] Client: [0m---before writing in log upd_msg->data.sensor_type= 3
[91m [1776446236.821576] Client: [0m---before writing in log upd_msg->data.sid= gps_2
[91m [1776446236.821583] Client: [0m---after writing in log upd_msg->seq_no = 20
[91m [1776446236.821586] Client: [0m---after writing in log upd_msg->data.sensor_type = 3
[91m [1776446236.821589] Client: [0m---after writing in log upd_msg->reliable = 1
[91m [1776446236.911972] BSON Message: [0mInside sensor type parsing.
[91m [1776446236.911984] BSON Message: [0mInside sensor type parsing end.
[91m [1776446236.911987] BSON Message: [0mInside sid parsing
[91m [1776446236.911991] BSON Message: [0mInside temp1 parsing.
[91m [1776446236.911996] Client: [0m---before writing in log upd_msg->seq_no= 212
[91m [1776446236.912001] Client: [0m---before writing in log upd_msg->type= 4
[91m [1776446236.912005] Client: [0m---before writing in log upd_msg->frag_no= 0
[91m [1776446236.912008] Client: [0m---before writing in log upd_msg->reliable= 1
[91m [1776446236.912012] Client: [0m---before writing in log upd_msg->data.sensor_type= 1
[91m [1776446236.912016] Client: [0m---before writing in log upd_msg->data.sid= temp_1
[91m [1776446236.912021] Client: [0m---after writing in log upd_msg->seq_no = 212
[91m [1776446236.912025] Client: [0m---after writing in log upd_msg->data.sensor_type = 1
[91m [1776446236.912029] Client: [0m---after writing in log upd_msg->reliable = 1
[91m [1776446237.912210] BSON Message: [0mInside sensor type parsing.
[91m [1776446237.912222] BSON Message: [0mInside sensor type parsing end.
[91m [1776446237.912228] BSON Message: [0mInside sid parsing
[91m [1776446237.912233] BSON Message: [0mInside temp1 parsing.
[91m [1776446237.912238] Client: [0m---before writing in log upd_msg->seq_no= 213
[91m [1776446237.912243] Client: [0m---before writing in log upd_msg->type= 4
[91m [1776446237.912248] Client: [0m---before writing in log upd_msg->frag_no= 0
[91m [1776446237.912252] Client: [0m---before writing in log upd_msg->reliable= 1
[91m [1776446237.912257] Client: [0m---before writing in log upd_msg->data.sensor_type= 1
[91m [1776446237.912261] Client: [0m---before writing in log upd_msg->data.sid= temp_1
[91m [1776446237.912266] Client: [0m---after writing in log upd_msg->seq_no = 213
[91m [1776446237.912270] Client: [0m---after writing in log upd_msg->data.sensor_type = 1
[91m [1776446237.912275] Client: [0m---after writing in log upd_msg->reliable = 1
[91m [1776446238.912476] BSON Message: [0mInside sensor type parsing.
[91m [1776446238.912486] BSON Message: [0mInside sensor type parsing end.
[91m [1776446238.912491] BSON Message: [0mInside sid parsing
[91m [1776446238.912496] BSON Message: [0mInside temp1 parsing.
[91m [1776446238.912501] Client: [0m---before writing in log upd_msg->seq_no= 214
[91m [1776446238.912505] Client: [0m---before writing in log upd_msg->type= 4
[91m [1776446238.912509] Client: [0m---before writing in log upd_msg->frag_no= 0
[91m [1776446238.912513] Client: [0m---before writing in log upd_msg->reliable= 1
[91m [1776446238.912516] Client: [0m---before writing in log upd_msg->data.sensor_type= 1
[91m [1776446238.912520] Client: [0m---before writing in log upd_msg->data.sid= temp_1
[91m [1776446238.912525] Client: [0m---after writing in log upd_msg->seq_no = 214
[91m [1776446238.912529] Client: [0m---after writing in log upd_msg->data.sensor_type = 1
[91m [1776446238.912533] Client: [0m---after writing in log upd_msg->reliable = 1
[91m [1776446239.438832] BSON Message: [0mInside sensor type parsing.
[91m [1776446239.438846] BSON Message: [0mInside sensor type parsing end.
[91m [1776446239.438851] BSON Message: [0mInside sid parsing
[91m [1776446239.438857] Client: [0m---before writing in log upd_msg->seq_no= 90
[91m [1776446239.438862] Client: [0m---before writing in log upd_msg->type= 4
[91m [1776446239.438871] Client: [0m---before writing in log upd_msg->frag_no= 0
[91m [1776446239.438876] Client: [0m---before writing in log upd_msg->reliable= 1
[91m [1776446239.438880] Client: [0m---before writing in log upd_msg->data.sensor_type= 2
[91m [1776446239.438885] Client: [0m---before writing in log upd_msg->data.sid= device_0
[91m [1776446239.438893] Client: [0m---after writing in log upd_msg->seq_no = 90
[91m [1776446239.438897] Client: [0m---after writing in log upd_msg->data.sensor_type = 2
[91m [1776446239.438902] Client: [0m---after writing in log upd_msg->reliable = 1
[91m [1776446239.912705] BSON Message: [0mInside sensor type parsing.
[91m [1776446239.912715] BSON Message: [0mInside sensor type parsing end.
[91m [1776446239.912719] BSON Message: [0mInside sid parsing
[91m [1776446239.912725] BSON Message: [0mInside temp1 parsing.
[91m [1776446239.912732] Client: [0m---before writing in log upd_msg->seq_no= 215
[91m [1776446239.912737] Client: [0m---before writing in log upd_msg->type= 4
[91m [1776446239.912743] Client: [0m---before writing in log upd_msg->frag_no= 0
[91m [1776446239.912747] Client: [0m---before writing in log upd_msg->reliable= 1
[91m [1776446239.912752] Client: [0m---before writing in log upd_msg->data.sensor_type= 1
[91m [1776446239.912757] Client: [0m---before writing in log upd_msg->data.sid= temp_1
[91m [1776446239.912763] Client: [0m---after writing in log upd_msg->seq_no = 215
[91m [1776446239.912768] Client: [0m---after writing in log upd_msg->data.sensor_type = 1
[91m [1776446239.912772] Client: [0m---after writing in log upd_msg->reliable = 1
[91m [1776446240.913101] BSON Message: [0mInside sensor type parsing.
[91m [1776446240.913112] BSON Message: [0mInside sensor type parsing end.
[91m [1776446240.913117] BSON Message: [0mInside sid parsing
[91m [1776446240.913122] BSON Message: [0mInside temp1 parsing.
[91m [1776446240.913126] Client: [0m---before writing in log upd_msg->seq_no= 216
[91m [1776446240.913131] Client: [0m---before writing in log upd_msg->type= 4
[91m [1776446240.913134] Client: [0m---before writing in log upd_msg->frag_no= 0
[91m [1776446240.913137] Client: [0m---before writing in log upd_msg->reliable= 1
[91m [1776446240.913141] Client: [0m---before writing in log upd_msg->data.sensor_type= 1
[91m [1776446240.913145] Client: [0m---before writing in log upd_msg->data.sid= temp_1
[91m [1776446240.913149] Client: [0m---after writing in log upd_msg->seq_no = 216
[91m [1776446240.913153] Client: [0m---after writing in log upd_msg->data.sensor_type = 1
[91m [1776446240.913157] Client: [0m---after writing in log upd_msg->reliable = 1
[91m [1776446241.84769] BSON Message: [0mInside sensor type parsing.
[91m [1776446241.84782] BSON Message: [0mInside sensor type parsing end.
[91m [1776446241.84788] BSON Message: [0mInside sid parsing
[91m [1776446241.84795] Client: [0m---before writing in log upd_msg->seq_no= 91
[91m [1776446241.84801] Client: [0m---before writing in log upd_msg->type= 4
[91m [1776446241.84805] Client: [0m---before writing in log upd_msg->frag_no= 0
[91m [1776446241.84809] Client: [0m---before writing in log upd_msg->reliable= 1
[91m [1776446241.84814] Client: [0m---before writing in log upd_msg->data.sensor_type= 2
[91m [1776446241.84818] Client: [0m---before writing in log upd_msg->data.sid= device_0
[91m [1776446241.84823] Client: [0m---after writing in log upd_msg->seq_no = 91
[91m [1776446241.84827] Client: [0m---after writing in log upd_msg->data.sensor_type = 2
[91m [1776446241.84831] Client: [0m---after writing in log upd_msg->reliable = 1
[91m [1776446241.913740] BSON Message: [0mInside sensor type parsing.
[91m [1776446241.913754] BSON Message: [0mInside sensor type parsing end.
[91m [1776446241.913759] BSON Message: [0mInside sid parsing
[91m [1776446241.913764] BSON Message: [0mInside temp1 parsing.
[91m [1776446241.913770] Client: [0m---before writing in log upd_msg->seq_no= 217
[91m [1776446241.913775] Client: [0m---before writing in log upd_msg->type= 4
[91m [1776446241.913785] Client: [0m---before writing in log upd_msg->frag_no= 0
[91m [1776446241.913791] Client: [0m---before writing in log upd_msg->reliable= 1
[91m [1776446241.913796] Client: [0m---before writing in log upd_msg->data.sensor_type= 1
[91m [1776446241.913801] Client: [0m---before writing in log upd_msg->data.sid= temp_1
[91m [1776446241.913807] Client: [0m---after writing in log upd_msg->seq_no = 217
[91m [1776446241.913812] Client: [0m---after writing in log upd_msg->data.sensor_type = 1
[91m [1776446241.913817] Client: [0m---after writing in log upd_msg->reliable = 1
[91m [1776446241.994444] BSON Message: [0mInside sensor type parsing.
[91m [1776446241.994461] BSON Message: [0mInside sensor type parsing end.
[91m [1776446241.994467] BSON Message: [0mInside sid parsing
[91m [1776446241.994474] Client: [0m---before writing in log upd_msg->seq_no= 92
[91m [1776446241.994480] Client: [0m---before writing in log upd_msg->type= 4
[91m [1776446241.994485] Client: [0m---before writing in log upd_msg->frag_no= 0
[91m [1776446241.994490] Client: [0m---before writing in log upd_msg->reliable= 1
[91m [1776446241.994493] Client: [0m---before writing in log upd_msg->data.sensor_type= 2
[91m [1776446241.994496] Client: [0m---before writing in log upd_msg->data.sid= device_0
[91m [1776446241.994503] Client: [0m---after writing in log upd_msg->seq_no = 92
[91m [1776446241.994508] Client: [0m---after writing in log upd_msg->data.sensor_type = 2
[91m [1776446241.994513] Client: [0m---after writing in log upd_msg->reliable = 1
[91m [1776446242.913818] BSON Message: [0mInside sensor type parsing.
[91m [1776446242.913830] BSON Message: [0mInside sensor type parsing end.
[91m [1776446242.913836] BSON Message: [0mInside sid parsing
[91m [1776446242.913841] BSON Message: [0mInside temp1 parsing.
[91m [1776446242.913847] Client: [0m---before writing in log upd_msg->seq_no= 218
[91m [1776446242.913852] Client: [0m---before writing in log upd_msg->type= 4
[91m [1776446242.913857] Client: [0m---before writing in log upd_msg->frag_no= 0
[91m [1776446242.913861] Client: [0m---before writing in log upd_msg->reliable= 1
[91m [1776446242.913866] Client: [0m---before writing in log upd_msg->data.sensor_type= 1
[91m [1776446242.913870] Client: [0m---before writing in log upd_msg->data.sid= temp_1
[91m [1776446242.913876] Client: [0m---after writing in log upd_msg->seq_no = 218
[91m [1776446242.913881] Client: [0m---after writing in log upd_msg->data.sensor_type = 1
[91m [1776446242.913886] Client: [0m---after writing in log upd_msg->reliable = 1
[91m [1776446243.913884] BSON Message: [0mInside sensor type parsing.
[91m [1776446243.913894] BSON Message: [0mInside sensor type parsing end.
[91m [1776446243.913900] BSON Message: [0mInside sid parsing
[91m [1776446243.913905] BSON Message: [0mInside temp1 parsing.
[91m [1776446243.913911] Client: [0m---before writing in log upd_msg->seq_no= 219
[91m [1776446243.913924] Client: [0m---before writing in log upd_msg->type= 4
[91m [1776446243.913931] Client: [0m---before writing in log upd_msg->frag_no= 0
[91m [1776446243.913936] Client: [0m---before writing in log upd_msg->reliable= 1
[91m [1776446243.913940] Client: [0m---before writing in log upd_msg->data.sensor_type= 1
[91m [1776446243.913946] Client: [0m---before writing in log upd_msg->data.sid= temp_1
[91m [1776446243.913953] Client: [0m---after writing in log upd_msg->seq_no = 219
[91m [1776446243.913959] Client: [0m---after writing in log upd_msg->data.sensor_type = 1
[91m [1776446243.913965] Client: [0m---after writing in log upd_msg->reliable = 1
[91m [1776446244.500805] BSON Message: [0mInside sensor type parsing.
[91m [1776446244.500818] BSON Message: [0mInside sensor type parsing end.
[91m [1776446244.500825] BSON Message: [0mInside sid parsing
[91m [1776446244.500831] Client: [0m---before writing in log upd_msg->seq_no= 93
[91m [1776446244.500857] Client: [0m---before writing in log upd_msg->type= 4
[91m [1776446244.500862] Client: [0m---before writing in log upd_msg->frag_no= 0
[91m [1776446244.500871] Client: [0m---before writing in log upd_msg->reliable= 1
[91m [1776446244.500874] Client: [0m---before writing in log upd_msg->data.sensor_type= 2
[91m [1776446244.500877] Client: [0m---before writing in log upd_msg->data.sid= device_0
[91m [1776446244.500881] Client: [0m---after writing in log upd_msg->seq_no = 93
[91m [1776446244.500884] Client: [0m---after writing in log upd_msg->data.sensor_type = 2
[91m [1776446244.500887] Client: [0m---after writing in log upd_msg->reliable = 1
[91m [1776446244.914358] BSON Message: [0mInside sensor type parsing.
[91m [1776446244.914372] BSON Message: [0mInside sensor type parsing end.
[91m [1776446244.914377] BSON Message: [0mInside sid parsing
[91m [1776446244.914382] BSON Message: [0mInside temp1 parsing.
[91m [1776446244.914388] Client: [0m---before writing in log upd_msg->seq_no= 220
[91m [1776446244.914393] Client: [0m---before writing in log upd_msg->type= 4
[91m [1776446244.914397] Client: [0m---before writing in log upd_msg->frag_no= 0
[91m [1776446244.914401] Client: [0m---before writing in log upd_msg->reliable= 1
[91m [1776446244.914406] Client: [0m---before writing in log upd_msg->data.sensor_type= 1
[91m [1776446244.914409] Client: [0m---before writing in log upd_msg->data.sid= temp_1
[91m [1776446244.914414] Client: [0m---after writing in log upd_msg->seq_no = 220
[91m [1776446244.914418] Client: [0m---after writing in log upd_msg->data.sensor_type = 1
[91m [1776446244.914422] Client: [0m---after writing in log upd_msg->reliable = 1
[91m [1776446245.914442] BSON Message: [0mInside sensor type parsing.
[91m [1776446245.914456] BSON Message: [0mInside sensor type parsing end.
[91m [1776446245.914462] BSON Message: [0mInside sid parsing
[91m [1776446245.914469] BSON Message: [0mInside temp1 parsing.
[91m [1776446245.914476] Client: [0m---before writing in log upd_msg->seq_no= 221
[91m [1776446245.914481] Client: [0m---before writing in log upd_msg->type= 4
[91m [1776446245.914487] Client: [0m---before writing in log upd_msg->frag_no= 0
[91m [1776446245.914493] Client: [0m---before writing in log upd_msg->reliable= 1
[91m [1776446245.914498] Client: [0m---before writing in log upd_msg->data.sensor_type= 1
[91m [1776446245.914504] Client: [0m---before writing in log upd_msg->data.sid= temp_1
[91m [1776446245.914511] Client: [0m---after writing in log upd_msg->seq_no = 221
[91m [1776446245.914516] Client: [0m---after writing in log upd_msg->data.sensor_type = 1
[91m [1776446245.914522] Client: [0m---after writing in log upd_msg->reliable = 1
[91m [1776446246.687687] BSON Message: [0mInside sensor type parsing.
[91m [1776446246.687698] BSON Message: [0mInside sensor type parsing end.
[91m [1776446246.687702] BSON Message: [0mInside sid parsing
[91m [1776446246.687708] BSON Message: [0mInside gps1 parsing.
[91m [1776446246.687715] Client: [0m---before writing in log upd_msg->seq_no= 21
[91m [1776446246.687719] Client: [0m---before writing in log upd_msg->type= 4
[91m [1776446246.687723] Client: [0m---before writing in log upd_msg->frag_no= 0
[91m [1776446246.687727] Client: [0m---before writing in log upd_msg->reliable= 1
[91m [1776446246.687731] Client: [0m---before writing in log upd_msg->data.sensor_type= 3
[91m [1776446246.687736] Client: [0m---before writing in log upd_msg->data.sid= gps_2
[91m [1776446246.687743] Client: [0m---after writing in log upd_msg->seq_no = 21
[91m [1776446246.687748] Client: [0m---after writing in log upd_msg->data.sensor_type = 3
[91m [1776446246.687752] Client: [0m---after writing in log upd_msg->reliable = 1
[91m [1776446246.914951] BSON Message: [0mInside sensor type parsing.
[91m [1776446246.914966] BSON Message: [0mInside sensor type parsing end.
[91m [1776446246.914971] BSON Message: [0mInside sid parsing
[91m [1776446246.914975] BSON Message: [0mInside temp1 parsing.
[91m [1776446246.914980] Client: [0m---before writing in log upd_msg->seq_no= 222
[91m [1776446246.914991] Client: [0m---before writing in log upd_msg->type= 4
[91m [1776446246.914995] Client: [0m---before writing in log upd_msg->frag_no= 0
[91m [1776446246.914998] Client: [0m---before writing in log upd_msg->reliable= 1
[91m [1776446246.915003] Client: [0m---before writing in log upd_msg->data.sensor_type= 1
[91m [1776446246.915007] Client: [0m---before writing in log upd_msg->data.sid= temp_1
[91m [1776446246.915012] Client: [0m---after writing in log upd_msg->seq_no = 222
[91m [1776446246.915016] Client: [0m---after writing in log upd_msg->data.sensor_type = 1
[91m [1776446246.915020] Client: [0m---after writing in log upd_msg->reliable = 1
[91m [1776446247.369039] BSON Message: [0mInside sensor type parsing.
[91m [1776446247.369053] BSON Message: [0mInside sensor type parsing end.
[91m [1776446247.369059] BSON Message: [0mInside sid parsing
ssage type is 4
---------Update message arrived------------ 1
Got a message from the server.
Message type is 4
---------Update message arrived------------ 1
Got a message from the server.
Message type is 4
---------Update message arrived------------ 1
Got a message from the server.
Message type is 4
---------Update message arrived------------ 1
Got a message from the server.
Message type is 4
---------Update message arrived------------ 1
Got a message from the server.
Message type is 4
---------Update message arrived------------ 1
Got a message from the server.
Message type is 4
---------Update message arrived------------ 1
Got a message from the server.
Message type is 4
---------Update message arrived------------ 1
Got a message from the server.
Message type is 4
---------Update message arrived------------ 1
Got a message from the server.
Message type is 4
---------Update message arrived------------ 1
Got a message from the server.
Message type is 4
---------Update message arrived------------ 1
Got a message from the server.
Message type is 4
---------Update message arrived------------ 1
Got a message from the server.
Message type is 4
---------Update message arrived------------ 1
Got a message from the server.
Message type is 4
---------Update message arrived------------ 1
Got a message from the server.
Message type is 4
---------Update message arrived------------ 1
Got a message from the server.
Message type is 4
---------Update message arrived------------ 1
Got a message from the server.
Message type is 4
---------Update message arrived------------ 1
Got a message from the server.
Message type is 4
---------Update message arrived------------ 1
Got a message from the server.
Message type is 4
---------Update message arrived------------ 1
Got a message from the server.
Message type is 4
---------Update message arrived------------ 1
Got a message from the server.
Message type is 4
---------Update message arrived------------ 1
Got a message from the server.
Message type is 4
---------Update message arrived------------ 1
Got a message from the server.
Message type is 4
---------Update message arrived------------ 1
Got a message from the server.
Message type is 4
---------Update message arrived------------ 1
Got a message from the server.
Message type is 4
---------Update message arrived------------ 1
Got a message from the server.
Message type is 4
---------Update message arrived------------ 1
Got a message from the server.
Message type is 4
---------Update message arrived------------ 1
Got a message from the server.
Message type is 4
---------Update message arrived------------ 1
Got a message from the server.
Message type is 4
---------Update message arrived------------ 1
Got a message from the server.
Message type is 4
---------Update message arrived------------ 1
Got a message from the server.
Message type is 4
---------Update message arrived------------ 1
Got a message from the server.
Message type is 4
---------Update message arrived------------ 1
Got a message from the server.
Message type is 4
---------Update message arrived------------ 1
Got a message from the server.
Message type is 4
---------Update message arrived------------ 1
Got a message from the server.
Message type is 4
---------Update message arrived------------ 1
Got a message from the server.
Message type is 4
---------Update message arrived------------ 1
Got a message from the server.
Message type is 4
---------Update message arrived------------ 1
Got a message from the server.
Message type is 4
---------Update message arrived------------ 1
Got a message from the server.
Message type is 4
---------Update message arrived------------ 1
Got a message from the server.
Message type is 4
---------Update message arrived------------ 1
Got a message from the server.
Message type is 4
---------Update message arrived------------ 1
Got a message from the server.
Message type is 4
---------Update message arrived------------ 1
Got a message from the server.
Message type is 4
---------Update message arrived------------ 1
Got a message from the server.
Message type [91m [1776446247.369076] Client: [0m---before writing in log upd_msg->seq_no= 94
[91m [1776446247.369081] Client: [0m---before writing in log upd_msg->type= 4
[91m [1776446247.369087] Client: [0m---before writing in log upd_msg->frag_no= 0
[91m [1776446247.369092] Client: [0m---before writing in log upd_msg->reliable= 1
[91m [1776446247.369098] Client: [0m---before writing in log upd_msg->data.sensor_type= 2
[91m [1776446247.369104] Client: [0m---before writing in log upd_msg->data.sid= device_0
[91m [1776446247.369110] Client: [0m---after writing in log upd_msg->seq_no = 94
[91m [1776446247.369116] Client: [0m---after writing in log upd_msg->data.sensor_type = 2
[91m [1776446247.369121] Client: [0m---after writing in log upd_msg->reliable = 1
[91m [1776446247.915318] BSON Message: [0mInside sensor type parsing.
[91m [1776446247.915335] BSON Message: [0mInside sensor type parsing end.
[91m [1776446247.915341] BSON Message: [0mInside sid parsing
[91m [1776446247.915347] BSON Message: [0mInside temp1 parsing.
[91m [1776446247.915354] Client: [0m---before writing in log upd_msg->seq_no= 223
[91m [1776446247.915360] Client: [0m---before writing in log upd_msg->type= 4
[91m [1776446247.915364] Client: [0m---before writing in log upd_msg->frag_no= 0
[91m [1776446247.915368] Client: [0m---before writing in log upd_msg->reliable= 1
[91m [1776446247.915373] Client: [0m---before writing in log upd_msg->data.sensor_type= 1
[91m [1776446247.915377] Client: [0m---before writing in log upd_msg->data.sid= temp_1
[91m [1776446247.915383] Client: [0m---after writing in log upd_msg->seq_no = 223
[91m [1776446247.915387] Client: [0m---after writing in log upd_msg->data.sensor_type = 1
[91m [1776446247.915392] Client: [0m---after writing in log upd_msg->reliable = 1
[91m [1776446248.915680] BSON Message: [0mInside sensor type parsing.
[91m [1776446248.915698] BSON Message: [0mInside sensor type parsing end.
[91m [1776446248.915704] BSON Message: [0mInside sid parsing
[91m [1776446248.915709] BSON Message: [0mInside temp1 parsing.
[91m [1776446248.915715] Client: [0m---before writing in log upd_msg->seq_no= 224
[91m [1776446248.915720] Client: [0m---before writing in log upd_msg->type= 4
[91m [1776446248.915725] Client: [0m---before writing in log upd_msg->frag_no= 0
[91m [1776446248.915730] Client: [0m---before writing in log upd_msg->reliable= 1
[91m [1776446248.915734] Client: [0m---before writing in log upd_msg->data.sensor_type= 1
[91m [1776446248.915739] Client: [0m---before writing in log upd_msg->data.sid= temp_1
[91m [1776446248.915746] Client: [0m---after writing in log upd_msg->seq_no = 224
[91m [1776446248.915750] Client: [0m---after writing in log upd_msg->data.sensor_type = 1
[91m [1776446248.915754] Client: [0m---after writing in log upd_msg->reliable = 1
[91m [1776446249.915838] BSON Message: [0mInside sensor type parsing.
[91m [1776446249.915848] BSON Message: [0mInside sensor type parsing end.
[91m [1776446249.915854] BSON Message: [0mInside sid parsing
[91m [1776446249.915859] BSON Message: [0mInside temp1 parsing.
[91m [1776446249.915864] Client: [0m---before writing in log upd_msg->seq_no= 225
[91m [1776446249.915880] Client: [0m---before writing in log upd_msg->type= 4
[91m [1776446249.915885] Client: [0m---before writing in log upd_msg->frag_no= 0
[91m [1776446249.915889] Client: [0m---before writing in log upd_msg->reliable= 1
[91m [1776446249.915893] Client: [0m---before writing in log upd_msg->data.sensor_type= 1
[91m [1776446249.915897] Client: [0m---before writing in log upd_msg->data.sid= temp_1
[91m [1776446249.915901] Client: [0m---after writing in log upd_msg->seq_no = 225
[91m [1776446249.915905] Client: [0m---after writing in log upd_msg->data.sensor_type = 1
[91m [1776446249.915909] Client: [0m---after writing in log upd_msg->reliable = 1
[91m [1776446250.250330] BSON Message: [0mInside sensor type parsing.
[91m [1776446250.250342] BSON Message: [0mInside sensor type parsing end.
[91m [1776446250.250347] BSON Message: [0mInside sid parsing
[91m [1776446250.250353] Client: [0m---before writing in log upd_msg->seq_no= 95
[91m [1776446250.250357] Client: [0m---before writing in log upd_msg->type= 4
[91m [1776446250.250361] Client: [0m---before writing in log upd_msg->frag_no= 0
[91m [1776446250.250365] Client: [0m---before writing in log upd_msg->reliable= 1
[91m [1776446250.250369] Client: [0m---before writing in log upd_msg->data.sensor_type= 2
[91m [1776446250.250373] Client: [0m---before writing in log upd_msg->data.sid= device_0
[91m [1776446250.250378] Client: [0m---after writing in log upd_msg->seq_no = 95
[91m [1776446250.250381] Client: [0m---after writing in log upd_msg->data.sensor_type = 2
[91m [1776446250.250385] Client: [0m---after writing in log upd_msg->reliable = 1
[91m [1776446250.376729] BSON Message: [0mInside sensor type parsing.
[91m [1776446250.376742] BSON Message: [0mInside sensor type parsing end.
[91m [1776446250.376748] BSON Message: [0mInside sid parsing
[91m [1776446250.376754] Client: [0m---before writing in log upd_msg->seq_no= 96
[91m [1776446250.376759] Client: [0m---before writing in log upd_msg->type= 4
[91m [1776446250.376764] Client: [0m---before writing in log upd_msg->frag_no= 0
[91m [1776446250.376768] Client: [0m---before writing in log upd_msg->reliable= 1
[91m [1776446250.376772] Client: [0m---before writing in log upd_msg->data.sensor_type= 2
[91m [1776446250.376777] Client: [0m---before writing in log upd_msg->data.sid= device_0
[91m [1776446250.376783] Client: [0m---after writing in log upd_msg->seq_no = 96
[91m [1776446250.376787] Client: [0m---after writing in log upd_msg->data.sensor_type = 2
[91m [1776446250.376792] Client: [0m---after writing in log upd_msg->reliable = 1
[91m [1776446250.916184] BSON Message: [0mInside sensor type parsing.
[91m [1776446250.916198] BSON Message: [0mInside sensor type parsing end.
[91m [1776446250.916204] BSON Message: [0mInside sid parsing
[91m [1776446250.916210] BSON Message: [0mInside temp1 parsing.
[91m [1776446250.916217] Client: [0m---before writing in log upd_msg->seq_no= 226
[91m [1776446250.916222] Client: [0m---before writing in log upd_msg->type= 4
[91m [1776446250.916228] Client: [0m---before writing in log upd_msg->frag_no= 0
[91m [1776446250.916233] Client: [0m---before writing in log upd_msg->reliable= 1
[91m [1776446250.916239] Client: [0m---before writing in log upd_msg->data.sensor_type= 1
[91m [1776446250.916245] Client: [0m---before writing in log upd_msg->data.sid= temp_1
[91m [1776446250.916251] Client: [0m---after writing in log upd_msg->seq_no = 226
[91m [1776446250.916257] Client: [0m---after writing in log upd_msg->data.sensor_type = 1
[91m [1776446250.916262] Client: [0m---after writing in log upd_msg->reliable = 1
[91m [1776446251.916311] BSON Message: [0mInside sensor type parsing.
[91m [1776446251.916321] BSON Message: [0mInside sensor type parsing end.
[91m [1776446251.916326] BSON Message: [0mInside sid parsing
[91m [1776446251.916330] BSON Message: [0mInside temp1 parsing.
[91m [1776446251.916336] Client: [0m---before writing in log upd_msg->seq_no= 227
[91m [1776446251.916346] Client: [0m---before writing in log upd_msg->type= 4
[91m [1776446251.916350] Client: [0m---before writing in log upd_msg->frag_no= 0
[91m [1776446251.916354] Client: [0m---before writing in log upd_msg->reliable= 1
[91m [1776446251.916358] Client: [0m---before writing in log upd_msg->data.sensor_type= 1
[91m [1776446251.916362] Client: [0m---before writing in log upd_msg->data.sid= temp_1
[91m [1776446251.916367] Client: [0m---after writing in log upd_msg->seq_no = 227
[91m [1776446251.916371] Client: [0m---after writing in log upd_msg->data.sensor_type = 1
[91m [1776446251.916375] Client: [0m---after writing in log upd_msg->reliable = 1
[91m [1776446252.916594] BSON Message: [0mInside sensor type parsing.
[91m [1776446252.916608] BSON Message: [0mInside sensor type parsing end.
[91m [1776446252.916614] BSON Message: [0mInside sid parsing
[91m [1776446252.916620] BSON Message: [0mInside temp1 parsing.
[91m [1776446252.916628] Client: [0m---before writing in log upd_msg->seq_no= 228
[91m [1776446252.916634] Client: [0m---before writing in log upd_msg->type= 4
[91m [1776446252.916640] Client: [0m---before writing in log upd_msg->frag_no= 0
[91m [1776446252.916645] Client: [0m---before writing in log upd_msg->reliable= 1
[91m [1776446252.916651] Client: [0m---before writing in log upd_msg->data.sensor_type= 1
[91m [1776446252.916657] Client: [0m---before writing in log upd_msg->data.sid= temp_1
[91m [1776446252.916663] Client: [0m---after writing in log upd_msg->seq_no = 228
[91m [1776446252.916669] Client: [0m---after writing in log upd_msg->data.sensor_type = 1
[91m [1776446252.916674] Client: [0m---after writing in log upd_msg->reliable = 1
[91m [1776446253.916867] BSON Message: [0mInside sensor type parsing.
[91m [1776446253.916879] BSON Message: [0mInside sensor type parsing end.
[91m [1776446253.916884] BSON Message: [0mInside sid parsing
[91m [1776446253.916888] BSON Message: [0mInside temp1 parsing.
[91m [1776446253.916894] Client: [0m---before writing in log upd_msg->seq_no= 229
[91m [1776446253.916898] Client: [0m---before writing in log upd_msg->type= 4
[91m [1776446253.916902] Client: [0m---before writing in log upd_msg->frag_no= 0
[91m [1776446253.916907] Client: [0m---before writing in log upd_msg->reliable= 1
[91m [1776446253.916911] Client: [0m---before writing in log upd_msg->data.sensor_type= 1
[91m [1776446253.916922] Client: [0m---before writing in log upd_msg->data.sid= temp_1
[91m [1776446253.916929] Client: [0m---after writing in log upd_msg->seq_no = 229
[91m [1776446253.916933] Client: [0m---after writing in log upd_msg->data.sensor_type = 1
[91m [1776446253.916936] Client: [0m---after writing in log upd_msg->reliable = 1
[91m [1776446253.921588] BSON Message: [0mInside sensor type parsing.
[91m [1776446253.921598] BSON Message: [0mInside sensor type parsing end.
[91m [1776446253.921604] BSON Message: [0mInside sid parsing
[91m [1776446253.921611] Client: [0m---before writing in log upd_msg->seq_no= 97
[91m [1776446253.921615] Client: [0m---before writing in log upd_msg->type= 4
[91m [1776446253.921619] Client: [0m---before writing in log upd_msg->frag_no= 0
[91m [1776446253.921623] Client: [0m---before writing in log upd_msg->reliable= 1
[91m [1776446253.921628] Client: [0m---before writing in log upd_msg->data.sensor_type= 2
[91m [1776446253.921632] Client: [0m---before writing in log upd_msg->data.sid= device_0
[91m [1776446253.921637] Client: [0m---after writing in log upd_msg->seq_no = 97
[91m [1776446253.921642] Client: [0m---after writing in log upd_msg->data.sensor_type = 2
[91m [1776446253.921649] Client: [0m---after writing in log upd_msg->reliable = 1
[91m [1776446254.103583] BSON Message: [0mInside sensor type parsing.
[91m [1776446254.103595] BSON Message: [0mInside sensor type parsing end.
[91m [1776446254.103600] BSON Message: [0mInside sid parsing
[91m [1776446254.103605] BSON Message: [0mInside gps1 parsing.
[91m [1776446254.103610] Client: [0m---before writing in log upd_msg->seq_no= 22
[91m [1776446254.103619] Client: [0m---before writing in log upd_msg->type= 4
[91m [1776446254.103624] Client: [0m---before writing in log upd_msg->frag_no= 0
[91m [1776446254.103629] Client: [0m---before writing in log upd_msg->reliable= 1
[91m [1776446254.103633] Client: [0m---before writing in log upd_msg->data.sensor_type= 3
[91m [1776446254.103637] Client: [0m---before writing in log upd_msg->data.sid= gps_2
[91m [1776446254.103644] Client: [0m---after writing in log upd_msg->seq_no = 22
[91m [1776446254.103648] Client: [0m---after writing in log upd_msg->data.sensor_type = 3
[91m [1776446254.103653] Client: [0m---after writing in log upd_msg->reliable = 1
[91m [1776446254.916993] BSON Message: [0mInside sensor type parsing.
[91m [1776446254.917006] BSON Message: [0mInside sensor type parsing end.
[91m [1776446254.917012] BSON Message: [0mInside sid parsing
[91m [1776446254.917018] BSON Message: [0mInside temp1 parsing.
[91m [1776446254.917024] Client: [0m---before writing in log upd_msg->seq_no= 230
[91m [1776446254.917029] Client: [0m---before writing in log upd_msg->type= 4
[91m [1776446254.917034] Client: [0m---before writing in log upd_msg->frag_no= 0
[91m [1776446254.917039] Client: [0m---before writing in log upd_msg->reliable= 1
[91m [1776446254.917044] Client: [0m---before writing in log upd_msg->data.sensor_type= 1
[91m [1776446254.917049] Client: [0m---before writing in log upd_msg->data.sid= temp_1
[91m [1776446254.917055] Client: [0m---after writing in log upd_msg->seq_no = 230
[91m [1776446254.917059] Client: [0m---after writing in log upd_msg->data.sensor_type = 1
[91m [1776446254.917064] Client: [0m---after writing in log upd_msg->reliable = 1
[91m [1776446255.917361] BSON Message: [0mInside sensor type parsing.
[91m [1776446255.917371] BSON Message: [0mInside sensor type parsing end.
[91m [1776446255.917375] BSON Message: [0mInside sid parsing
[91m [1776446255.917379] BSON Message: [0mInside temp1 parsing.
[91m [1776446255.917384] Client: [0m---before writing in log upd_msg->seq_no= 231
[91m [1776446255.917388] Client: [0m---before writing in log upd_msg->type= 4
[91m [1776446255.917392] Client: [0m---before writing in log upd_msg->frag_no= 0
[91m [1776446255.917397] Client: [0m---before writing in log upd_msg->reliable= 1
[91m [1776446255.917401] Client: [0m---before writing in log upd_msg->data.sensor_type= 1
[91m [1776446255.917404] Client: [0m---before writing in log upd_msg->data.sid= temp_1
[91m [1776446255.917411] Client: [0m---after writing in log upd_msg->seq_no = 231
[91m [1776446255.917415] Client: [0m---after writing in log upd_msg->data.sensor_type = 1
[91m [1776446255.917420] Client: [0m---after writing in log upd_msg->reliable = 1
[91m [1776446256.917669] BSON Message: [0mInside sensor type parsing.
[91m [1776446256.917681] BSON Message: [0mInside sensor type parsing end.
[91m [1776446256.917686] BSON Message: [0mInside sid parsing
[91m [1776446256.917691] BSON Message: [0mInside temp1 parsing.
[91m [1776446256.917697] Client: [0m---before writing in log upd_msg->seq_no= 232
[91m [1776446256.917702] Client: [0m---before writing in log upd_msg->type= 4
[91m [1776446256.917706] Client: [0m---before writing in log upd_msg->frag_no= 0
[91m [1776446256.917711] Client: [0m---before writing in log upd_msg->reliable= 1
[91m [1776446256.917716] Client: [0m---before writing in log upd_msg->data.sensor_type= 1
[91m [1776446256.917721] Client: [0m---before writing in log upd_msg->data.sid= temp_1
[91m [1776446256.917727] Client: [0m---after writing in log upd_msg->seq_no = 232
[91m [1776446256.917731] Client: [0m---after writing in log upd_msg->data.sensor_type = 1
[91m [1776446256.917736] Client: [0m---after writing in log upd_msg->reliable = 1
[91m [1776446257.292928] BSON Message: [0mInside sensor type parsing.
[91m [1776446257.292944] BSON Message: [0mInside sensor type parsing end.
[91m [1776446257.292951] BSON Message: [0mInside sid parsing
[91m [1776446257.292958] Client: [0m---before writing in log upd_msg->seq_no= 98
[91m [1776446257.292969] Client: [0m---before writing in log upd_msg->type= 4
[91m [1776446257.292975] Client: [0m---before writing in log upd_msg->frag_no= 0
[91m [1776446257.292981] Client: [0m---before writing in log upd_msg->reliable= 1
[91m [1776446257.292987] Client: [0m---before writing in log upd_msg->data.sensor_type= 2
[91m [1776446257.292993] Client: [0m---before writing in log upd_msg->data.sid= device_0
[91m [1776446257.293000] Client: [0m---after writing in log upd_msg->seq_no = 98
[91m [1776446257.293005] Client: [0m---after writing in log upd_msg->data.sensor_type = 2
[91m [1776446257.293011] Client: [0m---after writing in log upd_msg->reliable = 1
[91m [1776446257.923187] BSON Message: [0mInside sensor type parsing.
[91m [1776446257.923202] BSON Message: [0mInside sensor type parsing end.
[91m [1776446257.923207] BSON Message: [0mInside sid parsing
[91m [1776446257.923216] BSON Message: [0mInside temp1 parsing.
[91m [1776446257.923221] Client: [0m---before writing in log upd_msg->seq_no= 233
[91m [1776446257.923225] Client: [0m---before writing in log upd_msg->type= 4
[91m [1776446257.923229] Client: [0m---before writing in log upd_msg->frag_no= 0
[91m [1776446257.923233] Client: [0m---before writing in log upd_msg->reliable= 1
[91m [1776446257.923237] Client: [0m---before writing in log upd_msg->data.sensor_type= 1
[91m [1776446257.923242] Client: [0m---before writing in log upd_msg->data.sid= temp_1
[91m [1776446257.923249] Client: [0m---after writing in log upd_msg->seq_no = 233
[91m [1776446257.923253] Client: [0m---after writing in log upd_msg->data.sensor_type = 1
[91m [1776446257.923256] Client: [0m---after writing in log upd_msg->reliable = 1
[91m [1776446258.918554] BSON Message: [0mInside sensor type parsing.
[91m [1776446258.918571] BSON Message: [0mInside sensor type parsing end.
[91m [1776446258.918576] BSON Message: [0mInside sid parsing
[91m [1776446258.918582] BSON Message: [0mInside temp1 parsing.
[91m [1776446258.918588] Client: [0m---before writing in log upd_msg->seq_no= 234
[91m [1776446258.918593] Client: [0m---before writing in log upd_msg->type= 4
[91m [1776446258.918597] Client: [0m---before writing in log upd_msg->frag_no= 0
[91m [1776446258.918603] Client: [0m---before writing in log upd_msg->reliable= 1
[91m [1776446258.918608] Client: [0m---before writing in log upd_msg->data.sensor_type= 1
[91m [1776446258.918612] Client: [0m---before writing in log upd_msg->data.sid= temp_1
[91m [1776446258.918619] Client: [0m---after writing in log upd_msg->seq_no = 234
[91m [1776446258.918623] Client: [0m---after writing in log upd_msg->data.sensor_type = 1
[91m [1776446258.918627] Client: [0m---after writing in log upd_msg->reliable = 1
[91m [1776446259.918621] BSON Message: [0mInside sensor type parsing.
[91m [1776446259.918635] BSON Message: [0mInside sensor type parsing end.
[91m [1776446259.918643] BSON Message: [0mInside sid parsing
[91m [1776446259.918650] BSON Message: [0mInside temp1 parsing.
[91m [1776446259.918658] Client: [0m---before writing in log upd_msg->seq_no= 235
[91m [1776446259.918665] Client: [0m---before writing in log upd_msg->type= 4
[91m [1776446259.918671] Client: [0m---before writing in log upd_msg->frag_no= 0
[91m [1776446259.918678] Client: [0m---before writing in log upd_msg->reliable= 1
[91m [1776446259.918682] Client: [0m---before writing in log upd_msg->data.sensor_type= 1
[91m [1776446259.918688] Client: [0m---before writing in log upd_msg->data.sid= temp_1
[91m [1776446259.918695] Client: [0m---after writing in log upd_msg->seq_no = 235
[91m [1776446259.918701] Client: [0m---after writing in log upd_msg->data.sensor_type = 1
[91m [1776446259.918708] Client: [0m---after writing in log upd_msg->reliable = 1
[91m [1776446260.918859] BSON Message: [0mInside sensor type parsing.
[91m [1776446260.918871] BSON Message: [0mInside sensor type parsing end.
[91m [1776446260.918876] BSON Message: [0mInside sid parsing
[91m [1776446260.918886] BSON Message: [0mInside temp1 parsing.
[91m [1776446260.918892] Client: [0m---before writing in log upd_msg->seq_no= 236
[91m [1776446260.918896] Client: [0m---before writing in log upd_msg->type= 4
[91m [1776446260.918901] Client: [0m---before writing in log upd_msg->frag_no= 0
[91m [1776446260.918905] Client: [0m---before writing in log upd_msg->reliable= 1
[91m [1776446260.918910] Client: [0m---before writing in log upd_msg->data.sensor_type= 1
[91m [1776446260.918914] Client: [0m---before writing in log upd_msg->data.sid= temp_1
[91m [1776446260.918927] Client: [0m---after writing in log upd_msg->seq_no = 236
[91m [1776446260.918932] Client: [0m---after writing in log upd_msg->data.sensor_type = 1
[91m [1776446260.918936] Client: [0m---after writing in log upd_msg->reliable = 1
[91m [1776446261.227581] BSON Message: [0mInside sensor type parsing.
[91m [1776446261.227592] BSON Message: [0mInside sensor type parsing end.
[91m [1776446261.227597] BSON Message: [0mInside sid parsing
[91m [1776446261.227601] BSON Message: [0mInside gps1 parsing.
[91m [1776446261.227606] Client: [0m---before writing in log upd_msg->seq_no= 23
[91m [1776446261.227610] Client: [0m---before writing in log upd_msg->type= 4
[91m [1776446261.227614] Client: [0m---before writing in log upd_msg->frag_no= 0
[91m [1776446261.227619] Client: [0m---before writing in log upd_msg->reliable= 1
[91m [1776446261.227623] Client: [0m---before writing in log upd_msg->data.sensor_type= 3
[91m [1776446261.227627] Client: [0m---before writing in log upd_msg->data.sid= gps_2
[91m [1776446261.227634] Client: [0m---after writing in log upd_msg->seq_no = 23
[91m [1776446261.227637] Client: [0m---after writing in log upd_msg->data.sensor_type = 3
[91m [1776446261.227641] Client: [0m---after writing in log upd_msg->reliable = 1
[91m [1776446261.869400] BSON Message: [0mInside sensor type parsing.
[91m [1776446261.869411] BSON Message: [0mInside sensor type parsing end.
[91m [1776446261.869417] BSON Message: [0mInside sid parsing
[91m [1776446261.869422] Client: [0m---before writing in log upd_msg->seq_no= 99
[91m [1776446261.869428] Client: [0m---before writing in log upd_msg->type= 4
[91m [1776446261.869432] Client: [0m---before writing in log upd_msg->frag_no= 0
[91m [1776446261.869436] Client: [0m---before writing in log upd_msg->reliable= 1
[91m [1776446261.869441] Client: [0m---before writing in log upd_msg->data.sensor_type= 2
[91m [1776446261.869445] Client: [0m---before writing in log upd_msg->data.sid= device_0
[91m [1776446261.869451] Client: [0m---after writing in log upd_msg->seq_no = 99
[91m [1776446261.869455] Client: [0m---after writing in log upd_msg->data.sensor_type = 2
[91m [1776446261.869460] Client: [0m---after writing in log upd_msg->reliable = 1
[91m [1776446261.919173] BSON Message: [0mInside sensor type parsing.
[91m [1776446261.919182] BSON Message: [0mInside sensor type parsing end.
[91m [1776446261.919187] BSON Message: [0mInside sid parsing
[91m [1776446261.919192] BSON Message: [0mInside temp1 parsing.
[91m [1776446261.919196] Client: [0m---before writing in log upd_msg->seq_no= 237
[91m [1776446261.919200] Client: [0m---before writing in log upd_msg->type= 4
[91m [1776446261.919204] Client: [0m---before writing in log upd_msg->frag_no= 0
[91m [1776446261.919208] Client: [0m---before writing in log upd_msg->reliable= 1
[91m [1776446261.919211] Client: [0m---before writing in log upd_msg->data.sensor_type= 1
[91m [1776446261.919215] Client: [0m---before writing in log upd_msg->data.sid= temp_1
[91m [1776446261.919224] Client: [0m---after writing in log upd_msg->seq_no = 237
[91m [1776446261.919229] Client: [0m---after writing in log upd_msg->data.sensor_type = 1
[91m [1776446261.919234] Client: [0m---after writing in log upd_msg->reliable = 1
[91m [1776446262.257013] BSON Message: [0mInside sensor type parsing.
[91m [1776446262.257028] BSON Message: [0mInside sensor type parsing end.
[91m [1776446262.257035] BSON Message: [0mInside sid parsing
[91m [1776446262.257048] Client: [0m---before writing in log upd_msg->seq_no= 100
[91m [1776446262.257054] Client: [0m---before writing in log upd_msg->type= 4
[91m [1776446262.257059] Client: [0m---before writing in log upd_msg->frag_no= 0
[91m [1776446262.257064] Client: [0m---before writing in log upd_msg->reliable= 1
[91m [1776446262.257070] Client: [0m---before writing in log upd_msg->data.sensor_type= 2
[91m [1776446262.257075] Client: [0m---before writing in log upd_msg->data.sid= device_0
[91m [1776446262.257082] Client: [0m---after writing in log upd_msg->seq_no = 100
[91m [1776446262.257088] Client: [0m---after writing in log upd_msg->data.sensor_type = 2
[91m [1776446262.257094] Client: [0m---after writing in log upd_msg->reliable = 1
[91m [1776446262.729480] BSON Message: [0mInside sensor type parsing.
[91m [1776446262.729496] BSON Message: [0mInside sensor type parsing end.
[91m [1776446262.729502] BSON Message: [0mInside sid parsing
[91m [1776446262.729510] Client: [0m---before writing in log upd_msg->seq_no= 101
[91m [1776446262.729516] Client: [0m---before writing in log upd_msg->type= 4
[91m [1776446262.729522] Client: [0m---before writing in log upd_msg->frag_no= 0
[91m [1776446262.729528] Client: [0m---before writing in log upd_msg->reliable= 1
[91m [1776446262.729534] Client: [0m---before writing in log upd_msg->data.sensor_type= 2
[91m [1776446262.729540] Client: [0m---before writing in log upd_msg->data.sid= device_0
[91m [1776446262.729547] Client: [0m---after writing in log upd_msg->seq_no = 101
[91m [1776446262.729554] Client: [0m---after writing in log upd_msg->data.sensor_type = 2
[91m [1776446262.729560] Client: [0m---after writing in log upd_msg->reliable = 1
[91m [1776446262.921591] BSON Message: [0mInside sensor type parsing.
[91m [1776446262.921601] BSON Message: [0mInside sensor type parsing end.
[91m [1776446262.921605] BSON Message: [0mInside sid parsing
[91m [1776446262.921609] BSON Message: [0mInside temp1 parsing.
[91m [1776446262.921614] Client: [0m---before writing in log upd_msg->seq_no= 238
[91m [1776446262.921618] Client: [0m---before writing in log upd_msg->type= 4
[91m [1776446262.921621] Client: [0m---before writing in log upd_msg->frag_no= 0
[91m [1776446262.921626] Client: [0m---before writing in log upd_msg->reliable= 1
[91m [1776446262.921630] Client: [0m---before writing in log upd_msg->data.sensor_type= 1
[91m [1776446262.921638] Client: [0m---before writing in log upd_msg->data.sid= temp_1
[91m [1776446262.921644] Client: [0m---after writing in log upd_msg->seq_no = 238
[91m [1776446262.921648] Client: [0m---after writing in log upd_msg->data.sensor_type = 1
[91m [1776446262.921653] Client: [0m---after writing in log upd_msg->reliable = 1
[91m [1776446263.920529] BSON Message: [0mInside sensor type parsing.
[91m [1776446263.920541] BSON Message: [0mInside sensor type parsing end.
[91m [1776446263.920545] BSON Message: [0mInside sid parsing
[91m [1776446263.920549] BSON Message: [0mInside temp1 parsing.
[91m [1776446263.920556] Client: [0m---before writing in log upd_msg->seq_no= 239
[91m [1776446263.920560] Client: [0m---before writing in log upd_msg->type= 4
[91m [1776446263.920565] Client: [0m---before writing in log upd_msg->frag_no= 0
[91m [1776446263.920568] Client: [0m---before writing in log upd_msg->reliable= 1
[91m [1776446263.920572] Client: [0m---before writing in log upd_msg->data.sensor_type= 1
[91m [1776446263.920576] Client: [0m---before writing in log upd_msg->data.sid= temp_1
[91m [1776446263.920582] Client: [0m---after writing in log upd_msg->seq_no = 239
[91m [1776446263.920586] Client: [0m---after writing in log upd_msg->data.sensor_type = 1
[91m [1776446263.920589] Client: [0m---after writing in log upd_msg->reliable = 1
[91m [1776446264.920483] BSON Message: [0mInside sensor type parsing.
[91m [1776446264.920495] BSON Message: [0mInside sensor type parsing end.
[91m [1776446264.920501] BSON Message: [0mInside sid parsing
[91m [1776446264.920511] BSON Message: [0mInside temp1 parsing.
[91m [1776446264.920517] Client: [0m---before writing in log upd_msg->seq_no= 240
[91m [1776446264.920521] Client: [0m---before writing in log upd_msg->type= 4
[91m [1776446264.920526] Client: [0m---before writing in log upd_msg->frag_no= 0
[91m [1776446264.920530] Client: [0m---before writing in log upd_msg->reliable= 1
[91m [1776446264.920535] Client: [0m---before writing in log upd_msg->data.sensor_type= 1
[91m [1776446264.920540] Client: [0m---before writing in log upd_msg->data.sid= temp_1
[91m [1776446264.920545] Client: [0m---after writing in log upd_msg->seq_no = 240
[91m [1776446264.920549] Client: [0m---after writing in log upd_msg->data.sensor_type = 1
[91m [1776446264.920554] Client: [0m---after writing in log upd_msg->reliable = 1
[91m [1776446265.920667] BSON Message: [0mInside sensor type parsing.
[91m [1776446265.920681] BSON Message: [0mInside sensor type parsing end.
[91m [1776446265.920686] BSON Message: [0mInside sid parsing
[91m [1776446265.920692] BSON Message: [0mInside temp1 parsing.
[91m [1776446265.920698] Client: [0m---before writing in log upd_msg->seq_no= 241
[91m [1776446265.920702] Client: [0m---before writing in log upd_msg->type= 4
[91m [1776446265.920708] Client: [0m---before writing in log upd_msg->frag_no= 0
[91m [1776446265.920713] Client: [0m---before writing in log upd_msg->reliable= 1
[91m [1776446265.920717] Client: [0m---before writing in log upd_msg->data.sensor_type= 1
[91m [1776446265.920722] Client: [0m---before writing in log upd_msg->data.sid= temp_1
[91m [1776446265.920728] Client: [0m---after writing in log upd_msg->seq_no = 241
[91m [1776446265.920733] Client: [0m---after writing in log upd_msg->data.sensor_type = 1
[91m [1776446265.920738] Client: [0m---after writing in log upd_msg->reliable = 1
[91m [1776446266.465427] BSON Message: [0mInside sensor type parsing.
[91m [1776446266.465441] BSON Message: [0mInside sensor type parsing end.
[91m [1776446266.465446] BSON Message: [0mInside sid parsing
[91m [1776446266.465453] Client: [0m---before writing in log upd_msg->seq_no= 102
[91m [1776446266.465458] Client: [0m---before writing in log upd_msg->type= 4
[91m [1776446266.465463] Client: [0m---before writing in log upd_msg->frag_no= 0
[91m [1776446266.465468] Client: [0m---before writing in log upd_msg->reliable= 1
[91m [1776446266.465472] Client: [0m---before writing in log upd_msg->data.sensor_type= 2
[91m [1776446266.465477] Client: [0m---before writing in log upd_msg->data.sid= device_0
[91m [1776446266.465482] Client: [0m---after writing in log upd_msg->seq_no = 102
[91m [1776446266.465487] Client: [0m---after writing in log upd_msg->data.sensor_type = 2
[91m [1776446266.465491] Client: [0m---after writing in log upd_msg->reliable = 1
[91m [1776446266.921174] BSON Message: [0mInside sensor type parsing.
[91m [1776446266.921185] BSON Message: [0mInside sensor type parsing end.
[91m [1776446266.921191] BSON Message: [0mInside sid parsing
[91m [1776446266.921195] BSON Message: [0mInside temp1 parsing.
[91m [1776446266.921201] Client: [0m---before writing in log upd_msg->seq_no= 242
[91m [1776446266.921206] Client: [0m---before writing in log upd_msg->type= 4
[91m [1776446266.921210] Client: [0m---before writing in log upd_msg->frag_no= 0
[91m [1776446266.921214] Client: [0m---before writing in log upd_msg->reliable= 1
[91m [1776446266.921219] Client: [0m---before writing in log upd_msg->data.sensor_type= 1
[91m [1776446266.921223] Client: [0m---before writing in log upd_msg->data.sid= temp_1
[91m [1776446266.921229] Client: [0m---after writing in log upd_msg->seq_no = 242
[91m [1776446266.921233] Client: [0m---after writing in log upd_msg->data.sensor_type = 1
[91m [1776446266.921238] Client: [0m---after writing in log upd_msg->reliable = 1
[91m [1776446267.921218] BSON Message: [0mInside sensor type parsing.
[91m [1776446267.921229] BSON Message: [0mInside sensor type parsing end.
[91m [1776446267.921234] BSON Message: [0mInside sid parsing
[91m [1776446267.921245] BSON Message: [0mInside temp1 parsing.
[91m [1776446267.921250] Client: [0m---before writing in log upd_msg->seq_no= 243
[91m [1776446267.921255] Client: [0m---before writing in log upd_msg->type= 4
[91m [1776446267.921260] Client: [0m---before writing in log upd_msg->frag_no= 0
[91m [1776446267.921265] Client: [0m---before writing in log upd_msg->reliable= 0
[91m [1776446267.921270] Client: [0m---before writing in log upd_msg->data.sensor_type= 1
[91m [1776446267.921274] Client: [0m---before writing in log upd_msg->data.sid= temp_1
[91m [1776446267.921279] Client: [0m---after writing in log upd_msg->seq_no = 243
[91m [1776446267.921284] Client: [0m---after writing in log upd_msg->data.sensor_type = 1
[91m [1776446267.921289] Client: [0m---after writing in log upd_msg->reliable = 0
[91m [1776446268.921519] BSON Message: [0mInside sensor type parsing.
[91m [1776446268.921529] BSON Message: [0mInside sensor type parsing end.
[91m [1776446268.921535] BSON Message: [0mInside sid parsing
[91m [1776446268.921540] BSON Message: [0mInside temp1 parsing.
[91m [1776446268.921546] Client: [0m---before writing in log upd_msg->seq_no= 244
[91m [1776446268.921552] Client: [0m---before writing in log upd_msg->type= 4
[91m [1776446268.921558] Client: [0m---before writing in log upd_msg->frag_no= 0
[91m [1776446268.921565] Client: [0m---before writing in log upd_msg->reliable= 1
[91m [1776446268.921570] Client: [0m---before writing in log upd_msg->data.sensor_type= 1
[91m [1776446268.921576] Client: [0m---before writing in log upd_msg->data.sid= temp_1
[91m [1776446268.921582] Client: [0m---after writing in log upd_msg->seq_no = 244
[91m [1776446268.921588] Client: [0m---after writing in log upd_msg->data.sensor_type = 1
[91m [1776446268.921592] Client: [0m---after writing in log upd_msg->reliable = 1
[91m [1776446269.921682] BSON Message: [0mInside sensor type parsing.
[91m [1776446269.921695] BSON Message: [0mInside sensor type parsing end.
[91m [1776446269.921700] BSON Message: [0mInside sid parsing
[91m [1776446269.921705] BSON Message: [0mInside temp1 parsing.
[91m [1776446269.921711] Client: [0m---before writing in log upd_msg->seq_no= 245
[91m [1776446269.921716] Client: [0m---before writing in log upd_msg->type= 4
[91m [1776446269.921720] Client: [0m---before writing in log upd_msg->frag_no= 0
[91m [1776446269.921725] Client: [0m---before writing in log upd_msg->reliable= 1
[91m [1776446269.921730] Client: [0m---before writing in log upd_msg->data.sensor_type= 1
[91m [1776446269.921734] Client: [0m---before writing in log upd_msg->data.sid= temp_1
[91m [1776446269.921740] Client: [0m---after writing in log upd_msg->seq_no = 245
[91m [1776446269.921744] Client: [0m---after writing in log upd_msg->data.sensor_type = 1
[91m [1776446269.921749] Client: [0m---after writing in log upd_msg->reliable = 1
[91m [1776446270.551196] BSON Message: [0mInside sensor type parsing.
[91m [1776446270.551211] BSON Message: [0mInside sensor type parsing end.
[91m [1776446270.551216] BSON Message: [0mInside sid parsing
[91m [1776446270.551222] Client: [0m---before writing in log upd_msg->seq_no= 103
[91m [1776446270.551228] Client: [0m---before writing in log upd_msg->type= 4
[91m [1776446270.551232] Client: [0m---before writing in log upd_msg->frag_no= 0
[91m [1776446270.551237] Client: [0m---before writing in log upd_msg->reliable= 1
[91m [1776446270.551242] Client: [0m---before writing in log upd_msg->data.sensor_type= 2
[91m [1776446270.551247] Client: [0m---before writing in log upd_msg->data.sid= device_0
[91m [1776446270.551253] Client: [0m---after writing in log upd_msg->seq_no = 103
[91m [1776446270.551257] Client: [0m---after writing in log upd_msg->data.sensor_type = 2
[91m [1776446270.551262] Client: [0m---after writing in log upd_msg->reliable = 1
[91m [1776446270.922203] BSON Message: [0mInside sensor type parsing.
[91m [1776446270.922215] BSON Message: [0mInside sensor type parsing end.
[91m [1776446270.922224] BSON Message: [0mInside sid parsing
[91m [1776446270.922229] BSON Message: [0mInside temp1 parsing.
[91m [1776446270.922234] Client: [0m---before writing in log upd_msg->seq_no= 246
[91m [1776446270.922238] Client: [0m---before writing in log upd_msg->type= 4
[91m [1776446270.922242] Client: [0m---before writing in log upd_msg->frag_no= 0
[91m [1776446270.922246] Client: [0m---before writing in log upd_msg->reliable= 1
[91m [1776446270.922250] Client: [0m---before writing in log upd_msg->data.sensor_type= 1
[91m [1776446270.922254] Client: [0m---before writing in log upd_msg->data.sid= temp_1
[91m [1776446270.922260] Client: [0m---after writing in log upd_msg->seq_no = 246
[91m [1776446270.922264] Client: [0m---after writing in log upd_msg->data.sensor_type = 1
[91m [1776446270.922268] Client: [0m---after writing in log upd_msg->reliable = 1
[91m [1776446271.922429] BSON Message: [0mInside sensor type parsing.
[91m [1776446271.922440] BSON Message: [0mInside sensor type parsing end.
[91m [1776446271.922444] BSON Message: [0mInside sid parsing
[91m [1776446271.922449] BSON Message: [0mInside temp1 parsing.
[91m [1776446271.922457] Client: [0m---before writing in log upd_msg->seq_no= 247
[91m [1776446271.922463] Client: [0m---before writing in log upd_msg->type= 4
[91m [1776446271.922469] Client: [0m---before writing in log upd_msg->frag_no= 0
[91m [1776446271.922475] Client: [0m---before writing in log upd_msg->reliable= 1
[91m [1776446271.922481] Client: [0m---before writing in log upd_msg->data.sensor_type= 1
[91m [1776446271.922486] Client: [0m---before writing in log upd_msg->data.sid= temp_1
[91m [1776446271.922491] Client: [0m---after writing in log upd_msg->seq_no = 247
[91m [1776446271.922495] Client: [0m---after writing in log upd_msg->data.sensor_type = 1
[91m [1776446271.922499] Client: [0m---after writing in log upd_msg->reliable = 1
[91m [1776446272.922468] BSON Message: [0mInside sensor type parsing.
[91m [1776446272.922479] BSON Message: [0mInside sensor type parsing end.
[91m [1776446272.922484] BSON Message: [0mInside sid parsing
[91m [1776446272.922489] BSON Message: [0mInside temp1 parsing.
[91m [1776446272.922495] Client: [0m---before writing in log upd_msg->seq_no= 248
[91m [1776446272.922500] Client: [0m---before writing in log upd_msg->type= 4
[91m [1776446272.922504] Client: [0m---before writing in log upd_msg->frag_no= 0
[91m [1776446272.922509] Client: [0m---before writing in log upd_msg->reliable= 1
[91m [1776446272.922513] Client: [0m---before writing in log upd_msg->data.sensor_type= 1
[91m [1776446272.922518] Client: [0m---before writing in log upd_msg->data.sid= temp_1
[91m [1776446272.922524] Client: [0m---after writing in log upd_msg->seq_no = 248
[91m [1776446272.922528] Client: [0m---after writing in log upd_msg->data.sensor_type = 1
[91m [1776446272.922533] Client: [0m---after writing in log upd_msg->reliable = 1
[91m [1776446273.922860] BSON Message: [0mInside sensor type parsing.
[91m [1776446273.922872] BSON Message: [0mInside sensor type parsing end.
[91m [1776446273.922877] BSON Message: [0mInside sid parsing
[91m [1776446273.922881] BSON Message: [0mInside temp1 parsing.
[91m [1776446273.922887] Client: [0m---before writing in log upd_msg->seq_no= 249
[91m [1776446273.922892] Client: [0m---before writing in log upd_msg->type= 4
[91m [1776446273.922896] Client: [0m---before writing in log upd_msg->frag_no= 0
[91m [1776446273.922901] Client: [0m---before writing in log upd_msg->reliable= 1
[91m [1776446273.922905] Client: [0m---before writing in log upd_msg->data.sensor_type= 1
[91m [1776446273.922909] Client: [0m---before writing in log upd_msg->data.sid= temp_1
[91m [1776446273.922923] Client: [0m---after writing in log upd_msg->seq_no = 249
[91m [1776446273.922928] Client: [0m---after writing in log upd_msg->data.sensor_type = 1
[91m [1776446273.922933] Client: [0m---after writing in log upd_msg->reliable = 1
[91m [1776446274.859977] BSON Message: [0mInside sensor type parsing.
[91m [1776446274.860004] BSON Message: [0mInside sensor type parsing end.
[91m [1776446274.860010] BSON Message: [0mInside sid parsing
[91m [1776446274.860018] Client: [0m---before writing in log upd_msg->seq_no= 104
[91m [1776446274.860024] Client: [0m---before writing in log upd_msg->type= 4
[91m [1776446274.860030] Client: [0m---before writing in log upd_msg->frag_no= 0
[91m [1776446274.860036] Client: [0m---before writing in log upd_msg->reliable= 1
[91m [1776446274.860043] Client: [0m---before writing in log upd_msg->data.sensor_type= 2
[91m [1776446274.860049] Client: [0m---before writing in log upd_msg->data.sid= device_0
[91m [1776446274.860056] Client: [0m---after writing in log upd_msg->seq_no = 104
[91m [1776446274.860062] Client: [0m---after writing in log upd_msg->data.sensor_type = 2
[91m [1776446274.860068] Client: [0m---after writing in log upd_msg->reliable = 1
[91m [1776446274.923120] BSON Message: [0mInside sensor type parsing.
[91m [1776446274.923234] BSON Message: [0mInside sensor type parsing end.
[91m [1776446274.923240] BSON Message: [0mInside sid parsing
[91m [1776446274.923245] BSON Message: [0mInside temp1 parsing.
[91m [1776446274.923250] Client: [0m---before writing in log upd_msg->seq_no= 250
[91m [1776446274.923255] Client: [0m---before writing in log upd_msg->type= 4
[91m [1776446274.923259] Client: [0m---before writing in log upd_msg->frag_no= 0
[91m [1776446274.923264] Client: [0m---before writing in log upd_msg->reliable= 1
[91m [1776446274.923268] Client: [0m---before writing in log upd_msg->data.sensor_type= 1
[91m [1776446274.923272] Client: [0m---before writing in log upd_msg->data.sid= temp_1
[91m [1776446274.923278] Client: [0m---after writing in log upd_msg->seq_no = 250
[91m [1776446274.923282] Client: [0m---after writing in log upd_msg->data.sensor_type = 1
[91m [1776446274.923287] Client: [0m---after writing in log upd_msg->reliable = 1
[91m [1776446275.923543] BSON Message: [0mInside sensor type parsing.
[91m [1776446275.923560] BSON Message: [0mInside sensor type parsing end.
[91m [1776446275.923567] BSON Message: [0mInside sid parsing
[91m [1776446275.923571] BSON Message: [0mInside temp1 parsing.
[91m [1776446275.923578] Client: [0m---before writing in log upd_msg->seq_no= 251
[91m [1776446275.923584] Client: [0m---before writing in log upd_msg->type= 4
[91m [1776446275.923587] Client: [0m---before writing in log upd_msg->frag_no= 0
[91m [1776446275.923592] Client: [0m---before writing in log upd_msg->reliable= 1
[91m [1776446275.923595] Client: [0m---before writing in log upd_msg->data.sensor_type= 1
[91m [1776446275.923599] Client: [0m---before writing in log upd_msg->data.sid= temp_1
[91m [1776446275.923606] Client: [0m---after writing in log upd_msg->seq_no = 251
[91m [1776446275.923611] Client: [0m---after writing in log upd_msg->data.sensor_type = 1
[91m [1776446275.923615] Client: [0m---after writing in log upd_msg->reliable = 1
[91m [1776446276.923765] BSON Message: [0mInside sensor type parsing.
[91m [1776446276.923778] BSON Message: [0mInside sensor type parsing end.
[91m [1776446276.923784] BSON Message: [0mInside sid parsing
[91m [1776446276.923789] BSON Message: [0mInside temp1 parsing.
[91m [1776446276.923795] Client: [0m---before writing in log upd_msg->seq_no= 252
[91m [1776446276.923800] Client: [0m---before writing in log upd_msg->type= 4
[91m [1776446276.923805] Client: [0m---before writing in log upd_msg->frag_no= 0
[91m [1776446276.923810] Client: [0m---before writing in log upd_msg->reliable= 1
[91m [1776446276.923814] Client: [0m---before writing in log upd_msg->data.sensor_type= 1
[91m [1776446276.923818] Client: [0m---before writing in log upd_msg->data.sid= temp_1
[91m [1776446276.923824] Client: [0m---after writing in log upd_msg->seq_no = 252
[91m [1776446276.923829] Client: [0m---after writing in log upd_msg->data.sensor_type = 1
[91m [1776446276.923834] Client: [0m---after writing in log upd_msg->reliable = 1
[91m [1776446277.924030] BSON Message: [0mInside sensor type parsing.
[91m [1776446277.924040] BSON Message: [0mInside sensor type parsing end.
[91m [1776446277.924044] BSON Message: [0mInside sid parsing
[91m [1776446277.924048] BSON Message: [0mInside temp1 parsing.
is 4
---------Update message arrived------------ 1
Got a message from the server.
Message type is 4
---------Update message arrived------------ 1
Got a message from the server.
Message type is 4
---------Update message arrived------------ 1
Got a message from the server.
Message type is 4
---------Update message arrived------------ 1
Got a message from the server.
Message type is 4
---------Update message arrived------------ 1
Got a message from the server.
Message type is 4
---------Update message arrived------------ 1
Got a message from the server.
Message type is 4
---------Update message arrived------------ 1
Got a message from the server.
Message type is 4
---------Update message arrived------------ 1
Got a message from the server.
Message type is 4
---------Update message arrived------------ 1
Got a message from the server.
Message type is 4
---------Update message arrived------------ 1
Got a message from the server.
Message type is 4
---------Update message arrived------------ 1
Got a message from the server.
Message type is 4
---------Update message arrived------------ 1
Got a message from the server.
Message type is 4
---------Update message arrived------------ 1
Got a message from the server.
Message type is 4
---------Update message arrived------------ 1
Got a message from the server.
Message type is 4
---------Update message arrived------------ 1
Got a message from the server.
Message type is 4
---------Update message arrived------------ 1
Got a message from the server.
Message type is 4
---------Update message arrived------------ 1
Got a message from the server.
Message type is 4
---------Update message arrived------------ 1
Got a message from the server.
Message type is 4
---------Update message arrived------------ 1
Got a message from the server.
Message type is 4
---------Update message arrived------------ 1
Got a message from the server.
Message type is 4
---------Update message arrived------------ 1
Got a message from the server.
Message type is 4
---------Update message arrived------------ 1
Got a message from the server.
Message type is 4
---------Update message arrived------------ 1
Got a message from the server.
Message type is 4
---------Update message arrived------------ 1
Got a message from the server.
Message type is 4
---------Update message arrived------------ 1
Got a message from the server.
Message type is 4
---------Update message arrived------------ 1
Got a message from the server.
Message type is 4
---------Update message arrived------------ 1
Got a message from the server.
Message type is 4
---------Update message arrived------------ 1
Got a message from the server.
Message type is 4
---------Update message arrived------------ 1
Got a message from the server.
Message type is 4
---------Update message arrived------------ 1
Got a message from the server.
Message type is 4
---------Update message arrived------------ 1
Got a message from the server.
Message type is 4
---------Update message arrived------------ 1
Got a message from the server.
Message type is 4
---------Update message arrived------------ 1
Got a message from the server.
Message type is 4
---------Update message arrived------------ 1
Got a message from the server.
Message type is 4
---------Update message arrived------------ 1
Got a message from the server.
Message type is 4
---------Update message arrived------------ 1
Got a message from the server.
Message type is 4
---------Update message arrived------------ 1
Got a message from the server.
Message type is 4
---------Update message arrived------------ 1
Got a message from the server.
Message type is 4
---------Update message arrived------------ 1
Got a message from the server.
Message type is 4
---------Update message arrived------------ 1
Got a message from the server.
Message type is 4
---------Update message arrived------------ 1
Got a message from the server.
Message type is 4
---------Update message arrived------------ 1
Got a message from the server.
Message type is 4
---------Update message arrived------------ 1
Got a message from the server.
Message type is 4
------[91m [1776446277.924061] Client: [0m---before writing in log upd_msg->seq_no= 253
[91m [1776446277.924065] Client: [0m---before writing in log upd_msg->type= 4
[91m [1776446277.924069] Client: [0m---before writing in log upd_msg->frag_no= 0
[91m [1776446277.924074] Client: [0m---before writing in log upd_msg->reliable= 1
[91m [1776446277.924079] Client: [0m---before writing in log upd_msg->data.sensor_type= 1
[91m [1776446277.924084] Client: [0m---before writing in log upd_msg->data.sid= temp_1
[91m [1776446277.924089] Client: [0m---after writing in log upd_msg->seq_no = 253
[91m [1776446277.924094] Client: [0m---after writing in log upd_msg->data.sensor_type = 1
[91m [1776446277.924097] Client: [0m---after writing in log upd_msg->reliable = 1
[91m [1776446278.126740] BSON Message: [0mInside sensor type parsing.
[91m [1776446278.126754] BSON Message: [0mInside sensor type parsing end.
[91m [1776446278.126760] BSON Message: [0mInside sid parsing
[91m [1776446278.126766] BSON Message: [0mInside gps1 parsing.
[91m [1776446278.126772] Client: [0m---before writing in log upd_msg->seq_no= 24
[91m [1776446278.126776] Client: [0m---before writing in log upd_msg->type= 4
[91m [1776446278.126780] Client: [0m---before writing in log upd_msg->frag_no= 0
[91m [1776446278.126784] Client: [0m---before writing in log upd_msg->reliable= 1
[91m [1776446278.126788] Client: [0m---before writing in log upd_msg->data.sensor_type= 3
[91m [1776446278.126792] Client: [0m---before writing in log upd_msg->data.sid= gps_2
[91m [1776446278.126799] Client: [0m---after writing in log upd_msg->seq_no = 24
[91m [1776446278.126804] Client: [0m---after writing in log upd_msg->data.sensor_type = 3
[91m [1776446278.126807] Client: [0m---after writing in log upd_msg->reliable = 1
[91m [1776446278.924279] BSON Message: [0mInside sensor type parsing.
[91m [1776446278.924291] BSON Message: [0mInside sensor type parsing end.
[91m [1776446278.924296] BSON Message: [0mInside sid parsing
[91m [1776446278.924301] BSON Message: [0mInside temp1 parsing.
[91m [1776446278.924306] Client: [0m---before writing in log upd_msg->seq_no= 254
[91m [1776446278.924311] Client: [0m---before writing in log upd_msg->type= 4
[91m [1776446278.924315] Client: [0m---before writing in log upd_msg->frag_no= 0
[91m [1776446278.924320] Client: [0m---before writing in log upd_msg->reliable= 1
[91m [1776446278.924325] Client: [0m---before writing in log upd_msg->data.sensor_type= 1
[91m [1776446278.924329] Client: [0m---before writing in log upd_msg->data.sid= temp_1
[91m [1776446278.924334] Client: [0m---after writing in log upd_msg->seq_no = 254
[91m [1776446278.924339] Client: [0m---after writing in log upd_msg->data.sensor_type = 1
[91m [1776446278.924344] Client: [0m---after writing in log upd_msg->reliable = 1
[91m [1776446279.593588] BSON Message: [0mInside sensor type parsing.
[91m [1776446279.593597] BSON Message: [0mInside sensor type parsing end.
[91m [1776446279.593601] BSON Message: [0mInside sid parsing
[91m [1776446279.593606] Client: [0m---before writing in log upd_msg->seq_no= 105
[91m [1776446279.593610] Client: [0m---before writing in log upd_msg->type= 4
[91m [1776446279.593614] Client: [0m---before writing in log upd_msg->frag_no= 0
[91m [1776446279.593618] Client: [0m---before writing in log upd_msg->reliable= 1
[91m [1776446279.593622] Client: [0m---before writing in log upd_msg->data.sensor_type= 2
[91m [1776446279.593626] Client: [0m---before writing in log upd_msg->data.sid= device_0
[91m [1776446279.593631] Client: [0m---after writing in log upd_msg->seq_no = 105
[91m [1776446279.593635] Client: [0m---after writing in log upd_msg->data.sensor_type = 2
[91m [1776446279.593639] Client: [0m---after writing in log upd_msg->reliable = 1
[91m [1776446279.710424] BSON Message: [0mInside sensor type parsing.
[91m [1776446279.710435] BSON Message: [0mInside sensor type parsing end.
[91m [1776446279.710441] BSON Message: [0mInside sid parsing
[91m [1776446279.710447] Client: [0m---before writing in log upd_msg->seq_no= 106
[91m [1776446279.710453] Client: [0m---before writing in log upd_msg->type= 4
[91m [1776446279.710459] Client: [0m---before writing in log upd_msg->frag_no= 0
[91m [1776446279.710465] Client: [0m---before writing in log upd_msg->reliable= 1
[91m [1776446279.710469] Client: [0m---before writing in log upd_msg->data.sensor_type= 2
[91m [1776446279.710473] Client: [0m---before writing in log upd_msg->data.sid= device_0
[91m [1776446279.710478] Client: [0m---after writing in log upd_msg->seq_no = 106
[91m [1776446279.710482] Client: [0m---after writing in log upd_msg->data.sensor_type = 2
[91m [1776446279.710485] Client: [0m---after writing in log upd_msg->reliable = 1
[91m [1776446279.924458] BSON Message: [0mInside sensor type parsing.
[91m [1776446279.924468] BSON Message: [0mInside sensor type parsing end.
[91m [1776446279.924472] BSON Message: [0mInside sid parsing
[91m [1776446279.924477] BSON Message: [0mInside temp1 parsing.
[91m [1776446279.924484] Client: [0m---before writing in log upd_msg->seq_no= 255
[91m [1776446279.924489] Client: [0m---before writing in log upd_msg->type= 4
[91m [1776446279.924493] Client: [0m---before writing in log upd_msg->frag_no= 0
[91m [1776446279.924497] Client: [0m---before writing in log upd_msg->reliable= 1
[91m [1776446279.924501] Client: [0m---before writing in log upd_msg->data.sensor_type= 1
[91m [1776446279.924506] Client: [0m---before writing in log upd_msg->data.sid= temp_1
[91m [1776446279.924511] Client: [0m---after writing in log upd_msg->seq_no = 255
[91m [1776446279.924515] Client: [0m---after writing in log upd_msg->data.sensor_type = 1
[91m [1776446279.924519] Client: [0m---after writing in log upd_msg->reliable = 1
[91m [1776446280.924876] BSON Message: [0mInside sensor type parsing.
[91m [1776446280.924886] BSON Message: [0mInside sensor type parsing end.
[91m [1776446280.924890] BSON Message: [0mInside sid parsing
[91m [1776446280.924894] BSON Message: [0mInside temp1 parsing.
[91m [1776446280.924899] Client: [0m---before writing in log upd_msg->seq_no= 256
[91m [1776446280.924904] Client: [0m---before writing in log upd_msg->type= 4
[91m [1776446280.924907] Client: [0m---before writing in log upd_msg->frag_no= 0
[91m [1776446280.924912] Client: [0m---before writing in log upd_msg->reliable= 1
[91m [1776446280.924925] Client: [0m---before writing in log upd_msg->data.sensor_type= 1
[91m [1776446280.924931] Client: [0m---before writing in log upd_msg->data.sid= temp_1
[91m [1776446280.924938] Client: [0m---after writing in log upd_msg->seq_no = 256
[91m [1776446280.924943] Client: [0m---after writing in log upd_msg->data.sensor_type = 1
[91m [1776446280.924948] Client: [0m---after writing in log upd_msg->reliable = 1
[91m [1776446281.925018] BSON Message: [0mInside sensor type parsing.
[91m [1776446281.925031] BSON Message: [0mInside sensor type parsing end.
[91m [1776446281.925036] BSON Message: [0mInside sid parsing
[91m [1776446281.925042] BSON Message: [0mInside temp1 parsing.
[91m [1776446281.925049] Client: [0m---before writing in log upd_msg->seq_no= 257
[91m [1776446281.925054] Client: [0m---before writing in log upd_msg->type= 4
[91m [1776446281.925059] Client: [0m---before writing in log upd_msg->frag_no= 0
[91m [1776446281.925063] Client: [0m---before writing in log upd_msg->reliable= 1
[91m [1776446281.925068] Client: [0m---before writing in log upd_msg->data.sensor_type= 1
[91m [1776446281.925074] Client: [0m---before writing in log upd_msg->data.sid= temp_1
[91m [1776446281.925080] Client: [0m---after writing in log upd_msg->seq_no = 257
[91m [1776446281.925085] Client: [0m---after writing in log upd_msg->data.sensor_type = 1
[91m [1776446281.925096] Client: [0m---after writing in log upd_msg->reliable = 1
[91m [1776446282.484761] BSON Message: [0mInside sensor type parsing.
[91m [1776446282.484773] BSON Message: [0mInside sensor type parsing end.
[91m [1776446282.484779] BSON Message: [0mInside sid parsing
[91m [1776446282.484785] Client: [0m---before writing in log upd_msg->seq_no= 107
[91m [1776446282.484790] Client: [0m---before writing in log upd_msg->type= 4
[91m [1776446282.484794] Client: [0m---before writing in log upd_msg->frag_no= 0
[91m [1776446282.484799] Client: [0m---before writing in log upd_msg->reliable= 1
[91m [1776446282.484803] Client: [0m---before writing in log upd_msg->data.sensor_type= 2
[91m [1776446282.484808] Client: [0m---before writing in log upd_msg->data.sid= device_0
[91m [1776446282.484813] Client: [0m---after writing in log upd_msg->seq_no = 107
[91m [1776446282.484817] Client: [0m---after writing in log upd_msg->data.sensor_type = 2
[91m [1776446282.484822] Client: [0m---after writing in log upd_msg->reliable = 1
[91m [1776446282.926054] BSON Message: [0mInside sensor type parsing.
[91m [1776446282.926066] BSON Message: [0mInside sensor type parsing end.
[91m [1776446282.926072] BSON Message: [0mInside sid parsing
[91m [1776446282.926077] BSON Message: [0mInside temp1 parsing.
[91m [1776446282.926083] Client: [0m---before writing in log upd_msg->seq_no= 258
[91m [1776446282.926087] Client: [0m---before writing in log upd_msg->type= 4
[91m [1776446282.926092] Client: [0m---before writing in log upd_msg->frag_no= 0
[91m [1776446282.926096] Client: [0m---before writing in log upd_msg->reliable= 1
[91m [1776446282.926101] Client: [0m---before writing in log upd_msg->data.sensor_type= 1
[91m [1776446282.926106] Client: [0m---before writing in log upd_msg->data.sid= temp_1
[91m [1776446282.926112] Client: [0m---after writing in log upd_msg->seq_no = 258
[91m [1776446282.926117] Client: [0m---after writing in log upd_msg->data.sensor_type = 1
[91m [1776446282.926121] Client: [0m---after writing in log upd_msg->reliable = 1
[91m [1776446283.925796] BSON Message: [0mInside sensor type parsing.
[91m [1776446283.925805] BSON Message: [0mInside sensor type parsing end.
[91m [1776446283.925810] BSON Message: [0mInside sid parsing
[91m [1776446283.925813] BSON Message: [0mInside temp1 parsing.
[91m [1776446283.925818] Client: [0m---before writing in log upd_msg->seq_no= 259
[91m [1776446283.925822] Client: [0m---before writing in log upd_msg->type= 4
[91m [1776446283.925826] Client: [0m---before writing in log upd_msg->frag_no= 0
[91m [1776446283.925830] Client: [0m---before writing in log upd_msg->reliable= 1
[91m [1776446283.925833] Client: [0m---before writing in log upd_msg->data.sensor_type= 1
[91m [1776446283.925837] Client: [0m---before writing in log upd_msg->data.sid= temp_1
[91m [1776446283.925843] Client: [0m---after writing in log upd_msg->seq_no = 259
[91m [1776446283.925848] Client: [0m---after writing in log upd_msg->data.sensor_type = 1
[91m [1776446283.925852] Client: [0m---after writing in log upd_msg->reliable = 1
[91m [1776446284.926008] BSON Message: [0mInside sensor type parsing.
[91m [1776446284.926039] BSON Message: [0mInside sensor type parsing end.
[91m [1776446284.926046] BSON Message: [0mInside sid parsing
[91m [1776446284.926052] BSON Message: [0mInside temp1 parsing.
[91m [1776446284.926058] Client: [0m---before writing in log upd_msg->seq_no= 260
[91m [1776446284.926063] Client: [0m---before writing in log upd_msg->type= 4
[91m [1776446284.926068] Client: [0m---before writing in log upd_msg->frag_no= 0
[91m [1776446284.926074] Client: [0m---before writing in log upd_msg->reliable= 1
[91m [1776446284.926079] Client: [0m---before writing in log upd_msg->data.sensor_type= 1
[91m [1776446284.926083] Client: [0m---before writing in log upd_msg->data.sid= temp_1
[91m [1776446284.926089] Client: [0m---after writing in log upd_msg->seq_no = 260
[91m [1776446284.926093] Client: [0m---after writing in log upd_msg->data.sensor_type = 1
[91m [1776446284.926105] Client: [0m---after writing in log upd_msg->reliable = 1
[91m [1776446285.98437] BSON Message: [0mInside sensor type parsing.
[91m [1776446285.98451] BSON Message: [0mInside sensor type parsing end.
[91m [1776446285.98456] BSON Message: [0mInside sid parsing
[91m [1776446285.98461] BSON Message: [0mInside gps1 parsing.
[91m [1776446285.98467] Client: [0m---before writing in log upd_msg->seq_no= 25
[91m [1776446285.98472] Client: [0m---before writing in log upd_msg->type= 4
[91m [1776446285.98477] Client: [0m---before writing in log upd_msg->frag_no= 0
[91m [1776446285.98483] Client: [0m---before writing in log upd_msg->reliable= 1
[91m [1776446285.98489] Client: [0m---before writing in log upd_msg->data.sensor_type= 3
[91m [1776446285.98504] Client: [0m---before writing in log upd_msg->data.sid= gps_2
[91m [1776446285.98513] Client: [0m---after writing in log upd_msg->seq_no = 25
[91m [1776446285.98519] Client: [0m---after writing in log upd_msg->data.sensor_type = 3
[91m [1776446285.98525] Client: [0m---after writing in log upd_msg->reliable = 1
[91m [1776446285.732148] BSON Message: [0mInside sensor type parsing.
[91m [1776446285.732157] BSON Message: [0mInside sensor type parsing end.
[91m [1776446285.732161] BSON Message: [0mInside sid parsing
[91m [1776446285.732168] Client: [0m---before writing in log upd_msg->seq_no= 108
[91m [1776446285.732173] Client: [0m---before writing in log upd_msg->type= 4
[91m [1776446285.732176] Client: [0m---before writing in log upd_msg->frag_no= 0
[91m [1776446285.732180] Client: [0m---before writing in log upd_msg->reliable= 1
[91m [1776446285.732183] Client: [0m---before writing in log upd_msg->data.sensor_type= 2
[91m [1776446285.732186] Client: [0m---before writing in log upd_msg->data.sid= device_0
[91m [1776446285.732189] Client: [0m---after writing in log upd_msg->seq_no = 108
[91m [1776446285.732193] Client: [0m---after writing in log upd_msg->data.sensor_type = 2
[91m [1776446285.732196] Client: [0m---after writing in log upd_msg->reliable = 1
[91m [1776446285.926154] BSON Message: [0mInside sensor type parsing.
[91m [1776446285.926166] BSON Message: [0mInside sensor type parsing end.
[91m [1776446285.926170] BSON Message: [0mInside sid parsing
[91m [1776446285.926174] BSON Message: [0mInside temp1 parsing.
[91m [1776446285.926180] Client: [0m---before writing in log upd_msg->seq_no= 261
[91m [1776446285.926183] Client: [0m---before writing in log upd_msg->type= 4
[91m [1776446285.926188] Client: [0m---before writing in log upd_msg->frag_no= 0
[91m [1776446285.926192] Client: [0m---before writing in log upd_msg->reliable= 1
[91m [1776446285.926197] Client: [0m---before writing in log upd_msg->data.sensor_type= 1
[91m [1776446285.926201] Client: [0m---before writing in log upd_msg->data.sid= temp_1
[91m [1776446285.926206] Client: [0m---after writing in log upd_msg->seq_no = 261
[91m [1776446285.926209] Client: [0m---after writing in log upd_msg->data.sensor_type = 1
[91m [1776446285.926213] Client: [0m---after writing in log upd_msg->reliable = 1
[91m [1776446286.926512] BSON Message: [0mInside sensor type parsing.
[91m [1776446286.926523] BSON Message: [0mInside sensor type parsing end.
[91m [1776446286.926527] BSON Message: [0mInside sid parsing
[91m [1776446286.926531] BSON Message: [0mInside temp1 parsing.
[91m [1776446286.926537] Client: [0m---before writing in log upd_msg->seq_no= 262
[91m [1776446286.926541] Client: [0m---before writing in log upd_msg->type= 4
[91m [1776446286.926545] Client: [0m---before writing in log upd_msg->frag_no= 0
[91m [1776446286.926549] Client: [0m---before writing in log upd_msg->reliable= 1
[91m [1776446286.926552] Client: [0m---before writing in log upd_msg->data.sensor_type= 1
[91m [1776446286.926557] Client: [0m---before writing in log upd_msg->data.sid= temp_1
[91m [1776446286.926561] Client: [0m---after writing in log upd_msg->seq_no = 262
[91m [1776446286.926566] Client: [0m---after writing in log upd_msg->data.sensor_type = 1
[91m [1776446286.926574] Client: [0m---after writing in log upd_msg->reliable = 1
[91m [1776446287.488529] BSON Message: [0mInside sensor type parsing.
[91m [1776446287.488541] BSON Message: [0mInside sensor type parsing end.
[91m [1776446287.488548] BSON Message: [0mInside sid parsing
[91m [1776446287.488555] Client: [0m---before writing in log upd_msg->seq_no= 109
[91m [1776446287.488560] Client: [0m---before writing in log upd_msg->type= 4
[91m [1776446287.488565] Client: [0m---before writing in log upd_msg->frag_no= 0
[91m [1776446287.488570] Client: [0m---before writing in log upd_msg->reliable= 1
[91m [1776446287.488575] Client: [0m---before writing in log upd_msg->data.sensor_type= 2
[91m [1776446287.488579] Client: [0m---before writing in log upd_msg->data.sid= device_0
[91m [1776446287.488585] Client: [0m---after writing in log upd_msg->seq_no = 109
[91m [1776446287.488590] Client: [0m---after writing in log upd_msg->data.sensor_type = 2
[91m [1776446287.488595] Client: [0m---after writing in log upd_msg->reliable = 1
[91m [1776446287.927156] BSON Message: [0mInside sensor type parsing.
[91m [1776446287.927175] BSON Message: [0mInside sensor type parsing end.
[91m [1776446287.927181] BSON Message: [0mInside sid parsing
[91m [1776446287.927187] BSON Message: [0mInside temp1 parsing.
[91m [1776446287.927195] Client: [0m---before writing in log upd_msg->seq_no= 263
[91m [1776446287.927201] Client: [0m---before writing in log upd_msg->type= 4
[91m [1776446287.927206] Client: [0m---before writing in log upd_msg->frag_no= 0
[91m [1776446287.927211] Client: [0m---before writing in log upd_msg->reliable= 1
[91m [1776446287.927216] Client: [0m---before writing in log upd_msg->data.sensor_type= 1
[91m [1776446287.927222] Client: [0m---before writing in log upd_msg->data.sid= temp_1
[91m [1776446287.927229] Client: [0m---after writing in log upd_msg->seq_no = 263
[91m [1776446287.927235] Client: [0m---after writing in log upd_msg->data.sensor_type = 1
[91m [1776446287.927239] Client: [0m---after writing in log upd_msg->reliable = 1
[91m [1776446288.438118] BSON Message: [0mInside sensor type parsing.
[91m [1776446288.438132] BSON Message: [0mInside sensor type parsing end.
[91m [1776446288.438138] BSON Message: [0mInside sid parsing
[91m [1776446288.438145] Client: [0m---before writing in log upd_msg->seq_no= 110
[91m [1776446288.438150] Client: [0m---before writing in log upd_msg->type= 4
[91m [1776446288.438155] Client: [0m---before writing in log upd_msg->frag_no= 0
[91m [1776446288.438159] Client: [0m---before writing in log upd_msg->reliable= 1
[91m [1776446288.438163] Client: [0m---before writing in log upd_msg->data.sensor_type= 2
[91m [1776446288.438167] Client: [0m---before writing in log upd_msg->data.sid= device_0
[91m [1776446288.438172] Client: [0m---after writing in log upd_msg->seq_no = 110
[91m [1776446288.438176] Client: [0m---after writing in log upd_msg->data.sensor_type = 2
[91m [1776446288.438181] Client: [0m---after writing in log upd_msg->reliable = 1
[91m [1776446288.927048] BSON Message: [0mInside sensor type parsing.
[91m [1776446288.927060] BSON Message: [0mInside sensor type parsing end.
[91m [1776446288.927066] BSON Message: [0mInside sid parsing
[91m [1776446288.927073] BSON Message: [0mInside temp1 parsing.
[91m [1776446288.927078] Client: [0m---before writing in log upd_msg->seq_no= 264
[91m [1776446288.927083] Client: [0m---before writing in log upd_msg->type= 4
[91m [1776446288.927087] Client: [0m---before writing in log upd_msg->frag_no= 0
[91m [1776446288.927090] Client: [0m---before writing in log upd_msg->reliable= 1
[91m [1776446288.927094] Client: [0m---before writing in log upd_msg->data.sensor_type= 1
[91m [1776446288.927097] Client: [0m---before writing in log upd_msg->data.sid= temp_1
[91m [1776446288.927102] Client: [0m---after writing in log upd_msg->seq_no = 264
[91m [1776446288.927106] Client: [0m---after writing in log upd_msg->data.sensor_type = 1
[91m [1776446288.927115] Client: [0m---after writing in log upd_msg->reliable = 1
[91m [1776446288.994623] BSON Message: [0mInside sensor type parsing.
[91m [1776446288.994634] BSON Message: [0mInside sensor type parsing end.
[91m [1776446288.994639] BSON Message: [0mInside sid parsing
[91m [1776446288.994645] Client: [0m---before writing in log upd_msg->seq_no= 111
[91m [1776446288.994650] Client: [0m---before writing in log upd_msg->type= 4
[91m [1776446288.994654] Client: [0m---before writing in log upd_msg->frag_no= 0
[91m [1776446288.994659] Client: [0m---before writing in log upd_msg->reliable= 1
[91m [1776446288.994664] Client: [0m---before writing in log upd_msg->data.sensor_type= 2
[91m [1776446288.994669] Client: [0m---before writing in log upd_msg->data.sid= device_0
[91m [1776446288.994674] Client: [0m---after writing in log upd_msg->seq_no = 111
[91m [1776446288.994678] Client: [0m---after writing in log upd_msg->data.sensor_type = 2
[91m [1776446288.994683] Client: [0m---after writing in log upd_msg->reliable = 1
[91m [1776446289.927404] BSON Message: [0mInside sensor type parsing.
[91m [1776446289.927415] BSON Message: [0mInside sensor type parsing end.
[91m [1776446289.927420] BSON Message: [0mInside sid parsing
[91m [1776446289.927425] BSON Message: [0mInside temp1 parsing.
[91m [1776446289.927431] Client: [0m---before writing in log upd_msg->seq_no= 265
[91m [1776446289.927435] Client: [0m---before writing in log upd_msg->type= 4
[91m [1776446289.927440] Client: [0m---before writing in log upd_msg->frag_no= 0
[91m [1776446289.927446] Client: [0m---before writing in log upd_msg->reliable= 1
[91m [1776446289.927451] Client: [0m---before writing in log upd_msg->data.sensor_type= 1
[91m [1776446289.927455] Client: [0m---before writing in log upd_msg->data.sid= temp_1
[91m [1776446289.927460] Client: [0m---after writing in log upd_msg->seq_no = 265
[91m [1776446289.927465] Client: [0m---after writing in log upd_msg->data.sensor_type = 1
[91m [1776446289.927469] Client: [0m---after writing in log upd_msg->reliable = 1
[91m [1776446290.2087] BSON Message: [0mInside sensor type parsing.
[91m [1776446290.2099] BSON Message: [0mInside sensor type parsing end.
[91m [1776446290.2104] BSON Message: [0mInside sid parsing
[91m [1776446290.2110] Client: [0m---before writing in log upd_msg->seq_no= 112
[91m [1776446290.2115] Client: [0m---before writing in log upd_msg->type= 4
[91m [1776446290.2120] Client: [0m---before writing in log upd_msg->frag_no= 0
[91m [1776446290.2125] Client: [0m---before writing in log upd_msg->reliable= 1
[91m [1776446290.2129] Client: [0m---before writing in log upd_msg->data.sensor_type= 2
[91m [1776446290.2134] Client: [0m---before writing in log upd_msg->data.sid= device_0
[91m [1776446290.2140] Client: [0m---after writing in log upd_msg->seq_no = 112
[91m [1776446290.2144] Client: [0m---after writing in log upd_msg->data.sensor_type = 2
[91m [1776446290.2149] Client: [0m---after writing in log upd_msg->reliable = 1
[91m [1776446290.928035] BSON Message: [0mInside sensor type parsing.
[91m [1776446290.928049] BSON Message: [0mInside sensor type parsing end.
[91m [1776446290.928054] BSON Message: [0mInside sid parsing
[91m [1776446290.928060] BSON Message: [0mInside temp1 parsing.
[91m [1776446290.928065] Client: [0m---before writing in log upd_msg->seq_no= 266
[91m [1776446290.928068] Client: [0m---before writing in log upd_msg->type= 4
[91m [1776446290.928073] Client: [0m---before writing in log upd_msg->frag_no= 0
[91m [1776446290.928077] Client: [0m---before writing in log upd_msg->reliable= 1
[91m [1776446290.928082] Client: [0m---before writing in log upd_msg->data.sensor_type= 1
[91m [1776446290.928086] Client: [0m---before writing in log upd_msg->data.sid= temp_1
[91m [1776446290.928092] Client: [0m---after writing in log upd_msg->seq_no = 266
[91m [1776446290.928096] Client: [0m---after writing in log upd_msg->data.sensor_type = 1
[91m [1776446290.928100] Client: [0m---after writing in log upd_msg->reliable = 1
[91m [1776446291.928206] BSON Message: [0mInside sensor type parsing.
[91m [1776446291.928217] BSON Message: [0mInside sensor type parsing end.
[91m [1776446291.928223] BSON Message: [0mInside sid parsing
[91m [1776446291.928229] BSON Message: [0mInside temp1 parsing.
[91m [1776446291.928236] Client: [0m---before writing in log upd_msg->seq_no= 267
[91m [1776446291.928240] Client: [0m---before writing in log upd_msg->type= 4
[91m [1776446291.928243] Client: [0m---before writing in log upd_msg->frag_no= 0
[91m [1776446291.928247] Client: [0m---before writing in log upd_msg->reliable= 1
[91m [1776446291.928251] Client: [0m---before writing in log upd_msg->data.sensor_type= 1
[91m [1776446291.928256] Client: [0m---before writing in log upd_msg->data.sid= temp_1
[91m [1776446291.928262] Client: [0m---after writing in log upd_msg->seq_no = 267
[91m [1776446291.928267] Client: [0m---after writing in log upd_msg->data.sensor_type = 1
[91m [1776446291.928272] Client: [0m---after writing in log upd_msg->reliable = 1
[91m [1776446292.928475] BSON Message: [0mInside sensor type parsing.
[91m [1776446292.928489] BSON Message: [0mInside sensor type parsing end.
[91m [1776446292.928496] BSON Message: [0mInside sid parsing
[91m [1776446292.928503] BSON Message: [0mInside temp1 parsing.
[91m [1776446292.928510] Client: [0m---before writing in log upd_msg->seq_no= 268
[91m [1776446292.928515] Client: [0m---before writing in log upd_msg->type= 4
[91m [1776446292.928521] Client: [0m---before writing in log upd_msg->frag_no= 0
[91m [1776446292.928527] Client: [0m---before writing in log upd_msg->reliable= 1
[91m [1776446292.928532] Client: [0m---before writing in log upd_msg->data.sensor_type= 1
[91m [1776446292.928538] Client: [0m---before writing in log upd_msg->data.sid= temp_1
[91m [1776446292.928546] Client: [0m---after writing in log upd_msg->seq_no = 268
[91m [1776446292.928552] Client: [0m---after writing in log upd_msg->data.sensor_type = 1
[91m [1776446292.928557] Client: [0m---after writing in log upd_msg->reliable = 1
[91m [1776446293.519104] BSON Message: [0mInside sensor type parsing.
[91m [1776446293.519117] BSON Message: [0mInside sensor type parsing end.
[91m [1776446293.519124] BSON Message: [0mInside sid parsing
[91m [1776446293.519131] Client: [0m---before writing in log upd_msg->seq_no= 113
[91m [1776446293.519137] Client: [0m---before writing in log upd_msg->type= 4
[91m [1776446293.519143] Client: [0m---before writing in log upd_msg->frag_no= 0
[91m [1776446293.519149] Client: [0m---before writing in log upd_msg->reliable= 1
[91m [1776446293.519154] Client: [0m---before writing in log upd_msg->data.sensor_type= 2
[91m [1776446293.519160] Client: [0m---before writing in log upd_msg->data.sid= device_0
[91m [1776446293.519166] Client: [0m---after writing in log upd_msg->seq_no = 113
[91m [1776446293.519170] Client: [0m---after writing in log upd_msg->data.sensor_type = 2
[91m [1776446293.519174] Client: [0m---after writing in log upd_msg->reliable = 1
[91m [1776446293.929324] BSON Message: [0mInside sensor type parsing.
[91m [1776446293.929335] BSON Message: [0mInside sensor type parsing end.
[91m [1776446293.929340] BSON Message: [0mInside sid parsing
[91m [1776446293.929345] BSON Message: [0mInside temp1 parsing.
[91m [1776446293.929350] Client: [0m---before writing in log upd_msg->seq_no= 269
[91m [1776446293.929353] Client: [0m---before writing in log upd_msg->type= 4
[91m [1776446293.929356] Client: [0m---before writing in log upd_msg->frag_no= 0
[91m [1776446293.929359] Client: [0m---before writing in log upd_msg->reliable= 1
[91m [1776446293.929362] Client: [0m---before writing in log upd_msg->data.sensor_type= 1
[91m [1776446293.929365] Client: [0m---before writing in log upd_msg->data.sid= temp_1
[91m [1776446293.929369] Client: [0m---after writing in log upd_msg->seq_no = 269
[91m [1776446293.929372] Client: [0m---after writing in log upd_msg->data.sensor_type = 1
[91m [1776446293.929379] Client: [0m---after writing in log upd_msg->reliable = 1
[91m [1776446294.228841] BSON Message: [0mInside sensor type parsing.
[91m [1776446294.228854] BSON Message: [0mInside sensor type parsing end.
[91m [1776446294.228859] BSON Message: [0mInside sid parsing
[91m [1776446294.228865] Client: [0m---before writing in log upd_msg->seq_no= 114
[91m [1776446294.228870] Client: [0m---before writing in log upd_msg->type= 4
[91m [1776446294.228874] Client: [0m---before writing in log upd_msg->frag_no= 0
[91m [1776446294.228879] Client: [0m---before writing in log upd_msg->reliable= 1
[91m [1776446294.228883] Client: [0m---before writing in log upd_msg->data.sensor_type= 2
[91m [1776446294.228888] Client: [0m---before writing in log upd_msg->data.sid= device_0
[91m [1776446294.228894] Client: [0m---after writing in log upd_msg->seq_no = 114
[91m [1776446294.228899] Client: [0m---after writing in log upd_msg->data.sensor_type = 2
[91m [1776446294.228904] Client: [0m---after writing in log upd_msg->reliable = 1
[91m [1776446294.928992] BSON Message: [0mInside sensor type parsing.
[91m [1776446294.929008] BSON Message: [0mInside sensor type parsing end.
[91m [1776446294.929015] BSON Message: [0mInside sid parsing
[91m [1776446294.929023] BSON Message: [0mInside temp1 parsing.
[91m [1776446294.929032] Client: [0m---before writing in log upd_msg->seq_no= 270
[91m [1776446294.929039] Client: [0m---before writing in log upd_msg->type= 4
[91m [1776446294.929045] Client: [0m---before writing in log upd_msg->frag_no= 0
[91m [1776446294.929053] Client: [0m---before writing in log upd_msg->reliable= 1
[91m [1776446294.929060] Client: [0m---before writing in log upd_msg->data.sensor_type= 1
[91m [1776446294.929067] Client: [0m---before writing in log upd_msg->data.sid= temp_1
[91m [1776446294.929074] Client: [0m---after writing in log upd_msg->seq_no = 270
[91m [1776446294.929081] Client: [0m---after writing in log upd_msg->data.sensor_type = 1
[91m [1776446294.929087] Client: [0m---after writing in log upd_msg->reliable = 1
[91m [1776446295.929306] BSON Message: [0mInside sensor type parsing.
[91m [1776446295.929316] BSON Message: [0mInside sensor type parsing end.
[91m [1776446295.929320] BSON Message: [0mInside sid parsing
[91m [1776446295.929323] BSON Message: [0mInside temp1 parsing.
[91m [1776446295.929328] Client: [0m---before writing in log upd_msg->seq_no= 271
[91m [1776446295.929331] Client: [0m---before writing in log upd_msg->type= 4
[91m [1776446295.929334] Client: [0m---before writing in log upd_msg->frag_no= 0
[91m [1776446295.929338] Client: [0m---before writing in log upd_msg->reliable= 1
[91m [1776446295.929341] Client: [0m---before writing in log upd_msg->data.sensor_type= 1
[91m [1776446295.929344] Client: [0m---before writing in log upd_msg->data.sid= temp_1
[91m [1776446295.929350] Client: [0m---after writing in log upd_msg->seq_no = 271
[91m [1776446295.929353] Client: [0m---after writing in log upd_msg->data.sensor_type = 1
[91m [1776446295.929357] Client: [0m---after writing in log upd_msg->reliable = 1
[91m [1776446296.346721] BSON Message: [0mInside sensor type parsing.
[91m [1776446296.346732] BSON Message: [0mInside sensor type parsing end.
[91m [1776446296.346735] BSON Message: [0mInside sid parsing
[91m [1776446296.346739] BSON Message: [0mInside gps1 parsing.
[91m [1776446296.346745] Client: [0m---before writing in log upd_msg->seq_no= 26
[91m [1776446296.346750] Client: [0m---before writing in log upd_msg->type= 4
[91m [1776446296.346754] Client: [0m---before writing in log upd_msg->frag_no= 0
[91m [1776446296.346759] Client: [0m---before writing in log upd_msg->reliable= 1
[91m [1776446296.346763] Client: [0m---before writing in log upd_msg->data.sensor_type= 3
[91m [1776446296.346767] Client: [0m---before writing in log upd_msg->data.sid= gps_2
[91m [1776446296.346774] Client: [0m---after writing in log upd_msg->seq_no = 26
[91m [1776446296.346778] Client: [0m---after writing in log upd_msg->data.sensor_type = 3
[91m [1776446296.346786] Client: [0m---after writing in log upd_msg->reliable = 1
[91m [1776446296.929426] BSON Message: [0mInside sensor type parsing.
[91m [1776446296.929440] BSON Message: [0mInside sensor type parsing end.
[91m [1776446296.929446] BSON Message: [0mInside sid parsing
[91m [1776446296.929453] BSON Message: [0mInside temp1 parsing.
[91m [1776446296.929460] Client: [0m---before writing in log upd_msg->seq_no= 272
[91m [1776446296.929465] Client: [0m---before writing in log upd_msg->type= 4
[91m [1776446296.929471] Client: [0m---before writing in log upd_msg->frag_no= 0
[91m [1776446296.929477] Client: [0m---before writing in log upd_msg->reliable= 1
[91m [1776446296.929483] Client: [0m---before writing in log upd_msg->data.sensor_type= 1
[91m [1776446296.929489] Client: [0m---before writing in log upd_msg->data.sid= temp_1
[91m [1776446296.929497] Client: [0m---after writing in log upd_msg->seq_no = 272
[91m [1776446296.929503] Client: [0m---after writing in log upd_msg->data.sensor_type = 1
[91m [1776446296.929509] Client: [0m---after writing in log upd_msg->reliable = 1
[91m [1776446297.932932] BSON Message: [0mInside sensor type parsing.
[91m [1776446297.932940] BSON Message: [0mInside sensor type parsing end.
[91m [1776446297.932944] BSON Message: [0mInside sid parsing
[91m [1776446297.932947] BSON Message: [0mInside temp1 parsing.
[91m [1776446297.932952] Client: [0m---before writing in log upd_msg->seq_no= 273
[91m [1776446297.932955] Client: [0m---before writing in log upd_msg->type= 4
[91m [1776446297.932959] Client: [0m---before writing in log upd_msg->frag_no= 0
[91m [1776446297.932962] Client: [0m---before writing in log upd_msg->reliable= 1
[91m [1776446297.932965] Client: [0m---before writing in log upd_msg->data.sensor_type= 1
[91m [1776446297.932968] Client: [0m---before writing in log upd_msg->data.sid= temp_1
[91m [1776446297.932972] Client: [0m---after writing in log upd_msg->seq_no = 273
[91m [1776446297.932975] Client: [0m---after writing in log upd_msg->data.sensor_type = 1
[91m [1776446297.932978] Client: [0m---after writing in log upd_msg->reliable = 1
[91m [1776446298.125855] BSON Message: [0mInside sensor type parsing.
[91m [1776446298.125864] BSON Message: [0mInside sensor type parsing end.
[91m [1776446298.125868] BSON Message: [0mInside sid parsing
[91m [1776446298.125872] Client: [0m---before writing in log upd_msg->seq_no= 115
[91m [1776446298.125875] Client: [0m---before writing in log upd_msg->type= 4
[91m [1776446298.125878] Client: [0m---before writing in log upd_msg->frag_no= 0
[91m [1776446298.125881] Client: [0m---before writing in log upd_msg->reliable= 1
[91m [1776446298.125884] Client: [0m---before writing in log upd_msg->data.sensor_type= 2
[91m [1776446298.125887] Client: [0m---before writing in log upd_msg->data.sid= device_0
[91m [1776446298.125890] Client: [0m---after writing in log upd_msg->seq_no = 115
[91m [1776446298.125893] Client: [0m---after writing in log upd_msg->data.sensor_type = 2
[91m [1776446298.125896] Client: [0m---after writing in log upd_msg->reliable = 1
[91m [1776446298.929865] BSON Message: [0mInside sensor type parsing.
[91m [1776446298.929875] BSON Message: [0mInside sensor type parsing end.
[91m [1776446298.929880] BSON Message: [0mInside sid parsing
[91m [1776446298.929885] BSON Message: [0mInside temp1 parsing.
[91m [1776446298.929890] Client: [0m---before writing in log upd_msg->seq_no= 274
[91m [1776446298.929895] Client: [0m---before writing in log upd_msg->type= 4
[91m [1776446298.929900] Client: [0m---before writing in log upd_msg->frag_no= 0
[91m [1776446298.929906] Client: [0m---before writing in log upd_msg->reliable= 1
[91m [1776446298.929911] Client: [0m---before writing in log upd_msg->data.sensor_type= 1
[91m [1776446298.929922] Client: [0m---before writing in log upd_msg->data.sid= temp_1
[91m [1776446298.929931] Client: [0m---after writing in log upd_msg->seq_no = 274
[91m [1776446298.929937] Client: [0m---after writing in log upd_msg->data.sensor_type = 1
[91m [1776446298.929948] Client: [0m---after writing in log upd_msg->reliable = 1
[91m [1776446299.930181] BSON Message: [0mInside sensor type parsing.
[91m [1776446299.930194] BSON Message: [0mInside sensor type parsing end.
[91m [1776446299.930200] BSON Message: [0mInside sid parsing
[91m [1776446299.930207] BSON Message: [0mInside temp1 parsing.
[91m [1776446299.930214] Client: [0m---before writing in log upd_msg->seq_no= 275
[91m [1776446299.930220] Client: [0m---before writing in log upd_msg->type= 4
[91m [1776446299.930226] Client: [0m---before writing in log upd_msg->frag_no= 0
[91m [1776446299.930232] Client: [0m---before writing in log upd_msg->reliable= 1
[91m [1776446299.930237] Client: [0m---before writing in log upd_msg->data.sensor_type= 1
[91m [1776446299.930244] Client: [0m---before writing in log upd_msg->data.sid= temp_1
[91m [1776446299.930251] Client: [0m---after writing in log upd_msg->seq_no = 275
[91m [1776446299.930256] Client: [0m---after writing in log upd_msg->data.sensor_type = 1
[91m [1776446299.930262] Client: [0m---after writing in log upd_msg->reliable = 1
[91m [1776446300.930703] BSON Message: [0mInside sensor type parsing.
[91m [1776446300.930719] BSON Message: [0mInside sensor type parsing end.
[91m [1776446300.930727] BSON Message: [0mInside sid parsing
[91m [1776446300.930734] BSON Message: [0mInside temp1 parsing.
[91m [1776446300.930742] Client: [0m---before writing in log upd_msg->seq_no= 276
[91m [1776446300.930748] Client: [0m---before writing in log upd_msg->type= 4
[91m [1776446300.930755] Client: [0m---before writing in log upd_msg->frag_no= 0
[91m [1776446300.930761] Client: [0m---before writing in log upd_msg->reliable= 0
[91m [1776446300.930767] Client: [0m---before writing in log upd_msg->data.sensor_type= 1
[91m [1776446300.930773] Client: [0m---before writing in log upd_msg->data.sid= temp_1
[91m [1776446300.930781] Client: [0m---after writing in log upd_msg->seq_no = 276
[91m [1776446300.930787] Client: [0m---after writing in log upd_msg->data.sensor_type = 1
[91m [1776446300.930793] Client: [0m---after writing in log upd_msg->reliable = 0
[91m [1776446301.930677] BSON Message: [0mInside sensor type parsing.
[91m [1776446301.930690] BSON Message: [0mInside sensor type parsing end.
[91m [1776446301.930696] BSON Message: [0mInside sid parsing
[91m [1776446301.930704] BSON Message: [0mInside temp1 parsing.
[91m [1776446301.930711] Client: [0m---before writing in log upd_msg->seq_no= 277
[91m [1776446301.930718] Client: [0m---before writing in log upd_msg->type= 4
[91m [1776446301.930724] Client: [0m---before writing in log upd_msg->frag_no= 0
[91m [1776446301.930730] Client: [0m---before writing in log upd_msg->reliable= 1
[91m [1776446301.930736] Client: [0m---before writing in log upd_msg->data.sensor_type= 1
[91m [1776446301.930743] Client: [0m---before writing in log upd_msg->data.sid= temp_1
[91m [1776446301.930750] Client: [0m---after writing in log upd_msg->seq_no = 277
[91m [1776446301.930756] Client: [0m---after writing in log upd_msg->data.sensor_type = 1
[91m [1776446301.930762] Client: [0m---after writing in log upd_msg->reliable = 1
[91m [1776446302.42946] BSON Message: [0mInside sensor type parsing.
[91m [1776446302.42959] BSON Message: [0mInside sensor type parsing end.
[91m [1776446302.42967] BSON Message: [0mInside sid parsing
[91m [1776446302.42977] Client: [0m---before writing in log upd_msg->seq_no= 116
[91m [1776446302.42985] Client: [0m---before writing in log upd_msg->type= 4
[91m [1776446302.42993] Client: [0m---before writing in log upd_msg->frag_no= 0
[91m [1776446302.43001] Client: [0m---before writing in log upd_msg->reliable= 1
[91m [1776446302.43009] Client: [0m---before writing in log upd_msg->data.sensor_type= 2
[91m [1776446302.43017] Client: [0m---before writing in log upd_msg->data.sid= device_0
[91m [1776446302.43026] Client: [0m---after writing in log upd_msg->seq_no = 116
[91m [1776446302.43040] Client: [0m---after writing in log upd_msg->data.sensor_type = 2
[91m [1776446302.43044] Client: [0m---after writing in log upd_msg->reliable = 1
[91m [1776446302.931164] BSON Message: [0mInside sensor type parsing.
[91m [1776446302.931175] BSON Message: [0mInside sensor type parsing end.
[91m [1776446302.931180] BSON Message: [0mInside sid parsing
[91m [1776446302.931185] BSON Message: [0mInside temp1 parsing.
[91m [1776446302.931190] Client: [0m---before writing in log upd_msg->seq_no= 278
[91m [1776446302.931195] Client: [0m---before writing in log upd_msg->type= 4
[91m [1776446302.931200] Client: [0m---before writing in log upd_msg->frag_no= 0
[91m [1776446302.931203] Client: [0m---before writing in log upd_msg->reliable= 1
[91m [1776446302.931208] Client: [0m---before writing in log upd_msg->data.sensor_type= 1
[91m [1776446302.931213] Client: [0m---before writing in log upd_msg->data.sid= temp_1
[91m [1776446302.931218] Client: [0m---after writing in log upd_msg->seq_no = 278
[91m [1776446302.931223] Client: [0m---after writing in log upd_msg->data.sensor_type = 1
[91m [1776446302.931227] Client: [0m---after writing in log upd_msg->reliable = 1
[91m [1776446303.931338] BSON Message: [0mInside sensor type parsing.
[91m [1776446303.931349] BSON Message: [0mInside sensor type parsing end.
[91m [1776446303.931352] BSON Message: [0mInside sid parsing
[91m [1776446303.931356] BSON Message: [0mInside temp1 parsing.
[91m [1776446303.931361] Client: [0m---before writing in log upd_msg->seq_no= 279
[91m [1776446303.931365] Client: [0m---before writing in log upd_msg->type= 4
[91m [1776446303.931368] Client: [0m---before writing in log upd_msg->frag_no= 0
[91m [1776446303.931372] Client: [0m---before writing in log upd_msg->reliable= 1
[91m [1776446303.931376] Client: [0m---before writing in log upd_msg->data.sensor_type= 1
[91m [1776446303.931380] Client: [0m---before writing in log upd_msg->data.sid= temp_1
[91m [1776446303.931385] Client: [0m---after writing in log upd_msg->seq_no = 279
[91m [1776446303.931390] Client: [0m---after writing in log upd_msg->data.sensor_type = 1
[91m [1776446303.931393] Client: [0m---after writing in log upd_msg->reliable = 1
[91m [1776446304.931555] BSON Message: [0mInside sensor type parsing.
[91m [1776446304.931567] BSON Message: [0mInside sensor type parsing end.
[91m [1776446304.931572] BSON Message: [0mInside sid parsing
[91m [1776446304.931577] BSON Message: [0mInside temp1 parsing.
[91m [1776446304.931581] Client: [0m---before writing in log upd_msg->seq_no= 280
[91m [1776446304.931585] Client: [0m---before writing in log upd_msg->type= 4
[91m [1776446304.931588] Client: [0m---before writing in log upd_msg->frag_no= 0
[91m [1776446304.931591] Client: [0m---before writing in log upd_msg->reliable= 1
[91m [1776446304.931594] Client: [0m---before writing in log upd_msg->data.sensor_type= 1
[91m [1776446304.931597] Client: [0m---before writing in log upd_msg->data.sid= temp_1
[91m [1776446304.931603] Client: [0m---after writing in log upd_msg->seq_no = 280
[91m [1776446304.931608] Client: [0m---after writing in log upd_msg->data.sensor_type = 1
[91m [1776446304.931613] Client: [0m---after writing in log upd_msg->reliable = 1
[91m [1776446305.47622] BSON Message: [0mInside sensor type parsing.
[91m [1776446305.47634] BSON Message: [0mInside sensor type parsing end.
[91m [1776446305.47639] BSON Message: [0mInside sid parsing
[91m [1776446305.47644] BSON Message: [0mInside gps1 parsing.
---Update message arrived------------ 1
Got a message from the server.
Message type is 4
---------Update message arrived------------ 1
Got a message from the server.
Message type is 4
---------Update message arrived------------ 1
Got a message from the server.
Message type is 4
---------Update message arrived------------ 1
Got a message from the server.
Message type is 4
---------Update message arrived------------ 1
Got a message from the server.
Message type is 4
---------Update message arrived------------ 1
Got a message from the server.
Message type is 4
---------Update message arrived------------ 1
Got a message from the server.
Message type is 4
---------Update message arrived------------ 1
Got a message from the server.
Message type is 4
---------Update message arrived------------ 1
Got a message from the server.
Message type is 4
---------Update message arrived------------ 1
Got a message from the server.
Message type is 4
---------Update message arrived------------ 1
Got a message from the server.
Message type is 4
---------Update message arrived------------ 1
Got a message from the server.
Message type is 4
---------Update message arrived------------ 1
Got a message from the server.
Message type is 4
---------Update message arrived------------ 1
Got a message from the server.
Message type is 4
---------Update message arrived------------ 1
Got a message from the server.
Message type is 4
---------Update message arrived------------ 1
Got a message from the server.
Message type is 4
---------Update message arrived------------ 1
Got a message from the server.
Message type is 4
---------Update message arrived------------ 1
Got a message from the server.
Message type is 4
---------Update message arrived------------ 1
Got a message from the server.
Message type is 4
---------Update message arrived------------ 1
Got a message from the server.
Message type is 4
---------Update message arrived------------ 1
Got a message from the server.
Message type is 4
---------Update message arrived------------ 1
Got a message from the server.
Message type is 4
---------Update message arrived------------ 1
Got a message from the server.
Message type is 4
---------Update message arrived------------ 1
Got a message from the server.
Message type is 4
---------Update message arrived------------ 1
Got a message from the server.
Message type is 4
---------Update message arrived------------ 1
Got a message from the server.
Message type is 4
---------Update message arrived------------ 1
Got a message from the server.
Message type is 4
---------Update message arrived------------ 1
Got a message from the server.
Message type is 4
---------Update message arrived------------ 1
Got a message from the server.
Message type is 4
---------Update message arrived------------ 1
Got a message from the server.
Message type is 4
---------Update message arrived------------ 1
Got a message from the server.
Message type is 4
---------Update message arrived------------ 1
Got a message from the server.
Message type is 4
---------Update message arrived------------ 1
Got a message from the server.
Message type is 4
---------Update message arrived------------ 1
Got a message from the server.
Message type is 4
---------Update message arrived------------ 1
Got a message from the server.
Message type is 4
---------Update message arrived------------ 1
Got a message from the server.
Message type is 4
---------Update message arrived------------ 1
Got a message from the server.
Message type is 4
---------Update message arrived------------ 1
Got a message from the server.
Message type is 4
---------Update message arrived------------ 1
Got a message from the server.
Message type is 4
---------Update message arrived------------ 1
Got a message from the server.
Message type is 4
---------Update message arrived------------ 1
Got a message from the server.
Message type is 4
---------Update message arrived------------ 1
Got a message from the server.
Message type is 4
---------Update message arrived------------ 1
Got a message from the server.
Message type is 4
---------Update m[91m [1776446305.47657] Client: [0m---before writing in log upd_msg->seq_no= 27
[91m [1776446305.47662] Client: [0m---before writing in log upd_msg->type= 4
[91m [1776446305.47666] Client: [0m---before writing in log upd_msg->frag_no= 0
[91m [1776446305.47671] Client: [0m---before writing in log upd_msg->reliable= 1
[91m [1776446305.47676] Client: [0m---before writing in log upd_msg->data.sensor_type= 3
[91m [1776446305.47681] Client: [0m---before writing in log upd_msg->data.sid= gps_2
[91m [1776446305.47691] Client: [0m---after writing in log upd_msg->seq_no = 27
[91m [1776446305.47696] Client: [0m---after writing in log upd_msg->data.sensor_type = 3
[91m [1776446305.47700] Client: [0m---after writing in log upd_msg->reliable = 1
[91m [1776446305.753795] BSON Message: [0mInside sensor type parsing.
[91m [1776446305.753807] BSON Message: [0mInside sensor type parsing end.
[91m [1776446305.753812] BSON Message: [0mInside sid parsing
[91m [1776446305.753818] Client: [0m---before writing in log upd_msg->seq_no= 117
[91m [1776446305.753823] Client: [0m---before writing in log upd_msg->type= 4
[91m [1776446305.753827] Client: [0m---before writing in log upd_msg->frag_no= 0
[91m [1776446305.753832] Client: [0m---before writing in log upd_msg->reliable= 1
[91m [1776446305.753836] Client: [0m---before writing in log upd_msg->data.sensor_type= 2
[91m [1776446305.753842] Client: [0m---before writing in log upd_msg->data.sid= device_0
[91m [1776446305.753847] Client: [0m---after writing in log upd_msg->seq_no = 117
[91m [1776446305.753852] Client: [0m---after writing in log upd_msg->data.sensor_type = 2
[91m [1776446305.753856] Client: [0m---after writing in log upd_msg->reliable = 1
[91m [1776446305.931868] BSON Message: [0mInside sensor type parsing.
[91m [1776446305.931879] BSON Message: [0mInside sensor type parsing end.
[91m [1776446305.931889] BSON Message: [0mInside sid parsing
[91m [1776446305.931895] BSON Message: [0mInside temp1 parsing.
[91m [1776446305.931901] Client: [0m---before writing in log upd_msg->seq_no= 281
[91m [1776446305.931905] Client: [0m---before writing in log upd_msg->type= 4
[91m [1776446305.931908] Client: [0m---before writing in log upd_msg->frag_no= 0
[91m [1776446305.931913] Client: [0m---before writing in log upd_msg->reliable= 1
[91m [1776446305.931928] Client: [0m---before writing in log upd_msg->data.sensor_type= 1
[91m [1776446305.931932] Client: [0m---before writing in log upd_msg->data.sid= temp_1
[91m [1776446305.931937] Client: [0m---after writing in log upd_msg->seq_no = 281
[91m [1776446305.931941] Client: [0m---after writing in log upd_msg->data.sensor_type = 1
[91m [1776446305.931958] Client: [0m---after writing in log upd_msg->reliable = 1
[91m [1776446306.932044] BSON Message: [0mInside sensor type parsing.
[91m [1776446306.932057] BSON Message: [0mInside sensor type parsing end.
[91m [1776446306.932062] BSON Message: [0mInside sid parsing
[91m [1776446306.932067] BSON Message: [0mInside temp1 parsing.
[91m [1776446306.932073] Client: [0m---before writing in log upd_msg->seq_no= 282
[91m [1776446306.932078] Client: [0m---before writing in log upd_msg->type= 4
[91m [1776446306.932100] Client: [0m---before writing in log upd_msg->frag_no= 0
[91m [1776446306.932107] Client: [0m---before writing in log upd_msg->reliable= 1
[91m [1776446306.932112] Client: [0m---before writing in log upd_msg->data.sensor_type= 1
[91m [1776446306.932117] Client: [0m---before writing in log upd_msg->data.sid= temp_1
[91m [1776446306.932123] Client: [0m---after writing in log upd_msg->seq_no = 282
[91m [1776446306.932128] Client: [0m---after writing in log upd_msg->data.sensor_type = 1
[91m [1776446306.932133] Client: [0m---after writing in log upd_msg->reliable = 1
[91m [1776446307.72398] BSON Message: [0mInside sensor type parsing.
[91m [1776446307.72414] BSON Message: [0mInside sensor type parsing end.
[91m [1776446307.72421] BSON Message: [0mInside sid parsing
[91m [1776446307.72428] Client: [0m---before writing in log upd_msg->seq_no= 118
[91m [1776446307.72435] Client: [0m---before writing in log upd_msg->type= 4
[91m [1776446307.72441] Client: [0m---before writing in log upd_msg->frag_no= 0
[91m [1776446307.72447] Client: [0m---before writing in log upd_msg->reliable= 1
[91m [1776446307.72453] Client: [0m---before writing in log upd_msg->data.sensor_type= 2
[91m [1776446307.72459] Client: [0m---before writing in log upd_msg->data.sid= device_0
[91m [1776446307.72465] Client: [0m---after writing in log upd_msg->seq_no = 118
[91m [1776446307.72479] Client: [0m---after writing in log upd_msg->data.sensor_type = 2
[91m [1776446307.72485] Client: [0m---after writing in log upd_msg->reliable = 1
[91m [1776446307.785536] BSON Message: [0mInside sensor type parsing.
[91m [1776446307.785547] BSON Message: [0mInside sensor type parsing end.
[91m [1776446307.785553] BSON Message: [0mInside sid parsing
[91m [1776446307.785557] Client: [0m---before writing in log upd_msg->seq_no= 119
[91m [1776446307.785561] Client: [0m---before writing in log upd_msg->type= 4
[91m [1776446307.785564] Client: [0m---before writing in log upd_msg->frag_no= 0
[91m [1776446307.785567] Client: [0m---before writing in log upd_msg->reliable= 1
[91m [1776446307.785570] Client: [0m---before writing in log upd_msg->data.sensor_type= 2
[91m [1776446307.785573] Client: [0m---before writing in log upd_msg->data.sid= device_0
[91m [1776446307.785577] Client: [0m---after writing in log upd_msg->seq_no = 119
[91m [1776446307.785593] Client: [0m---after writing in log upd_msg->data.sensor_type = 2
[91m [1776446307.785596] Client: [0m---after writing in log upd_msg->reliable = 1
[91m [1776446307.932303] BSON Message: [0mInside sensor type parsing.
[91m [1776446307.932327] BSON Message: [0mInside sensor type parsing end.
[91m [1776446307.932335] BSON Message: [0mInside sid parsing
[91m [1776446307.932343] BSON Message: [0mInside temp1 parsing.
[91m [1776446307.932350] Client: [0m---before writing in log upd_msg->seq_no= 283
[91m [1776446307.932355] Client: [0m---before writing in log upd_msg->type= 4
[91m [1776446307.932359] Client: [0m---before writing in log upd_msg->frag_no= 0
[91m [1776446307.932363] Client: [0m---before writing in log upd_msg->reliable= 1
[91m [1776446307.932368] Client: [0m---before writing in log upd_msg->data.sensor_type= 1
[91m [1776446307.932373] Client: [0m---before writing in log upd_msg->data.sid= temp_1
[91m [1776446307.932380] Client: [0m---after writing in log upd_msg->seq_no = 283
[91m [1776446307.932385] Client: [0m---after writing in log upd_msg->data.sensor_type = 1
[91m [1776446307.932390] Client: [0m---after writing in log upd_msg->reliable = 1
[91m [1776446308.932600] BSON Message: [0mInside sensor type parsing.
[91m [1776446308.932615] BSON Message: [0mInside sensor type parsing end.
[91m [1776446308.932621] BSON Message: [0mInside sid parsing
[91m [1776446308.932628] BSON Message: [0mInside temp1 parsing.
[91m [1776446308.932635] Client: [0m---before writing in log upd_msg->seq_no= 284
[91m [1776446308.932641] Client: [0m---before writing in log upd_msg->type= 4
[91m [1776446308.932647] Client: [0m---before writing in log upd_msg->frag_no= 0
[91m [1776446308.932653] Client: [0m---before writing in log upd_msg->reliable= 1
[91m [1776446308.932659] Client: [0m---before writing in log upd_msg->data.sensor_type= 1
[91m [1776446308.932666] Client: [0m---before writing in log upd_msg->data.sid= temp_1
[91m [1776446308.932673] Client: [0m---after writing in log upd_msg->seq_no = 284
[91m [1776446308.932679] Client: [0m---after writing in log upd_msg->data.sensor_type = 1
[91m [1776446308.932685] Client: [0m---after writing in log upd_msg->reliable = 1
[91m [1776446309.933193] BSON Message: [0mInside sensor type parsing.
[91m [1776446309.933205] BSON Message: [0mInside sensor type parsing end.
[91m [1776446309.933211] BSON Message: [0mInside sid parsing
[91m [1776446309.933216] BSON Message: [0mInside temp1 parsing.
[91m [1776446309.933222] Client: [0m---before writing in log upd_msg->seq_no= 285
[91m [1776446309.933227] Client: [0m---before writing in log upd_msg->type= 4
[91m [1776446309.933232] Client: [0m---before writing in log upd_msg->frag_no= 0
[91m [1776446309.933237] Client: [0m---before writing in log upd_msg->reliable= 1
[91m [1776446309.933241] Client: [0m---before writing in log upd_msg->data.sensor_type= 1
[91m [1776446309.933246] Client: [0m---before writing in log upd_msg->data.sid= temp_1
[91m [1776446309.933256] Client: [0m---after writing in log upd_msg->seq_no = 285
[91m [1776446309.933261] Client: [0m---after writing in log upd_msg->data.sensor_type = 1
[91m [1776446309.933265] Client: [0m---after writing in log upd_msg->reliable = 1
[91m [1776446310.933319] BSON Message: [0mInside sensor type parsing.
[91m [1776446310.933332] BSON Message: [0mInside sensor type parsing end.
[91m [1776446310.933339] BSON Message: [0mInside sid parsing
[91m [1776446310.933345] BSON Message: [0mInside temp1 parsing.
[91m [1776446310.933352] Client: [0m---before writing in log upd_msg->seq_no= 286
[91m [1776446310.933358] Client: [0m---before writing in log upd_msg->type= 4
[91m [1776446310.933363] Client: [0m---before writing in log upd_msg->frag_no= 0
[91m [1776446310.933369] Client: [0m---before writing in log upd_msg->reliable= 1
[91m [1776446310.933374] Client: [0m---before writing in log upd_msg->data.sensor_type= 1
[91m [1776446310.933379] Client: [0m---before writing in log upd_msg->data.sid= temp_1
[91m [1776446310.933386] Client: [0m---after writing in log upd_msg->seq_no = 286
[91m [1776446310.933391] Client: [0m---after writing in log upd_msg->data.sensor_type = 1
[91m [1776446310.933397] Client: [0m---after writing in log upd_msg->reliable = 1
[91m [1776446311.639021] BSON Message: [0mInside sensor type parsing.
[91m [1776446311.639031] BSON Message: [0mInside sensor type parsing end.
[91m [1776446311.639036] BSON Message: [0mInside sid parsing
[91m [1776446311.639042] Client: [0m---before writing in log upd_msg->seq_no= 120
[91m [1776446311.639047] Client: [0m---before writing in log upd_msg->type= 4
[91m [1776446311.639051] Client: [0m---before writing in log upd_msg->frag_no= 0
[91m [1776446311.639055] Client: [0m---before writing in log upd_msg->reliable= 1
[91m [1776446311.639060] Client: [0m---before writing in log upd_msg->data.sensor_type= 2
[91m [1776446311.639065] Client: [0m---before writing in log upd_msg->data.sid= device_0
[91m [1776446311.639069] Client: [0m---after writing in log upd_msg->seq_no = 120
[91m [1776446311.639074] Client: [0m---after writing in log upd_msg->data.sensor_type = 2
[91m [1776446311.639079] Client: [0m---after writing in log upd_msg->reliable = 1
[91m [1776446311.933651] BSON Message: [0mInside sensor type parsing.
[91m [1776446311.933666] BSON Message: [0mInside sensor type parsing end.
[91m [1776446311.933673] BSON Message: [0mInside sid parsing
[91m [1776446311.933680] BSON Message: [0mInside temp1 parsing.
[91m [1776446311.933688] Client: [0m---before writing in log upd_msg->seq_no= 287
[91m [1776446311.933695] Client: [0m---before writing in log upd_msg->type= 4
[91m [1776446311.933701] Client: [0m---before writing in log upd_msg->frag_no= 0
[91m [1776446311.933707] Client: [0m---before writing in log upd_msg->reliable= 1
[91m [1776446311.933713] Client: [0m---before writing in log upd_msg->data.sensor_type= 1
[91m [1776446311.933720] Client: [0m---before writing in log upd_msg->data.sid= temp_1
[91m [1776446311.933742] Client: [0m---after writing in log upd_msg->seq_no = 287
[91m [1776446311.933748] Client: [0m---after writing in log upd_msg->data.sensor_type = 1
[91m [1776446311.933754] Client: [0m---after writing in log upd_msg->reliable = 1
[91m [1776446312.933714] BSON Message: [0mInside sensor type parsing.
[91m [1776446312.933727] BSON Message: [0mInside sensor type parsing end.
[91m [1776446312.933732] BSON Message: [0mInside sid parsing
[91m [1776446312.933737] BSON Message: [0mInside temp1 parsing.
[91m [1776446312.933743] Client: [0m---before writing in log upd_msg->seq_no= 288
[91m [1776446312.933748] Client: [0m---before writing in log upd_msg->type= 4
[91m [1776446312.933752] Client: [0m---before writing in log upd_msg->frag_no= 0
[91m [1776446312.933756] Client: [0m---before writing in log upd_msg->reliable= 0
[91m [1776446312.933760] Client: [0m---before writing in log upd_msg->data.sensor_type= 1
[91m [1776446312.933764] Client: [0m---before writing in log upd_msg->data.sid= temp_1
[91m [1776446312.933784] Client: [0m---after writing in log upd_msg->seq_no = 288
[91m [1776446312.933790] Client: [0m---after writing in log upd_msg->data.sensor_type = 1
[91m [1776446312.933794] Client: [0m---after writing in log upd_msg->reliable = 0
[91m [1776446313.934073] BSON Message: [0mInside sensor type parsing.
[91m [1776446313.934086] BSON Message: [0mInside sensor type parsing end.
[91m [1776446313.934092] BSON Message: [0mInside sid parsing
[91m [1776446313.934098] BSON Message: [0mInside temp1 parsing.
[91m [1776446313.934105] Client: [0m---before writing in log upd_msg->seq_no= 289
[91m [1776446313.934111] Client: [0m---before writing in log upd_msg->type= 4
[91m [1776446313.934117] Client: [0m---before writing in log upd_msg->frag_no= 0
[91m [1776446313.934122] Client: [0m---before writing in log upd_msg->reliable= 1
[91m [1776446313.934128] Client: [0m---before writing in log upd_msg->data.sensor_type= 1
[91m [1776446313.934133] Client: [0m---before writing in log upd_msg->data.sid= temp_1
[91m [1776446313.934139] Client: [0m---after writing in log upd_msg->seq_no = 289
[91m [1776446313.934146] Client: [0m---after writing in log upd_msg->data.sensor_type = 1
[91m [1776446313.934151] Client: [0m---after writing in log upd_msg->reliable = 1
[91m [1776446314.934542] BSON Message: [0mInside sensor type parsing.
[91m [1776446314.934556] BSON Message: [0mInside sensor type parsing end.
[91m [1776446314.934560] BSON Message: [0mInside sid parsing
[91m [1776446314.934565] BSON Message: [0mInside temp1 parsing.
[91m [1776446314.934570] Client: [0m---before writing in log upd_msg->seq_no= 290
[91m [1776446314.934574] Client: [0m---before writing in log upd_msg->type= 4
[91m [1776446314.934579] Client: [0m---before writing in log upd_msg->frag_no= 0
[91m [1776446314.934583] Client: [0m---before writing in log upd_msg->reliable= 0
[91m [1776446314.934587] Client: [0m---before writing in log upd_msg->data.sensor_type= 1
[91m [1776446314.934591] Client: [0m---before writing in log upd_msg->data.sid= temp_1
[91m [1776446314.934597] Client: [0m---after writing in log upd_msg->seq_no = 290
[91m [1776446314.934602] Client: [0m---after writing in log upd_msg->data.sensor_type = 1
[91m [1776446314.934606] Client: [0m---after writing in log upd_msg->reliable = 0
[91m [1776446315.842337] BSON Message: [0mInside sensor type parsing.
[91m [1776446315.842348] BSON Message: [0mInside sensor type parsing end.
[91m [1776446315.842352] BSON Message: [0mInside sid parsing
[91m [1776446315.842357] BSON Message: [0mInside gps1 parsing.
[91m [1776446315.842362] Client: [0m---before writing in log upd_msg->seq_no= 28
[91m [1776446315.842366] Client: [0m---before writing in log upd_msg->type= 4
[91m [1776446315.842370] Client: [0m---before writing in log upd_msg->frag_no= 0
[91m [1776446315.842376] Client: [0m---before writing in log upd_msg->reliable= 1
[91m [1776446315.842381] Client: [0m---before writing in log upd_msg->data.sensor_type= 3
[91m [1776446315.842384] Client: [0m---before writing in log upd_msg->data.sid= gps_2
[91m [1776446315.842389] Client: [0m---after writing in log upd_msg->seq_no = 28
[91m [1776446315.842392] Client: [0m---after writing in log upd_msg->data.sensor_type = 3
[91m [1776446315.842395] Client: [0m---after writing in log upd_msg->reliable = 1
[91m [1776446315.934642] BSON Message: [0mInside sensor type parsing.
[91m [1776446315.934653] BSON Message: [0mInside sensor type parsing end.
[91m [1776446315.934659] BSON Message: [0mInside sid parsing
[91m [1776446315.934664] BSON Message: [0mInside temp1 parsing.
[91m [1776446315.934672] Client: [0m---before writing in log upd_msg->seq_no= 291
[91m [1776446315.934678] Client: [0m---before writing in log upd_msg->type= 4
[91m [1776446315.934684] Client: [0m---before writing in log upd_msg->frag_no= 0
[91m [1776446315.934689] Client: [0m---before writing in log upd_msg->reliable= 1
[91m [1776446315.934697] Client: [0m---before writing in log upd_msg->data.sensor_type= 1
[91m [1776446315.934708] Client: [0m---before writing in log upd_msg->data.sid= temp_1
[91m [1776446315.934714] Client: [0m---after writing in log upd_msg->seq_no = 291
[91m [1776446315.934720] Client: [0m---after writing in log upd_msg->data.sensor_type = 1
[91m [1776446315.934725] Client: [0m---after writing in log upd_msg->reliable = 1
[91m [1776446316.602277] BSON Message: [0mInside sensor type parsing.
[91m [1776446316.602289] BSON Message: [0mInside sensor type parsing end.
[91m [1776446316.602294] BSON Message: [0mInside sid parsing
[91m [1776446316.602300] Client: [0m---before writing in log upd_msg->seq_no= 121
[91m [1776446316.602304] Client: [0m---before writing in log upd_msg->type= 4
[91m [1776446316.602308] Client: [0m---before writing in log upd_msg->frag_no= 0
[91m [1776446316.602312] Client: [0m---before writing in log upd_msg->reliable= 1
[91m [1776446316.602316] Client: [0m---before writing in log upd_msg->data.sensor_type= 2
[91m [1776446316.602320] Client: [0m---before writing in log upd_msg->data.sid= device_0
[91m [1776446316.602325] Client: [0m---after writing in log upd_msg->seq_no = 121
[91m [1776446316.602329] Client: [0m---after writing in log upd_msg->data.sensor_type = 2
[91m [1776446316.602333] Client: [0m---after writing in log upd_msg->reliable = 1
[91m [1776446316.730086] BSON Message: [0mInside sensor type parsing.
[91m [1776446316.730098] BSON Message: [0mInside sensor type parsing end.
[91m [1776446316.730103] BSON Message: [0mInside sid parsing
[91m [1776446316.730109] Client: [0m---before writing in log upd_msg->seq_no= 122
[91m [1776446316.730114] Client: [0m---before writing in log upd_msg->type= 4
[91m [1776446316.730119] Client: [0m---before writing in log upd_msg->frag_no= 0
[91m [1776446316.730124] Client: [0m---before writing in log upd_msg->reliable= 1
[91m [1776446316.730128] Client: [0m---before writing in log upd_msg->data.sensor_type= 2
[91m [1776446316.730133] Client: [0m---before writing in log upd_msg->data.sid= device_0
[91m [1776446316.730139] Client: [0m---after writing in log upd_msg->seq_no = 122
[91m [1776446316.730144] Client: [0m---after writing in log upd_msg->data.sensor_type = 2
[91m [1776446316.730148] Client: [0m---after writing in log upd_msg->reliable = 1
[91m [1776446316.934959] BSON Message: [0mInside sensor type parsing.
[91m [1776446316.934973] BSON Message: [0mInside sensor type parsing end.
[91m [1776446316.934980] BSON Message: [0mInside sid parsing
[91m [1776446316.934987] BSON Message: [0mInside temp1 parsing.
[91m [1776446316.934994] Client: [0m---before writing in log upd_msg->seq_no= 292
[91m [1776446316.935000] Client: [0m---before writing in log upd_msg->type= 4
[91m [1776446316.935006] Client: [0m---before writing in log upd_msg->frag_no= 0
[91m [1776446316.935012] Client: [0m---before writing in log upd_msg->reliable= 1
[91m [1776446316.935018] Client: [0m---before writing in log upd_msg->data.sensor_type= 1
[91m [1776446316.935024] Client: [0m---before writing in log upd_msg->data.sid= temp_1
[91m [1776446316.935031] Client: [0m---after writing in log upd_msg->seq_no = 292
[91m [1776446316.935037] Client: [0m---after writing in log upd_msg->data.sensor_type = 1
[91m [1776446316.935043] Client: [0m---after writing in log upd_msg->reliable = 1
[91m [1776446317.772942] BSON Message: [0mInside sensor type parsing.
[91m [1776446317.772951] BSON Message: [0mInside sensor type parsing end.
[91m [1776446317.772954] BSON Message: [0mInside sid parsing
[91m [1776446317.772960] Client: [0m---before writing in log upd_msg->seq_no= 123
[91m [1776446317.772965] Client: [0m---before writing in log upd_msg->type= 4
[91m [1776446317.772970] Client: [0m---before writing in log upd_msg->frag_no= 0
[91m [1776446317.772974] Client: [0m---before writing in log upd_msg->reliable= 1
[91m [1776446317.772979] Client: [0m---before writing in log upd_msg->data.sensor_type= 2
[91m [1776446317.772983] Client: [0m---before writing in log upd_msg->data.sid= device_0
[91m [1776446317.772994] Client: [0m---after writing in log upd_msg->seq_no = 123
[91m [1776446317.773000] Client: [0m---after writing in log upd_msg->data.sensor_type = 2
[91m [1776446317.773005] Client: [0m---after writing in log upd_msg->reliable = 1
[91m [1776446317.935140] BSON Message: [0mInside sensor type parsing.
[91m [1776446317.935150] BSON Message: [0mInside sensor type parsing end.
[91m [1776446317.935156] BSON Message: [0mInside sid parsing
[91m [1776446317.935161] BSON Message: [0mInside temp1 parsing.
[91m [1776446317.935168] Client: [0m---before writing in log upd_msg->seq_no= 293
[91m [1776446317.935173] Client: [0m---before writing in log upd_msg->type= 4
[91m [1776446317.935179] Client: [0m---before writing in log upd_msg->frag_no= 0
[91m [1776446317.935184] Client: [0m---before writing in log upd_msg->reliable= 1
[91m [1776446317.935190] Client: [0m---before writing in log upd_msg->data.sensor_type= 1
[91m [1776446317.935195] Client: [0m---before writing in log upd_msg->data.sid= temp_1
[91m [1776446317.935201] Client: [0m---after writing in log upd_msg->seq_no = 293
[91m [1776446317.935206] Client: [0m---after writing in log upd_msg->data.sensor_type = 1
[91m [1776446317.935212] Client: [0m---after writing in log upd_msg->reliable = 1
[91m [1776446318.935342] BSON Message: [0mInside sensor type parsing.
[91m [1776446318.935351] BSON Message: [0mInside sensor type parsing end.
[91m [1776446318.935355] BSON Message: [0mInside sid parsing
[91m [1776446318.935359] BSON Message: [0mInside temp1 parsing.
[91m [1776446318.935364] Client: [0m---before writing in log upd_msg->seq_no= 294
[91m [1776446318.935368] Client: [0m---before writing in log upd_msg->type= 4
[91m [1776446318.935372] Client: [0m---before writing in log upd_msg->frag_no= 0
[91m [1776446318.935376] Client: [0m---before writing in log upd_msg->reliable= 1
[91m [1776446318.935380] Client: [0m---before writing in log upd_msg->data.sensor_type= 1
[91m [1776446318.935385] Client: [0m---before writing in log upd_msg->data.sid= temp_1
[91m [1776446318.935390] Client: [0m---after writing in log upd_msg->seq_no = 294
[91m [1776446318.935394] Client: [0m---after writing in log upd_msg->data.sensor_type = 1
[91m [1776446318.935398] Client: [0m---after writing in log upd_msg->reliable = 1
[91m [1776446319.935653] BSON Message: [0mInside sensor type parsing.
[91m [1776446319.935664] BSON Message: [0mInside sensor type parsing end.
[91m [1776446319.935669] BSON Message: [0mInside sid parsing
[91m [1776446319.935674] BSON Message: [0mInside temp1 parsing.
[91m [1776446319.935680] Client: [0m---before writing in log upd_msg->seq_no= 295
[91m [1776446319.935685] Client: [0m---before writing in log upd_msg->type= 4
[91m [1776446319.935691] Client: [0m---before writing in log upd_msg->frag_no= 0
[91m [1776446319.935697] Client: [0m---before writing in log upd_msg->reliable= 0
[91m [1776446319.935702] Client: [0m---before writing in log upd_msg->data.sensor_type= 1
[91m [1776446319.935708] Client: [0m---before writing in log upd_msg->data.sid= temp_1
[91m [1776446319.935714] Client: [0m---after writing in log upd_msg->seq_no = 295
[91m [1776446319.935719] Client: [0m---after writing in log upd_msg->data.sensor_type = 1
[91m [1776446319.935724] Client: [0m---after writing in log upd_msg->reliable = 0
[91m [1776446320.895923] BSON Message: [0mInside sensor type parsing.
[91m [1776446320.895932] BSON Message: [0mInside sensor type parsing end.
[91m [1776446320.895937] BSON Message: [0mInside sid parsing
[91m [1776446320.895941] BSON Message: [0mInside gps1 parsing.
[91m [1776446320.895946] Client: [0m---before writing in log upd_msg->seq_no= 29
[91m [1776446320.895950] Client: [0m---before writing in log upd_msg->type= 4
[91m [1776446320.895955] Client: [0m---before writing in log upd_msg->frag_no= 0
[91m [1776446320.895959] Client: [0m---before writing in log upd_msg->reliable= 1
[91m [1776446320.895963] Client: [0m---before writing in log upd_msg->data.sensor_type= 3
[91m [1776446320.895970] Client: [0m---before writing in log upd_msg->data.sid= gps_2
[91m [1776446320.895976] Client: [0m---after writing in log upd_msg->seq_no = 29
[91m [1776446320.895980] Client: [0m---after writing in log upd_msg->data.sensor_type = 3
[91m [1776446320.895985] Client: [0m---after writing in log upd_msg->reliable = 1
[91m [1776446320.935926] BSON Message: [0mInside sensor type parsing.
[91m [1776446320.935937] BSON Message: [0mInside sensor type parsing end.
[91m [1776446320.935941] BSON Message: [0mInside sid parsing
[91m [1776446320.935944] BSON Message: [0mInside temp1 parsing.
[91m [1776446320.935948] Client: [0m---before writing in log upd_msg->seq_no= 296
[91m [1776446320.935952] Client: [0m---before writing in log upd_msg->type= 4
[91m [1776446320.935955] Client: [0m---before writing in log upd_msg->frag_no= 0
[91m [1776446320.935959] Client: [0m---before writing in log upd_msg->reliable= 1
[91m [1776446320.935963] Client: [0m---before writing in log upd_msg->data.sensor_type= 1
[91m [1776446320.935966] Client: [0m---before writing in log upd_msg->data.sid= temp_1
[91m [1776446320.935972] Client: [0m---after writing in log upd_msg->seq_no = 296
[91m [1776446320.935976] Client: [0m---after writing in log upd_msg->data.sensor_type = 1
[91m [1776446320.935981] Client: [0m---after writing in log upd_msg->reliable = 1
[91m [1776446321.936273] BSON Message: [0mInside sensor type parsing.
[91m [1776446321.936287] BSON Message: [0mInside sensor type parsing end.
[91m [1776446321.936293] BSON Message: [0mInside sid parsing
[91m [1776446321.936299] BSON Message: [0mInside temp1 parsing.
[91m [1776446321.936305] Client: [0m---before writing in log upd_msg->seq_no= 297
[91m [1776446321.936310] Client: [0m---before writing in log upd_msg->type= 4
[91m [1776446321.936315] Client: [0m---before writing in log upd_msg->frag_no= 0
[91m [1776446321.936320] Client: [0m---before writing in log upd_msg->reliable= 1
[91m [1776446321.936324] Client: [0m---before writing in log upd_msg->data.sensor_type= 1
[91m [1776446321.936329] Client: [0m---before writing in log upd_msg->data.sid= temp_1
[91m [1776446321.936334] Client: [0m---after writing in log upd_msg->seq_no = 297
[91m [1776446321.936352] Client: [0m---after writing in log upd_msg->data.sensor_type = 1
[91m [1776446321.936357] Client: [0m---after writing in log upd_msg->reliable = 1
[91m [1776446322.624016] BSON Message: [0mInside sensor type parsing.
[91m [1776446322.624029] BSON Message: [0mInside sensor type parsing end.
[91m [1776446322.624035] BSON Message: [0mInside sid parsing
[91m [1776446322.624042] Client: [0m---before writing in log upd_msg->seq_no= 124
[91m [1776446322.624048] Client: [0m---before writing in log upd_msg->type= 4
[91m [1776446322.624054] Client: [0m---before writing in log upd_msg->frag_no= 0
[91m [1776446322.624060] Client: [0m---before writing in log upd_msg->reliable= 1
[91m [1776446322.624065] Client: [0m---before writing in log upd_msg->data.sensor_type= 2
[91m [1776446322.624071] Client: [0m---before writing in log upd_msg->data.sid= device_0
[91m [1776446322.624079] Client: [0m---after writing in log upd_msg->seq_no = 124
[91m [1776446322.624086] Client: [0m---after writing in log upd_msg->data.sensor_type = 2
[91m [1776446322.624093] Client: [0m---after writing in log upd_msg->reliable = 1
[91m [1776446322.936550] BSON Message: [0mInside sensor type parsing.
[91m [1776446322.936565] BSON Message: [0mInside sensor type parsing end.
[91m [1776446322.936571] BSON Message: [0mInside sid parsing
[91m [1776446322.936577] BSON Message: [0mInside temp1 parsing.
[91m [1776446322.936583] Client: [0m---before writing in log upd_msg->seq_no= 298
[91m [1776446322.936588] Client: [0m---before writing in log upd_msg->type= 4
[91m [1776446322.936593] Client: [0m---before writing in log upd_msg->frag_no= 0
[91m [1776446322.936598] Client: [0m---before writing in log upd_msg->reliable= 1
[91m [1776446322.936610] Client: [0m---before writing in log upd_msg->data.sensor_type= 1
[91m [1776446322.936615] Client: [0m---before writing in log upd_msg->data.sid= temp_1
[91m [1776446322.936621] Client: [0m---after writing in log upd_msg->seq_no = 298
[91m [1776446322.936626] Client: [0m---after writing in log upd_msg->data.sensor_type = 1
[91m [1776446322.936630] Client: [0m---after writing in log upd_msg->reliable = 1
[91m [1776446323.937620] BSON Message: [0mInside sensor type parsing.
[91m [1776446323.937636] BSON Message: [0mInside sensor type parsing end.
[91m [1776446323.937641] BSON Message: [0mInside sid parsing
[91m [1776446323.937647] BSON Message: [0mInside temp1 parsing.
[91m [1776446323.937653] Client: [0m---before writing in log upd_msg->seq_no= 299
[91m [1776446323.937659] Client: [0m---before writing in log upd_msg->type= 4
[91m [1776446323.937665] Client: [0m---before writing in log upd_msg->frag_no= 0
[91m [1776446323.937669] Client: [0m---before writing in log upd_msg->reliable= 1
[91m [1776446323.937674] Client: [0m---before writing in log upd_msg->data.sensor_type= 1
[91m [1776446323.937679] Client: [0m---before writing in log upd_msg->data.sid= temp_1
[91m [1776446323.937685] Client: [0m---after writing in log upd_msg->seq_no = 299
[91m [1776446323.937689] Client: [0m---after writing in log upd_msg->data.sensor_type = 1
[91m [1776446323.937693] Client: [0m---after writing in log upd_msg->reliable = 1
[91m [1776446323.990212] BSON Message: [0mInside sensor type parsing.
[91m [1776446323.990224] BSON Message: [0mInside sensor type parsing end.
[91m [1776446323.990228] BSON Message: [0mInside sid parsing
[91m [1776446323.990234] Client: [0m---before writing in log upd_msg->seq_no= 125
[91m [1776446323.990239] Client: [0m---before writing in log upd_msg->type= 4
[91m [1776446323.990243] Client: [0m---before writing in log upd_msg->frag_no= 0
[91m [1776446323.990247] Client: [0m---before writing in log upd_msg->reliable= 1
[91m [1776446323.990251] Client: [0m---before writing in log upd_msg->data.sensor_type= 2
[91m [1776446323.990255] Client: [0m---before writing in log upd_msg->data.sid= device_0
[91m [1776446323.990260] Client: [0m---after writing in log upd_msg->seq_no = 125
[91m [1776446323.990264] Client: [0m---after writing in log upd_msg->data.sensor_type = 2
[91m [1776446323.990268] Client: [0m---after writing in log upd_msg->reliable = 1
[91m [1776446324.937054] BSON Message: [0mInside sensor type parsing.
[91m [1776446324.937063] BSON Message: [0mInside sensor type parsing end.
[91m [1776446324.937068] BSON Message: [0mInside sid parsing
[91m [1776446324.937073] BSON Message: [0mInside temp1 parsing.
[91m [1776446324.937078] Client: [0m---before writing in log upd_msg->seq_no= 300
[91m [1776446324.937082] Client: [0m---before writing in log upd_msg->type= 4
[91m [1776446324.937086] Client: [0m---before writing in log upd_msg->frag_no= 0
[91m [1776446324.937090] Client: [0m---before writing in log upd_msg->reliable= 1
[91m [1776446324.937094] Client: [0m---before writing in log upd_msg->data.sensor_type= 1
[91m [1776446324.937099] Client: [0m---before writing in log upd_msg->data.sid= temp_1
[91m [1776446324.937104] Client: [0m---after writing in log upd_msg->seq_no = 300
[91m [1776446324.937108] Client: [0m---after writing in log upd_msg->data.sensor_type = 1
[91m [1776446324.937111] Client: [0m---after writing in log upd_msg->reliable = 1
[91m [1776446324.943378] BSON Message: [0mInside sensor type parsing.
[91m [1776446324.943387] BSON Message: [0mInside sensor type parsing end.
[91m [1776446324.943391] BSON Message: [0mInside sid parsing
[91m [1776446324.943396] Client: [0m---before writing in log upd_msg->seq_no= 126
[91m [1776446324.943401] Client: [0m---before writing in log upd_msg->type= 4
[91m [1776446324.943405] Client: [0m---before writing in log upd_msg->frag_no= 0
[91m [1776446324.943408] Client: [0m---before writing in log upd_msg->reliable= 0
[91m [1776446324.943413] Client: [0m---before writing in log upd_msg->data.sensor_type= 2
[91m [1776446324.943422] Client: [0m---before writing in log upd_msg->data.sid= device_0
[91m [1776446324.943427] Client: [0m---after writing in log upd_msg->seq_no = 126
[91m [1776446324.943430] Client: [0m---after writing in log upd_msg->data.sensor_type = 2
[91m [1776446324.943433] Client: [0m---after writing in log upd_msg->reliable = 0
[91m [1776446325.790056] BSON Message: [0mInside sensor type parsing.
[91m [1776446325.790069] BSON Message: [0mInside sensor type parsing end.
[91m [1776446325.790075] BSON Message: [0mInside sid parsing
[91m [1776446325.790083] Client: [0m---before writing in log upd_msg->seq_no= 127
[91m [1776446325.790089] Client: [0m---before writing in log upd_msg->type= 4
[91m [1776446325.790094] Client: [0m---before writing in log upd_msg->frag_no= 0
[91m [1776446325.790100] Client: [0m---before writing in log upd_msg->reliable= 1
[91m [1776446325.790105] Client: [0m---before writing in log upd_msg->data.sensor_type= 2
[91m [1776446325.790111] Client: [0m---before writing in log upd_msg->data.sid= device_0
[91m [1776446325.790117] Client: [0m---after writing in log upd_msg->seq_no = 127
[91m [1776446325.790122] Client: [0m---after writing in log upd_msg->data.sensor_type = 2
[91m [1776446325.790128] Client: [0m---after writing in log upd_msg->reliable = 1
[91m [1776446325.937425] BSON Message: [0mInside sensor type parsing.
[91m [1776446325.937436] BSON Message: [0mInside sensor type parsing end.
[91m [1776446325.937441] BSON Message: [0mInside sid parsing
[91m [1776446325.937447] BSON Message: [0mInside temp1 parsing.
[91m [1776446325.937453] Client: [0m---before writing in log upd_msg->seq_no= 301
[91m [1776446325.937458] Client: [0m---before writing in log upd_msg->type= 4
[91m [1776446325.937463] Client: [0m---before writing in log upd_msg->frag_no= 0
[91m [1776446325.937468] Client: [0m---before writing in log upd_msg->reliable= 1
[91m [1776446325.937473] Client: [0m---before writing in log upd_msg->data.sensor_type= 1
[91m [1776446325.937477] Client: [0m---before writing in log upd_msg->data.sid= temp_1
[91m [1776446325.937484] Client: [0m---after writing in log upd_msg->seq_no = 301
[91m [1776446325.937489] Client: [0m---after writing in log upd_msg->data.sensor_type = 1
[91m [1776446325.937494] Client: [0m---after writing in log upd_msg->reliable = 1
[91m [1776446326.937503] BSON Message: [0mInside sensor type parsing.
[91m [1776446326.937514] BSON Message: [0mInside sensor type parsing end.
[91m [1776446326.937519] BSON Message: [0mInside sid parsing
[91m [1776446326.937524] BSON Message: [0mInside temp1 parsing.
[91m [1776446326.937531] Client: [0m---before writing in log upd_msg->seq_no= 302
[91m [1776446326.937537] Client: [0m---before writing in log upd_msg->type= 4
[91m [1776446326.937542] Client: [0m---before writing in log upd_msg->frag_no= 0
[91m [1776446326.937549] Client: [0m---before writing in log upd_msg->reliable= 1
[91m [1776446326.937554] Client: [0m---before writing in log upd_msg->data.sensor_type= 1
[91m [1776446326.937559] Client: [0m---before writing in log upd_msg->data.sid= temp_1
[91m [1776446326.937565] Client: [0m---after writing in log upd_msg->seq_no = 302
[91m [1776446326.937570] Client: [0m---after writing in log upd_msg->data.sensor_type = 1
[91m [1776446326.937575] Client: [0m---after writing in log upd_msg->reliable = 1
[91m [1776446327.937847] BSON Message: [0mInside sensor type parsing.
[91m [1776446327.937860] BSON Message: [0mInside sensor type parsing end.
[91m [1776446327.937866] BSON Message: [0mInside sid parsing
[91m [1776446327.937871] BSON Message: [0mInside temp1 parsing.
[91m [1776446327.937878] Client: [0m---before writing in log upd_msg->seq_no= 303
[91m [1776446327.937882] Client: [0m---before writing in log upd_msg->type= 4
[91m [1776446327.937887] Client: [0m---before writing in log upd_msg->frag_no= 0
[91m [1776446327.937892] Client: [0m---before writing in log upd_msg->reliable= 1
[91m [1776446327.937901] Client: [0m---before writing in log upd_msg->data.sensor_type= 1
[91m [1776446327.937906] Client: [0m---before writing in log upd_msg->data.sid= temp_1
[91m [1776446327.937912] Client: [0m---after writing in log upd_msg->seq_no = 303
[91m [1776446327.937928] Client: [0m---after writing in log upd_msg->data.sensor_type = 1
[91m [1776446327.937933] Client: [0m---after writing in log upd_msg->reliable = 1
[91m [1776446328.827342] BSON Message: [0mInside sensor type parsing.
[91m [1776446328.827355] BSON Message: [0mInside sensor type parsing end.
[91m [1776446328.827362] BSON Message: [0mInside sid parsing
[91m [1776446328.827369] Client: [0m---before writing in log upd_msg->seq_no= 128
[91m [1776446328.827375] Client: [0m---before writing in log upd_msg->type= 4
[91m [1776446328.827380] Client: [0m---before writing in log upd_msg->frag_no= 0
[91m [1776446328.827385] Client: [0m---before writing in log upd_msg->reliable= 1
[91m [1776446328.827392] Client: [0m---before writing in log upd_msg->data.sensor_type= 2
[91m [1776446328.827400] Client: [0m---before writing in log upd_msg->data.sid= device_0
[91m [1776446328.827408] Client: [0m---after writing in log upd_msg->seq_no = 128
[91m [1776446328.827415] Client: [0m---after writing in log upd_msg->data.sensor_type = 2
[91m [1776446328.827421] Client: [0m---after writing in log upd_msg->reliable = 1
[91m [1776446328.938209] BSON Message: [0mInside sensor type parsing.
[91m [1776446328.938224] BSON Message: [0mInside sensor type parsing end.
[91m [1776446328.938230] BSON Message: [0mInside sid parsing
[91m [1776446328.938236] BSON Message: [0mInside temp1 parsing.
[91m [1776446328.938242] Client: [0m---before writing in log upd_msg->seq_no= 304
[91m [1776446328.938248] Client: [0m---before writing in log upd_msg->type= 4
[91m [1776446328.938252] Client: [0m---before writing in log upd_msg->frag_no= 0
[91m [1776446328.938258] Client: [0m---before writing in log upd_msg->reliable= 1
[91m [1776446328.938263] Client: [0m---before writing in log upd_msg->data.sensor_type= 1
[91m [1776446328.938268] Client: [0m---before writing in log upd_msg->data.sid= temp_1
[91m [1776446328.938274] Client: [0m---after writing in log upd_msg->seq_no = 304
[91m [1776446328.938280] Client: [0m---after writing in log upd_msg->data.sensor_type = 1
[91m [1776446328.938285] Client: [0m---after writing in log upd_msg->reliable = 1
[91m [1776446329.318691] BSON Message: [0mInside sensor type parsing.
[91m [1776446329.318705] BSON Message: [0mInside sensor type parsing end.
[91m [1776446329.318710] BSON Message: [0mInside sid parsing
[91m [1776446329.318715] BSON Message: [0mInside gps1 parsing.
[91m [1776446329.318720] Client: [0m---before writing in log upd_msg->seq_no= 30
[91m [1776446329.318724] Client: [0m---before writing in log upd_msg->type= 4
[91m [1776446329.318729] Client: [0m---before writing in log upd_msg->frag_no= 0
[91m [1776446329.318733] Client: [0m---before writing in log upd_msg->reliable= 1
[91m [1776446329.318737] Client: [0m---before writing in log upd_msg->data.sensor_type= 3
[91m [1776446329.318741] Client: [0m---before writing in log upd_msg->data.sid= gps_2
[91m [1776446329.318749] Client: [0m---after writing in log upd_msg->seq_no = 30
[91m [1776446329.318753] Client: [0m---after writing in log upd_msg->data.sensor_type = 3
[91m [1776446329.318757] Client: [0m---after writing in log upd_msg->reliable = 1
[91m [1776446329.938402] BSON Message: [0mInside sensor type parsing.
[91m [1776446329.938414] BSON Message: [0mInside sensor type parsing end.
[91m [1776446329.938419] BSON Message: [0mInside sid parsing
[91m [1776446329.938424] BSON Message: [0mInside temp1 parsing.
[91m [1776446329.938430] Client: [0m---before writing in log upd_msg->seq_no= 305
[91m [1776446329.938435] Client: [0m---before writing in log upd_msg->type= 4
[91m [1776446329.938440] Client: [0m---before writing in log upd_msg->frag_no= 0
[91m [1776446329.938444] Client: [0m---before writing in log upd_msg->reliable= 1
[91m [1776446329.938453] Client: [0m---before writing in log upd_msg->data.sensor_type= 1
[91m [1776446329.938458] Client: [0m---before writing in log upd_msg->data.sid= temp_1
[91m [1776446329.938465] Client: [0m---after writing in log upd_msg->seq_no = 305
[91m [1776446329.938469] Client: [0m---after writing in log upd_msg->data.sensor_type = 1
[91m [1776446329.938473] Client: [0m---after writing in log upd_msg->reliable = 1
[91m [1776446330.938757] BSON Message: [0mInside sensor type parsing.
[91m [1776446330.938769] BSON Message: [0mInside sensor type parsing end.
[91m [1776446330.938774] BSON Message: [0mInside sid parsing
[91m [1776446330.938779] BSON Message: [0mInside temp1 parsing.
[91m [1776446330.938785] Client: [0m---before writing in log upd_msg->seq_no= 306
[91m [1776446330.938790] Client: [0m---before writing in log upd_msg->type= 4
[91m [1776446330.938795] Client: [0m---before writing in log upd_msg->frag_no= 0
[91m [1776446330.938800] Client: [0m---before writing in log upd_msg->reliable= 1
[91m [1776446330.938804] Client: [0m---before writing in log upd_msg->data.sensor_type= 1
[91m [1776446330.938809] Client: [0m---before writing in log upd_msg->data.sid= temp_1
[91m [1776446330.938815] Client: [0m---after writing in log upd_msg->seq_no = 306
[91m [1776446330.938821] Client: [0m---after writing in log upd_msg->data.sensor_type = 1
[91m [1776446330.938825] Client: [0m---after writing in log upd_msg->reliable = 1
