[91m [1776446376.894183] BSON Message: [0mInside sensor type parsing.
[91m [1776446376.894202] BSON Message: [0mInside sensor type parsing end.
[91m [1776446376.894208] BSON Message: [0mInside sid parsing
[91m [1776446376.894212] BSON Message: [0mInside temp1 parsing.
[91m [1776446376.894218] Client: [0m---before writing in log upd_msg->seq_no= 0
[91m [1776446376.894222] Client: [0m---before writing in log upd_msg->type= 4
[91m [1776446376.894227] Client: [0m---before writing in log upd_msg->frag_no= 0
[91m [1776446376.894231] Client: [0m---before writing in log upd_msg->reliable= 1
[91m [1776446376.894236] Client: [0m---before writing in log upd_msg->data.sensor_type= 1
[91m [1776446376.894241] Client: [0m---before writing in log upd_msg->data.sid= temp_1
[91m [1776446376.894251] Client: [0m---after writing in log upd_msg->seq_no = 0
[91m [1776446376.894256] Client: [0m---after writing in log upd_msg->data.sensor_type = 1
[91m [1776446376.894262] Client: [0m---after writing in log upd_msg->reliable = 1
[91m [1776446376.894280] BSON Message: [0mInside sensor type parsing.
[91m [1776446376.894284] BSON Message: [0mInside sensor type parsing end.
[91m [1776446376.894287] BSON Message: [0mInside sid parsing
[91m [1776446376.894291] Client: [0m---before writing in log upd_msg->seq_no= 0
[91m [1776446376.894294] Client: [0m---before writing in log upd_msg->type= 4
[91m [1776446376.894297] Client: [0m---before writing in log upd_msg->frag_no= 0
[91m [1776446376.894300] Client: [0m---before writing in log upd_msg->reliable= 1
[91m [1776446376.894303] Client: [0m---before writing in log upd_msg->data.sensor_type= 2
[91m [1776446376.894306] Client: [0m---before writing in log upd_msg->data.sid= device_0
[91m [1776446376.894315] Client: [0m---after writing in log upd_msg->seq_no = 0
[91m [1776446376.894320] Client: [0m---after writing in log upd_msg->data.sensor_type = 2
[91m [1776446376.894324] Client: [0m---after writing in log upd_msg->reliable = 1
[91m [1776446376.894341] BSON Message: [0mInside sensor type parsing.
[91m [1776446376.894344] BSON Message: [0mInside sensor type parsing end.
[91m [1776446376.894348] BSON Message: [0mInside sid parsing
[91m [1776446376.894351] BSON Message: [0mInside gps1 parsing.
[91m [1776446376.894355] Client: [0m---before writing in log upd_msg->seq_no= 0
[91m [1776446376.894358] Client: [0m---before writing in log upd_msg->type= 4
[91m [1776446376.894361] Client: [0m---before writing in log upd_msg->frag_no= 0
[91m [1776446376.894365] Client: [0m---before writing in log upd_msg->reliable= 1
[91m [1776446376.894369] Client: [0m---before writing in log upd_msg->data.sensor_type= 3
[91m [1776446376.894373] Client: [0m---before writing in log upd_msg->data.sid= gps_2
[91m [1776446376.894388] Client: [0m---after writing in log upd_msg->seq_no = 0
[91m [1776446376.894392] Client: [0m---after writing in log upd_msg->data.sensor_type = 3
[91m [1776446376.894395] Client: [0m---after writing in log upd_msg->reliable = 1
[91m [1776446376.953338] BSON Message: [0mInside sensor type parsing.
[91m [1776446376.953346] BSON Message: [0mInside sensor type parsing end.
[91m [1776446376.953350] BSON Message: [0mInside sid parsing
[91m [1776446376.953354] BSON Message: [0mInside temp1 parsing.
[91m [1776446376.953359] Client: [0m---before writing in log upd_msg->seq_no= 1
[91m [1776446376.953363] Client: [0m---before writing in log upd_msg->type= 4
[91m [1776446376.953367] Client: [0m---before writing in log upd_msg->frag_no= 0
[91m [1776446376.953371] Client: [0m---before writing in log upd_msg->reliable= 1
[91m [1776446376.953375] Client: [0m---before writing in log upd_msg->data.sensor_type= 1
[91m [1776446376.953379] Client: [0m---before writing in log upd_msg->data.sid= temp_1
[91m [1776446376.953398] Client: [0m---after writing in log upd_msg->seq_no = 1
[91m [1776446376.953401] Client: [0m---after writing in log upd_msg->data.sensor_type = 1
[91m [1776446376.953404] Client: [0m---after writing in log upd_msg->reliable = 1
[91m [1776446377.184653] BSON Message: [0mInside sensor type parsing.
[91m [1776446377.184663] BSON Message: [0mInside sensor type parsing end.
[91m [1776446377.184667] BSON Message: [0mInside sid parsing
[91m [1776446377.184671] BSON Message: [0mInside gps1 parsing.
[91m [1776446377.184676] Client: [0m---before writing in log upd_msg->seq_no= 1
[91m [1776446377.184680] Client: [0m---before writing in log upd_msg->type= 4
[91m [1776446377.184684] Client: [0m---before writing in log upd_msg->frag_no= 0
[91m [1776446377.184688] Client: [0m---before writing in log upd_msg->reliable= 1
[91m [1776446377.184692] Client: [0m---before writing in log upd_msg->data.sensor_type= 3
[91m [1776446377.184696] Client: [0m---before writing in log upd_msg->data.sid= gps_2
[91m [1776446377.184702] Client: [0m---after writing in log upd_msg->seq_no = 1
[91m [1776446377.184707] Client: [0m---after writing in log upd_msg->data.sensor_type = 3
[91m [1776446377.184711] Client: [0m---after writing in log upd_msg->reliable = 1
[91m [1776446377.596378] BSON Message: [0mInside sensor type parsing.
[91m [1776446377.596389] BSON Message: [0mInside sensor type parsing end.
[91m [1776446377.596394] BSON Message: [0mInside sid parsing
[91m [1776446377.596398] BSON Message: [0mInside gps1 parsing.
[91m [1776446377.596403] Client: [0m---before writing in log upd_msg->seq_no= 2
[91m [1776446377.596407] Client: [0m---before writing in log upd_msg->type= 4
[91m [1776446377.596410] Client: [0m---before writing in log upd_msg->frag_no= 0
[91m [1776446377.596414] Client: [0m---before writing in log upd_msg->reliable= 1
[91m [1776446377.596418] Client: [0m---before writing in log upd_msg->data.sensor_type= 3
[91m [1776446377.596421] Client: [0m---before writing in log upd_msg->data.sid= gps_2
[91m [1776446377.596427] Client: [0m---after writing in log upd_msg->seq_no = 2
[91m [1776446377.596431] Client: [0m---after writing in log upd_msg->data.sensor_type = 3
[91m [1776446377.596435] Client: [0m---after writing in log upd_msg->reliable = 1
[91m [1776446377.807752] BSON Message: [0mInside sensor type parsing.
[91m [1776446377.807760] BSON Message: [0mInside sensor type parsing end.
[91m [1776446377.807764] BSON Message: [0mInside sid parsing
[91m [1776446377.807768] BSON Message: [0mInside temp1 parsing.
[91m [1776446377.807773] Client: [0m---before writing in log upd_msg->seq_no= 2
[91m [1776446377.807777] Client: [0m---before writing in log upd_msg->type= 4
[91m [1776446377.807783] Client: [0m---before writing in log upd_msg->frag_no= 0
[91m [1776446377.807787] Client: [0m---before writing in log upd_msg->reliable= 1
[91m [1776446377.807791] Client: [0m---before writing in log upd_msg->data.sensor_type= 1
[91m [1776446377.807796] Client: [0m---before writing in log upd_msg->data.sid= temp_1
[91m [1776446377.807802] Client: [0m---after writing in log upd_msg->seq_no = 2
[91m [1776446377.807806] Client: [0m---after writing in log upd_msg->data.sensor_type = 1
[91m [1776446377.807809] Client: [0m---after writing in log upd_msg->reliable = 1
[91m [1776446377.956573] BSON Message: [0mInside sensor type parsing.
[91m [1776446377.956584] BSON Message: [0mInside sensor type parsing end.
[91m [1776446377.956590] BSON Message: [0mInside sid parsing
[91m [1776446377.956595] BSON Message: [0mInside temp1 parsing.
[91m [1776446377.956600] Client: [0m---before writing in log upd_msg->seq_no= 3
[91m [1776446377.956604] Client: [0m---before writing in log upd_msg->type= 4
[91m [1776446377.956608] Client: [0m---before writing in log upd_msg->frag_no= 0
[91m [1776446377.956611] Client: [0m---before writing in log upd_msg->reliable= 1
[91m [1776446377.956616] Client: [0m---before writing in log upd_msg->data.sensor_type= 1
[91m [1776446377.956621] Client: [0m---before writing in log upd_msg->data.sid= temp_1
[91m [1776446377.956627] Client: [0m---after writing in log upd_msg->seq_no = 3
[91m [1776446377.956631] Client: [0m---after writing in log upd_msg->data.sensor_type = 1
[91m [1776446377.956638] Client: [0m---after writing in log upd_msg->reliable = 1
[91m [1776446378.808311] BSON Message: [0mInside sensor type parsing.
[91m [1776446378.808322] BSON Message: [0mInside sensor type parsing end.
[91m [1776446378.808327] BSON Message: [0mInside sid parsing
[91m [1776446378.808332] BSON Message: [0mInside temp1 parsing.
[91m [1776446378.808338] Client: [0m---before writing in log upd_msg->seq_no= 4
[91m [1776446378.808343] Client: [0m---before writing in log upd_msg->type= 4
[91m [1776446378.808348] Client: [0m---before writing in log upd_msg->frag_no= 0
[91m [1776446378.808353] Client: [0m---before writing in log upd_msg->reliable= 1
[91m [1776446378.808358] Client: [0m---before writing in log upd_msg->data.sensor_type= 1
[91m [1776446378.808363] Client: [0m---before writing in log upd_msg->data.sid= temp_1
[91m [1776446378.808369] Client: [0m---after writing in log upd_msg->seq_no = 4
[91m [1776446378.808374] Client: [0m---after writing in log upd_msg->data.sensor_type = 1
[91m [1776446378.808378] Client: [0m---after writing in log upd_msg->reliable = 1
[91m [1776446378.953897] BSON Message: [0mInside sensor type parsing.
[91m [1776446378.953905] BSON Message: [0mInside sensor type parsing end.
[91m [1776446378.953909] BSON Message: [0mInside sid parsing
[91m [1776446378.953914] BSON Message: [0mInside temp1 parsing.
[91m [1776446378.953928] Client: [0m---before writing in log upd_msg->seq_no= 5
[91m [1776446378.953933] Client: [0m---before writing in log upd_msg->type= 4
[91m [1776446378.953936] Client: [0m---before writing in log upd_msg->frag_no= 0
[91m [1776446378.953939] Client: [0m---before writing in log upd_msg->reliable= 1
[91m [1776446378.953942] Client: [0m---before writing in log upd_msg->data.sensor_type= 1
[91m [1776446378.953945] Client: [0m---before writing in log upd_msg->data.sid= temp_1
[91m [1776446378.953948] Client: [0m---after writing in log upd_msg->seq_no = 5
[91m [1776446378.953952] Client: [0m---after writing in log upd_msg->data.sensor_type = 1
[91m [1776446378.953957] Client: [0m---after writing in log upd_msg->reliable = 1
[91m [1776446379.51449] BSON Message: [0mInside sensor type parsing.
[91m [1776446379.51460] BSON Message: [0mInside sensor type parsing end.
[91m [1776446379.51465] BSON Message: [0mInside sid parsing
[91m [1776446379.51470] Client: [0m---before writing in log upd_msg->seq_no= 1
[91m [1776446379.51474] Client: [0m---before writing in log upd_msg->type= 4
[91m [1776446379.51479] Client: [0m---before writing in log upd_msg->frag_no= 0
[91m [1776446379.51483] Client: [0m---before writing in log upd_msg->reliable= 1
[91m [1776446379.51487] Client: [0m---before writing in log upd_msg->data.sensor_type= 2
[91m [1776446379.51491] Client: [0m---before writing in log upd_msg->data.sid= device_0
[91m [1776446379.51496] Client: [0m---after writing in log upd_msg->seq_no = 1
[91m [1776446379.51500] Client: [0m---after writing in log upd_msg->data.sensor_type = 2
[91m [1776446379.51504] Client: [0m---after writing in log upd_msg->reliable = 1
[91m [1776446379.230544] BSON Message: [0mInside sensor type parsing.
[91m [1776446379.230555] BSON Message: [0mInside sensor type parsing end.
[91m [1776446379.230560] BSON Message: [0mInside sid parsing
[91m [1776446379.230566] Client: [0m---before writing in log upd_msg->seq_no= 2
[91m [1776446379.230571] Client: [0m---before writing in log upd_msg->type= 4
[91m [1776446379.230575] Client: [0m---before writing in log upd_msg->frag_no= 0
[91m [1776446379.230579] Client: [0m---before writing in log upd_msg->reliable= 1
[91m [1776446379.230583] Client: [0m---before writing in log upd_msg->data.sensor_type= 2
[91m [1776446379.230587] Client: [0m---before writing in log upd_msg->data.sid= device_0
[91m [1776446379.230592] Client: [0m---after writing in log upd_msg->seq_no = 2
[91m [1776446379.230597] Client: [0m---after writing in log upd_msg->data.sensor_type = 2
[91m [1776446379.230601] Client: [0m---after writing in log upd_msg->reliable = 1
[91m [1776446379.808655] BSON Message: [0mInside sensor type parsing.
[91m [1776446379.808667] BSON Message: [0mInside sensor type parsing end.
[91m [1776446379.808673] BSON Message: [0mInside sid parsing
[91m [1776446379.808678] BSON Message: [0mInside temp1 parsing.
[91m [1776446379.808684] Client: [0m---before writing in log upd_msg->seq_no= 6
[91m [1776446379.808689] Client: [0m---before writing in log upd_msg->type= 4
[91m [1776446379.808694] Client: [0m---before writing in log upd_msg->frag_no= 0
[91m [1776446379.808698] Client: [0m---before writing in log upd_msg->reliable= 1
[91m [1776446379.808703] Client: [0m---before writing in log upd_msg->data.sensor_type= 1
[91m [1776446379.808707] Client: [0m---before writing in log upd_msg->data.sid= temp_1
[91m [1776446379.808713] Client: [0m---after writing in log upd_msg->seq_no = 6
[91m [1776446379.808718] Client: [0m---after writing in log upd_msg->data.sensor_type = 1
[91m [1776446379.808722] Client: [0m---after writing in log upd_msg->reliable = 1
[91m [1776446379.954410] BSON Message: [0mInside sensor type parsing.
[91m [1776446379.954423] BSON Message: [0mInside sensor type parsing end.
[91m [1776446379.954429] BSON Message: [0mInside sid parsing
[91m [1776446379.954437] BSON Message: [0mInside temp1 parsing.
[91m [1776446379.954445] Client: [0m---before writing in log upd_msg->seq_no= 7
[91m [1776446379.954451] Client: [0m---before writing in log upd_msg->type= 4
[91m [1776446379.954457] Client: [0m---before writing in log upd_msg->frag_no= 0
[91m [1776446379.954463] Client: [0m---before writing in log upd_msg->reliable= 1
[91m [1776446379.954468] Client: [0m---before writing in log upd_msg->data.sensor_type= 1
[91m [1776446379.954474] Client: [0m---before writing in log upd_msg->data.sid= temp_1
[91m [1776446379.954482] Client: [0m---after writing in log upd_msg->seq_no = 7
[91m [1776446379.954487] Client: [0m---after writing in log upd_msg->data.sensor_type = 1
[91m [1776446379.954493] Client: [0m---after writing in log upd_msg->reliable = 1
[91m [1776446380.808927] BSON Message: [0mInside sensor type parsing.
[91m [1776446380.808940] BSON Message: [0mInside sensor type parsing end.
[91m [1776446380.808947] BSON Message: [0mInside sid parsing
[91m [1776446380.808953] BSON Message: [0mInside temp1 parsing.
[91m [1776446380.808958] Client: [0m---before writing in log upd_msg->seq_no= 8
[91m [1776446380.808964] Client: [0m---before writing in log upd_msg->type= 4
[91m [1776446380.808968] Client: [0m---before writing in log upd_msg->frag_no= 0
[91m [1776446380.808972] Client: [0m---before writing in log upd_msg->reliable= 1
[91m [1776446380.808978] Client: [0m---before writing in log upd_msg->data.sensor_type= 1
[91m [1776446380.808982] Client: [0m---before writing in log upd_msg->data.sid= temp_1
[91m [1776446380.808986] Client: [0m---after writing in log upd_msg->seq_no = 8
[91m [1776446380.808991] Client: [0m---after writing in log upd_msg->data.sensor_type = 1
[91m [1776446380.808996] Client: [0m---after writing in log upd_msg->reliable = 1
[91m [1776446380.954653] BSON Message: [0mInside sensor type parsing.
[91m [1776446380.954665] BSON Message: [0mInside sensor type parsing end.
[91m [1776446380.954671] BSON Message: [0mInside sid parsing
[91m [1776446380.954716] BSON Message: [0mInside temp1 parsing.
[91m [1776446380.954724] Client: [0m---before writing in log upd_msg->seq_no= 9
[91m [1776446380.954728] Client: [0m---before writing in log upd_msg->type= 4
[91m [1776446380.954732] Client: [0m---before writing in log upd_msg->frag_no= 0
[91m [1776446380.954738] Client: [0m---before writing in log upd_msg->reliable= 1
[91m [1776446380.954743] Client: [0m---before writing in log upd_msg->data.sensor_type= 1
[91m [1776446380.954757] Client: [0m---before writing in log upd_msg->data.sid= temp_1
[91m [1776446380.954762] Client: [0m---after writing in log upd_msg->seq_no = 9
[91m [1776446380.954767] Client: [0m---after writing in log upd_msg->data.sensor_type = 1
[91m [1776446380.954778] Client: [0m---after writing in log upd_msg->reliable = 1
[91m [1776446381.191021] BSON Message: [0mInside sensor type parsing.
[91m [1776446381.191032] BSON Message: [0mInside sensor type parsing end.
[91m [1776446381.191039] BSON Message: [0mInside sid parsing
[91m [1776446381.191047] Client: [0m---before writing in log upd_msg->seq_no= 3
[91m [1776446381.191054] Client: [0m---before writing in log upd_msg->type= 4
[91m [1776446381.191059] Client: [0m---before writing in log upd_msg->frag_no= 0
[91m [1776446381.191063] Client: [0m---before writing in log upd_msg->reliable= 1
[91m [1776446381.191068] Client: [0m---before writing in log upd_msg->data.sensor_type= 2
[91m [1776446381.191072] Client: [0m---before writing in log upd_msg->data.sid= device_0
[91m [1776446381.191078] Client: [0m---after writing in log upd_msg->seq_no = 3
[91m [1776446381.191082] Client: [0m---after writing in log upd_msg->data.sensor_type = 2
[91m [1776446381.191086] Client: [0m---after writing in log upd_msg->reliable = 1
[91m [1776446381.520856] BSON Message: [0mInside sensor type parsing.
[91m [1776446381.520866] BSON Message: [0mInside sensor type parsing end.
[91m [1776446381.520871] BSON Message: [0mInside sid parsing
[91m [1776446381.520878] Client: [0m---before writing in log upd_msg->seq_no= 4
[91m [1776446381.520884] Client: [0m---before writing in log upd_msg->type= 4
[91m [1776446381.520889] Client: [0m---before writing in log upd_msg->frag_no= 0
[91m [1776446381.520892] Client: [0m---before writing in log upd_msg->reliable= 1
[91m [1776446381.520896] Client: [0m---before writing in log upd_msg->data.sensor_type= 2
[91m [1776446381.520900] Client: [0m---before writing in log upd_msg->data.sid= device_0
[91m [1776446381.520905] Client: [0m---after writing in log upd_msg->seq_no = 4
[91m [1776446381.520908] Client: [0m---after writing in log upd_msg->data.sensor_type = 2
[91m [1776446381.520913] Client: [0m---after writing in log upd_msg->reliable = 1
[91m [1776446381.809263] BSON Message: [0mInside sensor type parsing.
[91m [1776446381.809275] BSON Message: [0mInside sensor type parsing end.
[91m [1776446381.809281] BSON Message: [0mInside sid parsing
[91m [1776446381.809287] BSON Message: [0mInside temp1 parsing.
[91m [1776446381.809294] Client: [0m---before writing in log upd_msg->seq_no= 10
[91m [1776446381.809300] Client: [0m---before writing in log upd_msg->type= 4
[91m [1776446381.809306] Client: [0m---before writing in log upd_msg->frag_no= 0
[91m [1776446381.809311] Client: [0m---before writing in log upd_msg->reliable= 1
[91m [1776446381.809316] Client: [0m---before writing in log upd_msg->data.sensor_type= 1
[91m [1776446381.809319] Client: [0m---before writing in log upd_msg->data.sid= temp_1
[91m [1776446381.809324] Client: [0m---after writing in log upd_msg->seq_no = 10
[91m [1776446381.809328] Client: [0m---after writing in log upd_msg->data.sensor_type = 1
[91m [1776446381.809331] Client: [0m---after writing in log upd_msg->reliable = 1
[91m [1776446381.954904] BSON Message: [0mInside sensor type parsing.
[91m [1776446381.954931] BSON Message: [0mInside sensor type parsing end.
[91m [1776446381.954940] BSON Message: [0mInside sid parsing
[91m [1776446381.954947] BSON Message: [0mInside temp1 parsing.
[91m [1776446381.954956] Client: [0m---before writing in log upd_msg->seq_no= 11
[91m [1776446381.954963] Client: [0m---before writing in log upd_msg->type= 4
[91m [1776446381.954969] Client: [0m---before writing in log upd_msg->frag_no= 0
[91m [1776446381.954975] Client: [0m---before writing in log upd_msg->reliable= 1
[91m [1776446381.954982] Client: [0m---before writing in log upd_msg->data.sensor_type= 1
[91m [1776446381.954989] Client: [0m---before writing in log upd_msg->data.sid= temp_1
[91m [1776446381.954997] Client: [0m---after writing in log upd_msg->seq_no = 11
[91m [1776446381.955005] Client: [0m---after writing in log upd_msg->data.sensor_type = 1
[91m [1776446381.955019] Client: [0m---after writing in log upd_msg->reliable = 1
[91m [1776446382.112091] BSON Message: [0mInside sensor type parsing.
[91m [1776446382.112103] BSON Message: [0mInside sensor type parsing end.
[91m [1776446382.112108] BSON Message: [0mInside sid parsing
[91m [1776446382.112115] Client: [0m---before writing in log upd_msg->seq_no= 5
[91m [1776446382.112120] Client: [0m---before writing in log upd_msg->type= 4
[91m [1776446382.112125] Client: [0m---before writing in log upd_msg->frag_no= 0
[91m [1776446382.112129] Client: [0m---before writing in log upd_msg->reliable= 1
[91m [1776446382.112134] Client: [0m---before writing in log upd_msg->data.sensor_type= 2
[91m [1776446382.112139] Client: [0m---before writing in log upd_msg->data.sid= device_0
[91m [1776446382.112144] Client: [0m---after writing in log upd_msg->seq_no = 5
[91m [1776446382.112148] Client: [0m---after writing in log upd_msg->data.sensor_type = 2
[91m [1776446382.112153] Client: [0m---after writing in log upd_msg->reliable = 1
[91m [1776446382.513644] BSON Message: [0mInside sensor type parsing.
[91m [1776446382.513656] BSON Message: [0mInside sensor type parsing end.
[91m [1776446382.513661] BSON Message: [0mInside sid parsing
[91m [1776446382.513666] BSON Message: [0mInside gps1 parsing.
[91m [1776446382.513671] Client: [0m---before writing in log upd_msg->seq_no= 3
[91m [1776446382.513677] Client: [0m---before writing in log upd_msg->type= 4
[91m [1776446382.513681] Client: [0m---before writing in log upd_msg->frag_no= 0
[91m [1776446382.513685] Client: [0m---before writing in log upd_msg->reliable= 1
[91m [1776446382.513690] Client: [0m---before writing in log upd_msg->data.sensor_type= 3
[91m [1776446382.513694] Client: [0m---before writing in log upd_msg->data.sid= gps_2
[91m [1776446382.513701] Client: [0m---after writing in log upd_msg->seq_no = 3
[91m [1776446382.513706] Client: [0m---after writing in log upd_msg->data.sensor_type = 3
[91m [1776446382.513710] Client: [0m---after writing in log upd_msg->reliable = 1
[91m [1776446382.809459] BSON Message: [0mInside sensor type parsing.
[91m [1776446382.809470] BSON Message: [0mInside sensor type parsing end.
[91m [1776446382.809477] BSON Message: [0mInside sid parsing
[91m [1776446382.809484] BSON Message: [0mInside temp1 parsing.
[91m [1776446382.809492] Client: [0m---before writing in log upd_msg->seq_no= 12
[91m [1776446382.809499] Client: [0m---before writing in log upd_msg->type= 4
[91m [1776446382.809506] Client: [0m---before writing in log upd_msg->frag_no= 0
[91m [1776446382.809513] Client: [0m---before writing in log upd_msg->reliable= 1
[91m [1776446382.809519] Client: [0m---before writing in log upd_msg->data.sensor_type= 1
[91m [1776446382.809525] Client: [0m---before writing in log upd_msg->data.sid= temp_1
[91m [1776446382.809532] Client: [0m---after writing in log upd_msg->seq_no = 12
[91m [1776446382.809538] Client: [0m---after writing in log upd_msg->data.sensor_type = 1
[91m [1776446382.809545] Client: [0m---after writing in log upd_msg->reliable = 1
[91m [1776446382.955153] BSON Message: [0mInside sensor type parsing.
[91m [1776446382.955166] BSON Message: [0mInside sensor type parsing end.
[91m [1776446382.955173] BSON Message: [0mInside sid parsing
[91m [1776446382.955181] BSON Message: [0mInside temp1 parsing.
[91m [1776446382.955188] Client: [0m---before writing in log upd_msg->seq_no= 13
[91m [1776446382.955195] Client: [0m---before writing in log upd_msg->type= 4
[91m [1776446382.955201] Client: [0m---before writing in log upd_msg->frag_no= 0
[91m [1776446382.955208] Client: [0m---before writing in log upd_msg->reliable= 1
[91m [1776446382.955215] Client: [0m---before writing in log upd_msg->data.sensor_type= 1
[91m [1776446382.955221] Client: [0m---before writing in log upd_msg->data.sid= temp_1
[91m [1776446382.955229] Client: [0m---after writing in log upd_msg->seq_no = 13
[91m [1776446382.955236] Client: [0m---after writing in log upd_msg->data.sensor_type = 1
[91m [1776446382.955247] Client: [0m---after writing in log upd_msg->reliable = 1
[91m [1776446383.809592] BSON Message: [0mInside sensor type parsing.
[91m [1776446383.809602] BSON Message: [0mInside sensor type parsing end.
[91m [1776446383.809606] BSON Message: [0mInside sid parsing
[91m [1776446383.809610] BSON Message: [0mInside temp1 parsing.
[91m [1776446383.809616] Client: [0m---before writing in log upd_msg->seq_no= 14
[91m [1776446383.809621] Client: [0m---before writing in log upd_msg->type= 4
[91m [1776446383.809626] Client: [0m---before writing in log upd_msg->frag_no= 0
[91m [1776446383.809631] Client: [0m---before writing in log upd_msg->reliable= 1
[91m [1776446383.809637] Client: [0m---before writing in log upd_msg->data.sensor_type= 1
[91m [1776446383.809642] Client: [0m---before writing in log upd_msg->data.sid= temp_1
[91m [1776446383.809648] Client: [0m---after writing in log upd_msg->seq_no = 14
[91m [1776446383.809653] Client: [0m---after writing in log upd_msg->data.sensor_type = 1
[91m [1776446383.809658] Client: [0m---after writing in log upd_msg->reliable = 1
[91m [1776446383.813830] BSON Message: [0mInside sensor type parsing.
[91m [1776446383.813840] BSON Message: [0mInside sensor type parsing end.
[91m [1776446383.813844] BSON Message: [0mInside sid parsing
[91m [1776446383.813850] BSON Message: [0mInside gps1 parsing.
[91m [1776446383.813856] Client: [0m---before writing in log upd_msg->seq_no= 4
[91m [1776446383.813860] Client: [0m---before writing in log upd_msg->type= 4
[91m [1776446383.813864] Client: [0m---before writing in log upd_msg->frag_no= 0
[91m [1776446383.813868] Client: [0m---before writing in log upd_msg->reliable= 1
[91m [1776446383.813873] Client: [0m---before writing in log upd_msg->data.sensor_type= 3
[91m [1776446383.813877] Client: [0m---before writing in log upd_msg->data.sid= gps_2
[91m [1776446383.813883] Client: [0m---after writing in log upd_msg->seq_no = 4
[91m [1776446383.813887] Client: [0m---after writing in log upd_msg->data.sensor_type = 3
[91m [1776446383.813890] Client: [0m---after writing in log upd_msg->reliable = 1
[91m [1776446383.955421] BSON Message: [0mInside sensor type parsing.
[91m [1776446383.955429] BSON Message: [0mInside sensor type parsing end.
[91m [1776446383.955434] BSON Message: [0mInside sid parsing
[91m [1776446383.955438] BSON Message: [0mInside temp1 parsing.
[91m [1776446383.955443] Client: [0m---before writing in log upd_msg->seq_no= 15
[91m [1776446383.955447] Client: [0m---before writing in log upd_msg->type= 4
[91m [1776446383.955451] Client: [0m---before writing in log upd_msg->frag_no= 0
[91m [1776446383.955454] Client: [0m---before writing in log upd_msg->reliable= 1
[91m [1776446383.955458] Client: [0m---before writing in log upd_msg->data.sensor_type= 1
[91m [1776446383.955462] Client: [0m---before writing in log upd_msg->data.sid= temp_1
[91m [1776446383.955467] Client: [0m---after writing in log upd_msg->seq_no = 15
[91m [1776446383.955471] Client: [0m---after writing in log upd_msg->data.sensor_type = 1
[91m [1776446383.955476] Client: [0m---after writing in log upd_msg->reliable = 1
[91m [1776446384.65673] BSON Message: [0mInside sensor type parsing.
[91m [1776446384.65684] BSON Message: [0mInside sensor type parsing end.
[91m [1776446384.65688] BSON Message: [0mInside sid parsing
[91m [1776446384.65693] Client: [0m---before writing in log upd_msg->seq_no= 6
[91m [1776446384.65697] Client: [0m---before writing in log upd_msg->type= 4
[91m [1776446384.65701] Client: [0m---before writing in log upd_msg->frag_no= 0
[91m [1776446384.65705] Client: [0m---before writing in log upd_msg->reliable= 1
[91m [1776446384.65711] Client: [0m---before writing in log upd_msg->data.sensor_type= 2
[91m [1776446384.65714] Client: [0m---before writing in log upd_msg->data.sid= device_0
[91m [1776446384.65720] Client: [0m---after writing in log upd_msg->seq_no = 6
[91m [1776446384.65724] Client: [0m---after writing in log upd_msg->data.sensor_type = 2
[91m [1776446384.65732] Client: [0m---after writing in log upd_msg->reliable = 1
[91m [1776446384.810235] BSON Message: [0mInside sensor type parsing.
[91m [1776446384.810251] BSON Message: [0mInside sensor type parsing end.
[91m [1776446384.810258] BSON Message: [0mInside sid parsing
[91m [1776446384.810264] BSON Message: [0mInside temp1 parsing.
[91m [1776446384.810271] Client: [0m---before writing in log upd_msg->seq_no= 16
[91m [1776446384.810276] Client: [0m---before writing in log upd_msg->type= 4
[91m [1776446384.810282] Client: [0m---before writing in log upd_msg->frag_no= 0
[91m [1776446384.810288] Client: [0m---before writing in log upd_msg->reliable= 1
[91m [1776446384.810294] Client: [0m---before writing in log upd_msg->data.sensor_type= 1
[91m [1776446384.810299] Client: [0m---before writing in log upd_msg->data.sid= temp_1
[91m [1776446384.810305] Client: [0m---after writing in log upd_msg->seq_no = 16
[91m [1776446384.810310] Client: [0m---after writing in log upd_msg->data.sensor_type = 1
[91m [1776446384.810314] Client: [0m---after writing in log upd_msg->reliable = 1
[91m [1776446384.955874] BSON Message: [0mInside sensor type parsing.
[91m [1776446384.955885] BSON Message: [0mInside sensor type parsing end.
[91m [1776446384.955891] BSON Message: [0mInside sid parsing
[91m [1776446384.955896] BSON Message: [0mInside temp1 parsing.
[91m [1776446384.955902] Client: [0m---before writing in log upd_msg->seq_no= 17
[91m [1776446384.955908] Client: [0m---before writing in log upd_msg->type= 4
[91m [1776446384.955913] Client: [0m---before writing in log upd_msg->frag_no= 0
[91m [1776446384.955929] Client: [0m---before writing in log upd_msg->reliable= 1
[91m [1776446384.955933] Client: [0m---before writing in log upd_msg->data.sensor_type= 1
[91m [1776446384.955938] Client: [0m---before writing in log upd_msg->data.sid= temp_1
[91m [1776446384.955944] Client: [0m---after writing in log upd_msg->seq_no = 17
[91m [1776446384.955949] Client: [0m---after writing in log upd_msg->data.sensor_type = 1
[91m [1776446384.955953] Client: [0m---after writing in log upd_msg->reliable = 1
[91m [1776446385.810203] BSON Message: [0mInside sensor type parsing.
[91m [1776446385.810213] BSON Message: [0mInside sensor type parsing end.
[91m [1776446385.810217] BSON Message: [0mInside sid parsing
[91m [1776446385.810222] BSON Message: [0mInside temp1 parsing.
[91m [1776446385.810226] Client: [0m---before writing in log upd_msg->seq_no= 18
[91m [1776446385.810231] Client: [0m---before writing in log upd_msg->type= 4
[91m [1776446385.810235] Client: [0m---before writing in log upd_msg->frag_no= 0
[91m [1776446385.810239] Client: [0m---before writing in log upd_msg->reliable= 1
[91m [1776446385.810243] Client: [0m---before writing in log upd_msg->data.sensor_type= 1
[91m [1776446385.810248] Client: [0m---before writing in log upd_msg->data.sid= temp_1
[91m [1776446385.810253] Client: [0m---after writing in log upd_msg->seq_no = 18
[91m [1776446385.810257] Client: [0m---after writing in log upd_msg->data.sensor_type = 1
[91m [1776446385.810260] Client: [0m---after writing in log upd_msg->reliable = 1
[91m [1776446385.813356] BSON Message: [0mInside sensor type parsing.
[91m [1776446385.813368] BSON Message: [0mInside sensor type parsing end.
[91m [1776446385.813373] BSON Message: [0mInside sid parsing
[91m [1776446385.813378] Client: [0m---before writing in log upd_msg->seq_no= 7
[91m [1776446385.813382] Client: [0m---before writing in log upd_msg->type= 4
[91m [1776446385.813387] Client: [0m---before writing in log upd_msg->frag_no= 0
[91m [1776446385.813391] Client: [0m---before writing in log upd_msg->reliable= 1
[91m [1776446385.813395] Client: [0m---before writing in log upd_msg->data.sensor_type= 2
[91m [1776446385.813403] Client: [0m---before writing in log upd_msg->data.sid= device_0
[91m [1776446385.813408] Client: [0m---after writing in log upd_msg->seq_no = 7
[91m [1776446385.813657] Client: [0m---after writing in log upd_msg->data.sensor_type = 2
[91m [1776446385.813665] Client: [0m---after writing in log upd_msg->reliable = 1
[91m [1776446385.955889] BSON Message: [0mInside sensor type parsing.
[91m [1776446385.955900] BSON Message: [0mInside sensor type parsing end.
[91m [1776446385.955906] BSON Message: [0mInside sid parsing
[91m [1776446385.955911] BSON Message: [0mInside temp1 parsing.
[91m [1776446385.955925] Client: [0m---before writing in log upd_msg->seq_no= 19
[91m [1776446385.955932] Client: [0m---before writing in log upd_msg->type= 4
[91m [1776446385.955936] Client: [0m---before writing in log upd_msg->frag_no= 0
[91m [1776446385.955941] Client: [0m---before writing in log upd_msg->reliable= 0
[91m [1776446385.955946] Client: [0m---before writing in log upd_msg->data.sensor_type= 1
[91m [1776446385.955950] Client: [0m---before writing in log upd_msg->data.sid= temp_1
[91m [1776446385.955956] Client: [0m---after writing in log upd_msg->seq_no = 19
[91m [1776446385.955960] Client: [0m---after writing in log upd_msg->data.sensor_type = 1
[91m [1776446385.955966] Client: [0m---after writing in log upd_msg->reliable = 0
[91m [1776446386.210802] BSON Message: [0mInside sensor type parsing.
[91m [1776446386.210810] BSON Message: [0mInside sensor type parsing end.
[91m [1776446386.210814] BSON Message: [0mInside sid parsing
[91m [1776446386.210818] BSON Message: [0mInside gps1 parsing.
[91m [1776446386.210823] Client: [0m---before writing in log upd_msg->seq_no= 5
[91m [1776446386.210827] Client: [0m---before writing in log upd_msg->type= 4
[91m [1776446386.210831] Client: [0m---before writing in log upd_msg->frag_no= 0
[91m [1776446386.210836] Client: [0m---before writing in log upd_msg->reliable= 1
[91m [1776446386.210841] Client: [0m---before writing in log upd_msg->data.sensor_type= 3
[91m [1776446386.210845] Client: [0m---before writing in log upd_msg->data.sid= gps_2
[91m [1776446386.210851] Client: [0m---after writing in log upd_msg->seq_no = 5
[91m [1776446386.210856] Client: [0m---after writing in log upd_msg->data.sensor_type = 3
[91m [1776446386.210860] Client: [0m---after writing in log upd_msg->reliable = 1
[91m [1776446386.810290] BSON Message: [0mInside sensor type parsing.
[91m [1776446386.810298] BSON Message: [0mInside sensor type parsing end.
[91m [1776446386.810302] BSON Message: [0mInside sid parsing
[91m [1776446386.810307] BSON Message: [0mInside temp1 parsing.
[91m [1776446386.810313] Client: [0m---before writing in log upd_msg->seq_no= 20
[91m [1776446386.810318] Client: [0m---before writing in log upd_msg->type= 4
[91m [1776446386.810322] Client: [0m---before writing in log upd_msg->frag_no= 0
[91m [1776446386.810327] Client: [0m---before writing in log upd_msg->reliable= 1
[91m [1776446386.810331] Client: [0m---before writing in log upd_msg->data.sensor_type= 1
[91m [1776446386.810336] Client: [0m---before writing in log upd_msg->data.sid= temp_1
[91m [1776446386.810343] Client: [0m---after writing in log upd_msg->seq_no = 20
[91m [1776446386.810348] Client: [0m---after writing in log upd_msg->data.sensor_type = 1
[91m [1776446386.810353] Client: [0m---after writing in log upd_msg->reliable = 1
[91m [1776446386.956074] BSON Message: [0mInside sensor type parsing.
[91m [1776446386.956083] BSON Message: [0mInside sensor type parsing end.
[91m [1776446386.956088] BSON Message: [0mInside sid parsing
[91m [1776446386.956094] BSON Message: [0mInside temp1 parsing.
[91m [1776446386.956100] Client: [0m---before writing in log upd_msg->seq_no= 21
[91m [1776446386.956105] Client: [0m---before writing in log upd_msg->type= 4
[91m [1776446386.956110] Client: [0m---before writing in log upd_msg->frag_no= 0
[91m [1776446386.956114] Client: [0m---before writing in log upd_msg->reliable= 0
[91m [1776446386.956119] Client: [0m---before writing in log upd_msg->data.sensor_type= 1
[91m [1776446386.956123] Client: [0m---before writing in log upd_msg->data.sid= temp_1
[91m [1776446386.956128] Client: [0m---after writing in log upd_msg->seq_no = 21
[91m [1776446386.956136] Client: [0m---after writing in log upd_msg->data.sensor_type = 1
[91m [1776446386.956140] Client: [0m---after writing in log upd_msg->reliable = 0
[91m [1776446386.968658] BSON Message: [0mInside sensor type parsing.
[91m [1776446386.968667] BSON Message: [0mInside sensor type parsing end.
[91m [1776446386.968671] BSON Message: [0mInside sid parsing
[91m [1776446386.968676] Client: [0m---before writing in log upd_msg->seq_no= 8
[91m [1776446386.968681] Client: [0m---before writing in log upd_msg->type= 4
[91m [1776446386.968685] Client: [0m---before writing in log upd_msg->frag_no= 0
[91m [1776446386.968689] Client: [0m---before writing in log upd_msg->reliable= 1
[91m [1776446386.968693] Client: [0m---before writing in log upd_msg->data.sensor_type= 2
[91m [1776446386.968696] Client: [0m---before writing in log upd_msg->data.sid= device_0
[91m [1776446386.968701] Client: [0m---after writing in log upd_msg->seq_no = 8
[91m [1776446386.968704] Client: [0m---after writing in log upd_msg->data.sensor_type = 2
[91m [1776446386.968708] Client: [0m---after writing in log upd_msg->reliable = 1
[91m [1776446387.517977] BSON Message: [0mInside sensor type parsing.
[91m [1776446387.517990] BSON Message: [0mInside sensor type parsing end.
[91m [1776446387.518017] BSON Message: [0mInside sid parsing
connceting to 127.0.0.1
Got a message from the server.
Message type is 1
Sensors: 
gps_2
device_0
temp_1
Subscribing to all sensors.
Got a message from the server.
Message type is 3
what is happening
subscription ok for gps_2 
requested to remove a subscription but no such subscription found
what is happening
subscription ok for device_0 
requested to remove a subscription but no such subscription found
what is happening
subscription ok for temp_1 
requested to remove a subscription but no such subscription found
Got a message from the server.
Message type is 4
---------Update message arrived------------ 1
Got a message from the server.
Message type is 4
---------Update message arrived------------ 1
Got a message from the server.
Message type is 4
---------Update message arrived------------ 1
Got a message from the server.
Message type is 4
---------Update message arrived------------ 1
Got a message from the server.
Message type is 4
---------Update message arrived------------ 1
Got a message from the server.
Message type is 4
---------Update message arrived------------ 1
Got a message from the server.
Message type is 4
---------Update message arrived------------ 1
Got a message from the server.
Message type is 4
---------Update message arrived------------ 1
Got a message from the server.
Message type is 4
---------Update message arrived------------ 1
Got a message from the server.
Message type is 4
---------Update message arrived------------ 1
Got a message from the server.
Message type is 4
---------Update message arrived------------ 1
Got a message from the server.
Message type is 4
---------Update message arrived------------ 1
Got a message from the server.
Message type is 4
---------Update message arrived------------ 1
Got a message from the server.
Message type is 4
---------Update message arrived------------ 1
Got a message from the server.
Message type is 4
---------Update message arrived------------ 1
Got a message from the server.
Message type is 4
---------Update message arrived------------ 1
Got a message from the server.
Message type is 4
---------Update message arrived------------ 1
Got a message from the server.
Message type is 4
---------Update message arrived------------ 1
Got a message from the server.
Message type is 4
---------Update message arrived------------ 1
Got a message from the server.
Message type is 4
---------Update message arrived------------ 1
Got a message from the server.
Message type is 4
---------Update message arrived------------ 1
Got a message from the server.
Message type is 4
---------Update message arrived------------ 1
Got a message from the server.
Message type is 4
---------Update message arrived------------ 1
Got a message from the server.
Message type is 4
---------Update message arrived------------ 1
Got a message from the server.
Message type is 4
---------Update message arrived------------ 1
Got a message from the server.
Message type is 4
---------Update message arrived------------ 1
Got a message from the server.
Message type is 4
---------Update message arrived------------ 1
Got a message from the server.
Message type is 4
---------Update message arrived------------ 1
Got a message from the server.
Message type is 4
---------Update message arrived------------ 1
Got a message from the server.
Message type is 4
---------Update message arrived------------ 1
Got a message from the server.
Message type is 4
---------Update message arrived------------ 1
Got a message from the server.
Message type is 4
---------Update message arrived------------ 1
Got a message from the server.
Message type is 4
---------Update message arrived------------ 1
Got a message from the server.
Message type is 4
---------Update message arrived------------ 1
Got a message from the server.
Message type is 4
---------Update message arrived------------ 1
Got a message from the server.
Message type is 4
---------Update message arrived------------ 1
Got a message from the server.
Message type is 4
---------Update message arrived------------ 1
Got a message from the server.
Message type is 4
---------Upda[91m [1776446387.518033] Client: [0m---before writing in log upd_msg->seq_no= 9
[91m [1776446387.518039] Client: [0m---before writing in log upd_msg->type= 4
[91m [1776446387.518045] Client: [0m---before writing in log upd_msg->frag_no= 0
[91m [1776446387.518051] Client: [0m---before writing in log upd_msg->reliable= 1
[91m [1776446387.518056] Client: [0m---before writing in log upd_msg->data.sensor_type= 2
[91m [1776446387.518062] Client: [0m---before writing in log upd_msg->data.sid= device_0
[91m [1776446387.518068] Client: [0m---after writing in log upd_msg->seq_no = 9
[91m [1776446387.518073] Client: [0m---after writing in log upd_msg->data.sensor_type = 2
[91m [1776446387.518078] Client: [0m---after writing in log upd_msg->reliable = 1
[91m [1776446387.810628] BSON Message: [0mInside sensor type parsing.
[91m [1776446387.810638] BSON Message: [0mInside sensor type parsing end.
[91m [1776446387.810642] BSON Message: [0mInside sid parsing
[91m [1776446387.810647] BSON Message: [0mInside temp1 parsing.
[91m [1776446387.810653] Client: [0m---before writing in log upd_msg->seq_no= 22
[91m [1776446387.810659] Client: [0m---before writing in log upd_msg->type= 4
[91m [1776446387.810663] Client: [0m---before writing in log upd_msg->frag_no= 0
[91m [1776446387.810667] Client: [0m---before writing in log upd_msg->reliable= 1
[91m [1776446387.810672] Client: [0m---before writing in log upd_msg->data.sensor_type= 1
[91m [1776446387.810677] Client: [0m---before writing in log upd_msg->data.sid= temp_1
[91m [1776446387.810683] Client: [0m---after writing in log upd_msg->seq_no = 22
[91m [1776446387.810687] Client: [0m---after writing in log upd_msg->data.sensor_type = 1
[91m [1776446387.810692] Client: [0m---after writing in log upd_msg->reliable = 1
[91m [1776446387.956615] BSON Message: [0mInside sensor type parsing.
[91m [1776446387.956627] BSON Message: [0mInside sensor type parsing end.
[91m [1776446387.956632] BSON Message: [0mInside sid parsing
[91m [1776446387.956637] BSON Message: [0mInside temp1 parsing.
[91m [1776446387.956642] Client: [0m---before writing in log upd_msg->seq_no= 23
[91m [1776446387.956647] Client: [0m---before writing in log upd_msg->type= 4
[91m [1776446387.956651] Client: [0m---before writing in log upd_msg->frag_no= 0
[91m [1776446387.956656] Client: [0m---before writing in log upd_msg->reliable= 1
[91m [1776446387.956660] Client: [0m---before writing in log upd_msg->data.sensor_type= 1
[91m [1776446387.956665] Client: [0m---before writing in log upd_msg->data.sid= temp_1
[91m [1776446387.956670] Client: [0m---after writing in log upd_msg->seq_no = 23
[91m [1776446387.956680] Client: [0m---after writing in log upd_msg->data.sensor_type = 1
[91m [1776446387.956685] Client: [0m---after writing in log upd_msg->reliable = 1
[91m [1776446388.810828] BSON Message: [0mInside sensor type parsing.
[91m [1776446388.810837] BSON Message: [0mInside sensor type parsing end.
[91m [1776446388.810842] BSON Message: [0mInside sid parsing
[91m [1776446388.810846] BSON Message: [0mInside temp1 parsing.
[91m [1776446388.810851] Client: [0m---before writing in log upd_msg->seq_no= 24
[91m [1776446388.810854] Client: [0m---before writing in log upd_msg->type= 4
[91m [1776446388.810858] Client: [0m---before writing in log upd_msg->frag_no= 0
[91m [1776446388.810862] Client: [0m---before writing in log upd_msg->reliable= 0
[91m [1776446388.810865] Client: [0m---before writing in log upd_msg->data.sensor_type= 1
[91m [1776446388.810869] Client: [0m---before writing in log upd_msg->data.sid= temp_1
[91m [1776446388.810874] Client: [0m---after writing in log upd_msg->seq_no = 24
[91m [1776446388.810879] Client: [0m---after writing in log upd_msg->data.sensor_type = 1
[91m [1776446388.810883] Client: [0m---after writing in log upd_msg->reliable = 0
[91m [1776446388.956632] BSON Message: [0mInside sensor type parsing.
[91m [1776446388.956642] BSON Message: [0mInside sensor type parsing end.
[91m [1776446388.956647] BSON Message: [0mInside sid parsing
[91m [1776446388.956652] BSON Message: [0mInside temp1 parsing.
[91m [1776446388.956656] Client: [0m---before writing in log upd_msg->seq_no= 25
[91m [1776446388.956660] Client: [0m---before writing in log upd_msg->type= 4
[91m [1776446388.956663] Client: [0m---before writing in log upd_msg->frag_no= 0
[91m [1776446388.956666] Client: [0m---before writing in log upd_msg->reliable= 1
[91m [1776446388.956669] Client: [0m---before writing in log upd_msg->data.sensor_type= 1
[91m [1776446388.956672] Client: [0m---before writing in log upd_msg->data.sid= temp_1
[91m [1776446388.956678] Client: [0m---after writing in log upd_msg->seq_no = 25
[91m [1776446388.956683] Client: [0m---after writing in log upd_msg->data.sensor_type = 1
[91m [1776446388.956688] Client: [0m---after writing in log upd_msg->reliable = 1
[91m [1776446389.813343] BSON Message: [0mInside sensor type parsing.
[91m [1776446389.813351] BSON Message: [0mInside sensor type parsing end.
[91m [1776446389.813355] BSON Message: [0mInside sid parsing
[91m [1776446389.813360] BSON Message: [0mInside temp1 parsing.
[91m [1776446389.813365] Client: [0m---before writing in log upd_msg->seq_no= 26
[91m [1776446389.813370] Client: [0m---before writing in log upd_msg->type= 4
[91m [1776446389.813373] Client: [0m---before writing in log upd_msg->frag_no= 0
[91m [1776446389.813377] Client: [0m---before writing in log upd_msg->reliable= 1
[91m [1776446389.813381] Client: [0m---before writing in log upd_msg->data.sensor_type= 1
[91m [1776446389.813384] Client: [0m---before writing in log upd_msg->data.sid= temp_1
[91m [1776446389.813389] Client: [0m---after writing in log upd_msg->seq_no = 26
[91m [1776446389.813393] Client: [0m---after writing in log upd_msg->data.sensor_type = 1
[91m [1776446389.813397] Client: [0m---after writing in log upd_msg->reliable = 1
[91m [1776446389.957022] BSON Message: [0mInside sensor type parsing.
[91m [1776446389.957030] BSON Message: [0mInside sensor type parsing end.
[91m [1776446389.957034] BSON Message: [0mInside sid parsing
[91m [1776446389.957038] BSON Message: [0mInside temp1 parsing.
[91m [1776446389.957042] Client: [0m---before writing in log upd_msg->seq_no= 27
[91m [1776446389.957046] Client: [0m---before writing in log upd_msg->type= 4
[91m [1776446389.957051] Client: [0m---before writing in log upd_msg->frag_no= 0
[91m [1776446389.957056] Client: [0m---before writing in log upd_msg->reliable= 1
[91m [1776446389.957059] Client: [0m---before writing in log upd_msg->data.sensor_type= 1
[91m [1776446389.957062] Client: [0m---before writing in log upd_msg->data.sid= temp_1
[91m [1776446389.957069] Client: [0m---after writing in log upd_msg->seq_no = 27
[91m [1776446389.957072] Client: [0m---after writing in log upd_msg->data.sensor_type = 1
[91m [1776446389.957076] Client: [0m---after writing in log upd_msg->reliable = 1
[91m [1776446390.811561] BSON Message: [0mInside sensor type parsing.
[91m [1776446390.811574] BSON Message: [0mInside sensor type parsing end.
[91m [1776446390.811580] BSON Message: [0mInside sid parsing
[91m [1776446390.811587] BSON Message: [0mInside temp1 parsing.
[91m [1776446390.811594] Client: [0m---before writing in log upd_msg->seq_no= 28
[91m [1776446390.811601] Client: [0m---before writing in log upd_msg->type= 4
[91m [1776446390.811608] Client: [0m---before writing in log upd_msg->frag_no= 0
[91m [1776446390.811615] Client: [0m---before writing in log upd_msg->reliable= 1
[91m [1776446390.811621] Client: [0m---before writing in log upd_msg->data.sensor_type= 1
[91m [1776446390.811627] Client: [0m---before writing in log upd_msg->data.sid= temp_1
[91m [1776446390.811634] Client: [0m---after writing in log upd_msg->seq_no = 28
[91m [1776446390.811641] Client: [0m---after writing in log upd_msg->data.sensor_type = 1
[91m [1776446390.811647] Client: [0m---after writing in log upd_msg->reliable = 1
[91m [1776446390.957248] BSON Message: [0mInside sensor type parsing.
[91m [1776446390.957259] BSON Message: [0mInside sensor type parsing end.
[91m [1776446390.957265] BSON Message: [0mInside sid parsing
[91m [1776446390.957271] BSON Message: [0mInside temp1 parsing.
[91m [1776446390.957277] Client: [0m---before writing in log upd_msg->seq_no= 29
[91m [1776446390.957283] Client: [0m---before writing in log upd_msg->type= 4
[91m [1776446390.957288] Client: [0m---before writing in log upd_msg->frag_no= 0
[91m [1776446390.957294] Client: [0m---before writing in log upd_msg->reliable= 1
[91m [1776446390.957299] Client: [0m---before writing in log upd_msg->data.sensor_type= 1
[91m [1776446390.957304] Client: [0m---before writing in log upd_msg->data.sid= temp_1
[91m [1776446390.957310] Client: [0m---after writing in log upd_msg->seq_no = 29
[91m [1776446390.957316] Client: [0m---after writing in log upd_msg->data.sensor_type = 1
[91m [1776446390.957321] Client: [0m---after writing in log upd_msg->reliable = 1
[91m [1776446391.191789] BSON Message: [0mInside sensor type parsing.
[91m [1776446391.191800] BSON Message: [0mInside sensor type parsing end.
[91m [1776446391.191805] BSON Message: [0mInside sid parsing
[91m [1776446391.191810] Client: [0m---before writing in log upd_msg->seq_no= 10
[91m [1776446391.191814] Client: [0m---before writing in log upd_msg->type= 4
[91m [1776446391.191818] Client: [0m---before writing in log upd_msg->frag_no= 0
[91m [1776446391.191823] Client: [0m---before writing in log upd_msg->reliable= 1
[91m [1776446391.191828] Client: [0m---before writing in log upd_msg->data.sensor_type= 2
[91m [1776446391.191833] Client: [0m---before writing in log upd_msg->data.sid= device_0
[91m [1776446391.191837] Client: [0m---after writing in log upd_msg->seq_no = 10
[91m [1776446391.191841] Client: [0m---after writing in log upd_msg->data.sensor_type = 2
[91m [1776446391.191844] Client: [0m---after writing in log upd_msg->reliable = 1
[91m [1776446391.508357] BSON Message: [0mInside sensor type parsing.
[91m [1776446391.508371] BSON Message: [0mInside sensor type parsing end.
[91m [1776446391.508377] BSON Message: [0mInside sid parsing
[91m [1776446391.508383] Client: [0m---before writing in log upd_msg->seq_no= 11
[91m [1776446391.508388] Client: [0m---before writing in log upd_msg->type= 4
[91m [1776446391.508393] Client: [0m---before writing in log upd_msg->frag_no= 0
[91m [1776446391.508398] Client: [0m---before writing in log upd_msg->reliable= 1
[91m [1776446391.508402] Client: [0m---before writing in log upd_msg->data.sensor_type= 2
[91m [1776446391.508407] Client: [0m---before writing in log upd_msg->data.sid= device_0
[91m [1776446391.508413] Client: [0m---after writing in log upd_msg->seq_no = 11
[91m [1776446391.508424] Client: [0m---after writing in log upd_msg->data.sensor_type = 2
[91m [1776446391.508429] Client: [0m---after writing in log upd_msg->reliable = 1
[91m [1776446391.811876] BSON Message: [0mInside sensor type parsing.
[91m [1776446391.811885] BSON Message: [0mInside sensor type parsing end.
[91m [1776446391.811890] BSON Message: [0mInside sid parsing
[91m [1776446391.811894] BSON Message: [0mInside temp1 parsing.
[91m [1776446391.811898] Client: [0m---before writing in log upd_msg->seq_no= 30
[91m [1776446391.811902] Client: [0m---before writing in log upd_msg->type= 4
[91m [1776446391.811906] Client: [0m---before writing in log upd_msg->frag_no= 0
[91m [1776446391.811910] Client: [0m---before writing in log upd_msg->reliable= 1
[91m [1776446391.811913] Client: [0m---before writing in log upd_msg->data.sensor_type= 1
[91m [1776446391.811927] Client: [0m---before writing in log upd_msg->data.sid= temp_1
[91m [1776446391.811931] Client: [0m---after writing in log upd_msg->seq_no = 30
[91m [1776446391.811935] Client: [0m---after writing in log upd_msg->data.sensor_type = 1
[91m [1776446391.811939] Client: [0m---after writing in log upd_msg->reliable = 1
[91m [1776446391.957371] BSON Message: [0mInside sensor type parsing.
[91m [1776446391.957381] BSON Message: [0mInside sensor type parsing end.
[91m [1776446391.957385] BSON Message: [0mInside sid parsing
[91m [1776446391.957389] BSON Message: [0mInside temp1 parsing.
[91m [1776446391.957394] Client: [0m---before writing in log upd_msg->seq_no= 31
[91m [1776446391.957399] Client: [0m---before writing in log upd_msg->type= 4
[91m [1776446391.957404] Client: [0m---before writing in log upd_msg->frag_no= 0
[91m [1776446391.957409] Client: [0m---before writing in log upd_msg->reliable= 1
[91m [1776446391.957414] Client: [0m---before writing in log upd_msg->data.sensor_type= 1
[91m [1776446391.957418] Client: [0m---before writing in log upd_msg->data.sid= temp_1
[91m [1776446391.957423] Client: [0m---after writing in log upd_msg->seq_no = 31
[91m [1776446391.957426] Client: [0m---after writing in log upd_msg->data.sensor_type = 1
[91m [1776446391.957430] Client: [0m---after writing in log upd_msg->reliable = 1
[91m [1776446392.161956] BSON Message: [0mInside sensor type parsing.
[91m [1776446392.161967] BSON Message: [0mInside sensor type parsing end.
[91m [1776446392.161971] BSON Message: [0mInside sid parsing
[91m [1776446392.161975] Client: [0m---before writing in log upd_msg->seq_no= 12
[91m [1776446392.161978] Client: [0m---before writing in log upd_msg->type= 4
[91m [1776446392.161982] Client: [0m---before writing in log upd_msg->frag_no= 0
[91m [1776446392.161985] Client: [0m---before writing in log upd_msg->reliable= 1
[91m [1776446392.161988] Client: [0m---before writing in log upd_msg->data.sensor_type= 2
[91m [1776446392.161991] Client: [0m---before writing in log upd_msg->data.sid= device_0
[91m [1776446392.161995] Client: [0m---after writing in log upd_msg->seq_no = 12
[91m [1776446392.162000] Client: [0m---after writing in log upd_msg->data.sensor_type = 2
[91m [1776446392.162004] Client: [0m---after writing in log upd_msg->reliable = 1
[91m [1776446392.812058] BSON Message: [0mInside sensor type parsing.
[91m [1776446392.812069] BSON Message: [0mInside sensor type parsing end.
[91m [1776446392.812074] BSON Message: [0mInside sid parsing
[91m [1776446392.812079] BSON Message: [0mInside temp1 parsing.
[91m [1776446392.812085] Client: [0m---before writing in log upd_msg->seq_no= 32
[91m [1776446392.812089] Client: [0m---before writing in log upd_msg->type= 4
[91m [1776446392.812095] Client: [0m---before writing in log upd_msg->frag_no= 0
[91m [1776446392.812099] Client: [0m---before writing in log upd_msg->reliable= 1
[91m [1776446392.812104] Client: [0m---before writing in log upd_msg->data.sensor_type= 1
[91m [1776446392.812108] Client: [0m---before writing in log upd_msg->data.sid= temp_1
[91m [1776446392.812118] Client: [0m---after writing in log upd_msg->seq_no = 32
[91m [1776446392.812122] Client: [0m---after writing in log upd_msg->data.sensor_type = 1
[91m [1776446392.812126] Client: [0m---after writing in log upd_msg->reliable = 1
[91m [1776446392.960670] BSON Message: [0mInside sensor type parsing.
[91m [1776446392.960678] BSON Message: [0mInside sensor type parsing end.
[91m [1776446392.960681] BSON Message: [0mInside sid parsing
[91m [1776446392.960685] BSON Message: [0mInside temp1 parsing.
[91m [1776446392.960688] Client: [0m---before writing in log upd_msg->seq_no= 33
[91m [1776446392.960692] Client: [0m---before writing in log upd_msg->type= 4
[91m [1776446392.960695] Client: [0m---before writing in log upd_msg->frag_no= 0
[91m [1776446392.960698] Client: [0m---before writing in log upd_msg->reliable= 1
[91m [1776446392.960701] Client: [0m---before writing in log upd_msg->data.sensor_type= 1
[91m [1776446392.960704] Client: [0m---before writing in log upd_msg->data.sid= temp_1
[91m [1776446392.960707] Client: [0m---after writing in log upd_msg->seq_no = 33
[91m [1776446392.960710] Client: [0m---after writing in log upd_msg->data.sensor_type = 1
[91m [1776446392.960713] Client: [0m---after writing in log upd_msg->reliable = 1
[91m [1776446393.610696] BSON Message: [0mInside sensor type parsing.
[91m [1776446393.610704] BSON Message: [0mInside sensor type parsing end.
[91m [1776446393.610709] BSON Message: [0mInside sid parsing
[91m [1776446393.610713] BSON Message: [0mInside gps1 parsing.
[91m [1776446393.610717] Client: [0m---before writing in log upd_msg->seq_no= 6
[91m [1776446393.610721] Client: [0m---before writing in log upd_msg->type= 4
[91m [1776446393.610725] Client: [0m---before writing in log upd_msg->frag_no= 0
[91m [1776446393.610728] Client: [0m---before writing in log upd_msg->reliable= 1
[91m [1776446393.610732] Client: [0m---before writing in log upd_msg->data.sensor_type= 3
[91m [1776446393.610735] Client: [0m---before writing in log upd_msg->data.sid= gps_2
[91m [1776446393.610742] Client: [0m---after writing in log upd_msg->seq_no = 6
[91m [1776446393.610747] Client: [0m---after writing in log upd_msg->data.sensor_type = 3
[91m [1776446393.610752] Client: [0m---after writing in log upd_msg->reliable = 1
[91m [1776446393.751005] BSON Message: [0mInside sensor type parsing.
[91m [1776446393.751017] BSON Message: [0mInside sensor type parsing end.
[91m [1776446393.751023] BSON Message: [0mInside sid parsing
[91m [1776446393.751029] BSON Message: [0mInside gps1 parsing.
[91m [1776446393.751036] Client: [0m---before writing in log upd_msg->seq_no= 7
[91m [1776446393.751042] Client: [0m---before writing in log upd_msg->type= 4
[91m [1776446393.751047] Client: [0m---before writing in log upd_msg->frag_no= 0
[91m [1776446393.751053] Client: [0m---before writing in log upd_msg->reliable= 1
[91m [1776446393.751059] Client: [0m---before writing in log upd_msg->data.sensor_type= 3
[91m [1776446393.751065] Client: [0m---before writing in log upd_msg->data.sid= gps_2
[91m [1776446393.751074] Client: [0m---after writing in log upd_msg->seq_no = 7
[91m [1776446393.751080] Client: [0m---after writing in log upd_msg->data.sensor_type = 3
[91m [1776446393.751085] Client: [0m---after writing in log upd_msg->reliable = 1
[91m [1776446393.811156] BSON Message: [0mInside sensor type parsing.
[91m [1776446393.811169] BSON Message: [0mInside sensor type parsing end.
[91m [1776446393.811175] BSON Message: [0mInside sid parsing
[91m [1776446393.811181] Client: [0m---before writing in log upd_msg->seq_no= 13
[91m [1776446393.811187] Client: [0m---before writing in log upd_msg->type= 4
[91m [1776446393.811193] Client: [0m---before writing in log upd_msg->frag_no= 0
[91m [1776446393.811199] Client: [0m---before writing in log upd_msg->reliable= 1
[91m [1776446393.811205] Client: [0m---before writing in log upd_msg->data.sensor_type= 2
[91m [1776446393.811210] Client: [0m---before writing in log upd_msg->data.sid= device_0
[91m [1776446393.811222] Client: [0m---after writing in log upd_msg->seq_no = 13
[91m [1776446393.811228] Client: [0m---after writing in log upd_msg->data.sensor_type = 2
[91m [1776446393.811233] Client: [0m---after writing in log upd_msg->reliable = 1
[91m [1776446393.814533] BSON Message: [0mInside sensor type parsing.
[91m [1776446393.814541] BSON Message: [0mInside sensor type parsing end.
[91m [1776446393.814547] BSON Message: [0mInside sid parsing
[91m [1776446393.814551] BSON Message: [0mInside temp1 parsing.
[91m [1776446393.814557] Client: [0m---before writing in log upd_msg->seq_no= 34
[91m [1776446393.814562] Client: [0m---before writing in log upd_msg->type= 4
[91m [1776446393.814566] Client: [0m---before writing in log upd_msg->frag_no= 0
[91m [1776446393.814571] Client: [0m---before writing in log upd_msg->reliable= 1
[91m [1776446393.814577] Client: [0m---before writing in log upd_msg->data.sensor_type= 1
[91m [1776446393.814582] Client: [0m---before writing in log upd_msg->data.sid= temp_1
[91m [1776446393.814587] Client: [0m---after writing in log upd_msg->seq_no = 34
[91m [1776446393.814590] Client: [0m---after writing in log upd_msg->data.sensor_type = 1
[91m [1776446393.814594] Client: [0m---after writing in log upd_msg->reliable = 1
[91m [1776446393.957992] BSON Message: [0mInside sensor type parsing.
[91m [1776446393.958004] BSON Message: [0mInside sensor type parsing end.
[91m [1776446393.958009] BSON Message: [0mInside sid parsing
[91m [1776446393.958014] BSON Message: [0mInside temp1 parsing.
[91m [1776446393.958019] Client: [0m---before writing in log upd_msg->seq_no= 35
[91m [1776446393.958024] Client: [0m---before writing in log upd_msg->type= 4
[91m [1776446393.958028] Client: [0m---before writing in log upd_msg->frag_no= 0
[91m [1776446393.958033] Client: [0m---before writing in log upd_msg->reliable= 1
[91m [1776446393.958037] Client: [0m---before writing in log upd_msg->data.sensor_type= 1
[91m [1776446393.958042] Client: [0m---before writing in log upd_msg->data.sid= temp_1
[91m [1776446393.958047] Client: [0m---after writing in log upd_msg->seq_no = 35
[91m [1776446393.958052] Client: [0m---after writing in log upd_msg->data.sensor_type = 1
[91m [1776446393.958056] Client: [0m---after writing in log upd_msg->reliable = 1
[91m [1776446394.812595] BSON Message: [0mInside sensor type parsing.
[91m [1776446394.812605] BSON Message: [0mInside sensor type parsing end.
[91m [1776446394.812611] BSON Message: [0mInside sid parsing
[91m [1776446394.812616] BSON Message: [0mInside temp1 parsing.
[91m [1776446394.812622] Client: [0m---before writing in log upd_msg->seq_no= 36
[91m [1776446394.812627] Client: [0m---before writing in log upd_msg->type= 4
[91m [1776446394.812631] Client: [0m---before writing in log upd_msg->frag_no= 0
[91m [1776446394.812636] Client: [0m---before writing in log upd_msg->reliable= 1
[91m [1776446394.812640] Client: [0m---before writing in log upd_msg->data.sensor_type= 1
[91m [1776446394.812644] Client: [0m---before writing in log upd_msg->data.sid= temp_1
[91m [1776446394.812649] Client: [0m---after writing in log upd_msg->seq_no = 36
[91m [1776446394.812654] Client: [0m---after writing in log upd_msg->data.sensor_type = 1
[91m [1776446394.812658] Client: [0m---after writing in log upd_msg->reliable = 1
[91m [1776446394.816582] BSON Message: [0mInside sensor type parsing.
[91m [1776446394.816590] BSON Message: [0mInside sensor type parsing end.
[91m [1776446394.816594] BSON Message: [0mInside sid parsing
[91m [1776446394.816598] Client: [0m---before writing in log upd_msg->seq_no= 14
[91m [1776446394.816601] Client: [0m---before writing in log upd_msg->type= 4
[91m [1776446394.816604] Client: [0m---before writing in log upd_msg->frag_no= 0
[91m [1776446394.816607] Client: [0m---before writing in log upd_msg->reliable= 1
[91m [1776446394.816610] Client: [0m---before writing in log upd_msg->data.sensor_type= 2
[91m [1776446394.816613] Client: [0m---before writing in log upd_msg->data.sid= device_0
[91m [1776446394.816620] Client: [0m---after writing in log upd_msg->seq_no = 14
[91m [1776446394.816623] Client: [0m---after writing in log upd_msg->data.sensor_type = 2
[91m [1776446394.816627] Client: [0m---after writing in log upd_msg->reliable = 1
[91m [1776446394.958241] BSON Message: [0mInside sensor type parsing.
[91m [1776446394.958251] BSON Message: [0mInside sensor type parsing end.
[91m [1776446394.958256] BSON Message: [0mInside sid parsing
[91m [1776446394.958260] BSON Message: [0mInside temp1 parsing.
[91m [1776446394.958265] Client: [0m---before writing in log upd_msg->seq_no= 37
[91m [1776446394.958269] Client: [0m---before writing in log upd_msg->type= 4
[91m [1776446394.958273] Client: [0m---before writing in log upd_msg->frag_no= 0
[91m [1776446394.958277] Client: [0m---before writing in log upd_msg->reliable= 1
[91m [1776446394.958281] Client: [0m---before writing in log upd_msg->data.sensor_type= 1
[91m [1776446394.958285] Client: [0m---before writing in log upd_msg->data.sid= temp_1
[91m [1776446394.958290] Client: [0m---after writing in log upd_msg->seq_no = 37
[91m [1776446394.958294] Client: [0m---after writing in log upd_msg->data.sensor_type = 1
[91m [1776446394.958297] Client: [0m---after writing in log upd_msg->reliable = 1
[91m [1776446395.812854] BSON Message: [0mInside sensor type parsing.
[91m [1776446395.812863] BSON Message: [0mInside sensor type parsing end.
[91m [1776446395.812867] BSON Message: [0mInside sid parsing
[91m [1776446395.812871] BSON Message: [0mInside temp1 parsing.
[91m [1776446395.812875] Client: [0m---before writing in log upd_msg->seq_no= 38
[91m [1776446395.812878] Client: [0m---before writing in log upd_msg->type= 4
[91m [1776446395.812881] Client: [0m---before writing in log upd_msg->frag_no= 0
[91m [1776446395.812886] Client: [0m---before writing in log upd_msg->reliable= 1
[91m [1776446395.812889] Client: [0m---before writing in log upd_msg->data.sensor_type= 1
[91m [1776446395.812892] Client: [0m---before writing in log upd_msg->data.sid= temp_1
[91m [1776446395.812896] Client: [0m---after writing in log upd_msg->seq_no = 38
[91m [1776446395.812901] Client: [0m---after writing in log upd_msg->data.sensor_type = 1
[91m [1776446395.812904] Client: [0m---after writing in log upd_msg->reliable = 1
[91m [1776446395.958523] BSON Message: [0mInside sensor type parsing.
[91m [1776446395.958533] BSON Message: [0mInside sensor type parsing end.
[91m [1776446395.958537] BSON Message: [0mInside sid parsing
[91m [1776446395.958542] BSON Message: [0mInside temp1 parsing.
[91m [1776446395.958547] Client: [0m---before writing in log upd_msg->seq_no= 39
[91m [1776446395.958551] Client: [0m---before writing in log upd_msg->type= 4
[91m [1776446395.958555] Client: [0m---before writing in log upd_msg->frag_no= 0
[91m [1776446395.958559] Client: [0m---before writing in log upd_msg->reliable= 1
[91m [1776446395.958563] Client: [0m---before writing in log upd_msg->data.sensor_type= 1
[91m [1776446395.958567] Client: [0m---before writing in log upd_msg->data.sid= temp_1
[91m [1776446395.958572] Client: [0m---after writing in log upd_msg->seq_no = 39
[91m [1776446395.958575] Client: [0m---after writing in log upd_msg->data.sensor_type = 1
[91m [1776446395.958579] Client: [0m---after writing in log upd_msg->reliable = 1
[91m [1776446396.230375] BSON Message: [0mInside sensor type parsing.
[91m [1776446396.230386] BSON Message: [0mInside sensor type parsing end.
[91m [1776446396.230391] BSON Message: [0mInside sid parsing
[91m [1776446396.230397] Client: [0m---before writing in log upd_msg->seq_no= 15
[91m [1776446396.230402] Client: [0m---before writing in log upd_msg->type= 4
[91m [1776446396.230406] Client: [0m---before writing in log upd_msg->frag_no= 0
[91m [1776446396.230411] Client: [0m---before writing in log upd_msg->reliable= 1
[91m [1776446396.230415] Client: [0m---before writing in log upd_msg->data.sensor_type= 2
[91m [1776446396.230424] Client: [0m---before writing in log upd_msg->data.sid= device_0
[91m [1776446396.230430] Client: [0m---after writing in log upd_msg->seq_no = 15
[91m [1776446396.230435] Client: [0m---after writing in log upd_msg->data.sensor_type = 2
[91m [1776446396.230439] Client: [0m---after writing in log upd_msg->reliable = 1
[91m [1776446396.387584] BSON Message: [0mInside sensor type parsing.
[91m [1776446396.387600] BSON Message: [0mInside sensor type parsing end.
[91m [1776446396.387607] BSON Message: [0mInside sid parsing
[91m [1776446396.387614] Client: [0m---before writing in log upd_msg->seq_no= 16
[91m [1776446396.387619] Client: [0m---before writing in log upd_msg->type= 4
[91m [1776446396.387624] Client: [0m---before writing in log upd_msg->frag_no= 0
[91m [1776446396.387629] Client: [0m---before writing in log upd_msg->reliable= 1
[91m [1776446396.387634] Client: [0m---before writing in log upd_msg->data.sensor_type= 2
[91m [1776446396.387639] Client: [0m---before writing in log upd_msg->data.sid= device_0
[91m [1776446396.387646] Client: [0m---after writing in log upd_msg->seq_no = 16
[91m [1776446396.387652] Client: [0m---after writing in log upd_msg->data.sensor_type = 2
[91m [1776446396.387657] Client: [0m---after writing in log upd_msg->reliable = 1
[91m [1776446396.627929] BSON Message: [0mInside sensor type parsing.
[91m [1776446396.627942] BSON Message: [0mInside sensor type parsing end.
[91m [1776446396.627948] BSON Message: [0mInside sid parsing
[91m [1776446396.627957] Client: [0m---before writing in log upd_msg->seq_no= 17
[91m [1776446396.627963] Client: [0m---before writing in log upd_msg->type= 4
[91m [1776446396.627969] Client: [0m---before writing in log upd_msg->frag_no= 0
[91m [1776446396.627975] Client: [0m---before writing in log upd_msg->reliable= 1
[91m [1776446396.627981] Client: [0m---before writing in log upd_msg->data.sensor_type= 2
[91m [1776446396.627987] Client: [0m---before writing in log upd_msg->data.sid= device_0
[91m [1776446396.627995] Client: [0m---after writing in log upd_msg->seq_no = 17
[91m [1776446396.628000] Client: [0m---after writing in log upd_msg->data.sensor_type = 2
[91m [1776446396.628006] Client: [0m---after writing in log upd_msg->reliable = 1
[91m [1776446396.813330] BSON Message: [0mInside sensor type parsing.
[91m [1776446396.813339] BSON Message: [0mInside sensor type parsing end.
[91m [1776446396.813345] BSON Message: [0mInside sid parsing
[91m [1776446396.813350] BSON Message: [0mInside temp1 parsing.
[91m [1776446396.813355] Client: [0m---before writing in log upd_msg->seq_no= 40
[91m [1776446396.813358] Client: [0m---before writing in log upd_msg->type= 4
[91m [1776446396.813363] Client: [0m---before writing in log upd_msg->frag_no= 0
[91m [1776446396.813368] Client: [0m---before writing in log upd_msg->reliable= 1
[91m [1776446396.813372] Client: [0m---before writing in log upd_msg->data.sensor_type= 1
[91m [1776446396.813376] Client: [0m---before writing in log upd_msg->data.sid= temp_1
[91m [1776446396.813380] Client: [0m---after writing in log upd_msg->seq_no = 40
[91m [1776446396.813386] Client: [0m---after writing in log upd_msg->data.sensor_type = 1
[91m [1776446396.813389] Client: [0m---after writing in log upd_msg->reliable = 1
[91m [1776446396.958803] BSON Message: [0mInside sensor type parsing.
[91m [1776446396.958814] BSON Message: [0mInside sensor type parsing end.
[91m [1776446396.958819] BSON Message: [0mInside sid parsing
[91m [1776446396.958824] BSON Message: [0mInside temp1 parsing.
[91m [1776446396.958832] Client: [0m---before writing in log upd_msg->seq_no= 41
[91m [1776446396.958838] Client: [0m---before writing in log upd_msg->type= 4
[91m [1776446396.958843] Client: [0m---before writing in log upd_msg->frag_no= 0
[91m [1776446396.958848] Client: [0m---before writing in log upd_msg->reliable= 1
[91m [1776446396.958854] Client: [0m---before writing in log upd_msg->data.sensor_type= 1
[91m [1776446396.958861] Client: [0m---before writing in log upd_msg->data.sid= temp_1
[91m [1776446396.958873] Client: [0m---after writing in log upd_msg->seq_no = 41
[91m [1776446396.958879] Client: [0m---after writing in log upd_msg->data.sensor_type = 1
[91m [1776446396.958885] Client: [0m---after writing in log upd_msg->reliable = 1
[91m [1776446397.60719] BSON Message: [0mInside sensor type parsing.
[91m [1776446397.60733] BSON Message: [0mInside sensor type parsing end.
[91m [1776446397.60740] BSON Message: [0mInside sid parsing
[91m [1776446397.60748] Client: [0m---before writing in log upd_msg->seq_no= 18
[91m [1776446397.60755] Client: [0m---before writing in log upd_msg->type= 4
[91m [1776446397.60761] Client: [0m---before writing in log upd_msg->frag_no= 0
[91m [1776446397.60767] Client: [0m---before writing in log upd_msg->reliable= 1
[91m [1776446397.60772] Client: [0m---before writing in log upd_msg->data.sensor_type= 2
[91m [1776446397.60778] Client: [0m---before writing in log upd_msg->data.sid= device_0
[91m [1776446397.60785] Client: [0m---after writing in log upd_msg->seq_no = 18
[91m [1776446397.60791] Client: [0m---after writing in log upd_msg->data.sensor_type = 2
[91m [1776446397.60797] Client: [0m---after writing in log upd_msg->reliable = 1
[91m [1776446397.813409] BSON Message: [0mInside sensor type parsing.
[91m [1776446397.813420] BSON Message: [0mInside sensor type parsing end.
[91m [1776446397.813426] BSON Message: [0mInside sid parsing
[91m [1776446397.813430] BSON Message: [0mInside temp1 parsing.
[91m [1776446397.813436] Client: [0m---before writing in log upd_msg->seq_no= 42
[91m [1776446397.813440] Client: [0m---before writing in log upd_msg->type= 4
[91m [1776446397.813443] Client: [0m---before writing in log upd_msg->frag_no= 0
[91m [1776446397.813447] Client: [0m---before writing in log upd_msg->reliable= 1
[91m [1776446397.813451] Client: [0m---before writing in log upd_msg->data.sensor_type= 1
[91m [1776446397.813455] Client: [0m---before writing in log upd_msg->data.sid= temp_1
[91m [1776446397.813460] Client: [0m---after writing in log upd_msg->seq_no = 42
[91m [1776446397.813464] Client: [0m---after writing in log upd_msg->data.sensor_type = 1
[91m [1776446397.813469] Client: [0m---after writing in log upd_msg->reliable = 1
[91m [1776446397.959107] BSON Message: [0mInside sensor type parsing.
[91m [1776446397.959116] BSON Message: [0mInside sensor type parsing end.
[91m [1776446397.959121] BSON Message: [0mInside sid parsing
[91m [1776446397.959124] BSON Message: [0mInside temp1 parsing.
[91m [1776446397.959130] Client: [0m---before writing in log upd_msg->seq_no= 43
[91m [1776446397.959135] Client: [0m---before writing in log upd_msg->type= 4
[91m [1776446397.959140] Client: [0m---before writing in log upd_msg->frag_no= 0
[91m [1776446397.959144] Client: [0m---before writing in log upd_msg->reliable= 1
[91m [1776446397.959149] Client: [0m---before writing in log upd_msg->data.sensor_type= 1
[91m [1776446397.959154] Client: [0m---before writing in log upd_msg->data.sid= temp_1
[91m [1776446397.959159] Client: [0m---after writing in log upd_msg->seq_no = 43
[91m [1776446397.959164] Client: [0m---after writing in log upd_msg->data.sensor_type = 1
[91m [1776446397.959169] Client: [0m---after writing in log upd_msg->reliable = 1
[91m [1776446398.711928] BSON Message: [0mInside sensor type parsing.
[91m [1776446398.711944] BSON Message: [0mInside sensor type parsing end.
[91m [1776446398.711950] BSON Message: [0mInside sid parsing
[91m [1776446398.711958] Client: [0m---before writing in log upd_msg->seq_no= 19
[91m [1776446398.711964] Client: [0m---before writing in log upd_msg->type= 4
[91m [1776446398.711970] Client: [0m---before writing in log upd_msg->frag_no= 0
[91m [1776446398.711977] Client: [0m---before writing in log upd_msg->reliable= 1
[91m [1776446398.711983] Client: [0m---before writing in log upd_msg->data.sensor_type= 2
[91m [1776446398.711990] Client: [0m---before writing in log upd_msg->data.sid= device_0
[91m [1776446398.712005] Client: [0m---after writing in log upd_msg->seq_no = 19
[91m [1776446398.712011] Client: [0m---after writing in log upd_msg->data.sensor_type = 2
[91m [1776446398.712018] Client: [0m---after writing in log upd_msg->reliable = 1
[91m [1776446398.718860] BSON Message: [0mInside sensor type parsing.
[91m [1776446398.718873] BSON Message: [0mInside sensor type parsing end.
[91m [1776446398.718880] BSON Message: [0mInside sid parsing
[91m [1776446398.718887] Client: [0m---before writing in log upd_msg->seq_no= 20
[91m [1776446398.718892] Client: [0m---before writing in log upd_msg->type= 4
[91m [1776446398.718897] Client: [0m---before writing in log upd_msg->frag_no= 0
[91m [1776446398.718902] Client: [0m---before writing in log upd_msg->reliable= 1
[91m [1776446398.718907] Client: [0m---before writing in log upd_msg->data.sensor_type= 2
[91m [1776446398.718912] Client: [0m---before writing in log upd_msg->data.sid= device_0
[91m [1776446398.718931] Client: [0m---after writing in log upd_msg->seq_no = 20
[91m [1776446398.718936] Client: [0m---after writing in log upd_msg->data.sensor_type = 2
[91m [1776446398.718942] Client: [0m---after writing in log upd_msg->reliable = 1
[91m [1776446398.813638] BSON Message: [0mInside sensor type parsing.
[91m [1776446398.813649] BSON Message: [0mInside sensor type parsing end.
[91m [1776446398.813654] BSON Message: [0mInside sid parsing
[91m [1776446398.813659] BSON Message: [0mInside temp1 parsing.
[91m [1776446398.813664] Client: [0m---before writing in log upd_msg->seq_no= 44
[91m [1776446398.813668] Client: [0m---before writing in log upd_msg->type= 4
[91m [1776446398.813672] Client: [0m---before writing in log upd_msg->frag_no= 0
[91m [1776446398.813676] Client: [0m---before writing in log upd_msg->reliable= 1
[91m [1776446398.813680] Client: [0m---before writing in log upd_msg->data.sensor_type= 1
[91m [1776446398.813684] Client: [0m---before writing in log upd_msg->data.sid= temp_1
[91m [1776446398.813688] Client: [0m---after writing in log upd_msg->seq_no = 44
[91m [1776446398.813693] Client: [0m---after writing in log upd_msg->data.sensor_type = 1
[91m [1776446398.813697] Client: [0m---after writing in log upd_msg->reliable = 1
[91m [1776446398.959379] BSON Message: [0mInside sensor type parsing.
[91m [1776446398.959390] BSON Message: [0mInside sensor type parsing end.
[91m [1776446398.959395] BSON Message: [0mInside sid parsing
[91m [1776446398.959399] BSON Message: [0mInside temp1 parsing.
[91m [1776446398.959404] Client: [0m---before writing in log upd_msg->seq_no= 45
[91m [1776446398.959408] Client: [0m---before writing in log upd_msg->type= 4
[91m [1776446398.959411] Client: [0m---before writing in log upd_msg->frag_no= 0
[91m [1776446398.959416] Client: [0m---before writing in log upd_msg->reliable= 1
[91m [1776446398.959420] Client: [0m---before writing in log upd_msg->data.sensor_type= 1
[91m [1776446398.959424] Client: [0m---before writing in log upd_msg->data.sid= temp_1
[91m [1776446398.959429] Client: [0m---after writing in log upd_msg->seq_no = 45
[91m [1776446398.959433] Client: [0m---after writing in log upd_msg->data.sensor_type = 1
[91m [1776446398.959436] Client: [0m---after writing in log upd_msg->reliable = 1
[91m [1776446399.814342] BSON Message: [0mInside sensor type parsing.
[91m [1776446399.814353] BSON Message: [0mInside sensor type parsing end.
[91m [1776446399.814360] BSON Message: [0mInside sid parsing
[91m [1776446399.814366] BSON Message: [0mInside temp1 parsing.
[91m [1776446399.814373] Client: [0m---before writing in log upd_msg->seq_no= 46
[91m [1776446399.814378] Client: [0m---before writing in log upd_msg->type= 4
[91m [1776446399.814384] Client: [0m---before writing in log upd_msg->frag_no= 0
[91m [1776446399.814389] Client: [0m---before writing in log upd_msg->reliable= 1
[91m [1776446399.814394] Client: [0m---before writing in log upd_msg->data.sensor_type= 1
[91m [1776446399.814399] Client: [0m---before writing in log upd_msg->data.sid= temp_1
[91m [1776446399.814409] Client: [0m---after writing in log upd_msg->seq_no = 46
[91m [1776446399.814414] Client: [0m---after writing in log upd_msg->data.sensor_type = 1
[91m [1776446399.814419] Client: [0m---after writing in log upd_msg->reliable = 1
[91m [1776446399.959671] BSON Message: [0mInside sensor type parsing.
[91m [1776446399.959682] BSON Message: [0mInside sensor type parsing end.
[91m [1776446399.959686] BSON Message: [0mInside sid parsing
[91m [1776446399.959690] BSON Message: [0mInside temp1 parsing.
[91m [1776446399.959697] Client: [0m---before writing in log upd_msg->seq_no= 47
[91m [1776446399.959701] Client: [0m---before writing in log upd_msg->type= 4
[91m [1776446399.959705] Client: [0m---before writing in log upd_msg->frag_no= 0
[91m [1776446399.959711] Client: [0m---before writing in log upd_msg->reliable= 1
[91m [1776446399.959715] Client: [0m---before writing in log upd_msg->data.sensor_type= 1
[91m [1776446399.959719] Client: [0m---before writing in log upd_msg->data.sid= temp_1
[91m [1776446399.959725] Client: [0m---after writing in log upd_msg->seq_no = 47
[91m [1776446399.959729] Client: [0m---after writing in log upd_msg->data.sensor_type = 1
[91m [1776446399.959734] Client: [0m---after writing in log upd_msg->reliable = 1
[91m [1776446400.408861] BSON Message: [0mInside sensor type parsing.
[91m [1776446400.408871] BSON Message: [0mInside sensor type parsing end.
[91m [1776446400.408875] BSON Message: [0mInside sid parsing
[91m [1776446400.408880] BSON Message: [0mInside gps1 parsing.
[91m [1776446400.408885] Client: [0m---before writing in log upd_msg->seq_no= 8
[91m [1776446400.408889] Client: [0m---before writing in log upd_msg->type= 4
[91m [1776446400.408893] Client: [0m---before writing in log upd_msg->frag_no= 0
[91m [1776446400.408897] Client: [0m---before writing in log upd_msg->reliable= 1
[91m [1776446400.408901] Client: [0m---before writing in log upd_msg->data.sensor_type= 3
[91m [1776446400.408904] Client: [0m---before writing in log upd_msg->data.sid= gps_2
[91m [1776446400.408911] Client: [0m---after writing in log upd_msg->seq_no = 8
[91m [1776446400.408914] Client: [0m---after writing in log upd_msg->data.sensor_type = 3
[91m [1776446400.408928] Client: [0m---after writing in log upd_msg->reliable = 1
[91m [1776446400.814480] BSON Message: [0mInside sensor type parsing.
[91m [1776446400.814491] BSON Message: [0mInside sensor type parsing end.
[91m [1776446400.814496] BSON Message: [0mInside sid parsing
[91m [1776446400.814501] BSON Message: [0mInside temp1 parsing.
[91m [1776446400.814507] Client: [0m---before writing in log upd_msg->seq_no= 48
[91m [1776446400.814511] Client: [0m---before writing in log upd_msg->type= 4
[91m [1776446400.814516] Client: [0m---before writing in log upd_msg->frag_no= 0
[91m [1776446400.814521] Client: [0m---before writing in log upd_msg->reliable= 1
[91m [1776446400.814525] Client: [0m---before writing in log upd_msg->data.sensor_type= 1
[91m [1776446400.814530] Client: [0m---before writing in log upd_msg->data.sid= temp_1
[91m [1776446400.814535] Client: [0m---after writing in log upd_msg->seq_no = 48
[91m [1776446400.814540] Client: [0m---after writing in log upd_msg->data.sensor_type = 1
[91m [1776446400.814544] Client: [0m---after writing in log upd_msg->reliable = 1
[91m [1776446400.959891] BSON Message: [0mInside sensor type parsing.
[91m [1776446400.959900] BSON Message: [0mInside sensor type parsing end.
[91m [1776446400.959904] BSON Message: [0mInside sid parsing
[91m [1776446400.959909] BSON Message: [0mInside temp1 parsing.
[91m [1776446400.959923] Client: [0m---before writing in log upd_msg->seq_no= 49
[91m [1776446400.959932] Client: [0m---before writing in log upd_msg->type= 4
[91m [1776446400.959936] Client: [0m---before writing in log upd_msg->frag_no= 0
[91m [1776446400.959940] Client: [0m---before writing in log upd_msg->reliable= 1
[91m [1776446400.959945] Client: [0m---before writing in log upd_msg->data.sensor_type= 1
[91m [1776446400.959953] Client: [0m---before writing in log upd_msg->data.sid= temp_1
[91m [1776446400.959958] Client: [0m---after writing in log upd_msg->seq_no = 49
[91m [1776446400.959963] Client: [0m---after writing in log upd_msg->data.sensor_type = 1
[91m [1776446400.959967] Client: [0m---after writing in log upd_msg->reliable = 1
[91m [1776446401.814648] BSON Message: [0mInside sensor type parsing.
[91m [1776446401.814657] BSON Message: [0mInside sensor type parsing end.
[91m [1776446401.814661] BSON Message: [0mInside sid parsing
[91m [1776446401.814664] BSON Message: [0mInside temp1 parsing.
te message arrived------------ 1
Got a message from the server.
Message type is 4
---------Update message arrived------------ 1
Got a message from the server.
Message type is 4
---------Update message arrived------------ 1
Got a message from the server.
Message type is 4
---------Update message arrived------------ 1
Got a message from the server.
Message type is 4
---------Update message arrived------------ 1
Got a message from the server.
Message type is 4
---------Update message arrived------------ 1
Got a message from the server.
Message type is 4
---------Update message arrived------------ 1
Got a message from the server.
Message type is 4
---------Update message arrived------------ 1
Got a message from the server.
Message type is 4
---------Update message arrived------------ 1
Got a message from the server.
Message type is 4
---------Update message arrived------------ 1
Got a message from the server.
Message type is 4
---------Update message arrived------------ 1
Got a message from the server.
Message type is 4
---------Update message arrived------------ 1
Got a message from the server.
Message type is 4
---------Update message arrived------------ 1
Got a message from the server.
Message type is 4
---------Update message arrived------------ 1
Got a message from the server.
Message type is 4
---------Update message arrived------------ 1
Got a message from the server.
Message type is 4
---------Update message arrived------------ 1
Got a message from the server.
Message type is 4
---------Update message arrived------------ 1
Got a message from the server.
Message type is 4
---------Update message arrived------------ 1
Got a message from the server.
Message type is 4
---------Update message arrived------------ 1
Got a message from the server.
Message type is 4
---------Update message arrived------------ 1
Got a message from the server.
Message type is 4
---------Update message arrived------------ 1
Got a message from the server.
Message type is 4
---------Update message arrived------------ 1
Got a message from the server.
Message type is 4
---------Update message arrived------------ 1
Got a message from the server.
Message type is 4
---------Update message arrived------------ 1
Got a message from the server.
Message type is 4
---------Update message arrived------------ 1
Got a message from the server.
Message type is 4
---------Update message arrived------------ 1
Got a message from the server.
Message type is 4
---------Update message arrived------------ 1
Got a message from the server.
Message type is 4
---------Update message arrived------------ 1
Got a message from the server.
Message type is 4
---------Update message arrived------------ 1
Got a message from the server.
Message type is 4
---------Update message arrived------------ 1
Got a message from the server.
Message type is 4
---------Update message arrived------------ 1
Got a message from the server.
Message type is 4
---------Update message arrived------------ 1
Got a message from the server.
Message type is 4
---------Update message arrived------------ 1
Got a message from the server.
Message type is 4
---------Update message arrived------------ 1
Got a message from the server.
Message type is 4
---------Update message arrived------------ 1
Got a message from the server.
Message type is 4
---------Update message arrived------------ 1
Got a message from the server.
Message type is 4
---------Update message arrived------------ 1
Got a message from the server.
Message type is 4
---------Update message arrived------------ 1
Got a message from the server.
Message type is 4
---------Update message arrived------------ 1
Got a message from the server.
Message type is 4
---------Update message arrived------------ 1
Got a message from the server.
Message type is 4
---------Update message arrived------------ 1
Got a message from the server.
Message type is 4
---------Update message arrived------------ 1
Got a message from the server.
Message type is 4
---------Update message arrived------------ 1
Got a message from the server.
Message type is 4
---------Update message [91m [1776446401.814676] Client: [0m---before writing in log upd_msg->seq_no= 50
[91m [1776446401.814680] Client: [0m---before writing in log upd_msg->type= 4
[91m [1776446401.814684] Client: [0m---before writing in log upd_msg->frag_no= 0
[91m [1776446401.814687] Client: [0m---before writing in log upd_msg->reliable= 1
[91m [1776446401.814690] Client: [0m---before writing in log upd_msg->data.sensor_type= 1
[91m [1776446401.814693] Client: [0m---before writing in log upd_msg->data.sid= temp_1
[91m [1776446401.814696] Client: [0m---after writing in log upd_msg->seq_no = 50
[91m [1776446401.814701] Client: [0m---after writing in log upd_msg->data.sensor_type = 1
[91m [1776446401.814706] Client: [0m---after writing in log upd_msg->reliable = 1
[91m [1776446401.960137] BSON Message: [0mInside sensor type parsing.
[91m [1776446401.960148] BSON Message: [0mInside sensor type parsing end.
[91m [1776446401.960153] BSON Message: [0mInside sid parsing
[91m [1776446401.960158] BSON Message: [0mInside temp1 parsing.
[91m [1776446401.960164] Client: [0m---before writing in log upd_msg->seq_no= 51
[91m [1776446401.960168] Client: [0m---before writing in log upd_msg->type= 4
[91m [1776446401.960173] Client: [0m---before writing in log upd_msg->frag_no= 0
[91m [1776446401.960177] Client: [0m---before writing in log upd_msg->reliable= 1
[91m [1776446401.960182] Client: [0m---before writing in log upd_msg->data.sensor_type= 1
[91m [1776446401.960187] Client: [0m---before writing in log upd_msg->data.sid= temp_1
[91m [1776446401.960193] Client: [0m---after writing in log upd_msg->seq_no = 51
[91m [1776446401.960197] Client: [0m---after writing in log upd_msg->data.sensor_type = 1
[91m [1776446401.960202] Client: [0m---after writing in log upd_msg->reliable = 1
[91m [1776446402.535330] BSON Message: [0mInside sensor type parsing.
[91m [1776446402.535343] BSON Message: [0mInside sensor type parsing end.
[91m [1776446402.535350] BSON Message: [0mInside sid parsing
[91m [1776446402.535359] Client: [0m---before writing in log upd_msg->seq_no= 21
[91m [1776446402.535366] Client: [0m---before writing in log upd_msg->type= 4
[91m [1776446402.535371] Client: [0m---before writing in log upd_msg->frag_no= 0
[91m [1776446402.535377] Client: [0m---before writing in log upd_msg->reliable= 0
[91m [1776446402.535384] Client: [0m---before writing in log upd_msg->data.sensor_type= 2
[91m [1776446402.535391] Client: [0m---before writing in log upd_msg->data.sid= device_0
[91m [1776446402.535400] Client: [0m---after writing in log upd_msg->seq_no = 21
[91m [1776446402.535407] Client: [0m---after writing in log upd_msg->data.sensor_type = 2
[91m [1776446402.535414] Client: [0m---after writing in log upd_msg->reliable = 0
[91m [1776446402.817057] BSON Message: [0mInside sensor type parsing.
[91m [1776446402.817071] BSON Message: [0mInside sensor type parsing end.
[91m [1776446402.817076] BSON Message: [0mInside sid parsing
[91m [1776446402.817080] BSON Message: [0mInside temp1 parsing.
[91m [1776446402.817086] Client: [0m---before writing in log upd_msg->seq_no= 52
[91m [1776446402.817091] Client: [0m---before writing in log upd_msg->type= 4
[91m [1776446402.817095] Client: [0m---before writing in log upd_msg->frag_no= 0
[91m [1776446402.817100] Client: [0m---before writing in log upd_msg->reliable= 1
[91m [1776446402.817105] Client: [0m---before writing in log upd_msg->data.sensor_type= 1
[91m [1776446402.817114] Client: [0m---before writing in log upd_msg->data.sid= temp_1
[91m [1776446402.817119] Client: [0m---after writing in log upd_msg->seq_no = 52
[91m [1776446402.817124] Client: [0m---after writing in log upd_msg->data.sensor_type = 1
[91m [1776446402.817128] Client: [0m---after writing in log upd_msg->reliable = 1
[91m [1776446402.960762] BSON Message: [0mInside sensor type parsing.
[91m [1776446402.960773] BSON Message: [0mInside sensor type parsing end.
[91m [1776446402.960777] BSON Message: [0mInside sid parsing
[91m [1776446402.960782] BSON Message: [0mInside temp1 parsing.
[91m [1776446402.960786] Client: [0m---before writing in log upd_msg->seq_no= 53
[91m [1776446402.960791] Client: [0m---before writing in log upd_msg->type= 4
[91m [1776446402.960795] Client: [0m---before writing in log upd_msg->frag_no= 0
[91m [1776446402.960799] Client: [0m---before writing in log upd_msg->reliable= 1
[91m [1776446402.960803] Client: [0m---before writing in log upd_msg->data.sensor_type= 1
[91m [1776446402.960807] Client: [0m---before writing in log upd_msg->data.sid= temp_1
[91m [1776446402.960812] Client: [0m---after writing in log upd_msg->seq_no = 53
[91m [1776446402.960816] Client: [0m---after writing in log upd_msg->data.sensor_type = 1
[91m [1776446402.960820] Client: [0m---after writing in log upd_msg->reliable = 1
[91m [1776446403.161252] BSON Message: [0mInside sensor type parsing.
[91m [1776446403.161267] BSON Message: [0mInside sensor type parsing end.
[91m [1776446403.161273] BSON Message: [0mInside sid parsing
[91m [1776446403.161281] Client: [0m---before writing in log upd_msg->seq_no= 22
[91m [1776446403.161285] Client: [0m---before writing in log upd_msg->type= 4
[91m [1776446403.161290] Client: [0m---before writing in log upd_msg->frag_no= 0
[91m [1776446403.161296] Client: [0m---before writing in log upd_msg->reliable= 1
[91m [1776446403.161302] Client: [0m---before writing in log upd_msg->data.sensor_type= 2
[91m [1776446403.161307] Client: [0m---before writing in log upd_msg->data.sid= device_0
[91m [1776446403.161313] Client: [0m---after writing in log upd_msg->seq_no = 22
[91m [1776446403.161318] Client: [0m---after writing in log upd_msg->data.sensor_type = 2
[91m [1776446403.161323] Client: [0m---after writing in log upd_msg->reliable = 1
[91m [1776446403.815153] BSON Message: [0mInside sensor type parsing.
[91m [1776446403.815164] BSON Message: [0mInside sensor type parsing end.
[91m [1776446403.815169] BSON Message: [0mInside sid parsing
[91m [1776446403.815174] BSON Message: [0mInside temp1 parsing.
[91m [1776446403.815179] Client: [0m---before writing in log upd_msg->seq_no= 54
[91m [1776446403.815184] Client: [0m---before writing in log upd_msg->type= 4
[91m [1776446403.815189] Client: [0m---before writing in log upd_msg->frag_no= 0
[91m [1776446403.815193] Client: [0m---before writing in log upd_msg->reliable= 0
[91m [1776446403.815198] Client: [0m---before writing in log upd_msg->data.sensor_type= 1
[91m [1776446403.815202] Client: [0m---before writing in log upd_msg->data.sid= temp_1
[91m [1776446403.815208] Client: [0m---after writing in log upd_msg->seq_no = 54
[91m [1776446403.815213] Client: [0m---after writing in log upd_msg->data.sensor_type = 1
[91m [1776446403.815218] Client: [0m---after writing in log upd_msg->reliable = 0
[91m [1776446403.960898] BSON Message: [0mInside sensor type parsing.
[91m [1776446403.960909] BSON Message: [0mInside sensor type parsing end.
[91m [1776446403.960914] BSON Message: [0mInside sid parsing
[91m [1776446403.960928] BSON Message: [0mInside temp1 parsing.
[91m [1776446403.960934] Client: [0m---before writing in log upd_msg->seq_no= 55
[91m [1776446403.960938] Client: [0m---before writing in log upd_msg->type= 4
[91m [1776446403.960942] Client: [0m---before writing in log upd_msg->frag_no= 0
[91m [1776446403.960946] Client: [0m---before writing in log upd_msg->reliable= 1
[91m [1776446403.960950] Client: [0m---before writing in log upd_msg->data.sensor_type= 1
[91m [1776446403.960958] Client: [0m---before writing in log upd_msg->data.sid= temp_1
[91m [1776446403.960964] Client: [0m---after writing in log upd_msg->seq_no = 55
[91m [1776446403.960968] Client: [0m---after writing in log upd_msg->data.sensor_type = 1
[91m [1776446403.960972] Client: [0m---after writing in log upd_msg->reliable = 1
[91m [1776446404.250742] BSON Message: [0mInside sensor type parsing.
[91m [1776446404.250756] BSON Message: [0mInside sensor type parsing end.
[91m [1776446404.250763] BSON Message: [0mInside sid parsing
[91m [1776446404.250770] BSON Message: [0mInside gps1 parsing.
[91m [1776446404.250778] Client: [0m---before writing in log upd_msg->seq_no= 9
[91m [1776446404.250785] Client: [0m---before writing in log upd_msg->type= 4
[91m [1776446404.250791] Client: [0m---before writing in log upd_msg->frag_no= 0
[91m [1776446404.250797] Client: [0m---before writing in log upd_msg->reliable= 1
[91m [1776446404.250801] Client: [0m---before writing in log upd_msg->data.sensor_type= 3
[91m [1776446404.250805] Client: [0m---before writing in log upd_msg->data.sid= gps_2
[91m [1776446404.250812] Client: [0m---after writing in log upd_msg->seq_no = 9
[91m [1776446404.250816] Client: [0m---after writing in log upd_msg->data.sensor_type = 3
[91m [1776446404.250822] Client: [0m---after writing in log upd_msg->reliable = 1
[91m [1776446404.815649] BSON Message: [0mInside sensor type parsing.
[91m [1776446404.815659] BSON Message: [0mInside sensor type parsing end.
[91m [1776446404.815663] BSON Message: [0mInside sid parsing
[91m [1776446404.815669] BSON Message: [0mInside temp1 parsing.
[91m [1776446404.815674] Client: [0m---before writing in log upd_msg->seq_no= 56
[91m [1776446404.815678] Client: [0m---before writing in log upd_msg->type= 4
[91m [1776446404.815682] Client: [0m---before writing in log upd_msg->frag_no= 0
[91m [1776446404.815685] Client: [0m---before writing in log upd_msg->reliable= 1
[91m [1776446404.815689] Client: [0m---before writing in log upd_msg->data.sensor_type= 1
[91m [1776446404.815693] Client: [0m---before writing in log upd_msg->data.sid= temp_1
[91m [1776446404.815697] Client: [0m---after writing in log upd_msg->seq_no = 56
[91m [1776446404.815701] Client: [0m---after writing in log upd_msg->data.sensor_type = 1
[91m [1776446404.815704] Client: [0m---after writing in log upd_msg->reliable = 1
[91m [1776446404.946667] BSON Message: [0mInside sensor type parsing.
[91m [1776446404.946676] BSON Message: [0mInside sensor type parsing end.
[91m [1776446404.946679] BSON Message: [0mInside sid parsing
[91m [1776446404.946684] Client: [0m---before writing in log upd_msg->seq_no= 23
[91m [1776446404.946687] Client: [0m---before writing in log upd_msg->type= 4
[91m [1776446404.946690] Client: [0m---before writing in log upd_msg->frag_no= 0
[91m [1776446404.946693] Client: [0m---before writing in log upd_msg->reliable= 1
[91m [1776446404.946696] Client: [0m---before writing in log upd_msg->data.sensor_type= 2
[91m [1776446404.946699] Client: [0m---before writing in log upd_msg->data.sid= device_0
[91m [1776446404.946703] Client: [0m---after writing in log upd_msg->seq_no = 23
[91m [1776446404.946707] Client: [0m---after writing in log upd_msg->data.sensor_type = 2
[91m [1776446404.946711] Client: [0m---after writing in log upd_msg->reliable = 1
[91m [1776446404.960932] BSON Message: [0mInside sensor type parsing.
[91m [1776446404.960944] BSON Message: [0mInside sensor type parsing end.
[91m [1776446404.960950] BSON Message: [0mInside sid parsing
[91m [1776446404.960956] BSON Message: [0mInside temp1 parsing.
[91m [1776446404.960962] Client: [0m---before writing in log upd_msg->seq_no= 57
[91m [1776446404.960967] Client: [0m---before writing in log upd_msg->type= 4
[91m [1776446404.960973] Client: [0m---before writing in log upd_msg->frag_no= 0
[91m [1776446404.960978] Client: [0m---before writing in log upd_msg->reliable= 1
[91m [1776446404.960989] Client: [0m---before writing in log upd_msg->data.sensor_type= 1
[91m [1776446404.960994] Client: [0m---before writing in log upd_msg->data.sid= temp_1
[91m [1776446404.961000] Client: [0m---after writing in log upd_msg->seq_no = 57
[91m [1776446404.961005] Client: [0m---after writing in log upd_msg->data.sensor_type = 1
[91m [1776446404.961010] Client: [0m---after writing in log upd_msg->reliable = 1
[91m [1776446405.816044] BSON Message: [0mInside sensor type parsing.
[91m [1776446405.816054] BSON Message: [0mInside sensor type parsing end.
[91m [1776446405.816061] BSON Message: [0mInside sid parsing
[91m [1776446405.816066] BSON Message: [0mInside temp1 parsing.
[91m [1776446405.816073] Client: [0m---before writing in log upd_msg->seq_no= 58
[91m [1776446405.816078] Client: [0m---before writing in log upd_msg->type= 4
[91m [1776446405.816083] Client: [0m---before writing in log upd_msg->frag_no= 0
[91m [1776446405.816088] Client: [0m---before writing in log upd_msg->reliable= 1
[91m [1776446405.816093] Client: [0m---before writing in log upd_msg->data.sensor_type= 1
[91m [1776446405.816097] Client: [0m---before writing in log upd_msg->data.sid= temp_1
[91m [1776446405.816102] Client: [0m---after writing in log upd_msg->seq_no = 58
[91m [1776446405.816106] Client: [0m---after writing in log upd_msg->data.sensor_type = 1
[91m [1776446405.816111] Client: [0m---after writing in log upd_msg->reliable = 1
[91m [1776446405.961607] BSON Message: [0mInside sensor type parsing.
[91m [1776446405.961620] BSON Message: [0mInside sensor type parsing end.
[91m [1776446405.961627] BSON Message: [0mInside sid parsing
[91m [1776446405.961632] BSON Message: [0mInside temp1 parsing.
[91m [1776446405.961639] Client: [0m---before writing in log upd_msg->seq_no= 59
[91m [1776446405.961645] Client: [0m---before writing in log upd_msg->type= 4
[91m [1776446405.961650] Client: [0m---before writing in log upd_msg->frag_no= 0
[91m [1776446405.961656] Client: [0m---before writing in log upd_msg->reliable= 1
[91m [1776446405.961661] Client: [0m---before writing in log upd_msg->data.sensor_type= 1
[91m [1776446405.961666] Client: [0m---before writing in log upd_msg->data.sid= temp_1
[91m [1776446405.961673] Client: [0m---after writing in log upd_msg->seq_no = 59
[91m [1776446405.961678] Client: [0m---after writing in log upd_msg->data.sensor_type = 1
[91m [1776446405.961683] Client: [0m---after writing in log upd_msg->reliable = 1
[91m [1776446406.362543] BSON Message: [0mInside sensor type parsing.
[91m [1776446406.362553] BSON Message: [0mInside sensor type parsing end.
[91m [1776446406.362559] BSON Message: [0mInside sid parsing
[91m [1776446406.362564] BSON Message: [0mInside gps1 parsing.
[91m [1776446406.362571] Client: [0m---before writing in log upd_msg->seq_no= 10
[91m [1776446406.362576] Client: [0m---before writing in log upd_msg->type= 4
[91m [1776446406.362580] Client: [0m---before writing in log upd_msg->frag_no= 0
[91m [1776446406.362585] Client: [0m---before writing in log upd_msg->reliable= 1
[91m [1776446406.362589] Client: [0m---before writing in log upd_msg->data.sensor_type= 3
[91m [1776446406.362594] Client: [0m---before writing in log upd_msg->data.sid= gps_2
[91m [1776446406.362602] Client: [0m---after writing in log upd_msg->seq_no = 10
[91m [1776446406.362607] Client: [0m---after writing in log upd_msg->data.sensor_type = 3
[91m [1776446406.362611] Client: [0m---after writing in log upd_msg->reliable = 1
[91m [1776446406.544588] BSON Message: [0mInside sensor type parsing.
[91m [1776446406.544598] BSON Message: [0mInside sensor type parsing end.
[91m [1776446406.544603] BSON Message: [0mInside sid parsing
[91m [1776446406.544608] Client: [0m---before writing in log upd_msg->seq_no= 24
[91m [1776446406.544614] Client: [0m---before writing in log upd_msg->type= 4
[91m [1776446406.544619] Client: [0m---before writing in log upd_msg->frag_no= 0
[91m [1776446406.544624] Client: [0m---before writing in log upd_msg->reliable= 1
[91m [1776446406.544632] Client: [0m---before writing in log upd_msg->data.sensor_type= 2
[91m [1776446406.544637] Client: [0m---before writing in log upd_msg->data.sid= device_0
[91m [1776446406.544642] Client: [0m---after writing in log upd_msg->seq_no = 24
[91m [1776446406.544647] Client: [0m---after writing in log upd_msg->data.sensor_type = 2
[91m [1776446406.544653] Client: [0m---after writing in log upd_msg->reliable = 1
[91m [1776446406.816064] BSON Message: [0mInside sensor type parsing.
[91m [1776446406.816075] BSON Message: [0mInside sensor type parsing end.
[91m [1776446406.816079] BSON Message: [0mInside sid parsing
[91m [1776446406.816084] BSON Message: [0mInside temp1 parsing.
[91m [1776446406.816088] Client: [0m---before writing in log upd_msg->seq_no= 60
[91m [1776446406.816092] Client: [0m---before writing in log upd_msg->type= 4
[91m [1776446406.816096] Client: [0m---before writing in log upd_msg->frag_no= 0
[91m [1776446406.816100] Client: [0m---before writing in log upd_msg->reliable= 1
[91m [1776446406.816104] Client: [0m---before writing in log upd_msg->data.sensor_type= 1
[91m [1776446406.816108] Client: [0m---before writing in log upd_msg->data.sid= temp_1
[91m [1776446406.816112] Client: [0m---after writing in log upd_msg->seq_no = 60
[91m [1776446406.816116] Client: [0m---after writing in log upd_msg->data.sensor_type = 1
[91m [1776446406.816120] Client: [0m---after writing in log upd_msg->reliable = 1
[91m [1776446406.961420] BSON Message: [0mInside sensor type parsing.
[91m [1776446406.961428] BSON Message: [0mInside sensor type parsing end.
[91m [1776446406.961432] BSON Message: [0mInside sid parsing
[91m [1776446406.961437] BSON Message: [0mInside temp1 parsing.
[91m [1776446406.961442] Client: [0m---before writing in log upd_msg->seq_no= 61
[91m [1776446406.961446] Client: [0m---before writing in log upd_msg->type= 4
[91m [1776446406.961450] Client: [0m---before writing in log upd_msg->frag_no= 0
[91m [1776446406.961455] Client: [0m---before writing in log upd_msg->reliable= 1
[91m [1776446406.961460] Client: [0m---before writing in log upd_msg->data.sensor_type= 1
[91m [1776446406.961464] Client: [0m---before writing in log upd_msg->data.sid= temp_1
[91m [1776446406.961468] Client: [0m---after writing in log upd_msg->seq_no = 61
[91m [1776446406.961472] Client: [0m---after writing in log upd_msg->data.sensor_type = 1
[91m [1776446406.961475] Client: [0m---after writing in log upd_msg->reliable = 1
[91m [1776446407.816422] BSON Message: [0mInside sensor type parsing.
[91m [1776446407.816436] BSON Message: [0mInside sensor type parsing end.
[91m [1776446407.816442] BSON Message: [0mInside sid parsing
[91m [1776446407.816447] BSON Message: [0mInside temp1 parsing.
[91m [1776446407.816454] Client: [0m---before writing in log upd_msg->seq_no= 62
[91m [1776446407.816459] Client: [0m---before writing in log upd_msg->type= 4
[91m [1776446407.816464] Client: [0m---before writing in log upd_msg->frag_no= 0
[91m [1776446407.816468] Client: [0m---before writing in log upd_msg->reliable= 1
[91m [1776446407.816473] Client: [0m---before writing in log upd_msg->data.sensor_type= 1
[91m [1776446407.816476] Client: [0m---before writing in log upd_msg->data.sid= temp_1
[91m [1776446407.816480] Client: [0m---after writing in log upd_msg->seq_no = 62
[91m [1776446407.816483] Client: [0m---after writing in log upd_msg->data.sensor_type = 1
[91m [1776446407.816486] Client: [0m---after writing in log upd_msg->reliable = 1
[91m [1776446407.961934] BSON Message: [0mInside sensor type parsing.
[91m [1776446407.961943] BSON Message: [0mInside sensor type parsing end.
[91m [1776446407.961948] BSON Message: [0mInside sid parsing
[91m [1776446407.961952] BSON Message: [0mInside temp1 parsing.
[91m [1776446407.961957] Client: [0m---before writing in log upd_msg->seq_no= 63
[91m [1776446407.961960] Client: [0m---before writing in log upd_msg->type= 4
[91m [1776446407.961965] Client: [0m---before writing in log upd_msg->frag_no= 0
[91m [1776446407.961974] Client: [0m---before writing in log upd_msg->reliable= 1
[91m [1776446407.961979] Client: [0m---before writing in log upd_msg->data.sensor_type= 1
[91m [1776446407.961982] Client: [0m---before writing in log upd_msg->data.sid= temp_1
[91m [1776446407.961986] Client: [0m---after writing in log upd_msg->seq_no = 63
[91m [1776446407.961989] Client: [0m---after writing in log upd_msg->data.sensor_type = 1
[91m [1776446407.961992] Client: [0m---after writing in log upd_msg->reliable = 1
[91m [1776446408.816966] BSON Message: [0mInside sensor type parsing.
[91m [1776446408.816977] BSON Message: [0mInside sensor type parsing end.
[91m [1776446408.816983] BSON Message: [0mInside sid parsing
[91m [1776446408.816988] BSON Message: [0mInside temp1 parsing.
[91m [1776446408.816994] Client: [0m---before writing in log upd_msg->seq_no= 64
[91m [1776446408.816999] Client: [0m---before writing in log upd_msg->type= 4
[91m [1776446408.817004] Client: [0m---before writing in log upd_msg->frag_no= 0
[91m [1776446408.817008] Client: [0m---before writing in log upd_msg->reliable= 1
[91m [1776446408.817013] Client: [0m---before writing in log upd_msg->data.sensor_type= 1
[91m [1776446408.817018] Client: [0m---before writing in log upd_msg->data.sid= temp_1
[91m [1776446408.817023] Client: [0m---after writing in log upd_msg->seq_no = 64
[91m [1776446408.817028] Client: [0m---after writing in log upd_msg->data.sensor_type = 1
[91m [1776446408.817032] Client: [0m---after writing in log upd_msg->reliable = 1
[91m [1776446408.959875] BSON Message: [0mInside sensor type parsing.
[91m [1776446408.959886] BSON Message: [0mInside sensor type parsing end.
[91m [1776446408.959889] BSON Message: [0mInside sid parsing
[91m [1776446408.959895] Client: [0m---before writing in log upd_msg->seq_no= 25
[91m [1776446408.959900] Client: [0m---before writing in log upd_msg->type= 4
[91m [1776446408.959904] Client: [0m---before writing in log upd_msg->frag_no= 0
[91m [1776446408.959909] Client: [0m---before writing in log upd_msg->reliable= 1
[91m [1776446408.959913] Client: [0m---before writing in log upd_msg->data.sensor_type= 2
[91m [1776446408.959931] Client: [0m---before writing in log upd_msg->data.sid= device_0
[91m [1776446408.959936] Client: [0m---after writing in log upd_msg->seq_no = 25
[91m [1776446408.959941] Client: [0m---after writing in log upd_msg->data.sensor_type = 2
[91m [1776446408.959945] Client: [0m---after writing in log upd_msg->reliable = 1
[91m [1776446408.962886] BSON Message: [0mInside sensor type parsing.
[91m [1776446408.962895] BSON Message: [0mInside sensor type parsing end.
[91m [1776446408.962899] BSON Message: [0mInside sid parsing
[91m [1776446408.962904] BSON Message: [0mInside temp1 parsing.
[91m [1776446408.962909] Client: [0m---before writing in log upd_msg->seq_no= 65
[91m [1776446408.962914] Client: [0m---before writing in log upd_msg->type= 4
[91m [1776446408.962924] Client: [0m---before writing in log upd_msg->frag_no= 0
[91m [1776446408.962927] Client: [0m---before writing in log upd_msg->reliable= 1
[91m [1776446408.962931] Client: [0m---before writing in log upd_msg->data.sensor_type= 1
[91m [1776446408.962935] Client: [0m---before writing in log upd_msg->data.sid= temp_1
[91m [1776446408.962940] Client: [0m---after writing in log upd_msg->seq_no = 65
[91m [1776446408.962945] Client: [0m---after writing in log upd_msg->data.sensor_type = 1
[91m [1776446408.962948] Client: [0m---after writing in log upd_msg->reliable = 1
[91m [1776446409.816933] BSON Message: [0mInside sensor type parsing.
[91m [1776446409.816945] BSON Message: [0mInside sensor type parsing end.
[91m [1776446409.816949] BSON Message: [0mInside sid parsing
[91m [1776446409.816954] BSON Message: [0mInside temp1 parsing.
[91m [1776446409.816959] Client: [0m---before writing in log upd_msg->seq_no= 66
[91m [1776446409.816963] Client: [0m---before writing in log upd_msg->type= 4
[91m [1776446409.816972] Client: [0m---before writing in log upd_msg->frag_no= 0
[91m [1776446409.816976] Client: [0m---before writing in log upd_msg->reliable= 1
[91m [1776446409.816981] Client: [0m---before writing in log upd_msg->data.sensor_type= 1
[91m [1776446409.816986] Client: [0m---before writing in log upd_msg->data.sid= temp_1
[91m [1776446409.816991] Client: [0m---after writing in log upd_msg->seq_no = 66
[91m [1776446409.816995] Client: [0m---after writing in log upd_msg->data.sensor_type = 1
[91m [1776446409.817000] Client: [0m---after writing in log upd_msg->reliable = 1
[91m [1776446409.884925] BSON Message: [0mInside sensor type parsing.
[91m [1776446409.884934] BSON Message: [0mInside sensor type parsing end.
[91m [1776446409.884939] BSON Message: [0mInside sid parsing
[91m [1776446409.884944] Client: [0m---before writing in log upd_msg->seq_no= 26
[91m [1776446409.884949] Client: [0m---before writing in log upd_msg->type= 4
[91m [1776446409.884955] Client: [0m---before writing in log upd_msg->frag_no= 0
[91m [1776446409.884959] Client: [0m---before writing in log upd_msg->reliable= 1
[91m [1776446409.884962] Client: [0m---before writing in log upd_msg->data.sensor_type= 2
[91m [1776446409.884966] Client: [0m---before writing in log upd_msg->data.sid= device_0
[91m [1776446409.884972] Client: [0m---after writing in log upd_msg->seq_no = 26
[91m [1776446409.884976] Client: [0m---after writing in log upd_msg->data.sensor_type = 2
[91m [1776446409.884979] Client: [0m---after writing in log upd_msg->reliable = 1
[91m [1776446409.962263] BSON Message: [0mInside sensor type parsing.
[91m [1776446409.962273] BSON Message: [0mInside sensor type parsing end.
[91m [1776446409.962278] BSON Message: [0mInside sid parsing
[91m [1776446409.962281] BSON Message: [0mInside temp1 parsing.
[91m [1776446409.962286] Client: [0m---before writing in log upd_msg->seq_no= 67
[91m [1776446409.962290] Client: [0m---before writing in log upd_msg->type= 4
[91m [1776446409.962294] Client: [0m---before writing in log upd_msg->frag_no= 0
[91m [1776446409.962298] Client: [0m---before writing in log upd_msg->reliable= 1
[91m [1776446409.962302] Client: [0m---before writing in log upd_msg->data.sensor_type= 1
[91m [1776446409.962306] Client: [0m---before writing in log upd_msg->data.sid= temp_1
[91m [1776446409.962311] Client: [0m---after writing in log upd_msg->seq_no = 67
[91m [1776446409.962316] Client: [0m---after writing in log upd_msg->data.sensor_type = 1
[91m [1776446409.962321] Client: [0m---after writing in log upd_msg->reliable = 1
[91m [1776446410.817270] BSON Message: [0mInside sensor type parsing.
[91m [1776446410.817283] BSON Message: [0mInside sensor type parsing end.
[91m [1776446410.817290] BSON Message: [0mInside sid parsing
[91m [1776446410.817297] BSON Message: [0mInside temp1 parsing.
[91m [1776446410.817304] Client: [0m---before writing in log upd_msg->seq_no= 68
[91m [1776446410.817311] Client: [0m---before writing in log upd_msg->type= 4
[91m [1776446410.817318] Client: [0m---before writing in log upd_msg->frag_no= 0
[91m [1776446410.817324] Client: [0m---before writing in log upd_msg->reliable= 1
[91m [1776446410.817330] Client: [0m---before writing in log upd_msg->data.sensor_type= 1
[91m [1776446410.817336] Client: [0m---before writing in log upd_msg->data.sid= temp_1
[91m [1776446410.817343] Client: [0m---after writing in log upd_msg->seq_no = 68
[91m [1776446410.817348] Client: [0m---after writing in log upd_msg->data.sensor_type = 1
[91m [1776446410.817355] Client: [0m---after writing in log upd_msg->reliable = 1
[91m [1776446410.962843] BSON Message: [0mInside sensor type parsing.
[91m [1776446410.962854] BSON Message: [0mInside sensor type parsing end.
[91m [1776446410.962862] BSON Message: [0mInside sid parsing
[91m [1776446410.962869] BSON Message: [0mInside temp1 parsing.
[91m [1776446410.962876] Client: [0m---before writing in log upd_msg->seq_no= 69
[91m [1776446410.962882] Client: [0m---before writing in log upd_msg->type= 4
[91m [1776446410.962893] Client: [0m---before writing in log upd_msg->frag_no= 0
[91m [1776446410.962897] Client: [0m---before writing in log upd_msg->reliable= 1
[91m [1776446410.962901] Client: [0m---before writing in log upd_msg->data.sensor_type= 1
[91m [1776446410.962905] Client: [0m---before writing in log upd_msg->data.sid= temp_1
[91m [1776446410.962910] Client: [0m---after writing in log upd_msg->seq_no = 69
[91m [1776446410.962921] Client: [0m---after writing in log upd_msg->data.sensor_type = 1
[91m [1776446410.962927] Client: [0m---after writing in log upd_msg->reliable = 1
[91m [1776446411.817635] BSON Message: [0mInside sensor type parsing.
[91m [1776446411.817646] BSON Message: [0mInside sensor type parsing end.
[91m [1776446411.817651] BSON Message: [0mInside sid parsing
[91m [1776446411.817655] BSON Message: [0mInside temp1 parsing.
[91m [1776446411.817661] Client: [0m---before writing in log upd_msg->seq_no= 70
[91m [1776446411.817668] Client: [0m---before writing in log upd_msg->type= 4
[91m [1776446411.817674] Client: [0m---before writing in log upd_msg->frag_no= 0
[91m [1776446411.817679] Client: [0m---before writing in log upd_msg->reliable= 1
[91m [1776446411.817685] Client: [0m---before writing in log upd_msg->data.sensor_type= 1
[91m [1776446411.817689] Client: [0m---before writing in log upd_msg->data.sid= temp_1
[91m [1776446411.817695] Client: [0m---after writing in log upd_msg->seq_no = 70
[91m [1776446411.817700] Client: [0m---after writing in log upd_msg->data.sensor_type = 1
[91m [1776446411.817705] Client: [0m---after writing in log upd_msg->reliable = 1
[91m [1776446411.963106] BSON Message: [0mInside sensor type parsing.
[91m [1776446411.963116] BSON Message: [0mInside sensor type parsing end.
[91m [1776446411.963121] BSON Message: [0mInside sid parsing
[91m [1776446411.963126] BSON Message: [0mInside temp1 parsing.
[91m [1776446411.963132] Client: [0m---before writing in log upd_msg->seq_no= 71
[91m [1776446411.963136] Client: [0m---before writing in log upd_msg->type= 4
[91m [1776446411.963141] Client: [0m---before writing in log upd_msg->frag_no= 0
[91m [1776446411.963146] Client: [0m---before writing in log upd_msg->reliable= 1
[91m [1776446411.963150] Client: [0m---before writing in log upd_msg->data.sensor_type= 1
[91m [1776446411.963156] Client: [0m---before writing in log upd_msg->data.sid= temp_1
[91m [1776446411.963163] Client: [0m---after writing in log upd_msg->seq_no = 71
[91m [1776446411.963168] Client: [0m---after writing in log upd_msg->data.sensor_type = 1
[91m [1776446411.963172] Client: [0m---after writing in log upd_msg->reliable = 1
[91m [1776446412.651001] BSON Message: [0mInside sensor type parsing.
[91m [1776446412.651012] BSON Message: [0mInside sensor type parsing end.
[91m [1776446412.651018] BSON Message: [0mInside sid parsing
[91m [1776446412.651024] Client: [0m---before writing in log upd_msg->seq_no= 27
[91m [1776446412.651029] Client: [0m---before writing in log upd_msg->type= 4
[91m [1776446412.651034] Client: [0m---before writing in log upd_msg->frag_no= 0
[91m [1776446412.651039] Client: [0m---before writing in log upd_msg->reliable= 1
[91m [1776446412.651043] Client: [0m---before writing in log upd_msg->data.sensor_type= 2
[91m [1776446412.651047] Client: [0m---before writing in log upd_msg->data.sid= device_0
[91m [1776446412.651053] Client: [0m---after writing in log upd_msg->seq_no = 27
[91m [1776446412.651057] Client: [0m---after writing in log upd_msg->data.sensor_type = 2
[91m [1776446412.651062] Client: [0m---after writing in log upd_msg->reliable = 1
[91m [1776446412.728552] BSON Message: [0mInside sensor type parsing.
[91m [1776446412.728562] BSON Message: [0mInside sensor type parsing end.
[91m [1776446412.728567] BSON Message: [0mInside sid parsing
[91m [1776446412.728572] Client: [0m---before writing in log upd_msg->seq_no= 28
[91m [1776446412.728577] Client: [0m---before writing in log upd_msg->type= 4
[91m [1776446412.728581] Client: [0m---before writing in log upd_msg->frag_no= 0
[91m [1776446412.728589] Client: [0m---before writing in log upd_msg->reliable= 1
[91m [1776446412.728592] Client: [0m---before writing in log upd_msg->data.sensor_type= 2
[91m [1776446412.728596] Client: [0m---before writing in log upd_msg->data.sid= device_0
[91m [1776446412.728601] Client: [0m---after writing in log upd_msg->seq_no = 28
[91m [1776446412.728605] Client: [0m---after writing in log upd_msg->data.sensor_type = 2
[91m [1776446412.728608] Client: [0m---after writing in log upd_msg->reliable = 1
[91m [1776446412.817703] BSON Message: [0mInside sensor type parsing.
[91m [1776446412.817718] BSON Message: [0mInside sensor type parsing end.
[91m [1776446412.817723] BSON Message: [0mInside sid parsing
[91m [1776446412.817728] BSON Message: [0mInside temp1 parsing.
[91m [1776446412.817733] Client: [0m---before writing in log upd_msg->seq_no= 72
[91m [1776446412.817738] Client: [0m---before writing in log upd_msg->type= 4
[91m [1776446412.817757] Client: [0m---before writing in log upd_msg->frag_no= 0
[91m [1776446412.817763] Client: [0m---before writing in log upd_msg->reliable= 1
[91m [1776446412.817767] Client: [0m---before writing in log upd_msg->data.sensor_type= 1
[91m [1776446412.817771] Client: [0m---before writing in log upd_msg->data.sid= temp_1
[91m [1776446412.817775] Client: [0m---after writing in log upd_msg->seq_no = 72
[91m [1776446412.817779] Client: [0m---after writing in log upd_msg->data.sensor_type = 1
[91m [1776446412.817783] Client: [0m---after writing in log upd_msg->reliable = 1
[91m [1776446412.963264] BSON Message: [0mInside sensor type parsing.
[91m [1776446412.963272] BSON Message: [0mInside sensor type parsing end.
[91m [1776446412.963276] BSON Message: [0mInside sid parsing
[91m [1776446412.963281] BSON Message: [0mInside temp1 parsing.
[91m [1776446412.963287] Client: [0m---before writing in log upd_msg->seq_no= 73
[91m [1776446412.963292] Client: [0m---before writing in log upd_msg->type= 4
[91m [1776446412.963296] Client: [0m---before writing in log upd_msg->frag_no= 0
[91m [1776446412.963299] Client: [0m---before writing in log upd_msg->reliable= 1
[91m [1776446412.963302] Client: [0m---before writing in log upd_msg->data.sensor_type= 1
[91m [1776446412.963306] Client: [0m---before writing in log upd_msg->data.sid= temp_1
[91m [1776446412.963310] Client: [0m---after writing in log upd_msg->seq_no = 73
[91m [1776446412.963314] Client: [0m---after writing in log upd_msg->data.sensor_type = 1
[91m [1776446412.963318] Client: [0m---after writing in log upd_msg->reliable = 1
[91m [1776446413.818046] BSON Message: [0mInside sensor type parsing.
[91m [1776446413.818055] BSON Message: [0mInside sensor type parsing end.
[91m [1776446413.818059] BSON Message: [0mInside sid parsing
[91m [1776446413.818063] BSON Message: [0mInside temp1 parsing.
[91m [1776446413.818068] Client: [0m---before writing in log upd_msg->seq_no= 74
[91m [1776446413.818072] Client: [0m---before writing in log upd_msg->type= 4
[91m [1776446413.818076] Client: [0m---before writing in log upd_msg->frag_no= 0
[91m [1776446413.818080] Client: [0m---before writing in log upd_msg->reliable= 1
[91m [1776446413.818084] Client: [0m---before writing in log upd_msg->data.sensor_type= 1
[91m [1776446413.818088] Client: [0m---before writing in log upd_msg->data.sid= temp_1
[91m [1776446413.818092] Client: [0m---after writing in log upd_msg->seq_no = 74
[91m [1776446413.818096] Client: [0m---after writing in log upd_msg->data.sensor_type = 1
[91m [1776446413.818100] Client: [0m---after writing in log upd_msg->reliable = 1
[91m [1776446413.965937] BSON Message: [0mInside sensor type parsing.
[91m [1776446413.965951] BSON Message: [0mInside sensor type parsing end.
[91m [1776446413.965956] BSON Message: [0mInside sid parsing
[91m [1776446413.965961] BSON Message: [0mInside temp1 parsing.
[91m [1776446413.965966] Client: [0m---before writing in log upd_msg->seq_no= 75
[91m [1776446413.965977] Client: [0m---before writing in log upd_msg->type= 4
[91m [1776446413.965981] Client: [0m---before writing in log upd_msg->frag_no= 0
[91m [1776446413.965986] Client: [0m---before writing in log upd_msg->reliable= 1
[91m [1776446413.965990] Client: [0m---before writing in log upd_msg->data.sensor_type= 1
[91m [1776446413.965994] Client: [0m---before writing in log upd_msg->data.sid= temp_1
[91m [1776446413.966000] Client: [0m---after writing in log upd_msg->seq_no = 75
[91m [1776446413.966004] Client: [0m---after writing in log upd_msg->data.sensor_type = 1
[91m [1776446413.966008] Client: [0m---after writing in log upd_msg->reliable = 1
[91m [1776446413.996401] BSON Message: [0mInside sensor type parsing.
[91m [1776446413.996412] BSON Message: [0mInside sensor type parsing end.
[91m [1776446413.996417] BSON Message: [0mInside sid parsing
[91m [1776446413.996422] Client: [0m---before writing in log upd_msg->seq_no= 29
[91m [1776446413.996425] Client: [0m---before writing in log upd_msg->type= 4
[91m [1776446413.996430] Client: [0m---before writing in log upd_msg->frag_no= 0
[91m [1776446413.996433] Client: [0m---before writing in log upd_msg->reliable= 1
[91m [1776446413.996438] Client: [0m---before writing in log upd_msg->data.sensor_type= 2
[91m [1776446413.996443] Client: [0m---before writing in log upd_msg->data.sid= device_0
[91m [1776446413.996448] Client: [0m---after writing in log upd_msg->seq_no = 29
[91m [1776446413.996452] Client: [0m---after writing in log upd_msg->data.sensor_type = 2
[91m [1776446413.996457] Client: [0m---after writing in log upd_msg->reliable = 1
[91m [1776446414.818615] BSON Message: [0mInside sensor type parsing.
[91m [1776446414.818626] BSON Message: [0mInside sensor type parsing end.
[91m [1776446414.818630] BSON Message: [0mInside sid parsing
[91m [1776446414.818634] BSON Message: [0mInside temp1 parsing.
[91m [1776446414.818639] Client: [0m---before writing in log upd_msg->seq_no= 76
[91m [1776446414.818643] Client: [0m---before writing in log upd_msg->type= 4
[91m [1776446414.818646] Client: [0m---before writing in log upd_msg->frag_no= 0
[91m [1776446414.818650] Client: [0m---before writing in log upd_msg->reliable= 1
[91m [1776446414.818655] Client: [0m---before writing in log upd_msg->data.sensor_type= 1
[91m [1776446414.818661] Client: [0m---before writing in log upd_msg->data.sid= temp_1
[91m [1776446414.818668] Client: [0m---after writing in log upd_msg->seq_no = 76
[91m [1776446414.818675] Client: [0m---after writing in log upd_msg->data.sensor_type = 1
[91m [1776446414.818681] Client: [0m---after writing in log upd_msg->reliable = 1
[91m [1776446414.964008] BSON Message: [0mInside sensor type parsing.
[91m [1776446414.964023] BSON Message: [0mInside sensor type parsing end.
[91m [1776446414.964029] BSON Message: [0mInside sid parsing
[91m [1776446414.964036] BSON Message: [0mInside temp1 parsing.
[91m [1776446414.964044] Client: [0m---before writing in log upd_msg->seq_no= 77
[91m [1776446414.964050] Client: [0m---before writing in log upd_msg->type= 4
[91m [1776446414.964056] Client: [0m---before writing in log upd_msg->frag_no= 0
[91m [1776446414.964062] Client: [0m---before writing in log upd_msg->reliable= 1
[91m [1776446414.964067] Client: [0m---before writing in log upd_msg->data.sensor_type= 1
[91m [1776446414.964073] Client: [0m---before writing in log upd_msg->data.sid= temp_1
[91m [1776446414.964080] Client: [0m---after writing in log upd_msg->seq_no = 77
[91m [1776446414.964086] Client: [0m---after writing in log upd_msg->data.sensor_type = 1
[91m [1776446414.964092] Client: [0m---after writing in log upd_msg->reliable = 1
[91m [1776446415.818760] BSON Message: [0mInside sensor type parsing.
[91m [1776446415.818772] BSON Message: [0mInside sensor type parsing end.
[91m [1776446415.818777] BSON Message: [0mInside sid parsing
[91m [1776446415.818782] BSON Message: [0mInside temp1 parsing.
[91m [1776446415.818788] Client: [0m---before writing in log upd_msg->seq_no= 78
[91m [1776446415.818797] Client: [0m---before writing in log upd_msg->type= 4
[91m [1776446415.818802] Client: [0m---before writing in log upd_msg->frag_no= 0
[91m [1776446415.818806] Client: [0m---before writing in log upd_msg->reliable= 0
[91m [1776446415.818811] Client: [0m---before writing in log upd_msg->data.sensor_type= 1
[91m [1776446415.818816] Client: [0m---before writing in log upd_msg->data.sid= temp_1
[91m [1776446415.818821] Client: [0m---after writing in log upd_msg->seq_no = 78
[91m [1776446415.818826] Client: [0m---after writing in log upd_msg->data.sensor_type = 1
[91m [1776446415.818831] Client: [0m---after writing in log upd_msg->reliable = 0
[91m [1776446415.964080] BSON Message: [0mInside sensor type parsing.
[91m [1776446415.964091] BSON Message: [0mInside sensor type parsing end.
[91m [1776446415.964097] BSON Message: [0mInside sid parsing
[91m [1776446415.964100] BSON Message: [0mInside temp1 parsing.
[91m [1776446415.964106] Client: [0m---before writing in log upd_msg->seq_no= 79
[91m [1776446415.964110] Client: [0m---before writing in log upd_msg->type= 4
[91m [1776446415.964115] Client: [0m---before writing in log upd_msg->frag_no= 0
[91m [1776446415.964119] Client: [0m---before writing in log upd_msg->reliable= 1
[91m [1776446415.964123] Client: [0m---before writing in log upd_msg->data.sensor_type= 1
[91m [1776446415.964127] Client: [0m---before writing in log upd_msg->data.sid= temp_1
[91m [1776446415.964132] Client: [0m---after writing in log upd_msg->seq_no = 79
[91m [1776446415.964136] Client: [0m---after writing in log upd_msg->data.sensor_type = 1
[91m [1776446415.964140] Client: [0m---after writing in log upd_msg->reliable = 1
[91m [1776446415.990620] BSON Message: [0mInside sensor type parsing.
[91m [1776446415.990631] BSON Message: [0mInside sensor type parsing end.
[91m [1776446415.990637] BSON Message: [0mInside sid parsing
[91m [1776446415.990645] Client: [0m---before writing in log upd_msg->seq_no= 30
[91m [1776446415.990651] Client: [0m---before writing in log upd_msg->type= 4
[91m [1776446415.990660] Client: [0m---before writing in log upd_msg->frag_no= 0
[91m [1776446415.990665] Client: [0m---before writing in log upd_msg->reliable= 1
[91m [1776446415.990670] Client: [0m---before writing in log upd_msg->data.sensor_type= 2
[91m [1776446415.990675] Client: [0m---before writing in log upd_msg->data.sid= device_0
[91m [1776446415.990680] Client: [0m---after writing in log upd_msg->seq_no = 30
[91m [1776446415.990684] Client: [0m---after writing in log upd_msg->data.sensor_type = 2
[91m [1776446415.990689] Client: [0m---after writing in log upd_msg->reliable = 1
[91m [1776446416.818933] BSON Message: [0mInside sensor type parsing.
[91m [1776446416.818948] BSON Message: [0mInside sensor type parsing end.
[91m [1776446416.818959] BSON Message: [0mInside sid parsing
[91m [1776446416.818966] BSON Message: [0mInside temp1 parsing.
[91m [1776446416.818973] Client: [0m---before writing in log upd_msg->seq_no= 80
[91m [1776446416.818979] Client: [0m---before writing in log upd_msg->type= 4
[91m [1776446416.818984] Client: [0m---before writing in log upd_msg->frag_no= 0
[91m [1776446416.818990] Client: [0m---before writing in log upd_msg->reliable= 1
[91m [1776446416.818996] Client: [0m---before writing in log upd_msg->data.sensor_type= 1
[91m [1776446416.819002] Client: [0m---before writing in log upd_msg->data.sid= temp_1
[91m [1776446416.819008] Client: [0m---after writing in log upd_msg->seq_no = 80
[91m [1776446416.819014] Client: [0m---after writing in log upd_msg->data.sensor_type = 1
[91m [1776446416.819020] Client: [0m---after writing in log upd_msg->reliable = 1
[91m [1776446416.964345] BSON Message: [0mInside sensor type parsing.
[91m [1776446416.964356] BSON Message: [0mInside sensor type parsing end.
[91m [1776446416.964361] BSON Message: [0mInside sid parsing
[91m [1776446416.964367] BSON Message: [0mInside temp1 parsing.
arrived------------ 1
Got a message from the server.
Message type is 4
---------Update message arrived------------ 1
Got a message from the server.
Message type is 4
---------Update message arrived------------ 1
Got a message from the server.
Message type is 4
---------Update message arrived------------ 1
Got a message from the server.
Message type is 4
---------Update message arrived------------ 1
Got a message from the server.
Message type is 4
---------Update message arrived------------ 1
Got a message from the server.
Message type is 4
---------Update message arrived------------ 1
Got a message from the server.
Message type is 4
---------Update message arrived------------ 1
Got a message from the server.
Message type is 4
---------Update message arrived------------ 1
Got a message from the server.
Message type is 4
---------Update message arrived------------ 1
Got a message from the server.
Message type is 4
---------Update message arrived------------ 1
Got a message from the server.
Message type is 4
---------Update message arrived------------ 1
Got a message from the server.
Message type is 4
---------Update message arrived------------ 1
Got a message from the server.
Message type is 4
---------Update message arrived------------ 1
Got a message from the server.
Message type is 4
---------Update message arrived------------ 1
Got a message from the server.
Message type is 4
---------Update message arrived------------ 1
Got a message from the server.
Message type is 4
---------Update message arrived------------ 1
Got a message from the server.
Message type is 4
---------Update message arrived------------ 1
Got a message from the server.
Message type is 4
---------Update message arrived------------ 1
Got a message from the server.
Message type is 4
---------Update message arrived------------ 1
Got a message from the server.
Message type is 4
---------Update message arrived------------ 1
Got a message from the server.
Message type is 4
---------Update message arrived------------ 1
Got a message from the server.
Message type is 4
---------Update message arrived------------ 1
Got a message from the server.
Message type is 4
---------Update message arrived------------ 1
Got a message from the server.
Message type is 4
---------Update message arrived------------ 1
Got a message from the server.
Message type is 4
---------Update message arrived------------ 1
Got a message from the server.
Message type is 4
---------Update message arrived------------ 1
Got a message from the server.
Message type is 4
---------Update message arrived------------ 1
Got a message from the server.
Message type is 4
---------Update message arrived------------ 1
Got a message from the server.
Message type is 4
---------Update message arrived------------ 1
Got a message from the server.
Message type is 4
---------Update message arrived------------ 1
Got a message from the server.
Message type is 4
---------Update message arrived------------ 1
Got a message from the server.
Message type is 4
---------Update message arrived------------ 1
Got a message from the server.
Message type is 4
---------Update message arrived------------ 1
Got a message from the server.
Message type is 4
---------Update message arrived------------ 1
Got a message from the server.
Message type is 4
---------Update message arrived------------ 1
Got a message from the server.
Message type is 4
---------Update message arrived------------ 1
Got a message from the server.
Message type is 4
---------Update message arrived------------ 1
Got a message from the server.
Message type is 4
---------Update message arrived------------ 1
Got a message from the server.
Message type is 4
---------Update message arrived------------ 1
Got a message from the server.
Message type is 4
---------Update message arrived------------ 1
Got a message from the server.
Message type is 4
---------Update message arrived------------ 1
Got a message from the server.
Message type is 4
---------Update message arrived------------ 1
Got a message from the server.
Message type is 4
---------Update message arrived----[91m [1776446416.964379] Client: [0m---before writing in log upd_msg->seq_no= 81
[91m [1776446416.964387] Client: [0m---before writing in log upd_msg->type= 4
[91m [1776446416.964392] Client: [0m---before writing in log upd_msg->frag_no= 0
[91m [1776446416.964396] Client: [0m---before writing in log upd_msg->reliable= 1
[91m [1776446416.964402] Client: [0m---before writing in log upd_msg->data.sensor_type= 1
[91m [1776446416.964408] Client: [0m---before writing in log upd_msg->data.sid= temp_1
[91m [1776446416.964414] Client: [0m---after writing in log upd_msg->seq_no = 81
[91m [1776446416.964420] Client: [0m---after writing in log upd_msg->data.sensor_type = 1
[91m [1776446416.964425] Client: [0m---after writing in log upd_msg->reliable = 1
[91m [1776446417.63350] BSON Message: [0mInside sensor type parsing.
[91m [1776446417.63361] BSON Message: [0mInside sensor type parsing end.
[91m [1776446417.63367] BSON Message: [0mInside sid parsing
[91m [1776446417.63373] Client: [0m---before writing in log upd_msg->seq_no= 31
[91m [1776446417.63379] Client: [0m---before writing in log upd_msg->type= 4
[91m [1776446417.63384] Client: [0m---before writing in log upd_msg->frag_no= 0
[91m [1776446417.63389] Client: [0m---before writing in log upd_msg->reliable= 1
[91m [1776446417.63393] Client: [0m---before writing in log upd_msg->data.sensor_type= 2
[91m [1776446417.63398] Client: [0m---before writing in log upd_msg->data.sid= device_0
[91m [1776446417.63402] Client: [0m---after writing in log upd_msg->seq_no = 31
[91m [1776446417.63405] Client: [0m---after writing in log upd_msg->data.sensor_type = 2
[91m [1776446417.63409] Client: [0m---after writing in log upd_msg->reliable = 1
[91m [1776446417.819114] BSON Message: [0mInside sensor type parsing.
[91m [1776446417.819125] BSON Message: [0mInside sensor type parsing end.
[91m [1776446417.819130] BSON Message: [0mInside sid parsing
[91m [1776446417.819134] BSON Message: [0mInside temp1 parsing.
[91m [1776446417.819139] Client: [0m---before writing in log upd_msg->seq_no= 82
[91m [1776446417.819143] Client: [0m---before writing in log upd_msg->type= 4
[91m [1776446417.819146] Client: [0m---before writing in log upd_msg->frag_no= 0
[91m [1776446417.819150] Client: [0m---before writing in log upd_msg->reliable= 1
[91m [1776446417.819154] Client: [0m---before writing in log upd_msg->data.sensor_type= 1
[91m [1776446417.819158] Client: [0m---before writing in log upd_msg->data.sid= temp_1
[91m [1776446417.819163] Client: [0m---after writing in log upd_msg->seq_no = 82
[91m [1776446417.819166] Client: [0m---after writing in log upd_msg->data.sensor_type = 1
[91m [1776446417.819170] Client: [0m---after writing in log upd_msg->reliable = 1
[91m [1776446417.964951] BSON Message: [0mInside sensor type parsing.
[91m [1776446417.964960] BSON Message: [0mInside sensor type parsing end.
[91m [1776446417.964966] BSON Message: [0mInside sid parsing
[91m [1776446417.964972] BSON Message: [0mInside temp1 parsing.
[91m [1776446417.964978] Client: [0m---before writing in log upd_msg->seq_no= 83
[91m [1776446417.964982] Client: [0m---before writing in log upd_msg->type= 4
[91m [1776446417.964986] Client: [0m---before writing in log upd_msg->frag_no= 0
[91m [1776446417.964989] Client: [0m---before writing in log upd_msg->reliable= 1
[91m [1776446417.964995] Client: [0m---before writing in log upd_msg->data.sensor_type= 1
[91m [1776446417.965000] Client: [0m---before writing in log upd_msg->data.sid= temp_1
[91m [1776446417.965007] Client: [0m---after writing in log upd_msg->seq_no = 83
[91m [1776446417.965012] Client: [0m---after writing in log upd_msg->data.sensor_type = 1
[91m [1776446417.965016] Client: [0m---after writing in log upd_msg->reliable = 1
[91m [1776446418.187465] BSON Message: [0mInside sensor type parsing.
[91m [1776446418.187492] BSON Message: [0mInside sensor type parsing end.
[91m [1776446418.187498] BSON Message: [0mInside sid parsing
[91m [1776446418.187506] Client: [0m---before writing in log upd_msg->seq_no= 32
[91m [1776446418.187517] Client: [0m---before writing in log upd_msg->type= 4
[91m [1776446418.187523] Client: [0m---before writing in log upd_msg->frag_no= 0
[91m [1776446418.187528] Client: [0m---before writing in log upd_msg->reliable= 1
[91m [1776446418.187534] Client: [0m---before writing in log upd_msg->data.sensor_type= 2
[91m [1776446418.187540] Client: [0m---before writing in log upd_msg->data.sid= device_0
[91m [1776446418.187546] Client: [0m---after writing in log upd_msg->seq_no = 32
[91m [1776446418.187551] Client: [0m---after writing in log upd_msg->data.sensor_type = 2
[91m [1776446418.187557] Client: [0m---after writing in log upd_msg->reliable = 1
[91m [1776446418.763838] BSON Message: [0mInside sensor type parsing.
[91m [1776446418.763849] BSON Message: [0mInside sensor type parsing end.
[91m [1776446418.763856] BSON Message: [0mInside sid parsing
[91m [1776446418.763863] Client: [0m---before writing in log upd_msg->seq_no= 33
[91m [1776446418.763867] Client: [0m---before writing in log upd_msg->type= 4
[91m [1776446418.763871] Client: [0m---before writing in log upd_msg->frag_no= 0
[91m [1776446418.763875] Client: [0m---before writing in log upd_msg->reliable= 1
[91m [1776446418.763879] Client: [0m---before writing in log upd_msg->data.sensor_type= 2
[91m [1776446418.763882] Client: [0m---before writing in log upd_msg->data.sid= device_0
[91m [1776446418.763887] Client: [0m---after writing in log upd_msg->seq_no = 33
[91m [1776446418.763891] Client: [0m---after writing in log upd_msg->data.sensor_type = 2
[91m [1776446418.763895] Client: [0m---after writing in log upd_msg->reliable = 1
[91m [1776446418.819403] BSON Message: [0mInside sensor type parsing.
[91m [1776446418.819411] BSON Message: [0mInside sensor type parsing end.
[91m [1776446418.819415] BSON Message: [0mInside sid parsing
[91m [1776446418.819419] BSON Message: [0mInside temp1 parsing.
[91m [1776446418.819425] Client: [0m---before writing in log upd_msg->seq_no= 84
[91m [1776446418.819429] Client: [0m---before writing in log upd_msg->type= 4
[91m [1776446418.819434] Client: [0m---before writing in log upd_msg->frag_no= 0
[91m [1776446418.819439] Client: [0m---before writing in log upd_msg->reliable= 1
[91m [1776446418.819444] Client: [0m---before writing in log upd_msg->data.sensor_type= 1
[91m [1776446418.819448] Client: [0m---before writing in log upd_msg->data.sid= temp_1
[91m [1776446418.819454] Client: [0m---after writing in log upd_msg->seq_no = 84
[91m [1776446418.819457] Client: [0m---after writing in log upd_msg->data.sensor_type = 1
[91m [1776446418.819461] Client: [0m---after writing in log upd_msg->reliable = 1
[91m [1776446418.968371] BSON Message: [0mInside sensor type parsing.
[91m [1776446418.968382] BSON Message: [0mInside sensor type parsing end.
[91m [1776446418.968388] BSON Message: [0mInside sid parsing
[91m [1776446418.968392] BSON Message: [0mInside temp1 parsing.
[91m [1776446418.968396] Client: [0m---before writing in log upd_msg->seq_no= 85
[91m [1776446418.968400] Client: [0m---before writing in log upd_msg->type= 4
[91m [1776446418.968403] Client: [0m---before writing in log upd_msg->frag_no= 0
[91m [1776446418.968407] Client: [0m---before writing in log upd_msg->reliable= 1
[91m [1776446418.968410] Client: [0m---before writing in log upd_msg->data.sensor_type= 1
[91m [1776446418.968413] Client: [0m---before writing in log upd_msg->data.sid= temp_1
[91m [1776446418.968419] Client: [0m---after writing in log upd_msg->seq_no = 85
[91m [1776446418.968423] Client: [0m---after writing in log upd_msg->data.sensor_type = 1
[91m [1776446418.968426] Client: [0m---after writing in log upd_msg->reliable = 1
[91m [1776446419.819679] BSON Message: [0mInside sensor type parsing.
[91m [1776446419.819690] BSON Message: [0mInside sensor type parsing end.
[91m [1776446419.819695] BSON Message: [0mInside sid parsing
[91m [1776446419.819699] BSON Message: [0mInside temp1 parsing.
[91m [1776446419.819704] Client: [0m---before writing in log upd_msg->seq_no= 86
[91m [1776446419.819713] Client: [0m---before writing in log upd_msg->type= 4
[91m [1776446419.819717] Client: [0m---before writing in log upd_msg->frag_no= 0
[91m [1776446419.819721] Client: [0m---before writing in log upd_msg->reliable= 1
[91m [1776446419.819725] Client: [0m---before writing in log upd_msg->data.sensor_type= 1
[91m [1776446419.819729] Client: [0m---before writing in log upd_msg->data.sid= temp_1
[91m [1776446419.819734] Client: [0m---after writing in log upd_msg->seq_no = 86
[91m [1776446419.819738] Client: [0m---after writing in log upd_msg->data.sensor_type = 1
[91m [1776446419.819742] Client: [0m---after writing in log upd_msg->reliable = 1
[91m [1776446419.965178] BSON Message: [0mInside sensor type parsing.
[91m [1776446419.965187] BSON Message: [0mInside sensor type parsing end.
[91m [1776446419.965192] BSON Message: [0mInside sid parsing
[91m [1776446419.965197] BSON Message: [0mInside temp1 parsing.
[91m [1776446419.965202] Client: [0m---before writing in log upd_msg->seq_no= 87
[91m [1776446419.965205] Client: [0m---before writing in log upd_msg->type= 4
[91m [1776446419.965209] Client: [0m---before writing in log upd_msg->frag_no= 0
[91m [1776446419.965213] Client: [0m---before writing in log upd_msg->reliable= 1
[91m [1776446419.965217] Client: [0m---before writing in log upd_msg->data.sensor_type= 1
[91m [1776446419.965221] Client: [0m---before writing in log upd_msg->data.sid= temp_1
[91m [1776446419.965225] Client: [0m---after writing in log upd_msg->seq_no = 87
[91m [1776446419.965229] Client: [0m---after writing in log upd_msg->data.sensor_type = 1
[91m [1776446419.965232] Client: [0m---after writing in log upd_msg->reliable = 1
[91m [1776446420.820341] BSON Message: [0mInside sensor type parsing.
[91m [1776446420.820355] BSON Message: [0mInside sensor type parsing end.
[91m [1776446420.820361] BSON Message: [0mInside sid parsing
[91m [1776446420.820366] BSON Message: [0mInside temp1 parsing.
[91m [1776446420.820376] Client: [0m---before writing in log upd_msg->seq_no= 88
[91m [1776446420.820381] Client: [0m---before writing in log upd_msg->type= 4
[91m [1776446420.820386] Client: [0m---before writing in log upd_msg->frag_no= 0
[91m [1776446420.820392] Client: [0m---before writing in log upd_msg->reliable= 1
[91m [1776446420.820396] Client: [0m---before writing in log upd_msg->data.sensor_type= 1
[91m [1776446420.820401] Client: [0m---before writing in log upd_msg->data.sid= temp_1
[91m [1776446420.820406] Client: [0m---after writing in log upd_msg->seq_no = 88
[91m [1776446420.820410] Client: [0m---after writing in log upd_msg->data.sensor_type = 1
[91m [1776446420.820414] Client: [0m---after writing in log upd_msg->reliable = 1
[91m [1776446420.965967] BSON Message: [0mInside sensor type parsing.
[91m [1776446420.965979] BSON Message: [0mInside sensor type parsing end.
[91m [1776446420.965986] BSON Message: [0mInside sid parsing
[91m [1776446420.965991] BSON Message: [0mInside temp1 parsing.
[91m [1776446420.965996] Client: [0m---before writing in log upd_msg->seq_no= 89
[91m [1776446420.966002] Client: [0m---before writing in log upd_msg->type= 4
[91m [1776446420.966007] Client: [0m---before writing in log upd_msg->frag_no= 0
[91m [1776446420.966013] Client: [0m---before writing in log upd_msg->reliable= 1
[91m [1776446420.966017] Client: [0m---before writing in log upd_msg->data.sensor_type= 1
[91m [1776446420.966021] Client: [0m---before writing in log upd_msg->data.sid= temp_1
[91m [1776446420.966025] Client: [0m---after writing in log upd_msg->seq_no = 89
[91m [1776446420.966029] Client: [0m---after writing in log upd_msg->data.sensor_type = 1
[91m [1776446420.966032] Client: [0m---after writing in log upd_msg->reliable = 1
[91m [1776446421.26201] BSON Message: [0mInside sensor type parsing.
[91m [1776446421.26213] BSON Message: [0mInside sensor type parsing end.
[91m [1776446421.26219] BSON Message: [0mInside sid parsing
[91m [1776446421.26227] Client: [0m---before writing in log upd_msg->seq_no= 34
[91m [1776446421.26237] Client: [0m---before writing in log upd_msg->type= 4
[91m [1776446421.26242] Client: [0m---before writing in log upd_msg->frag_no= 0
[91m [1776446421.26248] Client: [0m---before writing in log upd_msg->reliable= 1
[91m [1776446421.26255] Client: [0m---before writing in log upd_msg->data.sensor_type= 2
[91m [1776446421.26262] Client: [0m---before writing in log upd_msg->data.sid= device_0
[91m [1776446421.26271] Client: [0m---after writing in log upd_msg->seq_no = 34
[91m [1776446421.26278] Client: [0m---after writing in log upd_msg->data.sensor_type = 2
[91m [1776446421.26284] Client: [0m---after writing in log upd_msg->reliable = 1
[91m [1776446421.599559] BSON Message: [0mInside sensor type parsing.
[91m [1776446421.599572] BSON Message: [0mInside sensor type parsing end.
[91m [1776446421.599579] BSON Message: [0mInside sid parsing
[91m [1776446421.599586] BSON Message: [0mInside gps1 parsing.
[91m [1776446421.599594] Client: [0m---before writing in log upd_msg->seq_no= 11
[91m [1776446421.599601] Client: [0m---before writing in log upd_msg->type= 4
[91m [1776446421.599607] Client: [0m---before writing in log upd_msg->frag_no= 0
[91m [1776446421.599613] Client: [0m---before writing in log upd_msg->reliable= 1
[91m [1776446421.599619] Client: [0m---before writing in log upd_msg->data.sensor_type= 3
[91m [1776446421.599625] Client: [0m---before writing in log upd_msg->data.sid= gps_2
[91m [1776446421.599634] Client: [0m---after writing in log upd_msg->seq_no = 11
[91m [1776446421.599644] Client: [0m---after writing in log upd_msg->data.sensor_type = 3
[91m [1776446421.599649] Client: [0m---after writing in log upd_msg->reliable = 1
[91m [1776446421.820244] BSON Message: [0mInside sensor type parsing.
[91m [1776446421.820255] BSON Message: [0mInside sensor type parsing end.
[91m [1776446421.820260] BSON Message: [0mInside sid parsing
[91m [1776446421.820266] BSON Message: [0mInside temp1 parsing.
[91m [1776446421.820271] Client: [0m---before writing in log upd_msg->seq_no= 90
[91m [1776446421.820275] Client: [0m---before writing in log upd_msg->type= 4
[91m [1776446421.820279] Client: [0m---before writing in log upd_msg->frag_no= 0
[91m [1776446421.820284] Client: [0m---before writing in log upd_msg->reliable= 1
[91m [1776446421.820288] Client: [0m---before writing in log upd_msg->data.sensor_type= 1
[91m [1776446421.820293] Client: [0m---before writing in log upd_msg->data.sid= temp_1
[91m [1776446421.820298] Client: [0m---after writing in log upd_msg->seq_no = 90
[91m [1776446421.820302] Client: [0m---after writing in log upd_msg->data.sensor_type = 1
[91m [1776446421.820307] Client: [0m---after writing in log upd_msg->reliable = 1
[91m [1776446421.965951] BSON Message: [0mInside sensor type parsing.
[91m [1776446421.965959] BSON Message: [0mInside sensor type parsing end.
[91m [1776446421.965964] BSON Message: [0mInside sid parsing
[91m [1776446421.965968] BSON Message: [0mInside temp1 parsing.
[91m [1776446421.965972] Client: [0m---before writing in log upd_msg->seq_no= 91
[91m [1776446421.965976] Client: [0m---before writing in log upd_msg->type= 4
[91m [1776446421.965980] Client: [0m---before writing in log upd_msg->frag_no= 0
[91m [1776446421.965983] Client: [0m---before writing in log upd_msg->reliable= 1
[91m [1776446421.965987] Client: [0m---before writing in log upd_msg->data.sensor_type= 1
[91m [1776446421.965991] Client: [0m---before writing in log upd_msg->data.sid= temp_1
[91m [1776446421.965995] Client: [0m---after writing in log upd_msg->seq_no = 91
[91m [1776446421.965999] Client: [0m---after writing in log upd_msg->data.sensor_type = 1
[91m [1776446421.966003] Client: [0m---after writing in log upd_msg->reliable = 1
[91m [1776446422.602288] BSON Message: [0mInside sensor type parsing.
[91m [1776446422.602301] BSON Message: [0mInside sensor type parsing end.
[91m [1776446422.602307] BSON Message: [0mInside sid parsing
[91m [1776446422.602314] Client: [0m---before writing in log upd_msg->seq_no= 35
[91m [1776446422.602323] Client: [0m---before writing in log upd_msg->type= 4
[91m [1776446422.602328] Client: [0m---before writing in log upd_msg->frag_no= 0
[91m [1776446422.602333] Client: [0m---before writing in log upd_msg->reliable= 1
[91m [1776446422.602338] Client: [0m---before writing in log upd_msg->data.sensor_type= 2
[91m [1776446422.602343] Client: [0m---before writing in log upd_msg->data.sid= device_0
[91m [1776446422.602348] Client: [0m---after writing in log upd_msg->seq_no = 35
[91m [1776446422.602353] Client: [0m---after writing in log upd_msg->data.sensor_type = 2
[91m [1776446422.602357] Client: [0m---after writing in log upd_msg->reliable = 1
[91m [1776446422.823749] BSON Message: [0mInside sensor type parsing.
[91m [1776446422.823760] BSON Message: [0mInside sensor type parsing end.
[91m [1776446422.823764] BSON Message: [0mInside sid parsing
[91m [1776446422.823768] BSON Message: [0mInside temp1 parsing.
[91m [1776446422.823774] Client: [0m---before writing in log upd_msg->seq_no= 92
[91m [1776446422.823779] Client: [0m---before writing in log upd_msg->type= 4
[91m [1776446422.823784] Client: [0m---before writing in log upd_msg->frag_no= 0
[91m [1776446422.823788] Client: [0m---before writing in log upd_msg->reliable= 1
[91m [1776446422.823792] Client: [0m---before writing in log upd_msg->data.sensor_type= 1
[91m [1776446422.823797] Client: [0m---before writing in log upd_msg->data.sid= temp_1
[91m [1776446422.823802] Client: [0m---after writing in log upd_msg->seq_no = 92
[91m [1776446422.823806] Client: [0m---after writing in log upd_msg->data.sensor_type = 1
[91m [1776446422.823810] Client: [0m---after writing in log upd_msg->reliable = 1
[91m [1776446422.966506] BSON Message: [0mInside sensor type parsing.
[91m [1776446422.966515] BSON Message: [0mInside sensor type parsing end.
[91m [1776446422.966520] BSON Message: [0mInside sid parsing
[91m [1776446422.966525] BSON Message: [0mInside temp1 parsing.
[91m [1776446422.966530] Client: [0m---before writing in log upd_msg->seq_no= 93
[91m [1776446422.966535] Client: [0m---before writing in log upd_msg->type= 4
[91m [1776446422.966540] Client: [0m---before writing in log upd_msg->frag_no= 0
[91m [1776446422.966544] Client: [0m---before writing in log upd_msg->reliable= 1
[91m [1776446422.966548] Client: [0m---before writing in log upd_msg->data.sensor_type= 1
[91m [1776446422.966553] Client: [0m---before writing in log upd_msg->data.sid= temp_1
[91m [1776446422.966557] Client: [0m---after writing in log upd_msg->seq_no = 93
[91m [1776446422.966562] Client: [0m---after writing in log upd_msg->data.sensor_type = 1
[91m [1776446422.966566] Client: [0m---after writing in log upd_msg->reliable = 1
[91m [1776446423.565] BSON Message: [0mInside sensor type parsing.
[91m [1776446423.576] BSON Message: [0mInside sensor type parsing end.
[91m [1776446423.581] BSON Message: [0mInside sid parsing
[91m [1776446423.586] BSON Message: [0mInside gps1 parsing.
[91m [1776446423.591] Client: [0m---before writing in log upd_msg->seq_no= 12
[91m [1776446423.596] Client: [0m---before writing in log upd_msg->type= 4
[91m [1776446423.601] Client: [0m---before writing in log upd_msg->frag_no= 0
[91m [1776446423.606] Client: [0m---before writing in log upd_msg->reliable= 1
[91m [1776446423.610] Client: [0m---before writing in log upd_msg->data.sensor_type= 3
[91m [1776446423.615] Client: [0m---before writing in log upd_msg->data.sid= gps_2
[91m [1776446423.622] Client: [0m---after writing in log upd_msg->seq_no = 12
[91m [1776446423.626] Client: [0m---after writing in log upd_msg->data.sensor_type = 3
[91m [1776446423.631] Client: [0m---after writing in log upd_msg->reliable = 1
[91m [1776446423.266737] BSON Message: [0mInside sensor type parsing.
[91m [1776446423.266750] BSON Message: [0mInside sensor type parsing end.
[91m [1776446423.266755] BSON Message: [0mInside sid parsing
[91m [1776446423.266762] Client: [0m---before writing in log upd_msg->seq_no= 36
[91m [1776446423.266772] Client: [0m---before writing in log upd_msg->type= 4
[91m [1776446423.266778] Client: [0m---before writing in log upd_msg->frag_no= 0
[91m [1776446423.266786] Client: [0m---before writing in log upd_msg->reliable= 1
[91m [1776446423.266791] Client: [0m---before writing in log upd_msg->data.sensor_type= 2
[91m [1776446423.266796] Client: [0m---before writing in log upd_msg->data.sid= device_0
[91m [1776446423.266802] Client: [0m---after writing in log upd_msg->seq_no = 36
[91m [1776446423.266807] Client: [0m---after writing in log upd_msg->data.sensor_type = 2
[91m [1776446423.266812] Client: [0m---after writing in log upd_msg->reliable = 1
[91m [1776446423.299518] BSON Message: [0mInside sensor type parsing.
[91m [1776446423.299533] BSON Message: [0mInside sensor type parsing end.
[91m [1776446423.299537] BSON Message: [0mInside sid parsing
[91m [1776446423.299543] Client: [0m---before writing in log upd_msg->seq_no= 37
[91m [1776446423.299547] Client: [0m---before writing in log upd_msg->type= 4
[91m [1776446423.299551] Client: [0m---before writing in log upd_msg->frag_no= 0
[91m [1776446423.299554] Client: [0m---before writing in log upd_msg->reliable= 0
[91m [1776446423.299559] Client: [0m---before writing in log upd_msg->data.sensor_type= 2
[91m [1776446423.299563] Client: [0m---before writing in log upd_msg->data.sid= device_0
[91m [1776446423.299568] Client: [0m---after writing in log upd_msg->seq_no = 37
[91m [1776446423.299572] Client: [0m---after writing in log upd_msg->data.sensor_type = 2
[91m [1776446423.299576] Client: [0m---after writing in log upd_msg->reliable = 0
[91m [1776446423.820727] BSON Message: [0mInside sensor type parsing.
[91m [1776446423.820738] BSON Message: [0mInside sensor type parsing end.
[91m [1776446423.820746] BSON Message: [0mInside sid parsing
[91m [1776446423.820752] BSON Message: [0mInside temp1 parsing.
[91m [1776446423.820759] Client: [0m---before writing in log upd_msg->seq_no= 94
[91m [1776446423.820764] Client: [0m---before writing in log upd_msg->type= 4
[91m [1776446423.820769] Client: [0m---before writing in log upd_msg->frag_no= 0
[91m [1776446423.820774] Client: [0m---before writing in log upd_msg->reliable= 1
[91m [1776446423.820779] Client: [0m---before writing in log upd_msg->data.sensor_type= 1
[91m [1776446423.820784] Client: [0m---before writing in log upd_msg->data.sid= temp_1
[91m [1776446423.820790] Client: [0m---after writing in log upd_msg->seq_no = 94
[91m [1776446423.820794] Client: [0m---after writing in log upd_msg->data.sensor_type = 1
[91m [1776446423.820799] Client: [0m---after writing in log upd_msg->reliable = 1
[91m [1776446423.966407] BSON Message: [0mInside sensor type parsing.
[91m [1776446423.966416] BSON Message: [0mInside sensor type parsing end.
[91m [1776446423.966420] BSON Message: [0mInside sid parsing
[91m [1776446423.966424] BSON Message: [0mInside temp1 parsing.
[91m [1776446423.966429] Client: [0m---before writing in log upd_msg->seq_no= 95
[91m [1776446423.966433] Client: [0m---before writing in log upd_msg->type= 4
[91m [1776446423.966437] Client: [0m---before writing in log upd_msg->frag_no= 0
[91m [1776446423.966442] Client: [0m---before writing in log upd_msg->reliable= 0
[91m [1776446423.966446] Client: [0m---before writing in log upd_msg->data.sensor_type= 1
[91m [1776446423.966451] Client: [0m---before writing in log upd_msg->data.sid= temp_1
[91m [1776446423.966455] Client: [0m---after writing in log upd_msg->seq_no = 95
[91m [1776446423.966458] Client: [0m---after writing in log upd_msg->data.sensor_type = 1
[91m [1776446423.966464] Client: [0m---after writing in log upd_msg->reliable = 0
[91m [1776446424.396944] BSON Message: [0mInside sensor type parsing.
[91m [1776446424.396960] BSON Message: [0mInside sensor type parsing end.
[91m [1776446424.396966] BSON Message: [0mInside sid parsing
[91m [1776446424.396974] Client: [0m---before writing in log upd_msg->seq_no= 38
[91m [1776446424.396986] Client: [0m---before writing in log upd_msg->type= 4
[91m [1776446424.396992] Client: [0m---before writing in log upd_msg->frag_no= 0
[91m [1776446424.396998] Client: [0m---before writing in log upd_msg->reliable= 1
[91m [1776446424.397004] Client: [0m---before writing in log upd_msg->data.sensor_type= 2
[91m [1776446424.397010] Client: [0m---before writing in log upd_msg->data.sid= device_0
[91m [1776446424.397017] Client: [0m---after writing in log upd_msg->seq_no = 38
[91m [1776446424.397022] Client: [0m---after writing in log upd_msg->data.sensor_type = 2
[91m [1776446424.397028] Client: [0m---after writing in log upd_msg->reliable = 1
[91m [1776446424.820996] BSON Message: [0mInside sensor type parsing.
[91m [1776446424.821005] BSON Message: [0mInside sensor type parsing end.
[91m [1776446424.821009] BSON Message: [0mInside sid parsing
[91m [1776446424.821013] BSON Message: [0mInside temp1 parsing.
[91m [1776446424.821019] Client: [0m---before writing in log upd_msg->seq_no= 96
[91m [1776446424.821024] Client: [0m---before writing in log upd_msg->type= 4
[91m [1776446424.821028] Client: [0m---before writing in log upd_msg->frag_no= 0
[91m [1776446424.821033] Client: [0m---before writing in log upd_msg->reliable= 1
[91m [1776446424.821037] Client: [0m---before writing in log upd_msg->data.sensor_type= 1
[91m [1776446424.821040] Client: [0m---before writing in log upd_msg->data.sid= temp_1
[91m [1776446424.821045] Client: [0m---after writing in log upd_msg->seq_no = 96
[91m [1776446424.821050] Client: [0m---after writing in log upd_msg->data.sensor_type = 1
[91m [1776446424.821054] Client: [0m---after writing in log upd_msg->reliable = 1
[91m [1776446424.966620] BSON Message: [0mInside sensor type parsing.
[91m [1776446424.966630] BSON Message: [0mInside sensor type parsing end.
[91m [1776446424.966635] BSON Message: [0mInside sid parsing
[91m [1776446424.966639] BSON Message: [0mInside temp1 parsing.
[91m [1776446424.966645] Client: [0m---before writing in log upd_msg->seq_no= 97
[91m [1776446424.966650] Client: [0m---before writing in log upd_msg->type= 4
[91m [1776446424.966654] Client: [0m---before writing in log upd_msg->frag_no= 0
[91m [1776446424.966659] Client: [0m---before writing in log upd_msg->reliable= 1
[91m [1776446424.966663] Client: [0m---before writing in log upd_msg->data.sensor_type= 1
[91m [1776446424.966667] Client: [0m---before writing in log upd_msg->data.sid= temp_1
[91m [1776446424.966673] Client: [0m---after writing in log upd_msg->seq_no = 97
[91m [1776446424.966677] Client: [0m---after writing in log upd_msg->data.sensor_type = 1
[91m [1776446424.966682] Client: [0m---after writing in log upd_msg->reliable = 1
[91m [1776446425.821433] BSON Message: [0mInside sensor type parsing.
[91m [1776446425.821443] BSON Message: [0mInside sensor type parsing end.
[91m [1776446425.821448] BSON Message: [0mInside sid parsing
[91m [1776446425.821453] BSON Message: [0mInside temp1 parsing.
[91m [1776446425.821458] Client: [0m---before writing in log upd_msg->seq_no= 98
[91m [1776446425.821461] Client: [0m---before writing in log upd_msg->type= 4
[91m [1776446425.821465] Client: [0m---before writing in log upd_msg->frag_no= 0
[91m [1776446425.821469] Client: [0m---before writing in log upd_msg->reliable= 1
[91m [1776446425.821473] Client: [0m---before writing in log upd_msg->data.sensor_type= 1
[91m [1776446425.821477] Client: [0m---before writing in log upd_msg->data.sid= temp_1
[91m [1776446425.821482] Client: [0m---after writing in log upd_msg->seq_no = 98
[91m [1776446425.821486] Client: [0m---after writing in log upd_msg->data.sensor_type = 1
[91m [1776446425.821489] Client: [0m---after writing in log upd_msg->reliable = 1
[91m [1776446425.967303] BSON Message: [0mInside sensor type parsing.
[91m [1776446425.967314] BSON Message: [0mInside sensor type parsing end.
[91m [1776446425.967318] BSON Message: [0mInside sid parsing
[91m [1776446425.967323] BSON Message: [0mInside temp1 parsing.
[91m [1776446425.967332] Client: [0m---before writing in log upd_msg->seq_no= 99
[91m [1776446425.967336] Client: [0m---before writing in log upd_msg->type= 4
[91m [1776446425.967340] Client: [0m---before writing in log upd_msg->frag_no= 0
[91m [1776446425.967344] Client: [0m---before writing in log upd_msg->reliable= 1
[91m [1776446425.967348] Client: [0m---before writing in log upd_msg->data.sensor_type= 1
[91m [1776446425.967352] Client: [0m---before writing in log upd_msg->data.sid= temp_1
[91m [1776446425.967356] Client: [0m---after writing in log upd_msg->seq_no = 99
[91m [1776446425.967360] Client: [0m---after writing in log upd_msg->data.sensor_type = 1
[91m [1776446425.967364] Client: [0m---after writing in log upd_msg->reliable = 1
[91m [1776446426.824080] BSON Message: [0mInside sensor type parsing.
[91m [1776446426.824090] BSON Message: [0mInside sensor type parsing end.
[91m [1776446426.824096] BSON Message: [0mInside sid parsing
[91m [1776446426.824101] BSON Message: [0mInside temp1 parsing.
[91m [1776446426.824106] Client: [0m---before writing in log upd_msg->seq_no= 100
[91m [1776446426.824111] Client: [0m---before writing in log upd_msg->type= 4
[91m [1776446426.824115] Client: [0m---before writing in log upd_msg->frag_no= 0
[91m [1776446426.824120] Client: [0m---before writing in log upd_msg->reliable= 1
[91m [1776446426.824124] Client: [0m---before writing in log upd_msg->data.sensor_type= 1
[91m [1776446426.824129] Client: [0m---before writing in log upd_msg->data.sid= temp_1
[91m [1776446426.824135] Client: [0m---after writing in log upd_msg->seq_no = 100
[91m [1776446426.824139] Client: [0m---after writing in log upd_msg->data.sensor_type = 1
[91m [1776446426.824147] Client: [0m---after writing in log upd_msg->reliable = 1
[91m [1776446426.967185] BSON Message: [0mInside sensor type parsing.
[91m [1776446426.967197] BSON Message: [0mInside sensor type parsing end.
[91m [1776446426.967203] BSON Message: [0mInside sid parsing
[91m [1776446426.967209] BSON Message: [0mInside temp1 parsing.
[91m [1776446426.967216] Client: [0m---before writing in log upd_msg->seq_no= 101
[91m [1776446426.967220] Client: [0m---before writing in log upd_msg->type= 4
[91m [1776446426.967224] Client: [0m---before writing in log upd_msg->frag_no= 0
[91m [1776446426.967228] Client: [0m---before writing in log upd_msg->reliable= 1
[91m [1776446426.967232] Client: [0m---before writing in log upd_msg->data.sensor_type= 1
[91m [1776446426.967237] Client: [0m---before writing in log upd_msg->data.sid= temp_1
[91m [1776446426.967243] Client: [0m---after writing in log upd_msg->seq_no = 101
[91m [1776446426.967248] Client: [0m---after writing in log upd_msg->data.sensor_type = 1
[91m [1776446426.967253] Client: [0m---after writing in log upd_msg->reliable = 1
[91m [1776446427.784275] BSON Message: [0mInside sensor type parsing.
[91m [1776446427.784287] BSON Message: [0mInside sensor type parsing end.
[91m [1776446427.784291] BSON Message: [0mInside sid parsing
[91m [1776446427.784295] Client: [0m---before writing in log upd_msg->seq_no= 39
[91m [1776446427.784299] Client: [0m---before writing in log upd_msg->type= 4
[91m [1776446427.784302] Client: [0m---before writing in log upd_msg->frag_no= 0
[91m [1776446427.784306] Client: [0m---before writing in log upd_msg->reliable= 1
[91m [1776446427.784311] Client: [0m---before writing in log upd_msg->data.sensor_type= 2
[91m [1776446427.784315] Client: [0m---before writing in log upd_msg->data.sid= device_0
[91m [1776446427.784321] Client: [0m---after writing in log upd_msg->seq_no = 39
[91m [1776446427.784325] Client: [0m---after writing in log upd_msg->data.sensor_type = 2
[91m [1776446427.784330] Client: [0m---after writing in log upd_msg->reliable = 1
[91m [1776446427.822144] BSON Message: [0mInside sensor type parsing.
[91m [1776446427.822155] BSON Message: [0mInside sensor type parsing end.
[91m [1776446427.822160] BSON Message: [0mInside sid parsing
[91m [1776446427.822168] BSON Message: [0mInside temp1 parsing.
[91m [1776446427.822174] Client: [0m---before writing in log upd_msg->seq_no= 102
[91m [1776446427.822178] Client: [0m---before writing in log upd_msg->type= 4
[91m [1776446427.822183] Client: [0m---before writing in log upd_msg->frag_no= 0
[91m [1776446427.822188] Client: [0m---before writing in log upd_msg->reliable= 1
[91m [1776446427.822192] Client: [0m---before writing in log upd_msg->data.sensor_type= 1
[91m [1776446427.822196] Client: [0m---before writing in log upd_msg->data.sid= temp_1
[91m [1776446427.822201] Client: [0m---after writing in log upd_msg->seq_no = 102
[91m [1776446427.822205] Client: [0m---after writing in log upd_msg->data.sensor_type = 1
[91m [1776446427.822209] Client: [0m---after writing in log upd_msg->reliable = 1
[91m [1776446427.967462] BSON Message: [0mInside sensor type parsing.
[91m [1776446427.967476] BSON Message: [0mInside sensor type parsing end.
[91m [1776446427.967481] BSON Message: [0mInside sid parsing
[91m [1776446427.967485] BSON Message: [0mInside temp1 parsing.
[91m [1776446427.967491] Client: [0m---before writing in log upd_msg->seq_no= 103
[91m [1776446427.967495] Client: [0m---before writing in log upd_msg->type= 4
[91m [1776446427.967499] Client: [0m---before writing in log upd_msg->frag_no= 0
[91m [1776446427.967504] Client: [0m---before writing in log upd_msg->reliable= 1
[91m [1776446427.967508] Client: [0m---before writing in log upd_msg->data.sensor_type= 1
[91m [1776446427.967512] Client: [0m---before writing in log upd_msg->data.sid= temp_1
[91m [1776446427.967517] Client: [0m---after writing in log upd_msg->seq_no = 103
[91m [1776446427.967521] Client: [0m---after writing in log upd_msg->data.sensor_type = 1
[91m [1776446427.967526] Client: [0m---after writing in log upd_msg->reliable = 1
[91m [1776446428.822222] BSON Message: [0mInside sensor type parsing.
[91m [1776446428.822231] BSON Message: [0mInside sensor type parsing end.
[91m [1776446428.822235] BSON Message: [0mInside sid parsing
[91m [1776446428.822239] BSON Message: [0mInside temp1 parsing.
[91m [1776446428.822244] Client: [0m---before writing in log upd_msg->seq_no= 104
[91m [1776446428.822249] Client: [0m---before writing in log upd_msg->type= 4
[91m [1776446428.822253] Client: [0m---before writing in log upd_msg->frag_no= 0
[91m [1776446428.822257] Client: [0m---before writing in log upd_msg->reliable= 1
[91m [1776446428.822262] Client: [0m---before writing in log upd_msg->data.sensor_type= 1
[91m [1776446428.822266] Client: [0m---before writing in log upd_msg->data.sid= temp_1
[91m [1776446428.822271] Client: [0m---after writing in log upd_msg->seq_no = 104
[91m [1776446428.822274] Client: [0m---after writing in log upd_msg->data.sensor_type = 1
[91m [1776446428.822278] Client: [0m---after writing in log upd_msg->reliable = 1
[91m [1776446428.903619] BSON Message: [0mInside sensor type parsing.
[91m [1776446428.903631] BSON Message: [0mInside sensor type parsing end.
[91m [1776446428.903636] BSON Message: [0mInside sid parsing
[91m [1776446428.903642] Client: [0m---before writing in log upd_msg->seq_no= 40
[91m [1776446428.903647] Client: [0m---before writing in log upd_msg->type= 4
[91m [1776446428.903651] Client: [0m---before writing in log upd_msg->frag_no= 0
[91m [1776446428.903656] Client: [0m---before writing in log upd_msg->reliable= 1
[91m [1776446428.903661] Client: [0m---before writing in log upd_msg->data.sensor_type= 2
[91m [1776446428.903665] Client: [0m---before writing in log upd_msg->data.sid= device_0
[91m [1776446428.903671] Client: [0m---after writing in log upd_msg->seq_no = 40
[91m [1776446428.903675] Client: [0m---after writing in log upd_msg->data.sensor_type = 2
[91m [1776446428.903679] Client: [0m---after writing in log upd_msg->reliable = 1
[91m [1776446428.967990] BSON Message: [0mInside sensor type parsing.
[91m [1776446428.967999] BSON Message: [0mInside sensor type parsing end.
[91m [1776446428.968002] BSON Message: [0mInside sid parsing
[91m [1776446428.968010] BSON Message: [0mInside temp1 parsing.
[91m [1776446428.968014] Client: [0m---before writing in log upd_msg->seq_no= 105
[91m [1776446428.968017] Client: [0m---before writing in log upd_msg->type= 4
[91m [1776446428.968020] Client: [0m---before writing in log upd_msg->frag_no= 0
[91m [1776446428.968023] Client: [0m---before writing in log upd_msg->reliable= 1
[91m [1776446428.968026] Client: [0m---before writing in log upd_msg->data.sensor_type= 1
[91m [1776446428.968029] Client: [0m---before writing in log upd_msg->data.sid= temp_1
[91m [1776446428.968033] Client: [0m---after writing in log upd_msg->seq_no = 105
[91m [1776446428.968036] Client: [0m---after writing in log upd_msg->data.sensor_type = 1
[91m [1776446428.968039] Client: [0m---after writing in log upd_msg->reliable = 1
[91m [1776446429.822854] BSON Message: [0mInside sensor type parsing.
[91m [1776446429.822867] BSON Message: [0mInside sensor type parsing end.
[91m [1776446429.822874] BSON Message: [0mInside sid parsing
[91m [1776446429.822880] BSON Message: [0mInside temp1 parsing.
[91m [1776446429.822887] Client: [0m---before writing in log upd_msg->seq_no= 106
[91m [1776446429.822892] Client: [0m---before writing in log upd_msg->type= 4
[91m [1776446429.822898] Client: [0m---before writing in log upd_msg->frag_no= 0
[91m [1776446429.822903] Client: [0m---before writing in log upd_msg->reliable= 1
[91m [1776446429.822908] Client: [0m---before writing in log upd_msg->data.sensor_type= 1
[91m [1776446429.822914] Client: [0m---before writing in log upd_msg->data.sid= temp_1
[91m [1776446429.822934] Client: [0m---after writing in log upd_msg->seq_no = 106
[91m [1776446429.822940] Client: [0m---after writing in log upd_msg->data.sensor_type = 1
[91m [1776446429.822945] Client: [0m---after writing in log upd_msg->reliable = 1
[91m [1776446429.968025] BSON Message: [0mInside sensor type parsing.
[91m [1776446429.968036] BSON Message: [0mInside sensor type parsing end.
[91m [1776446429.968040] BSON Message: [0mInside sid parsing
[91m [1776446429.968044] BSON Message: [0mInside temp1 parsing.
[91m [1776446429.968048] Client: [0m---before writing in log upd_msg->seq_no= 107
[91m [1776446429.968052] Client: [0m---before writing in log upd_msg->type= 4
[91m [1776446429.968056] Client: [0m---before writing in log upd_msg->frag_no= 0
[91m [1776446429.968059] Client: [0m---before writing in log upd_msg->reliable= 1
[91m [1776446429.968065] Client: [0m---before writing in log upd_msg->data.sensor_type= 1
[91m [1776446429.968071] Client: [0m---before writing in log upd_msg->data.sid= temp_1
[91m [1776446429.968078] Client: [0m---after writing in log upd_msg->seq_no = 107
[91m [1776446429.968084] Client: [0m---after writing in log upd_msg->data.sensor_type = 1
[91m [1776446429.968090] Client: [0m---after writing in log upd_msg->reliable = 1
[91m [1776446430.6088] BSON Message: [0mInside sensor type parsing.
[91m [1776446430.6098] BSON Message: [0mInside sensor type parsing end.
[91m [1776446430.6102] BSON Message: [0mInside sid parsing
[91m [1776446430.6107] Client: [0m---before writing in log upd_msg->seq_no= 41
[91m [1776446430.6111] Client: [0m---before writing in log upd_msg->type= 4
[91m [1776446430.6116] Client: [0m---before writing in log upd_msg->frag_no= 0
[91m [1776446430.6121] Client: [0m---before writing in log upd_msg->reliable= 1
[91m [1776446430.6125] Client: [0m---before writing in log upd_msg->data.sensor_type= 2
[91m [1776446430.6129] Client: [0m---before writing in log upd_msg->data.sid= device_0
[91m [1776446430.6135] Client: [0m---after writing in log upd_msg->seq_no = 41
[91m [1776446430.6138] Client: [0m---after writing in log upd_msg->data.sensor_type = 2
[91m [1776446430.6143] Client: [0m---after writing in log upd_msg->reliable = 1
[91m [1776446430.45115] BSON Message: [0mInside sensor type parsing.
[91m [1776446430.45125] BSON Message: [0mInside sensor type parsing end.
[91m [1776446430.45130] BSON Message: [0mInside sid parsing
[91m [1776446430.45140] BSON Message: [0mInside gps1 parsing.
[91m [1776446430.45145] Client: [0m---before writing in log upd_msg->seq_no= 13
[91m [1776446430.45150] Client: [0m---before writing in log upd_msg->type= 4
[91m [1776446430.45155] Client: [0m---before writing in log upd_msg->frag_no= 0
[91m [1776446430.45160] Client: [0m---before writing in log upd_msg->reliable= 1
[91m [1776446430.45166] Client: [0m---before writing in log upd_msg->data.sensor_type= 3
[91m [1776446430.45169] Client: [0m---before writing in log upd_msg->data.sid= gps_2
[91m [1776446430.45176] Client: [0m---after writing in log upd_msg->seq_no = 13
[91m [1776446430.45182] Client: [0m---after writing in log upd_msg->data.sensor_type = 3
[91m [1776446430.45187] Client: [0m---after writing in log upd_msg->reliable = 1
[91m [1776446430.117557] BSON Message: [0mInside sensor type parsing.
[91m [1776446430.117567] BSON Message: [0mInside sensor type parsing end.
[91m [1776446430.117572] BSON Message: [0mInside sid parsing
[91m [1776446430.117577] Client: [0m---before writing in log upd_msg->seq_no= 42
[91m [1776446430.117581] Client: [0m---before writing in log upd_msg->type= 4
[91m [1776446430.117585] Client: [0m---before writing in log upd_msg->frag_no= 0
[91m [1776446430.117590] Client: [0m---before writing in log upd_msg->reliable= 1
[91m [1776446430.117595] Client: [0m---before writing in log upd_msg->data.sensor_type= 2
[91m [1776446430.117600] Client: [0m---before writing in log upd_msg->data.sid= device_0
[91m [1776446430.117605] Client: [0m---after writing in log upd_msg->seq_no = 42
[91m [1776446430.117611] Client: [0m---after writing in log upd_msg->data.sensor_type = 2
[91m [1776446430.117617] Client: [0m---after writing in log upd_msg->reliable = 1
[91m [1776446430.281105] BSON Message: [0mInside sensor type parsing.
[91m [1776446430.281117] BSON Message: [0mInside sensor type parsing end.
[91m [1776446430.281123] BSON Message: [0mInside sid parsing
[91m [1776446430.281130] Client: [0m---before writing in log upd_msg->seq_no= 43
[91m [1776446430.281137] Client: [0m---before writing in log upd_msg->type= 4
[91m [1776446430.281144] Client: [0m---before writing in log upd_msg->frag_no= 0
[91m [1776446430.281151] Client: [0m---before writing in log upd_msg->reliable= 0
[91m [1776446430.281158] Client: [0m---before writing in log upd_msg->data.sensor_type= 2
[91m [1776446430.281162] Client: [0m---before writing in log upd_msg->data.sid= device_0
[91m [1776446430.281168] Client: [0m---after writing in log upd_msg->seq_no = 43
[91m [1776446430.281173] Client: [0m---after writing in log upd_msg->data.sensor_type = 2
[91m [1776446430.281178] Client: [0m---after writing in log upd_msg->reliable = 0
[91m [1776446430.294668] BSON Message: [0mInside sensor type parsing.
[91m [1776446430.294682] BSON Message: [0mInside sensor type parsing end.
[91m [1776446430.294688] BSON Message: [0mInside sid parsing
[91m [1776446430.294695] Client: [0m---before writing in log upd_msg->seq_no= 44
[91m [1776446430.294701] Client: [0m---before writing in log upd_msg->type= 4
[91m [1776446430.294706] Client: [0m---before writing in log upd_msg->frag_no= 0
[91m [1776446430.294710] Client: [0m---before writing in log upd_msg->reliable= 1
[91m [1776446430.294715] Client: [0m---before writing in log upd_msg->data.sensor_type= 2
[91m [1776446430.294718] Client: [0m---before writing in log upd_msg->data.sid= device_0
[91m [1776446430.294723] Client: [0m---after writing in log upd_msg->seq_no = 44
[91m [1776446430.294727] Client: [0m---after writing in log upd_msg->data.sensor_type = 2
[91m [1776446430.294730] Client: [0m---after writing in log upd_msg->reliable = 1
[91m [1776446430.822866] BSON Message: [0mInside sensor type parsing.
[91m [1776446430.822875] BSON Message: [0mInside sensor type parsing end.
[91m [1776446430.822879] BSON Message: [0mInside sid parsing
[91m [1776446430.822883] BSON Message: [0mInside temp1 parsing.
-------- 1
Got a message from the server.
Message type is 4
---------Update message arrived------------ 1
Got a message from the server.
Message type is 4
---------Update message arrived------------ 1
Got a message from the server.
Message type is 4
---------Update message arrived------------ 1
Got a message from the server.
Message type is 4
---------Update message arrived------------ 1
Got a message from the server.
Message type is 4
---------Update message arrived------------ 1
Got a message from the server.
Message type is 4
---------Update message arrived------------ 1
Got a message from the server.
Message type is 4
---------Update message arrived------------ 1
Got a message from the server.
Message type is 4
---------Update message arrived------------ 1
Got a message from the server.
Message type is 4
---------Update message arrived------------ 1
Got a message from the server.
Message type is 4
---------Update message arrived------------ 1
Got a message from the server.
Message type is 4
---------Update message arrived------------ 1
Got a message from the server.
Message type is 4
---------Update message arrived------------ 1
Got a message from the server.
Message type is 4
---------Update message arrived------------ 1
Got a message from the server.
Message type is 4
---------Update message arrived------------ 1
Got a message from the server.
Message type is 4
---------Update message arrived------------ 1
Got a message from the server.
Message type is 4
---------Update message arrived------------ 1
Got a message from the server.
Message type is 4
---------Update message arrived------------ 1
Got a message from the server.
Message type is 4
---------Update message arrived------------ 1
Got a message from the server.
Message type is 4
---------Update message arrived------------ 1
Got a message from the server.
Message type is 4
---------Update message arrived------------ 1
Got a message from the server.
Message type is 4
---------Update message arrived------------ 1
Got a message from the server.
Message type is 4
---------Update message arrived------------ 1
Got a message from the server.
Message type is 4
---------Update message arrived------------ 1
Got a message from the server.
Message type is 4
---------Update message arrived------------ 1
Got a message from the server.
Message type is 4
---------Update message arrived------------ 1
Got a message from the server.
Message type is 4
---------Update message arrived------------ 1
Got a message from the server.
Message type is 4
---------Update message arrived------------ 1
Got a message from the server.
Message type is 4
---------Update message arrived------------ 1
Got a message from the server.
Message type is 4
---------Update message arrived------------ 1
Got a message from the server.
Message type is 4
---------Update message arrived------------ 1
Got a message from the server.
Message type is 4
---------Update message arrived------------ 1
Got a message from the server.
Message type is 4
---------Update message arrived------------ 1
Got a message from the server.
Message type is 4
---------Update message arrived------------ 1
Got a message from the server.
Message type is 4
---------Update message arrived------------ 1
Got a message from the server.
Message type is 4
---------Update message arrived------------ 1
Got a message from the server.
Message type is 4
---------Update message arrived------------ 1
Got a message from the server.
Message type is 4
---------Update message arrived------------ 1
Got a message from the server.
Message type is 4
---------Update message arrived------------ 1
Got a message from the server.
Message type is 4
---------Update message arrived------------ 1
Got a message from the server.
Message type is 4
---------Update message arrived------------ 1
Got a message from the server.
Message type is 4
---------Update message arrived------------ 1
Got a message from the server.
Message type is 4
---------Update message arrived------------ 1
Got a message from the server.
Message type is 4
---------Update message arrived------------ 1
[91m [1776446430.822907] Client: [0m---before writing in log upd_msg->seq_no= 108
[91m [1776446430.822910] Client: [0m---before writing in log upd_msg->type= 4
[91m [1776446430.822913] Client: [0m---before writing in log upd_msg->frag_no= 0
[91m [1776446430.822927] Client: [0m---before writing in log upd_msg->reliable= 1
[91m [1776446430.822930] Client: [0m---before writing in log upd_msg->data.sensor_type= 1
[91m [1776446430.822935] Client: [0m---before writing in log upd_msg->data.sid= temp_1
[91m [1776446430.822941] Client: [0m---after writing in log upd_msg->seq_no = 108
[91m [1776446430.822946] Client: [0m---after writing in log upd_msg->data.sensor_type = 1
[91m [1776446430.822950] Client: [0m---after writing in log upd_msg->reliable = 1
[91m [1776446430.968329] BSON Message: [0mInside sensor type parsing.
[91m [1776446430.968337] BSON Message: [0mInside sensor type parsing end.
[91m [1776446430.968341] BSON Message: [0mInside sid parsing
[91m [1776446430.968345] BSON Message: [0mInside temp1 parsing.
[91m [1776446430.968351] Client: [0m---before writing in log upd_msg->seq_no= 109
[91m [1776446430.968356] Client: [0m---before writing in log upd_msg->type= 4
[91m [1776446430.968361] Client: [0m---before writing in log upd_msg->frag_no= 0
[91m [1776446430.968365] Client: [0m---before writing in log upd_msg->reliable= 1
[91m [1776446430.968369] Client: [0m---before writing in log upd_msg->data.sensor_type= 1
[91m [1776446430.968374] Client: [0m---before writing in log upd_msg->data.sid= temp_1
[91m [1776446430.968378] Client: [0m---after writing in log upd_msg->seq_no = 109
[91m [1776446430.968386] Client: [0m---after writing in log upd_msg->data.sensor_type = 1
[91m [1776446430.968390] Client: [0m---after writing in log upd_msg->reliable = 1
[91m [1776446431.484676] BSON Message: [0mInside sensor type parsing.
[91m [1776446431.484687] BSON Message: [0mInside sensor type parsing end.
[91m [1776446431.484693] BSON Message: [0mInside sid parsing
[91m [1776446431.484698] BSON Message: [0mInside gps1 parsing.
[91m [1776446431.484703] Client: [0m---before writing in log upd_msg->seq_no= 14
[91m [1776446431.484708] Client: [0m---before writing in log upd_msg->type= 4
[91m [1776446431.484713] Client: [0m---before writing in log upd_msg->frag_no= 0
[91m [1776446431.484717] Client: [0m---before writing in log upd_msg->reliable= 1
[91m [1776446431.484722] Client: [0m---before writing in log upd_msg->data.sensor_type= 3
[91m [1776446431.484726] Client: [0m---before writing in log upd_msg->data.sid= gps_2
[91m [1776446431.484732] Client: [0m---after writing in log upd_msg->seq_no = 14
[91m [1776446431.484737] Client: [0m---after writing in log upd_msg->data.sensor_type = 3
[91m [1776446431.484741] Client: [0m---after writing in log upd_msg->reliable = 1
[91m [1776446431.823076] BSON Message: [0mInside sensor type parsing.
[91m [1776446431.823089] BSON Message: [0mInside sensor type parsing end.
[91m [1776446431.823095] BSON Message: [0mInside sid parsing
[91m [1776446431.823101] BSON Message: [0mInside temp1 parsing.
[91m [1776446431.823107] Client: [0m---before writing in log upd_msg->seq_no= 110
[91m [1776446431.823112] Client: [0m---before writing in log upd_msg->type= 4
[91m [1776446431.823117] Client: [0m---before writing in log upd_msg->frag_no= 0
[91m [1776446431.823122] Client: [0m---before writing in log upd_msg->reliable= 1
[91m [1776446431.823128] Client: [0m---before writing in log upd_msg->data.sensor_type= 1
[91m [1776446431.823133] Client: [0m---before writing in log upd_msg->data.sid= temp_1
[91m [1776446431.823139] Client: [0m---after writing in log upd_msg->seq_no = 110
[91m [1776446431.823144] Client: [0m---after writing in log upd_msg->data.sensor_type = 1
[91m [1776446431.823150] Client: [0m---after writing in log upd_msg->reliable = 1
[91m [1776446431.968585] BSON Message: [0mInside sensor type parsing.
[91m [1776446431.968596] BSON Message: [0mInside sensor type parsing end.
[91m [1776446431.968601] BSON Message: [0mInside sid parsing
[91m [1776446431.968609] BSON Message: [0mInside temp1 parsing.
[91m [1776446431.968615] Client: [0m---before writing in log upd_msg->seq_no= 111
[91m [1776446431.968619] Client: [0m---before writing in log upd_msg->type= 4
[91m [1776446431.968622] Client: [0m---before writing in log upd_msg->frag_no= 0
[91m [1776446431.968627] Client: [0m---before writing in log upd_msg->reliable= 1
[91m [1776446431.968631] Client: [0m---before writing in log upd_msg->data.sensor_type= 1
[91m [1776446431.968634] Client: [0m---before writing in log upd_msg->data.sid= temp_1
[91m [1776446431.968644] Client: [0m---after writing in log upd_msg->seq_no = 111
[91m [1776446431.968648] Client: [0m---after writing in log upd_msg->data.sensor_type = 1
[91m [1776446431.968652] Client: [0m---after writing in log upd_msg->reliable = 1
[91m [1776446432.823522] BSON Message: [0mInside sensor type parsing.
[91m [1776446432.823531] BSON Message: [0mInside sensor type parsing end.
[91m [1776446432.823535] BSON Message: [0mInside sid parsing
[91m [1776446432.823538] BSON Message: [0mInside temp1 parsing.
[91m [1776446432.823542] Client: [0m---before writing in log upd_msg->seq_no= 112
[91m [1776446432.823546] Client: [0m---before writing in log upd_msg->type= 4
[91m [1776446432.823549] Client: [0m---before writing in log upd_msg->frag_no= 0
[91m [1776446432.823552] Client: [0m---before writing in log upd_msg->reliable= 1
[91m [1776446432.823555] Client: [0m---before writing in log upd_msg->data.sensor_type= 1
[91m [1776446432.823558] Client: [0m---before writing in log upd_msg->data.sid= temp_1
[91m [1776446432.823562] Client: [0m---after writing in log upd_msg->seq_no = 112
[91m [1776446432.823567] Client: [0m---after writing in log upd_msg->data.sensor_type = 1
[91m [1776446432.823570] Client: [0m---after writing in log upd_msg->reliable = 1
[91m [1776446432.969306] BSON Message: [0mInside sensor type parsing.
[91m [1776446432.969317] BSON Message: [0mInside sensor type parsing end.
[91m [1776446432.969323] BSON Message: [0mInside sid parsing
[91m [1776446432.969328] BSON Message: [0mInside temp1 parsing.
[91m [1776446432.969334] Client: [0m---before writing in log upd_msg->seq_no= 113
[91m [1776446432.969339] Client: [0m---before writing in log upd_msg->type= 4
[91m [1776446432.969344] Client: [0m---before writing in log upd_msg->frag_no= 0
[91m [1776446432.969349] Client: [0m---before writing in log upd_msg->reliable= 1
[91m [1776446432.969353] Client: [0m---before writing in log upd_msg->data.sensor_type= 1
[91m [1776446432.969358] Client: [0m---before writing in log upd_msg->data.sid= temp_1
[91m [1776446432.969364] Client: [0m---after writing in log upd_msg->seq_no = 113
[91m [1776446432.969368] Client: [0m---after writing in log upd_msg->data.sensor_type = 1
[91m [1776446432.969372] Client: [0m---after writing in log upd_msg->reliable = 1
[91m [1776446433.823731] BSON Message: [0mInside sensor type parsing.
[91m [1776446433.823739] BSON Message: [0mInside sensor type parsing end.
[91m [1776446433.823743] BSON Message: [0mInside sid parsing
[91m [1776446433.823746] BSON Message: [0mInside temp1 parsing.
[91m [1776446433.823750] Client: [0m---before writing in log upd_msg->seq_no= 114
[91m [1776446433.823753] Client: [0m---before writing in log upd_msg->type= 4
[91m [1776446433.823757] Client: [0m---before writing in log upd_msg->frag_no= 0
[91m [1776446433.823762] Client: [0m---before writing in log upd_msg->reliable= 1
[91m [1776446433.823766] Client: [0m---before writing in log upd_msg->data.sensor_type= 1
[91m [1776446433.823771] Client: [0m---before writing in log upd_msg->data.sid= temp_1
[91m [1776446433.823775] Client: [0m---after writing in log upd_msg->seq_no = 114
[91m [1776446433.823779] Client: [0m---after writing in log upd_msg->data.sensor_type = 1
[91m [1776446433.823783] Client: [0m---after writing in log upd_msg->reliable = 1
[91m [1776446433.969099] BSON Message: [0mInside sensor type parsing.
[91m [1776446433.969107] BSON Message: [0mInside sensor type parsing end.
[91m [1776446433.969115] BSON Message: [0mInside sid parsing
[91m [1776446433.969119] BSON Message: [0mInside temp1 parsing.
[91m [1776446433.969125] Client: [0m---before writing in log upd_msg->seq_no= 115
[91m [1776446433.969129] Client: [0m---before writing in log upd_msg->type= 4
[91m [1776446433.969132] Client: [0m---before writing in log upd_msg->frag_no= 0
[91m [1776446433.969136] Client: [0m---before writing in log upd_msg->reliable= 1
[91m [1776446433.969140] Client: [0m---before writing in log upd_msg->data.sensor_type= 1
[91m [1776446433.969144] Client: [0m---before writing in log upd_msg->data.sid= temp_1
[91m [1776446433.969149] Client: [0m---after writing in log upd_msg->seq_no = 115
[91m [1776446433.969152] Client: [0m---after writing in log upd_msg->data.sensor_type = 1
[91m [1776446433.969156] Client: [0m---after writing in log upd_msg->reliable = 1
[91m [1776446434.245594] BSON Message: [0mInside sensor type parsing.
[91m [1776446434.245605] BSON Message: [0mInside sensor type parsing end.
[91m [1776446434.245609] BSON Message: [0mInside sid parsing
[91m [1776446434.245615] Client: [0m---before writing in log upd_msg->seq_no= 45
[91m [1776446434.245619] Client: [0m---before writing in log upd_msg->type= 4
[91m [1776446434.245624] Client: [0m---before writing in log upd_msg->frag_no= 0
[91m [1776446434.245628] Client: [0m---before writing in log upd_msg->reliable= 1
[91m [1776446434.245632] Client: [0m---before writing in log upd_msg->data.sensor_type= 2
[91m [1776446434.245636] Client: [0m---before writing in log upd_msg->data.sid= device_0
[91m [1776446434.245641] Client: [0m---after writing in log upd_msg->seq_no = 45
[91m [1776446434.245646] Client: [0m---after writing in log upd_msg->data.sensor_type = 2
[91m [1776446434.245650] Client: [0m---after writing in log upd_msg->reliable = 1
[91m [1776446434.723412] BSON Message: [0mInside sensor type parsing.
[91m [1776446434.723425] BSON Message: [0mInside sensor type parsing end.
[91m [1776446434.723430] BSON Message: [0mInside sid parsing
[91m [1776446434.723436] Client: [0m---before writing in log upd_msg->seq_no= 46
[91m [1776446434.723442] Client: [0m---before writing in log upd_msg->type= 4
[91m [1776446434.723446] Client: [0m---before writing in log upd_msg->frag_no= 0
[91m [1776446434.723451] Client: [0m---before writing in log upd_msg->reliable= 1
[91m [1776446434.723455] Client: [0m---before writing in log upd_msg->data.sensor_type= 2
[91m [1776446434.723460] Client: [0m---before writing in log upd_msg->data.sid= device_0
[91m [1776446434.723465] Client: [0m---after writing in log upd_msg->seq_no = 46
[91m [1776446434.723469] Client: [0m---after writing in log upd_msg->data.sensor_type = 2
[91m [1776446434.723474] Client: [0m---after writing in log upd_msg->reliable = 1
[91m [1776446434.823882] BSON Message: [0mInside sensor type parsing.
[91m [1776446434.823892] BSON Message: [0mInside sensor type parsing end.
[91m [1776446434.823898] BSON Message: [0mInside sid parsing
[91m [1776446434.823903] BSON Message: [0mInside temp1 parsing.
[91m [1776446434.823909] Client: [0m---before writing in log upd_msg->seq_no= 116
[91m [1776446434.823914] Client: [0m---before writing in log upd_msg->type= 4
[91m [1776446434.823933] Client: [0m---before writing in log upd_msg->frag_no= 0
[91m [1776446434.823939] Client: [0m---before writing in log upd_msg->reliable= 1
[91m [1776446434.823945] Client: [0m---before writing in log upd_msg->data.sensor_type= 1
[91m [1776446434.823950] Client: [0m---before writing in log upd_msg->data.sid= temp_1
[91m [1776446434.823956] Client: [0m---after writing in log upd_msg->seq_no = 116
[91m [1776446434.823962] Client: [0m---after writing in log upd_msg->data.sensor_type = 1
[91m [1776446434.823967] Client: [0m---after writing in log upd_msg->reliable = 1
[91m [1776446434.969439] BSON Message: [0mInside sensor type parsing.
[91m [1776446434.969451] BSON Message: [0mInside sensor type parsing end.
[91m [1776446434.969460] BSON Message: [0mInside sid parsing
[91m [1776446434.969465] BSON Message: [0mInside temp1 parsing.
[91m [1776446434.969471] Client: [0m---before writing in log upd_msg->seq_no= 117
[91m [1776446434.969476] Client: [0m---before writing in log upd_msg->type= 4
[91m [1776446434.969480] Client: [0m---before writing in log upd_msg->frag_no= 0
[91m [1776446434.969485] Client: [0m---before writing in log upd_msg->reliable= 1
[91m [1776446434.969490] Client: [0m---before writing in log upd_msg->data.sensor_type= 1
[91m [1776446434.969495] Client: [0m---before writing in log upd_msg->data.sid= temp_1
[91m [1776446434.969500] Client: [0m---after writing in log upd_msg->seq_no = 117
[91m [1776446434.969504] Client: [0m---after writing in log upd_msg->data.sensor_type = 1
[91m [1776446434.969509] Client: [0m---after writing in log upd_msg->reliable = 1
[91m [1776446435.373105] BSON Message: [0mInside sensor type parsing.
[91m [1776446435.373117] BSON Message: [0mInside sensor type parsing end.
[91m [1776446435.373122] BSON Message: [0mInside sid parsing
[91m [1776446435.373127] BSON Message: [0mInside gps1 parsing.
[91m [1776446435.373132] Client: [0m---before writing in log upd_msg->seq_no= 15
[91m [1776446435.373137] Client: [0m---before writing in log upd_msg->type= 4
[91m [1776446435.373142] Client: [0m---before writing in log upd_msg->frag_no= 0
[91m [1776446435.373146] Client: [0m---before writing in log upd_msg->reliable= 1
[91m [1776446435.373151] Client: [0m---before writing in log upd_msg->data.sensor_type= 3
[91m [1776446435.373156] Client: [0m---before writing in log upd_msg->data.sid= gps_2
[91m [1776446435.373163] Client: [0m---after writing in log upd_msg->seq_no = 15
[91m [1776446435.373167] Client: [0m---after writing in log upd_msg->data.sensor_type = 3
[91m [1776446435.373171] Client: [0m---after writing in log upd_msg->reliable = 1
[91m [1776446435.729341] BSON Message: [0mInside sensor type parsing.
[91m [1776446435.729352] BSON Message: [0mInside sensor type parsing end.
[91m [1776446435.729357] BSON Message: [0mInside sid parsing
[91m [1776446435.729362] Client: [0m---before writing in log upd_msg->seq_no= 47
[91m [1776446435.729367] Client: [0m---before writing in log upd_msg->type= 4
[91m [1776446435.729372] Client: [0m---before writing in log upd_msg->frag_no= 0
[91m [1776446435.729377] Client: [0m---before writing in log upd_msg->reliable= 1
[91m [1776446435.729381] Client: [0m---before writing in log upd_msg->data.sensor_type= 2
[91m [1776446435.729386] Client: [0m---before writing in log upd_msg->data.sid= device_0
[91m [1776446435.729393] Client: [0m---after writing in log upd_msg->seq_no = 47
[91m [1776446435.729399] Client: [0m---after writing in log upd_msg->data.sensor_type = 2
[91m [1776446435.729405] Client: [0m---after writing in log upd_msg->reliable = 1
[91m [1776446435.824261] BSON Message: [0mInside sensor type parsing.
[91m [1776446435.824272] BSON Message: [0mInside sensor type parsing end.
[91m [1776446435.824277] BSON Message: [0mInside sid parsing
[91m [1776446435.824282] BSON Message: [0mInside temp1 parsing.
[91m [1776446435.824287] Client: [0m---before writing in log upd_msg->seq_no= 118
[91m [1776446435.824292] Client: [0m---before writing in log upd_msg->type= 4
[91m [1776446435.824296] Client: [0m---before writing in log upd_msg->frag_no= 0
[91m [1776446435.824301] Client: [0m---before writing in log upd_msg->reliable= 1
[91m [1776446435.824306] Client: [0m---before writing in log upd_msg->data.sensor_type= 1
[91m [1776446435.824311] Client: [0m---before writing in log upd_msg->data.sid= temp_1
[91m [1776446435.824317] Client: [0m---after writing in log upd_msg->seq_no = 118
[91m [1776446435.824322] Client: [0m---after writing in log upd_msg->data.sensor_type = 1
[91m [1776446435.824326] Client: [0m---after writing in log upd_msg->reliable = 1
[91m [1776446435.962668] BSON Message: [0mInside sensor type parsing.
[91m [1776446435.962681] BSON Message: [0mInside sensor type parsing end.
[91m [1776446435.962698] BSON Message: [0mInside sid parsing
[91m [1776446435.962704] Client: [0m---before writing in log upd_msg->seq_no= 48
[91m [1776446435.962709] Client: [0m---before writing in log upd_msg->type= 4
[91m [1776446435.962714] Client: [0m---before writing in log upd_msg->frag_no= 0
[91m [1776446435.962718] Client: [0m---before writing in log upd_msg->reliable= 1
[91m [1776446435.962723] Client: [0m---before writing in log upd_msg->data.sensor_type= 2
[91m [1776446435.962727] Client: [0m---before writing in log upd_msg->data.sid= device_0
[91m [1776446435.962733] Client: [0m---after writing in log upd_msg->seq_no = 48
[91m [1776446435.962737] Client: [0m---after writing in log upd_msg->data.sensor_type = 2
[91m [1776446435.962742] Client: [0m---after writing in log upd_msg->reliable = 1
[91m [1776446435.969517] BSON Message: [0mInside sensor type parsing.
[91m [1776446435.969527] BSON Message: [0mInside sensor type parsing end.
[91m [1776446435.969532] BSON Message: [0mInside sid parsing
[91m [1776446435.969537] BSON Message: [0mInside temp1 parsing.
[91m [1776446435.969543] Client: [0m---before writing in log upd_msg->seq_no= 119
[91m [1776446435.969547] Client: [0m---before writing in log upd_msg->type= 4
[91m [1776446435.969551] Client: [0m---before writing in log upd_msg->frag_no= 0
[91m [1776446435.969556] Client: [0m---before writing in log upd_msg->reliable= 1
[91m [1776446435.969561] Client: [0m---before writing in log upd_msg->data.sensor_type= 1
[91m [1776446435.969566] Client: [0m---before writing in log upd_msg->data.sid= temp_1
[91m [1776446435.969572] Client: [0m---after writing in log upd_msg->seq_no = 119
[91m [1776446435.969577] Client: [0m---after writing in log upd_msg->data.sensor_type = 1
[91m [1776446435.969585] Client: [0m---after writing in log upd_msg->reliable = 1
[91m [1776446436.824313] BSON Message: [0mInside sensor type parsing.
[91m [1776446436.824323] BSON Message: [0mInside sensor type parsing end.
[91m [1776446436.824327] BSON Message: [0mInside sid parsing
[91m [1776446436.824332] BSON Message: [0mInside temp1 parsing.
[91m [1776446436.824336] Client: [0m---before writing in log upd_msg->seq_no= 120
[91m [1776446436.824340] Client: [0m---before writing in log upd_msg->type= 4
[91m [1776446436.824343] Client: [0m---before writing in log upd_msg->frag_no= 0
[91m [1776446436.824346] Client: [0m---before writing in log upd_msg->reliable= 1
[91m [1776446436.824350] Client: [0m---before writing in log upd_msg->data.sensor_type= 1
[91m [1776446436.824353] Client: [0m---before writing in log upd_msg->data.sid= temp_1
[91m [1776446436.824358] Client: [0m---after writing in log upd_msg->seq_no = 120
[91m [1776446436.824362] Client: [0m---after writing in log upd_msg->data.sensor_type = 1
[91m [1776446436.824366] Client: [0m---after writing in log upd_msg->reliable = 1
[91m [1776446436.969647] BSON Message: [0mInside sensor type parsing.
[91m [1776446436.969659] BSON Message: [0mInside sensor type parsing end.
[91m [1776446436.969663] BSON Message: [0mInside sid parsing
[91m [1776446436.969668] BSON Message: [0mInside temp1 parsing.
[91m [1776446436.969672] Client: [0m---before writing in log upd_msg->seq_no= 121
[91m [1776446436.969676] Client: [0m---before writing in log upd_msg->type= 4
[91m [1776446436.969680] Client: [0m---before writing in log upd_msg->frag_no= 0
[91m [1776446436.969684] Client: [0m---before writing in log upd_msg->reliable= 1
[91m [1776446436.969687] Client: [0m---before writing in log upd_msg->data.sensor_type= 1
[91m [1776446436.969691] Client: [0m---before writing in log upd_msg->data.sid= temp_1
[91m [1776446436.969696] Client: [0m---after writing in log upd_msg->seq_no = 121
[91m [1776446436.969699] Client: [0m---after writing in log upd_msg->data.sensor_type = 1
[91m [1776446436.969706] Client: [0m---after writing in log upd_msg->reliable = 1
[91m [1776446437.691533] BSON Message: [0mInside sensor type parsing.
[91m [1776446437.691545] BSON Message: [0mInside sensor type parsing end.
[91m [1776446437.691550] BSON Message: [0mInside sid parsing
[91m [1776446437.691555] Client: [0m---before writing in log upd_msg->seq_no= 49
[91m [1776446437.691559] Client: [0m---before writing in log upd_msg->type= 4
[91m [1776446437.691563] Client: [0m---before writing in log upd_msg->frag_no= 0
[91m [1776446437.691567] Client: [0m---before writing in log upd_msg->reliable= 1
[91m [1776446437.691570] Client: [0m---before writing in log upd_msg->data.sensor_type= 2
[91m [1776446437.691574] Client: [0m---before writing in log upd_msg->data.sid= device_0
[91m [1776446437.691579] Client: [0m---after writing in log upd_msg->seq_no = 49
[91m [1776446437.691584] Client: [0m---after writing in log upd_msg->data.sensor_type = 2
[91m [1776446437.691588] Client: [0m---after writing in log upd_msg->reliable = 1
[91m [1776446437.824933] BSON Message: [0mInside sensor type parsing.
[91m [1776446437.824945] BSON Message: [0mInside sensor type parsing end.
[91m [1776446437.824951] BSON Message: [0mInside sid parsing
[91m [1776446437.824957] BSON Message: [0mInside temp1 parsing.
[91m [1776446437.824962] Client: [0m---before writing in log upd_msg->seq_no= 122
[91m [1776446437.824966] Client: [0m---before writing in log upd_msg->type= 4
[91m [1776446437.824972] Client: [0m---before writing in log upd_msg->frag_no= 0
[91m [1776446437.824976] Client: [0m---before writing in log upd_msg->reliable= 1
[91m [1776446437.824979] Client: [0m---before writing in log upd_msg->data.sensor_type= 1
[91m [1776446437.824983] Client: [0m---before writing in log upd_msg->data.sid= temp_1
[91m [1776446437.824988] Client: [0m---after writing in log upd_msg->seq_no = 122
[91m [1776446437.824991] Client: [0m---after writing in log upd_msg->data.sensor_type = 1
[91m [1776446437.824995] Client: [0m---after writing in log upd_msg->reliable = 1
[91m [1776446437.970159] BSON Message: [0mInside sensor type parsing.
[91m [1776446437.970173] BSON Message: [0mInside sensor type parsing end.
[91m [1776446437.970180] BSON Message: [0mInside sid parsing
[91m [1776446437.970188] BSON Message: [0mInside temp1 parsing.
[91m [1776446437.970195] Client: [0m---before writing in log upd_msg->seq_no= 123
[91m [1776446437.970202] Client: [0m---before writing in log upd_msg->type= 4
[91m [1776446437.970208] Client: [0m---before writing in log upd_msg->frag_no= 0
[91m [1776446437.970214] Client: [0m---before writing in log upd_msg->reliable= 1
[91m [1776446437.970220] Client: [0m---before writing in log upd_msg->data.sensor_type= 1
[91m [1776446437.970226] Client: [0m---before writing in log upd_msg->data.sid= temp_1
[91m [1776446437.970233] Client: [0m---after writing in log upd_msg->seq_no = 123
[91m [1776446437.970238] Client: [0m---after writing in log upd_msg->data.sensor_type = 1
[91m [1776446437.970245] Client: [0m---after writing in log upd_msg->reliable = 1
[91m [1776446438.825184] BSON Message: [0mInside sensor type parsing.
[91m [1776446438.825195] BSON Message: [0mInside sensor type parsing end.
[91m [1776446438.825199] BSON Message: [0mInside sid parsing
[91m [1776446438.825203] BSON Message: [0mInside temp1 parsing.
[91m [1776446438.825208] Client: [0m---before writing in log upd_msg->seq_no= 124
[91m [1776446438.825212] Client: [0m---before writing in log upd_msg->type= 4
[91m [1776446438.825218] Client: [0m---before writing in log upd_msg->frag_no= 0
[91m [1776446438.825223] Client: [0m---before writing in log upd_msg->reliable= 1
[91m [1776446438.825229] Client: [0m---before writing in log upd_msg->data.sensor_type= 1
[91m [1776446438.825233] Client: [0m---before writing in log upd_msg->data.sid= temp_1
[91m [1776446438.825237] Client: [0m---after writing in log upd_msg->seq_no = 124
[91m [1776446438.825241] Client: [0m---after writing in log upd_msg->data.sensor_type = 1
[91m [1776446438.825244] Client: [0m---after writing in log upd_msg->reliable = 1
[91m [1776446438.970446] BSON Message: [0mInside sensor type parsing.
[91m [1776446438.970457] BSON Message: [0mInside sensor type parsing end.
[91m [1776446438.970461] BSON Message: [0mInside sid parsing
[91m [1776446438.970464] BSON Message: [0mInside temp1 parsing.
[91m [1776446438.970468] Client: [0m---before writing in log upd_msg->seq_no= 125
[91m [1776446438.970472] Client: [0m---before writing in log upd_msg->type= 4
[91m [1776446438.970475] Client: [0m---before writing in log upd_msg->frag_no= 0
[91m [1776446438.970478] Client: [0m---before writing in log upd_msg->reliable= 1
[91m [1776446438.970481] Client: [0m---before writing in log upd_msg->data.sensor_type= 1
[91m [1776446438.970484] Client: [0m---before writing in log upd_msg->data.sid= temp_1
[91m [1776446438.970487] Client: [0m---after writing in log upd_msg->seq_no = 125
[91m [1776446438.970490] Client: [0m---after writing in log upd_msg->data.sensor_type = 1
[91m [1776446438.970494] Client: [0m---after writing in log upd_msg->reliable = 1
[91m [1776446439.28961] BSON Message: [0mInside sensor type parsing.
[91m [1776446439.28973] BSON Message: [0mInside sensor type parsing end.
[91m [1776446439.28978] BSON Message: [0mInside sid parsing
[91m [1776446439.28984] BSON Message: [0mInside gps1 parsing.
[91m [1776446439.28989] Client: [0m---before writing in log upd_msg->seq_no= 16
[91m [1776446439.28994] Client: [0m---before writing in log upd_msg->type= 4
[91m [1776446439.28999] Client: [0m---before writing in log upd_msg->frag_no= 0
[91m [1776446439.29004] Client: [0m---before writing in log upd_msg->reliable= 1
[91m [1776446439.29008] Client: [0m---before writing in log upd_msg->data.sensor_type= 3
[91m [1776446439.29013] Client: [0m---before writing in log upd_msg->data.sid= gps_2
[91m [1776446439.29021] Client: [0m---after writing in log upd_msg->seq_no = 16
[91m [1776446439.29026] Client: [0m---after writing in log upd_msg->data.sensor_type = 3
[91m [1776446439.29031] Client: [0m---after writing in log upd_msg->reliable = 1
[91m [1776446439.329635] BSON Message: [0mInside sensor type parsing.
[91m [1776446439.329646] BSON Message: [0mInside sensor type parsing end.
[91m [1776446439.329652] BSON Message: [0mInside sid parsing
[91m [1776446439.329659] Client: [0m---before writing in log upd_msg->seq_no= 50
[91m [1776446439.329665] Client: [0m---before writing in log upd_msg->type= 4
[91m [1776446439.329670] Client: [0m---before writing in log upd_msg->frag_no= 0
[91m [1776446439.329676] Client: [0m---before writing in log upd_msg->reliable= 1
[91m [1776446439.329681] Client: [0m---before writing in log upd_msg->data.sensor_type= 2
[91m [1776446439.329688] Client: [0m---before writing in log upd_msg->data.sid= device_0
[91m [1776446439.329696] Client: [0m---after writing in log upd_msg->seq_no = 50
[91m [1776446439.329702] Client: [0m---after writing in log upd_msg->data.sensor_type = 2
[91m [1776446439.329708] Client: [0m---after writing in log upd_msg->reliable = 1
[91m [1776446439.825279] BSON Message: [0mInside sensor type parsing.
[91m [1776446439.825289] BSON Message: [0mInside sensor type parsing end.
[91m [1776446439.825294] BSON Message: [0mInside sid parsing
[91m [1776446439.825298] BSON Message: [0mInside temp1 parsing.
[91m [1776446439.825304] Client: [0m---before writing in log upd_msg->seq_no= 126
[91m [1776446439.825308] Client: [0m---before writing in log upd_msg->type= 4
[91m [1776446439.825312] Client: [0m---before writing in log upd_msg->frag_no= 0
[91m [1776446439.825316] Client: [0m---before writing in log upd_msg->reliable= 1
[91m [1776446439.825321] Client: [0m---before writing in log upd_msg->data.sensor_type= 1
[91m [1776446439.825325] Client: [0m---before writing in log upd_msg->data.sid= temp_1
[91m [1776446439.825329] Client: [0m---after writing in log upd_msg->seq_no = 126
[91m [1776446439.825333] Client: [0m---after writing in log upd_msg->data.sensor_type = 1
[91m [1776446439.825339] Client: [0m---after writing in log upd_msg->reliable = 1
[91m [1776446439.970538] BSON Message: [0mInside sensor type parsing.
[91m [1776446439.970551] BSON Message: [0mInside sensor type parsing end.
[91m [1776446439.970557] BSON Message: [0mInside sid parsing
[91m [1776446439.970562] BSON Message: [0mInside temp1 parsing.
[91m [1776446439.970568] Client: [0m---before writing in log upd_msg->seq_no= 127
[91m [1776446439.970573] Client: [0m---before writing in log upd_msg->type= 4
[91m [1776446439.970578] Client: [0m---before writing in log upd_msg->frag_no= 0
[91m [1776446439.970582] Client: [0m---before writing in log upd_msg->reliable= 1
[91m [1776446439.970588] Client: [0m---before writing in log upd_msg->data.sensor_type= 1
[91m [1776446439.970593] Client: [0m---before writing in log upd_msg->data.sid= temp_1
[91m [1776446439.970599] Client: [0m---after writing in log upd_msg->seq_no = 127
[91m [1776446439.970603] Client: [0m---after writing in log upd_msg->data.sensor_type = 1
[91m [1776446439.970608] Client: [0m---after writing in log upd_msg->reliable = 1
[91m [1776446440.825677] BSON Message: [0mInside sensor type parsing.
[91m [1776446440.825689] BSON Message: [0mInside sensor type parsing end.
[91m [1776446440.825694] BSON Message: [0mInside sid parsing
[91m [1776446440.825698] BSON Message: [0mInside temp1 parsing.
[91m [1776446440.825704] Client: [0m---before writing in log upd_msg->seq_no= 128
[91m [1776446440.825711] Client: [0m---before writing in log upd_msg->type= 4
[91m [1776446440.825717] Client: [0m---before writing in log upd_msg->frag_no= 0
[91m [1776446440.825724] Client: [0m---before writing in log upd_msg->reliable= 1
[91m [1776446440.825730] Client: [0m---before writing in log upd_msg->data.sensor_type= 1
[91m [1776446440.825737] Client: [0m---before writing in log upd_msg->data.sid= temp_1
[91m [1776446440.825744] Client: [0m---after writing in log upd_msg->seq_no = 128
[91m [1776446440.825751] Client: [0m---after writing in log upd_msg->data.sensor_type = 1
[91m [1776446440.825757] Client: [0m---after writing in log upd_msg->reliable = 1
[91m [1776446440.971002] BSON Message: [0mInside sensor type parsing.
[91m [1776446440.971015] BSON Message: [0mInside sensor type parsing end.
[91m [1776446440.971022] BSON Message: [0mInside sid parsing
[91m [1776446440.971028] BSON Message: [0mInside temp1 parsing.
[91m [1776446440.971035] Client: [0m---before writing in log upd_msg->seq_no= 129
[91m [1776446440.971040] Client: [0m---before writing in log upd_msg->type= 4
[91m [1776446440.971046] Client: [0m---before writing in log upd_msg->frag_no= 0
[91m [1776446440.971051] Client: [0m---before writing in log upd_msg->reliable= 1
[91m [1776446440.971057] Client: [0m---before writing in log upd_msg->data.sensor_type= 1
[91m [1776446440.971063] Client: [0m---before writing in log upd_msg->data.sid= temp_1
[91m [1776446440.971070] Client: [0m---after writing in log upd_msg->seq_no = 129
[91m [1776446440.971076] Client: [0m---after writing in log upd_msg->data.sensor_type = 1
[91m [1776446440.971082] Client: [0m---after writing in log upd_msg->reliable = 1
[91m [1776446441.826142] BSON Message: [0mInside sensor type parsing.
[91m [1776446441.826159] BSON Message: [0mInside sensor type parsing end.
[91m [1776446441.826168] BSON Message: [0mInside sid parsing
[91m [1776446441.826177] BSON Message: [0mInside temp1 parsing.
[91m [1776446441.826185] Client: [0m---before writing in log upd_msg->seq_no= 130
[91m [1776446441.826193] Client: [0m---before writing in log upd_msg->type= 4
[91m [1776446441.826201] Client: [0m---before writing in log upd_msg->frag_no= 0
[91m [1776446441.826209] Client: [0m---before writing in log upd_msg->reliable= 1
[91m [1776446441.826216] Client: [0m---before writing in log upd_msg->data.sensor_type= 1
[91m [1776446441.826224] Client: [0m---before writing in log upd_msg->data.sid= temp_1
[91m [1776446441.826232] Client: [0m---after writing in log upd_msg->seq_no = 130
[91m [1776446441.826239] Client: [0m---after writing in log upd_msg->data.sensor_type = 1
[91m [1776446441.826251] Client: [0m---after writing in log upd_msg->reliable = 1
[91m [1776446441.971289] BSON Message: [0mInside sensor type parsing.
[91m [1776446441.971300] BSON Message: [0mInside sensor type parsing end.
[91m [1776446441.971306] BSON Message: [0mInside sid parsing
[91m [1776446441.971310] BSON Message: [0mInside temp1 parsing.
[91m [1776446441.971315] Client: [0m---before writing in log upd_msg->seq_no= 131
[91m [1776446441.971321] Client: [0m---before writing in log upd_msg->type= 4
[91m [1776446441.971325] Client: [0m---before writing in log upd_msg->frag_no= 0
[91m [1776446441.971331] Client: [0m---before writing in log upd_msg->reliable= 1
[91m [1776446441.971335] Client: [0m---before writing in log upd_msg->data.sensor_type= 1
[91m [1776446441.971340] Client: [0m---before writing in log upd_msg->data.sid= temp_1
[91m [1776446441.971345] Client: [0m---after writing in log upd_msg->seq_no = 131
[91m [1776446441.971349] Client: [0m---after writing in log upd_msg->data.sensor_type = 1
[91m [1776446441.971354] Client: [0m---after writing in log upd_msg->reliable = 1
[91m [1776446442.106927] BSON Message: [0mInside sensor type parsing.
[91m [1776446442.106941] BSON Message: [0mInside sensor type parsing end.
[91m [1776446442.106948] BSON Message: [0mInside sid parsing
[91m [1776446442.106955] Client: [0m---before writing in log upd_msg->seq_no= 51
[91m [1776446442.106961] Client: [0m---before writing in log upd_msg->type= 4
[91m [1776446442.106966] Client: [0m---before writing in log upd_msg->frag_no= 0
[91m [1776446442.106971] Client: [0m---before writing in log upd_msg->reliable= 1
[91m [1776446442.106977] Client: [0m---before writing in log upd_msg->data.sensor_type= 2
[91m [1776446442.106982] Client: [0m---before writing in log upd_msg->data.sid= device_0
[91m [1776446442.106989] Client: [0m---after writing in log upd_msg->seq_no = 51
[91m [1776446442.106995] Client: [0m---after writing in log upd_msg->data.sensor_type = 2
[91m [1776446442.107000] Client: [0m---after writing in log upd_msg->reliable = 1
[91m [1776446442.826358] BSON Message: [0mInside sensor type parsing.
[91m [1776446442.826369] BSON Message: [0mInside sensor type parsing end.
[91m [1776446442.826375] BSON Message: [0mInside sid parsing
[91m [1776446442.826380] BSON Message: [0mInside temp1 parsing.
[91m [1776446442.826385] Client: [0m---before writing in log upd_msg->seq_no= 132
[91m [1776446442.826390] Client: [0m---before writing in log upd_msg->type= 4
[91m [1776446442.826395] Client: [0m---before writing in log upd_msg->frag_no= 0
[91m [1776446442.826399] Client: [0m---before writing in log upd_msg->reliable= 1
[91m [1776446442.826404] Client: [0m---before writing in log upd_msg->data.sensor_type= 1
[91m [1776446442.826408] Client: [0m---before writing in log upd_msg->data.sid= temp_1
[91m [1776446442.826414] Client: [0m---after writing in log upd_msg->seq_no = 132
[91m [1776446442.826419] Client: [0m---after writing in log upd_msg->data.sensor_type = 1
[91m [1776446442.826423] Client: [0m---after writing in log upd_msg->reliable = 1
[91m [1776446442.971407] BSON Message: [0mInside sensor type parsing.
[91m [1776446442.971416] BSON Message: [0mInside sensor type parsing end.
[91m [1776446442.971422] BSON Message: [0mInside sid parsing
[91m [1776446442.971427] BSON Message: [0mInside temp1 parsing.
[91m [1776446442.971433] Client: [0m---before writing in log upd_msg->seq_no= 133
[91m [1776446442.971438] Client: [0m---before writing in log upd_msg->type= 4
[91m [1776446442.971442] Client: [0m---before writing in log upd_msg->frag_no= 0
[91m [1776446442.971446] Client: [0m---before writing in log upd_msg->reliable= 1
[91m [1776446442.971450] Client: [0m---before writing in log upd_msg->data.sensor_type= 1
[91m [1776446442.971454] Client: [0m---before writing in log upd_msg->data.sid= temp_1
[91m [1776446442.971459] Client: [0m---after writing in log upd_msg->seq_no = 133
[91m [1776446442.971464] Client: [0m---after writing in log upd_msg->data.sensor_type = 1
[91m [1776446442.971471] Client: [0m---after writing in log upd_msg->reliable = 1
[91m [1776446443.812874] BSON Message: [0mInside sensor type parsing.
[91m [1776446443.812881] BSON Message: [0mInside sensor type parsing end.
[91m [1776446443.812887] BSON Message: [0mInside sid parsing
[91m [1776446443.812891] BSON Message: [0mInside gps1 parsing.
[91m [1776446443.812896] Client: [0m---before writing in log upd_msg->seq_no= 17
[91m [1776446443.812900] Client: [0m---before writing in log upd_msg->type= 4
[91m [1776446443.812904] Client: [0m---before writing in log upd_msg->frag_no= 0
[91m [1776446443.812908] Client: [0m---before writing in log upd_msg->reliable= 1
[91m [1776446443.812913] Client: [0m---before writing in log upd_msg->data.sensor_type= 3
[91m [1776446443.812926] Client: [0m---before writing in log upd_msg->data.sid= gps_2
[91m [1776446443.812932] Client: [0m---after writing in log upd_msg->seq_no = 17
[91m [1776446443.812936] Client: [0m---after writing in log upd_msg->data.sensor_type = 3
[91m [1776446443.812940] Client: [0m---after writing in log upd_msg->reliable = 1
[91m [1776446443.826415] BSON Message: [0mInside sensor type parsing.
[91m [1776446443.826422] BSON Message: [0mInside sensor type parsing end.
[91m [1776446443.826426] BSON Message: [0mInside sid parsing
[91m [1776446443.826429] BSON Message: [0mInside temp1 parsing.
[91m [1776446443.826434] Client: [0m---before writing in log upd_msg->seq_no= 134
[91m [1776446443.826438] Client: [0m---before writing in log upd_msg->type= 4
[91m [1776446443.826442] Client: [0m---before writing in log upd_msg->frag_no= 0
[91m [1776446443.826447] Client: [0m---before writing in log upd_msg->reliable= 0
[91m [1776446443.826451] Client: [0m---before writing in log upd_msg->data.sensor_type= 1
[91m [1776446443.826454] Client: [0m---before writing in log upd_msg->data.sid= temp_1
[91m [1776446443.826459] Client: [0m---after writing in log upd_msg->seq_no = 134
[91m [1776446443.826463] Client: [0m---after writing in log upd_msg->data.sensor_type = 1
[91m [1776446443.826467] Client: [0m---after writing in log upd_msg->reliable = 0
[91m [1776446443.972031] BSON Message: [0mInside sensor type parsing.
[91m [1776446443.972039] BSON Message: [0mInside sensor type parsing end.
[91m [1776446443.972044] BSON Message: [0mInside sid parsing
[91m [1776446443.972048] BSON Message: [0mInside temp1 parsing.
[91m [1776446443.972053] Client: [0m---before writing in log upd_msg->seq_no= 135
[91m [1776446443.972058] Client: [0m---before writing in log upd_msg->type= 4
[91m [1776446443.972061] Client: [0m---before writing in log upd_msg->frag_no= 0
[91m [1776446443.972065] Client: [0m---before writing in log upd_msg->reliable= 1
[91m [1776446443.972069] Client: [0m---before writing in log upd_msg->data.sensor_type= 1
[91m [1776446443.972073] Client: [0m---before writing in log upd_msg->data.sid= temp_1
[91m [1776446443.972078] Client: [0m---after writing in log upd_msg->seq_no = 135
[91m [1776446443.972082] Client: [0m---after writing in log upd_msg->data.sensor_type = 1
[91m [1776446443.972086] Client: [0m---after writing in log upd_msg->reliable = 1
[91m [1776446444.149417] BSON Message: [0mInside sensor type parsing.
[91m [1776446444.149431] BSON Message: [0mInside sensor type parsing end.
[91m [1776446444.149436] BSON Message: [0mInside sid parsing
[91m [1776446444.149443] Client: [0m---before writing in log upd_msg->seq_no= 52
[91m [1776446444.149448] Client: [0m---before writing in log upd_msg->type= 4
[91m [1776446444.149452] Client: [0m---before writing in log upd_msg->frag_no= 0
[91m [1776446444.149457] Client: [0m---before writing in log upd_msg->reliable= 1
[91m [1776446444.149462] Client: [0m---before writing in log upd_msg->data.sensor_type= 2
[91m [1776446444.149467] Client: [0m---before writing in log upd_msg->data.sid= device_0
[91m [1776446444.149473] Client: [0m---after writing in log upd_msg->seq_no = 52
[91m [1776446444.149477] Client: [0m---after writing in log upd_msg->data.sensor_type = 2
[91m [1776446444.149485] Client: [0m---after writing in log upd_msg->reliable = 1
[91m [1776446444.826880] BSON Message: [0mInside sensor type parsing.
[91m [1776446444.826894] BSON Message: [0mInside sensor type parsing end.
[91m [1776446444.826900] BSON Message: [0mInside sid parsing
[91m [1776446444.826905] BSON Message: [0mInside temp1 parsing.
[91m [1776446444.826910] Client: [0m---before writing in log upd_msg->seq_no= 136
[91m [1776446444.826926] Client: [0m---before writing in log upd_msg->type= 4
[91m [1776446444.826934] Client: [0m---before writing in log upd_msg->frag_no= 0
[91m [1776446444.826941] Client: [0m---before writing in log upd_msg->reliable= 1
[91m [1776446444.826946] Client: [0m---before writing in log upd_msg->data.sensor_type= 1
[91m [1776446444.826952] Client: [0m---before writing in log upd_msg->data.sid= temp_1
[91m [1776446444.826959] Client: [0m---after writing in log upd_msg->seq_no = 136
[91m [1776446444.826965] Client: [0m---after writing in log upd_msg->data.sensor_type = 1
[91m [1776446444.826971] Client: [0m---after writing in log upd_msg->reliable = 1
[91m [1776446444.972237] BSON Message: [0mInside sensor type parsing.
[91m [1776446444.972249] BSON Message: [0mInside sensor type parsing end.
[91m [1776446444.972255] BSON Message: [0mInside sid parsing
[91m [1776446444.972261] BSON Message: [0mInside temp1 parsing.
[91m [1776446444.972268] Client: [0m---before writing in log upd_msg->seq_no= 137
[91m [1776446444.972274] Client: [0m---before writing in log upd_msg->type= 4
[91m [1776446444.972279] Client: [0m---before writing in log upd_msg->frag_no= 0
[91m [1776446444.972285] Client: [0m---before writing in log upd_msg->reliable= 1
[91m [1776446444.972290] Client: [0m---before writing in log upd_msg->data.sensor_type= 1
[91m [1776446444.972296] Client: [0m---before writing in log upd_msg->data.sid= temp_1
[91m [1776446444.972302] Client: [0m---after writing in log upd_msg->seq_no = 137
[91m [1776446444.972308] Client: [0m---after writing in log upd_msg->data.sensor_type = 1
[91m [1776446444.972314] Client: [0m---after writing in log upd_msg->reliable = 1
[91m [1776446445.607545] BSON Message: [0mInside sensor type parsing.
[91m [1776446445.607557] BSON Message: [0mInside sensor type parsing end.
[91m [1776446445.607563] BSON Message: [0mInside sid parsing
[91m [1776446445.607570] Client: [0m---before writing in log upd_msg->seq_no= 53
[91m [1776446445.607575] Client: [0m---before writing in log upd_msg->type= 4
[91m [1776446445.607581] Client: [0m---before writing in log upd_msg->frag_no= 0
[91m [1776446445.607586] Client: [0m---before writing in log upd_msg->reliable= 1
[91m [1776446445.607591] Client: [0m---before writing in log upd_msg->data.sensor_type= 2
[91m [1776446445.607597] Client: [0m---before writing in log upd_msg->data.sid= device_0
[91m [1776446445.607603] Client: [0m---after writing in log upd_msg->seq_no = 53
[91m [1776446445.607608] Client: [0m---after writing in log upd_msg->data.sensor_type = 2
[91m [1776446445.607613] Client: [0m---after writing in log upd_msg->reliable = 1
[91m [1776446445.738087] BSON Message: [0mInside sensor type parsing.
[91m [1776446445.738100] BSON Message: [0mInside sensor type parsing end.
[91m [1776446445.738106] BSON Message: [0mInside sid parsing
Got a message from the server.
Message type is 4
---------Update message arrived------------ 1
Got a message from the server.
Message type is 4
---------Update message arrived------------ 1
Got a message from the server.
Message type is 4
---------Update message arrived------------ 1
Got a message from the server.
Message type is 4
---------Update message arrived------------ 1
Got a message from the server.
Message type is 4
---------Update message arrived------------ 1
Got a message from the server.
Message type is 4
---------Update message arrived------------ 1
Got a message from the server.
Message type is 4
---------Update message arrived------------ 1
Got a message from the server.
Message type is 4
---------Update message arrived------------ 1
Got a message from the server.
Message type is 4
---------Update message arrived------------ 1
Got a message from the server.
Message type is 4
---------Update message arrived------------ 1
Got a message from the server.
Message type is 4
---------Update message arrived------------ 1
Got a message from the server.
Message type is 4
---------Update message arrived------------ 1
Got a message from the server.
Message type is 4
---------Update message arrived------------ 1
Got a message from the server.
Message type is 4
---------Update message arrived------------ 1
Got a message from the server.
Message type is 4
---------Update message arrived------------ 1
Got a message from the server.
Message type is 4
---------Update message arrived------------ 1
Got a message from the server.
Message type is 4
---------Update message arrived------------ 1
Got a message from the server.
Message type is 4
---------Update message arrived------------ 1
Got a message from the server.
Message type is 4
---------Update message arrived------------ 1
Got a message from the server.
Message type is 4
---------Update message arrived------------ 1
Got a message from the server.
Message type is 4
---------Update message arrived------------ 1
Got a message from the server.
Message type is 4
---------Update message arrived------------ 1
Got a message from the server.
Message type is 4
---------Update message arrived------------ 1
Got a message from the server.
Message type is 4
---------Update message arrived------------ 1
Got a message from the server.
Message type is 4
---------Update message arrived------------ 1
Got a message from the server.
Message type is 4
---------Update message arrived------------ 1
Got a message from the server.
Message type is 4
---------Update message arrived------------ 1
Got a message from the server.
Message type is 4
---------Update message arrived------------ 1
Got a message from the server.
Message type is 4
---------Update message arrived------------ 1
Got a message from the server.
Message type is 4
---------Update message arrived------------ 1
Got a message from the server.
Message type is 4
---------Update message arrived------------ 1
Got a message from the server.
Message type is 4
---------Update message arrived------------ 1
Got a message from the server.
Message type is 4
---------Update message arrived------------ 1
Got a message from the server.
Message type is 4
---------Update message arrived------------ 1
Got a message from the server.
Message type is 4
---------Update message arrived------------ 1
Got a message from the server.
Message type is 4
---------Update message arrived------------ 1
Got a message from the server.
Message type is 4
---------Update message arrived------------ 1
Got a message from the server.
Message type is 4
---------Update message arrived------------ 1
Got a message from the server.
Message type is 4
---------Update message arrived------------ 1
Got a message from the server.
Message type is 4
---------Update message arrived------------ 1
Got a message from the server.
Message type is 4
---------Update message arrived------------ 1
Got a message from the server.
Message type is 4
---------Update message arrived------------ 1
Got a message from the server.
Message type is 4
---------Update message arrived------------ 1
Got a messa[91m [1776446445.738121] Client: [0m---before writing in log upd_msg->seq_no= 54
[91m [1776446445.738127] Client: [0m---before writing in log upd_msg->type= 4
[91m [1776446445.738133] Client: [0m---before writing in log upd_msg->frag_no= 0
[91m [1776446445.738138] Client: [0m---before writing in log upd_msg->reliable= 1
[91m [1776446445.738144] Client: [0m---before writing in log upd_msg->data.sensor_type= 2
[91m [1776446445.738149] Client: [0m---before writing in log upd_msg->data.sid= device_0
[91m [1776446445.738155] Client: [0m---after writing in log upd_msg->seq_no = 54
[91m [1776446445.738161] Client: [0m---after writing in log upd_msg->data.sensor_type = 2
[91m [1776446445.738170] Client: [0m---after writing in log upd_msg->reliable = 1
[91m [1776446445.827294] BSON Message: [0mInside sensor type parsing.
[91m [1776446445.827305] BSON Message: [0mInside sensor type parsing end.
[91m [1776446445.827310] BSON Message: [0mInside sid parsing
[91m [1776446445.827315] BSON Message: [0mInside temp1 parsing.
[91m [1776446445.827320] Client: [0m---before writing in log upd_msg->seq_no= 138
[91m [1776446445.827325] Client: [0m---before writing in log upd_msg->type= 4
[91m [1776446445.827330] Client: [0m---before writing in log upd_msg->frag_no= 0
[91m [1776446445.827334] Client: [0m---before writing in log upd_msg->reliable= 1
[91m [1776446445.827339] Client: [0m---before writing in log upd_msg->data.sensor_type= 1
[91m [1776446445.827343] Client: [0m---before writing in log upd_msg->data.sid= temp_1
[91m [1776446445.827348] Client: [0m---after writing in log upd_msg->seq_no = 138
[91m [1776446445.827353] Client: [0m---after writing in log upd_msg->data.sensor_type = 1
[91m [1776446445.827357] Client: [0m---after writing in log upd_msg->reliable = 1
[91m [1776446445.972126] BSON Message: [0mInside sensor type parsing.
[91m [1776446445.972135] BSON Message: [0mInside sensor type parsing end.
[91m [1776446445.972139] BSON Message: [0mInside sid parsing
[91m [1776446445.972144] BSON Message: [0mInside temp1 parsing.
[91m [1776446445.972149] Client: [0m---before writing in log upd_msg->seq_no= 139
[91m [1776446445.972153] Client: [0m---before writing in log upd_msg->type= 4
[91m [1776446445.972156] Client: [0m---before writing in log upd_msg->frag_no= 0
[91m [1776446445.972160] Client: [0m---before writing in log upd_msg->reliable= 1
[91m [1776446445.972165] Client: [0m---before writing in log upd_msg->data.sensor_type= 1
[91m [1776446445.972169] Client: [0m---before writing in log upd_msg->data.sid= temp_1
[91m [1776446445.972175] Client: [0m---after writing in log upd_msg->seq_no = 139
[91m [1776446445.972178] Client: [0m---after writing in log upd_msg->data.sensor_type = 1
[91m [1776446445.972182] Client: [0m---after writing in log upd_msg->reliable = 1
[91m [1776446446.827354] BSON Message: [0mInside sensor type parsing.
[91m [1776446446.827365] BSON Message: [0mInside sensor type parsing end.
[91m [1776446446.827370] BSON Message: [0mInside sid parsing
[91m [1776446446.827375] BSON Message: [0mInside temp1 parsing.
[91m [1776446446.827379] Client: [0m---before writing in log upd_msg->seq_no= 140
[91m [1776446446.827384] Client: [0m---before writing in log upd_msg->type= 4
[91m [1776446446.827389] Client: [0m---before writing in log upd_msg->frag_no= 0
[91m [1776446446.827393] Client: [0m---before writing in log upd_msg->reliable= 1
[91m [1776446446.827397] Client: [0m---before writing in log upd_msg->data.sensor_type= 1
[91m [1776446446.827400] Client: [0m---before writing in log upd_msg->data.sid= temp_1
[91m [1776446446.827403] Client: [0m---after writing in log upd_msg->seq_no = 140
[91m [1776446446.827407] Client: [0m---after writing in log upd_msg->data.sensor_type = 1
[91m [1776446446.827410] Client: [0m---after writing in log upd_msg->reliable = 1
[91m [1776446446.972466] BSON Message: [0mInside sensor type parsing.
[91m [1776446446.972475] BSON Message: [0mInside sensor type parsing end.
[91m [1776446446.972480] BSON Message: [0mInside sid parsing
[91m [1776446446.972484] BSON Message: [0mInside temp1 parsing.
[91m [1776446446.972489] Client: [0m---before writing in log upd_msg->seq_no= 141
[91m [1776446446.972494] Client: [0m---before writing in log upd_msg->type= 4
[91m [1776446446.972498] Client: [0m---before writing in log upd_msg->frag_no= 0
[91m [1776446446.972502] Client: [0m---before writing in log upd_msg->reliable= 1
[91m [1776446446.972506] Client: [0m---before writing in log upd_msg->data.sensor_type= 1
[91m [1776446446.972510] Client: [0m---before writing in log upd_msg->data.sid= temp_1
[91m [1776446446.972514] Client: [0m---after writing in log upd_msg->seq_no = 141
[91m [1776446446.972523] Client: [0m---after writing in log upd_msg->data.sensor_type = 1
[91m [1776446446.972527] Client: [0m---after writing in log upd_msg->reliable = 1
[91m [1776446447.827426] BSON Message: [0mInside sensor type parsing.
[91m [1776446447.827437] BSON Message: [0mInside sensor type parsing end.
[91m [1776446447.827442] BSON Message: [0mInside sid parsing
[91m [1776446447.827447] BSON Message: [0mInside temp1 parsing.
[91m [1776446447.827452] Client: [0m---before writing in log upd_msg->seq_no= 142
[91m [1776446447.827457] Client: [0m---before writing in log upd_msg->type= 4
[91m [1776446447.827462] Client: [0m---before writing in log upd_msg->frag_no= 0
[91m [1776446447.827467] Client: [0m---before writing in log upd_msg->reliable= 1
[91m [1776446447.827471] Client: [0m---before writing in log upd_msg->data.sensor_type= 1
[91m [1776446447.827476] Client: [0m---before writing in log upd_msg->data.sid= temp_1
[91m [1776446447.827481] Client: [0m---after writing in log upd_msg->seq_no = 142
[91m [1776446447.827485] Client: [0m---after writing in log upd_msg->data.sensor_type = 1
[91m [1776446447.827490] Client: [0m---after writing in log upd_msg->reliable = 1
[91m [1776446447.973017] BSON Message: [0mInside sensor type parsing.
[91m [1776446447.973030] BSON Message: [0mInside sensor type parsing end.
[91m [1776446447.973037] BSON Message: [0mInside sid parsing
[91m [1776446447.973043] BSON Message: [0mInside temp1 parsing.
[91m [1776446447.973050] Client: [0m---before writing in log upd_msg->seq_no= 143
[91m [1776446447.973055] Client: [0m---before writing in log upd_msg->type= 4
[91m [1776446447.973061] Client: [0m---before writing in log upd_msg->frag_no= 0
[91m [1776446447.973066] Client: [0m---before writing in log upd_msg->reliable= 1
[91m [1776446447.973072] Client: [0m---before writing in log upd_msg->data.sensor_type= 1
[91m [1776446447.973077] Client: [0m---before writing in log upd_msg->data.sid= temp_1
[91m [1776446447.973084] Client: [0m---after writing in log upd_msg->seq_no = 143
[91m [1776446447.973089] Client: [0m---after writing in log upd_msg->data.sensor_type = 1
[91m [1776446447.973095] Client: [0m---after writing in log upd_msg->reliable = 1
[91m [1776446448.730251] BSON Message: [0mInside sensor type parsing.
[91m [1776446448.730264] BSON Message: [0mInside sensor type parsing end.
[91m [1776446448.730270] BSON Message: [0mInside sid parsing
[91m [1776446448.730276] Client: [0m---before writing in log upd_msg->seq_no= 55
[91m [1776446448.730282] Client: [0m---before writing in log upd_msg->type= 4
[91m [1776446448.730287] Client: [0m---before writing in log upd_msg->frag_no= 0
[91m [1776446448.730293] Client: [0m---before writing in log upd_msg->reliable= 1
[91m [1776446448.730298] Client: [0m---before writing in log upd_msg->data.sensor_type= 2
[91m [1776446448.730321] Client: [0m---before writing in log upd_msg->data.sid= device_0
[91m [1776446448.730336] Client: [0m---after writing in log upd_msg->seq_no = 55
[91m [1776446448.730347] Client: [0m---after writing in log upd_msg->data.sensor_type = 2
[91m [1776446448.730351] Client: [0m---after writing in log upd_msg->reliable = 1
[91m [1776446448.827750] BSON Message: [0mInside sensor type parsing.
[91m [1776446448.827758] BSON Message: [0mInside sensor type parsing end.
[91m [1776446448.827762] BSON Message: [0mInside sid parsing
[91m [1776446448.827767] BSON Message: [0mInside temp1 parsing.
[91m [1776446448.827771] Client: [0m---before writing in log upd_msg->seq_no= 144
[91m [1776446448.827776] Client: [0m---before writing in log upd_msg->type= 4
[91m [1776446448.827780] Client: [0m---before writing in log upd_msg->frag_no= 0
[91m [1776446448.827784] Client: [0m---before writing in log upd_msg->reliable= 1
[91m [1776446448.827788] Client: [0m---before writing in log upd_msg->data.sensor_type= 1
[91m [1776446448.827792] Client: [0m---before writing in log upd_msg->data.sid= temp_1
[91m [1776446448.827800] Client: [0m---after writing in log upd_msg->seq_no = 144
[91m [1776446448.827805] Client: [0m---after writing in log upd_msg->data.sensor_type = 1
[91m [1776446448.827810] Client: [0m---after writing in log upd_msg->reliable = 1
[91m [1776446448.834275] BSON Message: [0mInside sensor type parsing.
[91m [1776446448.834284] BSON Message: [0mInside sensor type parsing end.
[91m [1776446448.834288] BSON Message: [0mInside sid parsing
[91m [1776446448.834293] Client: [0m---before writing in log upd_msg->seq_no= 56
[91m [1776446448.834297] Client: [0m---before writing in log upd_msg->type= 4
[91m [1776446448.834301] Client: [0m---before writing in log upd_msg->frag_no= 0
[91m [1776446448.834305] Client: [0m---before writing in log upd_msg->reliable= 1
[91m [1776446448.834309] Client: [0m---before writing in log upd_msg->data.sensor_type= 2
[91m [1776446448.834316] Client: [0m---before writing in log upd_msg->data.sid= device_0
[91m [1776446448.834320] Client: [0m---after writing in log upd_msg->seq_no = 56
[91m [1776446448.834325] Client: [0m---after writing in log upd_msg->data.sensor_type = 2
[91m [1776446448.834330] Client: [0m---after writing in log upd_msg->reliable = 1
[91m [1776446448.973203] BSON Message: [0mInside sensor type parsing.
[91m [1776446448.973215] BSON Message: [0mInside sensor type parsing end.
[91m [1776446448.973220] BSON Message: [0mInside sid parsing
[91m [1776446448.973225] BSON Message: [0mInside temp1 parsing.
[91m [1776446448.973230] Client: [0m---before writing in log upd_msg->seq_no= 145
[91m [1776446448.973235] Client: [0m---before writing in log upd_msg->type= 4
[91m [1776446448.973239] Client: [0m---before writing in log upd_msg->frag_no= 0
[91m [1776446448.973243] Client: [0m---before writing in log upd_msg->reliable= 1
[91m [1776446448.973248] Client: [0m---before writing in log upd_msg->data.sensor_type= 1
[91m [1776446448.973253] Client: [0m---before writing in log upd_msg->data.sid= temp_1
[91m [1776446448.973258] Client: [0m---after writing in log upd_msg->seq_no = 145
[91m [1776446448.973262] Client: [0m---after writing in log upd_msg->data.sensor_type = 1
[91m [1776446448.973266] Client: [0m---after writing in log upd_msg->reliable = 1
[91m [1776446449.828049] BSON Message: [0mInside sensor type parsing.
[91m [1776446449.828061] BSON Message: [0mInside sensor type parsing end.
[91m [1776446449.828066] BSON Message: [0mInside sid parsing
[91m [1776446449.828071] BSON Message: [0mInside temp1 parsing.
[91m [1776446449.828076] Client: [0m---before writing in log upd_msg->seq_no= 146
[91m [1776446449.828081] Client: [0m---before writing in log upd_msg->type= 4
[91m [1776446449.828085] Client: [0m---before writing in log upd_msg->frag_no= 0
[91m [1776446449.828089] Client: [0m---before writing in log upd_msg->reliable= 1
[91m [1776446449.828093] Client: [0m---before writing in log upd_msg->data.sensor_type= 1
[91m [1776446449.828097] Client: [0m---before writing in log upd_msg->data.sid= temp_1
[91m [1776446449.828102] Client: [0m---after writing in log upd_msg->seq_no = 146
[91m [1776446449.828106] Client: [0m---after writing in log upd_msg->data.sensor_type = 1
[91m [1776446449.828110] Client: [0m---after writing in log upd_msg->reliable = 1
[91m [1776446449.892470] BSON Message: [0mInside sensor type parsing.
[91m [1776446449.892482] BSON Message: [0mInside sensor type parsing end.
[91m [1776446449.892488] BSON Message: [0mInside sid parsing
[91m [1776446449.892493] Client: [0m---before writing in log upd_msg->seq_no= 57
[91m [1776446449.892497] Client: [0m---before writing in log upd_msg->type= 4
[91m [1776446449.892501] Client: [0m---before writing in log upd_msg->frag_no= 0
[91m [1776446449.892506] Client: [0m---before writing in log upd_msg->reliable= 1
[91m [1776446449.892511] Client: [0m---before writing in log upd_msg->data.sensor_type= 2
[91m [1776446449.892516] Client: [0m---before writing in log upd_msg->data.sid= device_0
[91m [1776446449.892521] Client: [0m---after writing in log upd_msg->seq_no = 57
[91m [1776446449.892531] Client: [0m---after writing in log upd_msg->data.sensor_type = 2
[91m [1776446449.892535] Client: [0m---after writing in log upd_msg->reliable = 1
[91m [1776446449.973323] BSON Message: [0mInside sensor type parsing.
[91m [1776446449.973333] BSON Message: [0mInside sensor type parsing end.
[91m [1776446449.973338] BSON Message: [0mInside sid parsing
[91m [1776446449.973344] BSON Message: [0mInside temp1 parsing.
[91m [1776446449.973351] Client: [0m---before writing in log upd_msg->seq_no= 147
[91m [1776446449.973357] Client: [0m---before writing in log upd_msg->type= 4
[91m [1776446449.973362] Client: [0m---before writing in log upd_msg->frag_no= 0
[91m [1776446449.973367] Client: [0m---before writing in log upd_msg->reliable= 1
[91m [1776446449.973372] Client: [0m---before writing in log upd_msg->data.sensor_type= 1
[91m [1776446449.973377] Client: [0m---before writing in log upd_msg->data.sid= temp_1
[91m [1776446449.973383] Client: [0m---after writing in log upd_msg->seq_no = 147
[91m [1776446449.973388] Client: [0m---after writing in log upd_msg->data.sensor_type = 1
[91m [1776446449.973393] Client: [0m---after writing in log upd_msg->reliable = 1
[91m [1776446450.828540] BSON Message: [0mInside sensor type parsing.
[91m [1776446450.828552] BSON Message: [0mInside sensor type parsing end.
[91m [1776446450.828560] BSON Message: [0mInside sid parsing
[91m [1776446450.828566] BSON Message: [0mInside temp1 parsing.
[91m [1776446450.828572] Client: [0m---before writing in log upd_msg->seq_no= 148
[91m [1776446450.828578] Client: [0m---before writing in log upd_msg->type= 4
[91m [1776446450.828584] Client: [0m---before writing in log upd_msg->frag_no= 0
[91m [1776446450.828589] Client: [0m---before writing in log upd_msg->reliable= 1
[91m [1776446450.828595] Client: [0m---before writing in log upd_msg->data.sensor_type= 1
[91m [1776446450.828600] Client: [0m---before writing in log upd_msg->data.sid= temp_1
[91m [1776446450.828606] Client: [0m---after writing in log upd_msg->seq_no = 148
[91m [1776446450.828612] Client: [0m---after writing in log upd_msg->data.sensor_type = 1
[91m [1776446450.828618] Client: [0m---after writing in log upd_msg->reliable = 1
[91m [1776446450.973742] BSON Message: [0mInside sensor type parsing.
[91m [1776446450.973755] BSON Message: [0mInside sensor type parsing end.
[91m [1776446450.973761] BSON Message: [0mInside sid parsing
[91m [1776446450.973766] BSON Message: [0mInside temp1 parsing.
[91m [1776446450.973771] Client: [0m---before writing in log upd_msg->seq_no= 149
[91m [1776446450.973776] Client: [0m---before writing in log upd_msg->type= 4
[91m [1776446450.973781] Client: [0m---before writing in log upd_msg->frag_no= 0
[91m [1776446450.973785] Client: [0m---before writing in log upd_msg->reliable= 1
[91m [1776446450.973790] Client: [0m---before writing in log upd_msg->data.sensor_type= 1
[91m [1776446450.973794] Client: [0m---before writing in log upd_msg->data.sid= temp_1
[91m [1776446450.973800] Client: [0m---after writing in log upd_msg->seq_no = 149
[91m [1776446450.973805] Client: [0m---after writing in log upd_msg->data.sensor_type = 1
[91m [1776446450.973810] Client: [0m---after writing in log upd_msg->reliable = 1
[91m [1776446451.695364] BSON Message: [0mInside sensor type parsing.
[91m [1776446451.695374] BSON Message: [0mInside sensor type parsing end.
[91m [1776446451.695379] BSON Message: [0mInside sid parsing
[91m [1776446451.695385] Client: [0m---before writing in log upd_msg->seq_no= 58
[91m [1776446451.695390] Client: [0m---before writing in log upd_msg->type= 4
[91m [1776446451.695413] Client: [0m---before writing in log upd_msg->frag_no= 0
[91m [1776446451.695418] Client: [0m---before writing in log upd_msg->reliable= 1
[91m [1776446451.695421] Client: [0m---before writing in log upd_msg->data.sensor_type= 2
[91m [1776446451.695425] Client: [0m---before writing in log upd_msg->data.sid= device_0
[91m [1776446451.695434] Client: [0m---after writing in log upd_msg->seq_no = 58
[91m [1776446451.695438] Client: [0m---after writing in log upd_msg->data.sensor_type = 2
[91m [1776446451.695442] Client: [0m---after writing in log upd_msg->reliable = 1
[91m [1776446451.828722] BSON Message: [0mInside sensor type parsing.
[91m [1776446451.828733] BSON Message: [0mInside sensor type parsing end.
[91m [1776446451.828738] BSON Message: [0mInside sid parsing
[91m [1776446451.828747] BSON Message: [0mInside temp1 parsing.
[91m [1776446451.828753] Client: [0m---before writing in log upd_msg->seq_no= 150
[91m [1776446451.828758] Client: [0m---before writing in log upd_msg->type= 4
[91m [1776446451.828763] Client: [0m---before writing in log upd_msg->frag_no= 0
[91m [1776446451.828767] Client: [0m---before writing in log upd_msg->reliable= 1
[91m [1776446451.828772] Client: [0m---before writing in log upd_msg->data.sensor_type= 1
[91m [1776446451.828776] Client: [0m---before writing in log upd_msg->data.sid= temp_1
[91m [1776446451.828782] Client: [0m---after writing in log upd_msg->seq_no = 150
[91m [1776446451.828786] Client: [0m---after writing in log upd_msg->data.sensor_type = 1
[91m [1776446451.828790] Client: [0m---after writing in log upd_msg->reliable = 1
[91m [1776446451.974218] BSON Message: [0mInside sensor type parsing.
[91m [1776446451.974226] BSON Message: [0mInside sensor type parsing end.
[91m [1776446451.974230] BSON Message: [0mInside sid parsing
[91m [1776446451.974234] BSON Message: [0mInside temp1 parsing.
[91m [1776446451.974239] Client: [0m---before writing in log upd_msg->seq_no= 151
[91m [1776446451.974243] Client: [0m---before writing in log upd_msg->type= 4
[91m [1776446451.974247] Client: [0m---before writing in log upd_msg->frag_no= 0
[91m [1776446451.974251] Client: [0m---before writing in log upd_msg->reliable= 1
[91m [1776446451.974255] Client: [0m---before writing in log upd_msg->data.sensor_type= 1
[91m [1776446451.974260] Client: [0m---before writing in log upd_msg->data.sid= temp_1
[91m [1776446451.974265] Client: [0m---after writing in log upd_msg->seq_no = 151
[91m [1776446451.974269] Client: [0m---after writing in log upd_msg->data.sensor_type = 1
[91m [1776446451.974272] Client: [0m---after writing in log upd_msg->reliable = 1
[91m [1776446452.828888] BSON Message: [0mInside sensor type parsing.
[91m [1776446452.828900] BSON Message: [0mInside sensor type parsing end.
[91m [1776446452.828904] BSON Message: [0mInside sid parsing
[91m [1776446452.828909] BSON Message: [0mInside temp1 parsing.
[91m [1776446452.828914] Client: [0m---before writing in log upd_msg->seq_no= 152
[91m [1776446452.828927] Client: [0m---before writing in log upd_msg->type= 4
[91m [1776446452.828932] Client: [0m---before writing in log upd_msg->frag_no= 0
[91m [1776446452.828935] Client: [0m---before writing in log upd_msg->reliable= 1
[91m [1776446452.828939] Client: [0m---before writing in log upd_msg->data.sensor_type= 1
[91m [1776446452.828944] Client: [0m---before writing in log upd_msg->data.sid= temp_1
[91m [1776446452.828949] Client: [0m---after writing in log upd_msg->seq_no = 152
[91m [1776446452.828953] Client: [0m---after writing in log upd_msg->data.sensor_type = 1
[91m [1776446452.828957] Client: [0m---after writing in log upd_msg->reliable = 1
[91m [1776446452.974193] BSON Message: [0mInside sensor type parsing.
[91m [1776446452.974203] BSON Message: [0mInside sensor type parsing end.
[91m [1776446452.974207] BSON Message: [0mInside sid parsing
[91m [1776446452.974211] BSON Message: [0mInside temp1 parsing.
[91m [1776446452.974216] Client: [0m---before writing in log upd_msg->seq_no= 153
[91m [1776446452.974221] Client: [0m---before writing in log upd_msg->type= 4
[91m [1776446452.974225] Client: [0m---before writing in log upd_msg->frag_no= 0
[91m [1776446452.974229] Client: [0m---before writing in log upd_msg->reliable= 1
[91m [1776446452.974234] Client: [0m---before writing in log upd_msg->data.sensor_type= 1
[91m [1776446452.974243] Client: [0m---before writing in log upd_msg->data.sid= temp_1
[91m [1776446452.974249] Client: [0m---after writing in log upd_msg->seq_no = 153
[91m [1776446452.974253] Client: [0m---after writing in log upd_msg->data.sensor_type = 1
[91m [1776446452.974256] Client: [0m---after writing in log upd_msg->reliable = 1
[91m [1776446453.677395] BSON Message: [0mInside sensor type parsing.
[91m [1776446453.677405] BSON Message: [0mInside sensor type parsing end.
[91m [1776446453.677410] BSON Message: [0mInside sid parsing
[91m [1776446453.677416] Client: [0m---before writing in log upd_msg->seq_no= 59
[91m [1776446453.677421] Client: [0m---before writing in log upd_msg->type= 4
[91m [1776446453.677426] Client: [0m---before writing in log upd_msg->frag_no= 0
[91m [1776446453.677431] Client: [0m---before writing in log upd_msg->reliable= 1
[91m [1776446453.677436] Client: [0m---before writing in log upd_msg->data.sensor_type= 2
[91m [1776446453.677441] Client: [0m---before writing in log upd_msg->data.sid= device_0
[91m [1776446453.677446] Client: [0m---after writing in log upd_msg->seq_no = 59
[91m [1776446453.677453] Client: [0m---after writing in log upd_msg->data.sensor_type = 2
[91m [1776446453.677458] Client: [0m---after writing in log upd_msg->reliable = 1
[91m [1776446453.829417] BSON Message: [0mInside sensor type parsing.
[91m [1776446453.829434] BSON Message: [0mInside sensor type parsing end.
[91m [1776446453.829441] BSON Message: [0mInside sid parsing
[91m [1776446453.829448] BSON Message: [0mInside temp1 parsing.
[91m [1776446453.829455] Client: [0m---before writing in log upd_msg->seq_no= 154
[91m [1776446453.829462] Client: [0m---before writing in log upd_msg->type= 4
[91m [1776446453.829467] Client: [0m---before writing in log upd_msg->frag_no= 0
[91m [1776446453.829473] Client: [0m---before writing in log upd_msg->reliable= 1
[91m [1776446453.829479] Client: [0m---before writing in log upd_msg->data.sensor_type= 1
[91m [1776446453.829485] Client: [0m---before writing in log upd_msg->data.sid= temp_1
[91m [1776446453.829492] Client: [0m---after writing in log upd_msg->seq_no = 154
[91m [1776446453.829498] Client: [0m---after writing in log upd_msg->data.sensor_type = 1
[91m [1776446453.829504] Client: [0m---after writing in log upd_msg->reliable = 1
[91m [1776446453.974425] BSON Message: [0mInside sensor type parsing.
[91m [1776446453.974437] BSON Message: [0mInside sensor type parsing end.
[91m [1776446453.974442] BSON Message: [0mInside sid parsing
[91m [1776446453.974447] BSON Message: [0mInside temp1 parsing.
[91m [1776446453.974453] Client: [0m---before writing in log upd_msg->seq_no= 155
[91m [1776446453.974458] Client: [0m---before writing in log upd_msg->type= 4
[91m [1776446453.974463] Client: [0m---before writing in log upd_msg->frag_no= 0
[91m [1776446453.974468] Client: [0m---before writing in log upd_msg->reliable= 1
[91m [1776446453.974473] Client: [0m---before writing in log upd_msg->data.sensor_type= 1
[91m [1776446453.974478] Client: [0m---before writing in log upd_msg->data.sid= temp_1
[91m [1776446453.974483] Client: [0m---after writing in log upd_msg->seq_no = 155
[91m [1776446453.974487] Client: [0m---after writing in log upd_msg->data.sensor_type = 1
[91m [1776446453.974492] Client: [0m---after writing in log upd_msg->reliable = 1
[91m [1776446454.326849] BSON Message: [0mInside sensor type parsing.
[91m [1776446454.326860] BSON Message: [0mInside sensor type parsing end.
[91m [1776446454.326865] BSON Message: [0mInside sid parsing
[91m [1776446454.326870] BSON Message: [0mInside gps1 parsing.
[91m [1776446454.326877] Client: [0m---before writing in log upd_msg->seq_no= 18
[91m [1776446454.326883] Client: [0m---before writing in log upd_msg->type= 4
[91m [1776446454.326889] Client: [0m---before writing in log upd_msg->frag_no= 0
[91m [1776446454.326892] Client: [0m---before writing in log upd_msg->reliable= 1
[91m [1776446454.326896] Client: [0m---before writing in log upd_msg->data.sensor_type= 3
[91m [1776446454.326906] Client: [0m---before writing in log upd_msg->data.sid= gps_2
[91m [1776446454.326912] Client: [0m---after writing in log upd_msg->seq_no = 18
[91m [1776446454.326934] Client: [0m---after writing in log upd_msg->data.sensor_type = 3
[91m [1776446454.326940] Client: [0m---after writing in log upd_msg->reliable = 1
[91m [1776446454.626371] BSON Message: [0mInside sensor type parsing.
[91m [1776446454.626382] BSON Message: [0mInside sensor type parsing end.
[91m [1776446454.626388] BSON Message: [0mInside sid parsing
[91m [1776446454.626394] Client: [0m---before writing in log upd_msg->seq_no= 60
[91m [1776446454.626397] Client: [0m---before writing in log upd_msg->type= 4
[91m [1776446454.626401] Client: [0m---before writing in log upd_msg->frag_no= 0
[91m [1776446454.626405] Client: [0m---before writing in log upd_msg->reliable= 1
[91m [1776446454.626409] Client: [0m---before writing in log upd_msg->data.sensor_type= 2
[91m [1776446454.626414] Client: [0m---before writing in log upd_msg->data.sid= device_0
[91m [1776446454.626420] Client: [0m---after writing in log upd_msg->seq_no = 60
[91m [1776446454.626425] Client: [0m---after writing in log upd_msg->data.sensor_type = 2
[91m [1776446454.626429] Client: [0m---after writing in log upd_msg->reliable = 1
[91m [1776446454.829523] BSON Message: [0mInside sensor type parsing.
[91m [1776446454.829530] BSON Message: [0mInside sensor type parsing end.
[91m [1776446454.829534] BSON Message: [0mInside sid parsing
[91m [1776446454.829539] BSON Message: [0mInside temp1 parsing.
[91m [1776446454.829543] Client: [0m---before writing in log upd_msg->seq_no= 156
[91m [1776446454.829546] Client: [0m---before writing in log upd_msg->type= 4
[91m [1776446454.829549] Client: [0m---before writing in log upd_msg->frag_no= 0
[91m [1776446454.829553] Client: [0m---before writing in log upd_msg->reliable= 1
[91m [1776446454.829557] Client: [0m---before writing in log upd_msg->data.sensor_type= 1
[91m [1776446454.829560] Client: [0m---before writing in log upd_msg->data.sid= temp_1
[91m [1776446454.829565] Client: [0m---after writing in log upd_msg->seq_no = 156
[91m [1776446454.829569] Client: [0m---after writing in log upd_msg->data.sensor_type = 1
[91m [1776446454.829574] Client: [0m---after writing in log upd_msg->reliable = 1
[91m [1776446454.974830] BSON Message: [0mInside sensor type parsing.
[91m [1776446454.974839] BSON Message: [0mInside sensor type parsing end.
[91m [1776446454.974843] BSON Message: [0mInside sid parsing
[91m [1776446454.974847] BSON Message: [0mInside temp1 parsing.
[91m [1776446454.974852] Client: [0m---before writing in log upd_msg->seq_no= 157
[91m [1776446454.974856] Client: [0m---before writing in log upd_msg->type= 4
[91m [1776446454.974860] Client: [0m---before writing in log upd_msg->frag_no= 0
[91m [1776446454.974865] Client: [0m---before writing in log upd_msg->reliable= 1
[91m [1776446454.974870] Client: [0m---before writing in log upd_msg->data.sensor_type= 1
[91m [1776446454.974875] Client: [0m---before writing in log upd_msg->data.sid= temp_1
[91m [1776446454.974881] Client: [0m---after writing in log upd_msg->seq_no = 157
[91m [1776446454.974886] Client: [0m---after writing in log upd_msg->data.sensor_type = 1
[91m [1776446454.974891] Client: [0m---after writing in log upd_msg->reliable = 1
[91m [1776446455.274731] BSON Message: [0mInside sensor type parsing.
[91m [1776446455.274740] BSON Message: [0mInside sensor type parsing end.
[91m [1776446455.274747] BSON Message: [0mInside sid parsing
[91m [1776446455.274752] Client: [0m---before writing in log upd_msg->seq_no= 61
[91m [1776446455.274756] Client: [0m---before writing in log upd_msg->type= 4
[91m [1776446455.274760] Client: [0m---before writing in log upd_msg->frag_no= 0
[91m [1776446455.274764] Client: [0m---before writing in log upd_msg->reliable= 1
[91m [1776446455.274768] Client: [0m---before writing in log upd_msg->data.sensor_type= 2
[91m [1776446455.274776] Client: [0m---before writing in log upd_msg->data.sid= device_0
[91m [1776446455.274781] Client: [0m---after writing in log upd_msg->seq_no = 61
[91m [1776446455.274785] Client: [0m---after writing in log upd_msg->data.sensor_type = 2
[91m [1776446455.274789] Client: [0m---after writing in log upd_msg->reliable = 1
[91m [1776446455.829980] BSON Message: [0mInside sensor type parsing.
[91m [1776446455.829991] BSON Message: [0mInside sensor type parsing end.
[91m [1776446455.829996] BSON Message: [0mInside sid parsing
[91m [1776446455.830000] BSON Message: [0mInside temp1 parsing.
[91m [1776446455.830005] Client: [0m---before writing in log upd_msg->seq_no= 158
[91m [1776446455.830009] Client: [0m---before writing in log upd_msg->type= 4
[91m [1776446455.830013] Client: [0m---before writing in log upd_msg->frag_no= 0
[91m [1776446455.830017] Client: [0m---before writing in log upd_msg->reliable= 1
[91m [1776446455.830021] Client: [0m---before writing in log upd_msg->data.sensor_type= 1
[91m [1776446455.830025] Client: [0m---before writing in log upd_msg->data.sid= temp_1
[91m [1776446455.830030] Client: [0m---after writing in log upd_msg->seq_no = 158
[91m [1776446455.830034] Client: [0m---after writing in log upd_msg->data.sensor_type = 1
[91m [1776446455.830038] Client: [0m---after writing in log upd_msg->reliable = 1
[91m [1776446455.975326] BSON Message: [0mInside sensor type parsing.
[91m [1776446455.975339] BSON Message: [0mInside sensor type parsing end.
[91m [1776446455.975344] BSON Message: [0mInside sid parsing
[91m [1776446455.975350] BSON Message: [0mInside gps1 parsing.
[91m [1776446455.975357] Client: [0m---before writing in log upd_msg->seq_no= 19
[91m [1776446455.975362] Client: [0m---before writing in log upd_msg->type= 4
[91m [1776446455.975368] Client: [0m---before writing in log upd_msg->frag_no= 0
[91m [1776446455.975373] Client: [0m---before writing in log upd_msg->reliable= 1
[91m [1776446455.975377] Client: [0m---before writing in log upd_msg->data.sensor_type= 3
[91m [1776446455.975382] Client: [0m---before writing in log upd_msg->data.sid= gps_2
[91m [1776446455.975390] Client: [0m---after writing in log upd_msg->seq_no = 19
[91m [1776446455.975395] Client: [0m---after writing in log upd_msg->data.sensor_type = 3
[91m [1776446455.975400] Client: [0m---after writing in log upd_msg->reliable = 1
[91m [1776446455.980806] BSON Message: [0mInside sensor type parsing.
[91m [1776446455.980821] BSON Message: [0mInside sensor type parsing end.
[91m [1776446455.980826] BSON Message: [0mInside sid parsing
[91m [1776446455.980831] BSON Message: [0mInside temp1 parsing.
[91m [1776446455.980836] Client: [0m---before writing in log upd_msg->seq_no= 159
[91m [1776446455.980841] Client: [0m---before writing in log upd_msg->type= 4
[91m [1776446455.980845] Client: [0m---before writing in log upd_msg->frag_no= 0
[91m [1776446455.980849] Client: [0m---before writing in log upd_msg->reliable= 1
[91m [1776446455.980854] Client: [0m---before writing in log upd_msg->data.sensor_type= 1
[91m [1776446455.980859] Client: [0m---before writing in log upd_msg->data.sid= temp_1
[91m [1776446455.980864] Client: [0m---after writing in log upd_msg->seq_no = 159
[91m [1776446455.980868] Client: [0m---after writing in log upd_msg->data.sensor_type = 1
[91m [1776446455.980873] Client: [0m---after writing in log upd_msg->reliable = 1
[91m [1776446456.209055] BSON Message: [0mInside sensor type parsing.
[91m [1776446456.209066] BSON Message: [0mInside sensor type parsing end.
[91m [1776446456.209069] BSON Message: [0mInside sid parsing
[91m [1776446456.209074] Client: [0m---before writing in log upd_msg->seq_no= 62
[91m [1776446456.209077] Client: [0m---before writing in log upd_msg->type= 4
[91m [1776446456.209082] Client: [0m---before writing in log upd_msg->frag_no= 0
[91m [1776446456.209086] Client: [0m---before writing in log upd_msg->reliable= 1
[91m [1776446456.209090] Client: [0m---before writing in log upd_msg->data.sensor_type= 2
[91m [1776446456.209098] Client: [0m---before writing in log upd_msg->data.sid= device_0
[91m [1776446456.209103] Client: [0m---after writing in log upd_msg->seq_no = 62
[91m [1776446456.209107] Client: [0m---after writing in log upd_msg->data.sensor_type = 2
[91m [1776446456.209111] Client: [0m---after writing in log upd_msg->reliable = 1
[91m [1776446456.830344] BSON Message: [0mInside sensor type parsing.
[91m [1776446456.830362] BSON Message: [0mInside sensor type parsing end.
[91m [1776446456.830370] BSON Message: [0mInside sid parsing
[91m [1776446456.830378] BSON Message: [0mInside temp1 parsing.
[91m [1776446456.830387] Client: [0m---before writing in log upd_msg->seq_no= 160
[91m [1776446456.830395] Client: [0m---before writing in log upd_msg->type= 4
[91m [1776446456.830403] Client: [0m---before writing in log upd_msg->frag_no= 0
[91m [1776446456.830412] Client: [0m---before writing in log upd_msg->reliable= 1
[91m [1776446456.830419] Client: [0m---before writing in log upd_msg->data.sensor_type= 1
[91m [1776446456.830427] Client: [0m---before writing in log upd_msg->data.sid= temp_1
[91m [1776446456.830435] Client: [0m---after writing in log upd_msg->seq_no = 160
[91m [1776446456.830442] Client: [0m---after writing in log upd_msg->data.sensor_type = 1
[91m [1776446456.830450] Client: [0m---after writing in log upd_msg->reliable = 1
[91m [1776446456.975406] BSON Message: [0mInside sensor type parsing.
[91m [1776446456.975417] BSON Message: [0mInside sensor type parsing end.
[91m [1776446456.975422] BSON Message: [0mInside sid parsing
[91m [1776446456.975427] BSON Message: [0mInside temp1 parsing.
[91m [1776446456.975432] Client: [0m---before writing in log upd_msg->seq_no= 161
[91m [1776446456.975438] Client: [0m---before writing in log upd_msg->type= 4
[91m [1776446456.975469] Client: [0m---before writing in log upd_msg->frag_no= 0
[91m [1776446456.975475] Client: [0m---before writing in log upd_msg->reliable= 1
[91m [1776446456.975480] Client: [0m---before writing in log upd_msg->data.sensor_type= 1
[91m [1776446456.975484] Client: [0m---before writing in log upd_msg->data.sid= temp_1
[91m [1776446456.975490] Client: [0m---after writing in log upd_msg->seq_no = 161
[91m [1776446456.975494] Client: [0m---after writing in log upd_msg->data.sensor_type = 1
[91m [1776446456.975499] Client: [0m---after writing in log upd_msg->reliable = 1
[91m [1776446457.830327] BSON Message: [0mInside sensor type parsing.
[91m [1776446457.830338] BSON Message: [0mInside sensor type parsing end.
[91m [1776446457.830342] BSON Message: [0mInside sid parsing
[91m [1776446457.830347] BSON Message: [0mInside temp1 parsing.
[91m [1776446457.830352] Client: [0m---before writing in log upd_msg->seq_no= 162
[91m [1776446457.830357] Client: [0m---before writing in log upd_msg->type= 4
[91m [1776446457.830361] Client: [0m---before writing in log upd_msg->frag_no= 0
[91m [1776446457.830365] Client: [0m---before writing in log upd_msg->reliable= 1
[91m [1776446457.830370] Client: [0m---before writing in log upd_msg->data.sensor_type= 1
[91m [1776446457.830374] Client: [0m---before writing in log upd_msg->data.sid= temp_1
[91m [1776446457.830380] Client: [0m---after writing in log upd_msg->seq_no = 162
[91m [1776446457.830384] Client: [0m---after writing in log upd_msg->data.sensor_type = 1
[91m [1776446457.830389] Client: [0m---after writing in log upd_msg->reliable = 1
[91m [1776446457.975559] BSON Message: [0mInside sensor type parsing.
[91m [1776446457.975571] BSON Message: [0mInside sensor type parsing end.
[91m [1776446457.975577] BSON Message: [0mInside sid parsing
[91m [1776446457.975582] BSON Message: [0mInside temp1 parsing.
[91m [1776446457.975588] Client: [0m---before writing in log upd_msg->seq_no= 163
[91m [1776446457.975592] Client: [0m---before writing in log upd_msg->type= 4
[91m [1776446457.975597] Client: [0m---before writing in log upd_msg->frag_no= 0
[91m [1776446457.975602] Client: [0m---before writing in log upd_msg->reliable= 1
[91m [1776446457.975611] Client: [0m---before writing in log upd_msg->data.sensor_type= 1
[91m [1776446457.975615] Client: [0m---before writing in log upd_msg->data.sid= temp_1
[91m [1776446457.975621] Client: [0m---after writing in log upd_msg->seq_no = 163
[91m [1776446457.975626] Client: [0m---after writing in log upd_msg->data.sensor_type = 1
[91m [1776446457.975630] Client: [0m---after writing in log upd_msg->reliable = 1
[91m [1776446458.166484] BSON Message: [0mInside sensor type parsing.
[91m [1776446458.166496] BSON Message: [0mInside sensor type parsing end.
[91m [1776446458.166502] BSON Message: [0mInside sid parsing
[91m [1776446458.166507] Client: [0m---before writing in log upd_msg->seq_no= 63
[91m [1776446458.166512] Client: [0m---before writing in log upd_msg->type= 4
[91m [1776446458.166517] Client: [0m---before writing in log upd_msg->frag_no= 0
[91m [1776446458.166522] Client: [0m---before writing in log upd_msg->reliable= 1
[91m [1776446458.166526] Client: [0m---before writing in log upd_msg->data.sensor_type= 2
[91m [1776446458.166531] Client: [0m---before writing in log upd_msg->data.sid= device_0
[91m [1776446458.166536] Client: [0m---after writing in log upd_msg->seq_no = 63
[91m [1776446458.166541] Client: [0m---after writing in log upd_msg->data.sensor_type = 2
[91m [1776446458.166545] Client: [0m---after writing in log upd_msg->reliable = 1
[91m [1776446458.196767] BSON Message: [0mInside sensor type parsing.
[91m [1776446458.196778] BSON Message: [0mInside sensor type parsing end.
[91m [1776446458.196784] BSON Message: [0mInside sid parsing
[91m [1776446458.196790] Client: [0m---before writing in log upd_msg->seq_no= 64
[91m [1776446458.196795] Client: [0m---before writing in log upd_msg->type= 4
[91m [1776446458.196799] Client: [0m---before writing in log upd_msg->frag_no= 0
[91m [1776446458.196803] Client: [0m---before writing in log upd_msg->reliable= 1
[91m [1776446458.196808] Client: [0m---before writing in log upd_msg->data.sensor_type= 2
[91m [1776446458.196813] Client: [0m---before writing in log upd_msg->data.sid= device_0
[91m [1776446458.196818] Client: [0m---after writing in log upd_msg->seq_no = 64
[91m [1776446458.196822] Client: [0m---after writing in log upd_msg->data.sensor_type = 2
[91m [1776446458.196826] Client: [0m---after writing in log upd_msg->reliable = 1
[91m [1776446458.832872] BSON Message: [0mInside sensor type parsing.
[91m [1776446458.832881] BSON Message: [0mInside sensor type parsing end.
[91m [1776446458.832885] BSON Message: [0mInside sid parsing
[91m [1776446458.832889] BSON Message: [0mInside temp1 parsing.
[91m [1776446458.832894] Client: [0m---before writing in log upd_msg->seq_no= 164
[91m [1776446458.832897] Client: [0m---before writing in log upd_msg->type= 4
[91m [1776446458.832900] Client: [0m---before writing in log upd_msg->frag_no= 0
[91m [1776446458.832903] Client: [0m---before writing in log upd_msg->reliable= 1
[91m [1776446458.832906] Client: [0m---before writing in log upd_msg->data.sensor_type= 1
[91m [1776446458.832909] Client: [0m---before writing in log upd_msg->data.sid= temp_1
[91m [1776446458.832977] Client: [0m---after writing in log upd_msg->seq_no = 164
[91m [1776446458.832983] Client: [0m---after writing in log upd_msg->data.sensor_type = 1
[91m [1776446458.832987] Client: [0m---after writing in log upd_msg->reliable = 1
[91m [1776446458.976128] BSON Message: [0mInside sensor type parsing.
[91m [1776446458.976140] BSON Message: [0mInside sensor type parsing end.
[91m [1776446458.976145] BSON Message: [0mInside sid parsing
[91m [1776446458.976150] BSON Message: [0mInside temp1 parsing.
[91m [1776446458.976155] Client: [0m---before writing in log upd_msg->seq_no= 165
[91m [1776446458.976160] Client: [0m---before writing in log upd_msg->type= 4
[91m [1776446458.976165] Client: [0m---before writing in log upd_msg->frag_no= 0
[91m [1776446458.976168] Client: [0m---before writing in log upd_msg->reliable= 1
[91m [1776446458.976177] Client: [0m---before writing in log upd_msg->data.sensor_type= 1
[91m [1776446458.976181] Client: [0m---before writing in log upd_msg->data.sid= temp_1
[91m [1776446458.976186] Client: [0m---after writing in log upd_msg->seq_no = 165
[91m [1776446458.976190] Client: [0m---after writing in log upd_msg->data.sensor_type = 1
[91m [1776446458.976193] Client: [0m---after writing in log upd_msg->reliable = 1
[91m [1776446459.831153] BSON Message: [0mInside sensor type parsing.
[91m [1776446459.831167] BSON Message: [0mInside sensor type parsing end.
[91m [1776446459.831173] BSON Message: [0mInside sid parsing
[91m [1776446459.831178] BSON Message: [0mInside temp1 parsing.
[91m [1776446459.831184] Client: [0m---before writing in log upd_msg->seq_no= 166
[91m [1776446459.831189] Client: [0m---before writing in log upd_msg->type= 4
[91m [1776446459.831194] Client: [0m---before writing in log upd_msg->frag_no= 0
[91m [1776446459.831198] Client: [0m---before writing in log upd_msg->reliable= 1
[91m [1776446459.831202] Client: [0m---before writing in log upd_msg->data.sensor_type= 1
[91m [1776446459.831207] Client: [0m---before writing in log upd_msg->data.sid= temp_1
[91m [1776446459.831228] Client: [0m---after writing in log upd_msg->seq_no = 166
[91m [1776446459.831234] Client: [0m---after writing in log upd_msg->data.sensor_type = 1
[91m [1776446459.831241] Client: [0m---after writing in log upd_msg->reliable = 1
[91m [1776446459.976230] BSON Message: [0mInside sensor type parsing.
[91m [1776446459.976241] BSON Message: [0mInside sensor type parsing end.
[91m [1776446459.976246] BSON Message: [0mInside sid parsing
[91m [1776446459.976252] BSON Message: [0mInside temp1 parsing.
[91m [1776446459.976258] Client: [0m---before writing in log upd_msg->seq_no= 167
[91m [1776446459.976263] Client: [0m---before writing in log upd_msg->type= 4
[91m [1776446459.976268] Client: [0m---before writing in log upd_msg->frag_no= 0
[91m [1776446459.976273] Client: [0m---before writing in log upd_msg->reliable= 1
[91m [1776446459.976278] Client: [0m---before writing in log upd_msg->data.sensor_type= 1
[91m [1776446459.976283] Client: [0m---before writing in log upd_msg->data.sid= temp_1
[91m [1776446459.976289] Client: [0m---after writing in log upd_msg->seq_no = 167
[91m [1776446459.976294] Client: [0m---after writing in log upd_msg->data.sensor_type = 1
[91m [1776446459.976298] Client: [0m---after writing in log upd_msg->reliable = 1
[91m [1776446460.831249] BSON Message: [0mInside sensor type parsing.
[91m [1776446460.831261] BSON Message: [0mInside sensor type parsing end.
[91m [1776446460.831266] BSON Message: [0mInside sid parsing
[91m [1776446460.831271] BSON Message: [0mInside temp1 parsing.
ge from the server.
Message type is 4
---------Update message arrived------------ 1
Got a message from the server.
Message type is 4
---------Update message arrived------------ 1
Got a message from the server.
Message type is 4
---------Update message arrived------------ 1
Got a message from the server.
Message type is 4
---------Update message arrived------------ 1
Got a message from the server.
Message type is 4
---------Update message arrived------------ 1
Got a message from the server.
Message type is 4
---------Update message arrived------------ 1
Got a message from the server.
Message type is 4
---------Update message arrived------------ 1
Got a message from the server.
Message type is 4
---------Update message arrived------------ 1
Got a message from the server.
Message type is 4
---------Update message arrived------------ 1
Got a message from the server.
Message type is 4
---------Update message arrived------------ 1
Got a message from the server.
Message type is 4
---------Update message arrived------------ 1
Got a message from the server.
Message type is 4
---------Update message arrived------------ 1
Got a message from the server.
Message type is 4
---------Update message arrived------------ 1
Got a message from the server.
Message type is 4
---------Update message arrived------------ 1
Got a message from the server.
Message type is 4
---------Update message arrived------------ 1
Got a message from the server.
Message type is 4
---------Update message arrived------------ 1
Got a message from the server.
Message type is 4
---------Update message arrived------------ 1
Got a message from the server.
Message type is 4
---------Update message arrived------------ 1
Got a message from the server.
Message type is 4
---------Update message arrived------------ 1
Got a message from the server.
Message type is 4
---------Update message arrived------------ 1
Got a message from the server.
Message type is 4
---------Update message arrived------------ 1
Got a message from the server.
Message type is 4
---------Update message arrived------------ 1
Got a message from the server.
Message type is 4
---------Update message arrived------------ 1
Got a message from the server.
Message type is 4
---------Update message arrived------------ 1
Got a message from the server.
Message type is 4
---------Update message arrived------------ 1
Got a message from the server.
Message type is 4
---------Update message arrived------------ 1
Got a message from the server.
Message type is 4
---------Update message arrived------------ 1
Got a message from the server.
Message type is 4
---------Update message arrived------------ 1
Got a message from the server.
Message type is 4
---------Update message arrived------------ 1
Got a message from the server.
Message type is 4
---------Update message arrived------------ 1
Got a message from the server.
Message type is 4
---------Update message arrived------------ 1
Got a message from the server.
Message type is 4
---------Update message arrived------------ 1
Got a message from the server.
Message type is 4
---------Update message arrived------------ 1
Got a message from the server.
Message type is 4
---------Update message arrived------------ 1
Got a message from the server.
Message type is 4
---------Update message arrived------------ 1
Got a message from the server.
Message type is 4
---------Update message arrived------------ 1
Got a message from the server.
Message type is 4
---------Update message arrived------------ 1
Got a message from the server.
Message type is 4
---------Update message arrived------------ 1
Got a message from the server.
Message type is 4
---------Update message arrived------------ 1
Got a message from the server.
Message type is 4
---------Update message arrived------------ 1
Got a message from the server.
Message type is 4
---------Update message arrived------------ 1
Got a message from the server.
Message type is 4
---------Update message arrived------------ 1
Got a message from the server.
Message type is 4
---------Update message arrived------------ 1
Got a message from the[91m [1776446460.831284] Client: [0m---before writing in log upd_msg->seq_no= 168
[91m [1776446460.831289] Client: [0m---before writing in log upd_msg->type= 4
[91m [1776446460.831293] Client: [0m---before writing in log upd_msg->frag_no= 0
[91m [1776446460.831298] Client: [0m---before writing in log upd_msg->reliable= 1
[91m [1776446460.831303] Client: [0m---before writing in log upd_msg->data.sensor_type= 1
[91m [1776446460.831307] Client: [0m---before writing in log upd_msg->data.sid= temp_1
[91m [1776446460.831313] Client: [0m---after writing in log upd_msg->seq_no = 168
[91m [1776446460.831317] Client: [0m---after writing in log upd_msg->data.sensor_type = 1
[91m [1776446460.831322] Client: [0m---after writing in log upd_msg->reliable = 1
[91m [1776446460.976518] BSON Message: [0mInside sensor type parsing.
[91m [1776446460.976530] BSON Message: [0mInside sensor type parsing end.
[91m [1776446460.976535] BSON Message: [0mInside sid parsing
[91m [1776446460.976539] BSON Message: [0mInside temp1 parsing.
[91m [1776446460.976544] Client: [0m---before writing in log upd_msg->seq_no= 169
[91m [1776446460.976548] Client: [0m---before writing in log upd_msg->type= 4
[91m [1776446460.976552] Client: [0m---before writing in log upd_msg->frag_no= 0
[91m [1776446460.976558] Client: [0m---before writing in log upd_msg->reliable= 1
[91m [1776446460.976562] Client: [0m---before writing in log upd_msg->data.sensor_type= 1
[91m [1776446460.976566] Client: [0m---before writing in log upd_msg->data.sid= temp_1
[91m [1776446460.976571] Client: [0m---after writing in log upd_msg->seq_no = 169
[91m [1776446460.976575] Client: [0m---after writing in log upd_msg->data.sensor_type = 1
[91m [1776446460.976579] Client: [0m---after writing in log upd_msg->reliable = 1
[91m [1776446461.46959] BSON Message: [0mInside sensor type parsing.
[91m [1776446461.46968] BSON Message: [0mInside sensor type parsing end.
[91m [1776446461.46972] BSON Message: [0mInside sid parsing
[91m [1776446461.46976] Client: [0m---before writing in log upd_msg->seq_no= 65
[91m [1776446461.46979] Client: [0m---before writing in log upd_msg->type= 4
[91m [1776446461.46982] Client: [0m---before writing in log upd_msg->frag_no= 0
[91m [1776446461.46985] Client: [0m---before writing in log upd_msg->reliable= 1
[91m [1776446461.46988] Client: [0m---before writing in log upd_msg->data.sensor_type= 2
[91m [1776446461.46992] Client: [0m---before writing in log upd_msg->data.sid= device_0
[91m [1776446461.46996] Client: [0m---after writing in log upd_msg->seq_no = 65
[91m [1776446461.46999] Client: [0m---after writing in log upd_msg->data.sensor_type = 2
[91m [1776446461.47002] Client: [0m---after writing in log upd_msg->reliable = 1
[91m [1776446461.831614] BSON Message: [0mInside sensor type parsing.
[91m [1776446461.831626] BSON Message: [0mInside sensor type parsing end.
[91m [1776446461.831632] BSON Message: [0mInside sid parsing
[91m [1776446461.831637] BSON Message: [0mInside temp1 parsing.
[91m [1776446461.831645] Client: [0m---before writing in log upd_msg->seq_no= 170
[91m [1776446461.831650] Client: [0m---before writing in log upd_msg->type= 4
[91m [1776446461.831654] Client: [0m---before writing in log upd_msg->frag_no= 0
[91m [1776446461.831659] Client: [0m---before writing in log upd_msg->reliable= 1
[91m [1776446461.831664] Client: [0m---before writing in log upd_msg->data.sensor_type= 1
[91m [1776446461.831668] Client: [0m---before writing in log upd_msg->data.sid= temp_1
[91m [1776446461.831674] Client: [0m---after writing in log upd_msg->seq_no = 170
[91m [1776446461.831678] Client: [0m---after writing in log upd_msg->data.sensor_type = 1
[91m [1776446461.831682] Client: [0m---after writing in log upd_msg->reliable = 1
[91m [1776446461.841520] BSON Message: [0mInside sensor type parsing.
[91m [1776446461.841528] BSON Message: [0mInside sensor type parsing end.
[91m [1776446461.841533] BSON Message: [0mInside sid parsing
[91m [1776446461.841538] Client: [0m---before writing in log upd_msg->seq_no= 66
[91m [1776446461.841542] Client: [0m---before writing in log upd_msg->type= 4
[91m [1776446461.841546] Client: [0m---before writing in log upd_msg->frag_no= 0
[91m [1776446461.841550] Client: [0m---before writing in log upd_msg->reliable= 1
[91m [1776446461.841554] Client: [0m---before writing in log upd_msg->data.sensor_type= 2
[91m [1776446461.841558] Client: [0m---before writing in log upd_msg->data.sid= device_0
[91m [1776446461.841563] Client: [0m---after writing in log upd_msg->seq_no = 66
[91m [1776446461.841566] Client: [0m---after writing in log upd_msg->data.sensor_type = 2
[91m [1776446461.841570] Client: [0m---after writing in log upd_msg->reliable = 1
[91m [1776446461.976599] BSON Message: [0mInside sensor type parsing.
[91m [1776446461.976609] BSON Message: [0mInside sensor type parsing end.
[91m [1776446461.976613] BSON Message: [0mInside sid parsing
[91m [1776446461.976617] BSON Message: [0mInside temp1 parsing.
[91m [1776446461.976621] Client: [0m---before writing in log upd_msg->seq_no= 171
[91m [1776446461.976624] Client: [0m---before writing in log upd_msg->type= 4
[91m [1776446461.976627] Client: [0m---before writing in log upd_msg->frag_no= 0
[91m [1776446461.976634] Client: [0m---before writing in log upd_msg->reliable= 1
[91m [1776446461.976637] Client: [0m---before writing in log upd_msg->data.sensor_type= 1
[91m [1776446461.976640] Client: [0m---before writing in log upd_msg->data.sid= temp_1
[91m [1776446461.976644] Client: [0m---after writing in log upd_msg->seq_no = 171
[91m [1776446461.976647] Client: [0m---after writing in log upd_msg->data.sensor_type = 1
[91m [1776446461.976651] Client: [0m---after writing in log upd_msg->reliable = 1
[91m [1776446462.832374] BSON Message: [0mInside sensor type parsing.
[91m [1776446462.832387] BSON Message: [0mInside sensor type parsing end.
[91m [1776446462.832392] BSON Message: [0mInside sid parsing
[91m [1776446462.832396] BSON Message: [0mInside temp1 parsing.
[91m [1776446462.832402] Client: [0m---before writing in log upd_msg->seq_no= 172
[91m [1776446462.832407] Client: [0m---before writing in log upd_msg->type= 4
[91m [1776446462.832411] Client: [0m---before writing in log upd_msg->frag_no= 0
[91m [1776446462.832416] Client: [0m---before writing in log upd_msg->reliable= 1
[91m [1776446462.832420] Client: [0m---before writing in log upd_msg->data.sensor_type= 1
[91m [1776446462.832425] Client: [0m---before writing in log upd_msg->data.sid= temp_1
[91m [1776446462.832430] Client: [0m---after writing in log upd_msg->seq_no = 172
[91m [1776446462.832434] Client: [0m---after writing in log upd_msg->data.sensor_type = 1
[91m [1776446462.832439] Client: [0m---after writing in log upd_msg->reliable = 1
[91m [1776446462.976913] BSON Message: [0mInside sensor type parsing.
[91m [1776446462.976935] BSON Message: [0mInside sensor type parsing end.
[91m [1776446462.976942] BSON Message: [0mInside sid parsing
[91m [1776446462.976949] BSON Message: [0mInside temp1 parsing.
[91m [1776446462.976956] Client: [0m---before writing in log upd_msg->seq_no= 173
[91m [1776446462.976962] Client: [0m---before writing in log upd_msg->type= 4
[91m [1776446462.976968] Client: [0m---before writing in log upd_msg->frag_no= 0
[91m [1776446462.976974] Client: [0m---before writing in log upd_msg->reliable= 1
[91m [1776446462.976980] Client: [0m---before writing in log upd_msg->data.sensor_type= 1
[91m [1776446462.976985] Client: [0m---before writing in log upd_msg->data.sid= temp_1
[91m [1776446462.976992] Client: [0m---after writing in log upd_msg->seq_no = 173
[91m [1776446462.976997] Client: [0m---after writing in log upd_msg->data.sensor_type = 1
[91m [1776446462.977003] Client: [0m---after writing in log upd_msg->reliable = 1
[91m [1776446463.657688] BSON Message: [0mInside sensor type parsing.
[91m [1776446463.657701] BSON Message: [0mInside sensor type parsing end.
[91m [1776446463.657707] BSON Message: [0mInside sid parsing
[91m [1776446463.657713] Client: [0m---before writing in log upd_msg->seq_no= 67
[91m [1776446463.657719] Client: [0m---before writing in log upd_msg->type= 4
[91m [1776446463.657725] Client: [0m---before writing in log upd_msg->frag_no= 0
[91m [1776446463.657730] Client: [0m---before writing in log upd_msg->reliable= 1
[91m [1776446463.657735] Client: [0m---before writing in log upd_msg->data.sensor_type= 2
[91m [1776446463.657740] Client: [0m---before writing in log upd_msg->data.sid= device_0
[91m [1776446463.657747] Client: [0m---after writing in log upd_msg->seq_no = 67
[91m [1776446463.657753] Client: [0m---after writing in log upd_msg->data.sensor_type = 2
[91m [1776446463.657758] Client: [0m---after writing in log upd_msg->reliable = 1
[91m [1776446463.832082] BSON Message: [0mInside sensor type parsing.
[91m [1776446463.832091] BSON Message: [0mInside sensor type parsing end.
[91m [1776446463.832095] BSON Message: [0mInside sid parsing
[91m [1776446463.832098] BSON Message: [0mInside temp1 parsing.
[91m [1776446463.832102] Client: [0m---before writing in log upd_msg->seq_no= 174
[91m [1776446463.832105] Client: [0m---before writing in log upd_msg->type= 4
[91m [1776446463.832108] Client: [0m---before writing in log upd_msg->frag_no= 0
[91m [1776446463.832115] Client: [0m---before writing in log upd_msg->reliable= 1
[91m [1776446463.832118] Client: [0m---before writing in log upd_msg->data.sensor_type= 1
[91m [1776446463.832121] Client: [0m---before writing in log upd_msg->data.sid= temp_1
[91m [1776446463.832124] Client: [0m---after writing in log upd_msg->seq_no = 174
[91m [1776446463.832129] Client: [0m---after writing in log upd_msg->data.sensor_type = 1
[91m [1776446463.832134] Client: [0m---after writing in log upd_msg->reliable = 1
[91m [1776446463.972267] BSON Message: [0mInside sensor type parsing.
[91m [1776446463.972280] BSON Message: [0mInside sensor type parsing end.
[91m [1776446463.972286] BSON Message: [0mInside sid parsing
[91m [1776446463.972291] Client: [0m---before writing in log upd_msg->seq_no= 68
[91m [1776446463.972296] Client: [0m---before writing in log upd_msg->type= 4
[91m [1776446463.972300] Client: [0m---before writing in log upd_msg->frag_no= 0
[91m [1776446463.972305] Client: [0m---before writing in log upd_msg->reliable= 1
[91m [1776446463.972309] Client: [0m---before writing in log upd_msg->data.sensor_type= 2
[91m [1776446463.972314] Client: [0m---before writing in log upd_msg->data.sid= device_0
[91m [1776446463.972319] Client: [0m---after writing in log upd_msg->seq_no = 68
[91m [1776446463.972323] Client: [0m---after writing in log upd_msg->data.sensor_type = 2
[91m [1776446463.972328] Client: [0m---after writing in log upd_msg->reliable = 1
[91m [1776446463.977364] BSON Message: [0mInside sensor type parsing.
[91m [1776446463.977376] BSON Message: [0mInside sensor type parsing end.
[91m [1776446463.977380] BSON Message: [0mInside sid parsing
[91m [1776446463.977385] BSON Message: [0mInside temp1 parsing.
[91m [1776446463.977391] Client: [0m---before writing in log upd_msg->seq_no= 175
[91m [1776446463.977396] Client: [0m---before writing in log upd_msg->type= 4
[91m [1776446463.977401] Client: [0m---before writing in log upd_msg->frag_no= 0
[91m [1776446463.977405] Client: [0m---before writing in log upd_msg->reliable= 1
[91m [1776446463.977410] Client: [0m---before writing in log upd_msg->data.sensor_type= 1
[91m [1776446463.977417] Client: [0m---before writing in log upd_msg->data.sid= temp_1
[91m [1776446463.977423] Client: [0m---after writing in log upd_msg->seq_no = 175
[91m [1776446463.977427] Client: [0m---after writing in log upd_msg->data.sensor_type = 1
[91m [1776446463.977432] Client: [0m---after writing in log upd_msg->reliable = 1
[91m [1776446464.547094] BSON Message: [0mInside sensor type parsing.
[91m [1776446464.547105] BSON Message: [0mInside sensor type parsing end.
[91m [1776446464.547109] BSON Message: [0mInside sid parsing
[91m [1776446464.547114] Client: [0m---before writing in log upd_msg->seq_no= 69
[91m [1776446464.547119] Client: [0m---before writing in log upd_msg->type= 4
[91m [1776446464.547123] Client: [0m---before writing in log upd_msg->frag_no= 0
[91m [1776446464.547126] Client: [0m---before writing in log upd_msg->reliable= 1
[91m [1776446464.547130] Client: [0m---before writing in log upd_msg->data.sensor_type= 2
[91m [1776446464.547134] Client: [0m---before writing in log upd_msg->data.sid= device_0
[91m [1776446464.547138] Client: [0m---after writing in log upd_msg->seq_no = 69
[91m [1776446464.547142] Client: [0m---after writing in log upd_msg->data.sensor_type = 2
[91m [1776446464.547146] Client: [0m---after writing in log upd_msg->reliable = 1
[91m [1776446464.832300] BSON Message: [0mInside sensor type parsing.
[91m [1776446464.832308] BSON Message: [0mInside sensor type parsing end.
[91m [1776446464.832313] BSON Message: [0mInside sid parsing
[91m [1776446464.832318] BSON Message: [0mInside temp1 parsing.
[91m [1776446464.832323] Client: [0m---before writing in log upd_msg->seq_no= 176
[91m [1776446464.832327] Client: [0m---before writing in log upd_msg->type= 4
[91m [1776446464.832330] Client: [0m---before writing in log upd_msg->frag_no= 0
[91m [1776446464.832337] Client: [0m---before writing in log upd_msg->reliable= 1
[91m [1776446464.832342] Client: [0m---before writing in log upd_msg->data.sensor_type= 1
[91m [1776446464.832346] Client: [0m---before writing in log upd_msg->data.sid= temp_1
[91m [1776446464.832351] Client: [0m---after writing in log upd_msg->seq_no = 176
[91m [1776446464.832355] Client: [0m---after writing in log upd_msg->data.sensor_type = 1
[91m [1776446464.832359] Client: [0m---after writing in log upd_msg->reliable = 1
[91m [1776446464.977433] BSON Message: [0mInside sensor type parsing.
[91m [1776446464.977444] BSON Message: [0mInside sensor type parsing end.
[91m [1776446464.977449] BSON Message: [0mInside sid parsing
[91m [1776446464.977454] BSON Message: [0mInside temp1 parsing.
[91m [1776446464.977460] Client: [0m---before writing in log upd_msg->seq_no= 177
[91m [1776446464.977465] Client: [0m---before writing in log upd_msg->type= 4
[91m [1776446464.977469] Client: [0m---before writing in log upd_msg->frag_no= 0
[91m [1776446464.977475] Client: [0m---before writing in log upd_msg->reliable= 1
[91m [1776446464.977480] Client: [0m---before writing in log upd_msg->data.sensor_type= 1
[91m [1776446464.977484] Client: [0m---before writing in log upd_msg->data.sid= temp_1
[91m [1776446464.977490] Client: [0m---after writing in log upd_msg->seq_no = 177
[91m [1776446464.977494] Client: [0m---after writing in log upd_msg->data.sensor_type = 1
[91m [1776446464.977499] Client: [0m---after writing in log upd_msg->reliable = 1
[91m [1776446465.338340] BSON Message: [0mInside sensor type parsing.
[91m [1776446465.338351] BSON Message: [0mInside sensor type parsing end.
[91m [1776446465.338357] BSON Message: [0mInside sid parsing
[91m [1776446465.338361] BSON Message: [0mInside gps1 parsing.
[91m [1776446465.338367] Client: [0m---before writing in log upd_msg->seq_no= 20
[91m [1776446465.338372] Client: [0m---before writing in log upd_msg->type= 4
[91m [1776446465.338377] Client: [0m---before writing in log upd_msg->frag_no= 0
[91m [1776446465.338381] Client: [0m---before writing in log upd_msg->reliable= 1
[91m [1776446465.338386] Client: [0m---before writing in log upd_msg->data.sensor_type= 3
[91m [1776446465.338390] Client: [0m---before writing in log upd_msg->data.sid= gps_2
[91m [1776446465.338397] Client: [0m---after writing in log upd_msg->seq_no = 20
[91m [1776446465.338402] Client: [0m---after writing in log upd_msg->data.sensor_type = 3
[91m [1776446465.338406] Client: [0m---after writing in log upd_msg->reliable = 1
[91m [1776446465.832777] BSON Message: [0mInside sensor type parsing.
[91m [1776446465.832792] BSON Message: [0mInside sensor type parsing end.
[91m [1776446465.832797] BSON Message: [0mInside sid parsing
[91m [1776446465.832802] BSON Message: [0mInside temp1 parsing.
[91m [1776446465.832810] Client: [0m---before writing in log upd_msg->seq_no= 178
[91m [1776446465.832817] Client: [0m---before writing in log upd_msg->type= 4
[91m [1776446465.832823] Client: [0m---before writing in log upd_msg->frag_no= 0
[91m [1776446465.832829] Client: [0m---before writing in log upd_msg->reliable= 1
[91m [1776446465.832835] Client: [0m---before writing in log upd_msg->data.sensor_type= 1
[91m [1776446465.832841] Client: [0m---before writing in log upd_msg->data.sid= temp_1
[91m [1776446465.832848] Client: [0m---after writing in log upd_msg->seq_no = 178
[91m [1776446465.832853] Client: [0m---after writing in log upd_msg->data.sensor_type = 1
[91m [1776446465.832859] Client: [0m---after writing in log upd_msg->reliable = 1
[91m [1776446465.978003] BSON Message: [0mInside sensor type parsing.
[91m [1776446465.978016] BSON Message: [0mInside sensor type parsing end.
[91m [1776446465.978022] BSON Message: [0mInside sid parsing
[91m [1776446465.978027] BSON Message: [0mInside temp1 parsing.
[91m [1776446465.978033] Client: [0m---before writing in log upd_msg->seq_no= 179
[91m [1776446465.978038] Client: [0m---before writing in log upd_msg->type= 4
[91m [1776446465.978047] Client: [0m---before writing in log upd_msg->frag_no= 0
[91m [1776446465.978052] Client: [0m---before writing in log upd_msg->reliable= 1
[91m [1776446465.978057] Client: [0m---before writing in log upd_msg->data.sensor_type= 1
[91m [1776446465.978063] Client: [0m---before writing in log upd_msg->data.sid= temp_1
[91m [1776446465.978070] Client: [0m---after writing in log upd_msg->seq_no = 179
[91m [1776446465.978075] Client: [0m---after writing in log upd_msg->data.sensor_type = 1
[91m [1776446465.978081] Client: [0m---after writing in log upd_msg->reliable = 1
[91m [1776446466.244754] BSON Message: [0mInside sensor type parsing.
[91m [1776446466.244765] BSON Message: [0mInside sensor type parsing end.
[91m [1776446466.244771] BSON Message: [0mInside sid parsing
[91m [1776446466.244780] Client: [0m---before writing in log upd_msg->seq_no= 70
[91m [1776446466.244785] Client: [0m---before writing in log upd_msg->type= 4
[91m [1776446466.244791] Client: [0m---before writing in log upd_msg->frag_no= 0
[91m [1776446466.244795] Client: [0m---before writing in log upd_msg->reliable= 1
[91m [1776446466.244800] Client: [0m---before writing in log upd_msg->data.sensor_type= 2
[91m [1776446466.244804] Client: [0m---before writing in log upd_msg->data.sid= device_0
[91m [1776446466.244809] Client: [0m---after writing in log upd_msg->seq_no = 70
[91m [1776446466.244813] Client: [0m---after writing in log upd_msg->data.sensor_type = 2
[91m [1776446466.244819] Client: [0m---after writing in log upd_msg->reliable = 1
[91m [1776446466.832913] BSON Message: [0mInside sensor type parsing.
[91m [1776446466.832930] BSON Message: [0mInside sensor type parsing end.
[91m [1776446466.832935] BSON Message: [0mInside sid parsing
[91m [1776446466.832941] BSON Message: [0mInside temp1 parsing.
[91m [1776446466.832947] Client: [0m---before writing in log upd_msg->seq_no= 180
[91m [1776446466.832952] Client: [0m---before writing in log upd_msg->type= 4
[91m [1776446466.832957] Client: [0m---before writing in log upd_msg->frag_no= 0
[91m [1776446466.832962] Client: [0m---before writing in log upd_msg->reliable= 1
[91m [1776446466.832967] Client: [0m---before writing in log upd_msg->data.sensor_type= 1
[91m [1776446466.832972] Client: [0m---before writing in log upd_msg->data.sid= temp_1
[91m [1776446466.832977] Client: [0m---after writing in log upd_msg->seq_no = 180
[91m [1776446466.832982] Client: [0m---after writing in log upd_msg->data.sensor_type = 1
[91m [1776446466.832987] Client: [0m---after writing in log upd_msg->reliable = 1
[91m [1776446466.978064] BSON Message: [0mInside sensor type parsing.
[91m [1776446466.978076] BSON Message: [0mInside sensor type parsing end.
[91m [1776446466.978083] BSON Message: [0mInside sid parsing
[91m [1776446466.978089] BSON Message: [0mInside temp1 parsing.
[91m [1776446466.978094] Client: [0m---before writing in log upd_msg->seq_no= 181
[91m [1776446466.978099] Client: [0m---before writing in log upd_msg->type= 4
[91m [1776446466.978104] Client: [0m---before writing in log upd_msg->frag_no= 0
[91m [1776446466.978108] Client: [0m---before writing in log upd_msg->reliable= 1
[91m [1776446466.978113] Client: [0m---before writing in log upd_msg->data.sensor_type= 1
[91m [1776446466.978117] Client: [0m---before writing in log upd_msg->data.sid= temp_1
[91m [1776446466.978123] Client: [0m---after writing in log upd_msg->seq_no = 181
[91m [1776446466.978128] Client: [0m---after writing in log upd_msg->data.sensor_type = 1
[91m [1776446466.978132] Client: [0m---after writing in log upd_msg->reliable = 1
[91m [1776446467.833677] BSON Message: [0mInside sensor type parsing.
[91m [1776446467.833686] BSON Message: [0mInside sensor type parsing end.
[91m [1776446467.833689] BSON Message: [0mInside sid parsing
[91m [1776446467.833693] BSON Message: [0mInside temp1 parsing.
[91m [1776446467.833697] Client: [0m---before writing in log upd_msg->seq_no= 182
[91m [1776446467.833700] Client: [0m---before writing in log upd_msg->type= 4
[91m [1776446467.833706] Client: [0m---before writing in log upd_msg->frag_no= 0
[91m [1776446467.833709] Client: [0m---before writing in log upd_msg->reliable= 1
[91m [1776446467.833712] Client: [0m---before writing in log upd_msg->data.sensor_type= 1
[91m [1776446467.833715] Client: [0m---before writing in log upd_msg->data.sid= temp_1
[91m [1776446467.833719] Client: [0m---after writing in log upd_msg->seq_no = 182
[91m [1776446467.833722] Client: [0m---after writing in log upd_msg->data.sensor_type = 1
[91m [1776446467.833725] Client: [0m---after writing in log upd_msg->reliable = 1
[91m [1776446467.978306] BSON Message: [0mInside sensor type parsing.
[91m [1776446467.978315] BSON Message: [0mInside sensor type parsing end.
[91m [1776446467.978319] BSON Message: [0mInside sid parsing
[91m [1776446467.978323] BSON Message: [0mInside temp1 parsing.
[91m [1776446467.978328] Client: [0m---before writing in log upd_msg->seq_no= 183
[91m [1776446467.978332] Client: [0m---before writing in log upd_msg->type= 4
[91m [1776446467.978336] Client: [0m---before writing in log upd_msg->frag_no= 0
[91m [1776446467.978340] Client: [0m---before writing in log upd_msg->reliable= 1
[91m [1776446467.978345] Client: [0m---before writing in log upd_msg->data.sensor_type= 1
[91m [1776446467.978349] Client: [0m---before writing in log upd_msg->data.sid= temp_1
[91m [1776446467.978354] Client: [0m---after writing in log upd_msg->seq_no = 183
[91m [1776446467.978357] Client: [0m---after writing in log upd_msg->data.sensor_type = 1
[91m [1776446467.978362] Client: [0m---after writing in log upd_msg->reliable = 1
[91m [1776446468.384630] BSON Message: [0mInside sensor type parsing.
[91m [1776446468.384640] BSON Message: [0mInside sensor type parsing end.
[91m [1776446468.384644] BSON Message: [0mInside sid parsing
[91m [1776446468.384650] Client: [0m---before writing in log upd_msg->seq_no= 71
[91m [1776446468.384655] Client: [0m---before writing in log upd_msg->type= 4
[91m [1776446468.384658] Client: [0m---before writing in log upd_msg->frag_no= 0
[91m [1776446468.384661] Client: [0m---before writing in log upd_msg->reliable= 1
[91m [1776446468.384664] Client: [0m---before writing in log upd_msg->data.sensor_type= 2
[91m [1776446468.384668] Client: [0m---before writing in log upd_msg->data.sid= device_0
[91m [1776446468.384673] Client: [0m---after writing in log upd_msg->seq_no = 71
[91m [1776446468.384678] Client: [0m---after writing in log upd_msg->data.sensor_type = 2
[91m [1776446468.384681] Client: [0m---after writing in log upd_msg->reliable = 1
[91m [1776446468.636401] BSON Message: [0mInside sensor type parsing.
[91m [1776446468.636411] BSON Message: [0mInside sensor type parsing end.
[91m [1776446468.636416] BSON Message: [0mInside sid parsing
[91m [1776446468.636422] Client: [0m---before writing in log upd_msg->seq_no= 72
[91m [1776446468.636427] Client: [0m---before writing in log upd_msg->type= 4
[91m [1776446468.636432] Client: [0m---before writing in log upd_msg->frag_no= 0
[91m [1776446468.636436] Client: [0m---before writing in log upd_msg->reliable= 1
[91m [1776446468.636441] Client: [0m---before writing in log upd_msg->data.sensor_type= 2
[91m [1776446468.636446] Client: [0m---before writing in log upd_msg->data.sid= device_0
[91m [1776446468.636451] Client: [0m---after writing in log upd_msg->seq_no = 72
[91m [1776446468.636456] Client: [0m---after writing in log upd_msg->data.sensor_type = 2
[91m [1776446468.636462] Client: [0m---after writing in log upd_msg->reliable = 1
[91m [1776446468.833700] BSON Message: [0mInside sensor type parsing.
[91m [1776446468.833714] BSON Message: [0mInside sensor type parsing end.
[91m [1776446468.833718] BSON Message: [0mInside sid parsing
[91m [1776446468.833722] BSON Message: [0mInside temp1 parsing.
[91m [1776446468.833727] Client: [0m---before writing in log upd_msg->seq_no= 184
[91m [1776446468.833731] Client: [0m---before writing in log upd_msg->type= 4
[91m [1776446468.833740] Client: [0m---before writing in log upd_msg->frag_no= 0
[91m [1776446468.833746] Client: [0m---before writing in log upd_msg->reliable= 1
[91m [1776446468.833750] Client: [0m---before writing in log upd_msg->data.sensor_type= 1
[91m [1776446468.833754] Client: [0m---before writing in log upd_msg->data.sid= temp_1
[91m [1776446468.833758] Client: [0m---after writing in log upd_msg->seq_no = 184
[91m [1776446468.833762] Client: [0m---after writing in log upd_msg->data.sensor_type = 1
[91m [1776446468.833766] Client: [0m---after writing in log upd_msg->reliable = 1
[91m [1776446468.978384] BSON Message: [0mInside sensor type parsing.
[91m [1776446468.978396] BSON Message: [0mInside sensor type parsing end.
[91m [1776446468.978400] BSON Message: [0mInside sid parsing
[91m [1776446468.978405] BSON Message: [0mInside temp1 parsing.
[91m [1776446468.978410] Client: [0m---before writing in log upd_msg->seq_no= 185
[91m [1776446468.978414] Client: [0m---before writing in log upd_msg->type= 4
[91m [1776446468.978418] Client: [0m---before writing in log upd_msg->frag_no= 0
[91m [1776446468.978421] Client: [0m---before writing in log upd_msg->reliable= 1
[91m [1776446468.978425] Client: [0m---before writing in log upd_msg->data.sensor_type= 1
[91m [1776446468.978429] Client: [0m---before writing in log upd_msg->data.sid= temp_1
[91m [1776446468.978434] Client: [0m---after writing in log upd_msg->seq_no = 185
[91m [1776446468.978440] Client: [0m---after writing in log upd_msg->data.sensor_type = 1
[91m [1776446468.978445] Client: [0m---after writing in log upd_msg->reliable = 1
[91m [1776446469.1004] BSON Message: [0mInside sensor type parsing.
[91m [1776446469.1013] BSON Message: [0mInside sensor type parsing end.
[91m [1776446469.1017] BSON Message: [0mInside sid parsing
[91m [1776446469.1022] Client: [0m---before writing in log upd_msg->seq_no= 73
[91m [1776446469.1026] Client: [0m---before writing in log upd_msg->type= 4
[91m [1776446469.1030] Client: [0m---before writing in log upd_msg->frag_no= 0
[91m [1776446469.1034] Client: [0m---before writing in log upd_msg->reliable= 1
[91m [1776446469.1038] Client: [0m---before writing in log upd_msg->data.sensor_type= 2
[91m [1776446469.1044] Client: [0m---before writing in log upd_msg->data.sid= device_0
[91m [1776446469.1049] Client: [0m---after writing in log upd_msg->seq_no = 73
[91m [1776446469.1052] Client: [0m---after writing in log upd_msg->data.sensor_type = 2
[91m [1776446469.1055] Client: [0m---after writing in log upd_msg->reliable = 1
[91m [1776446469.102605] BSON Message: [0mInside sensor type parsing.
[91m [1776446469.102615] BSON Message: [0mInside sensor type parsing end.
[91m [1776446469.102620] BSON Message: [0mInside sid parsing
[91m [1776446469.102624] BSON Message: [0mInside gps1 parsing.
[91m [1776446469.102629] Client: [0m---before writing in log upd_msg->seq_no= 21
[91m [1776446469.102634] Client: [0m---before writing in log upd_msg->type= 4
[91m [1776446469.102638] Client: [0m---before writing in log upd_msg->frag_no= 0
[91m [1776446469.102643] Client: [0m---before writing in log upd_msg->reliable= 1
[91m [1776446469.102647] Client: [0m---before writing in log upd_msg->data.sensor_type= 3
[91m [1776446469.102651] Client: [0m---before writing in log upd_msg->data.sid= gps_2
[91m [1776446469.102658] Client: [0m---after writing in log upd_msg->seq_no = 21
[91m [1776446469.102662] Client: [0m---after writing in log upd_msg->data.sensor_type = 3
[91m [1776446469.102666] Client: [0m---after writing in log upd_msg->reliable = 1
[91m [1776446469.433060] BSON Message: [0mInside sensor type parsing.
[91m [1776446469.433069] BSON Message: [0mInside sensor type parsing end.
[91m [1776446469.433075] BSON Message: [0mInside sid parsing
[91m [1776446469.433080] Client: [0m---before writing in log upd_msg->seq_no= 74
[91m [1776446469.433085] Client: [0m---before writing in log upd_msg->type= 4
[91m [1776446469.433091] Client: [0m---before writing in log upd_msg->frag_no= 0
[91m [1776446469.433102] Client: [0m---before writing in log upd_msg->reliable= 1
[91m [1776446469.433107] Client: [0m---before writing in log upd_msg->data.sensor_type= 2
[91m [1776446469.433111] Client: [0m---before writing in log upd_msg->data.sid= device_0
[91m [1776446469.433115] Client: [0m---after writing in log upd_msg->seq_no = 74
[91m [1776446469.433120] Client: [0m---after writing in log upd_msg->data.sensor_type = 2
[91m [1776446469.433126] Client: [0m---after writing in log upd_msg->reliable = 1
[91m [1776446469.833983] BSON Message: [0mInside sensor type parsing.
[91m [1776446469.833994] BSON Message: [0mInside sensor type parsing end.
[91m [1776446469.833999] BSON Message: [0mInside sid parsing
[91m [1776446469.834003] BSON Message: [0mInside temp1 parsing.
[91m [1776446469.834009] Client: [0m---before writing in log upd_msg->seq_no= 186
[91m [1776446469.834014] Client: [0m---before writing in log upd_msg->type= 4
[91m [1776446469.834018] Client: [0m---before writing in log upd_msg->frag_no= 0
[91m [1776446469.834022] Client: [0m---before writing in log upd_msg->reliable= 1
[91m [1776446469.834027] Client: [0m---before writing in log upd_msg->data.sensor_type= 1
[91m [1776446469.834031] Client: [0m---before writing in log upd_msg->data.sid= temp_1
[91m [1776446469.834036] Client: [0m---after writing in log upd_msg->seq_no = 186
[91m [1776446469.834041] Client: [0m---after writing in log upd_msg->data.sensor_type = 1
[91m [1776446469.834045] Client: [0m---after writing in log upd_msg->reliable = 1
[91m [1776446469.979059] BSON Message: [0mInside sensor type parsing.
[91m [1776446469.979068] BSON Message: [0mInside sensor type parsing end.
[91m [1776446469.979072] BSON Message: [0mInside sid parsing
[91m [1776446469.979076] BSON Message: [0mInside temp1 parsing.
[91m [1776446469.979081] Client: [0m---before writing in log upd_msg->seq_no= 187
[91m [1776446469.979085] Client: [0m---before writing in log upd_msg->type= 4
[91m [1776446469.979088] Client: [0m---before writing in log upd_msg->frag_no= 0
[91m [1776446469.979092] Client: [0m---before writing in log upd_msg->reliable= 1
[91m [1776446469.979096] Client: [0m---before writing in log upd_msg->data.sensor_type= 1
[91m [1776446469.979100] Client: [0m---before writing in log upd_msg->data.sid= temp_1
[91m [1776446469.979105] Client: [0m---after writing in log upd_msg->seq_no = 187
[91m [1776446469.979110] Client: [0m---after writing in log upd_msg->data.sensor_type = 1
[91m [1776446469.979115] Client: [0m---after writing in log upd_msg->reliable = 1
[91m [1776446469.990424] BSON Message: [0mInside sensor type parsing.
[91m [1776446469.990436] BSON Message: [0mInside sensor type parsing end.
[91m [1776446469.990440] BSON Message: [0mInside sid parsing
[91m [1776446469.990446] Client: [0m---before writing in log upd_msg->seq_no= 75
[91m [1776446469.990451] Client: [0m---before writing in log upd_msg->type= 4
[91m [1776446469.990456] Client: [0m---before writing in log upd_msg->frag_no= 0
[91m [1776446469.990461] Client: [0m---before writing in log upd_msg->reliable= 1
[91m [1776446469.990465] Client: [0m---before writing in log upd_msg->data.sensor_type= 2
[91m [1776446469.990469] Client: [0m---before writing in log upd_msg->data.sid= device_0
[91m [1776446469.990474] Client: [0m---after writing in log upd_msg->seq_no = 75
[91m [1776446469.990478] Client: [0m---after writing in log upd_msg->data.sensor_type = 2
[91m [1776446469.990482] Client: [0m---after writing in log upd_msg->reliable = 1
[91m [1776446470.834090] BSON Message: [0mInside sensor type parsing.
[91m [1776446470.834098] BSON Message: [0mInside sensor type parsing end.
[91m [1776446470.834101] BSON Message: [0mInside sid parsing
[91m [1776446470.834104] BSON Message: [0mInside temp1 parsing.
[91m [1776446470.834108] Client: [0m---before writing in log upd_msg->seq_no= 188
[91m [1776446470.834112] Client: [0m---before writing in log upd_msg->type= 4
[91m [1776446470.834115] Client: [0m---before writing in log upd_msg->frag_no= 0
[91m [1776446470.834122] Client: [0m---before writing in log upd_msg->reliable= 1
[91m [1776446470.834126] Client: [0m---before writing in log upd_msg->data.sensor_type= 1
[91m [1776446470.834130] Client: [0m---before writing in log upd_msg->data.sid= temp_1
[91m [1776446470.834134] Client: [0m---after writing in log upd_msg->seq_no = 188
[91m [1776446470.834138] Client: [0m---after writing in log upd_msg->data.sensor_type = 1
[91m [1776446470.834142] Client: [0m---after writing in log upd_msg->reliable = 1
[91m [1776446470.979102] BSON Message: [0mInside sensor type parsing.
[91m [1776446470.979112] BSON Message: [0mInside sensor type parsing end.
[91m [1776446470.979118] BSON Message: [0mInside sid parsing
[91m [1776446470.979122] BSON Message: [0mInside temp1 parsing.
[91m [1776446470.979126] Client: [0m---before writing in log upd_msg->seq_no= 189
[91m [1776446470.979130] Client: [0m---before writing in log upd_msg->type= 4
[91m [1776446470.979133] Client: [0m---before writing in log upd_msg->frag_no= 0
[91m [1776446470.979136] Client: [0m---before writing in log upd_msg->reliable= 1
[91m [1776446470.979139] Client: [0m---before writing in log upd_msg->data.sensor_type= 1
[91m [1776446470.979143] Client: [0m---before writing in log upd_msg->data.sid= temp_1
[91m [1776446470.979148] Client: [0m---after writing in log upd_msg->seq_no = 189
[91m [1776446470.979152] Client: [0m---after writing in log upd_msg->data.sensor_type = 1
[91m [1776446470.979156] Client: [0m---after writing in log upd_msg->reliable = 1
[91m [1776446471.585733] BSON Message: [0mInside sensor type parsing.
[91m [1776446471.585747] BSON Message: [0mInside sensor type parsing end.
[91m [1776446471.585754] BSON Message: [0mInside sid parsing
[91m [1776446471.585762] Client: [0m---before writing in log upd_msg->seq_no= 76
[91m [1776446471.585768] Client: [0m---before writing in log upd_msg->type= 4
[91m [1776446471.585774] Client: [0m---before writing in log upd_msg->frag_no= 0
[91m [1776446471.585779] Client: [0m---before writing in log upd_msg->reliable= 1
[91m [1776446471.585784] Client: [0m---before writing in log upd_msg->data.sensor_type= 2
[91m [1776446471.585790] Client: [0m---before writing in log upd_msg->data.sid= device_0
[91m [1776446471.585795] Client: [0m---after writing in log upd_msg->seq_no = 76
[91m [1776446471.585800] Client: [0m---after writing in log upd_msg->data.sensor_type = 2
[91m [1776446471.585805] Client: [0m---after writing in log upd_msg->reliable = 1
[91m [1776446471.834639] BSON Message: [0mInside sensor type parsing.
[91m [1776446471.834650] BSON Message: [0mInside sensor type parsing end.
[91m [1776446471.834655] BSON Message: [0mInside sid parsing
[91m [1776446471.834659] BSON Message: [0mInside temp1 parsing.
[91m [1776446471.834663] Client: [0m---before writing in log upd_msg->seq_no= 190
[91m [1776446471.834667] Client: [0m---before writing in log upd_msg->type= 4
[91m [1776446471.834671] Client: [0m---before writing in log upd_msg->frag_no= 0
[91m [1776446471.834675] Client: [0m---before writing in log upd_msg->reliable= 1
[91m [1776446471.834679] Client: [0m---before writing in log upd_msg->data.sensor_type= 1
[91m [1776446471.834682] Client: [0m---before writing in log upd_msg->data.sid= temp_1
[91m [1776446471.834686] Client: [0m---after writing in log upd_msg->seq_no = 190
[91m [1776446471.834690] Client: [0m---after writing in log upd_msg->data.sensor_type = 1
[91m [1776446471.834694] Client: [0m---after writing in log upd_msg->reliable = 1
[91m [1776446471.979514] BSON Message: [0mInside sensor type parsing.
[91m [1776446471.979524] BSON Message: [0mInside sensor type parsing end.
[91m [1776446471.979529] BSON Message: [0mInside sid parsing
[91m [1776446471.979534] BSON Message: [0mInside temp1 parsing.
[91m [1776446471.979540] Client: [0m---before writing in log upd_msg->seq_no= 191
[91m [1776446471.979545] Client: [0m---before writing in log upd_msg->type= 4
[91m [1776446471.979555] Client: [0m---before writing in log upd_msg->frag_no= 0
[91m [1776446471.979560] Client: [0m---before writing in log upd_msg->reliable= 1
[91m [1776446471.979565] Client: [0m---before writing in log upd_msg->data.sensor_type= 1
[91m [1776446471.979569] Client: [0m---before writing in log upd_msg->data.sid= temp_1
[91m [1776446471.979573] Client: [0m---after writing in log upd_msg->seq_no = 191
[91m [1776446471.979577] Client: [0m---after writing in log upd_msg->data.sensor_type = 1
[91m [1776446471.979582] Client: [0m---after writing in log upd_msg->reliable = 1
[91m [1776446472.836352] BSON Message: [0mInside sensor type parsing.
[91m [1776446472.836366] BSON Message: [0mInside sensor type parsing end.
[91m [1776446472.836373] BSON Message: [0mInside sid parsing
[91m [1776446472.836381] BSON Message: [0mInside temp1 parsing.
[91m [1776446472.836389] Client: [0m---before writing in log upd_msg->seq_no= 192
[91m [1776446472.836396] Client: [0m---before writing in log upd_msg->type= 4
[91m [1776446472.836403] Client: [0m---before writing in log upd_msg->frag_no= 0
[91m [1776446472.836409] Client: [0m---before writing in log upd_msg->reliable= 1
[91m [1776446472.836416] Client: [0m---before writing in log upd_msg->data.sensor_type= 1
[91m [1776446472.836423] Client: [0m---before writing in log upd_msg->data.sid= temp_1
[91m [1776446472.836431] Client: [0m---after writing in log upd_msg->seq_no = 192
[91m [1776446472.836439] Client: [0m---after writing in log upd_msg->data.sensor_type = 1
[91m [1776446472.836446] Client: [0m---after writing in log upd_msg->reliable = 1
[91m [1776446472.979914] BSON Message: [0mInside sensor type parsing.
[91m [1776446472.979936] BSON Message: [0mInside sensor type parsing end.
[91m [1776446472.979944] BSON Message: [0mInside sid parsing
[91m [1776446472.979952] BSON Message: [0mInside temp1 parsing.
[91m [1776446472.979960] Client: [0m---before writing in log upd_msg->seq_no= 193
[91m [1776446472.979968] Client: [0m---before writing in log upd_msg->type= 4
[91m [1776446472.979975] Client: [0m---before writing in log upd_msg->frag_no= 0
[91m [1776446472.979983] Client: [0m---before writing in log upd_msg->reliable= 1
[91m [1776446472.979990] Client: [0m---before writing in log upd_msg->data.sensor_type= 1
[91m [1776446472.979997] Client: [0m---before writing in log upd_msg->data.sid= temp_1
[91m [1776446472.980005] Client: [0m---after writing in log upd_msg->seq_no = 193
[91m [1776446472.980012] Client: [0m---after writing in log upd_msg->data.sensor_type = 1
[91m [1776446472.980020] Client: [0m---after writing in log upd_msg->reliable = 1
[91m [1776446473.835507] BSON Message: [0mInside sensor type parsing.
[91m [1776446473.835521] BSON Message: [0mInside sensor type parsing end.
[91m [1776446473.835530] BSON Message: [0mInside sid parsing
[91m [1776446473.835538] BSON Message: [0mInside temp1 parsing.
[91m [1776446473.835546] Client: [0m---before writing in log upd_msg->seq_no= 194
[91m [1776446473.835554] Client: [0m---before writing in log upd_msg->type= 4
[91m [1776446473.835562] Client: [0m---before writing in log upd_msg->frag_no= 0
[91m [1776446473.835569] Client: [0m---before writing in log upd_msg->reliable= 1
[91m [1776446473.835577] Client: [0m---before writing in log upd_msg->data.sensor_type= 1
[91m [1776446473.835585] Client: [0m---before writing in log upd_msg->data.sid= temp_1
[91m [1776446473.835594] Client: [0m---after writing in log upd_msg->seq_no = 194
[91m [1776446473.835602] Client: [0m---after writing in log upd_msg->data.sensor_type = 1
[91m [1776446473.835609] Client: [0m---after writing in log upd_msg->reliable = 1
[91m [1776446473.856044] BSON Message: [0mInside sensor type parsing.
[91m [1776446473.856057] BSON Message: [0mInside sensor type parsing end.
[91m [1776446473.856063] BSON Message: [0mInside sid parsing
[91m [1776446473.856072] Client: [0m---before writing in log upd_msg->seq_no= 77
[91m [1776446473.856078] Client: [0m---before writing in log upd_msg->type= 4
[91m [1776446473.856088] Client: [0m---before writing in log upd_msg->frag_no= 0
[91m [1776446473.856092] Client: [0m---before writing in log upd_msg->reliable= 1
[91m [1776446473.856096] Client: [0m---before writing in log upd_msg->data.sensor_type= 2
[91m [1776446473.856101] Client: [0m---before writing in log upd_msg->data.sid= device_0
[91m [1776446473.856106] Client: [0m---after writing in log upd_msg->seq_no = 77
[91m [1776446473.856109] Client: [0m---after writing in log upd_msg->data.sensor_type = 2
[91m [1776446473.856113] Client: [0m---after writing in log upd_msg->reliable = 1
[91m [1776446473.980143] BSON Message: [0mInside sensor type parsing.
[91m [1776446473.980156] BSON Message: [0mInside sensor type parsing end.
[91m [1776446473.980162] BSON Message: [0mInside sid parsing
[91m [1776446473.980167] BSON Message: [0mInside temp1 parsing.
[91m [1776446473.980174] Client: [0m---before writing in log upd_msg->seq_no= 195
[91m [1776446473.980177] Client: [0m---before writing in log upd_msg->type= 4
[91m [1776446473.980180] Client: [0m---before writing in log upd_msg->frag_no= 0
[91m [1776446473.980184] Client: [0m---before writing in log upd_msg->reliable= 1
[91m [1776446473.980188] Client: [0m---before writing in log upd_msg->data.sensor_type= 1
[91m [1776446473.980193] Client: [0m---before writing in log upd_msg->data.sid= temp_1
[91m [1776446473.980197] Client: [0m---after writing in log upd_msg->seq_no = 195
[91m [1776446473.980201] Client: [0m---after writing in log upd_msg->data.sensor_type = 1
[91m [1776446473.980206] Client: [0m---after writing in log upd_msg->reliable = 1
[91m [1776446474.537216] BSON Message: [0mInside sensor type parsing.
[91m [1776446474.537229] BSON Message: [0mInside sensor type parsing end.
[91m [1776446474.537235] BSON Message: [0mInside sid parsing
 server.
Message type is 4
---------Update message arrived------------ 1
Got a message from the server.
Message type is 4
---------Update message arrived------------ 1
Got a message from the server.
Message type is 4
---------Update message arrived------------ 1
Got a message from the server.
Message type is 4
---------Update message arrived------------ 1
Got a message from the server.
Message type is 4
---------Update message arrived------------ 1
Got a message from the server.
Message type is 4
---------Update message arrived------------ 1
Got a message from the server.
Message type is 4
---------Update message arrived------------ 1
Got a message from the server.
Message type is 4
---------Update message arrived------------ 1
Got a message from the server.
Message type is 4
---------Update message arrived------------ 1
Got a message from the server.
Message type is 4
---------Update message arrived------------ 1
Got a message from the server.
Message type is 4
---------Update message arrived------------ 1
Got a message from the server.
Message type is 4
---------Update message arrived------------ 1
Got a message from the server.
Message type is 4
---------Update message arrived------------ 1
Got a message from the server.
Message type is 4
---------Update message arrived------------ 1
Got a message from the server.
Message type is 4
---------Update message arrived------------ 1
Got a message from the server.
Message type is 4
---------Update message arrived------------ 1
Got a message from the server.
Message type is 4
---------Update message arrived------------ 1
Got a message from the server.
Message type is 4
---------Update message arrived------------ 1
Got a message from the server.
Message type is 4
---------Update message arrived------------ 1
Got a message from the server.
Message type is 4
---------Update message arrived------------ 1
Got a message from the server.
Message type is 4
---------Update message arrived------------ 1
Got a message from the server.
Message type is 4
---------Update message arrived------------ 1
Got a message from the server.
Message type is 4
---------Update message arrived------------ 1
Got a message from the server.
Message type is 4
---------Update message arrived------------ 1
Got a message from the server.
Message type is 4
---------Update message arrived------------ 1
Got a message from the server.
Message type is 4
---------Update message arrived------------ 1
Got a message from the server.
Message type is 4
---------Update message arrived------------ 1
Got a message from the server.
Message type is 4
---------Update message arrived------------ 1
Got a message from the server.
Message type is 4
---------Update message arrived------------ 1
Got a message from the server.
Message type is 4
---------Update message arrived------------ 1
Got a message from the server.
Message type is 4
---------Update message arrived------------ 1
Got a message from the server.
Message type is 4
---------Update message arrived------------ 1
Got a message from the server.
Message type is 4
---------Update message arrived------------ 1
Got a message from the server.
Message type is 4
---------Update message arrived------------ 1
Got a message from the server.
Message type is 4
---------Update message arrived------------ 1
Got a message from the server.
Message type is 4
---------Update message arrived------------ 1
Got a message from the server.
Message type is 4
---------Update message arrived------------ 1
Got a message from the server.
Message type is 4
---------Update message arrived------------ 1
Got a message from the server.
Message type is 4
---------Update message arrived------------ 1
Got a message from the server.
Message type is 4
---------Update message arrived------------ 1
Got a message from the server.
Message type is 4
---------Update message arrived------------ 1
Got a message from the server.
Message type is 4
---------Update message arrived------------ 1
Got a message from the server.
Message type is 4
---------Update message arrived------------ 1
Got a message from the server.
Me[91m [1776446474.537250] Client: [0m---before writing in log upd_msg->seq_no= 78
[91m [1776446474.537256] Client: [0m---before writing in log upd_msg->type= 4
[91m [1776446474.537261] Client: [0m---before writing in log upd_msg->frag_no= 0
[91m [1776446474.537265] Client: [0m---before writing in log upd_msg->reliable= 1
[91m [1776446474.537269] Client: [0m---before writing in log upd_msg->data.sensor_type= 2
[91m [1776446474.537274] Client: [0m---before writing in log upd_msg->data.sid= device_0
[91m [1776446474.537278] Client: [0m---after writing in log upd_msg->seq_no = 78
[91m [1776446474.537282] Client: [0m---after writing in log upd_msg->data.sensor_type = 2
[91m [1776446474.537286] Client: [0m---after writing in log upd_msg->reliable = 1
[91m [1776446474.752160] BSON Message: [0mInside sensor type parsing.
[91m [1776446474.752172] BSON Message: [0mInside sensor type parsing end.
[91m [1776446474.752178] BSON Message: [0mInside sid parsing
[91m [1776446474.752185] Client: [0m---before writing in log upd_msg->seq_no= 79
[91m [1776446474.752191] Client: [0m---before writing in log upd_msg->type= 4
[91m [1776446474.752197] Client: [0m---before writing in log upd_msg->frag_no= 0
[91m [1776446474.752202] Client: [0m---before writing in log upd_msg->reliable= 1
[91m [1776446474.752208] Client: [0m---before writing in log upd_msg->data.sensor_type= 2
[91m [1776446474.752213] Client: [0m---before writing in log upd_msg->data.sid= device_0
[91m [1776446474.752219] Client: [0m---after writing in log upd_msg->seq_no = 79
[91m [1776446474.752223] Client: [0m---after writing in log upd_msg->data.sensor_type = 2
[91m [1776446474.752228] Client: [0m---after writing in log upd_msg->reliable = 1
[91m [1776446474.835546] BSON Message: [0mInside sensor type parsing.
[91m [1776446474.835557] BSON Message: [0mInside sensor type parsing end.
[91m [1776446474.835563] BSON Message: [0mInside sid parsing
[91m [1776446474.835568] BSON Message: [0mInside temp1 parsing.
[91m [1776446474.835574] Client: [0m---before writing in log upd_msg->seq_no= 196
[91m [1776446474.835579] Client: [0m---before writing in log upd_msg->type= 4
[91m [1776446474.835587] Client: [0m---before writing in log upd_msg->frag_no= 0
[91m [1776446474.835592] Client: [0m---before writing in log upd_msg->reliable= 1
[91m [1776446474.835596] Client: [0m---before writing in log upd_msg->data.sensor_type= 1
[91m [1776446474.835601] Client: [0m---before writing in log upd_msg->data.sid= temp_1
[91m [1776446474.835606] Client: [0m---after writing in log upd_msg->seq_no = 196
[91m [1776446474.835611] Client: [0m---after writing in log upd_msg->data.sensor_type = 1
[91m [1776446474.835616] Client: [0m---after writing in log upd_msg->reliable = 1
[91m [1776446474.980455] BSON Message: [0mInside sensor type parsing.
[91m [1776446474.980466] BSON Message: [0mInside sensor type parsing end.
[91m [1776446474.980473] BSON Message: [0mInside sid parsing
[91m [1776446474.980478] BSON Message: [0mInside temp1 parsing.
[91m [1776446474.980483] Client: [0m---before writing in log upd_msg->seq_no= 197
[91m [1776446474.980487] Client: [0m---before writing in log upd_msg->type= 4
[91m [1776446474.980491] Client: [0m---before writing in log upd_msg->frag_no= 0
[91m [1776446474.980494] Client: [0m---before writing in log upd_msg->reliable= 1
[91m [1776446474.980498] Client: [0m---before writing in log upd_msg->data.sensor_type= 1
[91m [1776446474.980501] Client: [0m---before writing in log upd_msg->data.sid= temp_1
[91m [1776446474.980507] Client: [0m---after writing in log upd_msg->seq_no = 197
[91m [1776446474.980512] Client: [0m---after writing in log upd_msg->data.sensor_type = 1
[91m [1776446474.980516] Client: [0m---after writing in log upd_msg->reliable = 1
[91m [1776446475.487567] BSON Message: [0mInside sensor type parsing.
[91m [1776446475.487579] BSON Message: [0mInside sensor type parsing end.
[91m [1776446475.487585] BSON Message: [0mInside sid parsing
[91m [1776446475.487591] Client: [0m---before writing in log upd_msg->seq_no= 80
[91m [1776446475.487596] Client: [0m---before writing in log upd_msg->type= 4
[91m [1776446475.487601] Client: [0m---before writing in log upd_msg->frag_no= 0
[91m [1776446475.487606] Client: [0m---before writing in log upd_msg->reliable= 1
[91m [1776446475.487611] Client: [0m---before writing in log upd_msg->data.sensor_type= 2
[91m [1776446475.487616] Client: [0m---before writing in log upd_msg->data.sid= device_0
[91m [1776446475.487621] Client: [0m---after writing in log upd_msg->seq_no = 80
[91m [1776446475.487625] Client: [0m---after writing in log upd_msg->data.sensor_type = 2
[91m [1776446475.487629] Client: [0m---after writing in log upd_msg->reliable = 1
[91m [1776446475.835688] BSON Message: [0mInside sensor type parsing.
[91m [1776446475.835698] BSON Message: [0mInside sensor type parsing end.
[91m [1776446475.835703] BSON Message: [0mInside sid parsing
[91m [1776446475.835708] BSON Message: [0mInside temp1 parsing.
[91m [1776446475.835713] Client: [0m---before writing in log upd_msg->seq_no= 198
[91m [1776446475.835717] Client: [0m---before writing in log upd_msg->type= 4
[91m [1776446475.835721] Client: [0m---before writing in log upd_msg->frag_no= 0
[91m [1776446475.835725] Client: [0m---before writing in log upd_msg->reliable= 1
[91m [1776446475.835730] Client: [0m---before writing in log upd_msg->data.sensor_type= 1
[91m [1776446475.835734] Client: [0m---before writing in log upd_msg->data.sid= temp_1
[91m [1776446475.835739] Client: [0m---after writing in log upd_msg->seq_no = 198
[91m [1776446475.835743] Client: [0m---after writing in log upd_msg->data.sensor_type = 1
[91m [1776446475.835747] Client: [0m---after writing in log upd_msg->reliable = 1
[91m [1776446475.980727] BSON Message: [0mInside sensor type parsing.
[91m [1776446475.980742] BSON Message: [0mInside sensor type parsing end.
[91m [1776446475.980748] BSON Message: [0mInside sid parsing
[91m [1776446475.980754] BSON Message: [0mInside temp1 parsing.
[91m [1776446475.980761] Client: [0m---before writing in log upd_msg->seq_no= 199
[91m [1776446475.980767] Client: [0m---before writing in log upd_msg->type= 4
[91m [1776446475.980779] Client: [0m---before writing in log upd_msg->frag_no= 0
[91m [1776446475.980784] Client: [0m---before writing in log upd_msg->reliable= 1
[91m [1776446475.980790] Client: [0m---before writing in log upd_msg->data.sensor_type= 1
[91m [1776446475.980796] Client: [0m---before writing in log upd_msg->data.sid= temp_1
[91m [1776446475.980803] Client: [0m---after writing in log upd_msg->seq_no = 199
[91m [1776446475.980808] Client: [0m---after writing in log upd_msg->data.sensor_type = 1
[91m [1776446475.980813] Client: [0m---after writing in log upd_msg->reliable = 1
[91m [1776446476.813560] BSON Message: [0mInside sensor type parsing.
[91m [1776446476.813569] BSON Message: [0mInside sensor type parsing end.
[91m [1776446476.813574] BSON Message: [0mInside sid parsing
[91m [1776446476.813578] BSON Message: [0mInside gps1 parsing.
[91m [1776446476.813582] Client: [0m---before writing in log upd_msg->seq_no= 22
[91m [1776446476.813587] Client: [0m---before writing in log upd_msg->type= 4
[91m [1776446476.813591] Client: [0m---before writing in log upd_msg->frag_no= 0
[91m [1776446476.813594] Client: [0m---before writing in log upd_msg->reliable= 1
[91m [1776446476.813598] Client: [0m---before writing in log upd_msg->data.sensor_type= 3
[91m [1776446476.813603] Client: [0m---before writing in log upd_msg->data.sid= gps_2
[91m [1776446476.813610] Client: [0m---after writing in log upd_msg->seq_no = 22
[91m [1776446476.813615] Client: [0m---after writing in log upd_msg->data.sensor_type = 3
[91m [1776446476.813620] Client: [0m---after writing in log upd_msg->reliable = 1
[91m [1776446476.835760] BSON Message: [0mInside sensor type parsing.
[91m [1776446476.835769] BSON Message: [0mInside sensor type parsing end.
[91m [1776446476.835774] BSON Message: [0mInside sid parsing
[91m [1776446476.835778] BSON Message: [0mInside temp1 parsing.
[91m [1776446476.835783] Client: [0m---before writing in log upd_msg->seq_no= 200
[91m [1776446476.835787] Client: [0m---before writing in log upd_msg->type= 4
[91m [1776446476.835791] Client: [0m---before writing in log upd_msg->frag_no= 0
[91m [1776446476.835795] Client: [0m---before writing in log upd_msg->reliable= 1
[91m [1776446476.835799] Client: [0m---before writing in log upd_msg->data.sensor_type= 1
[91m [1776446476.835802] Client: [0m---before writing in log upd_msg->data.sid= temp_1
[91m [1776446476.835807] Client: [0m---after writing in log upd_msg->seq_no = 200
[91m [1776446476.835812] Client: [0m---after writing in log upd_msg->data.sensor_type = 1
[91m [1776446476.835817] Client: [0m---after writing in log upd_msg->reliable = 1
[91m [1776446476.843504] BSON Message: [0mInside sensor type parsing.
[91m [1776446476.843514] BSON Message: [0mInside sensor type parsing end.
[91m [1776446476.843520] BSON Message: [0mInside sid parsing
[91m [1776446476.843526] Client: [0m---before writing in log upd_msg->seq_no= 81
[91m [1776446476.843531] Client: [0m---before writing in log upd_msg->type= 4
[91m [1776446476.843536] Client: [0m---before writing in log upd_msg->frag_no= 0
[91m [1776446476.843541] Client: [0m---before writing in log upd_msg->reliable= 1
[91m [1776446476.843546] Client: [0m---before writing in log upd_msg->data.sensor_type= 2
[91m [1776446476.843551] Client: [0m---before writing in log upd_msg->data.sid= device_0
[91m [1776446476.843556] Client: [0m---after writing in log upd_msg->seq_no = 81
[91m [1776446476.843561] Client: [0m---after writing in log upd_msg->data.sensor_type = 2
[91m [1776446476.843567] Client: [0m---after writing in log upd_msg->reliable = 1
[91m [1776446476.980844] BSON Message: [0mInside sensor type parsing.
[91m [1776446476.980852] BSON Message: [0mInside sensor type parsing end.
[91m [1776446476.980857] BSON Message: [0mInside sid parsing
[91m [1776446476.980861] BSON Message: [0mInside temp1 parsing.
[91m [1776446476.980866] Client: [0m---before writing in log upd_msg->seq_no= 201
[91m [1776446476.980874] Client: [0m---before writing in log upd_msg->type= 4
[91m [1776446476.980878] Client: [0m---before writing in log upd_msg->frag_no= 0
[91m [1776446476.980882] Client: [0m---before writing in log upd_msg->reliable= 1
[91m [1776446476.980885] Client: [0m---before writing in log upd_msg->data.sensor_type= 1
[91m [1776446476.980889] Client: [0m---before writing in log upd_msg->data.sid= temp_1
[91m [1776446476.980894] Client: [0m---after writing in log upd_msg->seq_no = 201
[91m [1776446476.980898] Client: [0m---after writing in log upd_msg->data.sensor_type = 1
[91m [1776446476.980902] Client: [0m---after writing in log upd_msg->reliable = 1
[91m [1776446477.836091] BSON Message: [0mInside sensor type parsing.
[91m [1776446477.836102] BSON Message: [0mInside sensor type parsing end.
[91m [1776446477.836107] BSON Message: [0mInside sid parsing
[91m [1776446477.836113] BSON Message: [0mInside temp1 parsing.
[91m [1776446477.836118] Client: [0m---before writing in log upd_msg->seq_no= 202
[91m [1776446477.836123] Client: [0m---before writing in log upd_msg->type= 4
[91m [1776446477.836127] Client: [0m---before writing in log upd_msg->frag_no= 0
[91m [1776446477.836132] Client: [0m---before writing in log upd_msg->reliable= 1
[91m [1776446477.836136] Client: [0m---before writing in log upd_msg->data.sensor_type= 1
[91m [1776446477.836141] Client: [0m---before writing in log upd_msg->data.sid= temp_1
[91m [1776446477.836146] Client: [0m---after writing in log upd_msg->seq_no = 202
[91m [1776446477.836151] Client: [0m---after writing in log upd_msg->data.sensor_type = 1
[91m [1776446477.836155] Client: [0m---after writing in log upd_msg->reliable = 1
[91m [1776446477.981418] BSON Message: [0mInside sensor type parsing.
[91m [1776446477.981430] BSON Message: [0mInside sensor type parsing end.
[91m [1776446477.981436] BSON Message: [0mInside sid parsing
[91m [1776446477.981442] BSON Message: [0mInside temp1 parsing.
[91m [1776446477.981448] Client: [0m---before writing in log upd_msg->seq_no= 203
[91m [1776446477.981454] Client: [0m---before writing in log upd_msg->type= 4
[91m [1776446477.981459] Client: [0m---before writing in log upd_msg->frag_no= 0
[91m [1776446477.981465] Client: [0m---before writing in log upd_msg->reliable= 1
[91m [1776446477.981470] Client: [0m---before writing in log upd_msg->data.sensor_type= 1
[91m [1776446477.981475] Client: [0m---before writing in log upd_msg->data.sid= temp_1
[91m [1776446477.981482] Client: [0m---after writing in log upd_msg->seq_no = 203
[91m [1776446477.981487] Client: [0m---after writing in log upd_msg->data.sensor_type = 1
[91m [1776446477.981492] Client: [0m---after writing in log upd_msg->reliable = 1
[91m [1776446478.836336] BSON Message: [0mInside sensor type parsing.
[91m [1776446478.836348] BSON Message: [0mInside sensor type parsing end.
[91m [1776446478.836354] BSON Message: [0mInside sid parsing
[91m [1776446478.836360] BSON Message: [0mInside temp1 parsing.
[91m [1776446478.836367] Client: [0m---before writing in log upd_msg->seq_no= 204
[91m [1776446478.836372] Client: [0m---before writing in log upd_msg->type= 4
[91m [1776446478.836378] Client: [0m---before writing in log upd_msg->frag_no= 0
[91m [1776446478.836383] Client: [0m---before writing in log upd_msg->reliable= 1
[91m [1776446478.836389] Client: [0m---before writing in log upd_msg->data.sensor_type= 1
[91m [1776446478.836394] Client: [0m---before writing in log upd_msg->data.sid= temp_1
[91m [1776446478.836400] Client: [0m---after writing in log upd_msg->seq_no = 204
[91m [1776446478.836406] Client: [0m---after writing in log upd_msg->data.sensor_type = 1
[91m [1776446478.836411] Client: [0m---after writing in log upd_msg->reliable = 1
[91m [1776446478.984685] BSON Message: [0mInside sensor type parsing.
[91m [1776446478.984696] BSON Message: [0mInside sensor type parsing end.
[91m [1776446478.984701] BSON Message: [0mInside sid parsing
[91m [1776446478.984706] BSON Message: [0mInside temp1 parsing.
[91m [1776446478.984725] Client: [0m---before writing in log upd_msg->seq_no= 205
[91m [1776446478.984729] Client: [0m---before writing in log upd_msg->type= 4
[91m [1776446478.984734] Client: [0m---before writing in log upd_msg->frag_no= 0
[91m [1776446478.984738] Client: [0m---before writing in log upd_msg->reliable= 1
[91m [1776446478.984743] Client: [0m---before writing in log upd_msg->data.sensor_type= 1
[91m [1776446478.984747] Client: [0m---before writing in log upd_msg->data.sid= temp_1
[91m [1776446478.984752] Client: [0m---after writing in log upd_msg->seq_no = 205
[91m [1776446478.984757] Client: [0m---after writing in log upd_msg->data.sensor_type = 1
[91m [1776446478.984761] Client: [0m---after writing in log upd_msg->reliable = 1
[91m [1776446479.109157] BSON Message: [0mInside sensor type parsing.
[91m [1776446479.109169] BSON Message: [0mInside sensor type parsing end.
[91m [1776446479.109174] BSON Message: [0mInside sid parsing
[91m [1776446479.109179] Client: [0m---before writing in log upd_msg->seq_no= 82
[91m [1776446479.109183] Client: [0m---before writing in log upd_msg->type= 4
[91m [1776446479.109187] Client: [0m---before writing in log upd_msg->frag_no= 0
[91m [1776446479.109192] Client: [0m---before writing in log upd_msg->reliable= 1
[91m [1776446479.109196] Client: [0m---before writing in log upd_msg->data.sensor_type= 2
[91m [1776446479.109200] Client: [0m---before writing in log upd_msg->data.sid= device_0
[91m [1776446479.109206] Client: [0m---after writing in log upd_msg->seq_no = 82
[91m [1776446479.109210] Client: [0m---after writing in log upd_msg->data.sensor_type = 2
[91m [1776446479.109215] Client: [0m---after writing in log upd_msg->reliable = 1
[91m [1776446479.804175] BSON Message: [0mInside sensor type parsing.
[91m [1776446479.804183] BSON Message: [0mInside sensor type parsing end.
[91m [1776446479.804186] BSON Message: [0mInside sid parsing
[91m [1776446479.804191] Client: [0m---before writing in log upd_msg->seq_no= 83
[91m [1776446479.804195] Client: [0m---before writing in log upd_msg->type= 4
[91m [1776446479.804199] Client: [0m---before writing in log upd_msg->frag_no= 0
[91m [1776446479.804204] Client: [0m---before writing in log upd_msg->reliable= 1
[91m [1776446479.804207] Client: [0m---before writing in log upd_msg->data.sensor_type= 2
[91m [1776446479.804211] Client: [0m---before writing in log upd_msg->data.sid= device_0
[91m [1776446479.804216] Client: [0m---after writing in log upd_msg->seq_no = 83
[91m [1776446479.804219] Client: [0m---after writing in log upd_msg->data.sensor_type = 2
[91m [1776446479.804224] Client: [0m---after writing in log upd_msg->reliable = 1
[91m [1776446479.836492] BSON Message: [0mInside sensor type parsing.
[91m [1776446479.836503] BSON Message: [0mInside sensor type parsing end.
[91m [1776446479.836509] BSON Message: [0mInside sid parsing
[91m [1776446479.836513] BSON Message: [0mInside temp1 parsing.
[91m [1776446479.836519] Client: [0m---before writing in log upd_msg->seq_no= 206
[91m [1776446479.836524] Client: [0m---before writing in log upd_msg->type= 4
[91m [1776446479.836529] Client: [0m---before writing in log upd_msg->frag_no= 0
[91m [1776446479.836533] Client: [0m---before writing in log upd_msg->reliable= 1
[91m [1776446479.836538] Client: [0m---before writing in log upd_msg->data.sensor_type= 1
[91m [1776446479.836543] Client: [0m---before writing in log upd_msg->data.sid= temp_1
[91m [1776446479.836548] Client: [0m---after writing in log upd_msg->seq_no = 206
[91m [1776446479.836553] Client: [0m---after writing in log upd_msg->data.sensor_type = 1
[91m [1776446479.836557] Client: [0m---after writing in log upd_msg->reliable = 1
[91m [1776446479.932933] BSON Message: [0mInside sensor type parsing.
[91m [1776446479.932951] BSON Message: [0mInside sensor type parsing end.
[91m [1776446479.932956] BSON Message: [0mInside sid parsing
[91m [1776446479.932968] Client: [0m---before writing in log upd_msg->seq_no= 84
[91m [1776446479.932986] Client: [0m---before writing in log upd_msg->type= 4
[91m [1776446479.932991] Client: [0m---before writing in log upd_msg->frag_no= 0
[91m [1776446479.932996] Client: [0m---before writing in log upd_msg->reliable= 1
[91m [1776446479.933006] Client: [0m---before writing in log upd_msg->data.sensor_type= 2
[91m [1776446479.933011] Client: [0m---before writing in log upd_msg->data.sid= device_0
[91m [1776446479.933017] Client: [0m---after writing in log upd_msg->seq_no = 84
[91m [1776446479.933022] Client: [0m---after writing in log upd_msg->data.sensor_type = 2
[91m [1776446479.933026] Client: [0m---after writing in log upd_msg->reliable = 1
[91m [1776446479.981688] BSON Message: [0mInside sensor type parsing.
[91m [1776446479.981696] BSON Message: [0mInside sensor type parsing end.
[91m [1776446479.981701] BSON Message: [0mInside sid parsing
[91m [1776446479.981705] BSON Message: [0mInside temp1 parsing.
[91m [1776446479.981709] Client: [0m---before writing in log upd_msg->seq_no= 207
[91m [1776446479.981725] Client: [0m---before writing in log upd_msg->type= 4
[91m [1776446479.981729] Client: [0m---before writing in log upd_msg->frag_no= 0
[91m [1776446479.981733] Client: [0m---before writing in log upd_msg->reliable= 1
[91m [1776446479.981737] Client: [0m---before writing in log upd_msg->data.sensor_type= 1
[91m [1776446479.981742] Client: [0m---before writing in log upd_msg->data.sid= temp_1
[91m [1776446479.981747] Client: [0m---after writing in log upd_msg->seq_no = 207
[91m [1776446479.981751] Client: [0m---after writing in log upd_msg->data.sensor_type = 1
[91m [1776446479.981755] Client: [0m---after writing in log upd_msg->reliable = 1
[91m [1776446480.836863] BSON Message: [0mInside sensor type parsing.
[91m [1776446480.836873] BSON Message: [0mInside sensor type parsing end.
[91m [1776446480.836878] BSON Message: [0mInside sid parsing
[91m [1776446480.836882] BSON Message: [0mInside temp1 parsing.
[91m [1776446480.836887] Client: [0m---before writing in log upd_msg->seq_no= 208
[91m [1776446480.836891] Client: [0m---before writing in log upd_msg->type= 4
[91m [1776446480.836895] Client: [0m---before writing in log upd_msg->frag_no= 0
[91m [1776446480.836899] Client: [0m---before writing in log upd_msg->reliable= 1
[91m [1776446480.836903] Client: [0m---before writing in log upd_msg->data.sensor_type= 1
[91m [1776446480.836906] Client: [0m---before writing in log upd_msg->data.sid= temp_1
[91m [1776446480.836911] Client: [0m---after writing in log upd_msg->seq_no = 208
[91m [1776446480.836923] Client: [0m---after writing in log upd_msg->data.sensor_type = 1
[91m [1776446480.836929] Client: [0m---after writing in log upd_msg->reliable = 1
[91m [1776446480.982074] BSON Message: [0mInside sensor type parsing.
[91m [1776446480.982084] BSON Message: [0mInside sensor type parsing end.
[91m [1776446480.982091] BSON Message: [0mInside sid parsing
[91m [1776446480.982097] BSON Message: [0mInside temp1 parsing.
[91m [1776446480.982103] Client: [0m---before writing in log upd_msg->seq_no= 209
[91m [1776446480.982107] Client: [0m---before writing in log upd_msg->type= 4
[91m [1776446480.982110] Client: [0m---before writing in log upd_msg->frag_no= 0
[91m [1776446480.982115] Client: [0m---before writing in log upd_msg->reliable= 1
[91m [1776446480.982121] Client: [0m---before writing in log upd_msg->data.sensor_type= 1
[91m [1776446480.982126] Client: [0m---before writing in log upd_msg->data.sid= temp_1
[91m [1776446480.982132] Client: [0m---after writing in log upd_msg->seq_no = 209
[91m [1776446480.982137] Client: [0m---after writing in log upd_msg->data.sensor_type = 1
[91m [1776446480.982142] Client: [0m---after writing in log upd_msg->reliable = 1
[91m [1776446481.837283] BSON Message: [0mInside sensor type parsing.
[91m [1776446481.837292] BSON Message: [0mInside sensor type parsing end.
[91m [1776446481.837298] BSON Message: [0mInside sid parsing
[91m [1776446481.837302] BSON Message: [0mInside temp1 parsing.
[91m [1776446481.837312] Client: [0m---before writing in log upd_msg->seq_no= 210
[91m [1776446481.837317] Client: [0m---before writing in log upd_msg->type= 4
[91m [1776446481.837322] Client: [0m---before writing in log upd_msg->frag_no= 0
[91m [1776446481.837327] Client: [0m---before writing in log upd_msg->reliable= 1
[91m [1776446481.837333] Client: [0m---before writing in log upd_msg->data.sensor_type= 1
[91m [1776446481.837339] Client: [0m---before writing in log upd_msg->data.sid= temp_1
[91m [1776446481.837346] Client: [0m---after writing in log upd_msg->seq_no = 210
[91m [1776446481.837351] Client: [0m---after writing in log upd_msg->data.sensor_type = 1
[91m [1776446481.837356] Client: [0m---after writing in log upd_msg->reliable = 1
[91m [1776446481.982242] BSON Message: [0mInside sensor type parsing.
[91m [1776446481.982253] BSON Message: [0mInside sensor type parsing end.
[91m [1776446481.982258] BSON Message: [0mInside sid parsing
[91m [1776446481.982263] BSON Message: [0mInside temp1 parsing.
[91m [1776446481.982269] Client: [0m---before writing in log upd_msg->seq_no= 211
[91m [1776446481.982273] Client: [0m---before writing in log upd_msg->type= 4
[91m [1776446481.982278] Client: [0m---before writing in log upd_msg->frag_no= 0
[91m [1776446481.982282] Client: [0m---before writing in log upd_msg->reliable= 1
[91m [1776446481.982287] Client: [0m---before writing in log upd_msg->data.sensor_type= 1
[91m [1776446481.982292] Client: [0m---before writing in log upd_msg->data.sid= temp_1
[91m [1776446481.982297] Client: [0m---after writing in log upd_msg->seq_no = 211
[91m [1776446481.982301] Client: [0m---after writing in log upd_msg->data.sensor_type = 1
[91m [1776446481.982306] Client: [0m---after writing in log upd_msg->reliable = 1
[91m [1776446482.684859] BSON Message: [0mInside sensor type parsing.
[91m [1776446482.684868] BSON Message: [0mInside sensor type parsing end.
[91m [1776446482.684872] BSON Message: [0mInside sid parsing
[91m [1776446482.684876] BSON Message: [0mInside gps1 parsing.
[91m [1776446482.684882] Client: [0m---before writing in log upd_msg->seq_no= 23
[91m [1776446482.684887] Client: [0m---before writing in log upd_msg->type= 4
[91m [1776446482.684891] Client: [0m---before writing in log upd_msg->frag_no= 0
[91m [1776446482.684895] Client: [0m---before writing in log upd_msg->reliable= 1
[91m [1776446482.684900] Client: [0m---before writing in log upd_msg->data.sensor_type= 3
[91m [1776446482.684903] Client: [0m---before writing in log upd_msg->data.sid= gps_2
[91m [1776446482.684908] Client: [0m---after writing in log upd_msg->seq_no = 23
[91m [1776446482.684912] Client: [0m---after writing in log upd_msg->data.sensor_type = 3
[91m [1776446482.684923] Client: [0m---after writing in log upd_msg->reliable = 1
[91m [1776446482.694604] BSON Message: [0mInside sensor type parsing.
[91m [1776446482.694612] BSON Message: [0mInside sensor type parsing end.
[91m [1776446482.694616] BSON Message: [0mInside sid parsing
[91m [1776446482.694621] Client: [0m---before writing in log upd_msg->seq_no= 85
[91m [1776446482.694625] Client: [0m---before writing in log upd_msg->type= 4
[91m [1776446482.694629] Client: [0m---before writing in log upd_msg->frag_no= 0
[91m [1776446482.694632] Client: [0m---before writing in log upd_msg->reliable= 0
[91m [1776446482.694636] Client: [0m---before writing in log upd_msg->data.sensor_type= 2
[91m [1776446482.694640] Client: [0m---before writing in log upd_msg->data.sid= device_0
[91m [1776446482.694644] Client: [0m---after writing in log upd_msg->seq_no = 85
[91m [1776446482.694649] Client: [0m---after writing in log upd_msg->data.sensor_type = 2
[91m [1776446482.694653] Client: [0m---after writing in log upd_msg->reliable = 0
[91m [1776446482.837720] BSON Message: [0mInside sensor type parsing.
[91m [1776446482.837730] BSON Message: [0mInside sensor type parsing end.
[91m [1776446482.837734] BSON Message: [0mInside sid parsing
[91m [1776446482.837738] BSON Message: [0mInside temp1 parsing.
[91m [1776446482.837749] Client: [0m---before writing in log upd_msg->seq_no= 212
[91m [1776446482.837754] Client: [0m---before writing in log upd_msg->type= 4
[91m [1776446482.837758] Client: [0m---before writing in log upd_msg->frag_no= 0
[91m [1776446482.837763] Client: [0m---before writing in log upd_msg->reliable= 1
[91m [1776446482.837767] Client: [0m---before writing in log upd_msg->data.sensor_type= 1
[91m [1776446482.837771] Client: [0m---before writing in log upd_msg->data.sid= temp_1
[91m [1776446482.837829] Client: [0m---after writing in log upd_msg->seq_no = 212
[91m [1776446482.837833] Client: [0m---after writing in log upd_msg->data.sensor_type = 1
[91m [1776446482.837837] Client: [0m---after writing in log upd_msg->reliable = 1
[91m [1776446482.982525] BSON Message: [0mInside sensor type parsing.
[91m [1776446482.982537] BSON Message: [0mInside sensor type parsing end.
[91m [1776446482.982543] BSON Message: [0mInside sid parsing
[91m [1776446482.982547] BSON Message: [0mInside temp1 parsing.
[91m [1776446482.982554] Client: [0m---before writing in log upd_msg->seq_no= 213
[91m [1776446482.982559] Client: [0m---before writing in log upd_msg->type= 4
[91m [1776446482.982563] Client: [0m---before writing in log upd_msg->frag_no= 0
[91m [1776446482.982568] Client: [0m---before writing in log upd_msg->reliable= 1
[91m [1776446482.982573] Client: [0m---before writing in log upd_msg->data.sensor_type= 1
[91m [1776446482.982577] Client: [0m---before writing in log upd_msg->data.sid= temp_1
[91m [1776446482.982583] Client: [0m---after writing in log upd_msg->seq_no = 213
[91m [1776446482.982587] Client: [0m---after writing in log upd_msg->data.sensor_type = 1
[91m [1776446482.982592] Client: [0m---after writing in log upd_msg->reliable = 1
[91m [1776446483.500157] BSON Message: [0mInside sensor type parsing.
[91m [1776446483.500169] BSON Message: [0mInside sensor type parsing end.
[91m [1776446483.500174] BSON Message: [0mInside sid parsing
[91m [1776446483.500180] Client: [0m---before writing in log upd_msg->seq_no= 86
[91m [1776446483.500184] Client: [0m---before writing in log upd_msg->type= 4
[91m [1776446483.500189] Client: [0m---before writing in log upd_msg->frag_no= 0
[91m [1776446483.500193] Client: [0m---before writing in log upd_msg->reliable= 1
[91m [1776446483.500197] Client: [0m---before writing in log upd_msg->data.sensor_type= 2
[91m [1776446483.500202] Client: [0m---before writing in log upd_msg->data.sid= device_0
[91m [1776446483.500208] Client: [0m---after writing in log upd_msg->seq_no = 86
[91m [1776446483.500212] Client: [0m---after writing in log upd_msg->data.sensor_type = 2
[91m [1776446483.500217] Client: [0m---after writing in log upd_msg->reliable = 1
[91m [1776446483.837970] BSON Message: [0mInside sensor type parsing.
[91m [1776446483.837980] BSON Message: [0mInside sensor type parsing end.
[91m [1776446483.837985] BSON Message: [0mInside sid parsing
[91m [1776446483.837990] BSON Message: [0mInside temp1 parsing.
[91m [1776446483.837997] Client: [0m---before writing in log upd_msg->seq_no= 214
[91m [1776446483.838003] Client: [0m---before writing in log upd_msg->type= 4
[91m [1776446483.838007] Client: [0m---before writing in log upd_msg->frag_no= 0
[91m [1776446483.838012] Client: [0m---before writing in log upd_msg->reliable= 1
[91m [1776446483.838017] Client: [0m---before writing in log upd_msg->data.sensor_type= 1
[91m [1776446483.838022] Client: [0m---before writing in log upd_msg->data.sid= temp_1
[91m [1776446483.838027] Client: [0m---after writing in log upd_msg->seq_no = 214
[91m [1776446483.838032] Client: [0m---after writing in log upd_msg->data.sensor_type = 1
[91m [1776446483.838036] Client: [0m---after writing in log upd_msg->reliable = 1
[91m [1776446483.982697] BSON Message: [0mInside sensor type parsing.
[91m [1776446483.982707] BSON Message: [0mInside sensor type parsing end.
[91m [1776446483.982711] BSON Message: [0mInside sid parsing
[91m [1776446483.982757] BSON Message: [0mInside temp1 parsing.
[91m [1776446483.982763] Client: [0m---before writing in log upd_msg->seq_no= 215
[91m [1776446483.982767] Client: [0m---before writing in log upd_msg->type= 4
[91m [1776446483.982772] Client: [0m---before writing in log upd_msg->frag_no= 0
[91m [1776446483.982775] Client: [0m---before writing in log upd_msg->reliable= 1
[91m [1776446483.982779] Client: [0m---before writing in log upd_msg->data.sensor_type= 1
[91m [1776446483.982783] Client: [0m---before writing in log upd_msg->data.sid= temp_1
[91m [1776446483.982788] Client: [0m---after writing in log upd_msg->seq_no = 215
[91m [1776446483.982792] Client: [0m---after writing in log upd_msg->data.sensor_type = 1
[91m [1776446483.982796] Client: [0m---after writing in log upd_msg->reliable = 1
[91m [1776446484.837956] BSON Message: [0mInside sensor type parsing.
[91m [1776446484.837970] BSON Message: [0mInside sensor type parsing end.
[91m [1776446484.837976] BSON Message: [0mInside sid parsing
[91m [1776446484.837982] BSON Message: [0mInside temp1 parsing.
[91m [1776446484.837989] Client: [0m---before writing in log upd_msg->seq_no= 216
[91m [1776446484.837995] Client: [0m---before writing in log upd_msg->type= 4
[91m [1776446484.838000] Client: [0m---before writing in log upd_msg->frag_no= 0
[91m [1776446484.838006] Client: [0m---before writing in log upd_msg->reliable= 1
[91m [1776446484.838011] Client: [0m---before writing in log upd_msg->data.sensor_type= 1
[91m [1776446484.838017] Client: [0m---before writing in log upd_msg->data.sid= temp_1
[91m [1776446484.838023] Client: [0m---after writing in log upd_msg->seq_no = 216
[91m [1776446484.838028] Client: [0m---after writing in log upd_msg->data.sensor_type = 1
[91m [1776446484.838034] Client: [0m---after writing in log upd_msg->reliable = 1
[91m [1776446484.983120] BSON Message: [0mInside sensor type parsing.
[91m [1776446484.983129] BSON Message: [0mInside sensor type parsing end.
[91m [1776446484.983133] BSON Message: [0mInside sid parsing
[91m [1776446484.983136] BSON Message: [0mInside temp1 parsing.
[91m [1776446484.983140] Client: [0m---before writing in log upd_msg->seq_no= 217
[91m [1776446484.983145] Client: [0m---before writing in log upd_msg->type= 4
[91m [1776446484.983150] Client: [0m---before writing in log upd_msg->frag_no= 0
[91m [1776446484.983155] Client: [0m---before writing in log upd_msg->reliable= 1
[91m [1776446484.983158] Client: [0m---before writing in log upd_msg->data.sensor_type= 1
[91m [1776446484.983161] Client: [0m---before writing in log upd_msg->data.sid= temp_1
[91m [1776446484.983165] Client: [0m---after writing in log upd_msg->seq_no = 217
[91m [1776446484.983168] Client: [0m---after writing in log upd_msg->data.sensor_type = 1
[91m [1776446484.983171] Client: [0m---after writing in log upd_msg->reliable = 1
[91m [1776446485.838384] BSON Message: [0mInside sensor type parsing.
[91m [1776446485.838394] BSON Message: [0mInside sensor type parsing end.
[91m [1776446485.838398] BSON Message: [0mInside sid parsing
[91m [1776446485.838402] BSON Message: [0mInside temp1 parsing.
[91m [1776446485.838407] Client: [0m---before writing in log upd_msg->seq_no= 218
[91m [1776446485.838411] Client: [0m---before writing in log upd_msg->type= 4
[91m [1776446485.838414] Client: [0m---before writing in log upd_msg->frag_no= 0
[91m [1776446485.838419] Client: [0m---before writing in log upd_msg->reliable= 1
[91m [1776446485.838423] Client: [0m---before writing in log upd_msg->data.sensor_type= 1
[91m [1776446485.838428] Client: [0m---before writing in log upd_msg->data.sid= temp_1
[91m [1776446485.838434] Client: [0m---after writing in log upd_msg->seq_no = 218
[91m [1776446485.838437] Client: [0m---after writing in log upd_msg->data.sensor_type = 1
[91m [1776446485.838440] Client: [0m---after writing in log upd_msg->reliable = 1
[91m [1776446485.983477] BSON Message: [0mInside sensor type parsing.
[91m [1776446485.983488] BSON Message: [0mInside sensor type parsing end.
[91m [1776446485.983498] BSON Message: [0mInside sid parsing
[91m [1776446485.983503] BSON Message: [0mInside temp1 parsing.
[91m [1776446485.983509] Client: [0m---before writing in log upd_msg->seq_no= 219
[91m [1776446485.983513] Client: [0m---before writing in log upd_msg->type= 4
[91m [1776446485.983518] Client: [0m---before writing in log upd_msg->frag_no= 0
[91m [1776446485.983522] Client: [0m---before writing in log upd_msg->reliable= 1
[91m [1776446485.983527] Client: [0m---before writing in log upd_msg->data.sensor_type= 1
[91m [1776446485.983531] Client: [0m---before writing in log upd_msg->data.sid= temp_1
[91m [1776446485.983537] Client: [0m---after writing in log upd_msg->seq_no = 219
[91m [1776446485.983542] Client: [0m---after writing in log upd_msg->data.sensor_type = 1
[91m [1776446485.983546] Client: [0m---after writing in log upd_msg->reliable = 1
[91m [1776446486.431415] BSON Message: [0mInside sensor type parsing.
[91m [1776446486.431427] BSON Message: [0mInside sensor type parsing end.
[91m [1776446486.431433] BSON Message: [0mInside sid parsing
[91m [1776446486.431439] Client: [0m---before writing in log upd_msg->seq_no= 87
[91m [1776446486.431443] Client: [0m---before writing in log upd_msg->type= 4
[91m [1776446486.431448] Client: [0m---before writing in log upd_msg->frag_no= 0
[91m [1776446486.431453] Client: [0m---before writing in log upd_msg->reliable= 1
[91m [1776446486.431457] Client: [0m---before writing in log upd_msg->data.sensor_type= 2
[91m [1776446486.431462] Client: [0m---before writing in log upd_msg->data.sid= device_0
[91m [1776446486.431467] Client: [0m---after writing in log upd_msg->seq_no = 87
[91m [1776446486.431471] Client: [0m---after writing in log upd_msg->data.sensor_type = 2
[91m [1776446486.431476] Client: [0m---after writing in log upd_msg->reliable = 1
[91m [1776446486.838625] BSON Message: [0mInside sensor type parsing.
[91m [1776446486.838636] BSON Message: [0mInside sensor type parsing end.
[91m [1776446486.838642] BSON Message: [0mInside sid parsing
[91m [1776446486.838649] BSON Message: [0mInside temp1 parsing.
[91m [1776446486.838656] Client: [0m---before writing in log upd_msg->seq_no= 220
[91m [1776446486.838662] Client: [0m---before writing in log upd_msg->type= 4
[91m [1776446486.838668] Client: [0m---before writing in log upd_msg->frag_no= 0
[91m [1776446486.838673] Client: [0m---before writing in log upd_msg->reliable= 1
[91m [1776446486.838678] Client: [0m---before writing in log upd_msg->data.sensor_type= 1
[91m [1776446486.838682] Client: [0m---before writing in log upd_msg->data.sid= temp_1
[91m [1776446486.838688] Client: [0m---after writing in log upd_msg->seq_no = 220
[91m [1776446486.838693] Client: [0m---after writing in log upd_msg->data.sensor_type = 1
[91m [1776446486.838699] Client: [0m---after writing in log upd_msg->reliable = 1
[91m [1776446486.983739] BSON Message: [0mInside sensor type parsing.
[91m [1776446486.983748] BSON Message: [0mInside sensor type parsing end.
[91m [1776446486.983754] BSON Message: [0mInside sid parsing
[91m [1776446486.983759] BSON Message: [0mInside temp1 parsing.
[91m [1776446486.983765] Client: [0m---before writing in log upd_msg->seq_no= 221
[91m [1776446486.983769] Client: [0m---before writing in log upd_msg->type= 4
[91m [1776446486.983774] Client: [0m---before writing in log upd_msg->frag_no= 0
[91m [1776446486.983779] Client: [0m---before writing in log upd_msg->reliable= 1
[91m [1776446486.983784] Client: [0m---before writing in log upd_msg->data.sensor_type= 1
[91m [1776446486.983789] Client: [0m---before writing in log upd_msg->data.sid= temp_1
[91m [1776446486.983794] Client: [0m---after writing in log upd_msg->seq_no = 221
[91m [1776446486.983800] Client: [0m---after writing in log upd_msg->data.sensor_type = 1
[91m [1776446486.983806] Client: [0m---after writing in log upd_msg->reliable = 1
[91m [1776446487.809467] BSON Message: [0mInside sensor type parsing.
[91m [1776446487.809479] BSON Message: [0mInside sensor type parsing end.
[91m [1776446487.809483] BSON Message: [0mInside sid parsing
[91m [1776446487.809488] Client: [0m---before writing in log upd_msg->seq_no= 88
[91m [1776446487.809492] Client: [0m---before writing in log upd_msg->type= 4
[91m [1776446487.809496] Client: [0m---before writing in log upd_msg->frag_no= 0
[91m [1776446487.809500] Client: [0m---before writing in log upd_msg->reliable= 1
[91m [1776446487.809503] Client: [0m---before writing in log upd_msg->data.sensor_type= 2
[91m [1776446487.809507] Client: [0m---before writing in log upd_msg->data.sid= device_0
[91m [1776446487.809512] Client: [0m---after writing in log upd_msg->seq_no = 88
[91m [1776446487.809516] Client: [0m---after writing in log upd_msg->data.sensor_type = 2
[91m [1776446487.809519] Client: [0m---after writing in log upd_msg->reliable = 1
[91m [1776446487.838784] BSON Message: [0mInside sensor type parsing.
[91m [1776446487.838795] BSON Message: [0mInside sensor type parsing end.
[91m [1776446487.838801] BSON Message: [0mInside sid parsing
[91m [1776446487.838806] BSON Message: [0mInside temp1 parsing.
[91m [1776446487.838812] Client: [0m---before writing in log upd_msg->seq_no= 222
[91m [1776446487.838817] Client: [0m---before writing in log upd_msg->type= 4
[91m [1776446487.838822] Client: [0m---before writing in log upd_msg->frag_no= 0
[91m [1776446487.838827] Client: [0m---before writing in log upd_msg->reliable= 1
[91m [1776446487.838831] Client: [0m---before writing in log upd_msg->data.sensor_type= 1
[91m [1776446487.838836] Client: [0m---before writing in log upd_msg->data.sid= temp_1
[91m [1776446487.838843] Client: [0m---after writing in log upd_msg->seq_no = 222
[91m [1776446487.838849] Client: [0m---after writing in log upd_msg->data.sensor_type = 1
[91m [1776446487.838854] Client: [0m---after writing in log upd_msg->reliable = 1
[91m [1776446487.983877] BSON Message: [0mInside sensor type parsing.
[91m [1776446487.983884] BSON Message: [0mInside sensor type parsing end.
[91m [1776446487.983889] BSON Message: [0mInside sid parsing
[91m [1776446487.983893] BSON Message: [0mInside temp1 parsing.
[91m [1776446487.983898] Client: [0m---before writing in log upd_msg->seq_no= 223
[91m [1776446487.983903] Client: [0m---before writing in log upd_msg->type= 4
[91m [1776446487.983906] Client: [0m---before writing in log upd_msg->frag_no= 0
[91m [1776446487.983911] Client: [0m---before writing in log upd_msg->reliable= 1
[91m [1776446487.983922] Client: [0m---before writing in log upd_msg->data.sensor_type= 1
[91m [1776446487.983928] Client: [0m---before writing in log upd_msg->data.sid= temp_1
[91m [1776446487.983932] Client: [0m---after writing in log upd_msg->seq_no = 223
[91m [1776446487.983936] Client: [0m---after writing in log upd_msg->data.sensor_type = 1
[91m [1776446487.983940] Client: [0m---after writing in log upd_msg->reliable = 1
[91m [1776446488.331041] BSON Message: [0mInside sensor type parsing.
[91m [1776446488.331051] BSON Message: [0mInside sensor type parsing end.
[91m [1776446488.331056] BSON Message: [0mInside sid parsing
[91m [1776446488.331061] Client: [0m---before writing in log upd_msg->seq_no= 89
[91m [1776446488.331065] Client: [0m---before writing in log upd_msg->type= 4
[91m [1776446488.331069] Client: [0m---before writing in log upd_msg->frag_no= 0
[91m [1776446488.331073] Client: [0m---before writing in log upd_msg->reliable= 1
[91m [1776446488.331077] Client: [0m---before writing in log upd_msg->data.sensor_type= 2
[91m [1776446488.331081] Client: [0m---before writing in log upd_msg->data.sid= device_0
[91m [1776446488.331085] Client: [0m---after writing in log upd_msg->seq_no = 89
[91m [1776446488.331089] Client: [0m---after writing in log upd_msg->data.sensor_type = 2
[91m [1776446488.331092] Client: [0m---after writing in log upd_msg->reliable = 1
[91m [1776446488.839082] BSON Message: [0mInside sensor type parsing.
[91m [1776446488.839091] BSON Message: [0mInside sensor type parsing end.
[91m [1776446488.839098] BSON Message: [0mInside sid parsing
[91m [1776446488.839102] BSON Message: [0mInside temp1 parsing.
[91m [1776446488.839105] Client: [0m---before writing in log upd_msg->seq_no= 224
[91m [1776446488.839109] Client: [0m---before writing in log upd_msg->type= 4
[91m [1776446488.839113] Client: [0m---before writing in log upd_msg->frag_no= 0
[91m [1776446488.839117] Client: [0m---before writing in log upd_msg->reliable= 1
[91m [1776446488.839121] Client: [0m---before writing in log upd_msg->data.sensor_type= 1
[91m [1776446488.839125] Client: [0m---before writing in log upd_msg->data.sid= temp_1
[91m [1776446488.839130] Client: [0m---after writing in log upd_msg->seq_no = 224
[91m [1776446488.839134] Client: [0m---after writing in log upd_msg->data.sensor_type = 1
[91m [1776446488.839138] Client: [0m---after writing in log upd_msg->reliable = 1
[91m [1776446488.984128] BSON Message: [0mInside sensor type parsing.
[91m [1776446488.984137] BSON Message: [0mInside sensor type parsing end.
[91m [1776446488.984141] BSON Message: [0mInside sid parsing
[91m [1776446488.984146] BSON Message: [0mInside temp1 parsing.
ssage type is 4
---------Update message arrived------------ 1
Got a message from the server.
Message type is 4
---------Update message arrived------------ 1
Got a message from the server.
Message type is 4
---------Update message arrived------------ 1
Got a message from the server.
Message type is 4
---------Update message arrived------------ 1
Got a message from the server.
Message type is 4
---------Update message arrived------------ 1
Got a message from the server.
Message type is 4
---------Update message arrived------------ 1
Got a message from the server.
Message type is 4
---------Update message arrived------------ 1
Got a message from the server.
Message type is 4
---------Update message arrived------------ 1
Got a message from the server.
Message type is 4
---------Update message arrived------------ 1
Got a message from the server.
Message type is 4
---------Update message arrived------------ 1
Got a message from the server.
Message type is 4
---------Update message arrived------------ 1
Got a message from the server.
Message type is 4
---------Update message arrived------------ 1
Got a message from the server.
Message type is 4
---------Update message arrived------------ 1
Got a message from the server.
Message type is 4
---------Update message arrived------------ 1
Got a message from the server.
Message type is 4
---------Update message arrived------------ 1
Got a message from the server.
Message type is 4
---------Update message arrived------------ 1
Got a message from the server.
Message type is 4
---------Update message arrived------------ 1
Got a message from the server.
Message type is 4
---------Update message arrived------------ 1
Got a message from the server.
Message type is 4
---------Update message arrived------------ 1
Got a message from the server.
Message type is 4
---------Update message arrived------------ 1
Got a message from the server.
Message type is 4
---------Update message arrived------------ 1
Got a message from the server.
Message type is 4
---------Update message arrived------------ 1
Got a message from the server.
Message type is 4
---------Update message arrived------------ 1
Got a message from the server.
Message type is 4
---------Update message arrived------------ 1
Got a message from the server.
Message type is 4
---------Update message arrived------------ 1
Got a message from the server.
Message type is 4
---------Update message arrived------------ 1
Got a message from the server.
Message type is 4
---------Update message arrived------------ 1
Got a message from the server.
Message type is 4
---------Update message arrived------------ 1
Got a message from the server.
Message type is 4
---------Update message arrived------------ 1
Got a message from the server.
Message type is 4
---------Update message arrived------------ 1
Got a message from the server.
Message type is 4
---------Update message arrived------------ 1
Got a message from the server.
Message type is 4
---------Update message arrived------------ 1
Got a message from the server.
Message type is 4
---------Update message arrived------------ 1
Got a message from the server.
Message type is 4
---------Update message arrived------------ 1
Got a message from the server.
Message type is 4
---------Update message arrived------------ 1
Got a message from the server.
Message type is 4
---------Update message arrived------------ 1
Got a message from the server.
Message type is 4
---------Update message arrived------------ 1
Got a message from the server.
Message type is 4
---------Update message arrived------------ 1
Got a message from the server.
Message type is 4
---------Update message arrived------------ 1
Got a message from the server.
Message type is 4
---------Update message arrived------------ 1
Got a message from the server.
Message type is 4
---------Update message arrived------------ 1
Got a message from the server.
Message type is 4
---------Update message arrived------------ 1
Got a message from the server.
Message type is 4
---------Update message arrived------------ 1
Got a message from the server.
Message type [91m [1776446488.984165] Client: [0m---before writing in log upd_msg->seq_no= 225
[91m [1776446488.984169] Client: [0m---before writing in log upd_msg->type= 4
[91m [1776446488.984173] Client: [0m---before writing in log upd_msg->frag_no= 0
[91m [1776446488.984177] Client: [0m---before writing in log upd_msg->reliable= 1
[91m [1776446488.984181] Client: [0m---before writing in log upd_msg->data.sensor_type= 1
[91m [1776446488.984184] Client: [0m---before writing in log upd_msg->data.sid= temp_1
[91m [1776446488.984190] Client: [0m---after writing in log upd_msg->seq_no = 225
[91m [1776446488.984195] Client: [0m---after writing in log upd_msg->data.sensor_type = 1
[91m [1776446488.984199] Client: [0m---after writing in log upd_msg->reliable = 1
[91m [1776446489.617197] BSON Message: [0mInside sensor type parsing.
[91m [1776446489.617207] BSON Message: [0mInside sensor type parsing end.
[91m [1776446489.617212] BSON Message: [0mInside sid parsing
[91m [1776446489.617217] Client: [0m---before writing in log upd_msg->seq_no= 90
[91m [1776446489.617221] Client: [0m---before writing in log upd_msg->type= 4
[91m [1776446489.617224] Client: [0m---before writing in log upd_msg->frag_no= 0
[91m [1776446489.617228] Client: [0m---before writing in log upd_msg->reliable= 1
[91m [1776446489.617232] Client: [0m---before writing in log upd_msg->data.sensor_type= 2
[91m [1776446489.617235] Client: [0m---before writing in log upd_msg->data.sid= device_0
[91m [1776446489.617240] Client: [0m---after writing in log upd_msg->seq_no = 90
[91m [1776446489.617243] Client: [0m---after writing in log upd_msg->data.sensor_type = 2
[91m [1776446489.617247] Client: [0m---after writing in log upd_msg->reliable = 1
[91m [1776446489.839657] BSON Message: [0mInside sensor type parsing.
[91m [1776446489.839669] BSON Message: [0mInside sensor type parsing end.
[91m [1776446489.839674] BSON Message: [0mInside sid parsing
[91m [1776446489.839680] BSON Message: [0mInside temp1 parsing.
[91m [1776446489.839686] Client: [0m---before writing in log upd_msg->seq_no= 226
[91m [1776446489.839691] Client: [0m---before writing in log upd_msg->type= 4
[91m [1776446489.839696] Client: [0m---before writing in log upd_msg->frag_no= 0
[91m [1776446489.839700] Client: [0m---before writing in log upd_msg->reliable= 1
[91m [1776446489.839704] Client: [0m---before writing in log upd_msg->data.sensor_type= 1
[91m [1776446489.839709] Client: [0m---before writing in log upd_msg->data.sid= temp_1
[91m [1776446489.839715] Client: [0m---after writing in log upd_msg->seq_no = 226
[91m [1776446489.839719] Client: [0m---after writing in log upd_msg->data.sensor_type = 1
[91m [1776446489.839724] Client: [0m---after writing in log upd_msg->reliable = 1
[91m [1776446489.984669] BSON Message: [0mInside sensor type parsing.
[91m [1776446489.984698] BSON Message: [0mInside sensor type parsing end.
[91m [1776446489.984703] BSON Message: [0mInside sid parsing
[91m [1776446489.984708] BSON Message: [0mInside temp1 parsing.
[91m [1776446489.984715] Client: [0m---before writing in log upd_msg->seq_no= 227
[91m [1776446489.984720] Client: [0m---before writing in log upd_msg->type= 4
[91m [1776446489.984724] Client: [0m---before writing in log upd_msg->frag_no= 0
[91m [1776446489.984727] Client: [0m---before writing in log upd_msg->reliable= 1
[91m [1776446489.984732] Client: [0m---before writing in log upd_msg->data.sensor_type= 1
[91m [1776446489.984736] Client: [0m---before writing in log upd_msg->data.sid= temp_1
[91m [1776446489.984740] Client: [0m---after writing in log upd_msg->seq_no = 227
[91m [1776446489.984746] Client: [0m---after writing in log upd_msg->data.sensor_type = 1
[91m [1776446489.984751] Client: [0m---after writing in log upd_msg->reliable = 1
[91m [1776446490.312842] BSON Message: [0mInside sensor type parsing.
[91m [1776446490.312857] BSON Message: [0mInside sensor type parsing end.
[91m [1776446490.312864] BSON Message: [0mInside sid parsing
[91m [1776446490.312873] Client: [0m---before writing in log upd_msg->seq_no= 91
[91m [1776446490.312879] Client: [0m---before writing in log upd_msg->type= 4
[91m [1776446490.312885] Client: [0m---before writing in log upd_msg->frag_no= 0
[91m [1776446490.312890] Client: [0m---before writing in log upd_msg->reliable= 1
[91m [1776446490.312896] Client: [0m---before writing in log upd_msg->data.sensor_type= 2
[91m [1776446490.312901] Client: [0m---before writing in log upd_msg->data.sid= device_0
[91m [1776446490.312908] Client: [0m---after writing in log upd_msg->seq_no = 91
[91m [1776446490.312913] Client: [0m---after writing in log upd_msg->data.sensor_type = 2
[91m [1776446490.312932] Client: [0m---after writing in log upd_msg->reliable = 1
[91m [1776446490.766742] BSON Message: [0mInside sensor type parsing.
[91m [1776446490.766754] BSON Message: [0mInside sensor type parsing end.
[91m [1776446490.766760] BSON Message: [0mInside sid parsing
[91m [1776446490.766764] BSON Message: [0mInside gps1 parsing.
[91m [1776446490.766771] Client: [0m---before writing in log upd_msg->seq_no= 24
[91m [1776446490.766775] Client: [0m---before writing in log upd_msg->type= 4
[91m [1776446490.766780] Client: [0m---before writing in log upd_msg->frag_no= 0
[91m [1776446490.766785] Client: [0m---before writing in log upd_msg->reliable= 1
[91m [1776446490.766789] Client: [0m---before writing in log upd_msg->data.sensor_type= 3
[91m [1776446490.766793] Client: [0m---before writing in log upd_msg->data.sid= gps_2
[91m [1776446490.766800] Client: [0m---after writing in log upd_msg->seq_no = 24
[91m [1776446490.766804] Client: [0m---after writing in log upd_msg->data.sensor_type = 3
[91m [1776446490.766808] Client: [0m---after writing in log upd_msg->reliable = 1
[91m [1776446490.840084] BSON Message: [0mInside sensor type parsing.
[91m [1776446490.840093] BSON Message: [0mInside sensor type parsing end.
[91m [1776446490.840097] BSON Message: [0mInside sid parsing
[91m [1776446490.840101] BSON Message: [0mInside temp1 parsing.
[91m [1776446490.840106] Client: [0m---before writing in log upd_msg->seq_no= 228
[91m [1776446490.840110] Client: [0m---before writing in log upd_msg->type= 4
[91m [1776446490.840115] Client: [0m---before writing in log upd_msg->frag_no= 0
[91m [1776446490.840119] Client: [0m---before writing in log upd_msg->reliable= 1
[91m [1776446490.840122] Client: [0m---before writing in log upd_msg->data.sensor_type= 1
[91m [1776446490.840126] Client: [0m---before writing in log upd_msg->data.sid= temp_1
[91m [1776446490.840131] Client: [0m---after writing in log upd_msg->seq_no = 228
[91m [1776446490.840135] Client: [0m---after writing in log upd_msg->data.sensor_type = 1
[91m [1776446490.840140] Client: [0m---after writing in log upd_msg->reliable = 1
[91m [1776446490.984847] BSON Message: [0mInside sensor type parsing.
[91m [1776446490.984865] BSON Message: [0mInside sensor type parsing end.
[91m [1776446490.984872] BSON Message: [0mInside sid parsing
[91m [1776446490.984878] BSON Message: [0mInside temp1 parsing.
[91m [1776446490.984884] Client: [0m---before writing in log upd_msg->seq_no= 229
[91m [1776446490.984890] Client: [0m---before writing in log upd_msg->type= 4
[91m [1776446490.984895] Client: [0m---before writing in log upd_msg->frag_no= 0
[91m [1776446490.984901] Client: [0m---before writing in log upd_msg->reliable= 1
[91m [1776446490.984907] Client: [0m---before writing in log upd_msg->data.sensor_type= 1
[91m [1776446490.984912] Client: [0m---before writing in log upd_msg->data.sid= temp_1
[91m [1776446490.984932] Client: [0m---after writing in log upd_msg->seq_no = 229
[91m [1776446490.984937] Client: [0m---after writing in log upd_msg->data.sensor_type = 1
[91m [1776446490.984942] Client: [0m---after writing in log upd_msg->reliable = 1
[91m [1776446491.840103] BSON Message: [0mInside sensor type parsing.
[91m [1776446491.840112] BSON Message: [0mInside sensor type parsing end.
[91m [1776446491.840116] BSON Message: [0mInside sid parsing
[91m [1776446491.840120] BSON Message: [0mInside temp1 parsing.
[91m [1776446491.840125] Client: [0m---before writing in log upd_msg->seq_no= 230
[91m [1776446491.840129] Client: [0m---before writing in log upd_msg->type= 4
[91m [1776446491.840133] Client: [0m---before writing in log upd_msg->frag_no= 0
[91m [1776446491.840137] Client: [0m---before writing in log upd_msg->reliable= 1
[91m [1776446491.840141] Client: [0m---before writing in log upd_msg->data.sensor_type= 1
[91m [1776446491.840146] Client: [0m---before writing in log upd_msg->data.sid= temp_1
[91m [1776446491.840151] Client: [0m---after writing in log upd_msg->seq_no = 230
[91m [1776446491.840155] Client: [0m---after writing in log upd_msg->data.sensor_type = 1
[91m [1776446491.840158] Client: [0m---after writing in log upd_msg->reliable = 1
[91m [1776446491.965028] BSON Message: [0mInside sensor type parsing.
[91m [1776446491.965039] BSON Message: [0mInside sensor type parsing end.
[91m [1776446491.965043] BSON Message: [0mInside sid parsing
[91m [1776446491.965049] Client: [0m---before writing in log upd_msg->seq_no= 92
[91m [1776446491.965053] Client: [0m---before writing in log upd_msg->type= 4
[91m [1776446491.965057] Client: [0m---before writing in log upd_msg->frag_no= 0
[91m [1776446491.965061] Client: [0m---before writing in log upd_msg->reliable= 1
[91m [1776446491.965066] Client: [0m---before writing in log upd_msg->data.sensor_type= 2
[91m [1776446491.965069] Client: [0m---before writing in log upd_msg->data.sid= device_0
[91m [1776446491.965074] Client: [0m---after writing in log upd_msg->seq_no = 92
[91m [1776446491.965078] Client: [0m---after writing in log upd_msg->data.sensor_type = 2
[91m [1776446491.965082] Client: [0m---after writing in log upd_msg->reliable = 1
[91m [1776446491.985127] BSON Message: [0mInside sensor type parsing.
[91m [1776446491.985136] BSON Message: [0mInside sensor type parsing end.
[91m [1776446491.985141] BSON Message: [0mInside sid parsing
[91m [1776446491.985145] BSON Message: [0mInside temp1 parsing.
[91m [1776446491.985149] Client: [0m---before writing in log upd_msg->seq_no= 231
[91m [1776446491.985153] Client: [0m---before writing in log upd_msg->type= 4
[91m [1776446491.985157] Client: [0m---before writing in log upd_msg->frag_no= 0
[91m [1776446491.985161] Client: [0m---before writing in log upd_msg->reliable= 1
[91m [1776446491.985165] Client: [0m---before writing in log upd_msg->data.sensor_type= 1
[91m [1776446491.985169] Client: [0m---before writing in log upd_msg->data.sid= temp_1
[91m [1776446491.985175] Client: [0m---after writing in log upd_msg->seq_no = 231
[91m [1776446491.985179] Client: [0m---after writing in log upd_msg->data.sensor_type = 1
[91m [1776446491.985184] Client: [0m---after writing in log upd_msg->reliable = 1
[91m [1776446492.840233] BSON Message: [0mInside sensor type parsing.
[91m [1776446492.840243] BSON Message: [0mInside sensor type parsing end.
[91m [1776446492.840248] BSON Message: [0mInside sid parsing
[91m [1776446492.840252] BSON Message: [0mInside temp1 parsing.
[91m [1776446492.840258] Client: [0m---before writing in log upd_msg->seq_no= 232
[91m [1776446492.840263] Client: [0m---before writing in log upd_msg->type= 4
[91m [1776446492.840267] Client: [0m---before writing in log upd_msg->frag_no= 0
[91m [1776446492.840272] Client: [0m---before writing in log upd_msg->reliable= 1
[91m [1776446492.840276] Client: [0m---before writing in log upd_msg->data.sensor_type= 1
[91m [1776446492.840281] Client: [0m---before writing in log upd_msg->data.sid= temp_1
[91m [1776446492.840286] Client: [0m---after writing in log upd_msg->seq_no = 232
[91m [1776446492.840291] Client: [0m---after writing in log upd_msg->data.sensor_type = 1
[91m [1776446492.840295] Client: [0m---after writing in log upd_msg->reliable = 1
[91m [1776446492.985588] BSON Message: [0mInside sensor type parsing.
[91m [1776446492.985603] BSON Message: [0mInside sensor type parsing end.
[91m [1776446492.985611] BSON Message: [0mInside sid parsing
[91m [1776446492.985618] BSON Message: [0mInside temp1 parsing.
[91m [1776446492.985625] Client: [0m---before writing in log upd_msg->seq_no= 233
[91m [1776446492.985630] Client: [0m---before writing in log upd_msg->type= 4
[91m [1776446492.985635] Client: [0m---before writing in log upd_msg->frag_no= 0
[91m [1776446492.985641] Client: [0m---before writing in log upd_msg->reliable= 1
[91m [1776446492.985647] Client: [0m---before writing in log upd_msg->data.sensor_type= 1
[91m [1776446492.985653] Client: [0m---before writing in log upd_msg->data.sid= temp_1
[91m [1776446492.985660] Client: [0m---after writing in log upd_msg->seq_no = 233
[91m [1776446492.985666] Client: [0m---after writing in log upd_msg->data.sensor_type = 1
[91m [1776446492.985672] Client: [0m---after writing in log upd_msg->reliable = 1
[91m [1776446493.256038] BSON Message: [0mInside sensor type parsing.
[91m [1776446493.256047] BSON Message: [0mInside sensor type parsing end.
[91m [1776446493.256052] BSON Message: [0mInside sid parsing
[91m [1776446493.256058] Client: [0m---before writing in log upd_msg->seq_no= 93
[91m [1776446493.256063] Client: [0m---before writing in log upd_msg->type= 4
[91m [1776446493.256068] Client: [0m---before writing in log upd_msg->frag_no= 0
[91m [1776446493.256073] Client: [0m---before writing in log upd_msg->reliable= 1
[91m [1776446493.256079] Client: [0m---before writing in log upd_msg->data.sensor_type= 2
[91m [1776446493.256085] Client: [0m---before writing in log upd_msg->data.sid= device_0
[91m [1776446493.256090] Client: [0m---after writing in log upd_msg->seq_no = 93
[91m [1776446493.256093] Client: [0m---after writing in log upd_msg->data.sensor_type = 2
[91m [1776446493.256097] Client: [0m---after writing in log upd_msg->reliable = 1
[91m [1776446493.840632] BSON Message: [0mInside sensor type parsing.
[91m [1776446493.840643] BSON Message: [0mInside sensor type parsing end.
[91m [1776446493.840648] BSON Message: [0mInside sid parsing
[91m [1776446493.840653] BSON Message: [0mInside temp1 parsing.
[91m [1776446493.840659] Client: [0m---before writing in log upd_msg->seq_no= 234
[91m [1776446493.840663] Client: [0m---before writing in log upd_msg->type= 4
[91m [1776446493.840668] Client: [0m---before writing in log upd_msg->frag_no= 0
[91m [1776446493.840673] Client: [0m---before writing in log upd_msg->reliable= 1
[91m [1776446493.840677] Client: [0m---before writing in log upd_msg->data.sensor_type= 1
[91m [1776446493.840682] Client: [0m---before writing in log upd_msg->data.sid= temp_1
[91m [1776446493.840687] Client: [0m---after writing in log upd_msg->seq_no = 234
[91m [1776446493.840691] Client: [0m---after writing in log upd_msg->data.sensor_type = 1
[91m [1776446493.840695] Client: [0m---after writing in log upd_msg->reliable = 1
[91m [1776446493.985716] BSON Message: [0mInside sensor type parsing.
[91m [1776446493.985728] BSON Message: [0mInside sensor type parsing end.
[91m [1776446493.985734] BSON Message: [0mInside sid parsing
[91m [1776446493.985739] BSON Message: [0mInside temp1 parsing.
[91m [1776446493.985746] Client: [0m---before writing in log upd_msg->seq_no= 235
[91m [1776446493.985752] Client: [0m---before writing in log upd_msg->type= 4
[91m [1776446493.985757] Client: [0m---before writing in log upd_msg->frag_no= 0
[91m [1776446493.985762] Client: [0m---before writing in log upd_msg->reliable= 1
[91m [1776446493.985766] Client: [0m---before writing in log upd_msg->data.sensor_type= 1
[91m [1776446493.985771] Client: [0m---before writing in log upd_msg->data.sid= temp_1
[91m [1776446493.985777] Client: [0m---after writing in log upd_msg->seq_no = 235
[91m [1776446493.985782] Client: [0m---after writing in log upd_msg->data.sensor_type = 1
[91m [1776446493.985786] Client: [0m---after writing in log upd_msg->reliable = 1
[91m [1776446494.840940] BSON Message: [0mInside sensor type parsing.
[91m [1776446494.840951] BSON Message: [0mInside sensor type parsing end.
[91m [1776446494.840956] BSON Message: [0mInside sid parsing
[91m [1776446494.840961] BSON Message: [0mInside temp1 parsing.
[91m [1776446494.840966] Client: [0m---before writing in log upd_msg->seq_no= 236
[91m [1776446494.840971] Client: [0m---before writing in log upd_msg->type= 4
[91m [1776446494.840976] Client: [0m---before writing in log upd_msg->frag_no= 0
[91m [1776446494.840981] Client: [0m---before writing in log upd_msg->reliable= 1
[91m [1776446494.840985] Client: [0m---before writing in log upd_msg->data.sensor_type= 1
[91m [1776446494.840989] Client: [0m---before writing in log upd_msg->data.sid= temp_1
[91m [1776446494.840995] Client: [0m---after writing in log upd_msg->seq_no = 236
[91m [1776446494.840999] Client: [0m---after writing in log upd_msg->data.sensor_type = 1
[91m [1776446494.841003] Client: [0m---after writing in log upd_msg->reliable = 1
[91m [1776446494.966509] BSON Message: [0mInside sensor type parsing.
[91m [1776446494.966521] BSON Message: [0mInside sensor type parsing end.
[91m [1776446494.966526] BSON Message: [0mInside sid parsing
[91m [1776446494.966532] Client: [0m---before writing in log upd_msg->seq_no= 94
[91m [1776446494.966537] Client: [0m---before writing in log upd_msg->type= 4
[91m [1776446494.966542] Client: [0m---before writing in log upd_msg->frag_no= 0
[91m [1776446494.966547] Client: [0m---before writing in log upd_msg->reliable= 1
[91m [1776446494.966553] Client: [0m---before writing in log upd_msg->data.sensor_type= 2
[91m [1776446494.966559] Client: [0m---before writing in log upd_msg->data.sid= device_0
[91m [1776446494.966566] Client: [0m---after writing in log upd_msg->seq_no = 94
[91m [1776446494.966572] Client: [0m---after writing in log upd_msg->data.sensor_type = 2
[91m [1776446494.966578] Client: [0m---after writing in log upd_msg->reliable = 1
[91m [1776446494.986023] BSON Message: [0mInside sensor type parsing.
[91m [1776446494.986034] BSON Message: [0mInside sensor type parsing end.
[91m [1776446494.986039] BSON Message: [0mInside sid parsing
[91m [1776446494.986043] BSON Message: [0mInside temp1 parsing.
[91m [1776446494.986048] Client: [0m---before writing in log upd_msg->seq_no= 237
[91m [1776446494.986052] Client: [0m---before writing in log upd_msg->type= 4
[91m [1776446494.986056] Client: [0m---before writing in log upd_msg->frag_no= 0
[91m [1776446494.986060] Client: [0m---before writing in log upd_msg->reliable= 1
[91m [1776446494.986064] Client: [0m---before writing in log upd_msg->data.sensor_type= 1
[91m [1776446494.986067] Client: [0m---before writing in log upd_msg->data.sid= temp_1
[91m [1776446494.986072] Client: [0m---after writing in log upd_msg->seq_no = 237
[91m [1776446494.986076] Client: [0m---after writing in log upd_msg->data.sensor_type = 1
[91m [1776446494.986084] Client: [0m---after writing in log upd_msg->reliable = 1
[91m [1776446495.25] BSON Message: [0mInside sensor type parsing.
[91m [1776446495.35] BSON Message: [0mInside sensor type parsing end.
[91m [1776446495.40] BSON Message: [0mInside sid parsing
[91m [1776446495.45] Client: [0m---before writing in log upd_msg->seq_no= 95
[91m [1776446495.48] Client: [0m---before writing in log upd_msg->type= 4
[91m [1776446495.51] Client: [0m---before writing in log upd_msg->frag_no= 0
[91m [1776446495.54] Client: [0m---before writing in log upd_msg->reliable= 1
[91m [1776446495.58] Client: [0m---before writing in log upd_msg->data.sensor_type= 2
[91m [1776446495.61] Client: [0m---before writing in log upd_msg->data.sid= device_0
[91m [1776446495.65] Client: [0m---after writing in log upd_msg->seq_no = 95
[91m [1776446495.68] Client: [0m---after writing in log upd_msg->data.sensor_type = 2
[91m [1776446495.71] Client: [0m---after writing in log upd_msg->reliable = 1
[91m [1776446495.841935] BSON Message: [0mInside sensor type parsing.
[91m [1776446495.841949] BSON Message: [0mInside sensor type parsing end.
[91m [1776446495.841954] BSON Message: [0mInside sid parsing
[91m [1776446495.841959] BSON Message: [0mInside temp1 parsing.
[91m [1776446495.841965] Client: [0m---before writing in log upd_msg->seq_no= 238
[91m [1776446495.841970] Client: [0m---before writing in log upd_msg->type= 4
[91m [1776446495.841974] Client: [0m---before writing in log upd_msg->frag_no= 0
[91m [1776446495.841979] Client: [0m---before writing in log upd_msg->reliable= 1
[91m [1776446495.841983] Client: [0m---before writing in log upd_msg->data.sensor_type= 1
[91m [1776446495.841987] Client: [0m---before writing in log upd_msg->data.sid= temp_1
[91m [1776446495.841992] Client: [0m---after writing in log upd_msg->seq_no = 238
[91m [1776446495.841997] Client: [0m---after writing in log upd_msg->data.sensor_type = 1
[91m [1776446495.842001] Client: [0m---after writing in log upd_msg->reliable = 1
[91m [1776446495.986245] BSON Message: [0mInside sensor type parsing.
[91m [1776446495.986253] BSON Message: [0mInside sensor type parsing end.
[91m [1776446495.986256] BSON Message: [0mInside sid parsing
[91m [1776446495.986260] BSON Message: [0mInside temp1 parsing.
[91m [1776446495.986263] Client: [0m---before writing in log upd_msg->seq_no= 239
[91m [1776446495.986267] Client: [0m---before writing in log upd_msg->type= 4
[91m [1776446495.986270] Client: [0m---before writing in log upd_msg->frag_no= 0
[91m [1776446495.986273] Client: [0m---before writing in log upd_msg->reliable= 1
[91m [1776446495.986276] Client: [0m---before writing in log upd_msg->data.sensor_type= 1
[91m [1776446495.986279] Client: [0m---before writing in log upd_msg->data.sid= temp_1
[91m [1776446495.986283] Client: [0m---after writing in log upd_msg->seq_no = 239
[91m [1776446495.986288] Client: [0m---after writing in log upd_msg->data.sensor_type = 1
[91m [1776446495.986291] Client: [0m---after writing in log upd_msg->reliable = 1
[91m [1776446496.458966] BSON Message: [0mInside sensor type parsing.
[91m [1776446496.458977] BSON Message: [0mInside sensor type parsing end.
[91m [1776446496.458982] BSON Message: [0mInside sid parsing
[91m [1776446496.458989] Client: [0m---before writing in log upd_msg->seq_no= 96
[91m [1776446496.458995] Client: [0m---before writing in log upd_msg->type= 4
[91m [1776446496.459001] Client: [0m---before writing in log upd_msg->frag_no= 0
[91m [1776446496.459006] Client: [0m---before writing in log upd_msg->reliable= 1
[91m [1776446496.459010] Client: [0m---before writing in log upd_msg->data.sensor_type= 2
[91m [1776446496.459013] Client: [0m---before writing in log upd_msg->data.sid= device_0
[91m [1776446496.459018] Client: [0m---after writing in log upd_msg->seq_no = 96
[91m [1776446496.459022] Client: [0m---after writing in log upd_msg->data.sensor_type = 2
[91m [1776446496.459025] Client: [0m---after writing in log upd_msg->reliable = 1
[91m [1776446496.841453] BSON Message: [0mInside sensor type parsing.
[91m [1776446496.841461] BSON Message: [0mInside sensor type parsing end.
[91m [1776446496.841465] BSON Message: [0mInside sid parsing
[91m [1776446496.841468] BSON Message: [0mInside temp1 parsing.
[91m [1776446496.841472] Client: [0m---before writing in log upd_msg->seq_no= 240
[91m [1776446496.841475] Client: [0m---before writing in log upd_msg->type= 4
[91m [1776446496.841478] Client: [0m---before writing in log upd_msg->frag_no= 0
[91m [1776446496.841483] Client: [0m---before writing in log upd_msg->reliable= 1
[91m [1776446496.841486] Client: [0m---before writing in log upd_msg->data.sensor_type= 1
[91m [1776446496.841490] Client: [0m---before writing in log upd_msg->data.sid= temp_1
[91m [1776446496.841495] Client: [0m---after writing in log upd_msg->seq_no = 240
[91m [1776446496.841499] Client: [0m---after writing in log upd_msg->data.sensor_type = 1
[91m [1776446496.841503] Client: [0m---after writing in log upd_msg->reliable = 1
[91m [1776446496.986549] BSON Message: [0mInside sensor type parsing.
[91m [1776446496.986561] BSON Message: [0mInside sensor type parsing end.
[91m [1776446496.986568] BSON Message: [0mInside sid parsing
[91m [1776446496.986574] BSON Message: [0mInside temp1 parsing.
[91m [1776446496.986580] Client: [0m---before writing in log upd_msg->seq_no= 241
[91m [1776446496.986586] Client: [0m---before writing in log upd_msg->type= 4
[91m [1776446496.986593] Client: [0m---before writing in log upd_msg->frag_no= 0
[91m [1776446496.986598] Client: [0m---before writing in log upd_msg->reliable= 1
[91m [1776446496.986604] Client: [0m---before writing in log upd_msg->data.sensor_type= 1
[91m [1776446496.986609] Client: [0m---before writing in log upd_msg->data.sid= temp_1
[91m [1776446496.986616] Client: [0m---after writing in log upd_msg->seq_no = 241
[91m [1776446496.986622] Client: [0m---after writing in log upd_msg->data.sensor_type = 1
[91m [1776446496.986628] Client: [0m---after writing in log upd_msg->reliable = 1
[91m [1776446497.836732] BSON Message: [0mInside sensor type parsing.
[91m [1776446497.836743] BSON Message: [0mInside sensor type parsing end.
[91m [1776446497.836748] BSON Message: [0mInside sid parsing
[91m [1776446497.836754] Client: [0m---before writing in log upd_msg->seq_no= 97
[91m [1776446497.836759] Client: [0m---before writing in log upd_msg->type= 4
[91m [1776446497.836763] Client: [0m---before writing in log upd_msg->frag_no= 0
[91m [1776446497.836768] Client: [0m---before writing in log upd_msg->reliable= 1
[91m [1776446497.836772] Client: [0m---before writing in log upd_msg->data.sensor_type= 2
[91m [1776446497.836777] Client: [0m---before writing in log upd_msg->data.sid= device_0
[91m [1776446497.836782] Client: [0m---after writing in log upd_msg->seq_no = 97
[91m [1776446497.836787] Client: [0m---after writing in log upd_msg->data.sensor_type = 2
[91m [1776446497.836792] Client: [0m---after writing in log upd_msg->reliable = 1
[91m [1776446497.842175] BSON Message: [0mInside sensor type parsing.
[91m [1776446497.842186] BSON Message: [0mInside sensor type parsing end.
[91m [1776446497.842194] BSON Message: [0mInside sid parsing
[91m [1776446497.842199] BSON Message: [0mInside temp1 parsing.
[91m [1776446497.842204] Client: [0m---before writing in log upd_msg->seq_no= 242
[91m [1776446497.842209] Client: [0m---before writing in log upd_msg->type= 4
[91m [1776446497.842213] Client: [0m---before writing in log upd_msg->frag_no= 0
[91m [1776446497.842217] Client: [0m---before writing in log upd_msg->reliable= 1
[91m [1776446497.842221] Client: [0m---before writing in log upd_msg->data.sensor_type= 1
[91m [1776446497.842225] Client: [0m---before writing in log upd_msg->data.sid= temp_1
[91m [1776446497.842230] Client: [0m---after writing in log upd_msg->seq_no = 242
[91m [1776446497.842233] Client: [0m---after writing in log upd_msg->data.sensor_type = 1
[91m [1776446497.842237] Client: [0m---after writing in log upd_msg->reliable = 1
[91m [1776446497.986834] BSON Message: [0mInside sensor type parsing.
[91m [1776446497.986844] BSON Message: [0mInside sensor type parsing end.
[91m [1776446497.986849] BSON Message: [0mInside sid parsing
[91m [1776446497.986854] BSON Message: [0mInside temp1 parsing.
[91m [1776446497.986860] Client: [0m---before writing in log upd_msg->seq_no= 243
[91m [1776446497.986864] Client: [0m---before writing in log upd_msg->type= 4
[91m [1776446497.986869] Client: [0m---before writing in log upd_msg->frag_no= 0
[91m [1776446497.986873] Client: [0m---before writing in log upd_msg->reliable= 1
[91m [1776446497.986878] Client: [0m---before writing in log upd_msg->data.sensor_type= 1
[91m [1776446497.986882] Client: [0m---before writing in log upd_msg->data.sid= temp_1
[91m [1776446497.986888] Client: [0m---after writing in log upd_msg->seq_no = 243
[91m [1776446497.986892] Client: [0m---after writing in log upd_msg->data.sensor_type = 1
[91m [1776446497.986897] Client: [0m---after writing in log upd_msg->reliable = 1
[91m [1776446498.59982] BSON Message: [0mInside sensor type parsing.
[91m [1776446498.59992] BSON Message: [0mInside sensor type parsing end.
[91m [1776446498.59998] BSON Message: [0mInside sid parsing
[91m [1776446498.60003] BSON Message: [0mInside gps1 parsing.
[91m [1776446498.60009] Client: [0m---before writing in log upd_msg->seq_no= 25
[91m [1776446498.60013] Client: [0m---before writing in log upd_msg->type= 4
[91m [1776446498.60018] Client: [0m---before writing in log upd_msg->frag_no= 0
[91m [1776446498.60022] Client: [0m---before writing in log upd_msg->reliable= 1
[91m [1776446498.60025] Client: [0m---before writing in log upd_msg->data.sensor_type= 3
[91m [1776446498.60029] Client: [0m---before writing in log upd_msg->data.sid= gps_2
[91m [1776446498.60036] Client: [0m---after writing in log upd_msg->seq_no = 25
[91m [1776446498.60041] Client: [0m---after writing in log upd_msg->data.sensor_type = 3
[91m [1776446498.60045] Client: [0m---after writing in log upd_msg->reliable = 1
[91m [1776446498.842073] BSON Message: [0mInside sensor type parsing.
[91m [1776446498.842087] BSON Message: [0mInside sensor type parsing end.
[91m [1776446498.842092] BSON Message: [0mInside sid parsing
[91m [1776446498.842097] BSON Message: [0mInside temp1 parsing.
[91m [1776446498.842103] Client: [0m---before writing in log upd_msg->seq_no= 244
[91m [1776446498.842108] Client: [0m---before writing in log upd_msg->type= 4
[91m [1776446498.842112] Client: [0m---before writing in log upd_msg->frag_no= 0
[91m [1776446498.842119] Client: [0m---before writing in log upd_msg->reliable= 1
[91m [1776446498.842126] Client: [0m---before writing in log upd_msg->data.sensor_type= 1
[91m [1776446498.842132] Client: [0m---before writing in log upd_msg->data.sid= temp_1
[91m [1776446498.842139] Client: [0m---after writing in log upd_msg->seq_no = 244
[91m [1776446498.842146] Client: [0m---after writing in log upd_msg->data.sensor_type = 1
[91m [1776446498.842152] Client: [0m---after writing in log upd_msg->reliable = 1
[91m [1776446498.988264] BSON Message: [0mInside sensor type parsing.
[91m [1776446498.988274] BSON Message: [0mInside sensor type parsing end.
[91m [1776446498.988278] BSON Message: [0mInside sid parsing
[91m [1776446498.988283] BSON Message: [0mInside temp1 parsing.
[91m [1776446498.988288] Client: [0m---before writing in log upd_msg->seq_no= 245
[91m [1776446498.988292] Client: [0m---before writing in log upd_msg->type= 4
[91m [1776446498.988296] Client: [0m---before writing in log upd_msg->frag_no= 0
[91m [1776446498.988300] Client: [0m---before writing in log upd_msg->reliable= 1
[91m [1776446498.988304] Client: [0m---before writing in log upd_msg->data.sensor_type= 1
[91m [1776446498.988307] Client: [0m---before writing in log upd_msg->data.sid= temp_1
[91m [1776446498.988312] Client: [0m---after writing in log upd_msg->seq_no = 245
[91m [1776446498.988316] Client: [0m---after writing in log upd_msg->data.sensor_type = 1
[91m [1776446498.988324] Client: [0m---after writing in log upd_msg->reliable = 1
[91m [1776446499.436538] BSON Message: [0mInside sensor type parsing.
[91m [1776446499.436547] BSON Message: [0mInside sensor type parsing end.
[91m [1776446499.436551] BSON Message: [0mInside sid parsing
[91m [1776446499.436556] Client: [0m---before writing in log upd_msg->seq_no= 98
[91m [1776446499.436560] Client: [0m---before writing in log upd_msg->type= 4
[91m [1776446499.436565] Client: [0m---before writing in log upd_msg->frag_no= 0
[91m [1776446499.436570] Client: [0m---before writing in log upd_msg->reliable= 1
[91m [1776446499.436575] Client: [0m---before writing in log upd_msg->data.sensor_type= 2
[91m [1776446499.436578] Client: [0m---before writing in log upd_msg->data.sid= device_0
[91m [1776446499.436583] Client: [0m---after writing in log upd_msg->seq_no = 98
[91m [1776446499.436587] Client: [0m---after writing in log upd_msg->data.sensor_type = 2
[91m [1776446499.436591] Client: [0m---after writing in log upd_msg->reliable = 1
[91m [1776446499.590297] BSON Message: [0mInside sensor type parsing.
[91m [1776446499.590310] BSON Message: [0mInside sensor type parsing end.
[91m [1776446499.590316] BSON Message: [0mInside sid parsing
[91m [1776446499.590322] BSON Message: [0mInside gps1 parsing.
[91m [1776446499.590328] Client: [0m---before writing in log upd_msg->seq_no= 26
[91m [1776446499.590333] Client: [0m---before writing in log upd_msg->type= 4
[91m [1776446499.590339] Client: [0m---before writing in log upd_msg->frag_no= 0
[91m [1776446499.590344] Client: [0m---before writing in log upd_msg->reliable= 0
[91m [1776446499.590350] Client: [0m---before writing in log upd_msg->data.sensor_type= 3
[91m [1776446499.590354] Client: [0m---before writing in log upd_msg->data.sid= gps_2
[91m [1776446499.590363] Client: [0m---after writing in log upd_msg->seq_no = 26
[91m [1776446499.590368] Client: [0m---after writing in log upd_msg->data.sensor_type = 3
[91m [1776446499.590373] Client: [0m---after writing in log upd_msg->reliable = 0
[91m [1776446499.842100] BSON Message: [0mInside sensor type parsing.
[91m [1776446499.842113] BSON Message: [0mInside sensor type parsing end.
[91m [1776446499.842118] BSON Message: [0mInside sid parsing
[91m [1776446499.842123] BSON Message: [0mInside temp1 parsing.
[91m [1776446499.842128] Client: [0m---before writing in log upd_msg->seq_no= 246
[91m [1776446499.842133] Client: [0m---before writing in log upd_msg->type= 4
[91m [1776446499.842137] Client: [0m---before writing in log upd_msg->frag_no= 0
[91m [1776446499.842142] Client: [0m---before writing in log upd_msg->reliable= 1
[91m [1776446499.842146] Client: [0m---before writing in log upd_msg->data.sensor_type= 1
[91m [1776446499.842150] Client: [0m---before writing in log upd_msg->data.sid= temp_1
[91m [1776446499.842156] Client: [0m---after writing in log upd_msg->seq_no = 246
[91m [1776446499.842160] Client: [0m---after writing in log upd_msg->data.sensor_type = 1
[91m [1776446499.842164] Client: [0m---after writing in log upd_msg->reliable = 1
[91m [1776446499.987486] BSON Message: [0mInside sensor type parsing.
[91m [1776446499.987497] BSON Message: [0mInside sensor type parsing end.
[91m [1776446499.987502] BSON Message: [0mInside sid parsing
[91m [1776446499.987506] BSON Message: [0mInside temp1 parsing.
[91m [1776446499.987511] Client: [0m---before writing in log upd_msg->seq_no= 247
[91m [1776446499.987515] Client: [0m---before writing in log upd_msg->type= 4
[91m [1776446499.987519] Client: [0m---before writing in log upd_msg->frag_no= 0
[91m [1776446499.987523] Client: [0m---before writing in log upd_msg->reliable= 1
[91m [1776446499.987527] Client: [0m---before writing in log upd_msg->data.sensor_type= 1
[91m [1776446499.987531] Client: [0m---before writing in log upd_msg->data.sid= temp_1
[91m [1776446499.987535] Client: [0m---after writing in log upd_msg->seq_no = 247
[91m [1776446499.987539] Client: [0m---after writing in log upd_msg->data.sensor_type = 1
[91m [1776446499.987548] Client: [0m---after writing in log upd_msg->reliable = 1
[91m [1776446500.842495] BSON Message: [0mInside sensor type parsing.
[91m [1776446500.842505] BSON Message: [0mInside sensor type parsing end.
[91m [1776446500.842509] BSON Message: [0mInside sid parsing
[91m [1776446500.842513] BSON Message: [0mInside temp1 parsing.
[91m [1776446500.842518] Client: [0m---before writing in log upd_msg->seq_no= 248
[91m [1776446500.842523] Client: [0m---before writing in log upd_msg->type= 4
[91m [1776446500.842528] Client: [0m---before writing in log upd_msg->frag_no= 0
[91m [1776446500.842532] Client: [0m---before writing in log upd_msg->reliable= 1
[91m [1776446500.842537] Client: [0m---before writing in log upd_msg->data.sensor_type= 1
[91m [1776446500.842542] Client: [0m---before writing in log upd_msg->data.sid= temp_1
[91m [1776446500.842547] Client: [0m---after writing in log upd_msg->seq_no = 248
[91m [1776446500.842551] Client: [0m---after writing in log upd_msg->data.sensor_type = 1
[91m [1776446500.842555] Client: [0m---after writing in log upd_msg->reliable = 1
[91m [1776446500.987633] BSON Message: [0mInside sensor type parsing.
[91m [1776446500.987645] BSON Message: [0mInside sensor type parsing end.
[91m [1776446500.987650] BSON Message: [0mInside sid parsing
[91m [1776446500.987655] BSON Message: [0mInside temp1 parsing.
[91m [1776446500.987661] Client: [0m---before writing in log upd_msg->seq_no= 249
[91m [1776446500.987665] Client: [0m---before writing in log upd_msg->type= 4
[91m [1776446500.987670] Client: [0m---before writing in log upd_msg->frag_no= 0
[91m [1776446500.987675] Client: [0m---before writing in log upd_msg->reliable= 1
[91m [1776446500.987679] Client: [0m---before writing in log upd_msg->data.sensor_type= 1
[91m [1776446500.987684] Client: [0m---before writing in log upd_msg->data.sid= temp_1
[91m [1776446500.987690] Client: [0m---after writing in log upd_msg->seq_no = 249
[91m [1776446500.987694] Client: [0m---after writing in log upd_msg->data.sensor_type = 1
[91m [1776446500.987698] Client: [0m---after writing in log upd_msg->reliable = 1
[91m [1776446501.843222] BSON Message: [0mInside sensor type parsing.
[91m [1776446501.843233] BSON Message: [0mInside sensor type parsing end.
[91m [1776446501.843239] BSON Message: [0mInside sid parsing
[91m [1776446501.843244] BSON Message: [0mInside temp1 parsing.
[91m [1776446501.843250] Client: [0m---before writing in log upd_msg->seq_no= 250
[91m [1776446501.843255] Client: [0m---before writing in log upd_msg->type= 4
[91m [1776446501.843260] Client: [0m---before writing in log upd_msg->frag_no= 0
[91m [1776446501.843264] Client: [0m---before writing in log upd_msg->reliable= 1
[91m [1776446501.843269] Client: [0m---before writing in log upd_msg->data.sensor_type= 1
[91m [1776446501.843274] Client: [0m---before writing in log upd_msg->data.sid= temp_1
[91m [1776446501.843279] Client: [0m---after writing in log upd_msg->seq_no = 250
[91m [1776446501.843283] Client: [0m---after writing in log upd_msg->data.sensor_type = 1
[91m [1776446501.843288] Client: [0m---after writing in log upd_msg->reliable = 1
[91m [1776446501.988073] BSON Message: [0mInside sensor type parsing.
[91m [1776446501.988084] BSON Message: [0mInside sensor type parsing end.
[91m [1776446501.988091] BSON Message: [0mInside sid parsing
[91m [1776446501.988097] BSON Message: [0mInside temp1 parsing.
[91m [1776446501.988103] Client: [0m---before writing in log upd_msg->seq_no= 251
[91m [1776446501.988109] Client: [0m---before writing in log upd_msg->type= 4
[91m [1776446501.988114] Client: [0m---before writing in log upd_msg->frag_no= 0
[91m [1776446501.988120] Client: [0m---before writing in log upd_msg->reliable= 1
[91m [1776446501.988126] Client: [0m---before writing in log upd_msg->data.sensor_type= 1
[91m [1776446501.988133] Client: [0m---before writing in log upd_msg->data.sid= temp_1
[91m [1776446501.988140] Client: [0m---after writing in log upd_msg->seq_no = 251
[91m [1776446501.988151] Client: [0m---after writing in log upd_msg->data.sensor_type = 1
[91m [1776446501.988158] Client: [0m---after writing in log upd_msg->reliable = 1
[91m [1776446502.807080] BSON Message: [0mInside sensor type parsing.
[91m [1776446502.807093] BSON Message: [0mInside sensor type parsing end.
[91m [1776446502.807117] BSON Message: [0mInside sid parsing
[91m [1776446502.807124] Client: [0m---before writing in log upd_msg->seq_no= 99
[91m [1776446502.807129] Client: [0m---before writing in log upd_msg->type= 4
[91m [1776446502.807134] Client: [0m---before writing in log upd_msg->frag_no= 0
[91m [1776446502.807138] Client: [0m---before writing in log upd_msg->reliable= 1
[91m [1776446502.807142] Client: [0m---before writing in log upd_msg->data.sensor_type= 2
[91m [1776446502.807146] Client: [0m---before writing in log upd_msg->data.sid= device_0
[91m [1776446502.807152] Client: [0m---after writing in log upd_msg->seq_no = 99
[91m [1776446502.807157] Client: [0m---after writing in log upd_msg->data.sensor_type = 2
[91m [1776446502.807162] Client: [0m---after writing in log upd_msg->reliable = 1
[91m [1776446502.843255] BSON Message: [0mInside sensor type parsing.
[91m [1776446502.843266] BSON Message: [0mInside sensor type parsing end.
[91m [1776446502.843271] BSON Message: [0mInside sid parsing
[91m [1776446502.843276] BSON Message: [0mInside temp1 parsing.
[91m [1776446502.843282] Client: [0m---before writing in log upd_msg->seq_no= 252
[91m [1776446502.843287] Client: [0m---before writing in log upd_msg->type= 4
[91m [1776446502.843292] Client: [0m---before writing in log upd_msg->frag_no= 0
[91m [1776446502.843296] Client: [0m---before writing in log upd_msg->reliable= 1
[91m [1776446502.843301] Client: [0m---before writing in log upd_msg->data.sensor_type= 1
[91m [1776446502.843305] Client: [0m---before writing in log upd_msg->data.sid= temp_1
[91m [1776446502.843310] Client: [0m---after writing in log upd_msg->seq_no = 252
[91m [1776446502.843315] Client: [0m---after writing in log upd_msg->data.sensor_type = 1
[91m [1776446502.843319] Client: [0m---after writing in log upd_msg->reliable = 1
[91m [1776446502.988452] BSON Message: [0mInside sensor type parsing.
[91m [1776446502.988467] BSON Message: [0mInside sensor type parsing end.
[91m [1776446502.988475] BSON Message: [0mInside sid parsing
[91m [1776446502.988482] BSON Message: [0mInside temp1 parsing.
[91m [1776446502.988490] Client: [0m---before writing in log upd_msg->seq_no= 253
[91m [1776446502.988497] Client: [0m---before writing in log upd_msg->type= 4
[91m [1776446502.988503] Client: [0m---before writing in log upd_msg->frag_no= 0
[91m [1776446502.988509] Client: [0m---before writing in log upd_msg->reliable= 1
[91m [1776446502.988516] Client: [0m---before writing in log upd_msg->data.sensor_type= 1
[91m [1776446502.988522] Client: [0m---before writing in log upd_msg->data.sid= temp_1
[91m [1776446502.988529] Client: [0m---after writing in log upd_msg->seq_no = 253
[91m [1776446502.988535] Client: [0m---after writing in log upd_msg->data.sensor_type = 1
[91m [1776446502.988541] Client: [0m---after writing in log upd_msg->reliable = 1
[91m [1776446503.176430] BSON Message: [0mInside sensor type parsing.
[91m [1776446503.176441] BSON Message: [0mInside sensor type parsing end.
[91m [1776446503.176447] BSON Message: [0mInside sid parsing
[91m [1776446503.176454] Client: [0m---before writing in log upd_msg->seq_no= 100
[91m [1776446503.176461] Client: [0m---before writing in log upd_msg->type= 4
[91m [1776446503.176467] Client: [0m---before writing in log upd_msg->frag_no= 0
[91m [1776446503.176473] Client: [0m---before writing in log upd_msg->reliable= 1
[91m [1776446503.176481] Client: [0m---before writing in log upd_msg->data.sensor_type= 2
[91m [1776446503.176488] Client: [0m---before writing in log upd_msg->data.sid= device_0
[91m [1776446503.176496] Client: [0m---after writing in log upd_msg->seq_no = 100
[91m [1776446503.176506] Client: [0m---after writing in log upd_msg->data.sensor_type = 2
[91m [1776446503.176511] Client: [0m---after writing in log upd_msg->reliable = 1
[91m [1776446503.234700] BSON Message: [0mInside sensor type parsing.
[91m [1776446503.234714] BSON Message: [0mInside sensor type parsing end.
[91m [1776446503.234720] BSON Message: [0mInside sid parsing
is 4
---------Update message arrived------------ 1
Got a message from the server.
Message type is 4
---------Update message arrived------------ 1
Got a message from the server.
Message type is 4
---------Update message arrived------------ 1
Got a message from the server.
Message type is 4
---------Update message arrived------------ 1
Got a message from the server.
Message type is 4
---------Update message arrived------------ 1
Got a message from the server.
Message type is 4
---------Update message arrived------------ 1
Got a message from the server.
Message type is 4
---------Update message arrived------------ 1
Got a message from the server.
Message type is 4
---------Update message arrived------------ 1
Got a message from the server.
Message type is 4
---------Update message arrived------------ 1
Got a message from the server.
Message type is 4
---------Update message arrived------------ 1
Got a message from the server.
Message type is 4
---------Update message arrived------------ 1
Got a message from the server.
Message type is 4
---------Update message arrived------------ 1
Got a message from the server.
Message type is 4
---------Update message arrived------------ 1
Got a message from the server.
Message type is 4
---------Update message arrived------------ 1
Got a message from the server.
Message type is 4
---------Update message arrived------------ 1
Got a message from the server.
Message type is 4
---------Update message arrived------------ 1
Got a message from the server.
Message type is 4
---------Update message arrived------------ 1
Got a message from the server.
Message type is 4
---------Update message arrived------------ 1
Got a message from the server.
Message type is 4
---------Update message arrived------------ 1
Got a message from the server.
Message type is 4
---------Update message arrived------------ 1
Got a message from the server.
Message type is 4
---------Update message arrived------------ 1
Got a message from the server.
Message type is 4
---------Update message arrived------------ 1
Got a message from the server.
Message type is 4
---------Update message arrived------------ 1
Got a message from the server.
Message type is 4
---------Update message arrived------------ 1
Got a message from the server.
Message type is 4
---------Update message arrived------------ 1
Got a message from the server.
Message type is 4
---------Update message arrived------------ 1
Got a message from the server.
Message type is 4
---------Update message arrived------------ 1
Got a message from the server.
Message type is 4
---------Update message arrived------------ 1
Got a message from the server.
Message type is 4
---------Update message arrived------------ 1
Got a message from the server.
Message type is 4
---------Update message arrived------------ 1
Got a message from the server.
Message type is 4
---------Update message arrived------------ 1
Got a message from the server.
Message type is 4
---------Update message arrived------------ 1
Got a message from the server.
Message type is 4
---------Update message arrived------------ 1
Got a message from the server.
Message type is 4
---------Update message arrived------------ 1
Got a message from the server.
Message type is 4
---------Update message arrived------------ 1
Got a message from the server.
Message type is 4
---------Update message arrived------------ 1
Got a message from the server.
Message type is 4
---------Update message arrived------------ 1
Got a message from the server.
Message type is 4
---------Update message arrived------------ 1
Got a message from the server.
Message type is 4
---------Update message arrived------------ 1
Got a message from the server.
Message type is 4
---------Update message arrived------------ 1
Got a message from the server.
Message type is 4
---------Update message arrived------------ 1
Got a message from the server.
Message type is 4
---------Update message arrived------------ 1
Got a message from the server.
Message type is 4
---------Update message arrived------------ 1
Got a message from the server.
Message type is 4
------[91m [1776446503.234738] Client: [0m---before writing in log upd_msg->seq_no= 101
[91m [1776446503.234744] Client: [0m---before writing in log upd_msg->type= 4
[91m [1776446503.234749] Client: [0m---before writing in log upd_msg->frag_no= 0
[91m [1776446503.234755] Client: [0m---before writing in log upd_msg->reliable= 1
[91m [1776446503.234761] Client: [0m---before writing in log upd_msg->data.sensor_type= 2
[91m [1776446503.234766] Client: [0m---before writing in log upd_msg->data.sid= device_0
[91m [1776446503.234773] Client: [0m---after writing in log upd_msg->seq_no = 101
[91m [1776446503.234779] Client: [0m---after writing in log upd_msg->data.sensor_type = 2
[91m [1776446503.234784] Client: [0m---after writing in log upd_msg->reliable = 1
[91m [1776446503.843587] BSON Message: [0mInside sensor type parsing.
[91m [1776446503.843597] BSON Message: [0mInside sensor type parsing end.
[91m [1776446503.843600] BSON Message: [0mInside sid parsing
[91m [1776446503.843604] BSON Message: [0mInside temp1 parsing.
[91m [1776446503.843609] Client: [0m---before writing in log upd_msg->seq_no= 254
[91m [1776446503.843613] Client: [0m---before writing in log upd_msg->type= 4
[91m [1776446503.843617] Client: [0m---before writing in log upd_msg->frag_no= 0
[91m [1776446503.843621] Client: [0m---before writing in log upd_msg->reliable= 1
[91m [1776446503.843625] Client: [0m---before writing in log upd_msg->data.sensor_type= 1
[91m [1776446503.843629] Client: [0m---before writing in log upd_msg->data.sid= temp_1
[91m [1776446503.843633] Client: [0m---after writing in log upd_msg->seq_no = 254
[91m [1776446503.843637] Client: [0m---after writing in log upd_msg->data.sensor_type = 1
[91m [1776446503.843641] Client: [0m---after writing in log upd_msg->reliable = 1
[91m [1776446503.969575] BSON Message: [0mInside sensor type parsing.
[91m [1776446503.969588] BSON Message: [0mInside sensor type parsing end.
[91m [1776446503.969593] BSON Message: [0mInside sid parsing
[91m [1776446503.969599] Client: [0m---before writing in log upd_msg->seq_no= 102
[91m [1776446503.969605] Client: [0m---before writing in log upd_msg->type= 4
[91m [1776446503.969609] Client: [0m---before writing in log upd_msg->frag_no= 0
[91m [1776446503.969613] Client: [0m---before writing in log upd_msg->reliable= 1
[91m [1776446503.969617] Client: [0m---before writing in log upd_msg->data.sensor_type= 2
[91m [1776446503.969622] Client: [0m---before writing in log upd_msg->data.sid= device_0
[91m [1776446503.969627] Client: [0m---after writing in log upd_msg->seq_no = 102
[91m [1776446503.969632] Client: [0m---after writing in log upd_msg->data.sensor_type = 2
[91m [1776446503.969637] Client: [0m---after writing in log upd_msg->reliable = 1
[91m [1776446503.988423] BSON Message: [0mInside sensor type parsing.
[91m [1776446503.988433] BSON Message: [0mInside sensor type parsing end.
[91m [1776446503.988438] BSON Message: [0mInside sid parsing
[91m [1776446503.988443] BSON Message: [0mInside temp1 parsing.
[91m [1776446503.988449] Client: [0m---before writing in log upd_msg->seq_no= 255
[91m [1776446503.988453] Client: [0m---before writing in log upd_msg->type= 4
[91m [1776446503.988458] Client: [0m---before writing in log upd_msg->frag_no= 0
[91m [1776446503.988462] Client: [0m---before writing in log upd_msg->reliable= 1
[91m [1776446503.988467] Client: [0m---before writing in log upd_msg->data.sensor_type= 1
[91m [1776446503.988471] Client: [0m---before writing in log upd_msg->data.sid= temp_1
[91m [1776446503.988477] Client: [0m---after writing in log upd_msg->seq_no = 255
[91m [1776446503.988486] Client: [0m---after writing in log upd_msg->data.sensor_type = 1
[91m [1776446503.988490] Client: [0m---after writing in log upd_msg->reliable = 1
[91m [1776446504.844120] BSON Message: [0mInside sensor type parsing.
[91m [1776446504.844129] BSON Message: [0mInside sensor type parsing end.
[91m [1776446504.844133] BSON Message: [0mInside sid parsing
[91m [1776446504.844138] BSON Message: [0mInside temp1 parsing.
[91m [1776446504.844144] Client: [0m---before writing in log upd_msg->seq_no= 256
[91m [1776446504.844149] Client: [0m---before writing in log upd_msg->type= 4
[91m [1776446504.844154] Client: [0m---before writing in log upd_msg->frag_no= 0
[91m [1776446504.844159] Client: [0m---before writing in log upd_msg->reliable= 1
[91m [1776446504.844163] Client: [0m---before writing in log upd_msg->data.sensor_type= 1
[91m [1776446504.844168] Client: [0m---before writing in log upd_msg->data.sid= temp_1
[91m [1776446504.844174] Client: [0m---after writing in log upd_msg->seq_no = 256
[91m [1776446504.844178] Client: [0m---after writing in log upd_msg->data.sensor_type = 1
[91m [1776446504.844183] Client: [0m---after writing in log upd_msg->reliable = 1
[91m [1776446504.988974] BSON Message: [0mInside sensor type parsing.
[91m [1776446504.988986] BSON Message: [0mInside sensor type parsing end.
[91m [1776446504.988993] BSON Message: [0mInside sid parsing
[91m [1776446504.989000] BSON Message: [0mInside temp1 parsing.
[91m [1776446504.989007] Client: [0m---before writing in log upd_msg->seq_no= 257
[91m [1776446504.989015] Client: [0m---before writing in log upd_msg->type= 4
[91m [1776446504.989021] Client: [0m---before writing in log upd_msg->frag_no= 0
[91m [1776446504.989027] Client: [0m---before writing in log upd_msg->reliable= 0
[91m [1776446504.989031] Client: [0m---before writing in log upd_msg->data.sensor_type= 1
[91m [1776446504.989036] Client: [0m---before writing in log upd_msg->data.sid= temp_1
[91m [1776446504.989041] Client: [0m---after writing in log upd_msg->seq_no = 257
[91m [1776446504.989046] Client: [0m---after writing in log upd_msg->data.sensor_type = 1
[91m [1776446504.989052] Client: [0m---after writing in log upd_msg->reliable = 0
[91m [1776446505.844093] BSON Message: [0mInside sensor type parsing.
[91m [1776446505.844102] BSON Message: [0mInside sensor type parsing end.
[91m [1776446505.844107] BSON Message: [0mInside sid parsing
[91m [1776446505.844112] BSON Message: [0mInside temp1 parsing.
[91m [1776446505.844116] Client: [0m---before writing in log upd_msg->seq_no= 258
[91m [1776446505.844121] Client: [0m---before writing in log upd_msg->type= 4
[91m [1776446505.844125] Client: [0m---before writing in log upd_msg->frag_no= 0
[91m [1776446505.844128] Client: [0m---before writing in log upd_msg->reliable= 1
[91m [1776446505.844132] Client: [0m---before writing in log upd_msg->data.sensor_type= 1
[91m [1776446505.844136] Client: [0m---before writing in log upd_msg->data.sid= temp_1
[91m [1776446505.844141] Client: [0m---after writing in log upd_msg->seq_no = 258
[91m [1776446505.844146] Client: [0m---after writing in log upd_msg->data.sensor_type = 1
[91m [1776446505.844151] Client: [0m---after writing in log upd_msg->reliable = 1
[91m [1776446505.989108] BSON Message: [0mInside sensor type parsing.
[91m [1776446505.989121] BSON Message: [0mInside sensor type parsing end.
[91m [1776446505.989127] BSON Message: [0mInside sid parsing
[91m [1776446505.989132] BSON Message: [0mInside temp1 parsing.
[91m [1776446505.989137] Client: [0m---before writing in log upd_msg->seq_no= 259
[91m [1776446505.989142] Client: [0m---before writing in log upd_msg->type= 4
[91m [1776446505.989146] Client: [0m---before writing in log upd_msg->frag_no= 0
[91m [1776446505.989151] Client: [0m---before writing in log upd_msg->reliable= 1
[91m [1776446505.989156] Client: [0m---before writing in log upd_msg->data.sensor_type= 1
[91m [1776446505.989160] Client: [0m---before writing in log upd_msg->data.sid= temp_1
[91m [1776446505.989170] Client: [0m---after writing in log upd_msg->seq_no = 259
[91m [1776446505.989175] Client: [0m---after writing in log upd_msg->data.sensor_type = 1
[91m [1776446505.989180] Client: [0m---after writing in log upd_msg->reliable = 1
[91m [1776446506.261692] BSON Message: [0mInside sensor type parsing.
[91m [1776446506.261703] BSON Message: [0mInside sensor type parsing end.
[91m [1776446506.261707] BSON Message: [0mInside sid parsing
[91m [1776446506.261711] Client: [0m---before writing in log upd_msg->seq_no= 103
[91m [1776446506.261714] Client: [0m---before writing in log upd_msg->type= 4
[91m [1776446506.261718] Client: [0m---before writing in log upd_msg->frag_no= 0
[91m [1776446506.261721] Client: [0m---before writing in log upd_msg->reliable= 1
[91m [1776446506.261724] Client: [0m---before writing in log upd_msg->data.sensor_type= 2
[91m [1776446506.261729] Client: [0m---before writing in log upd_msg->data.sid= device_0
[91m [1776446506.261735] Client: [0m---after writing in log upd_msg->seq_no = 103
[91m [1776446506.261740] Client: [0m---after writing in log upd_msg->data.sensor_type = 2
[91m [1776446506.261744] Client: [0m---after writing in log upd_msg->reliable = 1
[91m [1776446506.455568] BSON Message: [0mInside sensor type parsing.
[91m [1776446506.455580] BSON Message: [0mInside sensor type parsing end.
[91m [1776446506.455585] BSON Message: [0mInside sid parsing
[91m [1776446506.455590] BSON Message: [0mInside gps1 parsing.
[91m [1776446506.455596] Client: [0m---before writing in log upd_msg->seq_no= 27
[91m [1776446506.455601] Client: [0m---before writing in log upd_msg->type= 4
[91m [1776446506.455605] Client: [0m---before writing in log upd_msg->frag_no= 0
[91m [1776446506.455610] Client: [0m---before writing in log upd_msg->reliable= 1
[91m [1776446506.455614] Client: [0m---before writing in log upd_msg->data.sensor_type= 3
[91m [1776446506.455619] Client: [0m---before writing in log upd_msg->data.sid= gps_2
[91m [1776446506.455626] Client: [0m---after writing in log upd_msg->seq_no = 27
[91m [1776446506.455631] Client: [0m---after writing in log upd_msg->data.sensor_type = 3
[91m [1776446506.455635] Client: [0m---after writing in log upd_msg->reliable = 1
[91m [1776446506.844625] BSON Message: [0mInside sensor type parsing.
[91m [1776446506.844638] BSON Message: [0mInside sensor type parsing end.
[91m [1776446506.844643] BSON Message: [0mInside sid parsing
[91m [1776446506.844649] BSON Message: [0mInside temp1 parsing.
[91m [1776446506.844657] Client: [0m---before writing in log upd_msg->seq_no= 260
[91m [1776446506.844662] Client: [0m---before writing in log upd_msg->type= 4
[91m [1776446506.844668] Client: [0m---before writing in log upd_msg->frag_no= 0
[91m [1776446506.844674] Client: [0m---before writing in log upd_msg->reliable= 1
[91m [1776446506.844679] Client: [0m---before writing in log upd_msg->data.sensor_type= 1
[91m [1776446506.844685] Client: [0m---before writing in log upd_msg->data.sid= temp_1
[91m [1776446506.844692] Client: [0m---after writing in log upd_msg->seq_no = 260
[91m [1776446506.844697] Client: [0m---after writing in log upd_msg->data.sensor_type = 1
[91m [1776446506.844703] Client: [0m---after writing in log upd_msg->reliable = 1
[91m [1776446506.906651] BSON Message: [0mInside sensor type parsing.
[91m [1776446506.906664] BSON Message: [0mInside sensor type parsing end.
[91m [1776446506.906670] BSON Message: [0mInside sid parsing
[91m [1776446506.906677] Client: [0m---before writing in log upd_msg->seq_no= 104
[91m [1776446506.906682] Client: [0m---before writing in log upd_msg->type= 4
[91m [1776446506.906688] Client: [0m---before writing in log upd_msg->frag_no= 0
[91m [1776446506.906694] Client: [0m---before writing in log upd_msg->reliable= 1
[91m [1776446506.906700] Client: [0m---before writing in log upd_msg->data.sensor_type= 2
[91m [1776446506.906705] Client: [0m---before writing in log upd_msg->data.sid= device_0
[91m [1776446506.906718] Client: [0m---after writing in log upd_msg->seq_no = 104
[91m [1776446506.906723] Client: [0m---after writing in log upd_msg->data.sensor_type = 2
[91m [1776446506.906729] Client: [0m---after writing in log upd_msg->reliable = 1
[91m [1776446506.989379] BSON Message: [0mInside sensor type parsing.
[91m [1776446506.989390] BSON Message: [0mInside sensor type parsing end.
[91m [1776446506.989395] BSON Message: [0mInside sid parsing
[91m [1776446506.989400] BSON Message: [0mInside temp1 parsing.
[91m [1776446506.989406] Client: [0m---before writing in log upd_msg->seq_no= 261
[91m [1776446506.989411] Client: [0m---before writing in log upd_msg->type= 4
[91m [1776446506.989415] Client: [0m---before writing in log upd_msg->frag_no= 0
[91m [1776446506.989420] Client: [0m---before writing in log upd_msg->reliable= 1
[91m [1776446506.989424] Client: [0m---before writing in log upd_msg->data.sensor_type= 1
[91m [1776446506.989429] Client: [0m---before writing in log upd_msg->data.sid= temp_1
[91m [1776446506.989434] Client: [0m---after writing in log upd_msg->seq_no = 261
[91m [1776446506.989439] Client: [0m---after writing in log upd_msg->data.sensor_type = 1
[91m [1776446506.989443] Client: [0m---after writing in log upd_msg->reliable = 1
[91m [1776446507.252851] BSON Message: [0mInside sensor type parsing.
[91m [1776446507.252862] BSON Message: [0mInside sensor type parsing end.
[91m [1776446507.252867] BSON Message: [0mInside sid parsing
[91m [1776446507.252873] Client: [0m---before writing in log upd_msg->seq_no= 105
[91m [1776446507.252877] Client: [0m---before writing in log upd_msg->type= 4
[91m [1776446507.252881] Client: [0m---before writing in log upd_msg->frag_no= 0
[91m [1776446507.252885] Client: [0m---before writing in log upd_msg->reliable= 1
[91m [1776446507.252890] Client: [0m---before writing in log upd_msg->data.sensor_type= 2
[91m [1776446507.252894] Client: [0m---before writing in log upd_msg->data.sid= device_0
[91m [1776446507.252899] Client: [0m---after writing in log upd_msg->seq_no = 105
[91m [1776446507.252904] Client: [0m---after writing in log upd_msg->data.sensor_type = 2
[91m [1776446507.252908] Client: [0m---after writing in log upd_msg->reliable = 1
[91m [1776446507.366704] BSON Message: [0mInside sensor type parsing.
[91m [1776446507.366713] BSON Message: [0mInside sensor type parsing end.
[91m [1776446507.366717] BSON Message: [0mInside sid parsing
[91m [1776446507.366722] BSON Message: [0mInside gps1 parsing.
[91m [1776446507.366727] Client: [0m---before writing in log upd_msg->seq_no= 28
[91m [1776446507.366731] Client: [0m---before writing in log upd_msg->type= 4
[91m [1776446507.366735] Client: [0m---before writing in log upd_msg->frag_no= 0
[91m [1776446507.366739] Client: [0m---before writing in log upd_msg->reliable= 0
[91m [1776446507.366743] Client: [0m---before writing in log upd_msg->data.sensor_type= 3
[91m [1776446507.366747] Client: [0m---before writing in log upd_msg->data.sid= gps_2
[91m [1776446507.366753] Client: [0m---after writing in log upd_msg->seq_no = 28
[91m [1776446507.366758] Client: [0m---after writing in log upd_msg->data.sensor_type = 3
[91m [1776446507.366763] Client: [0m---after writing in log upd_msg->reliable = 0
[91m [1776446507.747869] BSON Message: [0mInside sensor type parsing.
[91m [1776446507.747878] BSON Message: [0mInside sensor type parsing end.
[91m [1776446507.747884] BSON Message: [0mInside sid parsing
[91m [1776446507.747890] Client: [0m---before writing in log upd_msg->seq_no= 106
[91m [1776446507.747895] Client: [0m---before writing in log upd_msg->type= 4
[91m [1776446507.747899] Client: [0m---before writing in log upd_msg->frag_no= 0
[91m [1776446507.747903] Client: [0m---before writing in log upd_msg->reliable= 1
[91m [1776446507.747906] Client: [0m---before writing in log upd_msg->data.sensor_type= 2
[91m [1776446507.747910] Client: [0m---before writing in log upd_msg->data.sid= device_0
[91m [1776446507.747922] Client: [0m---after writing in log upd_msg->seq_no = 106
[91m [1776446507.747934] Client: [0m---after writing in log upd_msg->data.sensor_type = 2
[91m [1776446507.747938] Client: [0m---after writing in log upd_msg->reliable = 1
[91m [1776446507.844887] BSON Message: [0mInside sensor type parsing.
[91m [1776446507.844898] BSON Message: [0mInside sensor type parsing end.
[91m [1776446507.844903] BSON Message: [0mInside sid parsing
[91m [1776446507.844909] BSON Message: [0mInside temp1 parsing.
[91m [1776446507.844914] Client: [0m---before writing in log upd_msg->seq_no= 262
[91m [1776446507.844928] Client: [0m---before writing in log upd_msg->type= 4
[91m [1776446507.844933] Client: [0m---before writing in log upd_msg->frag_no= 0
[91m [1776446507.844937] Client: [0m---before writing in log upd_msg->reliable= 1
[91m [1776446507.844942] Client: [0m---before writing in log upd_msg->data.sensor_type= 1
[91m [1776446507.844946] Client: [0m---before writing in log upd_msg->data.sid= temp_1
[91m [1776446507.844952] Client: [0m---after writing in log upd_msg->seq_no = 262
[91m [1776446507.844956] Client: [0m---after writing in log upd_msg->data.sensor_type = 1
[91m [1776446507.844961] Client: [0m---after writing in log upd_msg->reliable = 1
[91m [1776446507.989765] BSON Message: [0mInside sensor type parsing.
[91m [1776446507.989776] BSON Message: [0mInside sensor type parsing end.
[91m [1776446507.989781] BSON Message: [0mInside sid parsing
[91m [1776446507.989785] BSON Message: [0mInside temp1 parsing.
[91m [1776446507.989790] Client: [0m---before writing in log upd_msg->seq_no= 263
[91m [1776446507.989795] Client: [0m---before writing in log upd_msg->type= 4
[91m [1776446507.989799] Client: [0m---before writing in log upd_msg->frag_no= 0
[91m [1776446507.989804] Client: [0m---before writing in log upd_msg->reliable= 1
[91m [1776446507.989809] Client: [0m---before writing in log upd_msg->data.sensor_type= 1
[91m [1776446507.989814] Client: [0m---before writing in log upd_msg->data.sid= temp_1
[91m [1776446507.989820] Client: [0m---after writing in log upd_msg->seq_no = 263
[91m [1776446507.989825] Client: [0m---after writing in log upd_msg->data.sensor_type = 1
[91m [1776446507.989830] Client: [0m---after writing in log upd_msg->reliable = 1
[91m [1776446508.844993] BSON Message: [0mInside sensor type parsing.
[91m [1776446508.845001] BSON Message: [0mInside sensor type parsing end.
[91m [1776446508.845005] BSON Message: [0mInside sid parsing
[91m [1776446508.845010] BSON Message: [0mInside temp1 parsing.
[91m [1776446508.845014] Client: [0m---before writing in log upd_msg->seq_no= 264
[91m [1776446508.845019] Client: [0m---before writing in log upd_msg->type= 4
[91m [1776446508.845022] Client: [0m---before writing in log upd_msg->frag_no= 0
[91m [1776446508.845027] Client: [0m---before writing in log upd_msg->reliable= 1
[91m [1776446508.845031] Client: [0m---before writing in log upd_msg->data.sensor_type= 1
[91m [1776446508.845036] Client: [0m---before writing in log upd_msg->data.sid= temp_1
[91m [1776446508.845041] Client: [0m---after writing in log upd_msg->seq_no = 264
[91m [1776446508.845046] Client: [0m---after writing in log upd_msg->data.sensor_type = 1
[91m [1776446508.845051] Client: [0m---after writing in log upd_msg->reliable = 1
[91m [1776446508.989955] BSON Message: [0mInside sensor type parsing.
[91m [1776446508.989965] BSON Message: [0mInside sensor type parsing end.
[91m [1776446508.989971] BSON Message: [0mInside sid parsing
[91m [1776446508.989974] BSON Message: [0mInside temp1 parsing.
[91m [1776446508.989978] Client: [0m---before writing in log upd_msg->seq_no= 265
[91m [1776446508.989981] Client: [0m---before writing in log upd_msg->type= 4
[91m [1776446508.989984] Client: [0m---before writing in log upd_msg->frag_no= 0
[91m [1776446508.989988] Client: [0m---before writing in log upd_msg->reliable= 1
[91m [1776446508.989992] Client: [0m---before writing in log upd_msg->data.sensor_type= 1
[91m [1776446508.989996] Client: [0m---before writing in log upd_msg->data.sid= temp_1
[91m [1776446508.990005] Client: [0m---after writing in log upd_msg->seq_no = 265
[91m [1776446508.990009] Client: [0m---after writing in log upd_msg->data.sensor_type = 1
[91m [1776446508.990013] Client: [0m---after writing in log upd_msg->reliable = 1
[91m [1776446509.48641] BSON Message: [0mInside sensor type parsing.
[91m [1776446509.48652] BSON Message: [0mInside sensor type parsing end.
[91m [1776446509.48658] BSON Message: [0mInside sid parsing
[91m [1776446509.48664] Client: [0m---before writing in log upd_msg->seq_no= 107
[91m [1776446509.48669] Client: [0m---before writing in log upd_msg->type= 4
[91m [1776446509.48673] Client: [0m---before writing in log upd_msg->frag_no= 0
[91m [1776446509.48677] Client: [0m---before writing in log upd_msg->reliable= 1
[91m [1776446509.48682] Client: [0m---before writing in log upd_msg->data.sensor_type= 2
[91m [1776446509.48686] Client: [0m---before writing in log upd_msg->data.sid= device_0
[91m [1776446509.48692] Client: [0m---after writing in log upd_msg->seq_no = 107
[91m [1776446509.48697] Client: [0m---after writing in log upd_msg->data.sensor_type = 2
[91m [1776446509.48702] Client: [0m---after writing in log upd_msg->reliable = 1
[91m [1776446509.757016] BSON Message: [0mInside sensor type parsing.
[91m [1776446509.757029] BSON Message: [0mInside sensor type parsing end.
[91m [1776446509.757035] BSON Message: [0mInside sid parsing
[91m [1776446509.757043] Client: [0m---before writing in log upd_msg->seq_no= 108
[91m [1776446509.757049] Client: [0m---before writing in log upd_msg->type= 4
[91m [1776446509.757055] Client: [0m---before writing in log upd_msg->frag_no= 0
[91m [1776446509.757061] Client: [0m---before writing in log upd_msg->reliable= 1
[91m [1776446509.757067] Client: [0m---before writing in log upd_msg->data.sensor_type= 2
[91m [1776446509.757072] Client: [0m---before writing in log upd_msg->data.sid= device_0
[91m [1776446509.757079] Client: [0m---after writing in log upd_msg->seq_no = 108
[91m [1776446509.757084] Client: [0m---after writing in log upd_msg->data.sensor_type = 2
[91m [1776446509.757090] Client: [0m---after writing in log upd_msg->reliable = 1
[91m [1776446509.845285] BSON Message: [0mInside sensor type parsing.
[91m [1776446509.845295] BSON Message: [0mInside sensor type parsing end.
[91m [1776446509.845300] BSON Message: [0mInside sid parsing
[91m [1776446509.845306] BSON Message: [0mInside temp1 parsing.
[91m [1776446509.845311] Client: [0m---before writing in log upd_msg->seq_no= 266
[91m [1776446509.845315] Client: [0m---before writing in log upd_msg->type= 4
[91m [1776446509.845320] Client: [0m---before writing in log upd_msg->frag_no= 0
[91m [1776446509.845325] Client: [0m---before writing in log upd_msg->reliable= 1
[91m [1776446509.845330] Client: [0m---before writing in log upd_msg->data.sensor_type= 1
[91m [1776446509.845336] Client: [0m---before writing in log upd_msg->data.sid= temp_1
[91m [1776446509.845343] Client: [0m---after writing in log upd_msg->seq_no = 266
[91m [1776446509.845348] Client: [0m---after writing in log upd_msg->data.sensor_type = 1
[91m [1776446509.845352] Client: [0m---after writing in log upd_msg->reliable = 1
[91m [1776446509.990068] BSON Message: [0mInside sensor type parsing.
[91m [1776446509.990076] BSON Message: [0mInside sensor type parsing end.
[91m [1776446509.990081] BSON Message: [0mInside sid parsing
[91m [1776446509.990085] BSON Message: [0mInside temp1 parsing.
[91m [1776446509.990091] Client: [0m---before writing in log upd_msg->seq_no= 267
[91m [1776446509.990096] Client: [0m---before writing in log upd_msg->type= 4
[91m [1776446509.990101] Client: [0m---before writing in log upd_msg->frag_no= 0
[91m [1776446509.990104] Client: [0m---before writing in log upd_msg->reliable= 1
[91m [1776446509.990107] Client: [0m---before writing in log upd_msg->data.sensor_type= 1
[91m [1776446509.990110] Client: [0m---before writing in log upd_msg->data.sid= temp_1
[91m [1776446509.990117] Client: [0m---after writing in log upd_msg->seq_no = 267
[91m [1776446509.990121] Client: [0m---after writing in log upd_msg->data.sensor_type = 1
[91m [1776446509.990124] Client: [0m---after writing in log upd_msg->reliable = 1
[91m [1776446510.458900] BSON Message: [0mInside sensor type parsing.
[91m [1776446510.458912] BSON Message: [0mInside sensor type parsing end.
[91m [1776446510.458956] BSON Message: [0mInside sid parsing
[91m [1776446510.458962] Client: [0m---before writing in log upd_msg->seq_no= 109
[91m [1776446510.458967] Client: [0m---before writing in log upd_msg->type= 4
[91m [1776446510.458971] Client: [0m---before writing in log upd_msg->frag_no= 0
[91m [1776446510.458976] Client: [0m---before writing in log upd_msg->reliable= 1
[91m [1776446510.458981] Client: [0m---before writing in log upd_msg->data.sensor_type= 2
[91m [1776446510.458985] Client: [0m---before writing in log upd_msg->data.sid= device_0
[91m [1776446510.458991] Client: [0m---after writing in log upd_msg->seq_no = 109
[91m [1776446510.458996] Client: [0m---after writing in log upd_msg->data.sensor_type = 2
[91m [1776446510.459001] Client: [0m---after writing in log upd_msg->reliable = 1
[91m [1776446510.847972] BSON Message: [0mInside sensor type parsing.
[91m [1776446510.847983] BSON Message: [0mInside sensor type parsing end.
[91m [1776446510.847989] BSON Message: [0mInside sid parsing
[91m [1776446510.847995] BSON Message: [0mInside temp1 parsing.
[91m [1776446510.848000] Client: [0m---before writing in log upd_msg->seq_no= 268
[91m [1776446510.848004] Client: [0m---before writing in log upd_msg->type= 4
[91m [1776446510.848008] Client: [0m---before writing in log upd_msg->frag_no= 0
[91m [1776446510.848011] Client: [0m---before writing in log upd_msg->reliable= 1
[91m [1776446510.848015] Client: [0m---before writing in log upd_msg->data.sensor_type= 1
[91m [1776446510.848018] Client: [0m---before writing in log upd_msg->data.sid= temp_1
[91m [1776446510.848022] Client: [0m---after writing in log upd_msg->seq_no = 268
[91m [1776446510.848026] Client: [0m---after writing in log upd_msg->data.sensor_type = 1
[91m [1776446510.848030] Client: [0m---after writing in log upd_msg->reliable = 1
[91m [1776446510.990520] BSON Message: [0mInside sensor type parsing.
[91m [1776446510.990533] BSON Message: [0mInside sensor type parsing end.
[91m [1776446510.990538] BSON Message: [0mInside sid parsing
[91m [1776446510.990543] BSON Message: [0mInside temp1 parsing.
[91m [1776446510.990548] Client: [0m---before writing in log upd_msg->seq_no= 269
[91m [1776446510.990552] Client: [0m---before writing in log upd_msg->type= 4
[91m [1776446510.990557] Client: [0m---before writing in log upd_msg->frag_no= 0
[91m [1776446510.990562] Client: [0m---before writing in log upd_msg->reliable= 1
[91m [1776446510.990568] Client: [0m---before writing in log upd_msg->data.sensor_type= 1
[91m [1776446510.990572] Client: [0m---before writing in log upd_msg->data.sid= temp_1
[91m [1776446510.990576] Client: [0m---after writing in log upd_msg->seq_no = 269
[91m [1776446510.990580] Client: [0m---after writing in log upd_msg->data.sensor_type = 1
[91m [1776446510.990585] Client: [0m---after writing in log upd_msg->reliable = 1
[91m [1776446511.845971] BSON Message: [0mInside sensor type parsing.
[91m [1776446511.845985] BSON Message: [0mInside sensor type parsing end.
[91m [1776446511.845991] BSON Message: [0mInside sid parsing
[91m [1776446511.845996] BSON Message: [0mInside temp1 parsing.
[91m [1776446511.846001] Client: [0m---before writing in log upd_msg->seq_no= 270
[91m [1776446511.846006] Client: [0m---before writing in log upd_msg->type= 4
[91m [1776446511.846011] Client: [0m---before writing in log upd_msg->frag_no= 0
[91m [1776446511.846015] Client: [0m---before writing in log upd_msg->reliable= 1
[91m [1776446511.846019] Client: [0m---before writing in log upd_msg->data.sensor_type= 1
[91m [1776446511.846024] Client: [0m---before writing in log upd_msg->data.sid= temp_1
[91m [1776446511.846035] Client: [0m---after writing in log upd_msg->seq_no = 270
[91m [1776446511.846039] Client: [0m---after writing in log upd_msg->data.sensor_type = 1
[91m [1776446511.846043] Client: [0m---after writing in log upd_msg->reliable = 1
[91m [1776446511.943181] BSON Message: [0mInside sensor type parsing.
[91m [1776446511.943192] BSON Message: [0mInside sensor type parsing end.
[91m [1776446511.943198] BSON Message: [0mInside sid parsing
[91m [1776446511.943204] Client: [0m---before writing in log upd_msg->seq_no= 110
[91m [1776446511.943211] Client: [0m---before writing in log upd_msg->type= 4
[91m [1776446511.943217] Client: [0m---before writing in log upd_msg->frag_no= 0
[91m [1776446511.943223] Client: [0m---before writing in log upd_msg->reliable= 1
[91m [1776446511.943228] Client: [0m---before writing in log upd_msg->data.sensor_type= 2
[91m [1776446511.943232] Client: [0m---before writing in log upd_msg->data.sid= device_0
[91m [1776446511.943238] Client: [0m---after writing in log upd_msg->seq_no = 110
[91m [1776446511.943246] Client: [0m---after writing in log upd_msg->data.sensor_type = 2
[91m [1776446511.943253] Client: [0m---after writing in log upd_msg->reliable = 1
[91m [1776446511.990717] BSON Message: [0mInside sensor type parsing.
[91m [1776446511.990728] BSON Message: [0mInside sensor type parsing end.
[91m [1776446511.990733] BSON Message: [0mInside sid parsing
[91m [1776446511.990738] BSON Message: [0mInside temp1 parsing.
[91m [1776446511.990743] Client: [0m---before writing in log upd_msg->seq_no= 271
[91m [1776446511.990749] Client: [0m---before writing in log upd_msg->type= 4
[91m [1776446511.990754] Client: [0m---before writing in log upd_msg->frag_no= 0
[91m [1776446511.990758] Client: [0m---before writing in log upd_msg->reliable= 1
[91m [1776446511.990762] Client: [0m---before writing in log upd_msg->data.sensor_type= 1
[91m [1776446511.990766] Client: [0m---before writing in log upd_msg->data.sid= temp_1
[91m [1776446511.990771] Client: [0m---after writing in log upd_msg->seq_no = 271
[91m [1776446511.990774] Client: [0m---after writing in log upd_msg->data.sensor_type = 1
[91m [1776446511.990778] Client: [0m---after writing in log upd_msg->reliable = 1
[91m [1776446512.846488] BSON Message: [0mInside sensor type parsing.
[91m [1776446512.846506] BSON Message: [0mInside sensor type parsing end.
[91m [1776446512.846510] BSON Message: [0mInside sid parsing
[91m [1776446512.846515] BSON Message: [0mInside temp1 parsing.
[91m [1776446512.846521] Client: [0m---before writing in log upd_msg->seq_no= 272
[91m [1776446512.846526] Client: [0m---before writing in log upd_msg->type= 4
[91m [1776446512.846530] Client: [0m---before writing in log upd_msg->frag_no= 0
[91m [1776446512.846534] Client: [0m---before writing in log upd_msg->reliable= 0
[91m [1776446512.846539] Client: [0m---before writing in log upd_msg->data.sensor_type= 1
[91m [1776446512.846543] Client: [0m---before writing in log upd_msg->data.sid= temp_1
[91m [1776446512.846548] Client: [0m---after writing in log upd_msg->seq_no = 272
[91m [1776446512.846552] Client: [0m---after writing in log upd_msg->data.sensor_type = 1
[91m [1776446512.846557] Client: [0m---after writing in log upd_msg->reliable = 0
[91m [1776446512.988771] BSON Message: [0mInside sensor type parsing.
[91m [1776446512.988780] BSON Message: [0mInside sensor type parsing end.
[91m [1776446512.988784] BSON Message: [0mInside sid parsing
[91m [1776446512.988790] Client: [0m---before writing in log upd_msg->seq_no= 111
[91m [1776446512.988794] Client: [0m---before writing in log upd_msg->type= 4
[91m [1776446512.988798] Client: [0m---before writing in log upd_msg->frag_no= 0
[91m [1776446512.988802] Client: [0m---before writing in log upd_msg->reliable= 1
[91m [1776446512.988806] Client: [0m---before writing in log upd_msg->data.sensor_type= 2
[91m [1776446512.988810] Client: [0m---before writing in log upd_msg->data.sid= device_0
[91m [1776446512.988818] Client: [0m---after writing in log upd_msg->seq_no = 111
[91m [1776446512.988822] Client: [0m---after writing in log upd_msg->data.sensor_type = 2
[91m [1776446512.988826] Client: [0m---after writing in log upd_msg->reliable = 1
[91m [1776446512.991962] BSON Message: [0mInside sensor type parsing.
[91m [1776446512.991974] BSON Message: [0mInside sensor type parsing end.
[91m [1776446512.991980] BSON Message: [0mInside sid parsing
[91m [1776446512.991985] BSON Message: [0mInside temp1 parsing.
[91m [1776446512.991990] Client: [0m---before writing in log upd_msg->seq_no= 273
[91m [1776446512.991995] Client: [0m---before writing in log upd_msg->type= 4
[91m [1776446512.992000] Client: [0m---before writing in log upd_msg->frag_no= 0
[91m [1776446512.992004] Client: [0m---before writing in log upd_msg->reliable= 1
[91m [1776446512.992009] Client: [0m---before writing in log upd_msg->data.sensor_type= 1
[91m [1776446512.992014] Client: [0m---before writing in log upd_msg->data.sid= temp_1
[91m [1776446512.992020] Client: [0m---after writing in log upd_msg->seq_no = 273
[91m [1776446512.992024] Client: [0m---after writing in log upd_msg->data.sensor_type = 1
[91m [1776446512.992029] Client: [0m---after writing in log upd_msg->reliable = 1
[91m [1776446513.847423] BSON Message: [0mInside sensor type parsing.
[91m [1776446513.847433] BSON Message: [0mInside sensor type parsing end.
[91m [1776446513.847438] BSON Message: [0mInside sid parsing
[91m [1776446513.847443] BSON Message: [0mInside temp1 parsing.
[91m [1776446513.847449] Client: [0m---before writing in log upd_msg->seq_no= 274
[91m [1776446513.847454] Client: [0m---before writing in log upd_msg->type= 4
[91m [1776446513.847458] Client: [0m---before writing in log upd_msg->frag_no= 0
[91m [1776446513.847463] Client: [0m---before writing in log upd_msg->reliable= 1
[91m [1776446513.847467] Client: [0m---before writing in log upd_msg->data.sensor_type= 1
[91m [1776446513.847471] Client: [0m---before writing in log upd_msg->data.sid= temp_1
[91m [1776446513.847477] Client: [0m---after writing in log upd_msg->seq_no = 274
[91m [1776446513.847483] Client: [0m---after writing in log upd_msg->data.sensor_type = 1
[91m [1776446513.847488] Client: [0m---after writing in log upd_msg->reliable = 1
[91m [1776446513.992548] BSON Message: [0mInside sensor type parsing.
[91m [1776446513.992560] BSON Message: [0mInside sensor type parsing end.
[91m [1776446513.992566] BSON Message: [0mInside sid parsing
[91m [1776446513.992571] BSON Message: [0mInside temp1 parsing.
[91m [1776446513.992576] Client: [0m---before writing in log upd_msg->seq_no= 275
[91m [1776446513.992581] Client: [0m---before writing in log upd_msg->type= 4
[91m [1776446513.992585] Client: [0m---before writing in log upd_msg->frag_no= 0
[91m [1776446513.992590] Client: [0m---before writing in log upd_msg->reliable= 1
[91m [1776446513.992594] Client: [0m---before writing in log upd_msg->data.sensor_type= 1
[91m [1776446513.992598] Client: [0m---before writing in log upd_msg->data.sid= temp_1
[91m [1776446513.992603] Client: [0m---after writing in log upd_msg->seq_no = 275
[91m [1776446513.992608] Client: [0m---after writing in log upd_msg->data.sensor_type = 1
[91m [1776446513.992613] Client: [0m---after writing in log upd_msg->reliable = 1
[91m [1776446514.850245] BSON Message: [0mInside sensor type parsing.
[91m [1776446514.850257] BSON Message: [0mInside sensor type parsing end.
[91m [1776446514.850262] BSON Message: [0mInside sid parsing
[91m [1776446514.850267] BSON Message: [0mInside temp1 parsing.
[91m [1776446514.850272] Client: [0m---before writing in log upd_msg->seq_no= 276
[91m [1776446514.850277] Client: [0m---before writing in log upd_msg->type= 4
[91m [1776446514.850281] Client: [0m---before writing in log upd_msg->frag_no= 0
[91m [1776446514.850285] Client: [0m---before writing in log upd_msg->reliable= 1
[91m [1776446514.850290] Client: [0m---before writing in log upd_msg->data.sensor_type= 1
[91m [1776446514.850299] Client: [0m---before writing in log upd_msg->data.sid= temp_1
[91m [1776446514.850304] Client: [0m---after writing in log upd_msg->seq_no = 276
[91m [1776446514.850308] Client: [0m---after writing in log upd_msg->data.sensor_type = 1
[91m [1776446514.850312] Client: [0m---after writing in log upd_msg->reliable = 1
[91m [1776446514.992690] BSON Message: [0mInside sensor type parsing.
[91m [1776446514.992698] BSON Message: [0mInside sensor type parsing end.
[91m [1776446514.992703] BSON Message: [0mInside sid parsing
[91m [1776446514.992707] BSON Message: [0mInside temp1 parsing.
[91m [1776446514.992712] Client: [0m---before writing in log upd_msg->seq_no= 277
[91m [1776446514.992716] Client: [0m---before writing in log upd_msg->type= 4
[91m [1776446514.992720] Client: [0m---before writing in log upd_msg->frag_no= 0
[91m [1776446514.992724] Client: [0m---before writing in log upd_msg->reliable= 1
[91m [1776446514.992729] Client: [0m---before writing in log upd_msg->data.sensor_type= 1
[91m [1776446514.992734] Client: [0m---before writing in log upd_msg->data.sid= temp_1
[91m [1776446514.992739] Client: [0m---after writing in log upd_msg->seq_no = 277
[91m [1776446514.992742] Client: [0m---after writing in log upd_msg->data.sensor_type = 1
[91m [1776446514.992746] Client: [0m---after writing in log upd_msg->reliable = 1
[91m [1776446515.228283] BSON Message: [0mInside sensor type parsing.
[91m [1776446515.228294] BSON Message: [0mInside sensor type parsing end.
[91m [1776446515.228299] BSON Message: [0mInside sid parsing
[91m [1776446515.228304] Client: [0m---before writing in log upd_msg->seq_no= 112
[91m [1776446515.228308] Client: [0m---before writing in log upd_msg->type= 4
[91m [1776446515.228312] Client: [0m---before writing in log upd_msg->frag_no= 0
[91m [1776446515.228316] Client: [0m---before writing in log upd_msg->reliable= 1
[91m [1776446515.228319] Client: [0m---before writing in log upd_msg->data.sensor_type= 2
[91m [1776446515.228323] Client: [0m---before writing in log upd_msg->data.sid= device_0
[91m [1776446515.228328] Client: [0m---after writing in log upd_msg->seq_no = 112
[91m [1776446515.228332] Client: [0m---after writing in log upd_msg->data.sensor_type = 2
[91m [1776446515.228335] Client: [0m---after writing in log upd_msg->reliable = 1
[91m [1776446515.848263] BSON Message: [0mInside sensor type parsing.
[91m [1776446515.848272] BSON Message: [0mInside sensor type parsing end.
[91m [1776446515.848276] BSON Message: [0mInside sid parsing
[91m [1776446515.848281] BSON Message: [0mInside temp1 parsing.
[91m [1776446515.848285] Client: [0m---before writing in log upd_msg->seq_no= 278
[91m [1776446515.848289] Client: [0m---before writing in log upd_msg->type= 4
[91m [1776446515.848293] Client: [0m---before writing in log upd_msg->frag_no= 0
[91m [1776446515.848297] Client: [0m---before writing in log upd_msg->reliable= 1
[91m [1776446515.848300] Client: [0m---before writing in log upd_msg->data.sensor_type= 1
[91m [1776446515.848304] Client: [0m---before writing in log upd_msg->data.sid= temp_1
[91m [1776446515.848308] Client: [0m---after writing in log upd_msg->seq_no = 278
[91m [1776446515.848314] Client: [0m---after writing in log upd_msg->data.sensor_type = 1
[91m [1776446515.848318] Client: [0m---after writing in log upd_msg->reliable = 1
[91m [1776446515.993303] BSON Message: [0mInside sensor type parsing.
[91m [1776446515.993314] BSON Message: [0mInside sensor type parsing end.
[91m [1776446515.993318] BSON Message: [0mInside sid parsing
[91m [1776446515.993322] BSON Message: [0mInside temp1 parsing.
[91m [1776446515.993327] Client: [0m---before writing in log upd_msg->seq_no= 279
[91m [1776446515.993332] Client: [0m---before writing in log upd_msg->type= 4
[91m [1776446515.993336] Client: [0m---before writing in log upd_msg->frag_no= 0
[91m [1776446515.993340] Client: [0m---before writing in log upd_msg->reliable= 1
[91m [1776446515.993345] Client: [0m---before writing in log upd_msg->data.sensor_type= 1
[91m [1776446515.993354] Client: [0m---before writing in log upd_msg->data.sid= temp_1
[91m [1776446515.993359] Client: [0m---after writing in log upd_msg->seq_no = 279
[91m [1776446515.993363] Client: [0m---after writing in log upd_msg->data.sensor_type = 1
[91m [1776446515.993367] Client: [0m---after writing in log upd_msg->reliable = 1
[91m [1776446516.259307] BSON Message: [0mInside sensor type parsing.
[91m [1776446516.259318] BSON Message: [0mInside sensor type parsing end.
[91m [1776446516.259322] BSON Message: [0mInside sid parsing
[91m [1776446516.259328] Client: [0m---before writing in log upd_msg->seq_no= 113
[91m [1776446516.259332] Client: [0m---before writing in log upd_msg->type= 4
[91m [1776446516.259336] Client: [0m---before writing in log upd_msg->frag_no= 0
[91m [1776446516.259340] Client: [0m---before writing in log upd_msg->reliable= 1
[91m [1776446516.259344] Client: [0m---before writing in log upd_msg->data.sensor_type= 2
[91m [1776446516.259348] Client: [0m---before writing in log upd_msg->data.sid= device_0
[91m [1776446516.259353] Client: [0m---after writing in log upd_msg->seq_no = 113
[91m [1776446516.259357] Client: [0m---after writing in log upd_msg->data.sensor_type = 2
[91m [1776446516.259361] Client: [0m---after writing in log upd_msg->reliable = 1
[91m [1776446516.394973] BSON Message: [0mInside sensor type parsing.
[91m [1776446516.394986] BSON Message: [0mInside sensor type parsing end.
[91m [1776446516.394991] BSON Message: [0mInside sid parsing
[91m [1776446516.394996] BSON Message: [0mInside gps1 parsing.
[91m [1776446516.395000] Client: [0m---before writing in log upd_msg->seq_no= 29
[91m [1776446516.395005] Client: [0m---before writing in log upd_msg->type= 4
[91m [1776446516.395010] Client: [0m---before writing in log upd_msg->frag_no= 0
[91m [1776446516.395016] Client: [0m---before writing in log upd_msg->reliable= 1
[91m [1776446516.395021] Client: [0m---before writing in log upd_msg->data.sensor_type= 3
[91m [1776446516.395027] Client: [0m---before writing in log upd_msg->data.sid= gps_2
[91m [1776446516.395035] Client: [0m---after writing in log upd_msg->seq_no = 29
[91m [1776446516.395040] Client: [0m---after writing in log upd_msg->data.sensor_type = 3
[91m [1776446516.395045] Client: [0m---after writing in log upd_msg->reliable = 1
[91m [1776446516.848389] BSON Message: [0mInside sensor type parsing.
[91m [1776446516.848401] BSON Message: [0mInside sensor type parsing end.
[91m [1776446516.848406] BSON Message: [0mInside sid parsing
[91m [1776446516.848410] BSON Message: [0mInside temp1 parsing.
[91m [1776446516.848415] Client: [0m---before writing in log upd_msg->seq_no= 280
[91m [1776446516.848420] Client: [0m---before writing in log upd_msg->type= 4
[91m [1776446516.848435] Client: [0m---before writing in log upd_msg->frag_no= 0
[91m [1776446516.848439] Client: [0m---before writing in log upd_msg->reliable= 1
[91m [1776446516.848443] Client: [0m---before writing in log upd_msg->data.sensor_type= 1
[91m [1776446516.848447] Client: [0m---before writing in log upd_msg->data.sid= temp_1
[91m [1776446516.848452] Client: [0m---after writing in log upd_msg->seq_no = 280
[91m [1776446516.848456] Client: [0m---after writing in log upd_msg->data.sensor_type = 1
[91m [1776446516.848460] Client: [0m---after writing in log upd_msg->reliable = 1
[91m [1776446516.993620] BSON Message: [0mInside sensor type parsing.
[91m [1776446516.993630] BSON Message: [0mInside sensor type parsing end.
[91m [1776446516.993636] BSON Message: [0mInside sid parsing
[91m [1776446516.993641] BSON Message: [0mInside temp1 parsing.
---Update message arrived------------ 1
Got a message from the server.
Message type is 4
---------Update message arrived------------ 1
Got a message from the server.
Message type is 4
---------Update message arrived------------ 1
Got a message from the server.
Message type is 4
---------Update message arrived------------ 1
Got a message from the server.
Message type is 4
---------Update message arrived------------ 1
Got a message from the server.
Message type is 4
---------Update message arrived------------ 1
Got a message from the server.
Message type is 4
---------Update message arrived------------ 1
Got a message from the server.
Message type is 4
---------Update message arrived------------ 1
Got a message from the server.
Message type is 4
---------Update message arrived------------ 1
Got a message from the server.
Message type is 4
---------Update message arrived------------ 1
Got a message from the server.
Message type is 4
---------Update message arrived------------ 1
Got a message from the server.
Message type is 4
---------Update message arrived------------ 1
Got a message from the server.
Message type is 4
---------Update message arrived------------ 1
Got a message from the server.
Message type is 4
---------Update message arrived------------ 1
Got a message from the server.
Message type is 4
---------Update message arrived------------ 1
Got a message from the server.
Message type is 4
---------Update message arrived------------ 1
Got a message from the server.
Message type is 4
---------Update message arrived------------ 1
Got a message from the server.
Message type is 4
---------Update message arrived------------ 1
Got a message from the server.
Message type is 4
---------Update message arrived------------ 1
Got a message from the server.
Message type is 4
---------Update message arrived------------ 1
Got a message from the server.
Message type is 4
---------Update message arrived------------ 1
Got a message from the server.
Message type is 4
---------Update message arrived------------ 1
Got a message from the server.
Message type is 4
---------Update message arrived------------ 1
Got a message from the server.
Message type is 4
---------Update message arrived------------ 1
Got a message from the server.
Message type is 4
---------Update message arrived------------ 1
Got a message from the server.
Message type is 4
---------Update message arrived------------ 1
Got a message from the server.
Message type is 4
---------Update message arrived------------ 1
Got a message from the server.
Message type is 4
---------Update message arrived------------ 1
Got a message from the server.
Message type is 4
---------Update message arrived------------ 1
Got a message from the server.
Message type is 4
---------Update message arrived------------ 1
Got a message from the server.
Message type is 4
---------Update message arrived------------ 1
Got a message from the server.
Message type is 4
---------Update message arrived------------ 1
Got a message from the server.
Message type is 4
---------Update message arrived------------ 1
Got a message from the server.
Message type is 4
---------Update message arrived------------ 1
Got a message from the server.
Message type is 4
---------Update message arrived------------ 1
Got a message from the server.
Message type is 4
---------Update message arrived------------ 1
Got a message from the server.
Message type is 4
---------Update message arrived------------ 1
Got a message from the server.
Message type is 4
---------Update message arrived------------ 1
Got a message from the server.
Message type is 4
---------Update message arrived------------ 1
Got a message from the server.
Message type is 4
---------Update message arrived------------ 1
Got a message from the server.
Message type is 4
---------Update message arrived------------ 1
Got a message from the server.
Message type is 4
---------Update message arrived------------ 1
Got a message from the server.
Message type is 4
---------Update message arrived------------ 1
Got a message from the server.
Message type is 4
---------Update m[91m [1776446516.993654] Client: [0m---before writing in log upd_msg->seq_no= 281
[91m [1776446516.993659] Client: [0m---before writing in log upd_msg->type= 4
[91m [1776446516.993664] Client: [0m---before writing in log upd_msg->frag_no= 0
[91m [1776446516.993668] Client: [0m---before writing in log upd_msg->reliable= 1
[91m [1776446516.993676] Client: [0m---before writing in log upd_msg->data.sensor_type= 1
[91m [1776446516.993681] Client: [0m---before writing in log upd_msg->data.sid= temp_1
[91m [1776446516.993687] Client: [0m---after writing in log upd_msg->seq_no = 281
[91m [1776446516.993692] Client: [0m---after writing in log upd_msg->data.sensor_type = 1
[91m [1776446516.993698] Client: [0m---after writing in log upd_msg->reliable = 1
[91m [1776446517.341482] BSON Message: [0mInside sensor type parsing.
[91m [1776446517.341494] BSON Message: [0mInside sensor type parsing end.
[91m [1776446517.341500] BSON Message: [0mInside sid parsing
[91m [1776446517.341506] Client: [0m---before writing in log upd_msg->seq_no= 114
[91m [1776446517.341510] Client: [0m---before writing in log upd_msg->type= 4
[91m [1776446517.341513] Client: [0m---before writing in log upd_msg->frag_no= 0
[91m [1776446517.341517] Client: [0m---before writing in log upd_msg->reliable= 1
[91m [1776446517.341521] Client: [0m---before writing in log upd_msg->data.sensor_type= 2
[91m [1776446517.341525] Client: [0m---before writing in log upd_msg->data.sid= device_0
[91m [1776446517.341530] Client: [0m---after writing in log upd_msg->seq_no = 114
[91m [1776446517.341534] Client: [0m---after writing in log upd_msg->data.sensor_type = 2
[91m [1776446517.341538] Client: [0m---after writing in log upd_msg->reliable = 1
[91m [1776446517.857594] BSON Message: [0mInside sensor type parsing.
[91m [1776446517.857612] BSON Message: [0mInside sensor type parsing end.
[91m [1776446517.857618] BSON Message: [0mInside sid parsing
[91m [1776446517.857625] BSON Message: [0mInside temp1 parsing.
[91m [1776446517.857631] Client: [0m---before writing in log upd_msg->seq_no= 282
[91m [1776446517.857637] Client: [0m---before writing in log upd_msg->type= 4
[91m [1776446517.857643] Client: [0m---before writing in log upd_msg->frag_no= 0
[91m [1776446517.857647] Client: [0m---before writing in log upd_msg->reliable= 1
[91m [1776446517.857651] Client: [0m---before writing in log upd_msg->data.sensor_type= 1
[91m [1776446517.857654] Client: [0m---before writing in log upd_msg->data.sid= temp_1
[91m [1776446517.857660] Client: [0m---after writing in log upd_msg->seq_no = 282
[91m [1776446517.857664] Client: [0m---after writing in log upd_msg->data.sensor_type = 1
[91m [1776446517.857668] Client: [0m---after writing in log upd_msg->reliable = 1
[91m [1776446517.864679] BSON Message: [0mInside sensor type parsing.
[91m [1776446517.864688] BSON Message: [0mInside sensor type parsing end.
[91m [1776446517.864692] BSON Message: [0mInside sid parsing
[91m [1776446517.864696] BSON Message: [0mInside gps1 parsing.
[91m [1776446517.864700] Client: [0m---before writing in log upd_msg->seq_no= 30
[91m [1776446517.864704] Client: [0m---before writing in log upd_msg->type= 4
[91m [1776446517.864707] Client: [0m---before writing in log upd_msg->frag_no= 0
[91m [1776446517.864711] Client: [0m---before writing in log upd_msg->reliable= 1
[91m [1776446517.864714] Client: [0m---before writing in log upd_msg->data.sensor_type= 3
[91m [1776446517.864718] Client: [0m---before writing in log upd_msg->data.sid= gps_2
[91m [1776446517.864723] Client: [0m---after writing in log upd_msg->seq_no = 30
[91m [1776446517.864727] Client: [0m---after writing in log upd_msg->data.sensor_type = 3
[91m [1776446517.864731] Client: [0m---after writing in log upd_msg->reliable = 1
[91m [1776446517.994442] BSON Message: [0mInside sensor type parsing.
[91m [1776446517.994453] BSON Message: [0mInside sensor type parsing end.
[91m [1776446517.994458] BSON Message: [0mInside sid parsing
[91m [1776446517.994463] BSON Message: [0mInside temp1 parsing.
[91m [1776446517.994469] Client: [0m---before writing in log upd_msg->seq_no= 283
[91m [1776446517.994474] Client: [0m---before writing in log upd_msg->type= 4
[91m [1776446517.994479] Client: [0m---before writing in log upd_msg->frag_no= 0
[91m [1776446517.994483] Client: [0m---before writing in log upd_msg->reliable= 1
[91m [1776446517.994493] Client: [0m---before writing in log upd_msg->data.sensor_type= 1
[91m [1776446517.994497] Client: [0m---before writing in log upd_msg->data.sid= temp_1
[91m [1776446517.994503] Client: [0m---after writing in log upd_msg->seq_no = 283
[91m [1776446517.994507] Client: [0m---after writing in log upd_msg->data.sensor_type = 1
[91m [1776446517.994512] Client: [0m---after writing in log upd_msg->reliable = 1
[91m [1776446518.445077] BSON Message: [0mInside sensor type parsing.
[91m [1776446518.445089] BSON Message: [0mInside sensor type parsing end.
[91m [1776446518.445095] BSON Message: [0mInside sid parsing
[91m [1776446518.445103] Client: [0m---before writing in log upd_msg->seq_no= 115
[91m [1776446518.445108] Client: [0m---before writing in log upd_msg->type= 4
[91m [1776446518.445114] Client: [0m---before writing in log upd_msg->frag_no= 0
[91m [1776446518.445120] Client: [0m---before writing in log upd_msg->reliable= 1
[91m [1776446518.445125] Client: [0m---before writing in log upd_msg->data.sensor_type= 2
[91m [1776446518.445131] Client: [0m---before writing in log upd_msg->data.sid= device_0
[91m [1776446518.445137] Client: [0m---after writing in log upd_msg->seq_no = 115
[91m [1776446518.445143] Client: [0m---after writing in log upd_msg->data.sensor_type = 2
[91m [1776446518.445149] Client: [0m---after writing in log upd_msg->reliable = 1
[91m [1776446518.513443] BSON Message: [0mInside sensor type parsing.
[91m [1776446518.513456] BSON Message: [0mInside sensor type parsing end.
[91m [1776446518.513461] BSON Message: [0mInside sid parsing
[91m [1776446518.513467] Client: [0m---before writing in log upd_msg->seq_no= 116
[91m [1776446518.513471] Client: [0m---before writing in log upd_msg->type= 4
[91m [1776446518.513474] Client: [0m---before writing in log upd_msg->frag_no= 0
[91m [1776446518.513477] Client: [0m---before writing in log upd_msg->reliable= 1
[91m [1776446518.513480] Client: [0m---before writing in log upd_msg->data.sensor_type= 2
[91m [1776446518.513484] Client: [0m---before writing in log upd_msg->data.sid= device_0
[91m [1776446518.513489] Client: [0m---after writing in log upd_msg->seq_no = 116
[91m [1776446518.513493] Client: [0m---after writing in log upd_msg->data.sensor_type = 2
[91m [1776446518.513497] Client: [0m---after writing in log upd_msg->reliable = 1
[91m [1776446518.849078] BSON Message: [0mInside sensor type parsing.
[91m [1776446518.849089] BSON Message: [0mInside sensor type parsing end.
[91m [1776446518.849093] BSON Message: [0mInside sid parsing
[91m [1776446518.849098] BSON Message: [0mInside temp1 parsing.
[91m [1776446518.849104] Client: [0m---before writing in log upd_msg->seq_no= 284
[91m [1776446518.849109] Client: [0m---before writing in log upd_msg->type= 4
[91m [1776446518.849113] Client: [0m---before writing in log upd_msg->frag_no= 0
[91m [1776446518.849118] Client: [0m---before writing in log upd_msg->reliable= 1
[91m [1776446518.849122] Client: [0m---before writing in log upd_msg->data.sensor_type= 1
[91m [1776446518.849125] Client: [0m---before writing in log upd_msg->data.sid= temp_1
[91m [1776446518.849129] Client: [0m---after writing in log upd_msg->seq_no = 284
[91m [1776446518.849134] Client: [0m---after writing in log upd_msg->data.sensor_type = 1
[91m [1776446518.849138] Client: [0m---after writing in log upd_msg->reliable = 1
[91m [1776446518.994168] BSON Message: [0mInside sensor type parsing.
[91m [1776446518.994181] BSON Message: [0mInside sensor type parsing end.
[91m [1776446518.994187] BSON Message: [0mInside sid parsing
[91m [1776446518.994192] BSON Message: [0mInside temp1 parsing.
[91m [1776446518.994199] Client: [0m---before writing in log upd_msg->seq_no= 285
[91m [1776446518.994204] Client: [0m---before writing in log upd_msg->type= 4
[91m [1776446518.994208] Client: [0m---before writing in log upd_msg->frag_no= 0
[91m [1776446518.994214] Client: [0m---before writing in log upd_msg->reliable= 0
[91m [1776446518.994225] Client: [0m---before writing in log upd_msg->data.sensor_type= 1
[91m [1776446518.994230] Client: [0m---before writing in log upd_msg->data.sid= temp_1
[91m [1776446518.994236] Client: [0m---after writing in log upd_msg->seq_no = 285
[91m [1776446518.994240] Client: [0m---after writing in log upd_msg->data.sensor_type = 1
[91m [1776446518.994244] Client: [0m---after writing in log upd_msg->reliable = 0
[91m [1776446519.849472] BSON Message: [0mInside sensor type parsing.
[91m [1776446519.849482] BSON Message: [0mInside sensor type parsing end.
[91m [1776446519.849487] BSON Message: [0mInside sid parsing
[91m [1776446519.849494] BSON Message: [0mInside temp1 parsing.
[91m [1776446519.849503] Client: [0m---before writing in log upd_msg->seq_no= 286
[91m [1776446519.849510] Client: [0m---before writing in log upd_msg->type= 4
[91m [1776446519.849516] Client: [0m---before writing in log upd_msg->frag_no= 0
[91m [1776446519.849522] Client: [0m---before writing in log upd_msg->reliable= 1
[91m [1776446519.849527] Client: [0m---before writing in log upd_msg->data.sensor_type= 1
[91m [1776446519.849534] Client: [0m---before writing in log upd_msg->data.sid= temp_1
[91m [1776446519.849541] Client: [0m---after writing in log upd_msg->seq_no = 286
[91m [1776446519.849547] Client: [0m---after writing in log upd_msg->data.sensor_type = 1
[91m [1776446519.849553] Client: [0m---after writing in log upd_msg->reliable = 1
[91m [1776446519.994332] BSON Message: [0mInside sensor type parsing.
[91m [1776446519.994343] BSON Message: [0mInside sensor type parsing end.
[91m [1776446519.994349] BSON Message: [0mInside sid parsing
[91m [1776446519.994354] BSON Message: [0mInside temp1 parsing.
[91m [1776446519.994360] Client: [0m---before writing in log upd_msg->seq_no= 287
[91m [1776446519.994364] Client: [0m---before writing in log upd_msg->type= 4
[91m [1776446519.994369] Client: [0m---before writing in log upd_msg->frag_no= 0
[91m [1776446519.994374] Client: [0m---before writing in log upd_msg->reliable= 1
[91m [1776446519.994379] Client: [0m---before writing in log upd_msg->data.sensor_type= 1
[91m [1776446519.994383] Client: [0m---before writing in log upd_msg->data.sid= temp_1
[91m [1776446519.994388] Client: [0m---after writing in log upd_msg->seq_no = 287
[91m [1776446519.994393] Client: [0m---after writing in log upd_msg->data.sensor_type = 1
[91m [1776446519.994397] Client: [0m---after writing in log upd_msg->reliable = 1
[91m [1776446520.849648] BSON Message: [0mInside sensor type parsing.
[91m [1776446520.849660] BSON Message: [0mInside sensor type parsing end.
[91m [1776446520.849665] BSON Message: [0mInside sid parsing
[91m [1776446520.849669] BSON Message: [0mInside temp1 parsing.
[91m [1776446520.849674] Client: [0m---before writing in log upd_msg->seq_no= 288
[91m [1776446520.849678] Client: [0m---before writing in log upd_msg->type= 4
[91m [1776446520.849686] Client: [0m---before writing in log upd_msg->frag_no= 0
[91m [1776446520.849690] Client: [0m---before writing in log upd_msg->reliable= 1
[91m [1776446520.849694] Client: [0m---before writing in log upd_msg->data.sensor_type= 1
[91m [1776446520.849698] Client: [0m---before writing in log upd_msg->data.sid= temp_1
[91m [1776446520.849703] Client: [0m---after writing in log upd_msg->seq_no = 288
[91m [1776446520.849706] Client: [0m---after writing in log upd_msg->data.sensor_type = 1
[91m [1776446520.849710] Client: [0m---after writing in log upd_msg->reliable = 1
[91m [1776446520.994703] BSON Message: [0mInside sensor type parsing.
[91m [1776446520.994711] BSON Message: [0mInside sensor type parsing end.
[91m [1776446520.994715] BSON Message: [0mInside sid parsing
[91m [1776446520.994720] BSON Message: [0mInside temp1 parsing.
[91m [1776446520.994726] Client: [0m---before writing in log upd_msg->seq_no= 289
[91m [1776446520.994730] Client: [0m---before writing in log upd_msg->type= 4
[91m [1776446520.994734] Client: [0m---before writing in log upd_msg->frag_no= 0
[91m [1776446520.994741] Client: [0m---before writing in log upd_msg->reliable= 1
[91m [1776446520.994744] Client: [0m---before writing in log upd_msg->data.sensor_type= 1
[91m [1776446520.994747] Client: [0m---before writing in log upd_msg->data.sid= temp_1
[91m [1776446520.994751] Client: [0m---after writing in log upd_msg->seq_no = 289
[91m [1776446520.994754] Client: [0m---after writing in log upd_msg->data.sensor_type = 1
[91m [1776446520.994757] Client: [0m---after writing in log upd_msg->reliable = 1
[91m [1776446521.711226] BSON Message: [0mInside sensor type parsing.
[91m [1776446521.711240] BSON Message: [0mInside sensor type parsing end.
[91m [1776446521.711246] BSON Message: [0mInside sid parsing
[91m [1776446521.711252] BSON Message: [0mInside gps1 parsing.
[91m [1776446521.711259] Client: [0m---before writing in log upd_msg->seq_no= 31
[91m [1776446521.711264] Client: [0m---before writing in log upd_msg->type= 4
[91m [1776446521.711271] Client: [0m---before writing in log upd_msg->frag_no= 0
[91m [1776446521.711276] Client: [0m---before writing in log upd_msg->reliable= 1
[91m [1776446521.711281] Client: [0m---before writing in log upd_msg->data.sensor_type= 3
[91m [1776446521.711287] Client: [0m---before writing in log upd_msg->data.sid= gps_2
[91m [1776446521.711295] Client: [0m---after writing in log upd_msg->seq_no = 31
[91m [1776446521.711301] Client: [0m---after writing in log upd_msg->data.sensor_type = 3
[91m [1776446521.711306] Client: [0m---after writing in log upd_msg->reliable = 1
[91m [1776446521.849882] BSON Message: [0mInside sensor type parsing.
[91m [1776446521.849893] BSON Message: [0mInside sensor type parsing end.
[91m [1776446521.849897] BSON Message: [0mInside sid parsing
[91m [1776446521.849900] BSON Message: [0mInside temp1 parsing.
[91m [1776446521.849905] Client: [0m---before writing in log upd_msg->seq_no= 290
[91m [1776446521.849909] Client: [0m---before writing in log upd_msg->type= 4
[91m [1776446521.849913] Client: [0m---before writing in log upd_msg->frag_no= 0
[91m [1776446521.849928] Client: [0m---before writing in log upd_msg->reliable= 1
[91m [1776446521.849933] Client: [0m---before writing in log upd_msg->data.sensor_type= 1
[91m [1776446521.849937] Client: [0m---before writing in log upd_msg->data.sid= temp_1
[91m [1776446521.849942] Client: [0m---after writing in log upd_msg->seq_no = 290
[91m [1776446521.849946] Client: [0m---after writing in log upd_msg->data.sensor_type = 1
[91m [1776446521.849951] Client: [0m---after writing in log upd_msg->reliable = 1
[91m [1776446521.995124] BSON Message: [0mInside sensor type parsing.
[91m [1776446521.995135] BSON Message: [0mInside sensor type parsing end.
[91m [1776446521.995140] BSON Message: [0mInside sid parsing
[91m [1776446521.995144] BSON Message: [0mInside temp1 parsing.
[91m [1776446521.995149] Client: [0m---before writing in log upd_msg->seq_no= 291
[91m [1776446521.995153] Client: [0m---before writing in log upd_msg->type= 4
[91m [1776446521.995157] Client: [0m---before writing in log upd_msg->frag_no= 0
[91m [1776446521.995160] Client: [0m---before writing in log upd_msg->reliable= 1
[91m [1776446521.995165] Client: [0m---before writing in log upd_msg->data.sensor_type= 1
[91m [1776446521.995169] Client: [0m---before writing in log upd_msg->data.sid= temp_1
[91m [1776446521.995174] Client: [0m---after writing in log upd_msg->seq_no = 291
[91m [1776446521.995178] Client: [0m---after writing in log upd_msg->data.sensor_type = 1
[91m [1776446521.995182] Client: [0m---after writing in log upd_msg->reliable = 1
[91m [1776446522.216213] BSON Message: [0mInside sensor type parsing.
[91m [1776446522.216226] BSON Message: [0mInside sensor type parsing end.
[91m [1776446522.216232] BSON Message: [0mInside sid parsing
[91m [1776446522.216239] Client: [0m---before writing in log upd_msg->seq_no= 117
[91m [1776446522.216245] Client: [0m---before writing in log upd_msg->type= 4
[91m [1776446522.216249] Client: [0m---before writing in log upd_msg->frag_no= 0
[91m [1776446522.216260] Client: [0m---before writing in log upd_msg->reliable= 1
[91m [1776446522.216265] Client: [0m---before writing in log upd_msg->data.sensor_type= 2
[91m [1776446522.216270] Client: [0m---before writing in log upd_msg->data.sid= device_0
[91m [1776446522.216277] Client: [0m---after writing in log upd_msg->seq_no = 117
[91m [1776446522.216281] Client: [0m---after writing in log upd_msg->data.sensor_type = 2
[91m [1776446522.216286] Client: [0m---after writing in log upd_msg->reliable = 1
[91m [1776446522.289489] BSON Message: [0mInside sensor type parsing.
[91m [1776446522.289499] BSON Message: [0mInside sensor type parsing end.
[91m [1776446522.289504] BSON Message: [0mInside sid parsing
[91m [1776446522.289510] Client: [0m---before writing in log upd_msg->seq_no= 118
[91m [1776446522.289517] Client: [0m---before writing in log upd_msg->type= 4
[91m [1776446522.289523] Client: [0m---before writing in log upd_msg->frag_no= 0
[91m [1776446522.289529] Client: [0m---before writing in log upd_msg->reliable= 1
[91m [1776446522.289533] Client: [0m---before writing in log upd_msg->data.sensor_type= 2
[91m [1776446522.289538] Client: [0m---before writing in log upd_msg->data.sid= device_0
[91m [1776446522.289544] Client: [0m---after writing in log upd_msg->seq_no = 118
[91m [1776446522.289550] Client: [0m---after writing in log upd_msg->data.sensor_type = 2
[91m [1776446522.289554] Client: [0m---after writing in log upd_msg->reliable = 1
[91m [1776446522.851273] BSON Message: [0mInside sensor type parsing.
[91m [1776446522.851281] BSON Message: [0mInside sensor type parsing end.
[91m [1776446522.851284] BSON Message: [0mInside sid parsing
[91m [1776446522.851288] BSON Message: [0mInside temp1 parsing.
[91m [1776446522.851291] Client: [0m---before writing in log upd_msg->seq_no= 292
[91m [1776446522.851295] Client: [0m---before writing in log upd_msg->type= 4
[91m [1776446522.851298] Client: [0m---before writing in log upd_msg->frag_no= 0
[91m [1776446522.851301] Client: [0m---before writing in log upd_msg->reliable= 1
[91m [1776446522.851304] Client: [0m---before writing in log upd_msg->data.sensor_type= 1
[91m [1776446522.851307] Client: [0m---before writing in log upd_msg->data.sid= temp_1
[91m [1776446522.851310] Client: [0m---after writing in log upd_msg->seq_no = 292
[91m [1776446522.851313] Client: [0m---after writing in log upd_msg->data.sensor_type = 1
[91m [1776446522.851316] Client: [0m---after writing in log upd_msg->reliable = 1
[91m [1776446522.862898] BSON Message: [0mInside sensor type parsing.
[91m [1776446522.862908] BSON Message: [0mInside sensor type parsing end.
[91m [1776446522.862913] BSON Message: [0mInside sid parsing
[91m [1776446522.862928] Client: [0m---before writing in log upd_msg->seq_no= 119
[91m [1776446522.862933] Client: [0m---before writing in log upd_msg->type= 4
[91m [1776446522.862936] Client: [0m---before writing in log upd_msg->frag_no= 0
[91m [1776446522.862940] Client: [0m---before writing in log upd_msg->reliable= 1
[91m [1776446522.862944] Client: [0m---before writing in log upd_msg->data.sensor_type= 2
[91m [1776446522.862949] Client: [0m---before writing in log upd_msg->data.sid= device_0
[91m [1776446522.862954] Client: [0m---after writing in log upd_msg->seq_no = 119
[91m [1776446522.862958] Client: [0m---after writing in log upd_msg->data.sensor_type = 2
[91m [1776446522.862961] Client: [0m---after writing in log upd_msg->reliable = 1
[91m [1776446522.995213] BSON Message: [0mInside sensor type parsing.
[91m [1776446522.995224] BSON Message: [0mInside sensor type parsing end.
[91m [1776446522.995229] BSON Message: [0mInside sid parsing
[91m [1776446522.995234] BSON Message: [0mInside temp1 parsing.
[91m [1776446522.995240] Client: [0m---before writing in log upd_msg->seq_no= 293
[91m [1776446522.995246] Client: [0m---before writing in log upd_msg->type= 4
[91m [1776446522.995251] Client: [0m---before writing in log upd_msg->frag_no= 0
[91m [1776446522.995261] Client: [0m---before writing in log upd_msg->reliable= 1
[91m [1776446522.995266] Client: [0m---before writing in log upd_msg->data.sensor_type= 1
[91m [1776446522.995270] Client: [0m---before writing in log upd_msg->data.sid= temp_1
[91m [1776446522.995276] Client: [0m---after writing in log upd_msg->seq_no = 293
[91m [1776446522.995281] Client: [0m---after writing in log upd_msg->data.sensor_type = 1
[91m [1776446522.995285] Client: [0m---after writing in log upd_msg->reliable = 1
[91m [1776446523.741405] BSON Message: [0mInside sensor type parsing.
[91m [1776446523.741414] BSON Message: [0mInside sensor type parsing end.
[91m [1776446523.741418] BSON Message: [0mInside sid parsing
[91m [1776446523.741423] Client: [0m---before writing in log upd_msg->seq_no= 120
[91m [1776446523.741428] Client: [0m---before writing in log upd_msg->type= 4
[91m [1776446523.741432] Client: [0m---before writing in log upd_msg->frag_no= 0
[91m [1776446523.741435] Client: [0m---before writing in log upd_msg->reliable= 1
[91m [1776446523.741439] Client: [0m---before writing in log upd_msg->data.sensor_type= 2
[91m [1776446523.741443] Client: [0m---before writing in log upd_msg->data.sid= device_0
[91m [1776446523.741448] Client: [0m---after writing in log upd_msg->seq_no = 120
[91m [1776446523.741452] Client: [0m---after writing in log upd_msg->data.sensor_type = 2
[91m [1776446523.741456] Client: [0m---after writing in log upd_msg->reliable = 1
[91m [1776446523.850539] BSON Message: [0mInside sensor type parsing.
[91m [1776446523.850548] BSON Message: [0mInside sensor type parsing end.
[91m [1776446523.850553] BSON Message: [0mInside sid parsing
[91m [1776446523.850556] BSON Message: [0mInside temp1 parsing.
[91m [1776446523.850561] Client: [0m---before writing in log upd_msg->seq_no= 294
[91m [1776446523.850565] Client: [0m---before writing in log upd_msg->type= 4
[91m [1776446523.850569] Client: [0m---before writing in log upd_msg->frag_no= 0
[91m [1776446523.850573] Client: [0m---before writing in log upd_msg->reliable= 1
[91m [1776446523.850576] Client: [0m---before writing in log upd_msg->data.sensor_type= 1
[91m [1776446523.850580] Client: [0m---before writing in log upd_msg->data.sid= temp_1
[91m [1776446523.850585] Client: [0m---after writing in log upd_msg->seq_no = 294
[91m [1776446523.850589] Client: [0m---after writing in log upd_msg->data.sensor_type = 1
[91m [1776446523.850594] Client: [0m---after writing in log upd_msg->reliable = 1
[91m [1776446523.995676] BSON Message: [0mInside sensor type parsing.
[91m [1776446523.995688] BSON Message: [0mInside sensor type parsing end.
[91m [1776446523.995693] BSON Message: [0mInside sid parsing
[91m [1776446523.995698] BSON Message: [0mInside temp1 parsing.
[91m [1776446523.995704] Client: [0m---before writing in log upd_msg->seq_no= 295
[91m [1776446523.995708] Client: [0m---before writing in log upd_msg->type= 4
[91m [1776446523.995713] Client: [0m---before writing in log upd_msg->frag_no= 0
[91m [1776446523.995719] Client: [0m---before writing in log upd_msg->reliable= 1
[91m [1776446523.995723] Client: [0m---before writing in log upd_msg->data.sensor_type= 1
[91m [1776446523.995728] Client: [0m---before writing in log upd_msg->data.sid= temp_1
[91m [1776446523.995734] Client: [0m---after writing in log upd_msg->seq_no = 295
[91m [1776446523.995739] Client: [0m---after writing in log upd_msg->data.sensor_type = 1
[91m [1776446523.995744] Client: [0m---after writing in log upd_msg->reliable = 1
[91m [1776446524.850749] BSON Message: [0mInside sensor type parsing.
[91m [1776446524.850759] BSON Message: [0mInside sensor type parsing end.
[91m [1776446524.850764] BSON Message: [0mInside sid parsing
[91m [1776446524.850768] BSON Message: [0mInside temp1 parsing.
[91m [1776446524.850773] Client: [0m---before writing in log upd_msg->seq_no= 296
[91m [1776446524.850777] Client: [0m---before writing in log upd_msg->type= 4
[91m [1776446524.850786] Client: [0m---before writing in log upd_msg->frag_no= 0
[91m [1776446524.850790] Client: [0m---before writing in log upd_msg->reliable= 1
[91m [1776446524.850793] Client: [0m---before writing in log upd_msg->data.sensor_type= 1
[91m [1776446524.850798] Client: [0m---before writing in log upd_msg->data.sid= temp_1
[91m [1776446524.850803] Client: [0m---after writing in log upd_msg->seq_no = 296
[91m [1776446524.850806] Client: [0m---after writing in log upd_msg->data.sensor_type = 1
[91m [1776446524.850810] Client: [0m---after writing in log upd_msg->reliable = 1
[91m [1776446524.995723] BSON Message: [0mInside sensor type parsing.
[91m [1776446524.995732] BSON Message: [0mInside sensor type parsing end.
[91m [1776446524.995737] BSON Message: [0mInside sid parsing
[91m [1776446524.995741] BSON Message: [0mInside temp1 parsing.
[91m [1776446524.995746] Client: [0m---before writing in log upd_msg->seq_no= 297
[91m [1776446524.995750] Client: [0m---before writing in log upd_msg->type= 4
[91m [1776446524.995755] Client: [0m---before writing in log upd_msg->frag_no= 0
[91m [1776446524.995759] Client: [0m---before writing in log upd_msg->reliable= 1
[91m [1776446524.995764] Client: [0m---before writing in log upd_msg->data.sensor_type= 1
[91m [1776446524.995769] Client: [0m---before writing in log upd_msg->data.sid= temp_1
[91m [1776446524.995773] Client: [0m---after writing in log upd_msg->seq_no = 297
[91m [1776446524.995776] Client: [0m---after writing in log upd_msg->data.sensor_type = 1
[91m [1776446524.995779] Client: [0m---after writing in log upd_msg->reliable = 1
[91m [1776446525.851158] BSON Message: [0mInside sensor type parsing.
[91m [1776446525.851170] BSON Message: [0mInside sensor type parsing end.
[91m [1776446525.851177] BSON Message: [0mInside sid parsing
[91m [1776446525.851184] BSON Message: [0mInside temp1 parsing.
[91m [1776446525.851193] Client: [0m---before writing in log upd_msg->seq_no= 298
[91m [1776446525.851201] Client: [0m---before writing in log upd_msg->type= 4
[91m [1776446525.851207] Client: [0m---before writing in log upd_msg->frag_no= 0
[91m [1776446525.851213] Client: [0m---before writing in log upd_msg->reliable= 1
[91m [1776446525.851220] Client: [0m---before writing in log upd_msg->data.sensor_type= 1
[91m [1776446525.851226] Client: [0m---before writing in log upd_msg->data.sid= temp_1
[91m [1776446525.851233] Client: [0m---after writing in log upd_msg->seq_no = 298
[91m [1776446525.851238] Client: [0m---after writing in log upd_msg->data.sensor_type = 1
[91m [1776446525.851244] Client: [0m---after writing in log upd_msg->reliable = 1
[91m [1776446525.996148] BSON Message: [0mInside sensor type parsing.
[91m [1776446525.996159] BSON Message: [0mInside sensor type parsing end.
[91m [1776446525.996164] BSON Message: [0mInside sid parsing
[91m [1776446525.996169] BSON Message: [0mInside temp1 parsing.
[91m [1776446525.996175] Client: [0m---before writing in log upd_msg->seq_no= 299
[91m [1776446525.996183] Client: [0m---before writing in log upd_msg->type= 4
[91m [1776446525.996188] Client: [0m---before writing in log upd_msg->frag_no= 0
[91m [1776446525.996193] Client: [0m---before writing in log upd_msg->reliable= 1
[91m [1776446525.996198] Client: [0m---before writing in log upd_msg->data.sensor_type= 1
[91m [1776446525.996203] Client: [0m---before writing in log upd_msg->data.sid= temp_1
[91m [1776446525.996209] Client: [0m---after writing in log upd_msg->seq_no = 299
[91m [1776446525.996214] Client: [0m---after writing in log upd_msg->data.sensor_type = 1
[91m [1776446525.996219] Client: [0m---after writing in log upd_msg->reliable = 1
[91m [1776446526.4270] BSON Message: [0mInside sensor type parsing.
[91m [1776446526.4281] BSON Message: [0mInside sensor type parsing end.
[91m [1776446526.4286] BSON Message: [0mInside sid parsing
[91m [1776446526.4292] Client: [0m---before writing in log upd_msg->seq_no= 121
[91m [1776446526.4297] Client: [0m---before writing in log upd_msg->type= 4
[91m [1776446526.4306] Client: [0m---before writing in log upd_msg->frag_no= 0
[91m [1776446526.4310] Client: [0m---before writing in log upd_msg->reliable= 1
[91m [1776446526.4314] Client: [0m---before writing in log upd_msg->data.sensor_type= 2
[91m [1776446526.4320] Client: [0m---before writing in log upd_msg->data.sid= device_0
[91m [1776446526.4327] Client: [0m---after writing in log upd_msg->seq_no = 121
[91m [1776446526.4333] Client: [0m---after writing in log upd_msg->data.sensor_type = 2
[91m [1776446526.4340] Client: [0m---after writing in log upd_msg->reliable = 1
[91m [1776446526.165752] BSON Message: [0mInside sensor type parsing.
[91m [1776446526.165764] BSON Message: [0mInside sensor type parsing end.
[91m [1776446526.165771] BSON Message: [0mInside sid parsing
[91m [1776446526.165778] Client: [0m---before writing in log upd_msg->seq_no= 122
[91m [1776446526.165783] Client: [0m---before writing in log upd_msg->type= 4
[91m [1776446526.165787] Client: [0m---before writing in log upd_msg->frag_no= 0
[91m [1776446526.165792] Client: [0m---before writing in log upd_msg->reliable= 1
[91m [1776446526.165797] Client: [0m---before writing in log upd_msg->data.sensor_type= 2
[91m [1776446526.165801] Client: [0m---before writing in log upd_msg->data.sid= device_0
[91m [1776446526.165807] Client: [0m---after writing in log upd_msg->seq_no = 122
[91m [1776446526.165812] Client: [0m---after writing in log upd_msg->data.sensor_type = 2
[91m [1776446526.165817] Client: [0m---after writing in log upd_msg->reliable = 1
[91m [1776446526.606616] BSON Message: [0mInside sensor type parsing.
[91m [1776446526.606629] BSON Message: [0mInside sensor type parsing end.
[91m [1776446526.606635] BSON Message: [0mInside sid parsing
[91m [1776446526.606641] Client: [0m---before writing in log upd_msg->seq_no= 123
[91m [1776446526.606646] Client: [0m---before writing in log upd_msg->type= 4
[91m [1776446526.606651] Client: [0m---before writing in log upd_msg->frag_no= 0
[91m [1776446526.606656] Client: [0m---before writing in log upd_msg->reliable= 1
[91m [1776446526.606660] Client: [0m---before writing in log upd_msg->data.sensor_type= 2
[91m [1776446526.606665] Client: [0m---before writing in log upd_msg->data.sid= device_0
[91m [1776446526.606671] Client: [0m---after writing in log upd_msg->seq_no = 123
[91m [1776446526.606676] Client: [0m---after writing in log upd_msg->data.sensor_type = 2
[91m [1776446526.606681] Client: [0m---after writing in log upd_msg->reliable = 1
[91m [1776446526.851477] BSON Message: [0mInside sensor type parsing.
[91m [1776446526.851487] BSON Message: [0mInside sensor type parsing end.
[91m [1776446526.851492] BSON Message: [0mInside sid parsing
[91m [1776446526.851497] BSON Message: [0mInside temp1 parsing.
[91m [1776446526.851502] Client: [0m---before writing in log upd_msg->seq_no= 300
[91m [1776446526.851506] Client: [0m---before writing in log upd_msg->type= 4
[91m [1776446526.851509] Client: [0m---before writing in log upd_msg->frag_no= 0
[91m [1776446526.851512] Client: [0m---before writing in log upd_msg->reliable= 1
[91m [1776446526.851515] Client: [0m---before writing in log upd_msg->data.sensor_type= 1
[91m [1776446526.851518] Client: [0m---before writing in log upd_msg->data.sid= temp_1
[91m [1776446526.851522] Client: [0m---after writing in log upd_msg->seq_no = 300
[91m [1776446526.851525] Client: [0m---after writing in log upd_msg->data.sensor_type = 1
[91m [1776446526.851532] Client: [0m---after writing in log upd_msg->reliable = 1
[91m [1776446526.996426] BSON Message: [0mInside sensor type parsing.
[91m [1776446526.996440] BSON Message: [0mInside sensor type parsing end.
[91m [1776446526.996444] BSON Message: [0mInside sid parsing
[91m [1776446526.996449] BSON Message: [0mInside temp1 parsing.
[91m [1776446526.996454] Client: [0m---before writing in log upd_msg->seq_no= 301
[91m [1776446526.996458] Client: [0m---before writing in log upd_msg->type= 4
[91m [1776446526.996462] Client: [0m---before writing in log upd_msg->frag_no= 0
[91m [1776446526.996470] Client: [0m---before writing in log upd_msg->reliable= 1
[91m [1776446526.996474] Client: [0m---before writing in log upd_msg->data.sensor_type= 1
[91m [1776446526.996478] Client: [0m---before writing in log upd_msg->data.sid= temp_1
[91m [1776446526.996483] Client: [0m---after writing in log upd_msg->seq_no = 301
[91m [1776446526.996488] Client: [0m---after writing in log upd_msg->data.sensor_type = 1
[91m [1776446526.996492] Client: [0m---after writing in log upd_msg->reliable = 1
[91m [1776446527.455788] BSON Message: [0mInside sensor type parsing.
[91m [1776446527.455796] BSON Message: [0mInside sensor type parsing end.
[91m [1776446527.455800] BSON Message: [0mInside sid parsing
[91m [1776446527.455804] BSON Message: [0mInside gps1 parsing.
[91m [1776446527.455810] Client: [0m---before writing in log upd_msg->seq_no= 32
[91m [1776446527.455815] Client: [0m---before writing in log upd_msg->type= 4
[91m [1776446527.455819] Client: [0m---before writing in log upd_msg->frag_no= 0
[91m [1776446527.455823] Client: [0m---before writing in log upd_msg->reliable= 1
[91m [1776446527.455827] Client: [0m---before writing in log upd_msg->data.sensor_type= 3
[91m [1776446527.455831] Client: [0m---before writing in log upd_msg->data.sid= gps_2
[91m [1776446527.455838] Client: [0m---after writing in log upd_msg->seq_no = 32
[91m [1776446527.455842] Client: [0m---after writing in log upd_msg->data.sensor_type = 3
[91m [1776446527.455846] Client: [0m---after writing in log upd_msg->reliable = 1
[91m [1776446527.546612] BSON Message: [0mInside sensor type parsing.
[91m [1776446527.546624] BSON Message: [0mInside sensor type parsing end.
[91m [1776446527.546630] BSON Message: [0mInside sid parsing
[91m [1776446527.546636] Client: [0m---before writing in log upd_msg->seq_no= 124
[91m [1776446527.546643] Client: [0m---before writing in log upd_msg->type= 4
[91m [1776446527.546648] Client: [0m---before writing in log upd_msg->frag_no= 0
[91m [1776446527.546653] Client: [0m---before writing in log upd_msg->reliable= 1
[91m [1776446527.546656] Client: [0m---before writing in log upd_msg->data.sensor_type= 2
[91m [1776446527.546672] Client: [0m---before writing in log upd_msg->data.sid= device_0
[91m [1776446527.546680] Client: [0m---after writing in log upd_msg->seq_no = 124
[91m [1776446527.546685] Client: [0m---after writing in log upd_msg->data.sensor_type = 2
[91m [1776446527.546689] Client: [0m---after writing in log upd_msg->reliable = 1
[91m [1776446527.851553] BSON Message: [0mInside sensor type parsing.
[91m [1776446527.851564] BSON Message: [0mInside sensor type parsing end.
[91m [1776446527.851569] BSON Message: [0mInside sid parsing
[91m [1776446527.851574] BSON Message: [0mInside temp1 parsing.
[91m [1776446527.851580] Client: [0m---before writing in log upd_msg->seq_no= 302
[91m [1776446527.851585] Client: [0m---before writing in log upd_msg->type= 4
[91m [1776446527.851589] Client: [0m---before writing in log upd_msg->frag_no= 0
[91m [1776446527.851593] Client: [0m---before writing in log upd_msg->reliable= 1
[91m [1776446527.851598] Client: [0m---before writing in log upd_msg->data.sensor_type= 1
[91m [1776446527.851602] Client: [0m---before writing in log upd_msg->data.sid= temp_1
[91m [1776446527.851607] Client: [0m---after writing in log upd_msg->seq_no = 302
[91m [1776446527.851612] Client: [0m---after writing in log upd_msg->data.sensor_type = 1
[91m [1776446527.851616] Client: [0m---after writing in log upd_msg->reliable = 1
[91m [1776446527.996412] BSON Message: [0mInside sensor type parsing.
[91m [1776446527.996424] BSON Message: [0mInside sensor type parsing end.
[91m [1776446527.996430] BSON Message: [0mInside sid parsing
[91m [1776446527.996434] BSON Message: [0mInside temp1 parsing.
[91m [1776446527.996440] Client: [0m---before writing in log upd_msg->seq_no= 303
[91m [1776446527.996444] Client: [0m---before writing in log upd_msg->type= 4
[91m [1776446527.996453] Client: [0m---before writing in log upd_msg->frag_no= 0
[91m [1776446527.996458] Client: [0m---before writing in log upd_msg->reliable= 1
[91m [1776446527.996462] Client: [0m---before writing in log upd_msg->data.sensor_type= 1
[91m [1776446527.996467] Client: [0m---before writing in log upd_msg->data.sid= temp_1
[91m [1776446527.996473] Client: [0m---after writing in log upd_msg->seq_no = 303
[91m [1776446527.996477] Client: [0m---after writing in log upd_msg->data.sensor_type = 1
[91m [1776446527.996481] Client: [0m---after writing in log upd_msg->reliable = 1
[91m [1776446528.619763] BSON Message: [0mInside sensor type parsing.
[91m [1776446528.619775] BSON Message: [0mInside sensor type parsing end.
[91m [1776446528.619781] BSON Message: [0mInside sid parsing
[91m [1776446528.619787] Client: [0m---before writing in log upd_msg->seq_no= 125
[91m [1776446528.619791] Client: [0m---before writing in log upd_msg->type= 4
[91m [1776446528.619796] Client: [0m---before writing in log upd_msg->frag_no= 0
[91m [1776446528.619800] Client: [0m---before writing in log upd_msg->reliable= 1
[91m [1776446528.619804] Client: [0m---before writing in log upd_msg->data.sensor_type= 2
[91m [1776446528.619808] Client: [0m---before writing in log upd_msg->data.sid= device_0
[91m [1776446528.619813] Client: [0m---after writing in log upd_msg->seq_no = 125
[91m [1776446528.619816] Client: [0m---after writing in log upd_msg->data.sensor_type = 2
[91m [1776446528.619820] Client: [0m---after writing in log upd_msg->reliable = 1
[91m [1776446528.852228] BSON Message: [0mInside sensor type parsing.
[91m [1776446528.852237] BSON Message: [0mInside sensor type parsing end.
[91m [1776446528.852241] BSON Message: [0mInside sid parsing
[91m [1776446528.852245] BSON Message: [0mInside temp1 parsing.
[91m [1776446528.852250] Client: [0m---before writing in log upd_msg->seq_no= 304
[91m [1776446528.852254] Client: [0m---before writing in log upd_msg->type= 4
[91m [1776446528.852257] Client: [0m---before writing in log upd_msg->frag_no= 0
[91m [1776446528.852261] Client: [0m---before writing in log upd_msg->reliable= 1
[91m [1776446528.852265] Client: [0m---before writing in log upd_msg->data.sensor_type= 1
[91m [1776446528.852268] Client: [0m---before writing in log upd_msg->data.sid= temp_1
[91m [1776446528.852272] Client: [0m---after writing in log upd_msg->seq_no = 304
[91m [1776446528.852277] Client: [0m---after writing in log upd_msg->data.sensor_type = 1
[91m [1776446528.852280] Client: [0m---after writing in log upd_msg->reliable = 1
[91m [1776446528.996755] BSON Message: [0mInside sensor type parsing.
[91m [1776446528.996766] BSON Message: [0mInside sensor type parsing end.
[91m [1776446528.996771] BSON Message: [0mInside sid parsing
[91m [1776446528.996776] BSON Message: [0mInside temp1 parsing.
[91m [1776446528.996782] Client: [0m---before writing in log upd_msg->seq_no= 305
[91m [1776446528.996786] Client: [0m---before writing in log upd_msg->type= 4
[91m [1776446528.996790] Client: [0m---before writing in log upd_msg->frag_no= 0
[91m [1776446528.996795] Client: [0m---before writing in log upd_msg->reliable= 1
[91m [1776446528.996800] Client: [0m---before writing in log upd_msg->data.sensor_type= 1
[91m [1776446528.996804] Client: [0m---before writing in log upd_msg->data.sid= temp_1
[91m [1776446528.996810] Client: [0m---after writing in log upd_msg->seq_no = 305
[91m [1776446528.996814] Client: [0m---after writing in log upd_msg->data.sensor_type = 1
[91m [1776446528.996819] Client: [0m---after writing in log upd_msg->reliable = 1
[91m [1776446529.852598] BSON Message: [0mInside sensor type parsing.
[91m [1776446529.852610] BSON Message: [0mInside sensor type parsing end.
[91m [1776446529.852615] BSON Message: [0mInside sid parsing
[91m [1776446529.852620] BSON Message: [0mInside temp1 parsing.
[91m [1776446529.852626] Client: [0m---before writing in log upd_msg->seq_no= 306
[91m [1776446529.852631] Client: [0m---before writing in log upd_msg->type= 4
[91m [1776446529.852640] Client: [0m---before writing in log upd_msg->frag_no= 0
[91m [1776446529.852645] Client: [0m---before writing in log upd_msg->reliable= 1
[91m [1776446529.852649] Client: [0m---before writing in log upd_msg->data.sensor_type= 1
[91m [1776446529.852654] Client: [0m---before writing in log upd_msg->data.sid= temp_1
[91m [1776446529.852659] Client: [0m---after writing in log upd_msg->seq_no = 306
[91m [1776446529.852664] Client: [0m---after writing in log upd_msg->data.sensor_type = 1
[91m [1776446529.852668] Client: [0m---after writing in log upd_msg->reliable = 1
[91m [1776446529.997474] BSON Message: [0mInside sensor type parsing.
[91m [1776446529.997486] BSON Message: [0mInside sensor type parsing end.
[91m [1776446529.997491] BSON Message: [0mInside sid parsing
[91m [1776446529.997495] BSON Message: [0mInside temp1 parsing.
[91m [1776446529.997501] Client: [0m---before writing in log upd_msg->seq_no= 307
[91m [1776446529.997506] Client: [0m---before writing in log upd_msg->type= 4
[91m [1776446529.997511] Client: [0m---before writing in log upd_msg->frag_no= 0
[91m [1776446529.997515] Client: [0m---before writing in log upd_msg->reliable= 1
[91m [1776446529.997520] Client: [0m---before writing in log upd_msg->data.sensor_type= 1
[91m [1776446529.997524] Client: [0m---before writing in log upd_msg->data.sid= temp_1
[91m [1776446529.997529] Client: [0m---after writing in log upd_msg->seq_no = 307
[91m [1776446529.997534] Client: [0m---after writing in log upd_msg->data.sensor_type = 1
[91m [1776446529.997538] Client: [0m---after writing in log upd_msg->reliable = 1
[91m [1776446530.40788] BSON Message: [0mInside sensor type parsing.
[91m [1776446530.40799] BSON Message: [0mInside sensor type parsing end.
[91m [1776446530.40804] BSON Message: [0mInside sid parsing
[91m [1776446530.40810] Client: [0m---before writing in log upd_msg->seq_no= 126
[91m [1776446530.40813] Client: [0m---before writing in log upd_msg->type= 4
[91m [1776446530.40817] Client: [0m---before writing in log upd_msg->frag_no= 0
[91m [1776446530.40821] Client: [0m---before writing in log upd_msg->reliable= 1
[91m [1776446530.40825] Client: [0m---before writing in log upd_msg->data.sensor_type= 2
[91m [1776446530.40829] Client: [0m---before writing in log upd_msg->data.sid= device_0
[91m [1776446530.40834] Client: [0m---after writing in log upd_msg->seq_no = 126
[91m [1776446530.40838] Client: [0m---after writing in log upd_msg->data.sensor_type = 2
[91m [1776446530.40842] Client: [0m---after writing in log upd_msg->reliable = 1
[91m [1776446530.852878] BSON Message: [0mInside sensor type parsing.
[91m [1776446530.852903] BSON Message: [0mInside sensor type parsing end.
[91m [1776446530.852909] BSON Message: [0mInside sid parsing
[91m [1776446530.852913] BSON Message: [0mInside temp1 parsing.
essage arrived------------ 1
Got a message from the server.
Message type is 4
---------Update message arrived------------ 1
Got a message from the server.
Message type is 4
---------Update message arrived------------ 1
Got a message from the server.
Message type is 4
---------Update message arrived------------ 1
Got a message from the server.
Message type is 4
---------Update message arrived------------ 1
Got a message from the server.
Message type is 4
---------Update message arrived------------ 1
Got a message from the server.
Message type is 4
---------Update message arrived------------ 1
Got a message from the server.
Message type is 4
---------Update message arrived------------ 1
Got a message from the server.
Message type is 4
---------Update message arrived------------ 1
Got a message from the server.
Message type is 4
---------Update message arrived------------ 1
Got a message from the server.
Message type is 4
---------Update message arrived------------ 1
Got a message from the server.
Message type is 4
---------Update message arrived------------ 1
Got a message from the server.
Message type is 4
---------Update message arrived------------ 1
Got a message from the server.
Message type is 4
---------Update message arrived------------ 1
Got a message from the server.
Message type is 4
---------Update message arrived------------ 1
Got a message from the server.
Message type is 4
---------Update message arrived------------ 1
Got a message from the server.
Message type is 4
---------Update message arrived------------ 1
Got a message from the server.
Message type is 4
---------Update message arrived------------ 1
Got a message from the server.
Message type is 4
---------Update message arrived------------ 1
Got a message from the server.
Message type is 4
---------Update message arrived------------ 1
Got a message from the server.
Message type is 4
---------Update message arrived------------ 1
Got a message from the server.
Message type is 4
---------Update message arrived------------ 1
Got a message from the server.
Message type is 4
---------Update message arrived------------ 1
Got a message from the server.
Message type is 4
---------Update message arrived------------ 1
Got a message from the server.
Message type is 4
---------Update message arrived------------ 1
Got a message from the server.
Message type is 4
---------Update message arrived------------ 1
Got a message from the server.
Message type is 4
---------Update message arrived------------ 1
Got a message from the server.
Message type is 4
---------Update message arrived------------ 1
Got a message from the server.
Message type is 4
---------Update message arrived------------ 1
Got a message from the server.
Message type is 4
---------Update message arrived------------ 1
Got a message from the server.
Message type is 4
---------Update message arrived------------ 1
Got a message from the server.
Message type is 4
---------Update message arrived------------ 1
Got a message from the server.
Message type is 4
---------Update message arrived------------ 1
Got a message from the server.
Message type is 4
---------Update message arrived------------ 1
Got a message from the server.
Message type is 4
---------Update message arrived------------ 1
Got a message from the server.
Message type is 4
---------Update message arrived------------ 1
Got a message from the server.
Message type is 4
---------Update message arrived------------ 1
Got a message from the server.
Message type is 4
---------Update message arrived------------ 1
Got a message from the server.
Message type is 4
---------Update message arrived------------ 1
Got a message from the server.
Message type is 4
---------Update message arrived------------ 1
Got a message from the server.
Message type is 4
---------Update message arrived------------ 1
Got a message from the server.
Message type is 4
---------Update message arrived------------ 1
Got a message from the server.
Message type is 4
---------Update message arrived------------ 1
Got a message from the server.
Message type is 4
---------Update message arri[91m [1776446530.852935] Client: [0m---before writing in log upd_msg->seq_no= 308
[91m [1776446530.852939] Client: [0m---before writing in log upd_msg->type= 4
[91m [1776446530.852944] Client: [0m---before writing in log upd_msg->frag_no= 0
[91m [1776446530.852948] Client: [0m---before writing in log upd_msg->reliable= 1
[91m [1776446530.852952] Client: [0m---before writing in log upd_msg->data.sensor_type= 1
[91m [1776446530.852956] Client: [0m---before writing in log upd_msg->data.sid= temp_1
[91m [1776446530.852961] Client: [0m---after writing in log upd_msg->seq_no = 308
[91m [1776446530.852964] Client: [0m---after writing in log upd_msg->data.sensor_type = 1
[91m [1776446530.852968] Client: [0m---after writing in log upd_msg->reliable = 1
[91m [1776446530.997537] BSON Message: [0mInside sensor type parsing.
[91m [1776446530.997547] BSON Message: [0mInside sensor type parsing end.
[91m [1776446530.997552] BSON Message: [0mInside sid parsing
[91m [1776446530.997558] BSON Message: [0mInside temp1 parsing.
[91m [1776446530.997563] Client: [0m---before writing in log upd_msg->seq_no= 309
[91m [1776446530.997569] Client: [0m---before writing in log upd_msg->type= 4
[91m [1776446530.997579] Client: [0m---before writing in log upd_msg->frag_no= 0
[91m [1776446530.997583] Client: [0m---before writing in log upd_msg->reliable= 1
[91m [1776446530.997587] Client: [0m---before writing in log upd_msg->data.sensor_type= 1
[91m [1776446530.997592] Client: [0m---before writing in log upd_msg->data.sid= temp_1
[91m [1776446530.997597] Client: [0m---after writing in log upd_msg->seq_no = 309
[91m [1776446530.997602] Client: [0m---after writing in log upd_msg->data.sensor_type = 1
[91m [1776446530.997606] Client: [0m---after writing in log upd_msg->reliable = 1
[91m [1776446531.525526] BSON Message: [0mInside sensor type parsing.
[91m [1776446531.525536] BSON Message: [0mInside sensor type parsing end.
[91m [1776446531.525542] BSON Message: [0mInside sid parsing
[91m [1776446531.525548] Client: [0m---before writing in log upd_msg->seq_no= 127
[91m [1776446531.525553] Client: [0m---before writing in log upd_msg->type= 4
[91m [1776446531.525557] Client: [0m---before writing in log upd_msg->frag_no= 0
[91m [1776446531.525562] Client: [0m---before writing in log upd_msg->reliable= 1
[91m [1776446531.525566] Client: [0m---before writing in log upd_msg->data.sensor_type= 2
[91m [1776446531.525571] Client: [0m---before writing in log upd_msg->data.sid= device_0
[91m [1776446531.525576] Client: [0m---after writing in log upd_msg->seq_no = 127
[91m [1776446531.525581] Client: [0m---after writing in log upd_msg->data.sensor_type = 2
[91m [1776446531.525586] Client: [0m---after writing in log upd_msg->reliable = 1
[91m [1776446531.853075] BSON Message: [0mInside sensor type parsing.
[91m [1776446531.853086] BSON Message: [0mInside sensor type parsing end.
[91m [1776446531.853093] BSON Message: [0mInside sid parsing
[91m [1776446531.853099] BSON Message: [0mInside temp1 parsing.
[91m [1776446531.853106] Client: [0m---before writing in log upd_msg->seq_no= 310
[91m [1776446531.853111] Client: [0m---before writing in log upd_msg->type= 4
[91m [1776446531.853116] Client: [0m---before writing in log upd_msg->frag_no= 0
[91m [1776446531.853122] Client: [0m---before writing in log upd_msg->reliable= 1
[91m [1776446531.853127] Client: [0m---before writing in log upd_msg->data.sensor_type= 1
[91m [1776446531.853136] Client: [0m---before writing in log upd_msg->data.sid= temp_1
[91m [1776446531.853143] Client: [0m---after writing in log upd_msg->seq_no = 310
[91m [1776446531.853148] Client: [0m---after writing in log upd_msg->data.sensor_type = 1
[91m [1776446531.853154] Client: [0m---after writing in log upd_msg->reliable = 1
[91m [1776446531.909873] BSON Message: [0mInside sensor type parsing.
[91m [1776446531.909885] BSON Message: [0mInside sensor type parsing end.
[91m [1776446531.909890] BSON Message: [0mInside sid parsing
[91m [1776446531.909896] Client: [0m---before writing in log upd_msg->seq_no= 128
[91m [1776446531.909901] Client: [0m---before writing in log upd_msg->type= 4
[91m [1776446531.909907] Client: [0m---before writing in log upd_msg->frag_no= 0
[91m [1776446531.909912] Client: [0m---before writing in log upd_msg->reliable= 1
[91m [1776446531.909929] Client: [0m---before writing in log upd_msg->data.sensor_type= 2
[91m [1776446531.909934] Client: [0m---before writing in log upd_msg->data.sid= device_0
[91m [1776446531.909942] Client: [0m---after writing in log upd_msg->seq_no = 128
[91m [1776446531.909948] Client: [0m---after writing in log upd_msg->data.sensor_type = 2
[91m [1776446531.909953] Client: [0m---after writing in log upd_msg->reliable = 1
[91m [1776446531.998045] BSON Message: [0mInside sensor type parsing.
[91m [1776446531.998057] BSON Message: [0mInside sensor type parsing end.
[91m [1776446531.998063] BSON Message: [0mInside sid parsing
[91m [1776446531.998069] BSON Message: [0mInside temp1 parsing.
[91m [1776446531.998076] Client: [0m---before writing in log upd_msg->seq_no= 311
[91m [1776446531.998082] Client: [0m---before writing in log upd_msg->type= 4
[91m [1776446531.998092] Client: [0m---before writing in log upd_msg->frag_no= 0
[91m [1776446531.998098] Client: [0m---before writing in log upd_msg->reliable= 1
[91m [1776446531.998104] Client: [0m---before writing in log upd_msg->data.sensor_type= 1
[91m [1776446531.998110] Client: [0m---before writing in log upd_msg->data.sid= temp_1
[91m [1776446531.998119] Client: [0m---after writing in log upd_msg->seq_no = 311
[91m [1776446531.998125] Client: [0m---after writing in log upd_msg->data.sensor_type = 1
[91m [1776446531.998132] Client: [0m---after writing in log upd_msg->reliable = 1
[91m [1776446532.576894] BSON Message: [0mInside sensor type parsing.
[91m [1776446532.576906] BSON Message: [0mInside sensor type parsing end.
[91m [1776446532.576912] BSON Message: [0mInside sid parsing
[91m [1776446532.576933] Client: [0m---before writing in log upd_msg->seq_no= 129
[91m [1776446532.576939] Client: [0m---before writing in log upd_msg->type= 4
[91m [1776446532.576945] Client: [0m---before writing in log upd_msg->frag_no= 0
[91m [1776446532.576951] Client: [0m---before writing in log upd_msg->reliable= 1
[91m [1776446532.576956] Client: [0m---before writing in log upd_msg->data.sensor_type= 2
[91m [1776446532.576962] Client: [0m---before writing in log upd_msg->data.sid= device_0
[91m [1776446532.576969] Client: [0m---after writing in log upd_msg->seq_no = 129
[91m [1776446532.576974] Client: [0m---after writing in log upd_msg->data.sensor_type = 2
[91m [1776446532.576982] Client: [0m---after writing in log upd_msg->reliable = 1
[91m [1776446532.853500] BSON Message: [0mInside sensor type parsing.
[91m [1776446532.853518] BSON Message: [0mInside sensor type parsing end.
[91m [1776446532.853524] BSON Message: [0mInside sid parsing
[91m [1776446532.853529] BSON Message: [0mInside temp1 parsing.
[91m [1776446532.853535] Client: [0m---before writing in log upd_msg->seq_no= 312
[91m [1776446532.853539] Client: [0m---before writing in log upd_msg->type= 4
[91m [1776446532.853544] Client: [0m---before writing in log upd_msg->frag_no= 0
[91m [1776446532.853548] Client: [0m---before writing in log upd_msg->reliable= 1
[91m [1776446532.853552] Client: [0m---before writing in log upd_msg->data.sensor_type= 1
[91m [1776446532.853557] Client: [0m---before writing in log upd_msg->data.sid= temp_1
[91m [1776446532.853562] Client: [0m---after writing in log upd_msg->seq_no = 312
[91m [1776446532.853567] Client: [0m---after writing in log upd_msg->data.sensor_type = 1
[91m [1776446532.853571] Client: [0m---after writing in log upd_msg->reliable = 1
[91m [1776446532.926245] BSON Message: [0mInside sensor type parsing.
[91m [1776446532.926255] BSON Message: [0mInside sensor type parsing end.
[91m [1776446532.926260] BSON Message: [0mInside sid parsing
[91m [1776446532.926266] Client: [0m---before writing in log upd_msg->seq_no= 130
[91m [1776446532.926271] Client: [0m---before writing in log upd_msg->type= 4
[91m [1776446532.926275] Client: [0m---before writing in log upd_msg->frag_no= 0
[91m [1776446532.926280] Client: [0m---before writing in log upd_msg->reliable= 1
[91m [1776446532.926284] Client: [0m---before writing in log upd_msg->data.sensor_type= 2
[91m [1776446532.926289] Client: [0m---before writing in log upd_msg->data.sid= device_0
[91m [1776446532.926294] Client: [0m---after writing in log upd_msg->seq_no = 130
[91m [1776446532.926299] Client: [0m---after writing in log upd_msg->data.sensor_type = 2
[91m [1776446532.926303] Client: [0m---after writing in log upd_msg->reliable = 1
[91m [1776446532.998080] BSON Message: [0mInside sensor type parsing.
[91m [1776446532.998088] BSON Message: [0mInside sensor type parsing end.
[91m [1776446532.998092] BSON Message: [0mInside sid parsing
[91m [1776446532.998097] BSON Message: [0mInside temp1 parsing.
[91m [1776446532.998102] Client: [0m---before writing in log upd_msg->seq_no= 313
[91m [1776446532.998106] Client: [0m---before writing in log upd_msg->type= 4
[91m [1776446532.998113] Client: [0m---before writing in log upd_msg->frag_no= 0
[91m [1776446532.998117] Client: [0m---before writing in log upd_msg->reliable= 1
[91m [1776446532.998121] Client: [0m---before writing in log upd_msg->data.sensor_type= 1
[91m [1776446532.998125] Client: [0m---before writing in log upd_msg->data.sid= temp_1
[91m [1776446532.998129] Client: [0m---after writing in log upd_msg->seq_no = 313
[91m [1776446532.998134] Client: [0m---after writing in log upd_msg->data.sensor_type = 1
[91m [1776446532.998139] Client: [0m---after writing in log upd_msg->reliable = 1
[91m [1776446533.853744] BSON Message: [0mInside sensor type parsing.
[91m [1776446533.853756] BSON Message: [0mInside sensor type parsing end.
[91m [1776446533.853763] BSON Message: [0mInside sid parsing
[91m [1776446533.853769] BSON Message: [0mInside temp1 parsing.
[91m [1776446533.853777] Client: [0m---before writing in log upd_msg->seq_no= 314
[91m [1776446533.853783] Client: [0m---before writing in log upd_msg->type= 4
[91m [1776446533.853789] Client: [0m---before writing in log upd_msg->frag_no= 0
[91m [1776446533.853795] Client: [0m---before writing in log upd_msg->reliable= 1
[91m [1776446533.853801] Client: [0m---before writing in log upd_msg->data.sensor_type= 1
[91m [1776446533.853807] Client: [0m---before writing in log upd_msg->data.sid= temp_1
[91m [1776446533.853814] Client: [0m---after writing in log upd_msg->seq_no = 314
[91m [1776446533.853821] Client: [0m---after writing in log upd_msg->data.sensor_type = 1
[91m [1776446533.853828] Client: [0m---after writing in log upd_msg->reliable = 1
[91m [1776446533.998999] BSON Message: [0mInside sensor type parsing.
[91m [1776446533.999009] BSON Message: [0mInside sensor type parsing end.
[91m [1776446533.999014] BSON Message: [0mInside sid parsing
[91m [1776446533.999020] BSON Message: [0mInside temp1 parsing.
[91m [1776446533.999026] Client: [0m---before writing in log upd_msg->seq_no= 315
[91m [1776446533.999048] Client: [0m---before writing in log upd_msg->type= 4
[91m [1776446533.999054] Client: [0m---before writing in log upd_msg->frag_no= 0
[91m [1776446533.999059] Client: [0m---before writing in log upd_msg->reliable= 1
[91m [1776446533.999063] Client: [0m---before writing in log upd_msg->data.sensor_type= 1
[91m [1776446533.999068] Client: [0m---before writing in log upd_msg->data.sid= temp_1
[91m [1776446533.999074] Client: [0m---after writing in log upd_msg->seq_no = 315
[91m [1776446533.999079] Client: [0m---after writing in log upd_msg->data.sensor_type = 1
[91m [1776446533.999084] Client: [0m---after writing in log upd_msg->reliable = 1
[91m [1776446534.854011] BSON Message: [0mInside sensor type parsing.
[91m [1776446534.854022] BSON Message: [0mInside sensor type parsing end.
[91m [1776446534.854030] BSON Message: [0mInside sid parsing
[91m [1776446534.854037] BSON Message: [0mInside temp1 parsing.
[91m [1776446534.854045] Client: [0m---before writing in log upd_msg->seq_no= 316
[91m [1776446534.854053] Client: [0m---before writing in log upd_msg->type= 4
[91m [1776446534.854062] Client: [0m---before writing in log upd_msg->frag_no= 0
[91m [1776446534.854069] Client: [0m---before writing in log upd_msg->reliable= 1
[91m [1776446534.854076] Client: [0m---before writing in log upd_msg->data.sensor_type= 1
[91m [1776446534.854083] Client: [0m---before writing in log upd_msg->data.sid= temp_1
[91m [1776446534.854092] Client: [0m---after writing in log upd_msg->seq_no = 316
[91m [1776446534.854101] Client: [0m---after writing in log upd_msg->data.sensor_type = 1
[91m [1776446534.854109] Client: [0m---after writing in log upd_msg->reliable = 1
[91m [1776446534.999296] BSON Message: [0mInside sensor type parsing.
[91m [1776446534.999309] BSON Message: [0mInside sensor type parsing end.
[91m [1776446534.999317] BSON Message: [0mInside sid parsing
[91m [1776446534.999325] BSON Message: [0mInside temp1 parsing.
[91m [1776446534.999336] Client: [0m---before writing in log upd_msg->seq_no= 317
[91m [1776446534.999350] Client: [0m---before writing in log upd_msg->type= 4
[91m [1776446534.999355] Client: [0m---before writing in log upd_msg->frag_no= 0
[91m [1776446534.999360] Client: [0m---before writing in log upd_msg->reliable= 1
[91m [1776446534.999364] Client: [0m---before writing in log upd_msg->data.sensor_type= 1
[91m [1776446534.999370] Client: [0m---before writing in log upd_msg->data.sid= temp_1
[91m [1776446534.999376] Client: [0m---after writing in log upd_msg->seq_no = 317
[91m [1776446534.999381] Client: [0m---after writing in log upd_msg->data.sensor_type = 1
[91m [1776446534.999386] Client: [0m---after writing in log upd_msg->reliable = 1
[91m [1776446535.757298] BSON Message: [0mInside sensor type parsing.
[91m [1776446535.757312] BSON Message: [0mInside sensor type parsing end.
[91m [1776446535.757319] BSON Message: [0mInside sid parsing
[91m [1776446535.757328] Client: [0m---before writing in log upd_msg->seq_no= 131
[91m [1776446535.757335] Client: [0m---before writing in log upd_msg->type= 4
[91m [1776446535.757341] Client: [0m---before writing in log upd_msg->frag_no= 0
[91m [1776446535.757348] Client: [0m---before writing in log upd_msg->reliable= 1
[91m [1776446535.757355] Client: [0m---before writing in log upd_msg->data.sensor_type= 2
[91m [1776446535.757362] Client: [0m---before writing in log upd_msg->data.sid= device_0
[91m [1776446535.757370] Client: [0m---after writing in log upd_msg->seq_no = 131
[91m [1776446535.757376] Client: [0m---after writing in log upd_msg->data.sensor_type = 2
[91m [1776446535.757382] Client: [0m---after writing in log upd_msg->reliable = 1
[91m [1776446535.829106] BSON Message: [0mInside sensor type parsing.
[91m [1776446535.829117] BSON Message: [0mInside sensor type parsing end.
[91m [1776446535.829121] BSON Message: [0mInside sid parsing
[91m [1776446535.829126] Client: [0m---before writing in log upd_msg->seq_no= 132
[91m [1776446535.829130] Client: [0m---before writing in log upd_msg->type= 4
[91m [1776446535.829134] Client: [0m---before writing in log upd_msg->frag_no= 0
[91m [1776446535.829137] Client: [0m---before writing in log upd_msg->reliable= 1
[91m [1776446535.829141] Client: [0m---before writing in log upd_msg->data.sensor_type= 2
[91m [1776446535.829145] Client: [0m---before writing in log upd_msg->data.sid= device_0
[91m [1776446535.829150] Client: [0m---after writing in log upd_msg->seq_no = 132
[91m [1776446535.829155] Client: [0m---after writing in log upd_msg->data.sensor_type = 2
[91m [1776446535.829159] Client: [0m---after writing in log upd_msg->reliable = 1
[91m [1776446535.853852] BSON Message: [0mInside sensor type parsing.
[91m [1776446535.853864] BSON Message: [0mInside sensor type parsing end.
[91m [1776446535.853869] BSON Message: [0mInside sid parsing
[91m [1776446535.853874] BSON Message: [0mInside temp1 parsing.
[91m [1776446535.853880] Client: [0m---before writing in log upd_msg->seq_no= 318
[91m [1776446535.853886] Client: [0m---before writing in log upd_msg->type= 4
[91m [1776446535.853890] Client: [0m---before writing in log upd_msg->frag_no= 0
[91m [1776446535.853895] Client: [0m---before writing in log upd_msg->reliable= 1
[91m [1776446535.853900] Client: [0m---before writing in log upd_msg->data.sensor_type= 1
[91m [1776446535.853905] Client: [0m---before writing in log upd_msg->data.sid= temp_1
[91m [1776446535.853911] Client: [0m---after writing in log upd_msg->seq_no = 318
[91m [1776446535.853989] Client: [0m---after writing in log upd_msg->data.sensor_type = 1
[91m [1776446535.853998] Client: [0m---after writing in log upd_msg->reliable = 1
[91m [1776446535.999015] BSON Message: [0mInside sensor type parsing.
[91m [1776446535.999026] BSON Message: [0mInside sensor type parsing end.
[91m [1776446535.999029] BSON Message: [0mInside sid parsing
[91m [1776446535.999034] BSON Message: [0mInside temp1 parsing.
[91m [1776446535.999040] Client: [0m---before writing in log upd_msg->seq_no= 319
[91m [1776446535.999049] Client: [0m---before writing in log upd_msg->type= 4
[91m [1776446535.999053] Client: [0m---before writing in log upd_msg->frag_no= 0
[91m [1776446535.999057] Client: [0m---before writing in log upd_msg->reliable= 1
[91m [1776446535.999061] Client: [0m---before writing in log upd_msg->data.sensor_type= 1
[91m [1776446535.999065] Client: [0m---before writing in log upd_msg->data.sid= temp_1
[91m [1776446535.999070] Client: [0m---after writing in log upd_msg->seq_no = 319
[91m [1776446535.999074] Client: [0m---after writing in log upd_msg->data.sensor_type = 1
[91m [1776446535.999078] Client: [0m---after writing in log upd_msg->reliable = 1
[91m [1776446536.856683] BSON Message: [0mInside sensor type parsing.
[91m [1776446536.856694] BSON Message: [0mInside sensor type parsing end.
[91m [1776446536.856699] BSON Message: [0mInside sid parsing
[91m [1776446536.856704] BSON Message: [0mInside temp1 parsing.
[91m [1776446536.856710] Client: [0m---before writing in log upd_msg->seq_no= 320
[91m [1776446536.856714] Client: [0m---before writing in log upd_msg->type= 4
[91m [1776446536.856719] Client: [0m---before writing in log upd_msg->frag_no= 0
[91m [1776446536.856723] Client: [0m---before writing in log upd_msg->reliable= 1
[91m [1776446536.856727] Client: [0m---before writing in log upd_msg->data.sensor_type= 1
[91m [1776446536.856732] Client: [0m---before writing in log upd_msg->data.sid= temp_1
[91m [1776446536.856737] Client: [0m---after writing in log upd_msg->seq_no = 320
[91m [1776446536.856741] Client: [0m---after writing in log upd_msg->data.sensor_type = 1
[91m [1776446536.856746] Client: [0m---after writing in log upd_msg->reliable = 1
[91m [1776446536.999453] BSON Message: [0mInside sensor type parsing.
[91m [1776446536.999464] BSON Message: [0mInside sensor type parsing end.
[91m [1776446536.999469] BSON Message: [0mInside sid parsing
[91m [1776446536.999474] BSON Message: [0mInside temp1 parsing.
[91m [1776446536.999480] Client: [0m---before writing in log upd_msg->seq_no= 321
[91m [1776446536.999485] Client: [0m---before writing in log upd_msg->type= 4
[91m [1776446536.999489] Client: [0m---before writing in log upd_msg->frag_no= 0
[91m [1776446536.999493] Client: [0m---before writing in log upd_msg->reliable= 1
[91m [1776446536.999498] Client: [0m---before writing in log upd_msg->data.sensor_type= 1
[91m [1776446536.999502] Client: [0m---before writing in log upd_msg->data.sid= temp_1
[91m [1776446536.999508] Client: [0m---after writing in log upd_msg->seq_no = 321
[91m [1776446536.999512] Client: [0m---after writing in log upd_msg->data.sensor_type = 1
[91m [1776446536.999516] Client: [0m---after writing in log upd_msg->reliable = 1
[91m [1776446537.854422] BSON Message: [0mInside sensor type parsing.
[91m [1776446537.854433] BSON Message: [0mInside sensor type parsing end.
[91m [1776446537.854437] BSON Message: [0mInside sid parsing
[91m [1776446537.854441] BSON Message: [0mInside temp1 parsing.
[91m [1776446537.854446] Client: [0m---before writing in log upd_msg->seq_no= 322
[91m [1776446537.854450] Client: [0m---before writing in log upd_msg->type= 4
[91m [1776446537.854454] Client: [0m---before writing in log upd_msg->frag_no= 0
[91m [1776446537.854458] Client: [0m---before writing in log upd_msg->reliable= 1
[91m [1776446537.854464] Client: [0m---before writing in log upd_msg->data.sensor_type= 1
[91m [1776446537.854469] Client: [0m---before writing in log upd_msg->data.sid= temp_1
[91m [1776446537.854475] Client: [0m---after writing in log upd_msg->seq_no = 322
[91m [1776446537.854480] Client: [0m---after writing in log upd_msg->data.sensor_type = 1
[91m [1776446537.854486] Client: [0m---after writing in log upd_msg->reliable = 1
[91m [1776446537.953748] BSON Message: [0mInside sensor type parsing.
[91m [1776446537.953759] BSON Message: [0mInside sensor type parsing end.
[91m [1776446537.953764] BSON Message: [0mInside sid parsing
[91m [1776446537.953770] Client: [0m---before writing in log upd_msg->seq_no= 133
[91m [1776446537.953779] Client: [0m---before writing in log upd_msg->type= 4
[91m [1776446537.953783] Client: [0m---before writing in log upd_msg->frag_no= 0
[91m [1776446537.953789] Client: [0m---before writing in log upd_msg->reliable= 1
[91m [1776446537.953794] Client: [0m---before writing in log upd_msg->data.sensor_type= 2
[91m [1776446537.953800] Client: [0m---before writing in log upd_msg->data.sid= device_0
[91m [1776446537.953806] Client: [0m---after writing in log upd_msg->seq_no = 133
[91m [1776446537.953822] Client: [0m---after writing in log upd_msg->data.sensor_type = 2
[91m [1776446537.953829] Client: [0m---after writing in log upd_msg->reliable = 1
[91m [1776446537.999877] BSON Message: [0mInside sensor type parsing.
[91m [1776446537.999886] BSON Message: [0mInside sensor type parsing end.
[91m [1776446537.999890] BSON Message: [0mInside sid parsing
[91m [1776446537.999894] BSON Message: [0mInside temp1 parsing.
[91m [1776446537.999899] Client: [0m---before writing in log upd_msg->seq_no= 323
[91m [1776446537.999903] Client: [0m---before writing in log upd_msg->type= 4
[91m [1776446537.999907] Client: [0m---before writing in log upd_msg->frag_no= 0
[91m [1776446537.999910] Client: [0m---before writing in log upd_msg->reliable= 1
[91m [1776446537.999914] Client: [0m---before writing in log upd_msg->data.sensor_type= 1
[91m [1776446537.999929] Client: [0m---before writing in log upd_msg->data.sid= temp_1
[91m [1776446537.999934] Client: [0m---after writing in log upd_msg->seq_no = 323
[91m [1776446537.999938] Client: [0m---after writing in log upd_msg->data.sensor_type = 1
[91m [1776446537.999943] Client: [0m---after writing in log upd_msg->reliable = 1
[91m [1776446538.181279] BSON Message: [0mInside sensor type parsing.
[91m [1776446538.181288] BSON Message: [0mInside sensor type parsing end.
[91m [1776446538.181294] BSON Message: [0mInside sid parsing
[91m [1776446538.181298] BSON Message: [0mInside gps1 parsing.
[91m [1776446538.181307] Client: [0m---before writing in log upd_msg->seq_no= 33
[91m [1776446538.181311] Client: [0m---before writing in log upd_msg->type= 4
[91m [1776446538.181316] Client: [0m---before writing in log upd_msg->frag_no= 0
[91m [1776446538.181320] Client: [0m---before writing in log upd_msg->reliable= 1
[91m [1776446538.181324] Client: [0m---before writing in log upd_msg->data.sensor_type= 3
[91m [1776446538.181329] Client: [0m---before writing in log upd_msg->data.sid= gps_2
[91m [1776446538.181335] Client: [0m---after writing in log upd_msg->seq_no = 33
[91m [1776446538.181341] Client: [0m---after writing in log upd_msg->data.sensor_type = 3
[91m [1776446538.181346] Client: [0m---after writing in log upd_msg->reliable = 1
[91m [1776446538.385171] BSON Message: [0mInside sensor type parsing.
[91m [1776446538.385180] BSON Message: [0mInside sensor type parsing end.
[91m [1776446538.385185] BSON Message: [0mInside sid parsing
[91m [1776446538.385191] Client: [0m---before writing in log upd_msg->seq_no= 134
[91m [1776446538.385197] Client: [0m---before writing in log upd_msg->type= 4
[91m [1776446538.385201] Client: [0m---before writing in log upd_msg->frag_no= 0
[91m [1776446538.385207] Client: [0m---before writing in log upd_msg->reliable= 1
[91m [1776446538.385213] Client: [0m---before writing in log upd_msg->data.sensor_type= 2
[91m [1776446538.385218] Client: [0m---before writing in log upd_msg->data.sid= device_0
[91m [1776446538.385224] Client: [0m---after writing in log upd_msg->seq_no = 134
[91m [1776446538.385230] Client: [0m---after writing in log upd_msg->data.sensor_type = 2
[91m [1776446538.385235] Client: [0m---after writing in log upd_msg->reliable = 1
[91m [1776446538.727011] BSON Message: [0mInside sensor type parsing.
[91m [1776446538.727026] BSON Message: [0mInside sensor type parsing end.
[91m [1776446538.727033] BSON Message: [0mInside sid parsing
[91m [1776446538.727039] BSON Message: [0mInside gps1 parsing.
[91m [1776446538.727045] Client: [0m---before writing in log upd_msg->seq_no= 34
[91m [1776446538.727056] Client: [0m---before writing in log upd_msg->type= 4
[91m [1776446538.727062] Client: [0m---before writing in log upd_msg->frag_no= 0
[91m [1776446538.727072] Client: [0m---before writing in log upd_msg->reliable= 0
[91m [1776446538.727077] Client: [0m---before writing in log upd_msg->data.sensor_type= 3
[91m [1776446538.727083] Client: [0m---before writing in log upd_msg->data.sid= gps_2
[91m [1776446538.727094] Client: [0m---after writing in log upd_msg->seq_no = 34
[91m [1776446538.727101] Client: [0m---after writing in log upd_msg->data.sensor_type = 3
[91m [1776446538.727107] Client: [0m---after writing in log upd_msg->reliable = 0
[91m [1776446538.854846] BSON Message: [0mInside sensor type parsing.
[91m [1776446538.854858] BSON Message: [0mInside sensor type parsing end.
[91m [1776446538.854862] BSON Message: [0mInside sid parsing
[91m [1776446538.854866] BSON Message: [0mInside temp1 parsing.
[91m [1776446538.854872] Client: [0m---before writing in log upd_msg->seq_no= 324
[91m [1776446538.854876] Client: [0m---before writing in log upd_msg->type= 4
[91m [1776446538.854880] Client: [0m---before writing in log upd_msg->frag_no= 0
[91m [1776446538.854884] Client: [0m---before writing in log upd_msg->reliable= 1
[91m [1776446538.854887] Client: [0m---before writing in log upd_msg->data.sensor_type= 1
[91m [1776446538.854891] Client: [0m---before writing in log upd_msg->data.sid= temp_1
[91m [1776446538.854896] Client: [0m---after writing in log upd_msg->seq_no = 324
[91m [1776446538.854899] Client: [0m---after writing in log upd_msg->data.sensor_type = 1
[91m [1776446538.854903] Client: [0m---after writing in log upd_msg->reliable = 1
[91m [1776446539.164] BSON Message: [0mInside sensor type parsing.
[91m [1776446539.173] BSON Message: [0mInside sensor type parsing end.
[91m [1776446539.177] BSON Message: [0mInside sid parsing
[91m [1776446539.181] BSON Message: [0mInside temp1 parsing.
[91m [1776446539.186] Client: [0m---before writing in log upd_msg->seq_no= 325
[91m [1776446539.191] Client: [0m---before writing in log upd_msg->type= 4
[91m [1776446539.196] Client: [0m---before writing in log upd_msg->frag_no= 0
[91m [1776446539.200] Client: [0m---before writing in log upd_msg->reliable= 1
[91m [1776446539.205] Client: [0m---before writing in log upd_msg->data.sensor_type= 1
[91m [1776446539.209] Client: [0m---before writing in log upd_msg->data.sid= temp_1
[91m [1776446539.214] Client: [0m---after writing in log upd_msg->seq_no = 325
[91m [1776446539.219] Client: [0m---after writing in log upd_msg->data.sensor_type = 1
[91m [1776446539.223] Client: [0m---after writing in log upd_msg->reliable = 1
[91m [1776446539.855592] BSON Message: [0mInside sensor type parsing.
[91m [1776446539.855603] BSON Message: [0mInside sensor type parsing end.
[91m [1776446539.855608] BSON Message: [0mInside sid parsing
[91m [1776446539.855612] BSON Message: [0mInside temp1 parsing.
[91m [1776446539.855617] Client: [0m---before writing in log upd_msg->seq_no= 326
[91m [1776446539.855622] Client: [0m---before writing in log upd_msg->type= 4
[91m [1776446539.855626] Client: [0m---before writing in log upd_msg->frag_no= 0
[91m [1776446539.855631] Client: [0m---before writing in log upd_msg->reliable= 1
[91m [1776446539.855636] Client: [0m---before writing in log upd_msg->data.sensor_type= 1
[91m [1776446539.855640] Client: [0m---before writing in log upd_msg->data.sid= temp_1
[91m [1776446539.855646] Client: [0m---after writing in log upd_msg->seq_no = 326
[91m [1776446539.855650] Client: [0m---after writing in log upd_msg->data.sensor_type = 1
[91m [1776446539.855655] Client: [0m---after writing in log upd_msg->reliable = 1
[91m [1776446540.77] BSON Message: [0mInside sensor type parsing.
[91m [1776446540.87] BSON Message: [0mInside sensor type parsing end.
[91m [1776446540.92] BSON Message: [0mInside sid parsing
[91m [1776446540.97] BSON Message: [0mInside temp1 parsing.
[91m [1776446540.105] Client: [0m---before writing in log upd_msg->seq_no= 327
[91m [1776446540.110] Client: [0m---before writing in log upd_msg->type= 4
[91m [1776446540.114] Client: [0m---before writing in log upd_msg->frag_no= 0
[91m [1776446540.118] Client: [0m---before writing in log upd_msg->reliable= 1
[91m [1776446540.122] Client: [0m---before writing in log upd_msg->data.sensor_type= 1
[91m [1776446540.126] Client: [0m---before writing in log upd_msg->data.sid= temp_1
[91m [1776446540.131] Client: [0m---after writing in log upd_msg->seq_no = 327
[91m [1776446540.135] Client: [0m---after writing in log upd_msg->data.sensor_type = 1
[91m [1776446540.139] Client: [0m---after writing in log upd_msg->reliable = 1
[91m [1776446540.195163] BSON Message: [0mInside sensor type parsing.
[91m [1776446540.195175] BSON Message: [0mInside sensor type parsing end.
[91m [1776446540.195180] BSON Message: [0mInside sid parsing
[91m [1776446540.195185] Client: [0m---before writing in log upd_msg->seq_no= 135
[91m [1776446540.195190] Client: [0m---before writing in log upd_msg->type= 4
[91m [1776446540.195194] Client: [0m---before writing in log upd_msg->frag_no= 0
[91m [1776446540.195198] Client: [0m---before writing in log upd_msg->reliable= 1
[91m [1776446540.195201] Client: [0m---before writing in log upd_msg->data.sensor_type= 2
[91m [1776446540.195205] Client: [0m---before writing in log upd_msg->data.sid= device_0
[91m [1776446540.195210] Client: [0m---after writing in log upd_msg->seq_no = 135
[91m [1776446540.195214] Client: [0m---after writing in log upd_msg->data.sensor_type = 2
[91m [1776446540.195218] Client: [0m---after writing in log upd_msg->reliable = 1
[91m [1776446540.855871] BSON Message: [0mInside sensor type parsing.
[91m [1776446540.855882] BSON Message: [0mInside sensor type parsing end.
[91m [1776446540.855888] BSON Message: [0mInside sid parsing
[91m [1776446540.855894] BSON Message: [0mInside temp1 parsing.
[91m [1776446540.855900] Client: [0m---before writing in log upd_msg->seq_no= 328
[91m [1776446540.855906] Client: [0m---before writing in log upd_msg->type= 4
[91m [1776446540.855910] Client: [0m---before writing in log upd_msg->frag_no= 0
[91m [1776446540.855928] Client: [0m---before writing in log upd_msg->reliable= 1
[91m [1776446540.855934] Client: [0m---before writing in log upd_msg->data.sensor_type= 1
[91m [1776446540.855938] Client: [0m---before writing in log upd_msg->data.sid= temp_1
[91m [1776446540.855957] Client: [0m---after writing in log upd_msg->seq_no = 328
[91m [1776446540.855961] Client: [0m---after writing in log upd_msg->data.sensor_type = 1
[91m [1776446540.855965] Client: [0m---after writing in log upd_msg->reliable = 1
[91m [1776446541.634] BSON Message: [0mInside sensor type parsing.
[91m [1776446541.646] BSON Message: [0mInside sensor type parsing end.
[91m [1776446541.650] BSON Message: [0mInside sid parsing
[91m [1776446541.655] BSON Message: [0mInside temp1 parsing.
[91m [1776446541.662] Client: [0m---before writing in log upd_msg->seq_no= 329
[91m [1776446541.667] Client: [0m---before writing in log upd_msg->type= 4
[91m [1776446541.672] Client: [0m---before writing in log upd_msg->frag_no= 0
[91m [1776446541.676] Client: [0m---before writing in log upd_msg->reliable= 1
[91m [1776446541.681] Client: [0m---before writing in log upd_msg->data.sensor_type= 1
[91m [1776446541.686] Client: [0m---before writing in log upd_msg->data.sid= temp_1
[91m [1776446541.691] Client: [0m---after writing in log upd_msg->seq_no = 329
[91m [1776446541.696] Client: [0m---after writing in log upd_msg->data.sensor_type = 1
[91m [1776446541.701] Client: [0m---after writing in log upd_msg->reliable = 1
[91m [1776446541.855835] BSON Message: [0mInside sensor type parsing.
[91m [1776446541.855846] BSON Message: [0mInside sensor type parsing end.
[91m [1776446541.855853] BSON Message: [0mInside sid parsing
[91m [1776446541.855859] BSON Message: [0mInside temp1 parsing.
[91m [1776446541.855869] Client: [0m---before writing in log upd_msg->seq_no= 330
[91m [1776446541.855873] Client: [0m---before writing in log upd_msg->type= 4
[91m [1776446541.855877] Client: [0m---before writing in log upd_msg->frag_no= 0
[91m [1776446541.855882] Client: [0m---before writing in log upd_msg->reliable= 1
[91m [1776446541.855887] Client: [0m---before writing in log upd_msg->data.sensor_type= 1
[91m [1776446541.855892] Client: [0m---before writing in log upd_msg->data.sid= temp_1
[91m [1776446541.855898] Client: [0m---after writing in log upd_msg->seq_no = 330
[91m [1776446541.855903] Client: [0m---after writing in log upd_msg->data.sensor_type = 1
[91m [1776446541.855907] Client: [0m---after writing in log upd_msg->reliable = 1
[91m [1776446542.654] BSON Message: [0mInside sensor type parsing.
[91m [1776446542.663] BSON Message: [0mInside sensor type parsing end.
[91m [1776446542.667] BSON Message: [0mInside sid parsing
[91m [1776446542.670] BSON Message: [0mInside temp1 parsing.
[91m [1776446542.676] Client: [0m---before writing in log upd_msg->seq_no= 331
[91m [1776446542.681] Client: [0m---before writing in log upd_msg->type= 4
[91m [1776446542.685] Client: [0m---before writing in log upd_msg->frag_no= 0
[91m [1776446542.689] Client: [0m---before writing in log upd_msg->reliable= 0
[91m [1776446542.692] Client: [0m---before writing in log upd_msg->data.sensor_type= 1
[91m [1776446542.695] Client: [0m---before writing in log upd_msg->data.sid= temp_1
[91m [1776446542.701] Client: [0m---after writing in log upd_msg->seq_no = 331
[91m [1776446542.705] Client: [0m---after writing in log upd_msg->data.sensor_type = 1
[91m [1776446542.709] Client: [0m---after writing in log upd_msg->reliable = 0
[91m [1776446542.652806] BSON Message: [0mInside sensor type parsing.
[91m [1776446542.652818] BSON Message: [0mInside sensor type parsing end.
[91m [1776446542.652824] BSON Message: [0mInside sid parsing
[91m [1776446542.652830] Client: [0m---before writing in log upd_msg->seq_no= 136
[91m [1776446542.652834] Client: [0m---before writing in log upd_msg->type= 4
[91m [1776446542.652839] Client: [0m---before writing in log upd_msg->frag_no= 0
[91m [1776446542.652843] Client: [0m---before writing in log upd_msg->reliable= 1
[91m [1776446542.652848] Client: [0m---before writing in log upd_msg->data.sensor_type= 2
[91m [1776446542.652852] Client: [0m---before writing in log upd_msg->data.sid= device_0
[91m [1776446542.652858] Client: [0m---after writing in log upd_msg->seq_no = 136
[91m [1776446542.652862] Client: [0m---after writing in log upd_msg->data.sensor_type = 2
[91m [1776446542.652867] Client: [0m---after writing in log upd_msg->reliable = 1
[91m [1776446542.856029] BSON Message: [0mInside sensor type parsing.
[91m [1776446542.856038] BSON Message: [0mInside sensor type parsing end.
[91m [1776446542.856043] BSON Message: [0mInside sid parsing
[91m [1776446542.856048] BSON Message: [0mInside temp1 parsing.
[91m [1776446542.856052] Client: [0m---before writing in log upd_msg->seq_no= 332
[91m [1776446542.856056] Client: [0m---before writing in log upd_msg->type= 4
[91m [1776446542.856059] Client: [0m---before writing in log upd_msg->frag_no= 0
[91m [1776446542.856062] Client: [0m---before writing in log upd_msg->reliable= 1
[91m [1776446542.856065] Client: [0m---before writing in log upd_msg->data.sensor_type= 1
[91m [1776446542.856068] Client: [0m---before writing in log upd_msg->data.sid= temp_1
[91m [1776446542.856072] Client: [0m---after writing in log upd_msg->seq_no = 332
[91m [1776446542.856077] Client: [0m---after writing in log upd_msg->data.sensor_type = 1
[91m [1776446542.856082] Client: [0m---after writing in log upd_msg->reliable = 1
[91m [1776446543.1009] BSON Message: [0mInside sensor type parsing.
[91m [1776446543.1018] BSON Message: [0mInside sensor type parsing end.
[91m [1776446543.1023] BSON Message: [0mInside sid parsing
[91m [1776446543.1027] BSON Message: [0mInside temp1 parsing.
[91m [1776446543.1032] Client: [0m---before writing in log upd_msg->seq_no= 333
[91m [1776446543.1056] Client: [0m---before writing in log upd_msg->type= 4
[91m [1776446543.1059] Client: [0m---before writing in log upd_msg->frag_no= 0
[91m [1776446543.1062] Client: [0m---before writing in log upd_msg->reliable= 1
[91m [1776446543.1065] Client: [0m---before writing in log upd_msg->data.sensor_type= 1
[91m [1776446543.1068] Client: [0m---before writing in log upd_msg->data.sid= temp_1
[91m [1776446543.1073] Client: [0m---after writing in log upd_msg->seq_no = 333
[91m [1776446543.1078] Client: [0m---after writing in log upd_msg->data.sensor_type = 1
[91m [1776446543.1082] Client: [0m---after writing in log upd_msg->reliable = 1
[91m [1776446543.75081] BSON Message: [0mInside sensor type parsing.
[91m [1776446543.75092] BSON Message: [0mInside sensor type parsing end.
[91m [1776446543.75095] BSON Message: [0mInside sid parsing
[91m [1776446543.75100] Client: [0m---before writing in log upd_msg->seq_no= 137
[91m [1776446543.75103] Client: [0m---before writing in log upd_msg->type= 4
[91m [1776446543.75106] Client: [0m---before writing in log upd_msg->frag_no= 0
[91m [1776446543.75110] Client: [0m---before writing in log upd_msg->reliable= 1
[91m [1776446543.75113] Client: [0m---before writing in log upd_msg->data.sensor_type= 2
[91m [1776446543.75116] Client: [0m---before writing in log upd_msg->data.sid= device_0
[91m [1776446543.75120] Client: [0m---after writing in log upd_msg->seq_no = 137
[91m [1776446543.75124] Client: [0m---after writing in log upd_msg->data.sensor_type = 2
[91m [1776446543.75128] Client: [0m---after writing in log upd_msg->reliable = 1
[91m [1776446543.856709] BSON Message: [0mInside sensor type parsing.
[91m [1776446543.856722] BSON Message: [0mInside sensor type parsing end.
[91m [1776446543.856728] BSON Message: [0mInside sid parsing
[91m [1776446543.856734] BSON Message: [0mInside temp1 parsing.
[91m [1776446543.856740] Client: [0m---before writing in log upd_msg->seq_no= 334
[91m [1776446543.856746] Client: [0m---before writing in log upd_msg->type= 4
[91m [1776446543.856752] Client: [0m---before writing in log upd_msg->frag_no= 0
[91m [1776446543.856758] Client: [0m---before writing in log upd_msg->reliable= 0
[91m [1776446543.856763] Client: [0m---before writing in log upd_msg->data.sensor_type= 1
[91m [1776446543.856768] Client: [0m---before writing in log upd_msg->data.sid= temp_1
[91m [1776446543.856775] Client: [0m---after writing in log upd_msg->seq_no = 334
[91m [1776446543.856780] Client: [0m---after writing in log upd_msg->data.sensor_type = 1
[91m [1776446543.856785] Client: [0m---after writing in log upd_msg->reliable = 0
[91m [1776446544.1197] BSON Message: [0mInside sensor type parsing.
[91m [1776446544.1209] BSON Message: [0mInside sensor type parsing end.
[91m [1776446544.1215] BSON Message: [0mInside sid parsing
[91m [1776446544.1221] BSON Message: [0mInside temp1 parsing.
[91m [1776446544.1227] Client: [0m---before writing in log upd_msg->seq_no= 335
[91m [1776446544.1232] Client: [0m---before writing in log upd_msg->type= 4
[91m [1776446544.1236] Client: [0m---before writing in log upd_msg->frag_no= 0
[91m [1776446544.1241] Client: [0m---before writing in log upd_msg->reliable= 1
[91m [1776446544.1246] Client: [0m---before writing in log upd_msg->data.sensor_type= 1
[91m [1776446544.1251] Client: [0m---before writing in log upd_msg->data.sid= temp_1
[91m [1776446544.1257] Client: [0m---after writing in log upd_msg->seq_no = 335
[91m [1776446544.1262] Client: [0m---after writing in log upd_msg->data.sensor_type = 1
[91m [1776446544.1267] Client: [0m---after writing in log upd_msg->reliable = 1
[91m [1776446544.622875] BSON Message: [0mInside sensor type parsing.
[91m [1776446544.622888] BSON Message: [0mInside sensor type parsing end.
[91m [1776446544.622895] BSON Message: [0mInside sid parsing
[91m [1776446544.622902] Client: [0m---before writing in log upd_msg->seq_no= 138
[91m [1776446544.622908] Client: [0m---before writing in log upd_msg->type= 4
[91m [1776446544.622933] Client: [0m---before writing in log upd_msg->frag_no= 0
[91m [1776446544.622939] Client: [0m---before writing in log upd_msg->reliable= 1
[91m [1776446544.622946] Client: [0m---before writing in log upd_msg->data.sensor_type= 2
[91m [1776446544.622953] Client: [0m---before writing in log upd_msg->data.sid= device_0
[91m [1776446544.622960] Client: [0m---after writing in log upd_msg->seq_no = 138
[91m [1776446544.622965] Client: [0m---after writing in log upd_msg->data.sensor_type = 2
[91m [1776446544.622973] Client: [0m---after writing in log upd_msg->reliable = 1
[91m [1776446544.856999] BSON Message: [0mInside sensor type parsing.
[91m [1776446544.857014] BSON Message: [0mInside sensor type parsing end.
[91m [1776446544.857020] BSON Message: [0mInside sid parsing
[91m [1776446544.857028] BSON Message: [0mInside temp1 parsing.
[91m [1776446544.857035] Client: [0m---before writing in log upd_msg->seq_no= 336
[91m [1776446544.857041] Client: [0m---before writing in log upd_msg->type= 4
[91m [1776446544.857047] Client: [0m---before writing in log upd_msg->frag_no= 0
[91m [1776446544.857052] Client: [0m---before writing in log upd_msg->reliable= 1
[91m [1776446544.857057] Client: [0m---before writing in log upd_msg->data.sensor_type= 1
[91m [1776446544.857063] Client: [0m---before writing in log upd_msg->data.sid= temp_1
[91m [1776446544.857070] Client: [0m---after writing in log upd_msg->seq_no = 336
[91m [1776446544.857076] Client: [0m---after writing in log upd_msg->data.sensor_type = 1
[91m [1776446544.857082] Client: [0m---after writing in log upd_msg->reliable = 1
[91m [1776446545.1593] BSON Message: [0mInside sensor type parsing.
[91m [1776446545.1607] BSON Message: [0mInside sensor type parsing end.
[91m [1776446545.1612] BSON Message: [0mInside sid parsing
[91m [1776446545.1618] BSON Message: [0mInside temp1 parsing.
ved------------ 1
Got a message from the server.
Message type is 4
---------Update message arrived------------ 1
Got a message from the server.
Message type is 4
---------Update message arrived------------ 1
Got a message from the server.
Message type is 4
---------Update message arrived------------ 1
Got a message from the server.
Message type is 4
---------Update message arrived------------ 1
Got a message from the server.
Message type is 4
---------Update message arrived------------ 1
Got a message from the server.
Message type is 4
---------Update message arrived------------ 1
Got a message from the server.
Message type is 4
---------Update message arrived------------ 1
Got a message from the server.
Message type is 4
---------Update message arrived------------ 1
Got a message from the server.
Message type is 4
---------Update message arrived------------ 1
Got a message from the server.
Message type is 4
---------Update message arrived------------ 1
Got a message from the server.
Message type is 4
---------Update message arrived------------ 1
Got a message from the server.
Message type is 4
---------Update message arrived------------ 1
Got a message from the server.
Message type is 4
---------Update message arrived------------ 1
Got a message from the server.
Message type is 4
---------Update message arrived------------ 1
Got a message from the server.
Message type is 4
---------Update message arrived------------ 1
Got a message from the server.
Message type is 4
---------Update message arrived------------ 1
Got a message from the server.
Message type is 4
---------Update message arrived------------ 1
Got a message from the server.
Message type is 4
---------Update message arrived------------ 1
Got a message from the server.
Message type is 4
---------Update message arrived------------ 1
Got a message from the server.
Message type is 4
---------Update message arrived------------ 1
Got a message from the server.
Message type is 4
---------Update message arrived------------ 1
Got a message from the server.
Message type is 4
---------Update message arrived------------ 1
Got a message from the server.
Message type is 4
---------Update message arrived------------ 1
Got a message from the server.
Message type is 4
---------Update message arrived------------ 1
Got a message from the server.
Message type is 4
---------Update message arrived------------ 1
Got a message from the server.
Message type is 4
---------Update message arrived------------ 1
Got a message from the server.
Message type is 4
---------Update message arrived------------ 1
Got a message from the server.
Message type is 4
---------Update message arrived------------ 1
Got a message from the server.
Message type is 4
---------Update message arrived------------ 1
Got a message from the server.
Message type is 4
---------Update message arrived------------ 1
Got a message from the server.
Message type is 4
---------Update message arrived------------ 1
Got a message from the server.
Message type is 4
---------Update message arrived------------ 1
Got a message from the server.
Message type is 4
---------Update message arrived------------ 1
Got a message from the server.
Message type is 4
---------Update message arrived------------ 1
Got a message from the server.
Message type is 4
---------Update message arrived------------ 1
Got a message from the server.
Message type is 4
---------Update message arrived------------ 1
Got a message from the server.
Message type is 4
---------Update message arrived------------ 1
Got a message from the server.
Message type is 4
---------Update message arrived------------ 1
Got a message from the server.
Message type is 4
---------Update message arrived------------ 1
Got a message from the server.
Message type is 4
---------Update message arrived------------ 1
Got a message from the server.
Message type is 4
---------Update message arrived------------ 1
Got a message from the server.
Message type is 4
---------Update message arrived------------ 1
Got a message from the server.
Message type is 4
---------Update message arrived--------[91m [1776446545.1631] Client: [0m---before writing in log upd_msg->seq_no= 337
[91m [1776446545.1634] Client: [0m---before writing in log upd_msg->type= 4
[91m [1776446545.1637] Client: [0m---before writing in log upd_msg->frag_no= 0
[91m [1776446545.1641] Client: [0m---before writing in log upd_msg->reliable= 1
[91m [1776446545.1644] Client: [0m---before writing in log upd_msg->data.sensor_type= 1
[91m [1776446545.1647] Client: [0m---before writing in log upd_msg->data.sid= temp_1
[91m [1776446545.1651] Client: [0m---after writing in log upd_msg->seq_no = 337
[91m [1776446545.1654] Client: [0m---after writing in log upd_msg->data.sensor_type = 1
[91m [1776446545.1657] Client: [0m---after writing in log upd_msg->reliable = 1
[91m [1776446545.429638] BSON Message: [0mInside sensor type parsing.
[91m [1776446545.429647] BSON Message: [0mInside sensor type parsing end.
[91m [1776446545.429652] BSON Message: [0mInside sid parsing
[91m [1776446545.429659] Client: [0m---before writing in log upd_msg->seq_no= 139
[91m [1776446545.429662] Client: [0m---before writing in log upd_msg->type= 4
[91m [1776446545.429666] Client: [0m---before writing in log upd_msg->frag_no= 0
[91m [1776446545.429669] Client: [0m---before writing in log upd_msg->reliable= 1
[91m [1776446545.429672] Client: [0m---before writing in log upd_msg->data.sensor_type= 2
[91m [1776446545.429675] Client: [0m---before writing in log upd_msg->data.sid= device_0
[91m [1776446545.429679] Client: [0m---after writing in log upd_msg->seq_no = 139
[91m [1776446545.429682] Client: [0m---after writing in log upd_msg->data.sensor_type = 2
[91m [1776446545.429685] Client: [0m---after writing in log upd_msg->reliable = 1
[91m [1776446545.623908] BSON Message: [0mInside sensor type parsing.
[91m [1776446545.623928] BSON Message: [0mInside sensor type parsing end.
[91m [1776446545.623932] BSON Message: [0mInside sid parsing
[91m [1776446545.623937] BSON Message: [0mInside gps1 parsing.
[91m [1776446545.623943] Client: [0m---before writing in log upd_msg->seq_no= 35
[91m [1776446545.623951] Client: [0m---before writing in log upd_msg->type= 4
[91m [1776446545.623954] Client: [0m---before writing in log upd_msg->frag_no= 0
[91m [1776446545.623958] Client: [0m---before writing in log upd_msg->reliable= 1
[91m [1776446545.623962] Client: [0m---before writing in log upd_msg->data.sensor_type= 3
[91m [1776446545.623966] Client: [0m---before writing in log upd_msg->data.sid= gps_2
[91m [1776446545.623972] Client: [0m---after writing in log upd_msg->seq_no = 35
[91m [1776446545.623976] Client: [0m---after writing in log upd_msg->data.sensor_type = 3
[91m [1776446545.623981] Client: [0m---after writing in log upd_msg->reliable = 1
[91m [1776446545.856981] BSON Message: [0mInside sensor type parsing.
[91m [1776446545.856992] BSON Message: [0mInside sensor type parsing end.
[91m [1776446545.856997] BSON Message: [0mInside sid parsing
[91m [1776446545.857002] BSON Message: [0mInside temp1 parsing.
[91m [1776446545.857008] Client: [0m---before writing in log upd_msg->seq_no= 338
[91m [1776446545.857012] Client: [0m---before writing in log upd_msg->type= 4
[91m [1776446545.857017] Client: [0m---before writing in log upd_msg->frag_no= 0
[91m [1776446545.857022] Client: [0m---before writing in log upd_msg->reliable= 1
[91m [1776446545.857027] Client: [0m---before writing in log upd_msg->data.sensor_type= 1
[91m [1776446545.857032] Client: [0m---before writing in log upd_msg->data.sid= temp_1
[91m [1776446545.857037] Client: [0m---after writing in log upd_msg->seq_no = 338
[91m [1776446545.857042] Client: [0m---after writing in log upd_msg->data.sensor_type = 1
[91m [1776446545.857046] Client: [0m---after writing in log upd_msg->reliable = 1
[91m [1776446546.1663] BSON Message: [0mInside sensor type parsing.
[91m [1776446546.1674] BSON Message: [0mInside sensor type parsing end.
[91m [1776446546.1679] BSON Message: [0mInside sid parsing
[91m [1776446546.1683] BSON Message: [0mInside temp1 parsing.
[91m [1776446546.1689] Client: [0m---before writing in log upd_msg->seq_no= 339
[91m [1776446546.1693] Client: [0m---before writing in log upd_msg->type= 4
[91m [1776446546.1698] Client: [0m---before writing in log upd_msg->frag_no= 0
[91m [1776446546.1703] Client: [0m---before writing in log upd_msg->reliable= 1
[91m [1776446546.1707] Client: [0m---before writing in log upd_msg->data.sensor_type= 1
[91m [1776446546.1712] Client: [0m---before writing in log upd_msg->data.sid= temp_1
[91m [1776446546.1717] Client: [0m---after writing in log upd_msg->seq_no = 339
[91m [1776446546.1722] Client: [0m---after writing in log upd_msg->data.sensor_type = 1
[91m [1776446546.1726] Client: [0m---after writing in log upd_msg->reliable = 1
[91m [1776446546.702737] BSON Message: [0mInside sensor type parsing.
[91m [1776446546.702747] BSON Message: [0mInside sensor type parsing end.
[91m [1776446546.702751] BSON Message: [0mInside sid parsing
[91m [1776446546.702756] Client: [0m---before writing in log upd_msg->seq_no= 140
[91m [1776446546.702762] Client: [0m---before writing in log upd_msg->type= 4
[91m [1776446546.702768] Client: [0m---before writing in log upd_msg->frag_no= 0
[91m [1776446546.702771] Client: [0m---before writing in log upd_msg->reliable= 1
[91m [1776446546.702775] Client: [0m---before writing in log upd_msg->data.sensor_type= 2
[91m [1776446546.702783] Client: [0m---before writing in log upd_msg->data.sid= device_0
[91m [1776446546.702791] Client: [0m---after writing in log upd_msg->seq_no = 140
[91m [1776446546.702796] Client: [0m---after writing in log upd_msg->data.sensor_type = 2
[91m [1776446546.702802] Client: [0m---after writing in log upd_msg->reliable = 1
[91m [1776446546.857570] BSON Message: [0mInside sensor type parsing.
[91m [1776446546.857580] BSON Message: [0mInside sensor type parsing end.
[91m [1776446546.857585] BSON Message: [0mInside sid parsing
[91m [1776446546.857589] BSON Message: [0mInside temp1 parsing.
[91m [1776446546.857595] Client: [0m---before writing in log upd_msg->seq_no= 340
[91m [1776446546.857603] Client: [0m---before writing in log upd_msg->type= 4
[91m [1776446546.857607] Client: [0m---before writing in log upd_msg->frag_no= 0
[91m [1776446546.857612] Client: [0m---before writing in log upd_msg->reliable= 1
[91m [1776446546.857617] Client: [0m---before writing in log upd_msg->data.sensor_type= 1
[91m [1776446546.857620] Client: [0m---before writing in log upd_msg->data.sid= temp_1
[91m [1776446546.857626] Client: [0m---after writing in log upd_msg->seq_no = 340
[91m [1776446546.857630] Client: [0m---after writing in log upd_msg->data.sensor_type = 1
[91m [1776446546.857634] Client: [0m---after writing in log upd_msg->reliable = 1
[91m [1776446547.2211] BSON Message: [0mInside sensor type parsing.
[91m [1776446547.2224] BSON Message: [0mInside sensor type parsing end.
[91m [1776446547.2229] BSON Message: [0mInside sid parsing
[91m [1776446547.2234] BSON Message: [0mInside temp1 parsing.
[91m [1776446547.2240] Client: [0m---before writing in log upd_msg->seq_no= 341
[91m [1776446547.2246] Client: [0m---before writing in log upd_msg->type= 4
[91m [1776446547.2251] Client: [0m---before writing in log upd_msg->frag_no= 0
[91m [1776446547.2256] Client: [0m---before writing in log upd_msg->reliable= 1
[91m [1776446547.2260] Client: [0m---before writing in log upd_msg->data.sensor_type= 1
[91m [1776446547.2263] Client: [0m---before writing in log upd_msg->data.sid= temp_1
[91m [1776446547.2269] Client: [0m---after writing in log upd_msg->seq_no = 341
[91m [1776446547.2273] Client: [0m---after writing in log upd_msg->data.sensor_type = 1
[91m [1776446547.2278] Client: [0m---after writing in log upd_msg->reliable = 1
[91m [1776446547.444963] BSON Message: [0mInside sensor type parsing.
[91m [1776446547.444973] BSON Message: [0mInside sensor type parsing end.
[91m [1776446547.444979] BSON Message: [0mInside sid parsing
[91m [1776446547.444985] Client: [0m---before writing in log upd_msg->seq_no= 141
[91m [1776446547.444991] Client: [0m---before writing in log upd_msg->type= 4
[91m [1776446547.444995] Client: [0m---before writing in log upd_msg->frag_no= 0
[91m [1776446547.445000] Client: [0m---before writing in log upd_msg->reliable= 1
[91m [1776446547.445005] Client: [0m---before writing in log upd_msg->data.sensor_type= 2
[91m [1776446547.445009] Client: [0m---before writing in log upd_msg->data.sid= device_0
[91m [1776446547.445015] Client: [0m---after writing in log upd_msg->seq_no = 141
[91m [1776446547.445020] Client: [0m---after writing in log upd_msg->data.sensor_type = 2
[91m [1776446547.445026] Client: [0m---after writing in log upd_msg->reliable = 1
[91m [1776446547.763088] BSON Message: [0mInside sensor type parsing.
[91m [1776446547.763096] BSON Message: [0mInside sensor type parsing end.
[91m [1776446547.763101] BSON Message: [0mInside sid parsing
[91m [1776446547.763106] Client: [0m---before writing in log upd_msg->seq_no= 142
[91m [1776446547.763110] Client: [0m---before writing in log upd_msg->type= 4
[91m [1776446547.763114] Client: [0m---before writing in log upd_msg->frag_no= 0
[91m [1776446547.763118] Client: [0m---before writing in log upd_msg->reliable= 1
[91m [1776446547.763122] Client: [0m---before writing in log upd_msg->data.sensor_type= 2
[91m [1776446547.763126] Client: [0m---before writing in log upd_msg->data.sid= device_0
[91m [1776446547.763132] Client: [0m---after writing in log upd_msg->seq_no = 142
[91m [1776446547.763136] Client: [0m---after writing in log upd_msg->data.sensor_type = 2
[91m [1776446547.763140] Client: [0m---after writing in log upd_msg->reliable = 1
[91m [1776446547.857638] BSON Message: [0mInside sensor type parsing.
[91m [1776446547.857647] BSON Message: [0mInside sensor type parsing end.
[91m [1776446547.857652] BSON Message: [0mInside sid parsing
[91m [1776446547.857656] BSON Message: [0mInside temp1 parsing.
[91m [1776446547.857662] Client: [0m---before writing in log upd_msg->seq_no= 342
[91m [1776446547.857666] Client: [0m---before writing in log upd_msg->type= 4
[91m [1776446547.857672] Client: [0m---before writing in log upd_msg->frag_no= 0
[91m [1776446547.857676] Client: [0m---before writing in log upd_msg->reliable= 1
[91m [1776446547.857680] Client: [0m---before writing in log upd_msg->data.sensor_type= 1
[91m [1776446547.857684] Client: [0m---before writing in log upd_msg->data.sid= temp_1
[91m [1776446547.857689] Client: [0m---after writing in log upd_msg->seq_no = 342
[91m [1776446547.857693] Client: [0m---after writing in log upd_msg->data.sensor_type = 1
[91m [1776446547.857697] Client: [0m---after writing in log upd_msg->reliable = 1
[91m [1776446548.2395] BSON Message: [0mInside sensor type parsing.
[91m [1776446548.2407] BSON Message: [0mInside sensor type parsing end.
[91m [1776446548.2412] BSON Message: [0mInside sid parsing
[91m [1776446548.2417] BSON Message: [0mInside temp1 parsing.
[91m [1776446548.2423] Client: [0m---before writing in log upd_msg->seq_no= 343
[91m [1776446548.2428] Client: [0m---before writing in log upd_msg->type= 4
[91m [1776446548.2433] Client: [0m---before writing in log upd_msg->frag_no= 0
[91m [1776446548.2437] Client: [0m---before writing in log upd_msg->reliable= 1
[91m [1776446548.2442] Client: [0m---before writing in log upd_msg->data.sensor_type= 1
[91m [1776446548.2446] Client: [0m---before writing in log upd_msg->data.sid= temp_1
[91m [1776446548.2452] Client: [0m---after writing in log upd_msg->seq_no = 343
[91m [1776446548.2456] Client: [0m---after writing in log upd_msg->data.sensor_type = 1
[91m [1776446548.2461] Client: [0m---after writing in log upd_msg->reliable = 1
[91m [1776446548.312335] BSON Message: [0mInside sensor type parsing.
[91m [1776446548.312348] BSON Message: [0mInside sensor type parsing end.
[91m [1776446548.312354] BSON Message: [0mInside sid parsing
[91m [1776446548.312360] Client: [0m---before writing in log upd_msg->seq_no= 143
[91m [1776446548.312365] Client: [0m---before writing in log upd_msg->type= 4
[91m [1776446548.312370] Client: [0m---before writing in log upd_msg->frag_no= 0
[91m [1776446548.312375] Client: [0m---before writing in log upd_msg->reliable= 1
[91m [1776446548.312379] Client: [0m---before writing in log upd_msg->data.sensor_type= 2
[91m [1776446548.312384] Client: [0m---before writing in log upd_msg->data.sid= device_0
[91m [1776446548.312389] Client: [0m---after writing in log upd_msg->seq_no = 143
[91m [1776446548.312394] Client: [0m---after writing in log upd_msg->data.sensor_type = 2
[91m [1776446548.312398] Client: [0m---after writing in log upd_msg->reliable = 1
[91m [1776446548.858075] BSON Message: [0mInside sensor type parsing.
[91m [1776446548.858086] BSON Message: [0mInside sensor type parsing end.
[91m [1776446548.858091] BSON Message: [0mInside sid parsing
[91m [1776446548.858095] BSON Message: [0mInside temp1 parsing.
[91m [1776446548.858100] Client: [0m---before writing in log upd_msg->seq_no= 344
[91m [1776446548.858104] Client: [0m---before writing in log upd_msg->type= 4
[91m [1776446548.858108] Client: [0m---before writing in log upd_msg->frag_no= 0
[91m [1776446548.858112] Client: [0m---before writing in log upd_msg->reliable= 1
[91m [1776446548.858116] Client: [0m---before writing in log upd_msg->data.sensor_type= 1
[91m [1776446548.858120] Client: [0m---before writing in log upd_msg->data.sid= temp_1
[91m [1776446548.858124] Client: [0m---after writing in log upd_msg->seq_no = 344
[91m [1776446548.858128] Client: [0m---after writing in log upd_msg->data.sensor_type = 1
[91m [1776446548.858132] Client: [0m---after writing in log upd_msg->reliable = 1
[91m [1776446549.2724] BSON Message: [0mInside sensor type parsing.
[91m [1776446549.2733] BSON Message: [0mInside sensor type parsing end.
[91m [1776446549.2737] BSON Message: [0mInside sid parsing
[91m [1776446549.2741] BSON Message: [0mInside temp1 parsing.
[91m [1776446549.2745] Client: [0m---before writing in log upd_msg->seq_no= 345
[91m [1776446549.2749] Client: [0m---before writing in log upd_msg->type= 4
[91m [1776446549.2758] Client: [0m---before writing in log upd_msg->frag_no= 0
[91m [1776446549.2762] Client: [0m---before writing in log upd_msg->reliable= 1
[91m [1776446549.2766] Client: [0m---before writing in log upd_msg->data.sensor_type= 1
[91m [1776446549.2770] Client: [0m---before writing in log upd_msg->data.sid= temp_1
[91m [1776446549.2775] Client: [0m---after writing in log upd_msg->seq_no = 345
[91m [1776446549.2780] Client: [0m---after writing in log upd_msg->data.sensor_type = 1
[91m [1776446549.2784] Client: [0m---after writing in log upd_msg->reliable = 1
[91m [1776446549.714981] BSON Message: [0mInside sensor type parsing.
[91m [1776446549.714990] BSON Message: [0mInside sensor type parsing end.
[91m [1776446549.714994] BSON Message: [0mInside sid parsing
[91m [1776446549.714999] Client: [0m---before writing in log upd_msg->seq_no= 144
[91m [1776446549.715003] Client: [0m---before writing in log upd_msg->type= 4
[91m [1776446549.715006] Client: [0m---before writing in log upd_msg->frag_no= 0
[91m [1776446549.715010] Client: [0m---before writing in log upd_msg->reliable= 1
[91m [1776446549.715014] Client: [0m---before writing in log upd_msg->data.sensor_type= 2
[91m [1776446549.715017] Client: [0m---before writing in log upd_msg->data.sid= device_0
[91m [1776446549.715022] Client: [0m---after writing in log upd_msg->seq_no = 144
[91m [1776446549.715027] Client: [0m---after writing in log upd_msg->data.sensor_type = 2
[91m [1776446549.715032] Client: [0m---after writing in log upd_msg->reliable = 1
[91m [1776446549.858730] BSON Message: [0mInside sensor type parsing.
[91m [1776446549.858743] BSON Message: [0mInside sensor type parsing end.
[91m [1776446549.858752] BSON Message: [0mInside sid parsing
[91m [1776446549.858760] BSON Message: [0mInside temp1 parsing.
[91m [1776446549.858767] Client: [0m---before writing in log upd_msg->seq_no= 346
[91m [1776446549.858771] Client: [0m---before writing in log upd_msg->type= 4
[91m [1776446549.858776] Client: [0m---before writing in log upd_msg->frag_no= 0
[91m [1776446549.858780] Client: [0m---before writing in log upd_msg->reliable= 1
[91m [1776446549.858785] Client: [0m---before writing in log upd_msg->data.sensor_type= 1
[91m [1776446549.858789] Client: [0m---before writing in log upd_msg->data.sid= temp_1
[91m [1776446549.858795] Client: [0m---after writing in log upd_msg->seq_no = 346
[91m [1776446549.858800] Client: [0m---after writing in log upd_msg->data.sensor_type = 1
[91m [1776446549.858804] Client: [0m---after writing in log upd_msg->reliable = 1
[91m [1776446549.959012] BSON Message: [0mInside sensor type parsing.
[91m [1776446549.959022] BSON Message: [0mInside sensor type parsing end.
[91m [1776446549.959027] BSON Message: [0mInside sid parsing
[91m [1776446549.959033] Client: [0m---before writing in log upd_msg->seq_no= 145
[91m [1776446549.959039] Client: [0m---before writing in log upd_msg->type= 4
[91m [1776446549.959045] Client: [0m---before writing in log upd_msg->frag_no= 0
[91m [1776446549.959050] Client: [0m---before writing in log upd_msg->reliable= 1
[91m [1776446549.959054] Client: [0m---before writing in log upd_msg->data.sensor_type= 2
[91m [1776446549.959058] Client: [0m---before writing in log upd_msg->data.sid= device_0
[91m [1776446549.959062] Client: [0m---after writing in log upd_msg->seq_no = 145
[91m [1776446549.959067] Client: [0m---after writing in log upd_msg->data.sensor_type = 2
[91m [1776446549.959071] Client: [0m---after writing in log upd_msg->reliable = 1
[91m [1776446550.2955] BSON Message: [0mInside sensor type parsing.
[91m [1776446550.2966] BSON Message: [0mInside sensor type parsing end.
[91m [1776446550.2972] BSON Message: [0mInside sid parsing
[91m [1776446550.2978] BSON Message: [0mInside temp1 parsing.
[91m [1776446550.2984] Client: [0m---before writing in log upd_msg->seq_no= 347
[91m [1776446550.2989] Client: [0m---before writing in log upd_msg->type= 4
[91m [1776446550.2995] Client: [0m---before writing in log upd_msg->frag_no= 0
[91m [1776446550.3005] Client: [0m---before writing in log upd_msg->reliable= 1
[91m [1776446550.3010] Client: [0m---before writing in log upd_msg->data.sensor_type= 1
[91m [1776446550.3015] Client: [0m---before writing in log upd_msg->data.sid= temp_1
[91m [1776446550.3020] Client: [0m---after writing in log upd_msg->seq_no = 347
[91m [1776446550.3025] Client: [0m---after writing in log upd_msg->data.sensor_type = 1
[91m [1776446550.3029] Client: [0m---after writing in log upd_msg->reliable = 1
[91m [1776446550.111412] BSON Message: [0mInside sensor type parsing.
[91m [1776446550.111422] BSON Message: [0mInside sensor type parsing end.
[91m [1776446550.111427] BSON Message: [0mInside sid parsing
[91m [1776446550.111433] Client: [0m---before writing in log upd_msg->seq_no= 146
[91m [1776446550.111437] Client: [0m---before writing in log upd_msg->type= 4
[91m [1776446550.111442] Client: [0m---before writing in log upd_msg->frag_no= 0
[91m [1776446550.111446] Client: [0m---before writing in log upd_msg->reliable= 1
[91m [1776446550.111452] Client: [0m---before writing in log upd_msg->data.sensor_type= 2
[91m [1776446550.111458] Client: [0m---before writing in log upd_msg->data.sid= device_0
[91m [1776446550.111464] Client: [0m---after writing in log upd_msg->seq_no = 146
[91m [1776446550.111469] Client: [0m---after writing in log upd_msg->data.sensor_type = 2
[91m [1776446550.111473] Client: [0m---after writing in log upd_msg->reliable = 1
[91m [1776446550.709390] BSON Message: [0mInside sensor type parsing.
[91m [1776446550.709399] BSON Message: [0mInside sensor type parsing end.
[91m [1776446550.709404] BSON Message: [0mInside sid parsing
[91m [1776446550.709410] Client: [0m---before writing in log upd_msg->seq_no= 147
[91m [1776446550.709415] Client: [0m---before writing in log upd_msg->type= 4
[91m [1776446550.709421] Client: [0m---before writing in log upd_msg->frag_no= 0
[91m [1776446550.709426] Client: [0m---before writing in log upd_msg->reliable= 1
[91m [1776446550.709432] Client: [0m---before writing in log upd_msg->data.sensor_type= 2
[91m [1776446550.709436] Client: [0m---before writing in log upd_msg->data.sid= device_0
[91m [1776446550.709440] Client: [0m---after writing in log upd_msg->seq_no = 147
[91m [1776446550.709444] Client: [0m---after writing in log upd_msg->data.sensor_type = 2
[91m [1776446550.709447] Client: [0m---after writing in log upd_msg->reliable = 1
[91m [1776446550.858989] BSON Message: [0mInside sensor type parsing.
[91m [1776446550.859002] BSON Message: [0mInside sensor type parsing end.
[91m [1776446550.859008] BSON Message: [0mInside sid parsing
[91m [1776446550.859014] BSON Message: [0mInside temp1 parsing.
[91m [1776446550.859021] Client: [0m---before writing in log upd_msg->seq_no= 348
[91m [1776446550.859026] Client: [0m---before writing in log upd_msg->type= 4
[91m [1776446550.859031] Client: [0m---before writing in log upd_msg->frag_no= 0
[91m [1776446550.859036] Client: [0m---before writing in log upd_msg->reliable= 1
[91m [1776446550.859043] Client: [0m---before writing in log upd_msg->data.sensor_type= 1
[91m [1776446550.859048] Client: [0m---before writing in log upd_msg->data.sid= temp_1
[91m [1776446550.859054] Client: [0m---after writing in log upd_msg->seq_no = 348
[91m [1776446550.859060] Client: [0m---after writing in log upd_msg->data.sensor_type = 1
[91m [1776446550.859066] Client: [0m---after writing in log upd_msg->reliable = 1
[91m [1776446551.3264] BSON Message: [0mInside sensor type parsing.
[91m [1776446551.3276] BSON Message: [0mInside sensor type parsing end.
[91m [1776446551.3281] BSON Message: [0mInside sid parsing
[91m [1776446551.3286] BSON Message: [0mInside temp1 parsing.
[91m [1776446551.3292] Client: [0m---before writing in log upd_msg->seq_no= 349
[91m [1776446551.3297] Client: [0m---before writing in log upd_msg->type= 4
[91m [1776446551.3302] Client: [0m---before writing in log upd_msg->frag_no= 0
[91m [1776446551.3311] Client: [0m---before writing in log upd_msg->reliable= 1
[91m [1776446551.3315] Client: [0m---before writing in log upd_msg->data.sensor_type= 1
[91m [1776446551.3319] Client: [0m---before writing in log upd_msg->data.sid= temp_1
[91m [1776446551.3325] Client: [0m---after writing in log upd_msg->seq_no = 349
[91m [1776446551.3329] Client: [0m---after writing in log upd_msg->data.sensor_type = 1
[91m [1776446551.3334] Client: [0m---after writing in log upd_msg->reliable = 1
[91m [1776446551.859024] BSON Message: [0mInside sensor type parsing.
[91m [1776446551.859035] BSON Message: [0mInside sensor type parsing end.
[91m [1776446551.859040] BSON Message: [0mInside sid parsing
[91m [1776446551.859045] BSON Message: [0mInside temp1 parsing.
[91m [1776446551.859050] Client: [0m---before writing in log upd_msg->seq_no= 350
[91m [1776446551.859054] Client: [0m---before writing in log upd_msg->type= 4
[91m [1776446551.859059] Client: [0m---before writing in log upd_msg->frag_no= 0
[91m [1776446551.859063] Client: [0m---before writing in log upd_msg->reliable= 1
[91m [1776446551.859068] Client: [0m---before writing in log upd_msg->data.sensor_type= 1
[91m [1776446551.859072] Client: [0m---before writing in log upd_msg->data.sid= temp_1
[91m [1776446551.859078] Client: [0m---after writing in log upd_msg->seq_no = 350
[91m [1776446551.859082] Client: [0m---after writing in log upd_msg->data.sensor_type = 1
[91m [1776446551.859087] Client: [0m---after writing in log upd_msg->reliable = 1
[91m [1776446552.3523] BSON Message: [0mInside sensor type parsing.
[91m [1776446552.3534] BSON Message: [0mInside sensor type parsing end.
[91m [1776446552.3553] BSON Message: [0mInside sid parsing
[91m [1776446552.3559] BSON Message: [0mInside temp1 parsing.
[91m [1776446552.3565] Client: [0m---before writing in log upd_msg->seq_no= 351
[91m [1776446552.3569] Client: [0m---before writing in log upd_msg->type= 4
[91m [1776446552.3575] Client: [0m---before writing in log upd_msg->frag_no= 0
[91m [1776446552.3581] Client: [0m---before writing in log upd_msg->reliable= 1
[91m [1776446552.3587] Client: [0m---before writing in log upd_msg->data.sensor_type= 1
[91m [1776446552.3593] Client: [0m---before writing in log upd_msg->data.sid= temp_1
[91m [1776446552.3599] Client: [0m---after writing in log upd_msg->seq_no = 351
[91m [1776446552.3604] Client: [0m---after writing in log upd_msg->data.sensor_type = 1
[91m [1776446552.3609] Client: [0m---after writing in log upd_msg->reliable = 1
[91m [1776446552.422405] BSON Message: [0mInside sensor type parsing.
[91m [1776446552.422416] BSON Message: [0mInside sensor type parsing end.
[91m [1776446552.422422] BSON Message: [0mInside sid parsing
[91m [1776446552.422428] Client: [0m---before writing in log upd_msg->seq_no= 148
[91m [1776446552.422433] Client: [0m---before writing in log upd_msg->type= 4
[91m [1776446552.422438] Client: [0m---before writing in log upd_msg->frag_no= 0
[91m [1776446552.422442] Client: [0m---before writing in log upd_msg->reliable= 1
[91m [1776446552.422446] Client: [0m---before writing in log upd_msg->data.sensor_type= 2
[91m [1776446552.422450] Client: [0m---before writing in log upd_msg->data.sid= device_0
[91m [1776446552.422455] Client: [0m---after writing in log upd_msg->seq_no = 148
[91m [1776446552.422458] Client: [0m---after writing in log upd_msg->data.sensor_type = 2
[91m [1776446552.422462] Client: [0m---after writing in log upd_msg->reliable = 1
[91m [1776446552.859627] BSON Message: [0mInside sensor type parsing.
[91m [1776446552.859644] BSON Message: [0mInside sensor type parsing end.
[91m [1776446552.859651] BSON Message: [0mInside sid parsing
[91m [1776446552.859659] BSON Message: [0mInside temp1 parsing.
[91m [1776446552.859667] Client: [0m---before writing in log upd_msg->seq_no= 352
[91m [1776446552.859673] Client: [0m---before writing in log upd_msg->type= 4
[91m [1776446552.859677] Client: [0m---before writing in log upd_msg->frag_no= 0
[91m [1776446552.859687] Client: [0m---before writing in log upd_msg->reliable= 1
[91m [1776446552.859691] Client: [0m---before writing in log upd_msg->data.sensor_type= 1
[91m [1776446552.859696] Client: [0m---before writing in log upd_msg->data.sid= temp_1
[91m [1776446552.859702] Client: [0m---after writing in log upd_msg->seq_no = 352
[91m [1776446552.859706] Client: [0m---after writing in log upd_msg->data.sensor_type = 1
[91m [1776446552.859711] Client: [0m---after writing in log upd_msg->reliable = 1
[91m [1776446553.4104] BSON Message: [0mInside sensor type parsing.
[91m [1776446553.4116] BSON Message: [0mInside sensor type parsing end.
[91m [1776446553.4122] BSON Message: [0mInside sid parsing
[91m [1776446553.4126] BSON Message: [0mInside temp1 parsing.
[91m [1776446553.4132] Client: [0m---before writing in log upd_msg->seq_no= 353
[91m [1776446553.4136] Client: [0m---before writing in log upd_msg->type= 4
[91m [1776446553.4141] Client: [0m---before writing in log upd_msg->frag_no= 0
[91m [1776446553.4146] Client: [0m---before writing in log upd_msg->reliable= 1
[91m [1776446553.4151] Client: [0m---before writing in log upd_msg->data.sensor_type= 1
[91m [1776446553.4156] Client: [0m---before writing in log upd_msg->data.sid= temp_1
[91m [1776446553.4161] Client: [0m---after writing in log upd_msg->seq_no = 353
[91m [1776446553.4166] Client: [0m---after writing in log upd_msg->data.sensor_type = 1
[91m [1776446553.4170] Client: [0m---after writing in log upd_msg->reliable = 1
[91m [1776446553.517434] BSON Message: [0mInside sensor type parsing.
[91m [1776446553.517443] BSON Message: [0mInside sensor type parsing end.
[91m [1776446553.517447] BSON Message: [0mInside sid parsing
[91m [1776446553.517453] Client: [0m---before writing in log upd_msg->seq_no= 149
[91m [1776446553.517458] Client: [0m---before writing in log upd_msg->type= 4
[91m [1776446553.517461] Client: [0m---before writing in log upd_msg->frag_no= 0
[91m [1776446553.517466] Client: [0m---before writing in log upd_msg->reliable= 1
[91m [1776446553.517469] Client: [0m---before writing in log upd_msg->data.sensor_type= 2
[91m [1776446553.517474] Client: [0m---before writing in log upd_msg->data.sid= device_0
[91m [1776446553.517478] Client: [0m---after writing in log upd_msg->seq_no = 149
[91m [1776446553.517482] Client: [0m---after writing in log upd_msg->data.sensor_type = 2
[91m [1776446553.517486] Client: [0m---after writing in log upd_msg->reliable = 1
[91m [1776446553.859753] BSON Message: [0mInside sensor type parsing.
[91m [1776446553.859764] BSON Message: [0mInside sensor type parsing end.
[91m [1776446553.859771] BSON Message: [0mInside sid parsing
[91m [1776446553.859777] BSON Message: [0mInside temp1 parsing.
[91m [1776446553.859783] Client: [0m---before writing in log upd_msg->seq_no= 354
[91m [1776446553.859787] Client: [0m---before writing in log upd_msg->type= 4
[91m [1776446553.859791] Client: [0m---before writing in log upd_msg->frag_no= 0
[91m [1776446553.859795] Client: [0m---before writing in log upd_msg->reliable= 1
[91m [1776446553.859798] Client: [0m---before writing in log upd_msg->data.sensor_type= 1
[91m [1776446553.859802] Client: [0m---before writing in log upd_msg->data.sid= temp_1
[91m [1776446553.859807] Client: [0m---after writing in log upd_msg->seq_no = 354
[91m [1776446553.859813] Client: [0m---after writing in log upd_msg->data.sensor_type = 1
[91m [1776446553.859818] Client: [0m---after writing in log upd_msg->reliable = 1
[91m [1776446554.4070] BSON Message: [0mInside sensor type parsing.
[91m [1776446554.4080] BSON Message: [0mInside sensor type parsing end.
[91m [1776446554.4083] BSON Message: [0mInside sid parsing
[91m [1776446554.4087] BSON Message: [0mInside temp1 parsing.
[91m [1776446554.4093] Client: [0m---before writing in log upd_msg->seq_no= 355
[91m [1776446554.4098] Client: [0m---before writing in log upd_msg->type= 4
[91m [1776446554.4101] Client: [0m---before writing in log upd_msg->frag_no= 0
[91m [1776446554.4110] Client: [0m---before writing in log upd_msg->reliable= 1
[91m [1776446554.4114] Client: [0m---before writing in log upd_msg->data.sensor_type= 1
[91m [1776446554.4118] Client: [0m---before writing in log upd_msg->data.sid= temp_1
[91m [1776446554.4124] Client: [0m---after writing in log upd_msg->seq_no = 355
[91m [1776446554.4128] Client: [0m---after writing in log upd_msg->data.sensor_type = 1
[91m [1776446554.4132] Client: [0m---after writing in log upd_msg->reliable = 1
[91m [1776446554.859897] BSON Message: [0mInside sensor type parsing.
[91m [1776446554.859905] BSON Message: [0mInside sensor type parsing end.
[91m [1776446554.859910] BSON Message: [0mInside sid parsing
[91m [1776446554.859914] BSON Message: [0mInside temp1 parsing.
[91m [1776446554.859928] Client: [0m---before writing in log upd_msg->seq_no= 356
[91m [1776446554.859932] Client: [0m---before writing in log upd_msg->type= 4
[91m [1776446554.859936] Client: [0m---before writing in log upd_msg->frag_no= 0
[91m [1776446554.859940] Client: [0m---before writing in log upd_msg->reliable= 1
[91m [1776446554.859944] Client: [0m---before writing in log upd_msg->data.sensor_type= 1
[91m [1776446554.859948] Client: [0m---before writing in log upd_msg->data.sid= temp_1
[91m [1776446554.859952] Client: [0m---after writing in log upd_msg->seq_no = 356
[91m [1776446554.859956] Client: [0m---after writing in log upd_msg->data.sensor_type = 1
[91m [1776446554.859961] Client: [0m---after writing in log upd_msg->reliable = 1
[91m [1776446555.4311] BSON Message: [0mInside sensor type parsing.
[91m [1776446555.4321] BSON Message: [0mInside sensor type parsing end.
[91m [1776446555.4326] BSON Message: [0mInside sid parsing
[91m [1776446555.4330] BSON Message: [0mInside temp1 parsing.
[91m [1776446555.4335] Client: [0m---before writing in log upd_msg->seq_no= 357
[91m [1776446555.4339] Client: [0m---before writing in log upd_msg->type= 4
[91m [1776446555.4343] Client: [0m---before writing in log upd_msg->frag_no= 0
[91m [1776446555.4347] Client: [0m---before writing in log upd_msg->reliable= 1
[91m [1776446555.4350] Client: [0m---before writing in log upd_msg->data.sensor_type= 1
[91m [1776446555.4354] Client: [0m---before writing in log upd_msg->data.sid= temp_1
[91m [1776446555.4359] Client: [0m---after writing in log upd_msg->seq_no = 357
[91m [1776446555.4363] Client: [0m---after writing in log upd_msg->data.sensor_type = 1
[91m [1776446555.4366] Client: [0m---after writing in log upd_msg->reliable = 1
[91m [1776446555.262182] BSON Message: [0mInside sensor type parsing.
[91m [1776446555.262192] BSON Message: [0mInside sensor type parsing end.
[91m [1776446555.262198] BSON Message: [0mInside sid parsing
[91m [1776446555.262204] Client: [0m---before writing in log upd_msg->seq_no= 150
[91m [1776446555.262208] Client: [0m---before writing in log upd_msg->type= 4
[91m [1776446555.262211] Client: [0m---before writing in log upd_msg->frag_no= 0
[91m [1776446555.262214] Client: [0m---before writing in log upd_msg->reliable= 1
[91m [1776446555.262218] Client: [0m---before writing in log upd_msg->data.sensor_type= 2
[91m [1776446555.262221] Client: [0m---before writing in log upd_msg->data.sid= device_0
[91m [1776446555.262225] Client: [0m---after writing in log upd_msg->seq_no = 150
[91m [1776446555.262230] Client: [0m---after writing in log upd_msg->data.sensor_type = 2
[91m [1776446555.262235] Client: [0m---after writing in log upd_msg->reliable = 1
[91m [1776446555.860498] BSON Message: [0mInside sensor type parsing.
[91m [1776446555.860509] BSON Message: [0mInside sensor type parsing end.
[91m [1776446555.860514] BSON Message: [0mInside sid parsing
[91m [1776446555.860519] BSON Message: [0mInside temp1 parsing.
[91m [1776446555.860525] Client: [0m---before writing in log upd_msg->seq_no= 358
[91m [1776446555.860531] Client: [0m---before writing in log upd_msg->type= 4
[91m [1776446555.860536] Client: [0m---before writing in log upd_msg->frag_no= 0
[91m [1776446555.860545] Client: [0m---before writing in log upd_msg->reliable= 1
[91m [1776446555.860550] Client: [0m---before writing in log upd_msg->data.sensor_type= 1
[91m [1776446555.860554] Client: [0m---before writing in log upd_msg->data.sid= temp_1
[91m [1776446555.860560] Client: [0m---after writing in log upd_msg->seq_no = 358
[91m [1776446555.860565] Client: [0m---after writing in log upd_msg->data.sensor_type = 1
[91m [1776446555.860571] Client: [0m---after writing in log upd_msg->reliable = 1
[91m [1776446556.4740] BSON Message: [0mInside sensor type parsing.
[91m [1776446556.4749] BSON Message: [0mInside sensor type parsing end.
[91m [1776446556.4754] BSON Message: [0mInside sid parsing
[91m [1776446556.4759] BSON Message: [0mInside temp1 parsing.
[91m [1776446556.4765] Client: [0m---before writing in log upd_msg->seq_no= 359
[91m [1776446556.4771] Client: [0m---before writing in log upd_msg->type= 4
[91m [1776446556.4775] Client: [0m---before writing in log upd_msg->frag_no= 0
[91m [1776446556.4780] Client: [0m---before writing in log upd_msg->reliable= 1
[91m [1776446556.4785] Client: [0m---before writing in log upd_msg->data.sensor_type= 1
[91m [1776446556.4790] Client: [0m---before writing in log upd_msg->data.sid= temp_1
[91m [1776446556.4795] Client: [0m---after writing in log upd_msg->seq_no = 359
[91m [1776446556.4800] Client: [0m---after writing in log upd_msg->data.sensor_type = 1
[91m [1776446556.4805] Client: [0m---after writing in log upd_msg->reliable = 1
[91m [1776446556.437963] BSON Message: [0mInside sensor type parsing.
[91m [1776446556.437973] BSON Message: [0mInside sensor type parsing end.
[91m [1776446556.437978] BSON Message: [0mInside sid parsing
[91m [1776446556.437983] Client: [0m---before writing in log upd_msg->seq_no= 151
[91m [1776446556.437988] Client: [0m---before writing in log upd_msg->type= 4
[91m [1776446556.437991] Client: [0m---before writing in log upd_msg->frag_no= 0
[91m [1776446556.437995] Client: [0m---before writing in log upd_msg->reliable= 1
[91m [1776446556.438000] Client: [0m---before writing in log upd_msg->data.sensor_type= 2
[91m [1776446556.438003] Client: [0m---before writing in log upd_msg->data.sid= device_0
[91m [1776446556.438008] Client: [0m---after writing in log upd_msg->seq_no = 151
[91m [1776446556.438012] Client: [0m---after writing in log upd_msg->data.sensor_type = 2
[91m [1776446556.438016] Client: [0m---after writing in log upd_msg->reliable = 1
[91m [1776446556.627427] BSON Message: [0mInside sensor type parsing.
[91m [1776446556.627439] BSON Message: [0mInside sensor type parsing end.
[91m [1776446556.627444] BSON Message: [0mInside sid parsing
[91m [1776446556.627449] BSON Message: [0mInside gps1 parsing.
[91m [1776446556.627458] Client: [0m---before writing in log upd_msg->seq_no= 36
[91m [1776446556.627463] Client: [0m---before writing in log upd_msg->type= 4
[91m [1776446556.627468] Client: [0m---before writing in log upd_msg->frag_no= 0
[91m [1776446556.627472] Client: [0m---before writing in log upd_msg->reliable= 1
[91m [1776446556.627477] Client: [0m---before writing in log upd_msg->data.sensor_type= 3
[91m [1776446556.627481] Client: [0m---before writing in log upd_msg->data.sid= gps_2
[91m [1776446556.627489] Client: [0m---after writing in log upd_msg->seq_no = 36
[91m [1776446556.627494] Client: [0m---after writing in log upd_msg->data.sensor_type = 3
[91m [1776446556.627498] Client: [0m---after writing in log upd_msg->reliable = 1
[91m [1776446556.863163] BSON Message: [0mInside sensor type parsing.
[91m [1776446556.863177] BSON Message: [0mInside sensor type parsing end.
[91m [1776446556.863182] BSON Message: [0mInside sid parsing
[91m [1776446556.863186] BSON Message: [0mInside temp1 parsing.
[91m [1776446556.863191] Client: [0m---before writing in log upd_msg->seq_no= 360
[91m [1776446556.863196] Client: [0m---before writing in log upd_msg->type= 4
[91m [1776446556.863201] Client: [0m---before writing in log upd_msg->frag_no= 0
[91m [1776446556.863209] Client: [0m---before writing in log upd_msg->reliable= 1
[91m [1776446556.863214] Client: [0m---before writing in log upd_msg->data.sensor_type= 1
[91m [1776446556.863220] Client: [0m---before writing in log upd_msg->data.sid= temp_1
[91m [1776446556.863225] Client: [0m---after writing in log upd_msg->seq_no = 360
[91m [1776446556.863231] Client: [0m---after writing in log upd_msg->data.sensor_type = 1
[91m [1776446556.863235] Client: [0m---after writing in log upd_msg->reliable = 1
[91m [1776446557.4808] BSON Message: [0mInside sensor type parsing.
[91m [1776446557.4820] BSON Message: [0mInside sensor type parsing end.
[91m [1776446557.4825] BSON Message: [0mInside sid parsing
[91m [1776446557.4831] BSON Message: [0mInside temp1 parsing.
[91m [1776446557.4836] Client: [0m---before writing in log upd_msg->seq_no= 361
[91m [1776446557.4841] Client: [0m---before writing in log upd_msg->type= 4
[91m [1776446557.4846] Client: [0m---before writing in log upd_msg->frag_no= 0
[91m [1776446557.4850] Client: [0m---before writing in log upd_msg->reliable= 1
[91m [1776446557.4855] Client: [0m---before writing in log upd_msg->data.sensor_type= 1
[91m [1776446557.4860] Client: [0m---before writing in log upd_msg->data.sid= temp_1
[91m [1776446557.4865] Client: [0m---after writing in log upd_msg->seq_no = 361
[91m [1776446557.4870] Client: [0m---after writing in log upd_msg->data.sensor_type = 1
[91m [1776446557.4875] Client: [0m---after writing in log upd_msg->reliable = 1
[91m [1776446557.860802] BSON Message: [0mInside sensor type parsing.
[91m [1776446557.860815] BSON Message: [0mInside sensor type parsing end.
[91m [1776446557.860820] BSON Message: [0mInside sid parsing
[91m [1776446557.860824] BSON Message: [0mInside temp1 parsing.
[91m [1776446557.860829] Client: [0m---before writing in log upd_msg->seq_no= 362
[91m [1776446557.860833] Client: [0m---before writing in log upd_msg->type= 4
[91m [1776446557.860837] Client: [0m---before writing in log upd_msg->frag_no= 0
[91m [1776446557.860841] Client: [0m---before writing in log upd_msg->reliable= 1
[91m [1776446557.860845] Client: [0m---before writing in log upd_msg->data.sensor_type= 1
[91m [1776446557.860849] Client: [0m---before writing in log upd_msg->data.sid= temp_1
[91m [1776446557.860853] Client: [0m---after writing in log upd_msg->seq_no = 362
[91m [1776446557.860857] Client: [0m---after writing in log upd_msg->data.sensor_type = 1
[91m [1776446557.860861] Client: [0m---after writing in log upd_msg->reliable = 1
[91m [1776446558.5040] BSON Message: [0mInside sensor type parsing.
[91m [1776446558.5049] BSON Message: [0mInside sensor type parsing end.
[91m [1776446558.5053] BSON Message: [0mInside sid parsing
[91m [1776446558.5058] BSON Message: [0mInside temp1 parsing.
[91m [1776446558.5064] Client: [0m---before writing in log upd_msg->seq_no= 363
[91m [1776446558.5069] Client: [0m---before writing in log upd_msg->type= 4
[91m [1776446558.5073] Client: [0m---before writing in log upd_msg->frag_no= 0
[91m [1776446558.5077] Client: [0m---before writing in log upd_msg->reliable= 1
[91m [1776446558.5080] Client: [0m---before writing in log upd_msg->data.sensor_type= 1
[91m [1776446558.5084] Client: [0m---before writing in log upd_msg->data.sid= temp_1
[91m [1776446558.5089] Client: [0m---after writing in log upd_msg->seq_no = 363
[91m [1776446558.5092] Client: [0m---after writing in log upd_msg->data.sensor_type = 1
[91m [1776446558.5096] Client: [0m---after writing in log upd_msg->reliable = 1
[91m [1776446558.479491] BSON Message: [0mInside sensor type parsing.
[91m [1776446558.479504] BSON Message: [0mInside sensor type parsing end.
[91m [1776446558.479509] BSON Message: [0mInside sid parsing
[91m [1776446558.479513] BSON Message: [0mInside gps1 parsing.
[91m [1776446558.479520] Client: [0m---before writing in log upd_msg->seq_no= 37
[91m [1776446558.479524] Client: [0m---before writing in log upd_msg->type= 4
[91m [1776446558.479529] Client: [0m---before writing in log upd_msg->frag_no= 0
[91m [1776446558.479540] Client: [0m---before writing in log upd_msg->reliable= 1
[91m [1776446558.479547] Client: [0m---before writing in log upd_msg->data.sensor_type= 3
[91m [1776446558.479551] Client: [0m---before writing in log upd_msg->data.sid= gps_2
[91m [1776446558.479558] Client: [0m---after writing in log upd_msg->seq_no = 37
[91m [1776446558.479562] Client: [0m---after writing in log upd_msg->data.sensor_type = 3
[91m [1776446558.479567] Client: [0m---after writing in log upd_msg->reliable = 1
[91m [1776446558.806284] BSON Message: [0mInside sensor type parsing.
[91m [1776446558.806293] BSON Message: [0mInside sensor type parsing end.
[91m [1776446558.806296] BSON Message: [0mInside sid parsing
[91m [1776446558.806301] Client: [0m---before writing in log upd_msg->seq_no= 152
[91m [1776446558.806306] Client: [0m---before writing in log upd_msg->type= 4
[91m [1776446558.806309] Client: [0m---before writing in log upd_msg->frag_no= 0
[91m [1776446558.806314] Client: [0m---before writing in log upd_msg->reliable= 1
[91m [1776446558.806317] Client: [0m---before writing in log upd_msg->data.sensor_type= 2
[91m [1776446558.806321] Client: [0m---before writing in log upd_msg->data.sid= device_0
[91m [1776446558.806325] Client: [0m---after writing in log upd_msg->seq_no = 152
[91m [1776446558.806330] Client: [0m---after writing in log upd_msg->data.sensor_type = 2
[91m [1776446558.806335] Client: [0m---after writing in log upd_msg->reliable = 1
[91m [1776446558.861364] BSON Message: [0mInside sensor type parsing.
[91m [1776446558.861376] BSON Message: [0mInside sensor type parsing end.
[91m [1776446558.861382] BSON Message: [0mInside sid parsing
[91m [1776446558.861388] BSON Message: [0mInside temp1 parsing.
---- 1
Got a message from the server.
Message type is 4
---------Update message arrived------------ 1
Got a message from the server.
Message type is 4
---------Update message arrived------------ 1
Got a message from the server.
Message type is 4
---------Update message arrived------------ 1
Got a message from the server.
Message type is 4
---------Update message arrived------------ 1
Got a message from the server.
Message type is 4
---------Update message arrived------------ 1
Got a message from the server.
Message type is 4
---------Update message arrived------------ 1
Got a message from the server.
Message type is 4
---------Update message arrived------------ 1
Got a message from the server.
Message type is 4
---------Update message arrived------------ 1
Got a message from the server.
Message type is 4
---------Update message arrived------------ 1
Got a message from the server.
Message type is 4
---------Update message arrived------------ 1
Got a message from the server.
Message type is 4
---------Update message arrived------------ 1
Got a message from the server.
Message type is 4
---------Update message arrived------------ 1
Got a message from the server.
Message type is 4
---------Update message arrived------------ 1
Got a message from the server.
Message type is 4
---------Update message arrived------------ 1
Got a message from the server.
Message type is 4
---------Update message arrived------------ 1
Got a message from the server.
Message type is 4
---------Update message arrived------------ 1
Got a message from the server.
Message type is 4
---------Update message arrived------------ 1
Got a message from the server.
Message type is 4
---------Update message arrived------------ 1
Got a message from the server.
Message type is 4
---------Update message arrived------------ 1
Got a message from the server.
Message type is 4
---------Update message arrived------------ 1
Got a message from the server.
Message type is 4
---------Update message arrived------------ 1
Got a message from the server.
Message type is 4
---------Update message arrived------------ 1
Got a message from the server.
Message type is 4
---------Update message arrived------------ 1
Got a message from the server.
Message type is 4
---------Update message arrived------------ 1
Got a message from the server.
Message type is 4
---------Update message arrived------------ 1
Got a message from the server.
Message type is 4
---------Update message arrived------------ 1
Got a message from the server.
Message type is 4
---------Update message arrived------------ 1
Got a message from the server.
Message type is 4
---------Update message arrived------------ 1
Got a message from the server.
Message type is 4
---------Update message arrived------------ 1
Got a message from the server.
Message type is 4
---------Update message arrived------------ 1
Got a message from the server.
Message type is 4
---------Update message arrived------------ 1
Got a message from the server.
Message type is 4
---------Update message arrived------------ 1
Got a message from the server.
Message type is 4
---------Update message arrived------------ 1
Got a message from the server.
Message type is 4
---------Update message arrived------------ 1
Got a message from the server.
Message type is 4
---------Update message arrived------------ 1
Got a message from the server.
Message type is 4
---------Update message arrived------------ 1
Got a message from the server.
Message type is 4
---------Update message arrived------------ 1
Got a message from the server.
Message type is 4
---------Update message arrived------------ 1
Got a message from the server.
Message type is 4
---------Update message arrived------------ 1
Got a message from the server.
Message type is 4
---------Update message arrived------------ 1
Got a message from the server.
Message type is 4
---------Update message arrived------------ 1
Got a message from the server.
Message type is 4
---------Update message arrived------------ 1
Got a message from the server.
Message type is 4
---------Update message arrived------------ 1
Got [91m [1776446558.861403] Client: [0m---before writing in log upd_msg->seq_no= 364
[91m [1776446558.861408] Client: [0m---before writing in log upd_msg->type= 4
[91m [1776446558.861414] Client: [0m---before writing in log upd_msg->frag_no= 0
[91m [1776446558.861420] Client: [0m---before writing in log upd_msg->reliable= 0
[91m [1776446558.861425] Client: [0m---before writing in log upd_msg->data.sensor_type= 1
[91m [1776446558.861430] Client: [0m---before writing in log upd_msg->data.sid= temp_1
[91m [1776446558.861436] Client: [0m---after writing in log upd_msg->seq_no = 364
[91m [1776446558.861442] Client: [0m---after writing in log upd_msg->data.sensor_type = 1
[91m [1776446558.861447] Client: [0m---after writing in log upd_msg->reliable = 0
[91m [1776446559.5552] BSON Message: [0mInside sensor type parsing.
[91m [1776446559.5560] BSON Message: [0mInside sensor type parsing end.
[91m [1776446559.5563] BSON Message: [0mInside sid parsing
[91m [1776446559.5567] BSON Message: [0mInside temp1 parsing.
[91m [1776446559.5571] Client: [0m---before writing in log upd_msg->seq_no= 365
[91m [1776446559.5575] Client: [0m---before writing in log upd_msg->type= 4
[91m [1776446559.5578] Client: [0m---before writing in log upd_msg->frag_no= 0
[91m [1776446559.5581] Client: [0m---before writing in log upd_msg->reliable= 1
[91m [1776446559.5584] Client: [0m---before writing in log upd_msg->data.sensor_type= 1
[91m [1776446559.5587] Client: [0m---before writing in log upd_msg->data.sid= temp_1
[91m [1776446559.5590] Client: [0m---after writing in log upd_msg->seq_no = 365
[91m [1776446559.5593] Client: [0m---after writing in log upd_msg->data.sensor_type = 1
[91m [1776446559.5597] Client: [0m---after writing in log upd_msg->reliable = 1
[91m [1776446559.861626] BSON Message: [0mInside sensor type parsing.
[91m [1776446559.861637] BSON Message: [0mInside sensor type parsing end.
[91m [1776446559.861643] BSON Message: [0mInside sid parsing
[91m [1776446559.861647] BSON Message: [0mInside temp1 parsing.
[91m [1776446559.861652] Client: [0m---before writing in log upd_msg->seq_no= 366
[91m [1776446559.861656] Client: [0m---before writing in log upd_msg->type= 4
[91m [1776446559.861660] Client: [0m---before writing in log upd_msg->frag_no= 0
[91m [1776446559.861670] Client: [0m---before writing in log upd_msg->reliable= 1
[91m [1776446559.861675] Client: [0m---before writing in log upd_msg->data.sensor_type= 1
[91m [1776446559.861680] Client: [0m---before writing in log upd_msg->data.sid= temp_1
[91m [1776446559.861685] Client: [0m---after writing in log upd_msg->seq_no = 366
[91m [1776446559.861690] Client: [0m---after writing in log upd_msg->data.sensor_type = 1
[91m [1776446559.861695] Client: [0m---after writing in log upd_msg->reliable = 1
[91m [1776446560.5744] BSON Message: [0mInside sensor type parsing.
[91m [1776446560.5755] BSON Message: [0mInside sensor type parsing end.
[91m [1776446560.5760] BSON Message: [0mInside sid parsing
[91m [1776446560.5765] BSON Message: [0mInside temp1 parsing.
[91m [1776446560.5771] Client: [0m---before writing in log upd_msg->seq_no= 367
[91m [1776446560.5775] Client: [0m---before writing in log upd_msg->type= 4
[91m [1776446560.5779] Client: [0m---before writing in log upd_msg->frag_no= 0
[91m [1776446560.5784] Client: [0m---before writing in log upd_msg->reliable= 1
[91m [1776446560.5788] Client: [0m---before writing in log upd_msg->data.sensor_type= 1
[91m [1776446560.5791] Client: [0m---before writing in log upd_msg->data.sid= temp_1
[91m [1776446560.5796] Client: [0m---after writing in log upd_msg->seq_no = 367
[91m [1776446560.5800] Client: [0m---after writing in log upd_msg->data.sensor_type = 1
[91m [1776446560.5804] Client: [0m---after writing in log upd_msg->reliable = 1
[91m [1776446560.839858] BSON Message: [0mInside sensor type parsing.
[91m [1776446560.839870] BSON Message: [0mInside sensor type parsing end.
[91m [1776446560.839876] BSON Message: [0mInside sid parsing
[91m [1776446560.839882] Client: [0m---before writing in log upd_msg->seq_no= 153
[91m [1776446560.839887] Client: [0m---before writing in log upd_msg->type= 4
[91m [1776446560.839892] Client: [0m---before writing in log upd_msg->frag_no= 0
[91m [1776446560.839897] Client: [0m---before writing in log upd_msg->reliable= 1
[91m [1776446560.839902] Client: [0m---before writing in log upd_msg->data.sensor_type= 2
[91m [1776446560.839906] Client: [0m---before writing in log upd_msg->data.sid= device_0
[91m [1776446560.839912] Client: [0m---after writing in log upd_msg->seq_no = 153
[91m [1776446560.839926] Client: [0m---after writing in log upd_msg->data.sensor_type = 2
[91m [1776446560.839931] Client: [0m---after writing in log upd_msg->reliable = 1
[91m [1776446560.861687] BSON Message: [0mInside sensor type parsing.
[91m [1776446560.861698] BSON Message: [0mInside sensor type parsing end.
[91m [1776446560.861702] BSON Message: [0mInside sid parsing
[91m [1776446560.861707] BSON Message: [0mInside temp1 parsing.
[91m [1776446560.861712] Client: [0m---before writing in log upd_msg->seq_no= 368
[91m [1776446560.861716] Client: [0m---before writing in log upd_msg->type= 4
[91m [1776446560.861720] Client: [0m---before writing in log upd_msg->frag_no= 0
[91m [1776446560.861724] Client: [0m---before writing in log upd_msg->reliable= 1
[91m [1776446560.861728] Client: [0m---before writing in log upd_msg->data.sensor_type= 1
[91m [1776446560.861732] Client: [0m---before writing in log upd_msg->data.sid= temp_1
[91m [1776446560.861738] Client: [0m---after writing in log upd_msg->seq_no = 368
[91m [1776446560.861743] Client: [0m---after writing in log upd_msg->data.sensor_type = 1
[91m [1776446560.861748] Client: [0m---after writing in log upd_msg->reliable = 1
[91m [1776446561.5921] BSON Message: [0mInside sensor type parsing.
[91m [1776446561.5930] BSON Message: [0mInside sensor type parsing end.
[91m [1776446561.5934] BSON Message: [0mInside sid parsing
[91m [1776446561.5938] BSON Message: [0mInside temp1 parsing.
[91m [1776446561.5943] Client: [0m---before writing in log upd_msg->seq_no= 369
[91m [1776446561.5948] Client: [0m---before writing in log upd_msg->type= 4
[91m [1776446561.5952] Client: [0m---before writing in log upd_msg->frag_no= 0
[91m [1776446561.5960] Client: [0m---before writing in log upd_msg->reliable= 1
[91m [1776446561.5964] Client: [0m---before writing in log upd_msg->data.sensor_type= 1
[91m [1776446561.5969] Client: [0m---before writing in log upd_msg->data.sid= temp_1
[91m [1776446561.5974] Client: [0m---after writing in log upd_msg->seq_no = 369
[91m [1776446561.5978] Client: [0m---after writing in log upd_msg->data.sensor_type = 1
[91m [1776446561.5982] Client: [0m---after writing in log upd_msg->reliable = 1
[91m [1776446561.103202] BSON Message: [0mInside sensor type parsing.
[91m [1776446561.103212] BSON Message: [0mInside sensor type parsing end.
[91m [1776446561.103218] BSON Message: [0mInside sid parsing
[91m [1776446561.103226] Client: [0m---before writing in log upd_msg->seq_no= 154
[91m [1776446561.103232] Client: [0m---before writing in log upd_msg->type= 4
[91m [1776446561.103238] Client: [0m---before writing in log upd_msg->frag_no= 0
[91m [1776446561.103243] Client: [0m---before writing in log upd_msg->reliable= 1
[91m [1776446561.103248] Client: [0m---before writing in log upd_msg->data.sensor_type= 2
[91m [1776446561.103253] Client: [0m---before writing in log upd_msg->data.sid= device_0
[91m [1776446561.103259] Client: [0m---after writing in log upd_msg->seq_no = 154
[91m [1776446561.103263] Client: [0m---after writing in log upd_msg->data.sensor_type = 2
[91m [1776446561.103268] Client: [0m---after writing in log upd_msg->reliable = 1
[91m [1776446561.762172] BSON Message: [0mInside sensor type parsing.
[91m [1776446561.762184] BSON Message: [0mInside sensor type parsing end.
[91m [1776446561.762190] BSON Message: [0mInside sid parsing
[91m [1776446561.762195] BSON Message: [0mInside gps1 parsing.
[91m [1776446561.762202] Client: [0m---before writing in log upd_msg->seq_no= 38
[91m [1776446561.762207] Client: [0m---before writing in log upd_msg->type= 4
[91m [1776446561.762211] Client: [0m---before writing in log upd_msg->frag_no= 0
[91m [1776446561.762216] Client: [0m---before writing in log upd_msg->reliable= 1
[91m [1776446561.762220] Client: [0m---before writing in log upd_msg->data.sensor_type= 3
[91m [1776446561.762225] Client: [0m---before writing in log upd_msg->data.sid= gps_2
[91m [1776446561.762232] Client: [0m---after writing in log upd_msg->seq_no = 38
[91m [1776446561.762236] Client: [0m---after writing in log upd_msg->data.sensor_type = 3
[91m [1776446561.762241] Client: [0m---after writing in log upd_msg->reliable = 1
[91m [1776446561.862163] BSON Message: [0mInside sensor type parsing.
[91m [1776446561.862173] BSON Message: [0mInside sensor type parsing end.
[91m [1776446561.862177] BSON Message: [0mInside sid parsing
[91m [1776446561.862182] BSON Message: [0mInside temp1 parsing.
[91m [1776446561.862188] Client: [0m---before writing in log upd_msg->seq_no= 370
[91m [1776446561.862194] Client: [0m---before writing in log upd_msg->type= 4
[91m [1776446561.862200] Client: [0m---before writing in log upd_msg->frag_no= 0
[91m [1776446561.862205] Client: [0m---before writing in log upd_msg->reliable= 1
[91m [1776446561.862210] Client: [0m---before writing in log upd_msg->data.sensor_type= 1
[91m [1776446561.862214] Client: [0m---before writing in log upd_msg->data.sid= temp_1
[91m [1776446561.862220] Client: [0m---after writing in log upd_msg->seq_no = 370
[91m [1776446561.862225] Client: [0m---after writing in log upd_msg->data.sensor_type = 1
[91m [1776446561.862230] Client: [0m---after writing in log upd_msg->reliable = 1
[91m [1776446562.6177] BSON Message: [0mInside sensor type parsing.
[91m [1776446562.6192] BSON Message: [0mInside sensor type parsing end.
[91m [1776446562.6200] BSON Message: [0mInside sid parsing
[91m [1776446562.6207] BSON Message: [0mInside temp1 parsing.
[91m [1776446562.6216] Client: [0m---before writing in log upd_msg->seq_no= 371
[91m [1776446562.6224] Client: [0m---before writing in log upd_msg->type= 4
[91m [1776446562.6230] Client: [0m---before writing in log upd_msg->frag_no= 0
[91m [1776446562.6244] Client: [0m---before writing in log upd_msg->reliable= 1
[91m [1776446562.6251] Client: [0m---before writing in log upd_msg->data.sensor_type= 1
[91m [1776446562.6258] Client: [0m---before writing in log upd_msg->data.sid= temp_1
[91m [1776446562.6266] Client: [0m---after writing in log upd_msg->seq_no = 371
[91m [1776446562.6273] Client: [0m---after writing in log upd_msg->data.sensor_type = 1
[91m [1776446562.6280] Client: [0m---after writing in log upd_msg->reliable = 1
[91m [1776446562.862084] BSON Message: [0mInside sensor type parsing.
[91m [1776446562.862092] BSON Message: [0mInside sensor type parsing end.
[91m [1776446562.862096] BSON Message: [0mInside sid parsing
[91m [1776446562.862101] BSON Message: [0mInside temp1 parsing.
[91m [1776446562.862105] Client: [0m---before writing in log upd_msg->seq_no= 372
[91m [1776446562.862110] Client: [0m---before writing in log upd_msg->type= 4
[91m [1776446562.862115] Client: [0m---before writing in log upd_msg->frag_no= 0
[91m [1776446562.862119] Client: [0m---before writing in log upd_msg->reliable= 1
[91m [1776446562.862123] Client: [0m---before writing in log upd_msg->data.sensor_type= 1
[91m [1776446562.862126] Client: [0m---before writing in log upd_msg->data.sid= temp_1
[91m [1776446562.862130] Client: [0m---after writing in log upd_msg->seq_no = 372
[91m [1776446562.862133] Client: [0m---after writing in log upd_msg->data.sensor_type = 1
[91m [1776446562.862136] Client: [0m---after writing in log upd_msg->reliable = 1
[91m [1776446563.6345] BSON Message: [0mInside sensor type parsing.
[91m [1776446563.6354] BSON Message: [0mInside sensor type parsing end.
[91m [1776446563.6359] BSON Message: [0mInside sid parsing
[91m [1776446563.6364] BSON Message: [0mInside temp1 parsing.
[91m [1776446563.6368] Client: [0m---before writing in log upd_msg->seq_no= 373
[91m [1776446563.6372] Client: [0m---before writing in log upd_msg->type= 4
[91m [1776446563.6375] Client: [0m---before writing in log upd_msg->frag_no= 0
[91m [1776446563.6378] Client: [0m---before writing in log upd_msg->reliable= 1
[91m [1776446563.6382] Client: [0m---before writing in log upd_msg->data.sensor_type= 1
[91m [1776446563.6386] Client: [0m---before writing in log upd_msg->data.sid= temp_1
[91m [1776446563.6390] Client: [0m---after writing in log upd_msg->seq_no = 373
[91m [1776446563.6395] Client: [0m---after writing in log upd_msg->data.sensor_type = 1
[91m [1776446563.6399] Client: [0m---after writing in log upd_msg->reliable = 1
[91m [1776446563.862910] BSON Message: [0mInside sensor type parsing.
[91m [1776446563.862964] BSON Message: [0mInside sensor type parsing end.
[91m [1776446563.862969] BSON Message: [0mInside sid parsing
[91m [1776446563.862973] BSON Message: [0mInside temp1 parsing.
[91m [1776446563.862977] Client: [0m---before writing in log upd_msg->seq_no= 374
[91m [1776446563.862981] Client: [0m---before writing in log upd_msg->type= 4
[91m [1776446563.862984] Client: [0m---before writing in log upd_msg->frag_no= 0
[91m [1776446563.862988] Client: [0m---before writing in log upd_msg->reliable= 1
[91m [1776446563.862993] Client: [0m---before writing in log upd_msg->data.sensor_type= 1
[91m [1776446563.862997] Client: [0m---before writing in log upd_msg->data.sid= temp_1
[91m [1776446563.863002] Client: [0m---after writing in log upd_msg->seq_no = 374
[91m [1776446563.863006] Client: [0m---after writing in log upd_msg->data.sensor_type = 1
[91m [1776446563.863011] Client: [0m---after writing in log upd_msg->reliable = 1
[91m [1776446564.6826] BSON Message: [0mInside sensor type parsing.
[91m [1776446564.6837] BSON Message: [0mInside sensor type parsing end.
[91m [1776446564.6842] BSON Message: [0mInside sid parsing
[91m [1776446564.6847] BSON Message: [0mInside temp1 parsing.
[91m [1776446564.6853] Client: [0m---before writing in log upd_msg->seq_no= 375
[91m [1776446564.6858] Client: [0m---before writing in log upd_msg->type= 4
[91m [1776446564.6867] Client: [0m---before writing in log upd_msg->frag_no= 0
[91m [1776446564.6871] Client: [0m---before writing in log upd_msg->reliable= 1
[91m [1776446564.6876] Client: [0m---before writing in log upd_msg->data.sensor_type= 1
[91m [1776446564.6880] Client: [0m---before writing in log upd_msg->data.sid= temp_1
[91m [1776446564.6886] Client: [0m---after writing in log upd_msg->seq_no = 375
[91m [1776446564.6891] Client: [0m---after writing in log upd_msg->data.sensor_type = 1
[91m [1776446564.6895] Client: [0m---after writing in log upd_msg->reliable = 1
[91m [1776446564.863185] BSON Message: [0mInside sensor type parsing.
[91m [1776446564.863199] BSON Message: [0mInside sensor type parsing end.
[91m [1776446564.863206] BSON Message: [0mInside sid parsing
[91m [1776446564.863214] BSON Message: [0mInside temp1 parsing.
[91m [1776446564.863223] Client: [0m---before writing in log upd_msg->seq_no= 376
[91m [1776446564.863231] Client: [0m---before writing in log upd_msg->type= 4
[91m [1776446564.863238] Client: [0m---before writing in log upd_msg->frag_no= 0
[91m [1776446564.863246] Client: [0m---before writing in log upd_msg->reliable= 1
[91m [1776446564.863253] Client: [0m---before writing in log upd_msg->data.sensor_type= 1
[91m [1776446564.863261] Client: [0m---before writing in log upd_msg->data.sid= temp_1
[91m [1776446564.863270] Client: [0m---after writing in log upd_msg->seq_no = 376
[91m [1776446564.863277] Client: [0m---after writing in log upd_msg->data.sensor_type = 1
[91m [1776446564.863286] Client: [0m---after writing in log upd_msg->reliable = 1
[91m [1776446564.956961] BSON Message: [0mInside sensor type parsing.
[91m [1776446564.956976] BSON Message: [0mInside sensor type parsing end.
[91m [1776446564.956986] BSON Message: [0mInside sid parsing
[91m [1776446564.956997] Client: [0m---before writing in log upd_msg->seq_no= 155
[91m [1776446564.957005] Client: [0m---before writing in log upd_msg->type= 4
[91m [1776446564.957014] Client: [0m---before writing in log upd_msg->frag_no= 0
[91m [1776446564.957023] Client: [0m---before writing in log upd_msg->reliable= 1
[91m [1776446564.957030] Client: [0m---before writing in log upd_msg->data.sensor_type= 2
[91m [1776446564.957038] Client: [0m---before writing in log upd_msg->data.sid= device_0
[91m [1776446564.957047] Client: [0m---after writing in log upd_msg->seq_no = 155
[91m [1776446564.957053] Client: [0m---after writing in log upd_msg->data.sensor_type = 2
[91m [1776446564.957059] Client: [0m---after writing in log upd_msg->reliable = 1
[91m [1776446565.7952] BSON Message: [0mInside sensor type parsing.
[91m [1776446565.7966] BSON Message: [0mInside sensor type parsing end.
[91m [1776446565.7975] BSON Message: [0mInside sid parsing
[91m [1776446565.7982] BSON Message: [0mInside temp1 parsing.
[91m [1776446565.7991] Client: [0m---before writing in log upd_msg->seq_no= 377
[91m [1776446565.7998] Client: [0m---before writing in log upd_msg->type= 4
[91m [1776446565.8005] Client: [0m---before writing in log upd_msg->frag_no= 0
[91m [1776446565.8013] Client: [0m---before writing in log upd_msg->reliable= 1
[91m [1776446565.8020] Client: [0m---before writing in log upd_msg->data.sensor_type= 1
[91m [1776446565.8027] Client: [0m---before writing in log upd_msg->data.sid= temp_1
[91m [1776446565.8036] Client: [0m---after writing in log upd_msg->seq_no = 377
[91m [1776446565.8043] Client: [0m---after writing in log upd_msg->data.sensor_type = 1
[91m [1776446565.8050] Client: [0m---after writing in log upd_msg->reliable = 1
[91m [1776446565.740963] BSON Message: [0mInside sensor type parsing.
[91m [1776446565.740981] BSON Message: [0mInside sensor type parsing end.
[91m [1776446565.740989] BSON Message: [0mInside sid parsing
[91m [1776446565.740997] Client: [0m---before writing in log upd_msg->seq_no= 156
[91m [1776446565.741004] Client: [0m---before writing in log upd_msg->type= 4
[91m [1776446565.741011] Client: [0m---before writing in log upd_msg->frag_no= 0
[91m [1776446565.741024] Client: [0m---before writing in log upd_msg->reliable= 1
[91m [1776446565.741028] Client: [0m---before writing in log upd_msg->data.sensor_type= 2
[91m [1776446565.741032] Client: [0m---before writing in log upd_msg->data.sid= device_0
[91m [1776446565.741037] Client: [0m---after writing in log upd_msg->seq_no = 156
[91m [1776446565.741041] Client: [0m---after writing in log upd_msg->data.sensor_type = 2
[91m [1776446565.741045] Client: [0m---after writing in log upd_msg->reliable = 1
[91m [1776446565.863303] BSON Message: [0mInside sensor type parsing.
[91m [1776446565.863312] BSON Message: [0mInside sensor type parsing end.
[91m [1776446565.863317] BSON Message: [0mInside sid parsing
[91m [1776446565.863321] BSON Message: [0mInside temp1 parsing.
[91m [1776446565.863326] Client: [0m---before writing in log upd_msg->seq_no= 378
[91m [1776446565.863331] Client: [0m---before writing in log upd_msg->type= 4
[91m [1776446565.863335] Client: [0m---before writing in log upd_msg->frag_no= 0
[91m [1776446565.863340] Client: [0m---before writing in log upd_msg->reliable= 1
[91m [1776446565.863343] Client: [0m---before writing in log upd_msg->data.sensor_type= 1
[91m [1776446565.863346] Client: [0m---before writing in log upd_msg->data.sid= temp_1
[91m [1776446565.863350] Client: [0m---after writing in log upd_msg->seq_no = 378
[91m [1776446565.863353] Client: [0m---after writing in log upd_msg->data.sensor_type = 1
[91m [1776446565.863357] Client: [0m---after writing in log upd_msg->reliable = 1
[91m [1776446566.7673] BSON Message: [0mInside sensor type parsing.
[91m [1776446566.7684] BSON Message: [0mInside sensor type parsing end.
[91m [1776446566.7688] BSON Message: [0mInside sid parsing
[91m [1776446566.7692] BSON Message: [0mInside temp1 parsing.
[91m [1776446566.7698] Client: [0m---before writing in log upd_msg->seq_no= 379
[91m [1776446566.7702] Client: [0m---before writing in log upd_msg->type= 4
[91m [1776446566.7706] Client: [0m---before writing in log upd_msg->frag_no= 0
[91m [1776446566.7710] Client: [0m---before writing in log upd_msg->reliable= 1
[91m [1776446566.7715] Client: [0m---before writing in log upd_msg->data.sensor_type= 1
[91m [1776446566.7719] Client: [0m---before writing in log upd_msg->data.sid= temp_1
[91m [1776446566.7724] Client: [0m---after writing in log upd_msg->seq_no = 379
[91m [1776446566.7728] Client: [0m---after writing in log upd_msg->data.sensor_type = 1
[91m [1776446566.7732] Client: [0m---after writing in log upd_msg->reliable = 1
[91m [1776446566.59107] BSON Message: [0mInside sensor type parsing.
[91m [1776446566.59120] BSON Message: [0mInside sensor type parsing end.
[91m [1776446566.59126] BSON Message: [0mInside sid parsing
[91m [1776446566.59132] Client: [0m---before writing in log upd_msg->seq_no= 157
[91m [1776446566.59136] Client: [0m---before writing in log upd_msg->type= 4
[91m [1776446566.59140] Client: [0m---before writing in log upd_msg->frag_no= 0
[91m [1776446566.59144] Client: [0m---before writing in log upd_msg->reliable= 1
[91m [1776446566.59148] Client: [0m---before writing in log upd_msg->data.sensor_type= 2
[91m [1776446566.59152] Client: [0m---before writing in log upd_msg->data.sid= device_0
[91m [1776446566.59157] Client: [0m---after writing in log upd_msg->seq_no = 157
[91m [1776446566.59161] Client: [0m---after writing in log upd_msg->data.sensor_type = 2
[91m [1776446566.59165] Client: [0m---after writing in log upd_msg->reliable = 1
[91m [1776446566.863609] BSON Message: [0mInside sensor type parsing.
[91m [1776446566.863620] BSON Message: [0mInside sensor type parsing end.
[91m [1776446566.863625] BSON Message: [0mInside sid parsing
[91m [1776446566.863630] BSON Message: [0mInside temp1 parsing.
[91m [1776446566.863636] Client: [0m---before writing in log upd_msg->seq_no= 380
[91m [1776446566.863642] Client: [0m---before writing in log upd_msg->type= 4
[91m [1776446566.863646] Client: [0m---before writing in log upd_msg->frag_no= 0
[91m [1776446566.863657] Client: [0m---before writing in log upd_msg->reliable= 1
[91m [1776446566.863662] Client: [0m---before writing in log upd_msg->data.sensor_type= 1
[91m [1776446566.863667] Client: [0m---before writing in log upd_msg->data.sid= temp_1
[91m [1776446566.863672] Client: [0m---after writing in log upd_msg->seq_no = 380
[91m [1776446566.863677] Client: [0m---after writing in log upd_msg->data.sensor_type = 1
[91m [1776446566.863681] Client: [0m---after writing in log upd_msg->reliable = 1
[91m [1776446567.7565] BSON Message: [0mInside sensor type parsing.
[91m [1776446567.7575] BSON Message: [0mInside sensor type parsing end.
[91m [1776446567.7580] BSON Message: [0mInside sid parsing
[91m [1776446567.7584] BSON Message: [0mInside temp1 parsing.
[91m [1776446567.7589] Client: [0m---before writing in log upd_msg->seq_no= 381
[91m [1776446567.7593] Client: [0m---before writing in log upd_msg->type= 4
[91m [1776446567.7597] Client: [0m---before writing in log upd_msg->frag_no= 0
[91m [1776446567.7601] Client: [0m---before writing in log upd_msg->reliable= 1
[91m [1776446567.7605] Client: [0m---before writing in log upd_msg->data.sensor_type= 1
[91m [1776446567.7609] Client: [0m---before writing in log upd_msg->data.sid= temp_1
[91m [1776446567.7614] Client: [0m---after writing in log upd_msg->seq_no = 381
[91m [1776446567.7618] Client: [0m---after writing in log upd_msg->data.sensor_type = 1
[91m [1776446567.7622] Client: [0m---after writing in log upd_msg->reliable = 1
[91m [1776446567.258150] BSON Message: [0mInside sensor type parsing.
[91m [1776446567.258161] BSON Message: [0mInside sensor type parsing end.
[91m [1776446567.258166] BSON Message: [0mInside sid parsing
[91m [1776446567.258172] Client: [0m---before writing in log upd_msg->seq_no= 158
[91m [1776446567.258176] Client: [0m---before writing in log upd_msg->type= 4
[91m [1776446567.258179] Client: [0m---before writing in log upd_msg->frag_no= 0
[91m [1776446567.258184] Client: [0m---before writing in log upd_msg->reliable= 1
[91m [1776446567.258187] Client: [0m---before writing in log upd_msg->data.sensor_type= 2
[91m [1776446567.258191] Client: [0m---before writing in log upd_msg->data.sid= device_0
[91m [1776446567.258195] Client: [0m---after writing in log upd_msg->seq_no = 158
[91m [1776446567.258199] Client: [0m---after writing in log upd_msg->data.sensor_type = 2
[91m [1776446567.258203] Client: [0m---after writing in log upd_msg->reliable = 1
[91m [1776446567.863826] BSON Message: [0mInside sensor type parsing.
[91m [1776446567.863834] BSON Message: [0mInside sensor type parsing end.
[91m [1776446567.863838] BSON Message: [0mInside sid parsing
[91m [1776446567.863843] BSON Message: [0mInside temp1 parsing.
[91m [1776446567.863849] Client: [0m---before writing in log upd_msg->seq_no= 382
[91m [1776446567.863853] Client: [0m---before writing in log upd_msg->type= 4
[91m [1776446567.863857] Client: [0m---before writing in log upd_msg->frag_no= 0
[91m [1776446567.863862] Client: [0m---before writing in log upd_msg->reliable= 1
[91m [1776446567.863866] Client: [0m---before writing in log upd_msg->data.sensor_type= 1
[91m [1776446567.863870] Client: [0m---before writing in log upd_msg->data.sid= temp_1
[91m [1776446567.863875] Client: [0m---after writing in log upd_msg->seq_no = 382
[91m [1776446567.863879] Client: [0m---after writing in log upd_msg->data.sensor_type = 1
[91m [1776446567.863883] Client: [0m---after writing in log upd_msg->reliable = 1
[91m [1776446568.13251] BSON Message: [0mInside sensor type parsing.
[91m [1776446568.13262] BSON Message: [0mInside sensor type parsing end.
[91m [1776446568.13266] BSON Message: [0mInside sid parsing
[91m [1776446568.13272] BSON Message: [0mInside temp1 parsing.
[91m [1776446568.13279] Client: [0m---before writing in log upd_msg->seq_no= 383
[91m [1776446568.13285] Client: [0m---before writing in log upd_msg->type= 4
[91m [1776446568.13288] Client: [0m---before writing in log upd_msg->frag_no= 0
[91m [1776446568.13296] Client: [0m---before writing in log upd_msg->reliable= 1
[91m [1776446568.13299] Client: [0m---before writing in log upd_msg->data.sensor_type= 1
[91m [1776446568.13303] Client: [0m---before writing in log upd_msg->data.sid= temp_1
[91m [1776446568.13307] Client: [0m---after writing in log upd_msg->seq_no = 383
[91m [1776446568.13311] Client: [0m---after writing in log upd_msg->data.sensor_type = 1
[91m [1776446568.13315] Client: [0m---after writing in log upd_msg->reliable = 1
[91m [1776446568.864482] BSON Message: [0mInside sensor type parsing.
[91m [1776446568.864493] BSON Message: [0mInside sensor type parsing end.
[91m [1776446568.864500] BSON Message: [0mInside sid parsing
[91m [1776446568.864505] BSON Message: [0mInside temp1 parsing.
[91m [1776446568.864510] Client: [0m---before writing in log upd_msg->seq_no= 384
[91m [1776446568.864514] Client: [0m---before writing in log upd_msg->type= 4
[91m [1776446568.864518] Client: [0m---before writing in log upd_msg->frag_no= 0
[91m [1776446568.864522] Client: [0m---before writing in log upd_msg->reliable= 1
[91m [1776446568.864526] Client: [0m---before writing in log upd_msg->data.sensor_type= 1
[91m [1776446568.864530] Client: [0m---before writing in log upd_msg->data.sid= temp_1
[91m [1776446568.864535] Client: [0m---after writing in log upd_msg->seq_no = 384
[91m [1776446568.864539] Client: [0m---after writing in log upd_msg->data.sensor_type = 1
[91m [1776446568.864543] Client: [0m---after writing in log upd_msg->reliable = 1
[91m [1776446569.8543] BSON Message: [0mInside sensor type parsing.
[91m [1776446569.8556] BSON Message: [0mInside sensor type parsing end.
[91m [1776446569.8561] BSON Message: [0mInside sid parsing
[91m [1776446569.8565] BSON Message: [0mInside temp1 parsing.
[91m [1776446569.8571] Client: [0m---before writing in log upd_msg->seq_no= 385
[91m [1776446569.8576] Client: [0m---before writing in log upd_msg->type= 4
[91m [1776446569.8580] Client: [0m---before writing in log upd_msg->frag_no= 0
[91m [1776446569.8585] Client: [0m---before writing in log upd_msg->reliable= 1
[91m [1776446569.8589] Client: [0m---before writing in log upd_msg->data.sensor_type= 1
[91m [1776446569.8593] Client: [0m---before writing in log upd_msg->data.sid= temp_1
[91m [1776446569.8598] Client: [0m---after writing in log upd_msg->seq_no = 385
[91m [1776446569.8602] Client: [0m---after writing in log upd_msg->data.sensor_type = 1
[91m [1776446569.8606] Client: [0m---after writing in log upd_msg->reliable = 1
[91m [1776446569.191590] BSON Message: [0mInside sensor type parsing.
[91m [1776446569.191601] BSON Message: [0mInside sensor type parsing end.
[91m [1776446569.191605] BSON Message: [0mInside sid parsing
[91m [1776446569.191610] Client: [0m---before writing in log upd_msg->seq_no= 159
[91m [1776446569.191614] Client: [0m---before writing in log upd_msg->type= 4
[91m [1776446569.191617] Client: [0m---before writing in log upd_msg->frag_no= 0
[91m [1776446569.191621] Client: [0m---before writing in log upd_msg->reliable= 1
[91m [1776446569.191625] Client: [0m---before writing in log upd_msg->data.sensor_type= 2
[91m [1776446569.191629] Client: [0m---before writing in log upd_msg->data.sid= device_0
[91m [1776446569.191634] Client: [0m---after writing in log upd_msg->seq_no = 159
[91m [1776446569.191638] Client: [0m---after writing in log upd_msg->data.sensor_type = 2
[91m [1776446569.191642] Client: [0m---after writing in log upd_msg->reliable = 1
[91m [1776446569.838977] BSON Message: [0mInside sensor type parsing.
[91m [1776446569.838988] BSON Message: [0mInside sensor type parsing end.
[91m [1776446569.838993] BSON Message: [0mInside sid parsing
[91m [1776446569.838999] Client: [0m---before writing in log upd_msg->seq_no= 160
[91m [1776446569.839004] Client: [0m---before writing in log upd_msg->type= 4
[91m [1776446569.839008] Client: [0m---before writing in log upd_msg->frag_no= 0
[91m [1776446569.839013] Client: [0m---before writing in log upd_msg->reliable= 1
[91m [1776446569.839023] Client: [0m---before writing in log upd_msg->data.sensor_type= 2
[91m [1776446569.839028] Client: [0m---before writing in log upd_msg->data.sid= device_0
[91m [1776446569.839033] Client: [0m---after writing in log upd_msg->seq_no = 160
[91m [1776446569.839038] Client: [0m---after writing in log upd_msg->data.sensor_type = 2
[91m [1776446569.839042] Client: [0m---after writing in log upd_msg->reliable = 1
[91m [1776446569.864296] BSON Message: [0mInside sensor type parsing.
[91m [1776446569.864307] BSON Message: [0mInside sensor type parsing end.
[91m [1776446569.864312] BSON Message: [0mInside sid parsing
[91m [1776446569.864317] BSON Message: [0mInside temp1 parsing.
[91m [1776446569.864324] Client: [0m---before writing in log upd_msg->seq_no= 386
[91m [1776446569.864329] Client: [0m---before writing in log upd_msg->type= 4
[91m [1776446569.864334] Client: [0m---before writing in log upd_msg->frag_no= 0
[91m [1776446569.864339] Client: [0m---before writing in log upd_msg->reliable= 1
[91m [1776446569.864343] Client: [0m---before writing in log upd_msg->data.sensor_type= 1
[91m [1776446569.864349] Client: [0m---before writing in log upd_msg->data.sid= temp_1
[91m [1776446569.864355] Client: [0m---after writing in log upd_msg->seq_no = 386
[91m [1776446569.864360] Client: [0m---after writing in log upd_msg->data.sensor_type = 1
[91m [1776446569.864365] Client: [0m---after writing in log upd_msg->reliable = 1
[91m [1776446570.8501] BSON Message: [0mInside sensor type parsing.
[91m [1776446570.8513] BSON Message: [0mInside sensor type parsing end.
[91m [1776446570.8520] BSON Message: [0mInside sid parsing
[91m [1776446570.8526] BSON Message: [0mInside temp1 parsing.
[91m [1776446570.8533] Client: [0m---before writing in log upd_msg->seq_no= 387
[91m [1776446570.8539] Client: [0m---before writing in log upd_msg->type= 4
[91m [1776446570.8544] Client: [0m---before writing in log upd_msg->frag_no= 0
[91m [1776446570.8551] Client: [0m---before writing in log upd_msg->reliable= 1
[91m [1776446570.8556] Client: [0m---before writing in log upd_msg->data.sensor_type= 1
[91m [1776446570.8561] Client: [0m---before writing in log upd_msg->data.sid= temp_1
[91m [1776446570.8568] Client: [0m---after writing in log upd_msg->seq_no = 387
[91m [1776446570.8574] Client: [0m---after writing in log upd_msg->data.sensor_type = 1
[91m [1776446570.8579] Client: [0m---after writing in log upd_msg->reliable = 1
[91m [1776446570.730563] BSON Message: [0mInside sensor type parsing.
[91m [1776446570.730574] BSON Message: [0mInside sensor type parsing end.
[91m [1776446570.730579] BSON Message: [0mInside sid parsing
[91m [1776446570.730586] BSON Message: [0mInside gps1 parsing.
[91m [1776446570.730591] Client: [0m---before writing in log upd_msg->seq_no= 39
[91m [1776446570.730596] Client: [0m---before writing in log upd_msg->type= 4
[91m [1776446570.730601] Client: [0m---before writing in log upd_msg->frag_no= 0
[91m [1776446570.730606] Client: [0m---before writing in log upd_msg->reliable= 1
[91m [1776446570.730610] Client: [0m---before writing in log upd_msg->data.sensor_type= 3
[91m [1776446570.730614] Client: [0m---before writing in log upd_msg->data.sid= gps_2
[91m [1776446570.730621] Client: [0m---after writing in log upd_msg->seq_no = 39
[91m [1776446570.730625] Client: [0m---after writing in log upd_msg->data.sensor_type = 3
[91m [1776446570.730630] Client: [0m---after writing in log upd_msg->reliable = 1
[91m [1776446570.864557] BSON Message: [0mInside sensor type parsing.
[91m [1776446570.864569] BSON Message: [0mInside sensor type parsing end.
[91m [1776446570.864574] BSON Message: [0mInside sid parsing
[91m [1776446570.864579] BSON Message: [0mInside temp1 parsing.
[91m [1776446570.864584] Client: [0m---before writing in log upd_msg->seq_no= 388
[91m [1776446570.864588] Client: [0m---before writing in log upd_msg->type= 4
[91m [1776446570.864591] Client: [0m---before writing in log upd_msg->frag_no= 0
[91m [1776446570.864600] Client: [0m---before writing in log upd_msg->reliable= 1
[91m [1776446570.864604] Client: [0m---before writing in log upd_msg->data.sensor_type= 1
[91m [1776446570.864608] Client: [0m---before writing in log upd_msg->data.sid= temp_1
[91m [1776446570.864613] Client: [0m---after writing in log upd_msg->seq_no = 388
[91m [1776446570.864616] Client: [0m---after writing in log upd_msg->data.sensor_type = 1
[91m [1776446570.864620] Client: [0m---after writing in log upd_msg->reliable = 1
[91m [1776446571.8924] BSON Message: [0mInside sensor type parsing.
[91m [1776446571.8937] BSON Message: [0mInside sensor type parsing end.
[91m [1776446571.8942] BSON Message: [0mInside sid parsing
[91m [1776446571.8948] BSON Message: [0mInside temp1 parsing.
[91m [1776446571.8954] Client: [0m---before writing in log upd_msg->seq_no= 389
[91m [1776446571.8959] Client: [0m---before writing in log upd_msg->type= 4
[91m [1776446571.8964] Client: [0m---before writing in log upd_msg->frag_no= 0
[91m [1776446571.8970] Client: [0m---before writing in log upd_msg->reliable= 1
[91m [1776446571.8975] Client: [0m---before writing in log upd_msg->data.sensor_type= 1
[91m [1776446571.8978] Client: [0m---before writing in log upd_msg->data.sid= temp_1
[91m [1776446571.8983] Client: [0m---after writing in log upd_msg->seq_no = 389
[91m [1776446571.8988] Client: [0m---after writing in log upd_msg->data.sensor_type = 1
[91m [1776446571.8994] Client: [0m---after writing in log upd_msg->reliable = 1
[91m [1776446571.733251] BSON Message: [0mInside sensor type parsing.
[91m [1776446571.733261] BSON Message: [0mInside sensor type parsing end.
[91m [1776446571.733266] BSON Message: [0mInside sid parsing
[91m [1776446571.733272] Client: [0m---before writing in log upd_msg->seq_no= 161
[91m [1776446571.733277] Client: [0m---before writing in log upd_msg->type= 4
[91m [1776446571.733281] Client: [0m---before writing in log upd_msg->frag_no= 0
[91m [1776446571.733286] Client: [0m---before writing in log upd_msg->reliable= 1
[91m [1776446571.733290] Client: [0m---before writing in log upd_msg->data.sensor_type= 2
[91m [1776446571.733295] Client: [0m---before writing in log upd_msg->data.sid= device_0
[91m [1776446571.733300] Client: [0m---after writing in log upd_msg->seq_no = 161
[91m [1776446571.733304] Client: [0m---after writing in log upd_msg->data.sensor_type = 2
[91m [1776446571.733309] Client: [0m---after writing in log upd_msg->reliable = 1
[91m [1776446571.864945] BSON Message: [0mInside sensor type parsing.
[91m [1776446571.864958] BSON Message: [0mInside sensor type parsing end.
[91m [1776446571.864964] BSON Message: [0mInside sid parsing
[91m [1776446571.864969] BSON Message: [0mInside temp1 parsing.
[91m [1776446571.864976] Client: [0m---before writing in log upd_msg->seq_no= 390
[91m [1776446571.864981] Client: [0m---before writing in log upd_msg->type= 4
[91m [1776446571.864985] Client: [0m---before writing in log upd_msg->frag_no= 0
[91m [1776446571.864990] Client: [0m---before writing in log upd_msg->reliable= 1
[91m [1776446571.864994] Client: [0m---before writing in log upd_msg->data.sensor_type= 1
[91m [1776446571.864999] Client: [0m---before writing in log upd_msg->data.sid= temp_1
[91m [1776446571.865004] Client: [0m---after writing in log upd_msg->seq_no = 390
[91m [1776446571.865008] Client: [0m---after writing in log upd_msg->data.sensor_type = 1
[91m [1776446571.865012] Client: [0m---after writing in log upd_msg->reliable = 1
[91m [1776446572.9945] BSON Message: [0mInside sensor type parsing.
[91m [1776446572.9956] BSON Message: [0mInside sensor type parsing end.
[91m [1776446572.9961] BSON Message: [0mInside sid parsing
[91m [1776446572.9965] BSON Message: [0mInside temp1 parsing.
[91m [1776446572.9970] Client: [0m---before writing in log upd_msg->seq_no= 391
[91m [1776446572.9973] Client: [0m---before writing in log upd_msg->type= 4
[91m [1776446572.9977] Client: [0m---before writing in log upd_msg->frag_no= 0
[91m [1776446572.9986] Client: [0m---before writing in log upd_msg->reliable= 1
[91m [1776446572.9990] Client: [0m---before writing in log upd_msg->data.sensor_type= 1
[91m [1776446572.9994] Client: [0m---before writing in log upd_msg->data.sid= temp_1
[91m [1776446572.9999] Client: [0m---after writing in log upd_msg->seq_no = 391
[91m [1776446572.10002] Client: [0m---after writing in log upd_msg->data.sensor_type = 1
[91m [1776446572.10006] Client: [0m---after writing in log upd_msg->reliable = 1
[91m [1776446572.865200] BSON Message: [0mInside sensor type parsing.
[91m [1776446572.865209] BSON Message: [0mInside sensor type parsing end.
[91m [1776446572.865213] BSON Message: [0mInside sid parsing
[91m [1776446572.865218] BSON Message: [0mInside temp1 parsing.
[91m [1776446572.865223] Client: [0m---before writing in log upd_msg->seq_no= 392
[91m [1776446572.865227] Client: [0m---before writing in log upd_msg->type= 4
[91m [1776446572.865231] Client: [0m---before writing in log upd_msg->frag_no= 0
[91m [1776446572.865235] Client: [0m---before writing in log upd_msg->reliable= 1
[91m [1776446572.865238] Client: [0m---before writing in log upd_msg->data.sensor_type= 1
[91m [1776446572.865242] Client: [0m---before writing in log upd_msg->data.sid= temp_1
[91m [1776446572.865248] Client: [0m---after writing in log upd_msg->seq_no = 392
[91m [1776446572.865252] Client: [0m---after writing in log upd_msg->data.sensor_type = 1
[91m [1776446572.865257] Client: [0m---after writing in log upd_msg->reliable = 1
[91m [1776446572.999979] BSON Message: [0mInside sensor type parsing.
[91m [1776446572.999990] BSON Message: [0mInside sensor type parsing end.
[91m [1776446572.999995] BSON Message: [0mInside sid parsing
[91m [1776446573.00] Client: [0m---before writing in log upd_msg->seq_no= 162
[91m [1776446573.05] Client: [0m---before writing in log upd_msg->type= 4
[91m [1776446573.10] Client: [0m---before writing in log upd_msg->frag_no= 0
[91m [1776446573.14] Client: [0m---before writing in log upd_msg->reliable= 1
[91m [1776446573.19] Client: [0m---before writing in log upd_msg->data.sensor_type= 2
[91m [1776446573.24] Client: [0m---before writing in log upd_msg->data.sid= device_0
[91m [1776446573.30] Client: [0m---after writing in log upd_msg->seq_no = 162
[91m [1776446573.35] Client: [0m---after writing in log upd_msg->data.sensor_type = 2
[91m [1776446573.39] Client: [0m---after writing in log upd_msg->reliable = 1
[91m [1776446573.9318] BSON Message: [0mInside sensor type parsing.
[91m [1776446573.9327] BSON Message: [0mInside sensor type parsing end.
[91m [1776446573.9331] BSON Message: [0mInside sid parsing
[91m [1776446573.9336] BSON Message: [0mInside temp1 parsing.
[91m [1776446573.9340] Client: [0m---before writing in log upd_msg->seq_no= 393
[91m [1776446573.9345] Client: [0m---before writing in log upd_msg->type= 4
[91m [1776446573.9348] Client: [0m---before writing in log upd_msg->frag_no= 0
[91m [1776446573.9352] Client: [0m---before writing in log upd_msg->reliable= 1
[91m [1776446573.9356] Client: [0m---before writing in log upd_msg->data.sensor_type= 1
[91m [1776446573.9359] Client: [0m---before writing in log upd_msg->data.sid= temp_1
[91m [1776446573.9364] Client: [0m---after writing in log upd_msg->seq_no = 393
[91m [1776446573.9368] Client: [0m---after writing in log upd_msg->data.sensor_type = 1
[91m [1776446573.9373] Client: [0m---after writing in log upd_msg->reliable = 1
[91m [1776446573.865704] BSON Message: [0mInside sensor type parsing.
[91m [1776446573.865716] BSON Message: [0mInside sensor type parsing end.
[91m [1776446573.865720] BSON Message: [0mInside sid parsing
[91m [1776446573.865726] BSON Message: [0mInside temp1 parsing.
[91m [1776446573.865732] Client: [0m---before writing in log upd_msg->seq_no= 394
[91m [1776446573.865736] Client: [0m---before writing in log upd_msg->type= 4
[91m [1776446573.865742] Client: [0m---before writing in log upd_msg->frag_no= 0
[91m [1776446573.865752] Client: [0m---before writing in log upd_msg->reliable= 1
[91m [1776446573.865758] Client: [0m---before writing in log upd_msg->data.sensor_type= 1
[91m [1776446573.865762] Client: [0m---before writing in log upd_msg->data.sid= temp_1
[91m [1776446573.865768] Client: [0m---after writing in log upd_msg->seq_no = 394
[91m [1776446573.865772] Client: [0m---after writing in log upd_msg->data.sensor_type = 1
[91m [1776446573.865777] Client: [0m---after writing in log upd_msg->reliable = 1
[91m [1776446573.916858] BSON Message: [0mInside sensor type parsing.
[91m [1776446573.916870] BSON Message: [0mInside sensor type parsing end.
[91m [1776446573.916875] BSON Message: [0mInside sid parsing
a message from the server.
Message type is 4
---------Update message arrived------------ 1
Got a message from the server.
Message type is 4
---------Update message arrived------------ 1
Got a message from the server.
Message type is 4
---------Update message arrived------------ 1
Got a message from the server.
Message type is 4
---------Update message arrived------------ 1
Got a message from the server.
Message type is 4
---------Update message arrived------------ 1
Got a message from the server.
Message type is 4
---------Update message arrived------------ 1
Got a message from the server.
Message type is 4
---------Update message arrived------------ 1
Got a message from the server.
Message type is 4
---------Update message arrived------------ 1
Got a message from the server.
Message type is 4
---------Update message arrived------------ 1
Got a message from the server.
Message type is 4
---------Update message arrived------------ 1
Got a message from the server.
Message type is 4
---------Update message arrived------------ 1
Got a message from the server.
Message type is 4
---------Update message arrived------------ 1
Got a message from the server.
Message type is 4
---------Update message arrived------------ 1
Got a message from the server.
Message type is 4
---------Update message arrived------------ 1
Got a message from the server.
Message type is 4
---------Update message arrived------------ 1
Got a message from the server.
Message type is 4
---------Update message arrived------------ 1
Got a message from the server.
Message type is 4
---------Update message arrived------------ 1
Got a message from the server.
Message type is 4
---------Update message arrived------------ 1
Got a message from the server.
Message type is 4
---------Update message arrived------------ 1
Got a message from the server.
Message type is 4
---------Update message arrived------------ 1
Got a message from the server.
Message type is 4
---------Update message arrived------------ 1
Got a message from the server.
Message type is 4
---------Update message arrived------------ 1
Got a message from the server.
Message type is 4
---------Update message arrived------------ 1
Got a message from the server.
Message type is 4
---------Update message arrived------------ 1
Got a message from the server.
Message type is 4
---------Update message arrived------------ 1
Got a message from the server.
Message type is 4
---------Update message arrived------------ 1
Got a message from the server.
Message type is 4
---------Update message arrived------------ 1
Got a message from the server.
Message type is 4
---------Update message arrived------------ 1
Got a message from the server.
Message type is 4
---------Update message arrived------------ 1
Got a message from the server.
Message type is 4
---------Update message arrived------------ 1
Got a message from the server.
Message type is 4
---------Update message arrived------------ 1
Got a message from the server.
Message type is 4
---------Update message arrived------------ 1
Got a message from the server.
Message type is 4
---------Update message arrived------------ 1
Got a message from the server.
Message type is 4
---------Update message arrived------------ 1
Got a message from the server.
Message type is 4
---------Update message arrived------------ 1
Got a message from the server.
Message type is 4
---------Update message arrived------------ 1
Got a message from the server.
Message type is 4
---------Update message arrived------------ 1
Got a message from the server.
Message type is 4
---------Update message arrived------------ 1
Got a message from the server.
Message type is 4
---------Update message arrived------------ 1
Got a message from the server.
Message type is 4
---------Update message arrived------------ 1
Got a message from the server.
Message type is 4
---------Update message arrived------------ 1
Got a message from the server.
Message type is 4
---------Update message arrived------------ 1
Got a message from the server.
Message type is 4
---------Update message arrived------------ 1
Got a message f[91m [1776446573.916888] Client: [0m---before writing in log upd_msg->seq_no= 163
[91m [1776446573.916891] Client: [0m---before writing in log upd_msg->type= 4
[91m [1776446573.916895] Client: [0m---before writing in log upd_msg->frag_no= 0
[91m [1776446573.916900] Client: [0m---before writing in log upd_msg->reliable= 1
[91m [1776446573.916904] Client: [0m---before writing in log upd_msg->data.sensor_type= 2
[91m [1776446573.916907] Client: [0m---before writing in log upd_msg->data.sid= device_0
[91m [1776446573.916912] Client: [0m---after writing in log upd_msg->seq_no = 163
[91m [1776446573.916922] Client: [0m---after writing in log upd_msg->data.sensor_type = 2
[91m [1776446573.916928] Client: [0m---after writing in log upd_msg->reliable = 1
[91m [1776446574.9636] BSON Message: [0mInside sensor type parsing.
[91m [1776446574.9645] BSON Message: [0mInside sensor type parsing end.
[91m [1776446574.9652] BSON Message: [0mInside sid parsing
[91m [1776446574.9658] BSON Message: [0mInside temp1 parsing.
[91m [1776446574.9663] Client: [0m---before writing in log upd_msg->seq_no= 395
[91m [1776446574.9668] Client: [0m---before writing in log upd_msg->type= 4
[91m [1776446574.9672] Client: [0m---before writing in log upd_msg->frag_no= 0
[91m [1776446574.9676] Client: [0m---before writing in log upd_msg->reliable= 1
[91m [1776446574.9680] Client: [0m---before writing in log upd_msg->data.sensor_type= 1
[91m [1776446574.9683] Client: [0m---before writing in log upd_msg->data.sid= temp_1
[91m [1776446574.9688] Client: [0m---after writing in log upd_msg->seq_no = 395
[91m [1776446574.9692] Client: [0m---after writing in log upd_msg->data.sensor_type = 1
[91m [1776446574.9696] Client: [0m---after writing in log upd_msg->reliable = 1
[91m [1776446574.865767] BSON Message: [0mInside sensor type parsing.
[91m [1776446574.865779] BSON Message: [0mInside sensor type parsing end.
[91m [1776446574.865783] BSON Message: [0mInside sid parsing
[91m [1776446574.865787] BSON Message: [0mInside temp1 parsing.
[91m [1776446574.865794] Client: [0m---before writing in log upd_msg->seq_no= 396
[91m [1776446574.865800] Client: [0m---before writing in log upd_msg->type= 4
[91m [1776446574.865807] Client: [0m---before writing in log upd_msg->frag_no= 0
[91m [1776446574.865814] Client: [0m---before writing in log upd_msg->reliable= 1
[91m [1776446574.865819] Client: [0m---before writing in log upd_msg->data.sensor_type= 1
[91m [1776446574.865825] Client: [0m---before writing in log upd_msg->data.sid= temp_1
[91m [1776446574.865832] Client: [0m---after writing in log upd_msg->seq_no = 396
[91m [1776446574.865837] Client: [0m---after writing in log upd_msg->data.sensor_type = 1
[91m [1776446574.865842] Client: [0m---after writing in log upd_msg->reliable = 1
[91m [1776446575.12727] BSON Message: [0mInside sensor type parsing.
[91m [1776446575.12737] BSON Message: [0mInside sensor type parsing end.
[91m [1776446575.12742] BSON Message: [0mInside sid parsing
[91m [1776446575.12747] BSON Message: [0mInside temp1 parsing.
[91m [1776446575.12752] Client: [0m---before writing in log upd_msg->seq_no= 397
[91m [1776446575.12756] Client: [0m---before writing in log upd_msg->type= 4
[91m [1776446575.12761] Client: [0m---before writing in log upd_msg->frag_no= 0
[91m [1776446575.12769] Client: [0m---before writing in log upd_msg->reliable= 1
[91m [1776446575.12773] Client: [0m---before writing in log upd_msg->data.sensor_type= 1
[91m [1776446575.12778] Client: [0m---before writing in log upd_msg->data.sid= temp_1
[91m [1776446575.12783] Client: [0m---after writing in log upd_msg->seq_no = 397
[91m [1776446575.12787] Client: [0m---after writing in log upd_msg->data.sensor_type = 1
[91m [1776446575.12791] Client: [0m---after writing in log upd_msg->reliable = 1
[91m [1776446575.866002] BSON Message: [0mInside sensor type parsing.
[91m [1776446575.866018] BSON Message: [0mInside sensor type parsing end.
[91m [1776446575.866025] BSON Message: [0mInside sid parsing
[91m [1776446575.866045] BSON Message: [0mInside temp1 parsing.
[91m [1776446575.866051] Client: [0m---before writing in log upd_msg->seq_no= 398
[91m [1776446575.866058] Client: [0m---before writing in log upd_msg->type= 4
[91m [1776446575.866063] Client: [0m---before writing in log upd_msg->frag_no= 0
[91m [1776446575.866069] Client: [0m---before writing in log upd_msg->reliable= 1
[91m [1776446575.866075] Client: [0m---before writing in log upd_msg->data.sensor_type= 1
[91m [1776446575.866081] Client: [0m---before writing in log upd_msg->data.sid= temp_1
[91m [1776446575.866088] Client: [0m---after writing in log upd_msg->seq_no = 398
[91m [1776446575.866094] Client: [0m---after writing in log upd_msg->data.sensor_type = 1
[91m [1776446575.866100] Client: [0m---after writing in log upd_msg->reliable = 1
[91m [1776446576.10118] BSON Message: [0mInside sensor type parsing.
[91m [1776446576.10128] BSON Message: [0mInside sensor type parsing end.
[91m [1776446576.10132] BSON Message: [0mInside sid parsing
[91m [1776446576.10137] BSON Message: [0mInside temp1 parsing.
[91m [1776446576.10142] Client: [0m---before writing in log upd_msg->seq_no= 399
[91m [1776446576.10146] Client: [0m---before writing in log upd_msg->type= 4
[91m [1776446576.10150] Client: [0m---before writing in log upd_msg->frag_no= 0
[91m [1776446576.10155] Client: [0m---before writing in log upd_msg->reliable= 1
[91m [1776446576.10159] Client: [0m---before writing in log upd_msg->data.sensor_type= 1
[91m [1776446576.10163] Client: [0m---before writing in log upd_msg->data.sid= temp_1
[91m [1776446576.10168] Client: [0m---after writing in log upd_msg->seq_no = 399
[91m [1776446576.10172] Client: [0m---after writing in log upd_msg->data.sensor_type = 1
[91m [1776446576.10176] Client: [0m---after writing in log upd_msg->reliable = 1
[91m [1776446576.757764] BSON Message: [0mInside sensor type parsing.
[91m [1776446576.757775] BSON Message: [0mInside sensor type parsing end.
[91m [1776446576.757782] BSON Message: [0mInside sid parsing
[91m [1776446576.757790] Client: [0m---before writing in log upd_msg->seq_no= 164
[91m [1776446576.757798] Client: [0m---before writing in log upd_msg->type= 4
[91m [1776446576.757805] Client: [0m---before writing in log upd_msg->frag_no= 0
[91m [1776446576.757811] Client: [0m---before writing in log upd_msg->reliable= 1
[91m [1776446576.757815] Client: [0m---before writing in log upd_msg->data.sensor_type= 2
[91m [1776446576.757820] Client: [0m---before writing in log upd_msg->data.sid= device_0
[91m [1776446576.757825] Client: [0m---after writing in log upd_msg->seq_no = 164
[91m [1776446576.757829] Client: [0m---after writing in log upd_msg->data.sensor_type = 2
[91m [1776446576.757834] Client: [0m---after writing in log upd_msg->reliable = 1
[91m [1776446576.866404] BSON Message: [0mInside sensor type parsing.
[91m [1776446576.866414] BSON Message: [0mInside sensor type parsing end.
[91m [1776446576.866419] BSON Message: [0mInside sid parsing
[91m [1776446576.866425] BSON Message: [0mInside temp1 parsing.
[91m [1776446576.866431] Client: [0m---before writing in log upd_msg->seq_no= 400
[91m [1776446576.866436] Client: [0m---before writing in log upd_msg->type= 4
[91m [1776446576.866441] Client: [0m---before writing in log upd_msg->frag_no= 0
[91m [1776446576.866449] Client: [0m---before writing in log upd_msg->reliable= 1
[91m [1776446576.866454] Client: [0m---before writing in log upd_msg->data.sensor_type= 1
[91m [1776446576.866459] Client: [0m---before writing in log upd_msg->data.sid= temp_1
[91m [1776446576.866466] Client: [0m---after writing in log upd_msg->seq_no = 400
[91m [1776446576.866472] Client: [0m---after writing in log upd_msg->data.sensor_type = 1
[91m [1776446576.866478] Client: [0m---after writing in log upd_msg->reliable = 1
[91m [1776446577.10459] BSON Message: [0mInside sensor type parsing.
[91m [1776446577.10470] BSON Message: [0mInside sensor type parsing end.
[91m [1776446577.10477] BSON Message: [0mInside sid parsing
[91m [1776446577.10482] BSON Message: [0mInside temp1 parsing.
[91m [1776446577.10487] Client: [0m---before writing in log upd_msg->seq_no= 401
[91m [1776446577.10492] Client: [0m---before writing in log upd_msg->type= 4
[91m [1776446577.10497] Client: [0m---before writing in log upd_msg->frag_no= 0
[91m [1776446577.10503] Client: [0m---before writing in log upd_msg->reliable= 1
[91m [1776446577.10508] Client: [0m---before writing in log upd_msg->data.sensor_type= 1
[91m [1776446577.10512] Client: [0m---before writing in log upd_msg->data.sid= temp_1
[91m [1776446577.10517] Client: [0m---after writing in log upd_msg->seq_no = 401
[91m [1776446577.10522] Client: [0m---after writing in log upd_msg->data.sensor_type = 1
[91m [1776446577.10526] Client: [0m---after writing in log upd_msg->reliable = 1
[91m [1776446577.866594] BSON Message: [0mInside sensor type parsing.
[91m [1776446577.866605] BSON Message: [0mInside sensor type parsing end.
[91m [1776446577.866611] BSON Message: [0mInside sid parsing
[91m [1776446577.866616] BSON Message: [0mInside temp1 parsing.
[91m [1776446577.866622] Client: [0m---before writing in log upd_msg->seq_no= 402
[91m [1776446577.866626] Client: [0m---before writing in log upd_msg->type= 4
[91m [1776446577.866630] Client: [0m---before writing in log upd_msg->frag_no= 0
[91m [1776446577.866635] Client: [0m---before writing in log upd_msg->reliable= 1
[91m [1776446577.866640] Client: [0m---before writing in log upd_msg->data.sensor_type= 1
[91m [1776446577.866645] Client: [0m---before writing in log upd_msg->data.sid= temp_1
[91m [1776446577.866650] Client: [0m---after writing in log upd_msg->seq_no = 402
[91m [1776446577.866655] Client: [0m---after writing in log upd_msg->data.sensor_type = 1
[91m [1776446577.866660] Client: [0m---after writing in log upd_msg->reliable = 1
[91m [1776446578.10813] BSON Message: [0mInside sensor type parsing.
[91m [1776446578.10824] BSON Message: [0mInside sensor type parsing end.
[91m [1776446578.10829] BSON Message: [0mInside sid parsing
[91m [1776446578.10834] BSON Message: [0mInside temp1 parsing.
[91m [1776446578.10840] Client: [0m---before writing in log upd_msg->seq_no= 403
[91m [1776446578.10845] Client: [0m---before writing in log upd_msg->type= 4
[91m [1776446578.10849] Client: [0m---before writing in log upd_msg->frag_no= 0
[91m [1776446578.10853] Client: [0m---before writing in log upd_msg->reliable= 1
[91m [1776446578.10858] Client: [0m---before writing in log upd_msg->data.sensor_type= 1
[91m [1776446578.10862] Client: [0m---before writing in log upd_msg->data.sid= temp_1
[91m [1776446578.10868] Client: [0m---after writing in log upd_msg->seq_no = 403
[91m [1776446578.10872] Client: [0m---after writing in log upd_msg->data.sensor_type = 1
[91m [1776446578.10876] Client: [0m---after writing in log upd_msg->reliable = 1
[91m [1776446578.718988] BSON Message: [0mInside sensor type parsing.
[91m [1776446578.718997] BSON Message: [0mInside sensor type parsing end.
[91m [1776446578.719001] BSON Message: [0mInside sid parsing
[91m [1776446578.719006] Client: [0m---before writing in log upd_msg->seq_no= 165
[91m [1776446578.719010] Client: [0m---before writing in log upd_msg->type= 4
[91m [1776446578.719015] Client: [0m---before writing in log upd_msg->frag_no= 0
[91m [1776446578.719030] Client: [0m---before writing in log upd_msg->reliable= 1
[91m [1776446578.719033] Client: [0m---before writing in log upd_msg->data.sensor_type= 2
[91m [1776446578.719036] Client: [0m---before writing in log upd_msg->data.sid= device_0
[91m [1776446578.719040] Client: [0m---after writing in log upd_msg->seq_no = 165
[91m [1776446578.719044] Client: [0m---after writing in log upd_msg->data.sensor_type = 2
[91m [1776446578.719049] Client: [0m---after writing in log upd_msg->reliable = 1
[91m [1776446578.866923] BSON Message: [0mInside sensor type parsing.
[91m [1776446578.866933] BSON Message: [0mInside sensor type parsing end.
[91m [1776446578.866937] BSON Message: [0mInside sid parsing
[91m [1776446578.866941] BSON Message: [0mInside temp1 parsing.
[91m [1776446578.866946] Client: [0m---before writing in log upd_msg->seq_no= 404
[91m [1776446578.866950] Client: [0m---before writing in log upd_msg->type= 4
[91m [1776446578.866953] Client: [0m---before writing in log upd_msg->frag_no= 0
[91m [1776446578.866957] Client: [0m---before writing in log upd_msg->reliable= 1
[91m [1776446578.866961] Client: [0m---before writing in log upd_msg->data.sensor_type= 1
[91m [1776446578.866964] Client: [0m---before writing in log upd_msg->data.sid= temp_1
[91m [1776446578.866969] Client: [0m---after writing in log upd_msg->seq_no = 404
[91m [1776446578.866973] Client: [0m---after writing in log upd_msg->data.sensor_type = 1
[91m [1776446578.866977] Client: [0m---after writing in log upd_msg->reliable = 1
[91m [1776446579.11483] BSON Message: [0mInside sensor type parsing.
[91m [1776446579.11492] BSON Message: [0mInside sensor type parsing end.
[91m [1776446579.11497] BSON Message: [0mInside sid parsing
[91m [1776446579.11500] BSON Message: [0mInside temp1 parsing.
[91m [1776446579.11507] Client: [0m---before writing in log upd_msg->seq_no= 405
[91m [1776446579.11512] Client: [0m---before writing in log upd_msg->type= 4
[91m [1776446579.11517] Client: [0m---before writing in log upd_msg->frag_no= 0
[91m [1776446579.11523] Client: [0m---before writing in log upd_msg->reliable= 1
[91m [1776446579.11527] Client: [0m---before writing in log upd_msg->data.sensor_type= 1
[91m [1776446579.11531] Client: [0m---before writing in log upd_msg->data.sid= temp_1
[91m [1776446579.11537] Client: [0m---after writing in log upd_msg->seq_no = 405
[91m [1776446579.11541] Client: [0m---after writing in log upd_msg->data.sensor_type = 1
[91m [1776446579.11545] Client: [0m---after writing in log upd_msg->reliable = 1
[91m [1776446579.867347] BSON Message: [0mInside sensor type parsing.
[91m [1776446579.867357] BSON Message: [0mInside sensor type parsing end.
[91m [1776446579.867364] BSON Message: [0mInside sid parsing
[91m [1776446579.867369] BSON Message: [0mInside temp1 parsing.
[91m [1776446579.867376] Client: [0m---before writing in log upd_msg->seq_no= 406
[91m [1776446579.867381] Client: [0m---before writing in log upd_msg->type= 4
[91m [1776446579.867385] Client: [0m---before writing in log upd_msg->frag_no= 0
[91m [1776446579.867390] Client: [0m---before writing in log upd_msg->reliable= 1
[91m [1776446579.867394] Client: [0m---before writing in log upd_msg->data.sensor_type= 1
[91m [1776446579.867399] Client: [0m---before writing in log upd_msg->data.sid= temp_1
[91m [1776446579.867404] Client: [0m---after writing in log upd_msg->seq_no = 406
[91m [1776446579.867409] Client: [0m---after writing in log upd_msg->data.sensor_type = 1
[91m [1776446579.867413] Client: [0m---after writing in log upd_msg->reliable = 1
[91m [1776446580.11501] BSON Message: [0mInside sensor type parsing.
[91m [1776446580.11511] BSON Message: [0mInside sensor type parsing end.
[91m [1776446580.11516] BSON Message: [0mInside sid parsing
[91m [1776446580.11522] BSON Message: [0mInside temp1 parsing.
[91m [1776446580.11529] Client: [0m---before writing in log upd_msg->seq_no= 407
[91m [1776446580.11534] Client: [0m---before writing in log upd_msg->type= 4
[91m [1776446580.11542] Client: [0m---before writing in log upd_msg->frag_no= 0
[91m [1776446580.11547] Client: [0m---before writing in log upd_msg->reliable= 1
[91m [1776446580.11552] Client: [0m---before writing in log upd_msg->data.sensor_type= 1
[91m [1776446580.11557] Client: [0m---before writing in log upd_msg->data.sid= temp_1
[91m [1776446580.11562] Client: [0m---after writing in log upd_msg->seq_no = 407
[91m [1776446580.11567] Client: [0m---after writing in log upd_msg->data.sensor_type = 1
[91m [1776446580.11571] Client: [0m---after writing in log upd_msg->reliable = 1
[91m [1776446580.269617] BSON Message: [0mInside sensor type parsing.
[91m [1776446580.269630] BSON Message: [0mInside sensor type parsing end.
[91m [1776446580.269636] BSON Message: [0mInside sid parsing
[91m [1776446580.269642] BSON Message: [0mInside gps1 parsing.
[91m [1776446580.269648] Client: [0m---before writing in log upd_msg->seq_no= 40
[91m [1776446580.269656] Client: [0m---before writing in log upd_msg->type= 4
[91m [1776446580.269663] Client: [0m---before writing in log upd_msg->frag_no= 0
[91m [1776446580.269670] Client: [0m---before writing in log upd_msg->reliable= 1
[91m [1776446580.269675] Client: [0m---before writing in log upd_msg->data.sensor_type= 3
[91m [1776446580.269679] Client: [0m---before writing in log upd_msg->data.sid= gps_2
[91m [1776446580.269685] Client: [0m---after writing in log upd_msg->seq_no = 40
[91m [1776446580.269689] Client: [0m---after writing in log upd_msg->data.sensor_type = 3
[91m [1776446580.269696] Client: [0m---after writing in log upd_msg->reliable = 1
[91m [1776446580.867654] BSON Message: [0mInside sensor type parsing.
[91m [1776446580.867666] BSON Message: [0mInside sensor type parsing end.
[91m [1776446580.867673] BSON Message: [0mInside sid parsing
[91m [1776446580.867679] BSON Message: [0mInside temp1 parsing.
[91m [1776446580.867685] Client: [0m---before writing in log upd_msg->seq_no= 408
[91m [1776446580.867691] Client: [0m---before writing in log upd_msg->type= 4
[91m [1776446580.867697] Client: [0m---before writing in log upd_msg->frag_no= 0
[91m [1776446580.867703] Client: [0m---before writing in log upd_msg->reliable= 1
[91m [1776446580.867709] Client: [0m---before writing in log upd_msg->data.sensor_type= 1
[91m [1776446580.867715] Client: [0m---before writing in log upd_msg->data.sid= temp_1
[91m [1776446580.867724] Client: [0m---after writing in log upd_msg->seq_no = 408
[91m [1776446580.867730] Client: [0m---after writing in log upd_msg->data.sensor_type = 1
[91m [1776446580.867735] Client: [0m---after writing in log upd_msg->reliable = 1
[91m [1776446581.11584] BSON Message: [0mInside sensor type parsing.
[91m [1776446581.11592] BSON Message: [0mInside sensor type parsing end.
[91m [1776446581.11596] BSON Message: [0mInside sid parsing
[91m [1776446581.11601] BSON Message: [0mInside temp1 parsing.
[91m [1776446581.11605] Client: [0m---before writing in log upd_msg->seq_no= 409
[91m [1776446581.11609] Client: [0m---before writing in log upd_msg->type= 4
[91m [1776446581.11613] Client: [0m---before writing in log upd_msg->frag_no= 0
[91m [1776446581.11617] Client: [0m---before writing in log upd_msg->reliable= 1
[91m [1776446581.11621] Client: [0m---before writing in log upd_msg->data.sensor_type= 1
[91m [1776446581.11625] Client: [0m---before writing in log upd_msg->data.sid= temp_1
[91m [1776446581.11630] Client: [0m---after writing in log upd_msg->seq_no = 409
[91m [1776446581.11633] Client: [0m---after writing in log upd_msg->data.sensor_type = 1
[91m [1776446581.11637] Client: [0m---after writing in log upd_msg->reliable = 1
[91m [1776446581.507910] BSON Message: [0mInside sensor type parsing.
[91m [1776446581.507926] BSON Message: [0mInside sensor type parsing end.
[91m [1776446581.507931] BSON Message: [0mInside sid parsing
[91m [1776446581.507936] Client: [0m---before writing in log upd_msg->seq_no= 166
[91m [1776446581.507940] Client: [0m---before writing in log upd_msg->type= 4
[91m [1776446581.507949] Client: [0m---before writing in log upd_msg->frag_no= 0
[91m [1776446581.507954] Client: [0m---before writing in log upd_msg->reliable= 1
[91m [1776446581.507957] Client: [0m---before writing in log upd_msg->data.sensor_type= 2
[91m [1776446581.507960] Client: [0m---before writing in log upd_msg->data.sid= device_0
[91m [1776446581.507964] Client: [0m---after writing in log upd_msg->seq_no = 166
[91m [1776446581.507967] Client: [0m---after writing in log upd_msg->data.sensor_type = 2
[91m [1776446581.507970] Client: [0m---after writing in log upd_msg->reliable = 1
[91m [1776446581.867731] BSON Message: [0mInside sensor type parsing.
[91m [1776446581.867740] BSON Message: [0mInside sensor type parsing end.
[91m [1776446581.867746] BSON Message: [0mInside sid parsing
[91m [1776446581.867751] BSON Message: [0mInside temp1 parsing.
[91m [1776446581.867756] Client: [0m---before writing in log upd_msg->seq_no= 410
[91m [1776446581.867761] Client: [0m---before writing in log upd_msg->type= 4
[91m [1776446581.867764] Client: [0m---before writing in log upd_msg->frag_no= 0
[91m [1776446581.867767] Client: [0m---before writing in log upd_msg->reliable= 1
[91m [1776446581.867771] Client: [0m---before writing in log upd_msg->data.sensor_type= 1
[91m [1776446581.867776] Client: [0m---before writing in log upd_msg->data.sid= temp_1
[91m [1776446581.867781] Client: [0m---after writing in log upd_msg->seq_no = 410
[91m [1776446581.867786] Client: [0m---after writing in log upd_msg->data.sensor_type = 1
[91m [1776446581.867790] Client: [0m---after writing in log upd_msg->reliable = 1
[91m [1776446582.11853] BSON Message: [0mInside sensor type parsing.
[91m [1776446582.11862] BSON Message: [0mInside sensor type parsing end.
[91m [1776446582.11867] BSON Message: [0mInside sid parsing
[91m [1776446582.11871] BSON Message: [0mInside temp1 parsing.
[91m [1776446582.11876] Client: [0m---before writing in log upd_msg->seq_no= 411
[91m [1776446582.11881] Client: [0m---before writing in log upd_msg->type= 4
[91m [1776446582.11885] Client: [0m---before writing in log upd_msg->frag_no= 0
[91m [1776446582.11889] Client: [0m---before writing in log upd_msg->reliable= 1
[91m [1776446582.11893] Client: [0m---before writing in log upd_msg->data.sensor_type= 1
[91m [1776446582.11896] Client: [0m---before writing in log upd_msg->data.sid= temp_1
[91m [1776446582.11901] Client: [0m---after writing in log upd_msg->seq_no = 411
[91m [1776446582.11905] Client: [0m---after writing in log upd_msg->data.sensor_type = 1
[91m [1776446582.11909] Client: [0m---after writing in log upd_msg->reliable = 1
[91m [1776446582.400496] BSON Message: [0mInside sensor type parsing.
[91m [1776446582.400510] BSON Message: [0mInside sensor type parsing end.
[91m [1776446582.400516] BSON Message: [0mInside sid parsing
[91m [1776446582.400525] Client: [0m---before writing in log upd_msg->seq_no= 167
[91m [1776446582.400533] Client: [0m---before writing in log upd_msg->type= 4
[91m [1776446582.400539] Client: [0m---before writing in log upd_msg->frag_no= 0
[91m [1776446582.400545] Client: [0m---before writing in log upd_msg->reliable= 1
[91m [1776446582.400552] Client: [0m---before writing in log upd_msg->data.sensor_type= 2
[91m [1776446582.400558] Client: [0m---before writing in log upd_msg->data.sid= device_0
[91m [1776446582.400566] Client: [0m---after writing in log upd_msg->seq_no = 167
[91m [1776446582.400572] Client: [0m---after writing in log upd_msg->data.sensor_type = 2
[91m [1776446582.400578] Client: [0m---after writing in log upd_msg->reliable = 1
[91m [1776446582.868182] BSON Message: [0mInside sensor type parsing.
[91m [1776446582.868193] BSON Message: [0mInside sensor type parsing end.
[91m [1776446582.868198] BSON Message: [0mInside sid parsing
[91m [1776446582.868203] BSON Message: [0mInside temp1 parsing.
[91m [1776446582.868209] Client: [0m---before writing in log upd_msg->seq_no= 412
[91m [1776446582.868219] Client: [0m---before writing in log upd_msg->type= 4
[91m [1776446582.868224] Client: [0m---before writing in log upd_msg->frag_no= 0
[91m [1776446582.868229] Client: [0m---before writing in log upd_msg->reliable= 1
[91m [1776446582.868233] Client: [0m---before writing in log upd_msg->data.sensor_type= 1
[91m [1776446582.868238] Client: [0m---before writing in log upd_msg->data.sid= temp_1
[91m [1776446582.868243] Client: [0m---after writing in log upd_msg->seq_no = 412
[91m [1776446582.868248] Client: [0m---after writing in log upd_msg->data.sensor_type = 1
[91m [1776446582.868253] Client: [0m---after writing in log upd_msg->reliable = 1
[91m [1776446583.12273] BSON Message: [0mInside sensor type parsing.
[91m [1776446583.12286] BSON Message: [0mInside sensor type parsing end.
[91m [1776446583.12292] BSON Message: [0mInside sid parsing
[91m [1776446583.12297] BSON Message: [0mInside temp1 parsing.
[91m [1776446583.12304] Client: [0m---before writing in log upd_msg->seq_no= 413
[91m [1776446583.12309] Client: [0m---before writing in log upd_msg->type= 4
[91m [1776446583.12313] Client: [0m---before writing in log upd_msg->frag_no= 0
[91m [1776446583.12318] Client: [0m---before writing in log upd_msg->reliable= 1
[91m [1776446583.12323] Client: [0m---before writing in log upd_msg->data.sensor_type= 1
[91m [1776446583.12327] Client: [0m---before writing in log upd_msg->data.sid= temp_1
[91m [1776446583.12333] Client: [0m---after writing in log upd_msg->seq_no = 413
[91m [1776446583.12338] Client: [0m---after writing in log upd_msg->data.sensor_type = 1
[91m [1776446583.12342] Client: [0m---after writing in log upd_msg->reliable = 1
[91m [1776446583.868309] BSON Message: [0mInside sensor type parsing.
[91m [1776446583.868319] BSON Message: [0mInside sensor type parsing end.
[91m [1776446583.868325] BSON Message: [0mInside sid parsing
[91m [1776446583.868330] BSON Message: [0mInside temp1 parsing.
[91m [1776446583.868336] Client: [0m---before writing in log upd_msg->seq_no= 414
[91m [1776446583.868342] Client: [0m---before writing in log upd_msg->type= 4
[91m [1776446583.868347] Client: [0m---before writing in log upd_msg->frag_no= 0
[91m [1776446583.868353] Client: [0m---before writing in log upd_msg->reliable= 1
[91m [1776446583.868358] Client: [0m---before writing in log upd_msg->data.sensor_type= 1
[91m [1776446583.868362] Client: [0m---before writing in log upd_msg->data.sid= temp_1
[91m [1776446583.868368] Client: [0m---after writing in log upd_msg->seq_no = 414
[91m [1776446583.868373] Client: [0m---after writing in log upd_msg->data.sensor_type = 1
[91m [1776446583.868378] Client: [0m---after writing in log upd_msg->reliable = 1
[91m [1776446584.12496] BSON Message: [0mInside sensor type parsing.
[91m [1776446584.12506] BSON Message: [0mInside sensor type parsing end.
[91m [1776446584.12510] BSON Message: [0mInside sid parsing
[91m [1776446584.12514] BSON Message: [0mInside temp1 parsing.
[91m [1776446584.12520] Client: [0m---before writing in log upd_msg->seq_no= 415
[91m [1776446584.12525] Client: [0m---before writing in log upd_msg->type= 4
[91m [1776446584.12529] Client: [0m---before writing in log upd_msg->frag_no= 0
[91m [1776446584.12533] Client: [0m---before writing in log upd_msg->reliable= 1
[91m [1776446584.12537] Client: [0m---before writing in log upd_msg->data.sensor_type= 1
[91m [1776446584.12541] Client: [0m---before writing in log upd_msg->data.sid= temp_1
[91m [1776446584.12546] Client: [0m---after writing in log upd_msg->seq_no = 415
[91m [1776446584.12550] Client: [0m---after writing in log upd_msg->data.sensor_type = 1
[91m [1776446584.12554] Client: [0m---after writing in log upd_msg->reliable = 1
[91m [1776446584.262328] BSON Message: [0mInside sensor type parsing.
[91m [1776446584.262338] BSON Message: [0mInside sensor type parsing end.
[91m [1776446584.262343] BSON Message: [0mInside sid parsing
[91m [1776446584.262348] Client: [0m---before writing in log upd_msg->seq_no= 168
[91m [1776446584.262355] Client: [0m---before writing in log upd_msg->type= 4
[91m [1776446584.262359] Client: [0m---before writing in log upd_msg->frag_no= 0
[91m [1776446584.262362] Client: [0m---before writing in log upd_msg->reliable= 1
[91m [1776446584.262366] Client: [0m---before writing in log upd_msg->data.sensor_type= 2
[91m [1776446584.262370] Client: [0m---before writing in log upd_msg->data.sid= device_0
[91m [1776446584.262375] Client: [0m---after writing in log upd_msg->seq_no = 168
[91m [1776446584.262379] Client: [0m---after writing in log upd_msg->data.sensor_type = 2
[91m [1776446584.262384] Client: [0m---after writing in log upd_msg->reliable = 1
[91m [1776446584.760081] BSON Message: [0mInside sensor type parsing.
[91m [1776446584.760092] BSON Message: [0mInside sensor type parsing end.
[91m [1776446584.760097] BSON Message: [0mInside sid parsing
[91m [1776446584.760102] Client: [0m---before writing in log upd_msg->seq_no= 169
[91m [1776446584.760107] Client: [0m---before writing in log upd_msg->type= 4
[91m [1776446584.760112] Client: [0m---before writing in log upd_msg->frag_no= 0
[91m [1776446584.760116] Client: [0m---before writing in log upd_msg->reliable= 1
[91m [1776446584.760121] Client: [0m---before writing in log upd_msg->data.sensor_type= 2
[91m [1776446584.760125] Client: [0m---before writing in log upd_msg->data.sid= device_0
[91m [1776446584.760131] Client: [0m---after writing in log upd_msg->seq_no = 169
[91m [1776446584.760135] Client: [0m---after writing in log upd_msg->data.sensor_type = 2
[91m [1776446584.760140] Client: [0m---after writing in log upd_msg->reliable = 1
[91m [1776446584.868708] BSON Message: [0mInside sensor type parsing.
[91m [1776446584.868719] BSON Message: [0mInside sensor type parsing end.
[91m [1776446584.868724] BSON Message: [0mInside sid parsing
[91m [1776446584.868729] BSON Message: [0mInside temp1 parsing.
[91m [1776446584.868735] Client: [0m---before writing in log upd_msg->seq_no= 416
[91m [1776446584.868740] Client: [0m---before writing in log upd_msg->type= 4
[91m [1776446584.868745] Client: [0m---before writing in log upd_msg->frag_no= 0
[91m [1776446584.868750] Client: [0m---before writing in log upd_msg->reliable= 1
[91m [1776446584.868754] Client: [0m---before writing in log upd_msg->data.sensor_type= 1
[91m [1776446584.868758] Client: [0m---before writing in log upd_msg->data.sid= temp_1
[91m [1776446584.868764] Client: [0m---after writing in log upd_msg->seq_no = 416
[91m [1776446584.868768] Client: [0m---after writing in log upd_msg->data.sensor_type = 1
[91m [1776446584.868773] Client: [0m---after writing in log upd_msg->reliable = 1
[91m [1776446585.12789] BSON Message: [0mInside sensor type parsing.
[91m [1776446585.12798] BSON Message: [0mInside sensor type parsing end.
[91m [1776446585.12802] BSON Message: [0mInside sid parsing
[91m [1776446585.12806] BSON Message: [0mInside temp1 parsing.
[91m [1776446585.12812] Client: [0m---before writing in log upd_msg->seq_no= 417
[91m [1776446585.12817] Client: [0m---before writing in log upd_msg->type= 4
[91m [1776446585.12822] Client: [0m---before writing in log upd_msg->frag_no= 0
[91m [1776446585.12826] Client: [0m---before writing in log upd_msg->reliable= 1
[91m [1776446585.12829] Client: [0m---before writing in log upd_msg->data.sensor_type= 1
[91m [1776446585.12832] Client: [0m---before writing in log upd_msg->data.sid= temp_1
[91m [1776446585.12836] Client: [0m---after writing in log upd_msg->seq_no = 417
[91m [1776446585.12839] Client: [0m---after writing in log upd_msg->data.sensor_type = 1
[91m [1776446585.12843] Client: [0m---after writing in log upd_msg->reliable = 1
[91m [1776446585.869185] BSON Message: [0mInside sensor type parsing.
[91m [1776446585.869194] BSON Message: [0mInside sensor type parsing end.
[91m [1776446585.869198] BSON Message: [0mInside sid parsing
[91m [1776446585.869202] BSON Message: [0mInside temp1 parsing.
[91m [1776446585.869207] Client: [0m---before writing in log upd_msg->seq_no= 418
[91m [1776446585.869215] Client: [0m---before writing in log upd_msg->type= 4
[91m [1776446585.869221] Client: [0m---before writing in log upd_msg->frag_no= 0
[91m [1776446585.869224] Client: [0m---before writing in log upd_msg->reliable= 1
[91m [1776446585.869228] Client: [0m---before writing in log upd_msg->data.sensor_type= 1
[91m [1776446585.869232] Client: [0m---before writing in log upd_msg->data.sid= temp_1
[91m [1776446585.869236] Client: [0m---after writing in log upd_msg->seq_no = 418
[91m [1776446585.869240] Client: [0m---after writing in log upd_msg->data.sensor_type = 1
[91m [1776446585.869244] Client: [0m---after writing in log upd_msg->reliable = 1
[91m [1776446586.13452] BSON Message: [0mInside sensor type parsing.
[91m [1776446586.13464] BSON Message: [0mInside sensor type parsing end.
[91m [1776446586.13470] BSON Message: [0mInside sid parsing
[91m [1776446586.13476] BSON Message: [0mInside temp1 parsing.
[91m [1776446586.13483] Client: [0m---before writing in log upd_msg->seq_no= 419
[91m [1776446586.13488] Client: [0m---before writing in log upd_msg->type= 4
[91m [1776446586.13493] Client: [0m---before writing in log upd_msg->frag_no= 0
[91m [1776446586.13498] Client: [0m---before writing in log upd_msg->reliable= 1
[91m [1776446586.13504] Client: [0m---before writing in log upd_msg->data.sensor_type= 1
[91m [1776446586.13509] Client: [0m---before writing in log upd_msg->data.sid= temp_1
[91m [1776446586.13515] Client: [0m---after writing in log upd_msg->seq_no = 419
[91m [1776446586.13521] Client: [0m---after writing in log upd_msg->data.sensor_type = 1
[91m [1776446586.13526] Client: [0m---after writing in log upd_msg->reliable = 1
[91m [1776446586.869342] BSON Message: [0mInside sensor type parsing.
[91m [1776446586.869360] BSON Message: [0mInside sensor type parsing end.
[91m [1776446586.869368] BSON Message: [0mInside sid parsing
[91m [1776446586.869375] BSON Message: [0mInside temp1 parsing.
[91m [1776446586.869383] Client: [0m---before writing in log upd_msg->seq_no= 420
[91m [1776446586.869390] Client: [0m---before writing in log upd_msg->type= 4
[91m [1776446586.869397] Client: [0m---before writing in log upd_msg->frag_no= 0
[91m [1776446586.869403] Client: [0m---before writing in log upd_msg->reliable= 1
[91m [1776446586.869410] Client: [0m---before writing in log upd_msg->data.sensor_type= 1
[91m [1776446586.869416] Client: [0m---before writing in log upd_msg->data.sid= temp_1
[91m [1776446586.869424] Client: [0m---after writing in log upd_msg->seq_no = 420
[91m [1776446586.869430] Client: [0m---after writing in log upd_msg->data.sensor_type = 1
[91m [1776446586.869437] Client: [0m---after writing in log upd_msg->reliable = 1
[91m [1776446587.15348] BSON Message: [0mInside sensor type parsing.
[91m [1776446587.15361] BSON Message: [0mInside sensor type parsing end.
[91m [1776446587.15366] BSON Message: [0mInside sid parsing
[91m [1776446587.15371] BSON Message: [0mInside temp1 parsing.
[91m [1776446587.15376] Client: [0m---before writing in log upd_msg->seq_no= 421
[91m [1776446587.15381] Client: [0m---before writing in log upd_msg->type= 4
[91m [1776446587.15385] Client: [0m---before writing in log upd_msg->frag_no= 0
[91m [1776446587.15390] Client: [0m---before writing in log upd_msg->reliable= 1
[91m [1776446587.15394] Client: [0m---before writing in log upd_msg->data.sensor_type= 1
[91m [1776446587.15399] Client: [0m---before writing in log upd_msg->data.sid= temp_1
[91m [1776446587.15404] Client: [0m---after writing in log upd_msg->seq_no = 421
[91m [1776446587.15408] Client: [0m---after writing in log upd_msg->data.sensor_type = 1
[91m [1776446587.15412] Client: [0m---after writing in log upd_msg->reliable = 1
[91m [1776446587.509004] BSON Message: [0mInside sensor type parsing.
[91m [1776446587.509012] BSON Message: [0mInside sensor type parsing end.
[91m [1776446587.509017] BSON Message: [0mInside sid parsing
[91m [1776446587.509022] Client: [0m---before writing in log upd_msg->seq_no= 170
[91m [1776446587.509030] Client: [0m---before writing in log upd_msg->type= 4
[91m [1776446587.509035] Client: [0m---before writing in log upd_msg->frag_no= 0
[91m [1776446587.509040] Client: [0m---before writing in log upd_msg->reliable= 1
[91m [1776446587.509044] Client: [0m---before writing in log upd_msg->data.sensor_type= 2
[91m [1776446587.509051] Client: [0m---before writing in log upd_msg->data.sid= device_0
[91m [1776446587.509059] Client: [0m---after writing in log upd_msg->seq_no = 170
[91m [1776446587.509064] Client: [0m---after writing in log upd_msg->data.sensor_type = 2
[91m [1776446587.509070] Client: [0m---after writing in log upd_msg->reliable = 1
[91m [1776446587.869395] BSON Message: [0mInside sensor type parsing.
[91m [1776446587.869404] BSON Message: [0mInside sensor type parsing end.
[91m [1776446587.869408] BSON Message: [0mInside sid parsing
[91m [1776446587.869412] BSON Message: [0mInside temp1 parsing.
[91m [1776446587.869417] Client: [0m---before writing in log upd_msg->seq_no= 422
[91m [1776446587.869422] Client: [0m---before writing in log upd_msg->type= 4
[91m [1776446587.869426] Client: [0m---before writing in log upd_msg->frag_no= 0
[91m [1776446587.869430] Client: [0m---before writing in log upd_msg->reliable= 1
[91m [1776446587.869433] Client: [0m---before writing in log upd_msg->data.sensor_type= 1
[91m [1776446587.869438] Client: [0m---before writing in log upd_msg->data.sid= temp_1
[91m [1776446587.869443] Client: [0m---after writing in log upd_msg->seq_no = 422
[91m [1776446587.869448] Client: [0m---after writing in log upd_msg->data.sensor_type = 1
[91m [1776446587.869452] Client: [0m---after writing in log upd_msg->reliable = 1
[91m [1776446588.13708] BSON Message: [0mInside sensor type parsing.
[91m [1776446588.13719] BSON Message: [0mInside sensor type parsing end.
[91m [1776446588.13724] BSON Message: [0mInside sid parsing
[91m [1776446588.13729] BSON Message: [0mInside temp1 parsing.
[91m [1776446588.13734] Client: [0m---before writing in log upd_msg->seq_no= 423
[91m [1776446588.13738] Client: [0m---before writing in log upd_msg->type= 4
[91m [1776446588.13742] Client: [0m---before writing in log upd_msg->frag_no= 0
[91m [1776446588.13746] Client: [0m---before writing in log upd_msg->reliable= 1
[91m [1776446588.13750] Client: [0m---before writing in log upd_msg->data.sensor_type= 1
[91m [1776446588.13754] Client: [0m---before writing in log upd_msg->data.sid= temp_1
[91m [1776446588.13759] Client: [0m---after writing in log upd_msg->seq_no = 423
[91m [1776446588.13763] Client: [0m---after writing in log upd_msg->data.sensor_type = 1
[91m [1776446588.13767] Client: [0m---after writing in log upd_msg->reliable = 1
[91m [1776446588.447748] BSON Message: [0mInside sensor type parsing.
[91m [1776446588.447760] BSON Message: [0mInside sensor type parsing end.
[91m [1776446588.447765] BSON Message: [0mInside sid parsing
[91m [1776446588.447770] BSON Message: [0mInside gps1 parsing.
[91m [1776446588.447776] Client: [0m---before writing in log upd_msg->seq_no= 41
[91m [1776446588.447781] Client: [0m---before writing in log upd_msg->type= 4
[91m [1776446588.447786] Client: [0m---before writing in log upd_msg->frag_no= 0
[91m [1776446588.447790] Client: [0m---before writing in log upd_msg->reliable= 1
[91m [1776446588.447795] Client: [0m---before writing in log upd_msg->data.sensor_type= 3
[91m [1776446588.447800] Client: [0m---before writing in log upd_msg->data.sid= gps_2
[91m [1776446588.447807] Client: [0m---after writing in log upd_msg->seq_no = 41
[91m [1776446588.447812] Client: [0m---after writing in log upd_msg->data.sensor_type = 3
[91m [1776446588.447816] Client: [0m---after writing in log upd_msg->reliable = 1
[91m [1776446588.745825] BSON Message: [0mInside sensor type parsing.
[91m [1776446588.745837] BSON Message: [0mInside sensor type parsing end.
[91m [1776446588.745843] BSON Message: [0mInside sid parsing
[91m [1776446588.745851] Client: [0m---before writing in log upd_msg->seq_no= 171
[91m [1776446588.745863] Client: [0m---before writing in log upd_msg->type= 4
[91m [1776446588.745868] Client: [0m---before writing in log upd_msg->frag_no= 0
[91m [1776446588.745875] Client: [0m---before writing in log upd_msg->reliable= 1
[91m [1776446588.745881] Client: [0m---before writing in log upd_msg->data.sensor_type= 2
[91m [1776446588.745886] Client: [0m---before writing in log upd_msg->data.sid= device_0
[91m [1776446588.745893] Client: [0m---after writing in log upd_msg->seq_no = 171
[91m [1776446588.745899] Client: [0m---after writing in log upd_msg->data.sensor_type = 2
[91m [1776446588.745905] Client: [0m---after writing in log upd_msg->reliable = 1
[91m [1776446588.869989] BSON Message: [0mInside sensor type parsing.
[91m [1776446588.869999] BSON Message: [0mInside sensor type parsing end.
[91m [1776446588.870003] BSON Message: [0mInside sid parsing
[91m [1776446588.870007] BSON Message: [0mInside temp1 parsing.
[91m [1776446588.870012] Client: [0m---before writing in log upd_msg->seq_no= 424
[91m [1776446588.870016] Client: [0m---before writing in log upd_msg->type= 4
[91m [1776446588.870020] Client: [0m---before writing in log upd_msg->frag_no= 0
[91m [1776446588.870023] Client: [0m---before writing in log upd_msg->reliable= 1
[91m [1776446588.870029] Client: [0m---before writing in log upd_msg->data.sensor_type= 1
[91m [1776446588.870033] Client: [0m---before writing in log upd_msg->data.sid= temp_1
[91m [1776446588.870039] Client: [0m---after writing in log upd_msg->seq_no = 424
[91m [1776446588.870044] Client: [0m---after writing in log upd_msg->data.sensor_type = 1
[91m [1776446588.870048] Client: [0m---after writing in log upd_msg->reliable = 1
[91m [1776446589.14949] BSON Message: [0mInside sensor type parsing.
[91m [1776446589.14958] BSON Message: [0mInside sensor type parsing end.
[91m [1776446589.14962] BSON Message: [0mInside sid parsing
[91m [1776446589.14965] BSON Message: [0mInside temp1 parsing.
[91m [1776446589.14969] Client: [0m---before writing in log upd_msg->seq_no= 425
[91m [1776446589.14972] Client: [0m---before writing in log upd_msg->type= 4
[91m [1776446589.14975] Client: [0m---before writing in log upd_msg->frag_no= 0
[91m [1776446589.14979] Client: [0m---before writing in log upd_msg->reliable= 1
[91m [1776446589.14981] Client: [0m---before writing in log upd_msg->data.sensor_type= 1
[91m [1776446589.14984] Client: [0m---before writing in log upd_msg->data.sid= temp_1
[91m [1776446589.14988] Client: [0m---after writing in log upd_msg->seq_no = 425
[91m [1776446589.14992] Client: [0m---after writing in log upd_msg->data.sensor_type = 1
[91m [1776446589.14994] Client: [0m---after writing in log upd_msg->reliable = 1
[91m [1776446589.597030] BSON Message: [0mInside sensor type parsing.
[91m [1776446589.597042] BSON Message: [0mInside sensor type parsing end.
[91m [1776446589.597047] BSON Message: [0mInside sid parsing
[91m [1776446589.597053] Client: [0m---before writing in log upd_msg->seq_no= 172
[91m [1776446589.597057] Client: [0m---before writing in log upd_msg->type= 4
[91m [1776446589.597062] Client: [0m---before writing in log upd_msg->frag_no= 0
[91m [1776446589.597066] Client: [0m---before writing in log upd_msg->reliable= 1
[91m [1776446589.597070] Client: [0m---before writing in log upd_msg->data.sensor_type= 2
[91m [1776446589.597074] Client: [0m---before writing in log upd_msg->data.sid= device_0
[91m [1776446589.597080] Client: [0m---after writing in log upd_msg->seq_no = 172
[91m [1776446589.597084] Client: [0m---after writing in log upd_msg->data.sensor_type = 2
[91m [1776446589.597088] Client: [0m---after writing in log upd_msg->reliable = 1
[91m [1776446589.870113] BSON Message: [0mInside sensor type parsing.
[91m [1776446589.870125] BSON Message: [0mInside sensor type parsing end.
[91m [1776446589.870129] BSON Message: [0mInside sid parsing
[91m [1776446589.870135] BSON Message: [0mInside temp1 parsing.
rom the server.
Message type is 4
---------Update message arrived------------ 1
Got a message from the server.
Message type is 4
---------Update message arrived------------ 1
Got a message from the server.
Message type is 4
---------Update message arrived------------ 1
Got a message from the server.
Message type is 4
---------Update message arrived------------ 1
Got a message from the server.
Message type is 4
---------Update message arrived------------ 1
Got a message from the server.
Message type is 4
---------Update message arrived------------ 1
Got a message from the server.
Message type is 4
---------Update message arrived------------ 1
Got a message from the server.
Message type is 4
---------Update message arrived------------ 1
Got a message from the server.
Message type is 4
---------Update message arrived------------ 1
Got a message from the server.
Message type is 4
---------Update message arrived------------ 1
Got a message from the server.
Message type is 4
---------Update message arrived------------ 1
Got a message from the server.
Message type is 4
---------Update message arrived------------ 1
Got a message from the server.
Message type is 4
---------Update message arrived------------ 1
Got a message from the server.
Message type is 4
---------Update message arrived------------ 1
Got a message from the server.
Message type is 4
---------Update message arrived------------ 1
Got a message from the server.
Message type is 4
---------Update message arrived------------ 1
Got a message from the server.
Message type is 4
---------Update message arrived------------ 1
Got a message from the server.
Message type is 4
---------Update message arrived------------ 1
Got a message from the server.
Message type is 4
---------Update message arrived------------ 1
Got a message from the server.
Message type is 4
---------Update message arrived------------ 1
Got a message from the server.
Message type is 4
---------Update message arrived------------ 1
Got a message from the server.
Message type is 4
---------Update message arrived------------ 1
Got a message from the server.
Message type is 4
---------Update message arrived------------ 1
Got a message from the server.
Message type is 4
---------Update message arrived------------ 1
Got a message from the server.
Message type is 4
---------Update message arrived------------ 1
Got a message from the server.
Message type is 4
---------Update message arrived------------ 1
Got a message from the server.
Message type is 4
---------Update message arrived------------ 1
Got a message from the server.
Message type is 4
---------Update message arrived------------ 1
Got a message from the server.
Message type is 4
---------Update message arrived------------ 1
Got a message from the server.
Message type is 4
---------Update message arrived------------ 1
Got a message from the server.
Message type is 4
---------Update message arrived------------ 1
Got a message from the server.
Message type is 4
---------Update message arrived------------ 1
Got a message from the server.
Message type is 4
---------Update message arrived------------ 1
Got a message from the server.
Message type is 4
---------Update message arrived------------ 1
Got a message from the server.
Message type is 4
---------Update message arrived------------ 1
Got a message from the server.
Message type is 4
---------Update message arrived------------ 1
Got a message from the server.
Message type is 4
---------Update message arrived------------ 1
Got a message from the server.
Message type is 4
---------Update message arrived------------ 1
Got a message from the server.
Message type is 4
---------Update message arrived------------ 1
Got a message from the server.
Message type is 4
---------Update message arrived------------ 1
Got a message from the server.
Message type is 4
---------Update message arrived------------ 1
Got a message from the server.
Message type is 4
---------Update message arrived------------ 1
Got a message from the server.
Message type is 4
---------Update message arrived------------ 1
Got a message from the ser[91m [1776446589.870153] Client: [0m---before writing in log upd_msg->seq_no= 426
[91m [1776446589.870158] Client: [0m---before writing in log upd_msg->type= 4
[91m [1776446589.870163] Client: [0m---before writing in log upd_msg->frag_no= 0
[91m [1776446589.870168] Client: [0m---before writing in log upd_msg->reliable= 1
[91m [1776446589.870172] Client: [0m---before writing in log upd_msg->data.sensor_type= 1
[91m [1776446589.870177] Client: [0m---before writing in log upd_msg->data.sid= temp_1
[91m [1776446589.870183] Client: [0m---after writing in log upd_msg->seq_no = 426
[91m [1776446589.870188] Client: [0m---after writing in log upd_msg->data.sensor_type = 1
[91m [1776446589.870192] Client: [0m---after writing in log upd_msg->reliable = 1
[91m [1776446590.14111] BSON Message: [0mInside sensor type parsing.
[91m [1776446590.14122] BSON Message: [0mInside sensor type parsing end.
[91m [1776446590.14127] BSON Message: [0mInside sid parsing
[91m [1776446590.14132] BSON Message: [0mInside temp1 parsing.
[91m [1776446590.14137] Client: [0m---before writing in log upd_msg->seq_no= 427
[91m [1776446590.14143] Client: [0m---before writing in log upd_msg->type= 4
[91m [1776446590.14147] Client: [0m---before writing in log upd_msg->frag_no= 0
[91m [1776446590.14152] Client: [0m---before writing in log upd_msg->reliable= 1
[91m [1776446590.14156] Client: [0m---before writing in log upd_msg->data.sensor_type= 1
[91m [1776446590.14161] Client: [0m---before writing in log upd_msg->data.sid= temp_1
[91m [1776446590.14166] Client: [0m---after writing in log upd_msg->seq_no = 427
[91m [1776446590.14170] Client: [0m---after writing in log upd_msg->data.sensor_type = 1
[91m [1776446590.14175] Client: [0m---after writing in log upd_msg->reliable = 1
[91m [1776446590.500458] BSON Message: [0mInside sensor type parsing.
[91m [1776446590.500469] BSON Message: [0mInside sensor type parsing end.
[91m [1776446590.500474] BSON Message: [0mInside sid parsing
[91m [1776446590.500479] Client: [0m---before writing in log upd_msg->seq_no= 173
[91m [1776446590.500484] Client: [0m---before writing in log upd_msg->type= 4
[91m [1776446590.500489] Client: [0m---before writing in log upd_msg->frag_no= 0
[91m [1776446590.500493] Client: [0m---before writing in log upd_msg->reliable= 1
[91m [1776446590.500497] Client: [0m---before writing in log upd_msg->data.sensor_type= 2
[91m [1776446590.500502] Client: [0m---before writing in log upd_msg->data.sid= device_0
[91m [1776446590.500507] Client: [0m---after writing in log upd_msg->seq_no = 173
[91m [1776446590.500511] Client: [0m---after writing in log upd_msg->data.sensor_type = 2
[91m [1776446590.500516] Client: [0m---after writing in log upd_msg->reliable = 1
[91m [1776446590.870428] BSON Message: [0mInside sensor type parsing.
[91m [1776446590.870440] BSON Message: [0mInside sensor type parsing end.
[91m [1776446590.870445] BSON Message: [0mInside sid parsing
[91m [1776446590.870450] BSON Message: [0mInside temp1 parsing.
[91m [1776446590.870456] Client: [0m---before writing in log upd_msg->seq_no= 428
[91m [1776446590.870461] Client: [0m---before writing in log upd_msg->type= 4
[91m [1776446590.870465] Client: [0m---before writing in log upd_msg->frag_no= 0
[91m [1776446590.870470] Client: [0m---before writing in log upd_msg->reliable= 1
[91m [1776446590.870474] Client: [0m---before writing in log upd_msg->data.sensor_type= 1
[91m [1776446590.870478] Client: [0m---before writing in log upd_msg->data.sid= temp_1
[91m [1776446590.870483] Client: [0m---after writing in log upd_msg->seq_no = 428
[91m [1776446590.870488] Client: [0m---after writing in log upd_msg->data.sensor_type = 1
[91m [1776446590.870492] Client: [0m---after writing in log upd_msg->reliable = 1
[91m [1776446591.14467] BSON Message: [0mInside sensor type parsing.
[91m [1776446591.14479] BSON Message: [0mInside sensor type parsing end.
[91m [1776446591.14485] BSON Message: [0mInside sid parsing
[91m [1776446591.14490] BSON Message: [0mInside temp1 parsing.
[91m [1776446591.14499] Client: [0m---before writing in log upd_msg->seq_no= 429
[91m [1776446591.14503] Client: [0m---before writing in log upd_msg->type= 4
[91m [1776446591.14507] Client: [0m---before writing in log upd_msg->frag_no= 0
[91m [1776446591.14511] Client: [0m---before writing in log upd_msg->reliable= 1
[91m [1776446591.14515] Client: [0m---before writing in log upd_msg->data.sensor_type= 1
[91m [1776446591.14519] Client: [0m---before writing in log upd_msg->data.sid= temp_1
[91m [1776446591.14524] Client: [0m---after writing in log upd_msg->seq_no = 429
[91m [1776446591.14528] Client: [0m---after writing in log upd_msg->data.sensor_type = 1
[91m [1776446591.14531] Client: [0m---after writing in log upd_msg->reliable = 1
[91m [1776446591.335559] BSON Message: [0mInside sensor type parsing.
[91m [1776446591.335571] BSON Message: [0mInside sensor type parsing end.
[91m [1776446591.335576] BSON Message: [0mInside sid parsing
[91m [1776446591.335582] Client: [0m---before writing in log upd_msg->seq_no= 174
[91m [1776446591.335586] Client: [0m---before writing in log upd_msg->type= 4
[91m [1776446591.335591] Client: [0m---before writing in log upd_msg->frag_no= 0
[91m [1776446591.335595] Client: [0m---before writing in log upd_msg->reliable= 1
[91m [1776446591.335600] Client: [0m---before writing in log upd_msg->data.sensor_type= 2
[91m [1776446591.335605] Client: [0m---before writing in log upd_msg->data.sid= device_0
[91m [1776446591.335610] Client: [0m---after writing in log upd_msg->seq_no = 174
[91m [1776446591.335614] Client: [0m---after writing in log upd_msg->data.sensor_type = 2
[91m [1776446591.335619] Client: [0m---after writing in log upd_msg->reliable = 1
[91m [1776446591.870757] BSON Message: [0mInside sensor type parsing.
[91m [1776446591.870769] BSON Message: [0mInside sensor type parsing end.
[91m [1776446591.870775] BSON Message: [0mInside sid parsing
[91m [1776446591.870779] BSON Message: [0mInside temp1 parsing.
[91m [1776446591.870783] Client: [0m---before writing in log upd_msg->seq_no= 430
[91m [1776446591.870788] Client: [0m---before writing in log upd_msg->type= 4
[91m [1776446591.870793] Client: [0m---before writing in log upd_msg->frag_no= 0
[91m [1776446591.870798] Client: [0m---before writing in log upd_msg->reliable= 1
[91m [1776446591.870803] Client: [0m---before writing in log upd_msg->data.sensor_type= 1
[91m [1776446591.870808] Client: [0m---before writing in log upd_msg->data.sid= temp_1
[91m [1776446591.870813] Client: [0m---after writing in log upd_msg->seq_no = 430
[91m [1776446591.870818] Client: [0m---after writing in log upd_msg->data.sensor_type = 1
[91m [1776446591.870823] Client: [0m---after writing in log upd_msg->reliable = 1
[91m [1776446592.14834] BSON Message: [0mInside sensor type parsing.
[91m [1776446592.14846] BSON Message: [0mInside sensor type parsing end.
[91m [1776446592.14851] BSON Message: [0mInside sid parsing
[91m [1776446592.14857] BSON Message: [0mInside temp1 parsing.
[91m [1776446592.14863] Client: [0m---before writing in log upd_msg->seq_no= 431
[91m [1776446592.14868] Client: [0m---before writing in log upd_msg->type= 4
[91m [1776446592.14872] Client: [0m---before writing in log upd_msg->frag_no= 0
[91m [1776446592.14877] Client: [0m---before writing in log upd_msg->reliable= 1
[91m [1776446592.14882] Client: [0m---before writing in log upd_msg->data.sensor_type= 1
[91m [1776446592.14887] Client: [0m---before writing in log upd_msg->data.sid= temp_1
[91m [1776446592.14893] Client: [0m---after writing in log upd_msg->seq_no = 431
[91m [1776446592.14897] Client: [0m---after writing in log upd_msg->data.sensor_type = 1
[91m [1776446592.14901] Client: [0m---after writing in log upd_msg->reliable = 1
[91m [1776446592.870827] BSON Message: [0mInside sensor type parsing.
[91m [1776446592.870840] BSON Message: [0mInside sensor type parsing end.
[91m [1776446592.870846] BSON Message: [0mInside sid parsing
[91m [1776446592.870853] BSON Message: [0mInside temp1 parsing.
[91m [1776446592.870866] Client: [0m---before writing in log upd_msg->seq_no= 432
[91m [1776446592.870872] Client: [0m---before writing in log upd_msg->type= 4
[91m [1776446592.870878] Client: [0m---before writing in log upd_msg->frag_no= 0
[91m [1776446592.870884] Client: [0m---before writing in log upd_msg->reliable= 1
[91m [1776446592.870889] Client: [0m---before writing in log upd_msg->data.sensor_type= 1
[91m [1776446592.870895] Client: [0m---before writing in log upd_msg->data.sid= temp_1
[91m [1776446592.870901] Client: [0m---after writing in log upd_msg->seq_no = 432
[91m [1776446592.870907] Client: [0m---after writing in log upd_msg->data.sensor_type = 1
[91m [1776446592.870913] Client: [0m---after writing in log upd_msg->reliable = 1
[91m [1776446593.15086] BSON Message: [0mInside sensor type parsing.
[91m [1776446593.15097] BSON Message: [0mInside sensor type parsing end.
[91m [1776446593.15102] BSON Message: [0mInside sid parsing
[91m [1776446593.15107] BSON Message: [0mInside temp1 parsing.
[91m [1776446593.15113] Client: [0m---before writing in log upd_msg->seq_no= 433
[91m [1776446593.15118] Client: [0m---before writing in log upd_msg->type= 4
[91m [1776446593.15122] Client: [0m---before writing in log upd_msg->frag_no= 0
[91m [1776446593.15127] Client: [0m---before writing in log upd_msg->reliable= 1
[91m [1776446593.15132] Client: [0m---before writing in log upd_msg->data.sensor_type= 1
[91m [1776446593.15136] Client: [0m---before writing in log upd_msg->data.sid= temp_1
[91m [1776446593.15142] Client: [0m---after writing in log upd_msg->seq_no = 433
[91m [1776446593.15146] Client: [0m---after writing in log upd_msg->data.sensor_type = 1
[91m [1776446593.15151] Client: [0m---after writing in log upd_msg->reliable = 1
[91m [1776446593.112577] BSON Message: [0mInside sensor type parsing.
[91m [1776446593.112592] BSON Message: [0mInside sensor type parsing end.
[91m [1776446593.112597] BSON Message: [0mInside sid parsing
[91m [1776446593.112602] BSON Message: [0mInside gps1 parsing.
[91m [1776446593.112608] Client: [0m---before writing in log upd_msg->seq_no= 42
[91m [1776446593.112613] Client: [0m---before writing in log upd_msg->type= 4
[91m [1776446593.112617] Client: [0m---before writing in log upd_msg->frag_no= 0
[91m [1776446593.112621] Client: [0m---before writing in log upd_msg->reliable= 1
[91m [1776446593.112626] Client: [0m---before writing in log upd_msg->data.sensor_type= 3
[91m [1776446593.112630] Client: [0m---before writing in log upd_msg->data.sid= gps_2
[91m [1776446593.112637] Client: [0m---after writing in log upd_msg->seq_no = 42
[91m [1776446593.112642] Client: [0m---after writing in log upd_msg->data.sensor_type = 3
[91m [1776446593.112646] Client: [0m---after writing in log upd_msg->reliable = 1
[91m [1776446593.871187] BSON Message: [0mInside sensor type parsing.
[91m [1776446593.871201] BSON Message: [0mInside sensor type parsing end.
[91m [1776446593.871205] BSON Message: [0mInside sid parsing
[91m [1776446593.871210] BSON Message: [0mInside temp1 parsing.
[91m [1776446593.871215] Client: [0m---before writing in log upd_msg->seq_no= 434
[91m [1776446593.871220] Client: [0m---before writing in log upd_msg->type= 4
[91m [1776446593.871224] Client: [0m---before writing in log upd_msg->frag_no= 0
[91m [1776446593.871228] Client: [0m---before writing in log upd_msg->reliable= 1
[91m [1776446593.871232] Client: [0m---before writing in log upd_msg->data.sensor_type= 1
[91m [1776446593.871236] Client: [0m---before writing in log upd_msg->data.sid= temp_1
[91m [1776446593.871241] Client: [0m---after writing in log upd_msg->seq_no = 434
[91m [1776446593.871245] Client: [0m---after writing in log upd_msg->data.sensor_type = 1
[91m [1776446593.871249] Client: [0m---after writing in log upd_msg->reliable = 1
[91m [1776446594.15361] BSON Message: [0mInside sensor type parsing.
[91m [1776446594.15371] BSON Message: [0mInside sensor type parsing end.
[91m [1776446594.15376] BSON Message: [0mInside sid parsing
[91m [1776446594.15384] BSON Message: [0mInside temp1 parsing.
[91m [1776446594.15389] Client: [0m---before writing in log upd_msg->seq_no= 435
[91m [1776446594.15393] Client: [0m---before writing in log upd_msg->type= 4
[91m [1776446594.15397] Client: [0m---before writing in log upd_msg->frag_no= 0
[91m [1776446594.15402] Client: [0m---before writing in log upd_msg->reliable= 1
[91m [1776446594.15406] Client: [0m---before writing in log upd_msg->data.sensor_type= 1
[91m [1776446594.15410] Client: [0m---before writing in log upd_msg->data.sid= temp_1
[91m [1776446594.15414] Client: [0m---after writing in log upd_msg->seq_no = 435
[91m [1776446594.15418] Client: [0m---after writing in log upd_msg->data.sensor_type = 1
[91m [1776446594.15422] Client: [0m---after writing in log upd_msg->reliable = 1
[91m [1776446594.844440] BSON Message: [0mInside sensor type parsing.
[91m [1776446594.844453] BSON Message: [0mInside sensor type parsing end.
[91m [1776446594.844459] BSON Message: [0mInside sid parsing
[91m [1776446594.844467] Client: [0m---before writing in log upd_msg->seq_no= 175
[91m [1776446594.844473] Client: [0m---before writing in log upd_msg->type= 4
[91m [1776446594.844480] Client: [0m---before writing in log upd_msg->frag_no= 0
[91m [1776446594.844486] Client: [0m---before writing in log upd_msg->reliable= 1
[91m [1776446594.844492] Client: [0m---before writing in log upd_msg->data.sensor_type= 2
[91m [1776446594.844498] Client: [0m---before writing in log upd_msg->data.sid= device_0
[91m [1776446594.844504] Client: [0m---after writing in log upd_msg->seq_no = 175
[91m [1776446594.844510] Client: [0m---after writing in log upd_msg->data.sensor_type = 2
[91m [1776446594.844515] Client: [0m---after writing in log upd_msg->reliable = 1
[91m [1776446594.871317] BSON Message: [0mInside sensor type parsing.
[91m [1776446594.871329] BSON Message: [0mInside sensor type parsing end.
[91m [1776446594.871335] BSON Message: [0mInside sid parsing
[91m [1776446594.871338] BSON Message: [0mInside temp1 parsing.
[91m [1776446594.871342] Client: [0m---before writing in log upd_msg->seq_no= 436
[91m [1776446594.871346] Client: [0m---before writing in log upd_msg->type= 4
[91m [1776446594.871349] Client: [0m---before writing in log upd_msg->frag_no= 0
[91m [1776446594.871352] Client: [0m---before writing in log upd_msg->reliable= 1
[91m [1776446594.871355] Client: [0m---before writing in log upd_msg->data.sensor_type= 1
[91m [1776446594.871359] Client: [0m---before writing in log upd_msg->data.sid= temp_1
[91m [1776446594.871362] Client: [0m---after writing in log upd_msg->seq_no = 436
[91m [1776446594.871366] Client: [0m---after writing in log upd_msg->data.sensor_type = 1
[91m [1776446594.871370] Client: [0m---after writing in log upd_msg->reliable = 1
[91m [1776446595.15978] BSON Message: [0mInside sensor type parsing.
[91m [1776446595.15990] BSON Message: [0mInside sensor type parsing end.
[91m [1776446595.15996] BSON Message: [0mInside sid parsing
[91m [1776446595.16003] BSON Message: [0mInside temp1 parsing.
[91m [1776446595.16010] Client: [0m---before writing in log upd_msg->seq_no= 437
[91m [1776446595.16016] Client: [0m---before writing in log upd_msg->type= 4
[91m [1776446595.16022] Client: [0m---before writing in log upd_msg->frag_no= 0
[91m [1776446595.16027] Client: [0m---before writing in log upd_msg->reliable= 1
[91m [1776446595.16033] Client: [0m---before writing in log upd_msg->data.sensor_type= 1
[91m [1776446595.16039] Client: [0m---before writing in log upd_msg->data.sid= temp_1
[91m [1776446595.16060] Client: [0m---after writing in log upd_msg->seq_no = 437
[91m [1776446595.16067] Client: [0m---after writing in log upd_msg->data.sensor_type = 1
[91m [1776446595.16075] Client: [0m---after writing in log upd_msg->reliable = 1
[91m [1776446595.871941] BSON Message: [0mInside sensor type parsing.
[91m [1776446595.871958] BSON Message: [0mInside sensor type parsing end.
[91m [1776446595.871970] BSON Message: [0mInside sid parsing
[91m [1776446595.871975] BSON Message: [0mInside temp1 parsing.
[91m [1776446595.871980] Client: [0m---before writing in log upd_msg->seq_no= 438
[91m [1776446595.871985] Client: [0m---before writing in log upd_msg->type= 4
[91m [1776446595.871989] Client: [0m---before writing in log upd_msg->frag_no= 0
[91m [1776446595.871994] Client: [0m---before writing in log upd_msg->reliable= 1
[91m [1776446595.871999] Client: [0m---before writing in log upd_msg->data.sensor_type= 1
[91m [1776446595.872004] Client: [0m---before writing in log upd_msg->data.sid= temp_1
[91m [1776446595.872011] Client: [0m---after writing in log upd_msg->seq_no = 438
[91m [1776446595.872016] Client: [0m---after writing in log upd_msg->data.sensor_type = 1
[91m [1776446595.872021] Client: [0m---after writing in log upd_msg->reliable = 1
[91m [1776446595.885101] BSON Message: [0mInside sensor type parsing.
[91m [1776446595.885113] BSON Message: [0mInside sensor type parsing end.
[91m [1776446595.885118] BSON Message: [0mInside sid parsing
[91m [1776446595.885125] Client: [0m---before writing in log upd_msg->seq_no= 176
[91m [1776446595.885130] Client: [0m---before writing in log upd_msg->type= 4
[91m [1776446595.885135] Client: [0m---before writing in log upd_msg->frag_no= 0
[91m [1776446595.885140] Client: [0m---before writing in log upd_msg->reliable= 1
[91m [1776446595.885145] Client: [0m---before writing in log upd_msg->data.sensor_type= 2
[91m [1776446595.885151] Client: [0m---before writing in log upd_msg->data.sid= device_0
[91m [1776446595.885157] Client: [0m---after writing in log upd_msg->seq_no = 176
[91m [1776446595.885162] Client: [0m---after writing in log upd_msg->data.sensor_type = 2
[91m [1776446595.885167] Client: [0m---after writing in log upd_msg->reliable = 1
[91m [1776446596.15754] BSON Message: [0mInside sensor type parsing.
[91m [1776446596.15762] BSON Message: [0mInside sensor type parsing end.
[91m [1776446596.15766] BSON Message: [0mInside sid parsing
[91m [1776446596.15771] BSON Message: [0mInside temp1 parsing.
[91m [1776446596.15777] Client: [0m---before writing in log upd_msg->seq_no= 439
[91m [1776446596.15781] Client: [0m---before writing in log upd_msg->type= 4
[91m [1776446596.15785] Client: [0m---before writing in log upd_msg->frag_no= 0
[91m [1776446596.15789] Client: [0m---before writing in log upd_msg->reliable= 1
[91m [1776446596.15793] Client: [0m---before writing in log upd_msg->data.sensor_type= 1
[91m [1776446596.15797] Client: [0m---before writing in log upd_msg->data.sid= temp_1
[91m [1776446596.15802] Client: [0m---after writing in log upd_msg->seq_no = 439
[91m [1776446596.15806] Client: [0m---after writing in log upd_msg->data.sensor_type = 1
[91m [1776446596.15810] Client: [0m---after writing in log upd_msg->reliable = 1
[91m [1776446596.872116] BSON Message: [0mInside sensor type parsing.
[91m [1776446596.872126] BSON Message: [0mInside sensor type parsing end.
[91m [1776446596.872131] BSON Message: [0mInside sid parsing
[91m [1776446596.872136] BSON Message: [0mInside temp1 parsing.
[91m [1776446596.872140] Client: [0m---before writing in log upd_msg->seq_no= 440
[91m [1776446596.872144] Client: [0m---before writing in log upd_msg->type= 4
[91m [1776446596.872147] Client: [0m---before writing in log upd_msg->frag_no= 0
[91m [1776446596.872150] Client: [0m---before writing in log upd_msg->reliable= 1
[91m [1776446596.872153] Client: [0m---before writing in log upd_msg->data.sensor_type= 1
[91m [1776446596.872157] Client: [0m---before writing in log upd_msg->data.sid= temp_1
[91m [1776446596.872162] Client: [0m---after writing in log upd_msg->seq_no = 440
[91m [1776446596.872166] Client: [0m---after writing in log upd_msg->data.sensor_type = 1
[91m [1776446596.872170] Client: [0m---after writing in log upd_msg->reliable = 1
[91m [1776446597.16244] BSON Message: [0mInside sensor type parsing.
[91m [1776446597.16256] BSON Message: [0mInside sensor type parsing end.
[91m [1776446597.16266] BSON Message: [0mInside sid parsing
[91m [1776446597.16270] BSON Message: [0mInside temp1 parsing.
[91m [1776446597.16276] Client: [0m---before writing in log upd_msg->seq_no= 441
[91m [1776446597.16280] Client: [0m---before writing in log upd_msg->type= 4
[91m [1776446597.16284] Client: [0m---before writing in log upd_msg->frag_no= 0
[91m [1776446597.16288] Client: [0m---before writing in log upd_msg->reliable= 1
[91m [1776446597.16291] Client: [0m---before writing in log upd_msg->data.sensor_type= 1
[91m [1776446597.16295] Client: [0m---before writing in log upd_msg->data.sid= temp_1
[91m [1776446597.16300] Client: [0m---after writing in log upd_msg->seq_no = 441
[91m [1776446597.16304] Client: [0m---after writing in log upd_msg->data.sensor_type = 1
[91m [1776446597.16308] Client: [0m---after writing in log upd_msg->reliable = 1
[91m [1776446597.872378] BSON Message: [0mInside sensor type parsing.
[91m [1776446597.872388] BSON Message: [0mInside sensor type parsing end.
[91m [1776446597.872393] BSON Message: [0mInside sid parsing
[91m [1776446597.872398] BSON Message: [0mInside temp1 parsing.
[91m [1776446597.872405] Client: [0m---before writing in log upd_msg->seq_no= 442
[91m [1776446597.872412] Client: [0m---before writing in log upd_msg->type= 4
[91m [1776446597.872418] Client: [0m---before writing in log upd_msg->frag_no= 0
[91m [1776446597.872423] Client: [0m---before writing in log upd_msg->reliable= 1
[91m [1776446597.872428] Client: [0m---before writing in log upd_msg->data.sensor_type= 1
[91m [1776446597.872433] Client: [0m---before writing in log upd_msg->data.sid= temp_1
[91m [1776446597.872439] Client: [0m---after writing in log upd_msg->seq_no = 442
[91m [1776446597.872444] Client: [0m---after writing in log upd_msg->data.sensor_type = 1
[91m [1776446597.872449] Client: [0m---after writing in log upd_msg->reliable = 1
[91m [1776446598.16537] BSON Message: [0mInside sensor type parsing.
[91m [1776446598.16550] BSON Message: [0mInside sensor type parsing end.
[91m [1776446598.16556] BSON Message: [0mInside sid parsing
[91m [1776446598.16562] BSON Message: [0mInside temp1 parsing.
[91m [1776446598.16569] Client: [0m---before writing in log upd_msg->seq_no= 443
[91m [1776446598.16574] Client: [0m---before writing in log upd_msg->type= 4
[91m [1776446598.16580] Client: [0m---before writing in log upd_msg->frag_no= 0
[91m [1776446598.16586] Client: [0m---before writing in log upd_msg->reliable= 1
[91m [1776446598.16592] Client: [0m---before writing in log upd_msg->data.sensor_type= 1
[91m [1776446598.16598] Client: [0m---before writing in log upd_msg->data.sid= temp_1
[91m [1776446598.16604] Client: [0m---after writing in log upd_msg->seq_no = 443
[91m [1776446598.16610] Client: [0m---after writing in log upd_msg->data.sensor_type = 1
[91m [1776446598.16615] Client: [0m---after writing in log upd_msg->reliable = 1
[91m [1776446598.484370] BSON Message: [0mInside sensor type parsing.
[91m [1776446598.484382] BSON Message: [0mInside sensor type parsing end.
[91m [1776446598.484389] BSON Message: [0mInside sid parsing
[91m [1776446598.484396] Client: [0m---before writing in log upd_msg->seq_no= 177
[91m [1776446598.484402] Client: [0m---before writing in log upd_msg->type= 4
[91m [1776446598.484407] Client: [0m---before writing in log upd_msg->frag_no= 0
[91m [1776446598.484413] Client: [0m---before writing in log upd_msg->reliable= 1
[91m [1776446598.484418] Client: [0m---before writing in log upd_msg->data.sensor_type= 2
[91m [1776446598.484424] Client: [0m---before writing in log upd_msg->data.sid= device_0
[91m [1776446598.484430] Client: [0m---after writing in log upd_msg->seq_no = 177
[91m [1776446598.484436] Client: [0m---after writing in log upd_msg->data.sensor_type = 2
[91m [1776446598.484441] Client: [0m---after writing in log upd_msg->reliable = 1
[91m [1776446598.872760] BSON Message: [0mInside sensor type parsing.
[91m [1776446598.872772] BSON Message: [0mInside sensor type parsing end.
[91m [1776446598.872783] BSON Message: [0mInside sid parsing
[91m [1776446598.872788] BSON Message: [0mInside temp1 parsing.
[91m [1776446598.872794] Client: [0m---before writing in log upd_msg->seq_no= 444
[91m [1776446598.872799] Client: [0m---before writing in log upd_msg->type= 4
[91m [1776446598.872804] Client: [0m---before writing in log upd_msg->frag_no= 0
[91m [1776446598.872809] Client: [0m---before writing in log upd_msg->reliable= 1
[91m [1776446598.872813] Client: [0m---before writing in log upd_msg->data.sensor_type= 1
[91m [1776446598.872818] Client: [0m---before writing in log upd_msg->data.sid= temp_1
[91m [1776446598.872823] Client: [0m---after writing in log upd_msg->seq_no = 444
[91m [1776446598.872827] Client: [0m---after writing in log upd_msg->data.sensor_type = 1
[91m [1776446598.872831] Client: [0m---after writing in log upd_msg->reliable = 1
[91m [1776446599.16740] BSON Message: [0mInside sensor type parsing.
[91m [1776446599.16749] BSON Message: [0mInside sensor type parsing end.
[91m [1776446599.16754] BSON Message: [0mInside sid parsing
[91m [1776446599.16758] BSON Message: [0mInside temp1 parsing.
[91m [1776446599.16762] Client: [0m---before writing in log upd_msg->seq_no= 445
[91m [1776446599.16766] Client: [0m---before writing in log upd_msg->type= 4
[91m [1776446599.16770] Client: [0m---before writing in log upd_msg->frag_no= 0
[91m [1776446599.16774] Client: [0m---before writing in log upd_msg->reliable= 1
[91m [1776446599.16779] Client: [0m---before writing in log upd_msg->data.sensor_type= 1
[91m [1776446599.16783] Client: [0m---before writing in log upd_msg->data.sid= temp_1
[91m [1776446599.16789] Client: [0m---after writing in log upd_msg->seq_no = 445
[91m [1776446599.16792] Client: [0m---after writing in log upd_msg->data.sensor_type = 1
[91m [1776446599.16796] Client: [0m---after writing in log upd_msg->reliable = 1
[91m [1776446599.77747] BSON Message: [0mInside sensor type parsing.
[91m [1776446599.77756] BSON Message: [0mInside sensor type parsing end.
[91m [1776446599.77760] BSON Message: [0mInside sid parsing
[91m [1776446599.77766] Client: [0m---before writing in log upd_msg->seq_no= 178
[91m [1776446599.77770] Client: [0m---before writing in log upd_msg->type= 4
[91m [1776446599.77774] Client: [0m---before writing in log upd_msg->frag_no= 0
[91m [1776446599.77778] Client: [0m---before writing in log upd_msg->reliable= 1
[91m [1776446599.77781] Client: [0m---before writing in log upd_msg->data.sensor_type= 2
[91m [1776446599.77785] Client: [0m---before writing in log upd_msg->data.sid= device_0
[91m [1776446599.77789] Client: [0m---after writing in log upd_msg->seq_no = 178
[91m [1776446599.77793] Client: [0m---after writing in log upd_msg->data.sensor_type = 2
[91m [1776446599.77798] Client: [0m---after writing in log upd_msg->reliable = 1
[91m [1776446599.872978] BSON Message: [0mInside sensor type parsing.
[91m [1776446599.872987] BSON Message: [0mInside sensor type parsing end.
[91m [1776446599.872991] BSON Message: [0mInside sid parsing
[91m [1776446599.872995] BSON Message: [0mInside temp1 parsing.
[91m [1776446599.873000] Client: [0m---before writing in log upd_msg->seq_no= 446
[91m [1776446599.873004] Client: [0m---before writing in log upd_msg->type= 4
[91m [1776446599.873009] Client: [0m---before writing in log upd_msg->frag_no= 0
[91m [1776446599.873013] Client: [0m---before writing in log upd_msg->reliable= 1
[91m [1776446599.873018] Client: [0m---before writing in log upd_msg->data.sensor_type= 1
[91m [1776446599.873021] Client: [0m---before writing in log upd_msg->data.sid= temp_1
[91m [1776446599.873025] Client: [0m---after writing in log upd_msg->seq_no = 446
[91m [1776446599.873030] Client: [0m---after writing in log upd_msg->data.sensor_type = 1
[91m [1776446599.873034] Client: [0m---after writing in log upd_msg->reliable = 1
[91m [1776446600.16951] BSON Message: [0mInside sensor type parsing.
[91m [1776446600.16961] BSON Message: [0mInside sensor type parsing end.
[91m [1776446600.16971] BSON Message: [0mInside sid parsing
[91m [1776446600.16976] BSON Message: [0mInside temp1 parsing.
[91m [1776446600.16982] Client: [0m---before writing in log upd_msg->seq_no= 447
[91m [1776446600.16988] Client: [0m---before writing in log upd_msg->type= 4
[91m [1776446600.16993] Client: [0m---before writing in log upd_msg->frag_no= 0
[91m [1776446600.16998] Client: [0m---before writing in log upd_msg->reliable= 1
[91m [1776446600.17002] Client: [0m---before writing in log upd_msg->data.sensor_type= 1
[91m [1776446600.17006] Client: [0m---before writing in log upd_msg->data.sid= temp_1
[91m [1776446600.17011] Client: [0m---after writing in log upd_msg->seq_no = 447
[91m [1776446600.17014] Client: [0m---after writing in log upd_msg->data.sensor_type = 1
[91m [1776446600.17030] Client: [0m---after writing in log upd_msg->reliable = 1
[91m [1776446600.873133] BSON Message: [0mInside sensor type parsing.
[91m [1776446600.873147] BSON Message: [0mInside sensor type parsing end.
[91m [1776446600.873155] BSON Message: [0mInside sid parsing
[91m [1776446600.873162] BSON Message: [0mInside temp1 parsing.
[91m [1776446600.873171] Client: [0m---before writing in log upd_msg->seq_no= 448
[91m [1776446600.873179] Client: [0m---before writing in log upd_msg->type= 4
[91m [1776446600.873186] Client: [0m---before writing in log upd_msg->frag_no= 0
[91m [1776446600.873193] Client: [0m---before writing in log upd_msg->reliable= 1
[91m [1776446600.873197] Client: [0m---before writing in log upd_msg->data.sensor_type= 1
[91m [1776446600.873202] Client: [0m---before writing in log upd_msg->data.sid= temp_1
[91m [1776446600.873210] Client: [0m---after writing in log upd_msg->seq_no = 448
[91m [1776446600.873214] Client: [0m---after writing in log upd_msg->data.sensor_type = 1
[91m [1776446600.873221] Client: [0m---after writing in log upd_msg->reliable = 1
[91m [1776446601.17424] BSON Message: [0mInside sensor type parsing.
[91m [1776446601.17437] BSON Message: [0mInside sensor type parsing end.
[91m [1776446601.17443] BSON Message: [0mInside sid parsing
[91m [1776446601.17450] BSON Message: [0mInside temp1 parsing.
[91m [1776446601.17457] Client: [0m---before writing in log upd_msg->seq_no= 449
[91m [1776446601.17462] Client: [0m---before writing in log upd_msg->type= 4
[91m [1776446601.17466] Client: [0m---before writing in log upd_msg->frag_no= 0
[91m [1776446601.17471] Client: [0m---before writing in log upd_msg->reliable= 1
[91m [1776446601.17476] Client: [0m---before writing in log upd_msg->data.sensor_type= 1
[91m [1776446601.17481] Client: [0m---before writing in log upd_msg->data.sid= temp_1
[91m [1776446601.17490] Client: [0m---after writing in log upd_msg->seq_no = 449
[91m [1776446601.17496] Client: [0m---after writing in log upd_msg->data.sensor_type = 1
[91m [1776446601.17502] Client: [0m---after writing in log upd_msg->reliable = 1
[91m [1776446601.98439] BSON Message: [0mInside sensor type parsing.
[91m [1776446601.98449] BSON Message: [0mInside sensor type parsing end.
[91m [1776446601.98454] BSON Message: [0mInside sid parsing
[91m [1776446601.98460] Client: [0m---before writing in log upd_msg->seq_no= 179
[91m [1776446601.98464] Client: [0m---before writing in log upd_msg->type= 4
[91m [1776446601.98469] Client: [0m---before writing in log upd_msg->frag_no= 0
[91m [1776446601.98474] Client: [0m---before writing in log upd_msg->reliable= 1
[91m [1776446601.98478] Client: [0m---before writing in log upd_msg->data.sensor_type= 2
[91m [1776446601.98483] Client: [0m---before writing in log upd_msg->data.sid= device_0
[91m [1776446601.98488] Client: [0m---after writing in log upd_msg->seq_no = 179
[91m [1776446601.98493] Client: [0m---after writing in log upd_msg->data.sensor_type = 2
[91m [1776446601.98498] Client: [0m---after writing in log upd_msg->reliable = 1
[91m [1776446601.220327] BSON Message: [0mInside sensor type parsing.
[91m [1776446601.220338] BSON Message: [0mInside sensor type parsing end.
[91m [1776446601.220348] BSON Message: [0mInside sid parsing
[91m [1776446601.220353] BSON Message: [0mInside gps1 parsing.
[91m [1776446601.220359] Client: [0m---before writing in log upd_msg->seq_no= 43
[91m [1776446601.220365] Client: [0m---before writing in log upd_msg->type= 4
[91m [1776446601.220368] Client: [0m---before writing in log upd_msg->frag_no= 0
[91m [1776446601.220372] Client: [0m---before writing in log upd_msg->reliable= 1
[91m [1776446601.220377] Client: [0m---before writing in log upd_msg->data.sensor_type= 3
[91m [1776446601.220382] Client: [0m---before writing in log upd_msg->data.sid= gps_2
[91m [1776446601.220388] Client: [0m---after writing in log upd_msg->seq_no = 43
[91m [1776446601.220393] Client: [0m---after writing in log upd_msg->data.sensor_type = 3
[91m [1776446601.220397] Client: [0m---after writing in log upd_msg->reliable = 1
[91m [1776446601.873843] BSON Message: [0mInside sensor type parsing.
[91m [1776446601.873854] BSON Message: [0mInside sensor type parsing end.
[91m [1776446601.873859] BSON Message: [0mInside sid parsing
[91m [1776446601.873865] BSON Message: [0mInside temp1 parsing.
[91m [1776446601.873873] Client: [0m---before writing in log upd_msg->seq_no= 450
[91m [1776446601.873878] Client: [0m---before writing in log upd_msg->type= 4
[91m [1776446601.873883] Client: [0m---before writing in log upd_msg->frag_no= 0
[91m [1776446601.873888] Client: [0m---before writing in log upd_msg->reliable= 1
[91m [1776446601.873893] Client: [0m---before writing in log upd_msg->data.sensor_type= 1
[91m [1776446601.873898] Client: [0m---before writing in log upd_msg->data.sid= temp_1
[91m [1776446601.873904] Client: [0m---after writing in log upd_msg->seq_no = 450
[91m [1776446601.873909] Client: [0m---after writing in log upd_msg->data.sensor_type = 1
[91m [1776446601.873914] Client: [0m---after writing in log upd_msg->reliable = 1
[91m [1776446602.17748] BSON Message: [0mInside sensor type parsing.
[91m [1776446602.17759] BSON Message: [0mInside sensor type parsing end.
[91m [1776446602.17764] BSON Message: [0mInside sid parsing
[91m [1776446602.17769] BSON Message: [0mInside temp1 parsing.
[91m [1776446602.17774] Client: [0m---before writing in log upd_msg->seq_no= 451
[91m [1776446602.17779] Client: [0m---before writing in log upd_msg->type= 4
[91m [1776446602.17783] Client: [0m---before writing in log upd_msg->frag_no= 0
[91m [1776446602.17788] Client: [0m---before writing in log upd_msg->reliable= 1
[91m [1776446602.17793] Client: [0m---before writing in log upd_msg->data.sensor_type= 1
[91m [1776446602.17798] Client: [0m---before writing in log upd_msg->data.sid= temp_1
[91m [1776446602.17804] Client: [0m---after writing in log upd_msg->seq_no = 451
[91m [1776446602.17810] Client: [0m---after writing in log upd_msg->data.sensor_type = 1
[91m [1776446602.17815] Client: [0m---after writing in log upd_msg->reliable = 1
[91m [1776446602.873672] BSON Message: [0mInside sensor type parsing.
[91m [1776446602.873680] BSON Message: [0mInside sensor type parsing end.
[91m [1776446602.873683] BSON Message: [0mInside sid parsing
[91m [1776446602.873688] BSON Message: [0mInside temp1 parsing.
[91m [1776446602.873693] Client: [0m---before writing in log upd_msg->seq_no= 452
[91m [1776446602.873698] Client: [0m---before writing in log upd_msg->type= 4
[91m [1776446602.873702] Client: [0m---before writing in log upd_msg->frag_no= 0
[91m [1776446602.873707] Client: [0m---before writing in log upd_msg->reliable= 1
[91m [1776446602.873711] Client: [0m---before writing in log upd_msg->data.sensor_type= 1
[91m [1776446602.873715] Client: [0m---before writing in log upd_msg->data.sid= temp_1
[91m [1776446602.873720] Client: [0m---after writing in log upd_msg->seq_no = 452
[91m [1776446602.873723] Client: [0m---after writing in log upd_msg->data.sensor_type = 1
[91m [1776446602.873727] Client: [0m---after writing in log upd_msg->reliable = 1
[91m [1776446603.17945] BSON Message: [0mInside sensor type parsing.
[91m [1776446603.17966] BSON Message: [0mInside sensor type parsing end.
[91m [1776446603.17971] BSON Message: [0mInside sid parsing
[91m [1776446603.17976] BSON Message: [0mInside temp1 parsing.
[91m [1776446603.17981] Client: [0m---before writing in log upd_msg->seq_no= 453
[91m [1776446603.17986] Client: [0m---before writing in log upd_msg->type= 4
[91m [1776446603.17990] Client: [0m---before writing in log upd_msg->frag_no= 0
[91m [1776446603.17994] Client: [0m---before writing in log upd_msg->reliable= 1
[91m [1776446603.17998] Client: [0m---before writing in log upd_msg->data.sensor_type= 1
[91m [1776446603.18002] Client: [0m---before writing in log upd_msg->data.sid= temp_1
[91m [1776446603.18007] Client: [0m---after writing in log upd_msg->seq_no = 453
[91m [1776446603.18011] Client: [0m---after writing in log upd_msg->data.sensor_type = 1
[91m [1776446603.18014] Client: [0m---after writing in log upd_msg->reliable = 1
[91m [1776446603.710598] BSON Message: [0mInside sensor type parsing.
[91m [1776446603.710612] BSON Message: [0mInside sensor type parsing end.
[91m [1776446603.710618] BSON Message: [0mInside sid parsing
[91m [1776446603.710624] Client: [0m---before writing in log upd_msg->seq_no= 180
[91m [1776446603.710628] Client: [0m---before writing in log upd_msg->type= 4
[91m [1776446603.710633] Client: [0m---before writing in log upd_msg->frag_no= 0
[91m [1776446603.710637] Client: [0m---before writing in log upd_msg->reliable= 1
[91m [1776446603.710642] Client: [0m---before writing in log upd_msg->data.sensor_type= 2
[91m [1776446603.710646] Client: [0m---before writing in log upd_msg->data.sid= device_0
[91m [1776446603.710651] Client: [0m---after writing in log upd_msg->seq_no = 180
[91m [1776446603.710656] Client: [0m---after writing in log upd_msg->data.sensor_type = 2
[91m [1776446603.710661] Client: [0m---after writing in log upd_msg->reliable = 1
[91m [1776446603.842353] BSON Message: [0mInside sensor type parsing.
[91m [1776446603.842367] BSON Message: [0mInside sensor type parsing end.
[91m [1776446603.842373] BSON Message: [0mInside sid parsing
[91m [1776446603.842380] Client: [0m---before writing in log upd_msg->seq_no= 181
[91m [1776446603.842386] Client: [0m---before writing in log upd_msg->type= 4
[91m [1776446603.842392] Client: [0m---before writing in log upd_msg->frag_no= 0
[91m [1776446603.842397] Client: [0m---before writing in log upd_msg->reliable= 1
[91m [1776446603.842402] Client: [0m---before writing in log upd_msg->data.sensor_type= 2
[91m [1776446603.842408] Client: [0m---before writing in log upd_msg->data.sid= device_0
[91m [1776446603.842415] Client: [0m---after writing in log upd_msg->seq_no = 181
[91m [1776446603.842421] Client: [0m---after writing in log upd_msg->data.sensor_type = 2
[91m [1776446603.842426] Client: [0m---after writing in log upd_msg->reliable = 1
[91m [1776446603.874051] BSON Message: [0mInside sensor type parsing.
[91m [1776446603.874065] BSON Message: [0mInside sensor type parsing end.
[91m [1776446603.874070] BSON Message: [0mInside sid parsing
[91m [1776446603.874075] BSON Message: [0mInside temp1 parsing.
[91m [1776446603.874081] Client: [0m---before writing in log upd_msg->seq_no= 454
[91m [1776446603.874086] Client: [0m---before writing in log upd_msg->type= 4
[91m [1776446603.874091] Client: [0m---before writing in log upd_msg->frag_no= 0
[91m [1776446603.874096] Client: [0m---before writing in log upd_msg->reliable= 1
[91m [1776446603.874101] Client: [0m---before writing in log upd_msg->data.sensor_type= 1
[91m [1776446603.874105] Client: [0m---before writing in log upd_msg->data.sid= temp_1
[91m [1776446603.874111] Client: [0m---after writing in log upd_msg->seq_no = 454
[91m [1776446603.874115] Client: [0m---after writing in log upd_msg->data.sensor_type = 1
[91m [1776446603.874120] Client: [0m---after writing in log upd_msg->reliable = 1
[91m [1776446604.18379] BSON Message: [0mInside sensor type parsing.
[91m [1776446604.18396] BSON Message: [0mInside sensor type parsing end.
[91m [1776446604.18401] BSON Message: [0mInside sid parsing
[91m [1776446604.18405] BSON Message: [0mInside temp1 parsing.
[91m [1776446604.18411] Client: [0m---before writing in log upd_msg->seq_no= 455
[91m [1776446604.18414] Client: [0m---before writing in log upd_msg->type= 4
[91m [1776446604.18418] Client: [0m---before writing in log upd_msg->frag_no= 0
[91m [1776446604.18422] Client: [0m---before writing in log upd_msg->reliable= 1
[91m [1776446604.18426] Client: [0m---before writing in log upd_msg->data.sensor_type= 1
[91m [1776446604.18430] Client: [0m---before writing in log upd_msg->data.sid= temp_1
[91m [1776446604.18435] Client: [0m---after writing in log upd_msg->seq_no = 455
[91m [1776446604.18439] Client: [0m---after writing in log upd_msg->data.sensor_type = 1
[91m [1776446604.18442] Client: [0m---after writing in log upd_msg->reliable = 1
[91m [1776446604.874598] BSON Message: [0mInside sensor type parsing.
[91m [1776446604.874610] BSON Message: [0mInside sensor type parsing end.
[91m [1776446604.874615] BSON Message: [0mInside sid parsing
[91m [1776446604.874619] BSON Message: [0mInside temp1 parsing.
[91m [1776446604.874625] Client: [0m---before writing in log upd_msg->seq_no= 456
[91m [1776446604.874630] Client: [0m---before writing in log upd_msg->type= 4
[91m [1776446604.874635] Client: [0m---before writing in log upd_msg->frag_no= 0
[91m [1776446604.874640] Client: [0m---before writing in log upd_msg->reliable= 1
[91m [1776446604.874645] Client: [0m---before writing in log upd_msg->data.sensor_type= 1
[91m [1776446604.874650] Client: [0m---before writing in log upd_msg->data.sid= temp_1
[91m [1776446604.874655] Client: [0m---after writing in log upd_msg->seq_no = 456
[91m [1776446604.874660] Client: [0m---after writing in log upd_msg->data.sensor_type = 1
[91m [1776446604.874665] Client: [0m---after writing in log upd_msg->reliable = 1
[91m [1776446605.18650] BSON Message: [0mInside sensor type parsing.
[91m [1776446605.18663] BSON Message: [0mInside sensor type parsing end.
[91m [1776446605.18669] BSON Message: [0mInside sid parsing
[91m [1776446605.18675] BSON Message: [0mInside temp1 parsing.
[91m [1776446605.18682] Client: [0m---before writing in log upd_msg->seq_no= 457
[91m [1776446605.18687] Client: [0m---before writing in log upd_msg->type= 4
[91m [1776446605.18692] Client: [0m---before writing in log upd_msg->frag_no= 0
[91m [1776446605.18697] Client: [0m---before writing in log upd_msg->reliable= 1
[91m [1776446605.18702] Client: [0m---before writing in log upd_msg->data.sensor_type= 1
[91m [1776446605.18707] Client: [0m---before writing in log upd_msg->data.sid= temp_1
[91m [1776446605.18713] Client: [0m---after writing in log upd_msg->seq_no = 457
[91m [1776446605.18718] Client: [0m---after writing in log upd_msg->data.sensor_type = 1
[91m [1776446605.18723] Client: [0m---after writing in log upd_msg->reliable = 1
[91m [1776446605.874606] BSON Message: [0mInside sensor type parsing.
[91m [1776446605.874618] BSON Message: [0mInside sensor type parsing end.
[91m [1776446605.874623] BSON Message: [0mInside sid parsing
[91m [1776446605.874628] BSON Message: [0mInside temp1 parsing.
ver.
Message type is 4
---------Update message arrived------------ 1
Got a message from the server.
Message type is 4
---------Update message arrived------------ 1
Got a message from the server.
Message type is 4
---------Update message arrived------------ 1
Got a message from the server.
Message type is 4
---------Update message arrived------------ 1
Got a message from the server.
Message type is 4
---------Update message arrived------------ 1
Got a message from the server.
Message type is 4
---------Update message arrived------------ 1
Got a message from the server.
Message type is 4
---------Update message arrived------------ 1
Got a message from the server.
Message type is 4
---------Update message arrived------------ 1
Got a message from the server.
Message type is 4
---------Update message arrived------------ 1
Got a message from the server.
Message type is 4
---------Update message arrived------------ 1
Got a message from the server.
Message type is 4
---------Update message arrived------------ 1
Got a message from the server.
Message type is 4
---------Update message arrived------------ 1
Got a message from the server.
Message type is 4
---------Update message arrived------------ 1
Got a message from the server.
Message type is 4
---------Update message arrived------------ 1
Got a message from the server.
Message type is 4
---------Update message arrived------------ 1
Got a message from the server.
Message type is 4
---------Update message arrived------------ 1
Got a message from the server.
Message type is 4
---------Update message arrived------------ 1
Got a message from the server.
Message type is 4
---------Update message arrived------------ 1
Got a message from the server.
Message type is 4
---------Update message arrived------------ 1
Got a message from the server.
Message type is 4
---------Update message arrived------------ 1
Got a message from the server.
Message type is 4
---------Update message arrived------------ 1
Got a message from the server.
Message type is 4
---------Update message arrived------------ 1
Got a message from the server.
Message type is 4
---------Update message arrived------------ 1
Got a message from the server.
Message type is 4
---------Update message arrived------------ 1
Got a message from the server.
Message type is 4
---------Update message arrived------------ 1
Got a message from the server.
Message type is 4
---------Update message arrived------------ 1
Got a message from the server.
Message type is 4
---------Update message arrived------------ 1
Got a message from the server.
Message type is 4
---------Update message arrived------------ 1
Got a message from the server.
Message type is 4
---------Update message arrived------------ 1
Got a message from the server.
Message type is 4
---------Update message arrived------------ 1
Got a message from the server.
Message type is 4
---------Update message arrived------------ 1
Got a message from the server.
Message type is 4
---------Update message arrived------------ 1
Got a message from the server.
Message type is 4
---------Update message arrived------------ 1
Got a message from the server.
Message type is 4
---------Update message arrived------------ 1
Got a message from the server.
Message type is 4
---------Update message arrived------------ 1
Got a message from the server.
Message type is 4
---------Update message arrived------------ 1
Got a message from the server.
Message type is 4
---------Update message arrived------------ 1
Got a message from the server.
Message type is 4
---------Update message arrived------------ 1
Got a message from the server.
Message type is 4
---------Update message arrived------------ 1
Got a message from the server.
Message type is 4
---------Update message arrived------------ 1
Got a message from the server.
Message type is 4
---------Update message arrived------------ 1
Got a message from the server.
Message type is 4
---------Update message arrived------------ 1
Got a message from the server.
Message type is 4
---------Update message arrived------------ 1
Got a message from the server.
Messag[91m [1776446605.874641] Client: [0m---before writing in log upd_msg->seq_no= 458
[91m [1776446605.874646] Client: [0m---before writing in log upd_msg->type= 4
[91m [1776446605.874651] Client: [0m---before writing in log upd_msg->frag_no= 0
[91m [1776446605.874655] Client: [0m---before writing in log upd_msg->reliable= 1
[91m [1776446605.874660] Client: [0m---before writing in log upd_msg->data.sensor_type= 1
[91m [1776446605.874664] Client: [0m---before writing in log upd_msg->data.sid= temp_1
[91m [1776446605.874669] Client: [0m---after writing in log upd_msg->seq_no = 458
[91m [1776446605.874673] Client: [0m---after writing in log upd_msg->data.sensor_type = 1
[91m [1776446605.874678] Client: [0m---after writing in log upd_msg->reliable = 1
[91m [1776446606.18725] BSON Message: [0mInside sensor type parsing.
[91m [1776446606.18736] BSON Message: [0mInside sensor type parsing end.
[91m [1776446606.18741] BSON Message: [0mInside sid parsing
[91m [1776446606.18747] BSON Message: [0mInside temp1 parsing.
[91m [1776446606.18753] Client: [0m---before writing in log upd_msg->seq_no= 459
[91m [1776446606.18758] Client: [0m---before writing in log upd_msg->type= 4
[91m [1776446606.18763] Client: [0m---before writing in log upd_msg->frag_no= 0
[91m [1776446606.18767] Client: [0m---before writing in log upd_msg->reliable= 1
[91m [1776446606.18771] Client: [0m---before writing in log upd_msg->data.sensor_type= 1
[91m [1776446606.18776] Client: [0m---before writing in log upd_msg->data.sid= temp_1
[91m [1776446606.18781] Client: [0m---after writing in log upd_msg->seq_no = 459
[91m [1776446606.18786] Client: [0m---after writing in log upd_msg->data.sensor_type = 1
[91m [1776446606.18791] Client: [0m---after writing in log upd_msg->reliable = 1
[91m [1776446606.875016] BSON Message: [0mInside sensor type parsing.
[91m [1776446606.875031] BSON Message: [0mInside sensor type parsing end.
[91m [1776446606.875039] BSON Message: [0mInside sid parsing
[91m [1776446606.875046] BSON Message: [0mInside temp1 parsing.
[91m [1776446606.875054] Client: [0m---before writing in log upd_msg->seq_no= 460
[91m [1776446606.875062] Client: [0m---before writing in log upd_msg->type= 4
[91m [1776446606.875068] Client: [0m---before writing in log upd_msg->frag_no= 0
[91m [1776446606.875076] Client: [0m---before writing in log upd_msg->reliable= 1
[91m [1776446606.875082] Client: [0m---before writing in log upd_msg->data.sensor_type= 1
[91m [1776446606.875090] Client: [0m---before writing in log upd_msg->data.sid= temp_1
[91m [1776446606.875097] Client: [0m---after writing in log upd_msg->seq_no = 460
[91m [1776446606.875104] Client: [0m---after writing in log upd_msg->data.sensor_type = 1
[91m [1776446606.875111] Client: [0m---after writing in log upd_msg->reliable = 1
[91m [1776446607.19058] BSON Message: [0mInside sensor type parsing.
[91m [1776446607.19067] BSON Message: [0mInside sensor type parsing end.
[91m [1776446607.19071] BSON Message: [0mInside sid parsing
[91m [1776446607.19075] BSON Message: [0mInside temp1 parsing.
[91m [1776446607.19080] Client: [0m---before writing in log upd_msg->seq_no= 461
[91m [1776446607.19084] Client: [0m---before writing in log upd_msg->type= 4
[91m [1776446607.19088] Client: [0m---before writing in log upd_msg->frag_no= 0
[91m [1776446607.19092] Client: [0m---before writing in log upd_msg->reliable= 1
[91m [1776446607.19096] Client: [0m---before writing in log upd_msg->data.sensor_type= 1
[91m [1776446607.19099] Client: [0m---before writing in log upd_msg->data.sid= temp_1
[91m [1776446607.19105] Client: [0m---after writing in log upd_msg->seq_no = 461
[91m [1776446607.19109] Client: [0m---after writing in log upd_msg->data.sensor_type = 1
[91m [1776446607.19114] Client: [0m---after writing in log upd_msg->reliable = 1
[91m [1776446607.875183] BSON Message: [0mInside sensor type parsing.
[91m [1776446607.875196] BSON Message: [0mInside sensor type parsing end.
[91m [1776446607.875201] BSON Message: [0mInside sid parsing
[91m [1776446607.875206] BSON Message: [0mInside temp1 parsing.
[91m [1776446607.875213] Client: [0m---before writing in log upd_msg->seq_no= 462
[91m [1776446607.875218] Client: [0m---before writing in log upd_msg->type= 4
[91m [1776446607.875223] Client: [0m---before writing in log upd_msg->frag_no= 0
[91m [1776446607.875228] Client: [0m---before writing in log upd_msg->reliable= 1
[91m [1776446607.875233] Client: [0m---before writing in log upd_msg->data.sensor_type= 1
[91m [1776446607.875237] Client: [0m---before writing in log upd_msg->data.sid= temp_1
[91m [1776446607.875243] Client: [0m---after writing in log upd_msg->seq_no = 462
[91m [1776446607.875248] Client: [0m---after writing in log upd_msg->data.sensor_type = 1
[91m [1776446607.875258] Client: [0m---after writing in log upd_msg->reliable = 1
[91m [1776446608.19526] BSON Message: [0mInside sensor type parsing.
[91m [1776446608.19535] BSON Message: [0mInside sensor type parsing end.
[91m [1776446608.19540] BSON Message: [0mInside sid parsing
[91m [1776446608.19544] BSON Message: [0mInside temp1 parsing.
[91m [1776446608.19549] Client: [0m---before writing in log upd_msg->seq_no= 463
[91m [1776446608.19554] Client: [0m---before writing in log upd_msg->type= 4
[91m [1776446608.19558] Client: [0m---before writing in log upd_msg->frag_no= 0
[91m [1776446608.19562] Client: [0m---before writing in log upd_msg->reliable= 1
[91m [1776446608.19566] Client: [0m---before writing in log upd_msg->data.sensor_type= 1
[91m [1776446608.19571] Client: [0m---before writing in log upd_msg->data.sid= temp_1
[91m [1776446608.19577] Client: [0m---after writing in log upd_msg->seq_no = 463
[91m [1776446608.19583] Client: [0m---after writing in log upd_msg->data.sensor_type = 1
[91m [1776446608.19587] Client: [0m---after writing in log upd_msg->reliable = 1
[91m [1776446608.67118] BSON Message: [0mInside sensor type parsing.
[91m [1776446608.67127] BSON Message: [0mInside sensor type parsing end.
[91m [1776446608.67131] BSON Message: [0mInside sid parsing
[91m [1776446608.67136] Client: [0m---before writing in log upd_msg->seq_no= 182
[91m [1776446608.67140] Client: [0m---before writing in log upd_msg->type= 4
[91m [1776446608.67144] Client: [0m---before writing in log upd_msg->frag_no= 0
[91m [1776446608.67148] Client: [0m---before writing in log upd_msg->reliable= 1
[91m [1776446608.67151] Client: [0m---before writing in log upd_msg->data.sensor_type= 2
[91m [1776446608.67156] Client: [0m---before writing in log upd_msg->data.sid= device_0
[91m [1776446608.67161] Client: [0m---after writing in log upd_msg->seq_no = 182
[91m [1776446608.67166] Client: [0m---after writing in log upd_msg->data.sensor_type = 2
[91m [1776446608.67169] Client: [0m---after writing in log upd_msg->reliable = 1
[91m [1776446608.174637] BSON Message: [0mInside sensor type parsing.
[91m [1776446608.174647] BSON Message: [0mInside sensor type parsing end.
[91m [1776446608.174652] BSON Message: [0mInside sid parsing
[91m [1776446608.174657] BSON Message: [0mInside gps1 parsing.
[91m [1776446608.174663] Client: [0m---before writing in log upd_msg->seq_no= 44
[91m [1776446608.174668] Client: [0m---before writing in log upd_msg->type= 4
[91m [1776446608.174673] Client: [0m---before writing in log upd_msg->frag_no= 0
[91m [1776446608.174678] Client: [0m---before writing in log upd_msg->reliable= 1
[91m [1776446608.174683] Client: [0m---before writing in log upd_msg->data.sensor_type= 3
[91m [1776446608.174688] Client: [0m---before writing in log upd_msg->data.sid= gps_2
[91m [1776446608.174696] Client: [0m---after writing in log upd_msg->seq_no = 44
[91m [1776446608.174703] Client: [0m---after writing in log upd_msg->data.sensor_type = 3
[91m [1776446608.174709] Client: [0m---after writing in log upd_msg->reliable = 1
[91m [1776446608.567248] BSON Message: [0mInside sensor type parsing.
[91m [1776446608.567259] BSON Message: [0mInside sensor type parsing end.
[91m [1776446608.567263] BSON Message: [0mInside sid parsing
[91m [1776446608.567269] Client: [0m---before writing in log upd_msg->seq_no= 183
[91m [1776446608.567273] Client: [0m---before writing in log upd_msg->type= 4
[91m [1776446608.567277] Client: [0m---before writing in log upd_msg->frag_no= 0
[91m [1776446608.567281] Client: [0m---before writing in log upd_msg->reliable= 1
[91m [1776446608.567285] Client: [0m---before writing in log upd_msg->data.sensor_type= 2
[91m [1776446608.567289] Client: [0m---before writing in log upd_msg->data.sid= device_0
[91m [1776446608.567294] Client: [0m---after writing in log upd_msg->seq_no = 183
[91m [1776446608.567298] Client: [0m---after writing in log upd_msg->data.sensor_type = 2
[91m [1776446608.567302] Client: [0m---after writing in log upd_msg->reliable = 1
[91m [1776446608.875440] BSON Message: [0mInside sensor type parsing.
[91m [1776446608.875449] BSON Message: [0mInside sensor type parsing end.
[91m [1776446608.875454] BSON Message: [0mInside sid parsing
[91m [1776446608.875459] BSON Message: [0mInside temp1 parsing.
[91m [1776446608.875465] Client: [0m---before writing in log upd_msg->seq_no= 464
[91m [1776446608.875469] Client: [0m---before writing in log upd_msg->type= 4
[91m [1776446608.875474] Client: [0m---before writing in log upd_msg->frag_no= 0
[91m [1776446608.875478] Client: [0m---before writing in log upd_msg->reliable= 1
[91m [1776446608.875482] Client: [0m---before writing in log upd_msg->data.sensor_type= 1
[91m [1776446608.875487] Client: [0m---before writing in log upd_msg->data.sid= temp_1
[91m [1776446608.875492] Client: [0m---after writing in log upd_msg->seq_no = 464
[91m [1776446608.875497] Client: [0m---after writing in log upd_msg->data.sensor_type = 1
[91m [1776446608.875501] Client: [0m---after writing in log upd_msg->reliable = 1
[91m [1776446609.20674] BSON Message: [0mInside sensor type parsing.
[91m [1776446609.20685] BSON Message: [0mInside sensor type parsing end.
[91m [1776446609.20690] BSON Message: [0mInside sid parsing
[91m [1776446609.20694] BSON Message: [0mInside temp1 parsing.
[91m [1776446609.20701] Client: [0m---before writing in log upd_msg->seq_no= 465
[91m [1776446609.20706] Client: [0m---before writing in log upd_msg->type= 4
[91m [1776446609.20711] Client: [0m---before writing in log upd_msg->frag_no= 0
[91m [1776446609.20716] Client: [0m---before writing in log upd_msg->reliable= 0
[91m [1776446609.20723] Client: [0m---before writing in log upd_msg->data.sensor_type= 1
[91m [1776446609.20727] Client: [0m---before writing in log upd_msg->data.sid= temp_1
[91m [1776446609.20732] Client: [0m---after writing in log upd_msg->seq_no = 465
[91m [1776446609.20736] Client: [0m---after writing in log upd_msg->data.sensor_type = 1
[91m [1776446609.20740] Client: [0m---after writing in log upd_msg->reliable = 0
[91m [1776446609.619360] BSON Message: [0mInside sensor type parsing.
[91m [1776446609.619369] BSON Message: [0mInside sensor type parsing end.
[91m [1776446609.619374] BSON Message: [0mInside sid parsing
[91m [1776446609.619378] Client: [0m---before writing in log upd_msg->seq_no= 184
[91m [1776446609.619382] Client: [0m---before writing in log upd_msg->type= 4
[91m [1776446609.619386] Client: [0m---before writing in log upd_msg->frag_no= 0
[91m [1776446609.619390] Client: [0m---before writing in log upd_msg->reliable= 1
[91m [1776446609.619394] Client: [0m---before writing in log upd_msg->data.sensor_type= 2
[91m [1776446609.619398] Client: [0m---before writing in log upd_msg->data.sid= device_0
[91m [1776446609.619404] Client: [0m---after writing in log upd_msg->seq_no = 184
[91m [1776446609.619409] Client: [0m---after writing in log upd_msg->data.sensor_type = 2
[91m [1776446609.619412] Client: [0m---after writing in log upd_msg->reliable = 1
[91m [1776446609.875864] BSON Message: [0mInside sensor type parsing.
[91m [1776446609.875875] BSON Message: [0mInside sensor type parsing end.
[91m [1776446609.875881] BSON Message: [0mInside sid parsing
[91m [1776446609.875886] BSON Message: [0mInside temp1 parsing.
[91m [1776446609.875893] Client: [0m---before writing in log upd_msg->seq_no= 466
[91m [1776446609.875898] Client: [0m---before writing in log upd_msg->type= 4
[91m [1776446609.875902] Client: [0m---before writing in log upd_msg->frag_no= 0
[91m [1776446609.875907] Client: [0m---before writing in log upd_msg->reliable= 1
[91m [1776446609.875912] Client: [0m---before writing in log upd_msg->data.sensor_type= 1
[91m [1776446609.875929] Client: [0m---before writing in log upd_msg->data.sid= temp_1
[91m [1776446609.875935] Client: [0m---after writing in log upd_msg->seq_no = 466
[91m [1776446609.875939] Client: [0m---after writing in log upd_msg->data.sensor_type = 1
[91m [1776446609.875944] Client: [0m---after writing in log upd_msg->reliable = 1
[91m [1776446610.19972] BSON Message: [0mInside sensor type parsing.
[91m [1776446610.19984] BSON Message: [0mInside sensor type parsing end.
[91m [1776446610.19990] BSON Message: [0mInside sid parsing
[91m [1776446610.19996] BSON Message: [0mInside temp1 parsing.
[91m [1776446610.20002] Client: [0m---before writing in log upd_msg->seq_no= 467
[91m [1776446610.20007] Client: [0m---before writing in log upd_msg->type= 4
[91m [1776446610.20012] Client: [0m---before writing in log upd_msg->frag_no= 0
[91m [1776446610.20017] Client: [0m---before writing in log upd_msg->reliable= 1
[91m [1776446610.20021] Client: [0m---before writing in log upd_msg->data.sensor_type= 1
[91m [1776446610.20026] Client: [0m---before writing in log upd_msg->data.sid= temp_1
[91m [1776446610.20031] Client: [0m---after writing in log upd_msg->seq_no = 467
[91m [1776446610.20035] Client: [0m---after writing in log upd_msg->data.sensor_type = 1
[91m [1776446610.20039] Client: [0m---after writing in log upd_msg->reliable = 1
[91m [1776446610.493169] BSON Message: [0mInside sensor type parsing.
[91m [1776446610.493180] BSON Message: [0mInside sensor type parsing end.
[91m [1776446610.493187] BSON Message: [0mInside sid parsing
[91m [1776446610.493193] BSON Message: [0mInside gps1 parsing.
[91m [1776446610.493202] Client: [0m---before writing in log upd_msg->seq_no= 45
[91m [1776446610.493209] Client: [0m---before writing in log upd_msg->type= 4
[91m [1776446610.493215] Client: [0m---before writing in log upd_msg->frag_no= 0
[91m [1776446610.493221] Client: [0m---before writing in log upd_msg->reliable= 1
[91m [1776446610.493229] Client: [0m---before writing in log upd_msg->data.sensor_type= 3
[91m [1776446610.493236] Client: [0m---before writing in log upd_msg->data.sid= gps_2
[91m [1776446610.493247] Client: [0m---after writing in log upd_msg->seq_no = 45
[91m [1776446610.493254] Client: [0m---after writing in log upd_msg->data.sensor_type = 3
[91m [1776446610.493259] Client: [0m---after writing in log upd_msg->reliable = 1
[91m [1776446610.876309] BSON Message: [0mInside sensor type parsing.
[91m [1776446610.876317] BSON Message: [0mInside sensor type parsing end.
[91m [1776446610.876321] BSON Message: [0mInside sid parsing
[91m [1776446610.876325] BSON Message: [0mInside temp1 parsing.
[91m [1776446610.876330] Client: [0m---before writing in log upd_msg->seq_no= 468
[91m [1776446610.876334] Client: [0m---before writing in log upd_msg->type= 4
[91m [1776446610.876338] Client: [0m---before writing in log upd_msg->frag_no= 0
[91m [1776446610.876342] Client: [0m---before writing in log upd_msg->reliable= 1
[91m [1776446610.876346] Client: [0m---before writing in log upd_msg->data.sensor_type= 1
[91m [1776446610.876350] Client: [0m---before writing in log upd_msg->data.sid= temp_1
[91m [1776446610.876356] Client: [0m---after writing in log upd_msg->seq_no = 468
[91m [1776446610.876360] Client: [0m---after writing in log upd_msg->data.sensor_type = 1
[91m [1776446610.876365] Client: [0m---after writing in log upd_msg->reliable = 1
[91m [1776446611.20150] BSON Message: [0mInside sensor type parsing.
[91m [1776446611.20162] BSON Message: [0mInside sensor type parsing end.
[91m [1776446611.20168] BSON Message: [0mInside sid parsing
[91m [1776446611.20173] BSON Message: [0mInside temp1 parsing.
[91m [1776446611.20179] Client: [0m---before writing in log upd_msg->seq_no= 469
[91m [1776446611.20184] Client: [0m---before writing in log upd_msg->type= 4
[91m [1776446611.20188] Client: [0m---before writing in log upd_msg->frag_no= 0
[91m [1776446611.20192] Client: [0m---before writing in log upd_msg->reliable= 1
[91m [1776446611.20196] Client: [0m---before writing in log upd_msg->data.sensor_type= 1
[91m [1776446611.20200] Client: [0m---before writing in log upd_msg->data.sid= temp_1
[91m [1776446611.20205] Client: [0m---after writing in log upd_msg->seq_no = 469
[91m [1776446611.20209] Client: [0m---after writing in log upd_msg->data.sensor_type = 1
[91m [1776446611.20217] Client: [0m---after writing in log upd_msg->reliable = 1
[91m [1776446611.183592] BSON Message: [0mInside sensor type parsing.
[91m [1776446611.183605] BSON Message: [0mInside sensor type parsing end.
[91m [1776446611.183610] BSON Message: [0mInside sid parsing
[91m [1776446611.183616] Client: [0m---before writing in log upd_msg->seq_no= 185
[91m [1776446611.183621] Client: [0m---before writing in log upd_msg->type= 4
[91m [1776446611.183625] Client: [0m---before writing in log upd_msg->frag_no= 0
[91m [1776446611.183630] Client: [0m---before writing in log upd_msg->reliable= 1
[91m [1776446611.183634] Client: [0m---before writing in log upd_msg->data.sensor_type= 2
[91m [1776446611.183639] Client: [0m---before writing in log upd_msg->data.sid= device_0
[91m [1776446611.183644] Client: [0m---after writing in log upd_msg->seq_no = 185
[91m [1776446611.183649] Client: [0m---after writing in log upd_msg->data.sensor_type = 2
[91m [1776446611.183654] Client: [0m---after writing in log upd_msg->reliable = 1
[91m [1776446611.876533] BSON Message: [0mInside sensor type parsing.
[91m [1776446611.876545] BSON Message: [0mInside sensor type parsing end.
[91m [1776446611.876550] BSON Message: [0mInside sid parsing
[91m [1776446611.876555] BSON Message: [0mInside temp1 parsing.
[91m [1776446611.876561] Client: [0m---before writing in log upd_msg->seq_no= 470
[91m [1776446611.876566] Client: [0m---before writing in log upd_msg->type= 4
[91m [1776446611.876574] Client: [0m---before writing in log upd_msg->frag_no= 0
[91m [1776446611.876579] Client: [0m---before writing in log upd_msg->reliable= 1
[91m [1776446611.876583] Client: [0m---before writing in log upd_msg->data.sensor_type= 1
[91m [1776446611.876588] Client: [0m---before writing in log upd_msg->data.sid= temp_1
[91m [1776446611.876593] Client: [0m---after writing in log upd_msg->seq_no = 470
[91m [1776446611.876598] Client: [0m---after writing in log upd_msg->data.sensor_type = 1
[91m [1776446611.876602] Client: [0m---after writing in log upd_msg->reliable = 1
[91m [1776446612.20365] BSON Message: [0mInside sensor type parsing.
[91m [1776446612.20375] BSON Message: [0mInside sensor type parsing end.
[91m [1776446612.20379] BSON Message: [0mInside sid parsing
[91m [1776446612.20384] BSON Message: [0mInside temp1 parsing.
[91m [1776446612.20389] Client: [0m---before writing in log upd_msg->seq_no= 471
[91m [1776446612.20394] Client: [0m---before writing in log upd_msg->type= 4
[91m [1776446612.20398] Client: [0m---before writing in log upd_msg->frag_no= 0
[91m [1776446612.20402] Client: [0m---before writing in log upd_msg->reliable= 1
[91m [1776446612.20407] Client: [0m---before writing in log upd_msg->data.sensor_type= 1
[91m [1776446612.20411] Client: [0m---before writing in log upd_msg->data.sid= temp_1
[91m [1776446612.20415] Client: [0m---after writing in log upd_msg->seq_no = 471
[91m [1776446612.20420] Client: [0m---after writing in log upd_msg->data.sensor_type = 1
[91m [1776446612.20423] Client: [0m---after writing in log upd_msg->reliable = 1
[91m [1776446612.404614] BSON Message: [0mInside sensor type parsing.
[91m [1776446612.404628] BSON Message: [0mInside sensor type parsing end.
[91m [1776446612.404633] BSON Message: [0mInside sid parsing
[91m [1776446612.404639] Client: [0m---before writing in log upd_msg->seq_no= 186
[91m [1776446612.404644] Client: [0m---before writing in log upd_msg->type= 4
[91m [1776446612.404650] Client: [0m---before writing in log upd_msg->frag_no= 0
[91m [1776446612.404654] Client: [0m---before writing in log upd_msg->reliable= 1
[91m [1776446612.404657] Client: [0m---before writing in log upd_msg->data.sensor_type= 2
[91m [1776446612.404661] Client: [0m---before writing in log upd_msg->data.sid= device_0
[91m [1776446612.404665] Client: [0m---after writing in log upd_msg->seq_no = 186
[91m [1776446612.404669] Client: [0m---after writing in log upd_msg->data.sensor_type = 2
[91m [1776446612.404672] Client: [0m---after writing in log upd_msg->reliable = 1
[91m [1776446612.876672] BSON Message: [0mInside sensor type parsing.
[91m [1776446612.876686] BSON Message: [0mInside sensor type parsing end.
[91m [1776446612.876694] BSON Message: [0mInside sid parsing
[91m [1776446612.876702] BSON Message: [0mInside temp1 parsing.
[91m [1776446612.876710] Client: [0m---before writing in log upd_msg->seq_no= 472
[91m [1776446612.876717] Client: [0m---before writing in log upd_msg->type= 4
[91m [1776446612.876724] Client: [0m---before writing in log upd_msg->frag_no= 0
[91m [1776446612.876732] Client: [0m---before writing in log upd_msg->reliable= 0
[91m [1776446612.876739] Client: [0m---before writing in log upd_msg->data.sensor_type= 1
[91m [1776446612.876746] Client: [0m---before writing in log upd_msg->data.sid= temp_1
[91m [1776446612.876756] Client: [0m---after writing in log upd_msg->seq_no = 472
[91m [1776446612.876764] Client: [0m---after writing in log upd_msg->data.sensor_type = 1
[91m [1776446612.876772] Client: [0m---after writing in log upd_msg->reliable = 0
[91m [1776446613.877220] BSON Message: [0mInside sensor type parsing.
[91m [1776446613.877244] BSON Message: [0mInside sensor type parsing end.
[91m [1776446613.877251] BSON Message: [0mInside sid parsing
[91m [1776446613.877257] BSON Message: [0mInside temp1 parsing.
[91m [1776446613.877264] Client: [0m---before writing in log upd_msg->seq_no= 473
[91m [1776446613.877270] Client: [0m---before writing in log upd_msg->type= 4
[91m [1776446613.877275] Client: [0m---before writing in log upd_msg->frag_no= 0
[91m [1776446613.877280] Client: [0m---before writing in log upd_msg->reliable= 1
[91m [1776446613.877286] Client: [0m---before writing in log upd_msg->data.sensor_type= 1
[91m [1776446613.877291] Client: [0m---before writing in log upd_msg->data.sid= temp_1
[91m [1776446613.877298] Client: [0m---after writing in log upd_msg->seq_no = 473
[91m [1776446613.877303] Client: [0m---after writing in log upd_msg->data.sensor_type = 1
[91m [1776446613.877309] Client: [0m---after writing in log upd_msg->reliable = 1
[91m [1776446614.877217] BSON Message: [0mInside sensor type parsing.
[91m [1776446614.877226] BSON Message: [0mInside sensor type parsing end.
[91m [1776446614.877229] BSON Message: [0mInside sid parsing
[91m [1776446614.877232] BSON Message: [0mInside temp1 parsing.
[91m [1776446614.877237] Client: [0m---before writing in log upd_msg->seq_no= 474
[91m [1776446614.877240] Client: [0m---before writing in log upd_msg->type= 4
[91m [1776446614.877245] Client: [0m---before writing in log upd_msg->frag_no= 0
[91m [1776446614.877248] Client: [0m---before writing in log upd_msg->reliable= 1
[91m [1776446614.877252] Client: [0m---before writing in log upd_msg->data.sensor_type= 1
[91m [1776446614.877257] Client: [0m---before writing in log upd_msg->data.sid= temp_1
[91m [1776446614.877262] Client: [0m---after writing in log upd_msg->seq_no = 474
[91m [1776446614.877266] Client: [0m---after writing in log upd_msg->data.sensor_type = 1
[91m [1776446614.877270] Client: [0m---after writing in log upd_msg->reliable = 1
[91m [1776446615.266341] BSON Message: [0mInside sensor type parsing.
[91m [1776446615.266349] BSON Message: [0mInside sensor type parsing end.
[91m [1776446615.266353] BSON Message: [0mInside sid parsing
[91m [1776446615.266357] Client: [0m---before writing in log upd_msg->seq_no= 187
[91m [1776446615.266360] Client: [0m---before writing in log upd_msg->type= 4
[91m [1776446615.266365] Client: [0m---before writing in log upd_msg->frag_no= 0
[91m [1776446615.266368] Client: [0m---before writing in log upd_msg->reliable= 1
[91m [1776446615.266371] Client: [0m---before writing in log upd_msg->data.sensor_type= 2
[91m [1776446615.266374] Client: [0m---before writing in log upd_msg->data.sid= device_0
[91m [1776446615.266378] Client: [0m---after writing in log upd_msg->seq_no = 187
[91m [1776446615.266381] Client: [0m---after writing in log upd_msg->data.sensor_type = 2
[91m [1776446615.266388] Client: [0m---after writing in log upd_msg->reliable = 1
[91m [1776446615.878048] BSON Message: [0mInside sensor type parsing.
[91m [1776446615.878060] BSON Message: [0mInside sensor type parsing end.
[91m [1776446615.878066] BSON Message: [0mInside sid parsing
[91m [1776446615.878072] BSON Message: [0mInside temp1 parsing.
[91m [1776446615.878078] Client: [0m---before writing in log upd_msg->seq_no= 475
[91m [1776446615.878084] Client: [0m---before writing in log upd_msg->type= 4
[91m [1776446615.878089] Client: [0m---before writing in log upd_msg->frag_no= 0
[91m [1776446615.878099] Client: [0m---before writing in log upd_msg->reliable= 1
[91m [1776446615.878104] Client: [0m---before writing in log upd_msg->data.sensor_type= 1
[91m [1776446615.878109] Client: [0m---before writing in log upd_msg->data.sid= temp_1
[91m [1776446615.878116] Client: [0m---after writing in log upd_msg->seq_no = 475
[91m [1776446615.878121] Client: [0m---after writing in log upd_msg->data.sensor_type = 1
[91m [1776446615.878127] Client: [0m---after writing in log upd_msg->reliable = 1
[91m [1776446616.878030] BSON Message: [0mInside sensor type parsing.
[91m [1776446616.878043] BSON Message: [0mInside sensor type parsing end.
[91m [1776446616.878048] BSON Message: [0mInside sid parsing
[91m [1776446616.878053] BSON Message: [0mInside temp1 parsing.
[91m [1776446616.878059] Client: [0m---before writing in log upd_msg->seq_no= 476
[91m [1776446616.878064] Client: [0m---before writing in log upd_msg->type= 4
[91m [1776446616.878069] Client: [0m---before writing in log upd_msg->frag_no= 0
[91m [1776446616.878073] Client: [0m---before writing in log upd_msg->reliable= 1
[91m [1776446616.878078] Client: [0m---before writing in log upd_msg->data.sensor_type= 1
[91m [1776446616.878083] Client: [0m---before writing in log upd_msg->data.sid= temp_1
[91m [1776446616.878088] Client: [0m---after writing in log upd_msg->seq_no = 476
[91m [1776446616.878093] Client: [0m---after writing in log upd_msg->data.sensor_type = 1
[91m [1776446616.878098] Client: [0m---after writing in log upd_msg->reliable = 1
[91m [1776446617.878089] BSON Message: [0mInside sensor type parsing.
[91m [1776446617.878100] BSON Message: [0mInside sensor type parsing end.
[91m [1776446617.878104] BSON Message: [0mInside sid parsing
[91m [1776446617.878109] BSON Message: [0mInside temp1 parsing.
[91m [1776446617.878114] Client: [0m---before writing in log upd_msg->seq_no= 477
[91m [1776446617.878118] Client: [0m---before writing in log upd_msg->type= 4
[91m [1776446617.878122] Client: [0m---before writing in log upd_msg->frag_no= 0
[91m [1776446617.878126] Client: [0m---before writing in log upd_msg->reliable= 1
[91m [1776446617.878130] Client: [0m---before writing in log upd_msg->data.sensor_type= 1
[91m [1776446617.878134] Client: [0m---before writing in log upd_msg->data.sid= temp_1
[91m [1776446617.878138] Client: [0m---after writing in log upd_msg->seq_no = 477
[91m [1776446617.878142] Client: [0m---after writing in log upd_msg->data.sensor_type = 1
[91m [1776446617.878145] Client: [0m---after writing in log upd_msg->reliable = 1
[91m [1776446618.89467] BSON Message: [0mInside sensor type parsing.
[91m [1776446618.89477] BSON Message: [0mInside sensor type parsing end.
[91m [1776446618.89482] BSON Message: [0mInside sid parsing
[91m [1776446618.89486] BSON Message: [0mInside gps1 parsing.
[91m [1776446618.89492] Client: [0m---before writing in log upd_msg->seq_no= 46
[91m [1776446618.89497] Client: [0m---before writing in log upd_msg->type= 4
[91m [1776446618.89502] Client: [0m---before writing in log upd_msg->frag_no= 0
[91m [1776446618.89505] Client: [0m---before writing in log upd_msg->reliable= 1
[91m [1776446618.89508] Client: [0m---before writing in log upd_msg->data.sensor_type= 3
[91m [1776446618.89511] Client: [0m---before writing in log upd_msg->data.sid= gps_2
[91m [1776446618.89516] Client: [0m---after writing in log upd_msg->seq_no = 46
[91m [1776446618.89522] Client: [0m---after writing in log upd_msg->data.sensor_type = 3
[91m [1776446618.89525] Client: [0m---after writing in log upd_msg->reliable = 1
[91m [1776446618.878617] BSON Message: [0mInside sensor type parsing.
[91m [1776446618.878627] BSON Message: [0mInside sensor type parsing end.
[91m [1776446618.878632] BSON Message: [0mInside sid parsing
[91m [1776446618.878637] BSON Message: [0mInside temp1 parsing.
[91m [1776446618.878643] Client: [0m---before writing in log upd_msg->seq_no= 478
[91m [1776446618.878647] Client: [0m---before writing in log upd_msg->type= 4
[91m [1776446618.878651] Client: [0m---before writing in log upd_msg->frag_no= 0
[91m [1776446618.878656] Client: [0m---before writing in log upd_msg->reliable= 1
[91m [1776446618.878662] Client: [0m---before writing in log upd_msg->data.sensor_type= 1
[91m [1776446618.878668] Client: [0m---before writing in log upd_msg->data.sid= temp_1
[91m [1776446618.878673] Client: [0m---after writing in log upd_msg->seq_no = 478
[91m [1776446618.878676] Client: [0m---after writing in log upd_msg->data.sensor_type = 1
[91m [1776446618.878680] Client: [0m---after writing in log upd_msg->reliable = 1
[91m [1776446619.273753] BSON Message: [0mInside sensor type parsing.
[91m [1776446619.273761] BSON Message: [0mInside sensor type parsing end.
[91m [1776446619.273766] BSON Message: [0mInside sid parsing
[91m [1776446619.273770] Client: [0m---before writing in log upd_msg->seq_no= 188
[91m [1776446619.273774] Client: [0m---before writing in log upd_msg->type= 4
[91m [1776446619.273778] Client: [0m---before writing in log upd_msg->frag_no= 0
[91m [1776446619.273781] Client: [0m---before writing in log upd_msg->reliable= 1
[91m [1776446619.273797] Client: [0m---before writing in log upd_msg->data.sensor_type= 2
[91m [1776446619.273803] Client: [0m---before writing in log upd_msg->data.sid= device_0
[91m [1776446619.273810] Client: [0m---after writing in log upd_msg->seq_no = 188
[91m [1776446619.273814] Client: [0m---after writing in log upd_msg->data.sensor_type = 2
[91m [1776446619.273819] Client: [0m---after writing in log upd_msg->reliable = 1
[91m [1776446619.879046] BSON Message: [0mInside sensor type parsing.
[91m [1776446619.879057] BSON Message: [0mInside sensor type parsing end.
[91m [1776446619.879064] BSON Message: [0mInside sid parsing
[91m [1776446619.879068] BSON Message: [0mInside temp1 parsing.
[91m [1776446619.879073] Client: [0m---before writing in log upd_msg->seq_no= 479
[91m [1776446619.879076] Client: [0m---before writing in log upd_msg->type= 4
[91m [1776446619.879081] Client: [0m---before writing in log upd_msg->frag_no= 0
[91m [1776446619.879086] Client: [0m---before writing in log upd_msg->reliable= 1
[91m [1776446619.879091] Client: [0m---before writing in log upd_msg->data.sensor_type= 1
[91m [1776446619.879096] Client: [0m---before writing in log upd_msg->data.sid= temp_1
[91m [1776446619.879103] Client: [0m---after writing in log upd_msg->seq_no = 479
[91m [1776446619.879107] Client: [0m---after writing in log upd_msg->data.sensor_type = 1
[91m [1776446619.879112] Client: [0m---after writing in log upd_msg->reliable = 1
[91m [1776446620.879486] BSON Message: [0mInside sensor type parsing.
[91m [1776446620.879497] BSON Message: [0mInside sensor type parsing end.
[91m [1776446620.879500] BSON Message: [0mInside sid parsing
[91m [1776446620.879504] BSON Message: [0mInside temp1 parsing.
[91m [1776446620.879508] Client: [0m---before writing in log upd_msg->seq_no= 480
[91m [1776446620.879512] Client: [0m---before writing in log upd_msg->type= 4
[91m [1776446620.879516] Client: [0m---before writing in log upd_msg->frag_no= 0
[91m [1776446620.879519] Client: [0m---before writing in log upd_msg->reliable= 1
[91m [1776446620.879524] Client: [0m---before writing in log upd_msg->data.sensor_type= 1
[91m [1776446620.879528] Client: [0m---before writing in log upd_msg->data.sid= temp_1
[91m [1776446620.879532] Client: [0m---after writing in log upd_msg->seq_no = 480
[91m [1776446620.879541] Client: [0m---after writing in log upd_msg->data.sensor_type = 1
[91m [1776446620.879544] Client: [0m---after writing in log upd_msg->reliable = 1
[91m [1776446621.879841] BSON Message: [0mInside sensor type parsing.
[91m [1776446621.879854] BSON Message: [0mInside sensor type parsing end.
[91m [1776446621.879860] BSON Message: [0mInside sid parsing
[91m [1776446621.879866] BSON Message: [0mInside temp1 parsing.
[91m [1776446621.879873] Client: [0m---before writing in log upd_msg->seq_no= 481
[91m [1776446621.879879] Client: [0m---before writing in log upd_msg->type= 4
[91m [1776446621.879886] Client: [0m---before writing in log upd_msg->frag_no= 0
[91m [1776446621.879892] Client: [0m---before writing in log upd_msg->reliable= 1
[91m [1776446621.879897] Client: [0m---before writing in log upd_msg->data.sensor_type= 1
[91m [1776446621.879903] Client: [0m---before writing in log upd_msg->data.sid= temp_1
[91m [1776446621.879909] Client: [0m---after writing in log upd_msg->seq_no = 481
[91m [1776446621.879925] Client: [0m---after writing in log upd_msg->data.sensor_type = 1
[91m [1776446621.879934] Client: [0m---after writing in log upd_msg->reliable = 1
[91m [1776446622.880080] BSON Message: [0mInside sensor type parsing.
[91m [1776446622.880094] BSON Message: [0mInside sensor type parsing end.
[91m [1776446622.880101] BSON Message: [0mInside sid parsing
[91m [1776446622.880109] BSON Message: [0mInside temp1 parsing.
[91m [1776446622.880115] Client: [0m---before writing in log upd_msg->seq_no= 482
[91m [1776446622.880120] Client: [0m---before writing in log upd_msg->type= 4
[91m [1776446622.880125] Client: [0m---before writing in log upd_msg->frag_no= 0
[91m [1776446622.880129] Client: [0m---before writing in log upd_msg->reliable= 1
[91m [1776446622.880134] Client: [0m---before writing in log upd_msg->data.sensor_type= 1
[91m [1776446622.880139] Client: [0m---before writing in log upd_msg->data.sid= temp_1
[91m [1776446622.880145] Client: [0m---after writing in log upd_msg->seq_no = 482
[91m [1776446622.880149] Client: [0m---after writing in log upd_msg->data.sensor_type = 1
[91m [1776446622.880154] Client: [0m---after writing in log upd_msg->reliable = 1
[91m [1776446623.880054] BSON Message: [0mInside sensor type parsing.
[91m [1776446623.880065] BSON Message: [0mInside sensor type parsing end.
[91m [1776446623.880070] BSON Message: [0mInside sid parsing
[91m [1776446623.880074] BSON Message: [0mInside temp1 parsing.
[91m [1776446623.880080] Client: [0m---before writing in log upd_msg->seq_no= 483
[91m [1776446623.880085] Client: [0m---before writing in log upd_msg->type= 4
[91m [1776446623.880089] Client: [0m---before writing in log upd_msg->frag_no= 0
[91m [1776446623.880093] Client: [0m---before writing in log upd_msg->reliable= 1
[91m [1776446623.880097] Client: [0m---before writing in log upd_msg->data.sensor_type= 1
[91m [1776446623.880102] Client: [0m---before writing in log upd_msg->data.sid= temp_1
[91m [1776446623.880108] Client: [0m---after writing in log upd_msg->seq_no = 483
[91m [1776446623.880112] Client: [0m---after writing in log upd_msg->data.sensor_type = 1
[91m [1776446623.880116] Client: [0m---after writing in log upd_msg->reliable = 1
[91m [1776446624.157313] BSON Message: [0mInside sensor type parsing.
[91m [1776446624.157322] BSON Message: [0mInside sensor type parsing end.
[91m [1776446624.157326] BSON Message: [0mInside sid parsing
[91m [1776446624.157346] Client: [0m---before writing in log upd_msg->seq_no= 189
[91m [1776446624.157351] Client: [0m---before writing in log upd_msg->type= 4
[91m [1776446624.157355] Client: [0m---before writing in log upd_msg->frag_no= 0
[91m [1776446624.157359] Client: [0m---before writing in log upd_msg->reliable= 1
[91m [1776446624.157363] Client: [0m---before writing in log upd_msg->data.sensor_type= 2
[91m [1776446624.157367] Client: [0m---before writing in log upd_msg->data.sid= device_0
[91m [1776446624.157376] Client: [0m---after writing in log upd_msg->seq_no = 189
[91m [1776446624.157380] Client: [0m---after writing in log upd_msg->data.sensor_type = 2
[91m [1776446624.157384] Client: [0m---after writing in log upd_msg->reliable = 1
[91m [1776446624.880611] BSON Message: [0mInside sensor type parsing.
[91m [1776446624.880626] BSON Message: [0mInside sensor type parsing end.
[91m [1776446624.880632] BSON Message: [0mInside sid parsing
[91m [1776446624.880638] BSON Message: [0mInside temp1 parsing.
[91m [1776446624.880644] Client: [0m---before writing in log upd_msg->seq_no= 484
[91m [1776446624.880649] Client: [0m---before writing in log upd_msg->type= 4
[91m [1776446624.880655] Client: [0m---before writing in log upd_msg->frag_no= 0
[91m [1776446624.880660] Client: [0m---before writing in log upd_msg->reliable= 1
[91m [1776446624.880666] Client: [0m---before writing in log upd_msg->data.sensor_type= 1
[91m [1776446624.880671] Client: [0m---before writing in log upd_msg->data.sid= temp_1
[91m [1776446624.880677] Client: [0m---after writing in log upd_msg->seq_no = 484
[91m [1776446624.880683] Client: [0m---after writing in log upd_msg->data.sensor_type = 1
[91m [1776446624.880688] Client: [0m---after writing in log upd_msg->reliable = 1
[91m [1776446624.917577] BSON Message: [0mInside sensor type parsing.
[91m [1776446624.917586] BSON Message: [0mInside sensor type parsing end.
[91m [1776446624.917590] BSON Message: [0mInside sid parsing
[91m [1776446624.917595] Client: [0m---before writing in log upd_msg->seq_no= 190
[91m [1776446624.917599] Client: [0m---before writing in log upd_msg->type= 4
[91m [1776446624.917603] Client: [0m---before writing in log upd_msg->frag_no= 0
[91m [1776446624.917607] Client: [0m---before writing in log upd_msg->reliable= 1
[91m [1776446624.917611] Client: [0m---before writing in log upd_msg->data.sensor_type= 2
[91m [1776446624.917615] Client: [0m---before writing in log upd_msg->data.sid= device_0
[91m [1776446624.917620] Client: [0m---after writing in log upd_msg->seq_no = 190
[91m [1776446624.917624] Client: [0m---after writing in log upd_msg->data.sensor_type = 2
[91m [1776446624.917628] Client: [0m---after writing in log upd_msg->reliable = 1
[91m [1776446625.880927] BSON Message: [0mInside sensor type parsing.
[91m [1776446625.880940] BSON Message: [0mInside sensor type parsing end.
[91m [1776446625.880946] BSON Message: [0mInside sid parsing
[91m [1776446625.880951] BSON Message: [0mInside temp1 parsing.
[91m [1776446625.880958] Client: [0m---before writing in log upd_msg->seq_no= 485
[91m [1776446625.880963] Client: [0m---before writing in log upd_msg->type= 4
[91m [1776446625.880968] Client: [0m---before writing in log upd_msg->frag_no= 0
[91m [1776446625.880973] Client: [0m---before writing in log upd_msg->reliable= 1
[91m [1776446625.880978] Client: [0m---before writing in log upd_msg->data.sensor_type= 1
[91m [1776446625.880983] Client: [0m---before writing in log upd_msg->data.sid= temp_1
[91m [1776446625.880990] Client: [0m---after writing in log upd_msg->seq_no = 485
[91m [1776446625.880995] Client: [0m---after writing in log upd_msg->data.sensor_type = 1
[91m [1776446625.881002] Client: [0m---after writing in log upd_msg->reliable = 1
[91m [1776446626.430870] BSON Message: [0mInside sensor type parsing.
[91m [1776446626.430882] BSON Message: [0mInside sensor type parsing end.
[91m [1776446626.430888] BSON Message: [0mInside sid parsing
[91m [1776446626.430896] Client: [0m---before writing in log upd_msg->seq_no= 191
[91m [1776446626.430901] Client: [0m---before writing in log upd_msg->type= 4
[91m [1776446626.430907] Client: [0m---before writing in log upd_msg->frag_no= 0
[91m [1776446626.430912] Client: [0m---before writing in log upd_msg->reliable= 1
[91m [1776446626.430929] Client: [0m---before writing in log upd_msg->data.sensor_type= 2
[91m [1776446626.430935] Client: [0m---before writing in log upd_msg->data.sid= device_0
[91m [1776446626.430942] Client: [0m---after writing in log upd_msg->seq_no = 191
[91m [1776446626.430952] Client: [0m---after writing in log upd_msg->data.sensor_type = 2
[91m [1776446626.430957] Client: [0m---after writing in log upd_msg->reliable = 1
[91m [1776446626.881029] BSON Message: [0mInside sensor type parsing.
[91m [1776446626.881041] BSON Message: [0mInside sensor type parsing end.
[91m [1776446626.881047] BSON Message: [0mInside sid parsing
[91m [1776446626.881053] BSON Message: [0mInside temp1 parsing.
[91m [1776446626.881060] Client: [0m---before writing in log upd_msg->seq_no= 486
[91m [1776446626.881066] Client: [0m---before writing in log upd_msg->type= 4
[91m [1776446626.881073] Client: [0m---before writing in log upd_msg->frag_no= 0
[91m [1776446626.881080] Client: [0m---before writing in log upd_msg->reliable= 1
[91m [1776446626.881085] Client: [0m---before writing in log upd_msg->data.sensor_type= 1
[91m [1776446626.881090] Client: [0m---before writing in log upd_msg->data.sid= temp_1
[91m [1776446626.881095] Client: [0m---after writing in log upd_msg->seq_no = 486
[91m [1776446626.881099] Client: [0m---after writing in log upd_msg->data.sensor_type = 1
[91m [1776446626.881103] Client: [0m---after writing in log upd_msg->reliable = 1
[91m [1776446627.883755] BSON Message: [0mInside sensor type parsing.
[91m [1776446627.883764] BSON Message: [0mInside sensor type parsing end.
[91m [1776446627.883768] BSON Message: [0mInside sid parsing
[91m [1776446627.883772] BSON Message: [0mInside temp1 parsing.
[91m [1776446627.883777] Client: [0m---before writing in log upd_msg->seq_no= 487
[91m [1776446627.883783] Client: [0m---before writing in log upd_msg->type= 4
[91m [1776446627.883787] Client: [0m---before writing in log upd_msg->frag_no= 0
[91m [1776446627.883791] Client: [0m---before writing in log upd_msg->reliable= 0
[91m [1776446627.883796] Client: [0m---before writing in log upd_msg->data.sensor_type= 1
[91m [1776446627.883800] Client: [0m---before writing in log upd_msg->data.sid= temp_1
[91m [1776446627.883806] Client: [0m---after writing in log upd_msg->seq_no = 487
[91m [1776446627.883811] Client: [0m---after writing in log upd_msg->data.sensor_type = 1
[91m [1776446627.883819] Client: [0m---after writing in log upd_msg->reliable = 0
[91m [1776446628.881879] BSON Message: [0mInside sensor type parsing.
[91m [1776446628.881890] BSON Message: [0mInside sensor type parsing end.
[91m [1776446628.881895] BSON Message: [0mInside sid parsing
[91m [1776446628.881900] BSON Message: [0mInside temp1 parsing.
e type is 4
---------Update message arrived------------ 1
Got a message from the server.
Message type is 4
---------Update message arrived------------ 1
Got a message from the server.
Message type is 4
---------Update message arrived------------ 1
Got a message from the server.
Message type is 4
---------Update message arrived------------ 1
Got a message from the server.
Message type is 4
---------Update message arrived------------ 1
Got a message from the server.
Message type is 4
---------Update message arrived------------ 1
Got a message from the server.
Message type is 4
---------Update message arrived------------ 1
Got a message from the server.
Message type is 4
---------Update message arrived------------ 1
Got a message from the server.
Message type is 4
---------Update message arrived------------ 1
Got a message from the server.
Message type is 4
---------Update message arrived------------ 1
Got a message from the server.
Message type is 4
---------Update message arrived------------ 1
Got a message from the server.
Message type is 4
---------Update message arrived------------ 1
Got a message from the server.
Message type is 4
---------Update message arrived------------ 1
Got a message from the server.
Message type is 4
---------Update message arrived------------ 1
Got a message from the server.
Message type is 4
---------Update message arrived------------ 1
Got a message from the server.
Message type is 4
---------Update message arrived------------ 1
Got a message from the server.
Message type is 4
---------Update message arrived------------ 1
Got a message from the server.
Message type is 4
---------Update message arrived------------ 1
Got a message from the server.
Message type is 4
---------Update message arrived------------ 1
Got a message from the server.
Message type is 4
---------Update message arrived------------ 1
Got a message from the server.
Message type is 4
---------Update message arrived------------ 1
Got a message from the server.
Message type is 4
---------Update message arrived------------ 1
Got a message from the server.
Message type is 4
---------Update message arrived------------ 1
Got a message from the server.
Message type is 4
---------Update message arrived------------ 1
Got a message from the server.
Message type is 4
---------Update message arrived------------ 1
Got a message from the server.
Message type is 4
---------Update message arrived------------ 1
Got a message from the server.
Message type is 4
---------Update message arrived------------ 1
Got a message from the server.
Message type is 4
---------Update message arrived------------ 1
Got a message from the server.
Message type is 4
---------Update message arrived------------ 1
Got a message from the server.
Message type is 4
---------Update message arrived------------ 1
Got a message from the server.
Message type is 4
---------Update message arrived------------ 1
Got a message from the server.
Message type is 4
---------Update message arrived------------ 1
Got a message from the server.
Message type is 4
---------Update message arrived------------ 1
Got a message from the server.
Message type is 4
---------Update message arrived------------ 1
Got a message from the server.
Message type is 4
---------Update message arrived------------ 1
Got a message from the server.
Message type is 4
---------Update message arrived------------ 1
Got a message from the server.
Message type is 4
---------Update message arrived------------ 1
Got a message from the server.
Message type is 4
---------Update message arrived------------ 1
Got a message from the server.
Message type is 4
---------Update message arrived------------ 1
Got a message from the server.
Message type is 4
---------Update message arrived------------ 1
Got a message from the server.
Message type is 4
---------Update message arrived------------ 1
Got a message from the server.
Message type is 4
---------Update message arrived------------ 1
Got a message from the server.
Message type is 4
---------Update message arrived------------ 1
Got a message from the server.
Message type is 4[91m [1776446628.881913] Client: [0m---before writing in log upd_msg->seq_no= 488
[91m [1776446628.882028] Client: [0m---before writing in log upd_msg->type= 4
[91m [1776446628.882033] Client: [0m---before writing in log upd_msg->frag_no= 0
[91m [1776446628.882037] Client: [0m---before writing in log upd_msg->reliable= 1
[91m [1776446628.882041] Client: [0m---before writing in log upd_msg->data.sensor_type= 1
[91m [1776446628.882046] Client: [0m---before writing in log upd_msg->data.sid= temp_1
[91m [1776446628.882051] Client: [0m---after writing in log upd_msg->seq_no = 488
[91m [1776446628.882057] Client: [0m---after writing in log upd_msg->data.sensor_type = 1
[91m [1776446628.882062] Client: [0m---after writing in log upd_msg->reliable = 1
[91m [1776446629.576731] BSON Message: [0mInside sensor type parsing.
[91m [1776446629.576743] BSON Message: [0mInside sensor type parsing end.
[91m [1776446629.576750] BSON Message: [0mInside sid parsing
[91m [1776446629.576755] BSON Message: [0mInside gps1 parsing.
[91m [1776446629.576762] Client: [0m---before writing in log upd_msg->seq_no= 47
[91m [1776446629.576767] Client: [0m---before writing in log upd_msg->type= 4
[91m [1776446629.576773] Client: [0m---before writing in log upd_msg->frag_no= 0
[91m [1776446629.576779] Client: [0m---before writing in log upd_msg->reliable= 1
[91m [1776446629.576784] Client: [0m---before writing in log upd_msg->data.sensor_type= 3
[91m [1776446629.576788] Client: [0m---before writing in log upd_msg->data.sid= gps_2
[91m [1776446629.576797] Client: [0m---after writing in log upd_msg->seq_no = 47
[91m [1776446629.576800] Client: [0m---after writing in log upd_msg->data.sensor_type = 3
[91m [1776446629.576803] Client: [0m---after writing in log upd_msg->reliable = 1
[91m [1776446629.882039] BSON Message: [0mInside sensor type parsing.
[91m [1776446629.882049] BSON Message: [0mInside sensor type parsing end.
[91m [1776446629.882054] BSON Message: [0mInside sid parsing
[91m [1776446629.882058] BSON Message: [0mInside temp1 parsing.
[91m [1776446629.882063] Client: [0m---before writing in log upd_msg->seq_no= 489
[91m [1776446629.882067] Client: [0m---before writing in log upd_msg->type= 4
[91m [1776446629.882071] Client: [0m---before writing in log upd_msg->frag_no= 0
[91m [1776446629.882075] Client: [0m---before writing in log upd_msg->reliable= 1
[91m [1776446629.882079] Client: [0m---before writing in log upd_msg->data.sensor_type= 1
[91m [1776446629.882083] Client: [0m---before writing in log upd_msg->data.sid= temp_1
[91m [1776446629.882088] Client: [0m---after writing in log upd_msg->seq_no = 489
[91m [1776446629.882093] Client: [0m---after writing in log upd_msg->data.sensor_type = 1
[91m [1776446629.882096] Client: [0m---after writing in log upd_msg->reliable = 1
[91m [1776446630.576776] BSON Message: [0mInside sensor type parsing.
[91m [1776446630.576784] BSON Message: [0mInside sensor type parsing end.
[91m [1776446630.576789] BSON Message: [0mInside sid parsing
[91m [1776446630.576795] Client: [0m---before writing in log upd_msg->seq_no= 192
[91m [1776446630.576800] Client: [0m---before writing in log upd_msg->type= 4
[91m [1776446630.576805] Client: [0m---before writing in log upd_msg->frag_no= 0
[91m [1776446630.576809] Client: [0m---before writing in log upd_msg->reliable= 1
[91m [1776446630.576812] Client: [0m---before writing in log upd_msg->data.sensor_type= 2
[91m [1776446630.576816] Client: [0m---before writing in log upd_msg->data.sid= device_0
[91m [1776446630.576819] Client: [0m---after writing in log upd_msg->seq_no = 192
[91m [1776446630.576822] Client: [0m---after writing in log upd_msg->data.sensor_type = 2
[91m [1776446630.576826] Client: [0m---after writing in log upd_msg->reliable = 1
[91m [1776446630.884654] BSON Message: [0mInside sensor type parsing.
[91m [1776446630.884662] BSON Message: [0mInside sensor type parsing end.
[91m [1776446630.884666] BSON Message: [0mInside sid parsing
[91m [1776446630.884670] BSON Message: [0mInside temp1 parsing.
[91m [1776446630.884675] Client: [0m---before writing in log upd_msg->seq_no= 490
[91m [1776446630.884679] Client: [0m---before writing in log upd_msg->type= 4
[91m [1776446630.884683] Client: [0m---before writing in log upd_msg->frag_no= 0
[91m [1776446630.884688] Client: [0m---before writing in log upd_msg->reliable= 1
[91m [1776446630.884692] Client: [0m---before writing in log upd_msg->data.sensor_type= 1
[91m [1776446630.884696] Client: [0m---before writing in log upd_msg->data.sid= temp_1
[91m [1776446630.884700] Client: [0m---after writing in log upd_msg->seq_no = 490
[91m [1776446630.884704] Client: [0m---after writing in log upd_msg->data.sensor_type = 1
[91m [1776446630.884708] Client: [0m---after writing in log upd_msg->reliable = 1
[91m [1776446631.882689] BSON Message: [0mInside sensor type parsing.
[91m [1776446631.882705] BSON Message: [0mInside sensor type parsing end.
[91m [1776446631.882714] BSON Message: [0mInside sid parsing
[91m [1776446631.882724] BSON Message: [0mInside temp1 parsing.
[91m [1776446631.882735] Client: [0m---before writing in log upd_msg->seq_no= 491
[91m [1776446631.882743] Client: [0m---before writing in log upd_msg->type= 4
[91m [1776446631.882752] Client: [0m---before writing in log upd_msg->frag_no= 0
[91m [1776446631.882762] Client: [0m---before writing in log upd_msg->reliable= 1
[91m [1776446631.882771] Client: [0m---before writing in log upd_msg->data.sensor_type= 1
[91m [1776446631.882787] Client: [0m---before writing in log upd_msg->data.sid= temp_1
[91m [1776446631.882810] Client: [0m---after writing in log upd_msg->seq_no = 491
[91m [1776446631.882816] Client: [0m---after writing in log upd_msg->data.sensor_type = 1
[91m [1776446631.882821] Client: [0m---after writing in log upd_msg->reliable = 1
[91m [1776446632.882863] BSON Message: [0mInside sensor type parsing.
[91m [1776446632.882872] BSON Message: [0mInside sensor type parsing end.
[91m [1776446632.882876] BSON Message: [0mInside sid parsing
[91m [1776446632.882880] BSON Message: [0mInside temp1 parsing.
[91m [1776446632.882885] Client: [0m---before writing in log upd_msg->seq_no= 492
[91m [1776446632.882889] Client: [0m---before writing in log upd_msg->type= 4
[91m [1776446632.882893] Client: [0m---before writing in log upd_msg->frag_no= 0
[91m [1776446632.882897] Client: [0m---before writing in log upd_msg->reliable= 1
[91m [1776446632.882901] Client: [0m---before writing in log upd_msg->data.sensor_type= 1
[91m [1776446632.882906] Client: [0m---before writing in log upd_msg->data.sid= temp_1
[91m [1776446632.882911] Client: [0m---after writing in log upd_msg->seq_no = 492
[91m [1776446632.882922] Client: [0m---after writing in log upd_msg->data.sensor_type = 1
[91m [1776446632.882929] Client: [0m---after writing in log upd_msg->reliable = 1
[91m [1776446633.883076] BSON Message: [0mInside sensor type parsing.
[91m [1776446633.883087] BSON Message: [0mInside sensor type parsing end.
[91m [1776446633.883093] BSON Message: [0mInside sid parsing
[91m [1776446633.883098] BSON Message: [0mInside temp1 parsing.
[91m [1776446633.883105] Client: [0m---before writing in log upd_msg->seq_no= 493
[91m [1776446633.883110] Client: [0m---before writing in log upd_msg->type= 4
[91m [1776446633.883115] Client: [0m---before writing in log upd_msg->frag_no= 0
[91m [1776446633.883120] Client: [0m---before writing in log upd_msg->reliable= 1
[91m [1776446633.883125] Client: [0m---before writing in log upd_msg->data.sensor_type= 1
[91m [1776446633.883130] Client: [0m---before writing in log upd_msg->data.sid= temp_1
[91m [1776446633.883136] Client: [0m---after writing in log upd_msg->seq_no = 493
[91m [1776446633.883141] Client: [0m---after writing in log upd_msg->data.sensor_type = 1
[91m [1776446633.883146] Client: [0m---after writing in log upd_msg->reliable = 1
[91m [1776446634.883718] BSON Message: [0mInside sensor type parsing.
[91m [1776446634.883729] BSON Message: [0mInside sensor type parsing end.
[91m [1776446634.883758] BSON Message: [0mInside sid parsing
[91m [1776446634.883764] BSON Message: [0mInside temp1 parsing.
[91m [1776446634.883771] Client: [0m---before writing in log upd_msg->seq_no= 494
[91m [1776446634.883776] Client: [0m---before writing in log upd_msg->type= 4
[91m [1776446634.883783] Client: [0m---before writing in log upd_msg->frag_no= 0
[91m [1776446634.883787] Client: [0m---before writing in log upd_msg->reliable= 1
[91m [1776446634.883791] Client: [0m---before writing in log upd_msg->data.sensor_type= 1
[91m [1776446634.883795] Client: [0m---before writing in log upd_msg->data.sid= temp_1
[91m [1776446634.883801] Client: [0m---after writing in log upd_msg->seq_no = 494
[91m [1776446634.883806] Client: [0m---after writing in log upd_msg->data.sensor_type = 1
[91m [1776446634.883811] Client: [0m---after writing in log upd_msg->reliable = 1
[91m [1776446634.887040] BSON Message: [0mInside sensor type parsing.
[91m [1776446634.887051] BSON Message: [0mInside sensor type parsing end.
[91m [1776446634.887057] BSON Message: [0mInside sid parsing
[91m [1776446634.887063] Client: [0m---before writing in log upd_msg->seq_no= 193
[91m [1776446634.887068] Client: [0m---before writing in log upd_msg->type= 4
[91m [1776446634.887073] Client: [0m---before writing in log upd_msg->frag_no= 0
[91m [1776446634.887078] Client: [0m---before writing in log upd_msg->reliable= 1
[91m [1776446634.887083] Client: [0m---before writing in log upd_msg->data.sensor_type= 2
[91m [1776446634.887093] Client: [0m---before writing in log upd_msg->data.sid= device_0
[91m [1776446634.887098] Client: [0m---after writing in log upd_msg->seq_no = 193
[91m [1776446634.887103] Client: [0m---after writing in log upd_msg->data.sensor_type = 2
[91m [1776446634.887107] Client: [0m---after writing in log upd_msg->reliable = 1
[91m [1776446635.883808] BSON Message: [0mInside sensor type parsing.
[91m [1776446635.883819] BSON Message: [0mInside sensor type parsing end.
[91m [1776446635.883824] BSON Message: [0mInside sid parsing
[91m [1776446635.883828] BSON Message: [0mInside temp1 parsing.
[91m [1776446635.883833] Client: [0m---before writing in log upd_msg->seq_no= 495
[91m [1776446635.883838] Client: [0m---before writing in log upd_msg->type= 4
[91m [1776446635.883842] Client: [0m---before writing in log upd_msg->frag_no= 0
[91m [1776446635.883847] Client: [0m---before writing in log upd_msg->reliable= 1
[91m [1776446635.883852] Client: [0m---before writing in log upd_msg->data.sensor_type= 1
[91m [1776446635.883855] Client: [0m---before writing in log upd_msg->data.sid= temp_1
[91m [1776446635.883858] Client: [0m---after writing in log upd_msg->seq_no = 495
[91m [1776446635.883861] Client: [0m---after writing in log upd_msg->data.sensor_type = 1
[91m [1776446635.883864] Client: [0m---after writing in log upd_msg->reliable = 1
[91m [1776446636.556414] BSON Message: [0mInside sensor type parsing.
[91m [1776446636.556421] BSON Message: [0mInside sensor type parsing end.
[91m [1776446636.556425] BSON Message: [0mInside sid parsing
[91m [1776446636.556429] Client: [0m---before writing in log upd_msg->seq_no= 194
[91m [1776446636.556433] Client: [0m---before writing in log upd_msg->type= 4
[91m [1776446636.556436] Client: [0m---before writing in log upd_msg->frag_no= 0
[91m [1776446636.556439] Client: [0m---before writing in log upd_msg->reliable= 1
[91m [1776446636.556443] Client: [0m---before writing in log upd_msg->data.sensor_type= 2
[91m [1776446636.556447] Client: [0m---before writing in log upd_msg->data.sid= device_0
[91m [1776446636.556452] Client: [0m---after writing in log upd_msg->seq_no = 194
[91m [1776446636.556456] Client: [0m---after writing in log upd_msg->data.sensor_type = 2
[91m [1776446636.556461] Client: [0m---after writing in log upd_msg->reliable = 1
[91m [1776446636.884202] BSON Message: [0mInside sensor type parsing.
[91m [1776446636.884214] BSON Message: [0mInside sensor type parsing end.
[91m [1776446636.884220] BSON Message: [0mInside sid parsing
[91m [1776446636.884227] BSON Message: [0mInside temp1 parsing.
[91m [1776446636.884233] Client: [0m---before writing in log upd_msg->seq_no= 496
[91m [1776446636.884239] Client: [0m---before writing in log upd_msg->type= 4
[91m [1776446636.884244] Client: [0m---before writing in log upd_msg->frag_no= 0
[91m [1776446636.884250] Client: [0m---before writing in log upd_msg->reliable= 1
[91m [1776446636.884257] Client: [0m---before writing in log upd_msg->data.sensor_type= 1
[91m [1776446636.884264] Client: [0m---before writing in log upd_msg->data.sid= temp_1
[91m [1776446636.884272] Client: [0m---after writing in log upd_msg->seq_no = 496
[91m [1776446636.884279] Client: [0m---after writing in log upd_msg->data.sensor_type = 1
[91m [1776446636.884285] Client: [0m---after writing in log upd_msg->reliable = 1
[91m [1776446637.886935] BSON Message: [0mInside sensor type parsing.
[91m [1776446637.886949] BSON Message: [0mInside sensor type parsing end.
[91m [1776446637.886955] BSON Message: [0mInside sid parsing
[91m [1776446637.886959] BSON Message: [0mInside temp1 parsing.
[91m [1776446637.886963] Client: [0m---before writing in log upd_msg->seq_no= 497
[91m [1776446637.886968] Client: [0m---before writing in log upd_msg->type= 4
[91m [1776446637.886973] Client: [0m---before writing in log upd_msg->frag_no= 0
[91m [1776446637.886978] Client: [0m---before writing in log upd_msg->reliable= 1
[91m [1776446637.886988] Client: [0m---before writing in log upd_msg->data.sensor_type= 1
[91m [1776446637.886993] Client: [0m---before writing in log upd_msg->data.sid= temp_1
[91m [1776446637.886998] Client: [0m---after writing in log upd_msg->seq_no = 497
[91m [1776446637.887003] Client: [0m---after writing in log upd_msg->data.sensor_type = 1
[91m [1776446637.887007] Client: [0m---after writing in log upd_msg->reliable = 1
[91m [1776446638.884485] BSON Message: [0mInside sensor type parsing.
[91m [1776446638.884493] BSON Message: [0mInside sensor type parsing end.
[91m [1776446638.884497] BSON Message: [0mInside sid parsing
[91m [1776446638.884500] BSON Message: [0mInside temp1 parsing.
[91m [1776446638.884504] Client: [0m---before writing in log upd_msg->seq_no= 498
[91m [1776446638.884508] Client: [0m---before writing in log upd_msg->type= 4
[91m [1776446638.884511] Client: [0m---before writing in log upd_msg->frag_no= 0
[91m [1776446638.884514] Client: [0m---before writing in log upd_msg->reliable= 1
[91m [1776446638.884517] Client: [0m---before writing in log upd_msg->data.sensor_type= 1
[91m [1776446638.884520] Client: [0m---before writing in log upd_msg->data.sid= temp_1
[91m [1776446638.884524] Client: [0m---after writing in log upd_msg->seq_no = 498
[91m [1776446638.884527] Client: [0m---after writing in log upd_msg->data.sensor_type = 1
[91m [1776446638.884530] Client: [0m---after writing in log upd_msg->reliable = 1
[91m [1776446639.884834] BSON Message: [0mInside sensor type parsing.
[91m [1776446639.884843] BSON Message: [0mInside sensor type parsing end.
[91m [1776446639.884847] BSON Message: [0mInside sid parsing
[91m [1776446639.884851] BSON Message: [0mInside temp1 parsing.
[91m [1776446639.884857] Client: [0m---before writing in log upd_msg->seq_no= 499
[91m [1776446639.884860] Client: [0m---before writing in log upd_msg->type= 4
[91m [1776446639.884864] Client: [0m---before writing in log upd_msg->frag_no= 0
[91m [1776446639.884868] Client: [0m---before writing in log upd_msg->reliable= 1
[91m [1776446639.884872] Client: [0m---before writing in log upd_msg->data.sensor_type= 1
[91m [1776446639.884877] Client: [0m---before writing in log upd_msg->data.sid= temp_1
[91m [1776446639.884882] Client: [0m---after writing in log upd_msg->seq_no = 499
[91m [1776446639.884888] Client: [0m---after writing in log upd_msg->data.sensor_type = 1
[91m [1776446639.884893] Client: [0m---after writing in log upd_msg->reliable = 1
[91m [1776446640.600810] BSON Message: [0mInside sensor type parsing.
[91m [1776446640.600824] BSON Message: [0mInside sensor type parsing end.
[91m [1776446640.600831] BSON Message: [0mInside sid parsing
[91m [1776446640.600838] BSON Message: [0mInside gps1 parsing.
[91m [1776446640.600844] Client: [0m---before writing in log upd_msg->seq_no= 48
[91m [1776446640.600848] Client: [0m---before writing in log upd_msg->type= 4
[91m [1776446640.600852] Client: [0m---before writing in log upd_msg->frag_no= 0
[91m [1776446640.600855] Client: [0m---before writing in log upd_msg->reliable= 1
[91m [1776446640.600859] Client: [0m---before writing in log upd_msg->data.sensor_type= 3
[91m [1776446640.600863] Client: [0m---before writing in log upd_msg->data.sid= gps_2
[91m [1776446640.600871] Client: [0m---after writing in log upd_msg->seq_no = 48
[91m [1776446640.600876] Client: [0m---after writing in log upd_msg->data.sensor_type = 3
[91m [1776446640.600881] Client: [0m---after writing in log upd_msg->reliable = 1
[91m [1776446640.885450] BSON Message: [0mInside sensor type parsing.
[91m [1776446640.885459] BSON Message: [0mInside sensor type parsing end.
[91m [1776446640.885464] BSON Message: [0mInside sid parsing
[91m [1776446640.885468] BSON Message: [0mInside temp1 parsing.
[91m [1776446640.885473] Client: [0m---before writing in log upd_msg->seq_no= 500
[91m [1776446640.885479] Client: [0m---before writing in log upd_msg->type= 4
[91m [1776446640.885485] Client: [0m---before writing in log upd_msg->frag_no= 0
[91m [1776446640.885496] Client: [0m---before writing in log upd_msg->reliable= 1
[91m [1776446640.885502] Client: [0m---before writing in log upd_msg->data.sensor_type= 1
[91m [1776446640.885508] Client: [0m---before writing in log upd_msg->data.sid= temp_1
[91m [1776446640.885516] Client: [0m---after writing in log upd_msg->seq_no = 500
[91m [1776446640.885521] Client: [0m---after writing in log upd_msg->data.sensor_type = 1
[91m [1776446640.885528] Client: [0m---after writing in log upd_msg->reliable = 1
[91m [1776446640.906836] BSON Message: [0mInside sensor type parsing.
[91m [1776446640.906847] BSON Message: [0mInside sensor type parsing end.
[91m [1776446640.906852] BSON Message: [0mInside sid parsing
[91m [1776446640.906858] Client: [0m---before writing in log upd_msg->seq_no= 195
[91m [1776446640.906862] Client: [0m---before writing in log upd_msg->type= 4
[91m [1776446640.906866] Client: [0m---before writing in log upd_msg->frag_no= 0
[91m [1776446640.906871] Client: [0m---before writing in log upd_msg->reliable= 0
[91m [1776446640.906875] Client: [0m---before writing in log upd_msg->data.sensor_type= 2
[91m [1776446640.906879] Client: [0m---before writing in log upd_msg->data.sid= device_0
[91m [1776446640.909689] Client: [0m---after writing in log upd_msg->seq_no = 195
[91m [1776446640.909699] Client: [0m---after writing in log upd_msg->data.sensor_type = 2
[91m [1776446640.909704] Client: [0m---after writing in log upd_msg->reliable = 0
[91m [1776446641.885455] BSON Message: [0mInside sensor type parsing.
[91m [1776446641.885465] BSON Message: [0mInside sensor type parsing end.
[91m [1776446641.885470] BSON Message: [0mInside sid parsing
[91m [1776446641.885475] BSON Message: [0mInside temp1 parsing.
[91m [1776446641.885479] Client: [0m---before writing in log upd_msg->seq_no= 501
[91m [1776446641.885483] Client: [0m---before writing in log upd_msg->type= 4
[91m [1776446641.885487] Client: [0m---before writing in log upd_msg->frag_no= 0
[91m [1776446641.885491] Client: [0m---before writing in log upd_msg->reliable= 1
[91m [1776446641.885495] Client: [0m---before writing in log upd_msg->data.sensor_type= 1
[91m [1776446641.885498] Client: [0m---before writing in log upd_msg->data.sid= temp_1
[91m [1776446641.885504] Client: [0m---after writing in log upd_msg->seq_no = 501
[91m [1776446641.885508] Client: [0m---after writing in log upd_msg->data.sensor_type = 1
[91m [1776446641.885512] Client: [0m---after writing in log upd_msg->reliable = 1
[91m [1776446642.888485] BSON Message: [0mInside sensor type parsing.
[91m [1776446642.888494] BSON Message: [0mInside sensor type parsing end.
[91m [1776446642.888498] BSON Message: [0mInside sid parsing
[91m [1776446642.888502] BSON Message: [0mInside temp1 parsing.
[91m [1776446642.888507] Client: [0m---before writing in log upd_msg->seq_no= 502
[91m [1776446642.888511] Client: [0m---before writing in log upd_msg->type= 4
[91m [1776446642.888514] Client: [0m---before writing in log upd_msg->frag_no= 0
[91m [1776446642.888518] Client: [0m---before writing in log upd_msg->reliable= 1
[91m [1776446642.888522] Client: [0m---before writing in log upd_msg->data.sensor_type= 1
[91m [1776446642.888528] Client: [0m---before writing in log upd_msg->data.sid= temp_1
[91m [1776446642.888532] Client: [0m---after writing in log upd_msg->seq_no = 502
[91m [1776446642.888536] Client: [0m---after writing in log upd_msg->data.sensor_type = 1
[91m [1776446642.888539] Client: [0m---after writing in log upd_msg->reliable = 1
[91m [1776446643.4067] BSON Message: [0mInside sensor type parsing.
[91m [1776446643.4079] BSON Message: [0mInside sensor type parsing end.
[91m [1776446643.4084] BSON Message: [0mInside sid parsing
[91m [1776446643.4089] Client: [0m---before writing in log upd_msg->seq_no= 196
[91m [1776446643.4093] Client: [0m---before writing in log upd_msg->type= 4
[91m [1776446643.4096] Client: [0m---before writing in log upd_msg->frag_no= 0
[91m [1776446643.4100] Client: [0m---before writing in log upd_msg->reliable= 1
[91m [1776446643.4108] Client: [0m---before writing in log upd_msg->data.sensor_type= 2
[91m [1776446643.4112] Client: [0m---before writing in log upd_msg->data.sid= device_0
[91m [1776446643.4116] Client: [0m---after writing in log upd_msg->seq_no = 196
[91m [1776446643.4121] Client: [0m---after writing in log upd_msg->data.sensor_type = 2
[91m [1776446643.4126] Client: [0m---after writing in log upd_msg->reliable = 1
[91m [1776446643.886235] BSON Message: [0mInside sensor type parsing.
[91m [1776446643.886245] BSON Message: [0mInside sensor type parsing end.
[91m [1776446643.886249] BSON Message: [0mInside sid parsing
[91m [1776446643.886253] BSON Message: [0mInside temp1 parsing.
[91m [1776446643.886258] Client: [0m---before writing in log upd_msg->seq_no= 503
[91m [1776446643.886263] Client: [0m---before writing in log upd_msg->type= 4
[91m [1776446643.886267] Client: [0m---before writing in log upd_msg->frag_no= 0
[91m [1776446643.886271] Client: [0m---before writing in log upd_msg->reliable= 0
[91m [1776446643.886276] Client: [0m---before writing in log upd_msg->data.sensor_type= 1
[91m [1776446643.886280] Client: [0m---before writing in log upd_msg->data.sid= temp_1
[91m [1776446643.886286] Client: [0m---after writing in log upd_msg->seq_no = 503
[91m [1776446643.886289] Client: [0m---after writing in log upd_msg->data.sensor_type = 1
[91m [1776446643.886294] Client: [0m---after writing in log upd_msg->reliable = 0
[91m [1776446644.886366] BSON Message: [0mInside sensor type parsing.
[91m [1776446644.886375] BSON Message: [0mInside sensor type parsing end.
[91m [1776446644.886380] BSON Message: [0mInside sid parsing
[91m [1776446644.886386] BSON Message: [0mInside temp1 parsing.
[91m [1776446644.886391] Client: [0m---before writing in log upd_msg->seq_no= 504
[91m [1776446644.886395] Client: [0m---before writing in log upd_msg->type= 4
[91m [1776446644.886400] Client: [0m---before writing in log upd_msg->frag_no= 0
[91m [1776446644.886404] Client: [0m---before writing in log upd_msg->reliable= 1
[91m [1776446644.886408] Client: [0m---before writing in log upd_msg->data.sensor_type= 1
[91m [1776446644.886412] Client: [0m---before writing in log upd_msg->data.sid= temp_1
[91m [1776446644.886416] Client: [0m---after writing in log upd_msg->seq_no = 504
[91m [1776446644.886420] Client: [0m---after writing in log upd_msg->data.sensor_type = 1
[91m [1776446644.886424] Client: [0m---after writing in log upd_msg->reliable = 1
[91m [1776446645.887269] BSON Message: [0mInside sensor type parsing.
[91m [1776446645.887281] BSON Message: [0mInside sensor type parsing end.
[91m [1776446645.887288] BSON Message: [0mInside sid parsing
[91m [1776446645.887292] BSON Message: [0mInside temp1 parsing.
[91m [1776446645.887297] Client: [0m---before writing in log upd_msg->seq_no= 505
[91m [1776446645.887302] Client: [0m---before writing in log upd_msg->type= 4
[91m [1776446645.887307] Client: [0m---before writing in log upd_msg->frag_no= 0
[91m [1776446645.887312] Client: [0m---before writing in log upd_msg->reliable= 1
[91m [1776446645.887318] Client: [0m---before writing in log upd_msg->data.sensor_type= 1
[91m [1776446645.887323] Client: [0m---before writing in log upd_msg->data.sid= temp_1
[91m [1776446645.887329] Client: [0m---after writing in log upd_msg->seq_no = 505
[91m [1776446645.887333] Client: [0m---after writing in log upd_msg->data.sensor_type = 1
[91m [1776446645.887338] Client: [0m---after writing in log upd_msg->reliable = 1
[91m [1776446645.952488] BSON Message: [0mInside sensor type parsing.
[91m [1776446645.952500] BSON Message: [0mInside sensor type parsing end.
[91m [1776446645.952506] BSON Message: [0mInside sid parsing
[91m [1776446645.952513] Client: [0m---before writing in log upd_msg->seq_no= 197
[91m [1776446645.952517] Client: [0m---before writing in log upd_msg->type= 4
[91m [1776446645.952520] Client: [0m---before writing in log upd_msg->frag_no= 0
[91m [1776446645.952524] Client: [0m---before writing in log upd_msg->reliable= 1
[91m [1776446645.952533] Client: [0m---before writing in log upd_msg->data.sensor_type= 2
[91m [1776446645.952539] Client: [0m---before writing in log upd_msg->data.sid= device_0
[91m [1776446645.952545] Client: [0m---after writing in log upd_msg->seq_no = 197
[91m [1776446645.952549] Client: [0m---after writing in log upd_msg->data.sensor_type = 2
[91m [1776446645.952554] Client: [0m---after writing in log upd_msg->reliable = 1
[91m [1776446646.887641] BSON Message: [0mInside sensor type parsing.
[91m [1776446646.887652] BSON Message: [0mInside sensor type parsing end.
[91m [1776446646.887657] BSON Message: [0mInside sid parsing
[91m [1776446646.887662] BSON Message: [0mInside temp1 parsing.
[91m [1776446646.887668] Client: [0m---before writing in log upd_msg->seq_no= 506
[91m [1776446646.887673] Client: [0m---before writing in log upd_msg->type= 4
[91m [1776446646.887679] Client: [0m---before writing in log upd_msg->frag_no= 0
[91m [1776446646.887686] Client: [0m---before writing in log upd_msg->reliable= 1
[91m [1776446646.887691] Client: [0m---before writing in log upd_msg->data.sensor_type= 1
[91m [1776446646.887697] Client: [0m---before writing in log upd_msg->data.sid= temp_1
[91m [1776446646.887701] Client: [0m---after writing in log upd_msg->seq_no = 506
[91m [1776446646.887705] Client: [0m---after writing in log upd_msg->data.sensor_type = 1
[91m [1776446646.887708] Client: [0m---after writing in log upd_msg->reliable = 1
[91m [1776446647.887744] BSON Message: [0mInside sensor type parsing.
[91m [1776446647.887752] BSON Message: [0mInside sensor type parsing end.
[91m [1776446647.887757] BSON Message: [0mInside sid parsing
[91m [1776446647.887761] BSON Message: [0mInside temp1 parsing.
[91m [1776446647.887765] Client: [0m---before writing in log upd_msg->seq_no= 507
[91m [1776446647.887769] Client: [0m---before writing in log upd_msg->type= 4
[91m [1776446647.887773] Client: [0m---before writing in log upd_msg->frag_no= 0
[91m [1776446647.887777] Client: [0m---before writing in log upd_msg->reliable= 1
[91m [1776446647.887781] Client: [0m---before writing in log upd_msg->data.sensor_type= 1
[91m [1776446647.887786] Client: [0m---before writing in log upd_msg->data.sid= temp_1
[91m [1776446647.887791] Client: [0m---after writing in log upd_msg->seq_no = 507
[91m [1776446647.887796] Client: [0m---after writing in log upd_msg->data.sensor_type = 1
[91m [1776446647.887800] Client: [0m---after writing in log upd_msg->reliable = 1
[91m [1776446647.950601] BSON Message: [0mInside sensor type parsing.
[91m [1776446647.950612] BSON Message: [0mInside sensor type parsing end.
[91m [1776446647.950617] BSON Message: [0mInside sid parsing
[91m [1776446647.950623] Client: [0m---before writing in log upd_msg->seq_no= 198
[91m [1776446647.950629] Client: [0m---before writing in log upd_msg->type= 4
[91m [1776446647.950634] Client: [0m---before writing in log upd_msg->frag_no= 0
[91m [1776446647.950640] Client: [0m---before writing in log upd_msg->reliable= 1
[91m [1776446647.950646] Client: [0m---before writing in log upd_msg->data.sensor_type= 2
[91m [1776446647.950651] Client: [0m---before writing in log upd_msg->data.sid= device_0
[91m [1776446647.950657] Client: [0m---after writing in log upd_msg->seq_no = 198
[91m [1776446647.950662] Client: [0m---after writing in log upd_msg->data.sensor_type = 2
[91m [1776446647.950668] Client: [0m---after writing in log upd_msg->reliable = 1
[91m [1776446648.888069] BSON Message: [0mInside sensor type parsing.
[91m [1776446648.888080] BSON Message: [0mInside sensor type parsing end.
[91m [1776446648.888086] BSON Message: [0mInside sid parsing
[91m [1776446648.888092] BSON Message: [0mInside temp1 parsing.
[91m [1776446648.888096] Client: [0m---before writing in log upd_msg->seq_no= 508
[91m [1776446648.888102] Client: [0m---before writing in log upd_msg->type= 4
[91m [1776446648.888106] Client: [0m---before writing in log upd_msg->frag_no= 0
[91m [1776446648.888115] Client: [0m---before writing in log upd_msg->reliable= 1
[91m [1776446648.888120] Client: [0m---before writing in log upd_msg->data.sensor_type= 1
[91m [1776446648.888124] Client: [0m---before writing in log upd_msg->data.sid= temp_1
[91m [1776446648.888130] Client: [0m---after writing in log upd_msg->seq_no = 508
[91m [1776446648.888133] Client: [0m---after writing in log upd_msg->data.sensor_type = 1
[91m [1776446648.888138] Client: [0m---after writing in log upd_msg->reliable = 1
[91m [1776446649.888508] BSON Message: [0mInside sensor type parsing.
[91m [1776446649.888522] BSON Message: [0mInside sensor type parsing end.
[91m [1776446649.888529] BSON Message: [0mInside sid parsing
[91m [1776446649.888535] BSON Message: [0mInside temp1 parsing.
[91m [1776446649.888540] Client: [0m---before writing in log upd_msg->seq_no= 509
[91m [1776446649.888545] Client: [0m---before writing in log upd_msg->type= 4
[91m [1776446649.888549] Client: [0m---before writing in log upd_msg->frag_no= 0
[91m [1776446649.888554] Client: [0m---before writing in log upd_msg->reliable= 1
[91m [1776446649.888561] Client: [0m---before writing in log upd_msg->data.sensor_type= 1
[91m [1776446649.888567] Client: [0m---before writing in log upd_msg->data.sid= temp_1
[91m [1776446649.888574] Client: [0m---after writing in log upd_msg->seq_no = 509
[91m [1776446649.888580] Client: [0m---after writing in log upd_msg->data.sensor_type = 1
[91m [1776446649.888586] Client: [0m---after writing in log upd_msg->reliable = 1
[91m [1776446650.888588] BSON Message: [0mInside sensor type parsing.
[91m [1776446650.888598] BSON Message: [0mInside sensor type parsing end.
[91m [1776446650.888601] BSON Message: [0mInside sid parsing
[91m [1776446650.888605] BSON Message: [0mInside temp1 parsing.
[91m [1776446650.888608] Client: [0m---before writing in log upd_msg->seq_no= 510
[91m [1776446650.888612] Client: [0m---before writing in log upd_msg->type= 4
[91m [1776446650.888615] Client: [0m---before writing in log upd_msg->frag_no= 0
[91m [1776446650.888618] Client: [0m---before writing in log upd_msg->reliable= 1
[91m [1776446650.888621] Client: [0m---before writing in log upd_msg->data.sensor_type= 1
[91m [1776446650.888624] Client: [0m---before writing in log upd_msg->data.sid= temp_1
[91m [1776446650.888628] Client: [0m---after writing in log upd_msg->seq_no = 510
[91m [1776446650.888631] Client: [0m---after writing in log upd_msg->data.sensor_type = 1
[91m [1776446650.888634] Client: [0m---after writing in log upd_msg->reliable = 1
[91m [1776446651.889162] BSON Message: [0mInside sensor type parsing.
[91m [1776446651.889181] BSON Message: [0mInside sensor type parsing end.
[91m [1776446651.889187] BSON Message: [0mInside sid parsing
[91m [1776446651.889194] BSON Message: [0mInside temp1 parsing.
[91m [1776446651.889200] Client: [0m---before writing in log upd_msg->seq_no= 511
[91m [1776446651.889206] Client: [0m---before writing in log upd_msg->type= 4
[91m [1776446651.889210] Client: [0m---before writing in log upd_msg->frag_no= 0
[91m [1776446651.889215] Client: [0m---before writing in log upd_msg->reliable= 1
[91m [1776446651.889224] Client: [0m---before writing in log upd_msg->data.sensor_type= 1
[91m [1776446651.889230] Client: [0m---before writing in log upd_msg->data.sid= temp_1
[91m [1776446651.889236] Client: [0m---after writing in log upd_msg->seq_no = 511
[91m [1776446651.889240] Client: [0m---after writing in log upd_msg->data.sensor_type = 1
[91m [1776446651.889244] Client: [0m---after writing in log upd_msg->reliable = 1
[91m [1776446652.2221] BSON Message: [0mInside sensor type parsing.
[91m [1776446652.2236] BSON Message: [0mInside sensor type parsing end.
[91m [1776446652.2241] BSON Message: [0mInside sid parsing
[91m [1776446652.2249] Client: [0m---before writing in log upd_msg->seq_no= 199
[91m [1776446652.2255] Client: [0m---before writing in log upd_msg->type= 4
[91m [1776446652.2260] Client: [0m---before writing in log upd_msg->frag_no= 0
[91m [1776446652.2272] Client: [0m---before writing in log upd_msg->reliable= 1
[91m [1776446652.2277] Client: [0m---before writing in log upd_msg->data.sensor_type= 2
[91m [1776446652.2282] Client: [0m---before writing in log upd_msg->data.sid= device_0
[91m [1776446652.2289] Client: [0m---after writing in log upd_msg->seq_no = 199
[91m [1776446652.2294] Client: [0m---after writing in log upd_msg->data.sensor_type = 2
[91m [1776446652.2299] Client: [0m---after writing in log upd_msg->reliable = 1
[91m [1776446652.889613] BSON Message: [0mInside sensor type parsing.
[91m [1776446652.889628] BSON Message: [0mInside sensor type parsing end.
[91m [1776446652.889635] BSON Message: [0mInside sid parsing
[91m [1776446652.889642] BSON Message: [0mInside temp1 parsing.
[91m [1776446652.889649] Client: [0m---before writing in log upd_msg->seq_no= 512
[91m [1776446652.889655] Client: [0m---before writing in log upd_msg->type= 4
[91m [1776446652.889660] Client: [0m---before writing in log upd_msg->frag_no= 0
[91m [1776446652.889665] Client: [0m---before writing in log upd_msg->reliable= 1
[91m [1776446652.889670] Client: [0m---before writing in log upd_msg->data.sensor_type= 1
[91m [1776446652.889674] Client: [0m---before writing in log upd_msg->data.sid= temp_1
[91m [1776446652.889679] Client: [0m---after writing in log upd_msg->seq_no = 512
[91m [1776446652.889684] Client: [0m---after writing in log upd_msg->data.sensor_type = 1
[91m [1776446652.889688] Client: [0m---after writing in log upd_msg->reliable = 1
[91m [1776446653.889712] BSON Message: [0mInside sensor type parsing.
[91m [1776446653.889723] BSON Message: [0mInside sensor type parsing end.
[91m [1776446653.889728] BSON Message: [0mInside sid parsing
[91m [1776446653.889733] BSON Message: [0mInside temp1 parsing.
[91m [1776446653.889738] Client: [0m---before writing in log upd_msg->seq_no= 513
[91m [1776446653.889743] Client: [0m---before writing in log upd_msg->type= 4
[91m [1776446653.889748] Client: [0m---before writing in log upd_msg->frag_no= 0
[91m [1776446653.889754] Client: [0m---before writing in log upd_msg->reliable= 1
[91m [1776446653.889759] Client: [0m---before writing in log upd_msg->data.sensor_type= 1
[91m [1776446653.889765] Client: [0m---before writing in log upd_msg->data.sid= temp_1
[91m [1776446653.889771] Client: [0m---after writing in log upd_msg->seq_no = 513
[91m [1776446653.889775] Client: [0m---after writing in log upd_msg->data.sensor_type = 1
[91m [1776446653.889780] Client: [0m---after writing in log upd_msg->reliable = 1
[91m [1776446654.889859] BSON Message: [0mInside sensor type parsing.
[91m [1776446654.889872] BSON Message: [0mInside sensor type parsing end.
[91m [1776446654.889877] BSON Message: [0mInside sid parsing
[91m [1776446654.889882] BSON Message: [0mInside temp1 parsing.
[91m [1776446654.889888] Client: [0m---before writing in log upd_msg->seq_no= 514
[91m [1776446654.889893] Client: [0m---before writing in log upd_msg->type= 4
[91m [1776446654.889898] Client: [0m---before writing in log upd_msg->frag_no= 0
[91m [1776446654.889903] Client: [0m---before writing in log upd_msg->reliable= 1
[91m [1776446654.889908] Client: [0m---before writing in log upd_msg->data.sensor_type= 1
[91m [1776446654.889912] Client: [0m---before writing in log upd_msg->data.sid= temp_1
[91m [1776446654.889929] Client: [0m---after writing in log upd_msg->seq_no = 514
[91m [1776446654.889933] Client: [0m---after writing in log upd_msg->data.sensor_type = 1
[91m [1776446654.889938] Client: [0m---after writing in log upd_msg->reliable = 1
[91m [1776446654.994952] BSON Message: [0mInside sensor type parsing.
[91m [1776446654.994963] BSON Message: [0mInside sensor type parsing end.
[91m [1776446654.994968] BSON Message: [0mInside sid parsing
[91m [1776446654.994973] BSON Message: [0mInside gps1 parsing.
[91m [1776446654.994979] Client: [0m---before writing in log upd_msg->seq_no= 49
[91m [1776446654.994984] Client: [0m---before writing in log upd_msg->type= 4
[91m [1776446654.994992] Client: [0m---before writing in log upd_msg->frag_no= 0
[91m [1776446654.994996] Client: [0m---before writing in log upd_msg->reliable= 1
[91m [1776446654.995001] Client: [0m---before writing in log upd_msg->data.sensor_type= 3
[91m [1776446654.995006] Client: [0m---before writing in log upd_msg->data.sid= gps_2
[91m [1776446654.995015] Client: [0m---after writing in log upd_msg->seq_no = 49
[91m [1776446654.995020] Client: [0m---after writing in log upd_msg->data.sensor_type = 3
[91m [1776446654.995024] Client: [0m---after writing in log upd_msg->reliable = 1
[91m [1776446655.890659] BSON Message: [0mInside sensor type parsing.
[91m [1776446655.890668] BSON Message: [0mInside sensor type parsing end.
[91m [1776446655.890672] BSON Message: [0mInside sid parsing
[91m [1776446655.890678] BSON Message: [0mInside temp1 parsing.
[91m [1776446655.890685] Client: [0m---before writing in log upd_msg->seq_no= 515
[91m [1776446655.890689] Client: [0m---before writing in log upd_msg->type= 4
[91m [1776446655.890693] Client: [0m---before writing in log upd_msg->frag_no= 0
[91m [1776446655.890697] Client: [0m---before writing in log upd_msg->reliable= 1
[91m [1776446655.890700] Client: [0m---before writing in log upd_msg->data.sensor_type= 1
[91m [1776446655.890705] Client: [0m---before writing in log upd_msg->data.sid= temp_1
[91m [1776446655.890711] Client: [0m---after writing in log upd_msg->seq_no = 515
[91m [1776446655.890716] Client: [0m---after writing in log upd_msg->data.sensor_type = 1
[91m [1776446655.890722] Client: [0m---after writing in log upd_msg->reliable = 1
[91m [1776446656.369737] BSON Message: [0mInside sensor type parsing.
[91m [1776446656.369746] BSON Message: [0mInside sensor type parsing end.
[91m [1776446656.369751] BSON Message: [0mInside sid parsing
[91m [1776446656.369756] Client: [0m---before writing in log upd_msg->seq_no= 200
[91m [1776446656.369760] Client: [0m---before writing in log upd_msg->type= 4
[91m [1776446656.369764] Client: [0m---before writing in log upd_msg->frag_no= 0
[91m [1776446656.369769] Client: [0m---before writing in log upd_msg->reliable= 1
[91m [1776446656.369774] Client: [0m---before writing in log upd_msg->data.sensor_type= 2
[91m [1776446656.369778] Client: [0m---before writing in log upd_msg->data.sid= device_0
[91m [1776446656.369782] Client: [0m---after writing in log upd_msg->seq_no = 200
[91m [1776446656.369785] Client: [0m---after writing in log upd_msg->data.sensor_type = 2
[91m [1776446656.369788] Client: [0m---after writing in log upd_msg->reliable = 1
[91m [1776446656.890757] BSON Message: [0mInside sensor type parsing.
[91m [1776446656.890768] BSON Message: [0mInside sensor type parsing end.
[91m [1776446656.890773] BSON Message: [0mInside sid parsing
[91m [1776446656.890777] BSON Message: [0mInside temp1 parsing.
[91m [1776446656.890782] Client: [0m---before writing in log upd_msg->seq_no= 516
[91m [1776446656.890786] Client: [0m---before writing in log upd_msg->type= 4
[91m [1776446656.890790] Client: [0m---before writing in log upd_msg->frag_no= 0
[91m [1776446656.890794] Client: [0m---before writing in log upd_msg->reliable= 1
[91m [1776446656.890799] Client: [0m---before writing in log upd_msg->data.sensor_type= 1
[91m [1776446656.890803] Client: [0m---before writing in log upd_msg->data.sid= temp_1
[91m [1776446656.890808] Client: [0m---after writing in log upd_msg->seq_no = 516
[91m [1776446656.890812] Client: [0m---after writing in log upd_msg->data.sensor_type = 1
[91m [1776446656.890816] Client: [0m---after writing in log upd_msg->reliable = 1
[91m [1776446657.745892] BSON Message: [0mInside sensor type parsing.
[91m [1776446657.745905] BSON Message: [0mInside sensor type parsing end.
[91m [1776446657.745910] BSON Message: [0mInside sid parsing
[91m [1776446657.745923] Client: [0m---before writing in log upd_msg->seq_no= 201
[91m [1776446657.745929] Client: [0m---before writing in log upd_msg->type= 4
[91m [1776446657.745938] Client: [0m---before writing in log upd_msg->frag_no= 0
[91m [1776446657.745942] Client: [0m---before writing in log upd_msg->reliable= 1
[91m [1776446657.745947] Client: [0m---before writing in log upd_msg->data.sensor_type= 2
[91m [1776446657.745950] Client: [0m---before writing in log upd_msg->data.sid= device_0
[91m [1776446657.745955] Client: [0m---after writing in log upd_msg->seq_no = 201
[91m [1776446657.745959] Client: [0m---after writing in log upd_msg->data.sensor_type = 2
[91m [1776446657.745963] Client: [0m---after writing in log upd_msg->reliable = 1
[91m [1776446657.891087] BSON Message: [0mInside sensor type parsing.
[91m [1776446657.891096] BSON Message: [0mInside sensor type parsing end.
[91m [1776446657.891102] BSON Message: [0mInside sid parsing
[91m [1776446657.891107] BSON Message: [0mInside temp1 parsing.
[91m [1776446657.891112] Client: [0m---before writing in log upd_msg->seq_no= 517
[91m [1776446657.891117] Client: [0m---before writing in log upd_msg->type= 4
[91m [1776446657.891121] Client: [0m---before writing in log upd_msg->frag_no= 0
[91m [1776446657.891125] Client: [0m---before writing in log upd_msg->reliable= 1
[91m [1776446657.891130] Client: [0m---before writing in log upd_msg->data.sensor_type= 1
[91m [1776446657.891134] Client: [0m---before writing in log upd_msg->data.sid= temp_1
[91m [1776446657.891140] Client: [0m---after writing in log upd_msg->seq_no = 517
[91m [1776446657.891145] Client: [0m---after writing in log upd_msg->data.sensor_type = 1
[91m [1776446657.891151] Client: [0m---after writing in log upd_msg->reliable = 1
[91m [1776446658.269852] BSON Message: [0mInside sensor type parsing.
[91m [1776446658.269866] BSON Message: [0mInside sensor type parsing end.
[91m [1776446658.269871] BSON Message: [0mInside sid parsing

---------Update message arrived------------ 1
Got a message from the server.
Message type is 4
---------Update message arrived------------ 1
Got a message from the server.
Message type is 4
---------Update message arrived------------ 1
Got a message from the server.
Message type is 4
---------Update message arrived------------ 1
Got a message from the server.
Message type is 4
---------Update message arrived------------ 1
Got a message from the server.
Message type is 4
---------Update message arrived------------ 1
Got a message from the server.
Message type is 4
---------Update message arrived------------ 1
Got a message from the server.
Message type is 4
---------Update message arrived------------ 1
Got a message from the server.
Message type is 4
---------Update message arrived------------ 1
Got a message from the server.
Message type is 4
---------Update message arrived------------ 1
Got a message from the server.
Message type is 4
---------Update message arrived------------ 1
Got a message from the server.
Message type is 4
---------Update message arrived------------ 1
Got a message from the server.
Message type is 4
---------Update message arrived------------ 1
Got a message from the server.
Message type is 4
---------Update message arrived------------ 1
Got a message from the server.
Message type is 4
---------Update message arrived------------ 1
Got a message from the server.
Message type is 4
---------Update message arrived------------ 1
Got a message from the server.
Message type is 4
---------Update message arrived------------ 1
Got a message from the server.
Message type is 4
---------Update message arrived------------ 1
Got a message from the server.
Message type is 4
---------Update message arrived------------ 1
Got a message from the server.
Message type is 4
---------Update message arrived------------ 1
Got a message from the server.
Message type is 4
---------Update message arrived------------ 1
Got a message from the server.
Message type is 4
---------Update message arrived------------ 1
Got a message from the server.
Message type is 4
---------Update message arrived------------ 1
Got a message from the server.
Message type is 4
---------Update message arrived------------ 1
Got a message from the server.
Message type is 4
---------Update message arrived------------ 1
Got a message from the server.
Message type is 4
---------Update message arrived------------ 1
Got a message from the server.
Message type is 4
---------Update message arrived------------ 1
Got a message from the server.
Message type is 4
---------Update message arrived------------ 1
Got a message from the server.
Message type is 4
---------Update message arrived------------ 1
Got a message from the server.
Message type is 4
---------Update message arrived------------ 1
Got a message from the server.
Message type is 4
---------Update message arrived------------ 1
Got a message from the server.
Message type is 4
---------Update message arrived------------ 1
Got a message from the server.
Message type is 4
---------Update message arrived------------ 1
Got a message from the server.
Message type is 4
---------Update message arrived------------ 1
Got a message from the server.
Message type is 4
---------Update message arrived------------ 1
Got a message from the server.
Message type is 4
---------Update message arrived------------ 1
Got a message from the server.
Message type is 4
---------Update message arrived------------ 1
Got a message from the server.
Message type is 4
---------Update message arrived------------ 1
Got a message from the server.
Message type is 4
---------Update message arrived------------ 1
Got a message from the server.
Message type is 4
---------Update message arrived------------ 1
Got a message from the server.
Message type is 4
---------Update message arrived------------ 1
Got a message from the server.
Message type is 4
---------Update message arrived------------ 1
Got a message from the server.
Message type is 4
---------Update message arrived------------ 1
Got a message from the server.
Message type is 4
---------U[91m [1776446658.269885] Client: [0m---before writing in log upd_msg->seq_no= 202
[91m [1776446658.269891] Client: [0m---before writing in log upd_msg->type= 4
[91m [1776446658.269898] Client: [0m---before writing in log upd_msg->frag_no= 0
[91m [1776446658.269905] Client: [0m---before writing in log upd_msg->reliable= 1
[91m [1776446658.269911] Client: [0m---before writing in log upd_msg->data.sensor_type= 2
[91m [1776446658.269927] Client: [0m---before writing in log upd_msg->data.sid= device_0
[91m [1776446658.269936] Client: [0m---after writing in log upd_msg->seq_no = 202
[91m [1776446658.269940] Client: [0m---after writing in log upd_msg->data.sensor_type = 2
[91m [1776446658.269945] Client: [0m---after writing in log upd_msg->reliable = 1
[91m [1776446658.891337] BSON Message: [0mInside sensor type parsing.
[91m [1776446658.891347] BSON Message: [0mInside sensor type parsing end.
[91m [1776446658.891351] BSON Message: [0mInside sid parsing
[91m [1776446658.891355] BSON Message: [0mInside temp1 parsing.
[91m [1776446658.891362] Client: [0m---before writing in log upd_msg->seq_no= 518
[91m [1776446658.891367] Client: [0m---before writing in log upd_msg->type= 4
[91m [1776446658.891373] Client: [0m---before writing in log upd_msg->frag_no= 0
[91m [1776446658.891377] Client: [0m---before writing in log upd_msg->reliable= 1
[91m [1776446658.891382] Client: [0m---before writing in log upd_msg->data.sensor_type= 1
[91m [1776446658.891385] Client: [0m---before writing in log upd_msg->data.sid= temp_1
[91m [1776446658.891389] Client: [0m---after writing in log upd_msg->seq_no = 518
[91m [1776446658.891394] Client: [0m---after writing in log upd_msg->data.sensor_type = 1
[91m [1776446658.891399] Client: [0m---after writing in log upd_msg->reliable = 1
[91m [1776446659.891478] BSON Message: [0mInside sensor type parsing.
[91m [1776446659.891489] BSON Message: [0mInside sensor type parsing end.
[91m [1776446659.891494] BSON Message: [0mInside sid parsing
[91m [1776446659.891499] BSON Message: [0mInside temp1 parsing.
[91m [1776446659.891503] Client: [0m---before writing in log upd_msg->seq_no= 519
[91m [1776446659.891507] Client: [0m---before writing in log upd_msg->type= 4
[91m [1776446659.891513] Client: [0m---before writing in log upd_msg->frag_no= 0
[91m [1776446659.891517] Client: [0m---before writing in log upd_msg->reliable= 1
[91m [1776446659.891520] Client: [0m---before writing in log upd_msg->data.sensor_type= 1
[91m [1776446659.891523] Client: [0m---before writing in log upd_msg->data.sid= temp_1
[91m [1776446659.891529] Client: [0m---after writing in log upd_msg->seq_no = 519
[91m [1776446659.891533] Client: [0m---after writing in log upd_msg->data.sensor_type = 1
[91m [1776446659.891538] Client: [0m---after writing in log upd_msg->reliable = 1
[91m [1776446660.892240] BSON Message: [0mInside sensor type parsing.
[91m [1776446660.892249] BSON Message: [0mInside sensor type parsing end.
[91m [1776446660.892253] BSON Message: [0mInside sid parsing
[91m [1776446660.892257] BSON Message: [0mInside temp1 parsing.
[91m [1776446660.892262] Client: [0m---before writing in log upd_msg->seq_no= 520
[91m [1776446660.892268] Client: [0m---before writing in log upd_msg->type= 4
[91m [1776446660.892273] Client: [0m---before writing in log upd_msg->frag_no= 0
[91m [1776446660.892279] Client: [0m---before writing in log upd_msg->reliable= 1
[91m [1776446660.892282] Client: [0m---before writing in log upd_msg->data.sensor_type= 1
[91m [1776446660.892286] Client: [0m---before writing in log upd_msg->data.sid= temp_1
[91m [1776446660.892290] Client: [0m---after writing in log upd_msg->seq_no = 520
[91m [1776446660.892294] Client: [0m---after writing in log upd_msg->data.sensor_type = 1
[91m [1776446660.892298] Client: [0m---after writing in log upd_msg->reliable = 1
[91m [1776446661.551025] BSON Message: [0mInside sensor type parsing.
[91m [1776446661.551037] BSON Message: [0mInside sensor type parsing end.
[91m [1776446661.551043] BSON Message: [0mInside sid parsing
[91m [1776446661.551050] Client: [0m---before writing in log upd_msg->seq_no= 203
[91m [1776446661.551055] Client: [0m---before writing in log upd_msg->type= 4
[91m [1776446661.551061] Client: [0m---before writing in log upd_msg->frag_no= 0
[91m [1776446661.551066] Client: [0m---before writing in log upd_msg->reliable= 1
[91m [1776446661.551072] Client: [0m---before writing in log upd_msg->data.sensor_type= 2
[91m [1776446661.551077] Client: [0m---before writing in log upd_msg->data.sid= device_0
[91m [1776446661.551084] Client: [0m---after writing in log upd_msg->seq_no = 203
[91m [1776446661.551089] Client: [0m---after writing in log upd_msg->data.sensor_type = 2
[91m [1776446661.551094] Client: [0m---after writing in log upd_msg->reliable = 1
[91m [1776446661.783451] BSON Message: [0mInside sensor type parsing.
[91m [1776446661.783461] BSON Message: [0mInside sensor type parsing end.
[91m [1776446661.783467] BSON Message: [0mInside sid parsing
[91m [1776446661.783472] BSON Message: [0mInside gps1 parsing.
[91m [1776446661.783477] Client: [0m---before writing in log upd_msg->seq_no= 50
[91m [1776446661.783483] Client: [0m---before writing in log upd_msg->type= 4
[91m [1776446661.783488] Client: [0m---before writing in log upd_msg->frag_no= 0
[91m [1776446661.783494] Client: [0m---before writing in log upd_msg->reliable= 1
[91m [1776446661.783499] Client: [0m---before writing in log upd_msg->data.sensor_type= 3
[91m [1776446661.783503] Client: [0m---before writing in log upd_msg->data.sid= gps_2
[91m [1776446661.783509] Client: [0m---after writing in log upd_msg->seq_no = 50
[91m [1776446661.783512] Client: [0m---after writing in log upd_msg->data.sensor_type = 3
[91m [1776446661.783516] Client: [0m---after writing in log upd_msg->reliable = 1
[91m [1776446661.892615] BSON Message: [0mInside sensor type parsing.
[91m [1776446661.892627] BSON Message: [0mInside sensor type parsing end.
[91m [1776446661.892633] BSON Message: [0mInside sid parsing
[91m [1776446661.892638] BSON Message: [0mInside temp1 parsing.
[91m [1776446661.892645] Client: [0m---before writing in log upd_msg->seq_no= 521
[91m [1776446661.892656] Client: [0m---before writing in log upd_msg->type= 4
[91m [1776446661.892661] Client: [0m---before writing in log upd_msg->frag_no= 0
[91m [1776446661.892666] Client: [0m---before writing in log upd_msg->reliable= 1
[91m [1776446661.892672] Client: [0m---before writing in log upd_msg->data.sensor_type= 1
[91m [1776446661.892677] Client: [0m---before writing in log upd_msg->data.sid= temp_1
[91m [1776446661.892683] Client: [0m---after writing in log upd_msg->seq_no = 521
[91m [1776446661.892688] Client: [0m---after writing in log upd_msg->data.sensor_type = 1
[91m [1776446661.892693] Client: [0m---after writing in log upd_msg->reliable = 1
[91m [1776446662.892452] BSON Message: [0mInside sensor type parsing.
[91m [1776446662.892463] BSON Message: [0mInside sensor type parsing end.
[91m [1776446662.892467] BSON Message: [0mInside sid parsing
[91m [1776446662.892472] BSON Message: [0mInside temp1 parsing.
[91m [1776446662.892477] Client: [0m---before writing in log upd_msg->seq_no= 522
[91m [1776446662.892481] Client: [0m---before writing in log upd_msg->type= 4
[91m [1776446662.892485] Client: [0m---before writing in log upd_msg->frag_no= 0
[91m [1776446662.892489] Client: [0m---before writing in log upd_msg->reliable= 1
[91m [1776446662.892492] Client: [0m---before writing in log upd_msg->data.sensor_type= 1
[91m [1776446662.892495] Client: [0m---before writing in log upd_msg->data.sid= temp_1
[91m [1776446662.892498] Client: [0m---after writing in log upd_msg->seq_no = 522
[91m [1776446662.892501] Client: [0m---after writing in log upd_msg->data.sensor_type = 1
[91m [1776446662.892505] Client: [0m---after writing in log upd_msg->reliable = 1
[91m [1776446663.892949] BSON Message: [0mInside sensor type parsing.
[91m [1776446663.892958] BSON Message: [0mInside sensor type parsing end.
[91m [1776446663.892962] BSON Message: [0mInside sid parsing
[91m [1776446663.892965] BSON Message: [0mInside temp1 parsing.
[91m [1776446663.892969] Client: [0m---before writing in log upd_msg->seq_no= 523
[91m [1776446663.892972] Client: [0m---before writing in log upd_msg->type= 4
[91m [1776446663.892976] Client: [0m---before writing in log upd_msg->frag_no= 0
[91m [1776446663.892979] Client: [0m---before writing in log upd_msg->reliable= 1
[91m [1776446663.892982] Client: [0m---before writing in log upd_msg->data.sensor_type= 1
[91m [1776446663.892985] Client: [0m---before writing in log upd_msg->data.sid= temp_1
[91m [1776446663.892990] Client: [0m---after writing in log upd_msg->seq_no = 523
[91m [1776446663.892994] Client: [0m---after writing in log upd_msg->data.sensor_type = 1
[91m [1776446663.892998] Client: [0m---after writing in log upd_msg->reliable = 1
[91m [1776446664.293903] BSON Message: [0mInside sensor type parsing.
[91m [1776446664.293912] BSON Message: [0mInside sensor type parsing end.
[91m [1776446664.293929] BSON Message: [0mInside sid parsing
[91m [1776446664.293936] Client: [0m---before writing in log upd_msg->seq_no= 204
[91m [1776446664.293941] Client: [0m---before writing in log upd_msg->type= 4
[91m [1776446664.293946] Client: [0m---before writing in log upd_msg->frag_no= 0
[91m [1776446664.293951] Client: [0m---before writing in log upd_msg->reliable= 1
[91m [1776446664.293956] Client: [0m---before writing in log upd_msg->data.sensor_type= 2
[91m [1776446664.293960] Client: [0m---before writing in log upd_msg->data.sid= device_0
[91m [1776446664.293966] Client: [0m---after writing in log upd_msg->seq_no = 204
[91m [1776446664.293970] Client: [0m---after writing in log upd_msg->data.sensor_type = 2
[91m [1776446664.293975] Client: [0m---after writing in log upd_msg->reliable = 1
[91m [1776446664.893558] BSON Message: [0mInside sensor type parsing.
[91m [1776446664.893571] BSON Message: [0mInside sensor type parsing end.
[91m [1776446664.893578] BSON Message: [0mInside sid parsing
[91m [1776446664.893586] BSON Message: [0mInside temp1 parsing.
[91m [1776446664.893595] Client: [0m---before writing in log upd_msg->seq_no= 524
[91m [1776446664.893610] Client: [0m---before writing in log upd_msg->type= 4
[91m [1776446664.893617] Client: [0m---before writing in log upd_msg->frag_no= 0
[91m [1776446664.893625] Client: [0m---before writing in log upd_msg->reliable= 1
[91m [1776446664.893632] Client: [0m---before writing in log upd_msg->data.sensor_type= 1
[91m [1776446664.893639] Client: [0m---before writing in log upd_msg->data.sid= temp_1
[91m [1776446664.893648] Client: [0m---after writing in log upd_msg->seq_no = 524
[91m [1776446664.893655] Client: [0m---after writing in log upd_msg->data.sensor_type = 1
[91m [1776446664.893662] Client: [0m---after writing in log upd_msg->reliable = 1
[91m [1776446665.850716] BSON Message: [0mInside sensor type parsing.
[91m [1776446665.850728] BSON Message: [0mInside sensor type parsing end.
[91m [1776446665.850734] BSON Message: [0mInside sid parsing
[91m [1776446665.850741] Client: [0m---before writing in log upd_msg->seq_no= 205
[91m [1776446665.850747] Client: [0m---before writing in log upd_msg->type= 4
[91m [1776446665.850752] Client: [0m---before writing in log upd_msg->frag_no= 0
[91m [1776446665.850758] Client: [0m---before writing in log upd_msg->reliable= 1
[91m [1776446665.850763] Client: [0m---before writing in log upd_msg->data.sensor_type= 2
[91m [1776446665.850769] Client: [0m---before writing in log upd_msg->data.sid= device_0
[91m [1776446665.850775] Client: [0m---after writing in log upd_msg->seq_no = 205
[91m [1776446665.850780] Client: [0m---after writing in log upd_msg->data.sensor_type = 2
[91m [1776446665.850785] Client: [0m---after writing in log upd_msg->reliable = 1
[91m [1776446665.893525] BSON Message: [0mInside sensor type parsing.
[91m [1776446665.893537] BSON Message: [0mInside sensor type parsing end.
[91m [1776446665.893544] BSON Message: [0mInside sid parsing
[91m [1776446665.893550] BSON Message: [0mInside temp1 parsing.
[91m [1776446665.893557] Client: [0m---before writing in log upd_msg->seq_no= 525
[91m [1776446665.893562] Client: [0m---before writing in log upd_msg->type= 4
[91m [1776446665.893568] Client: [0m---before writing in log upd_msg->frag_no= 0
[91m [1776446665.893574] Client: [0m---before writing in log upd_msg->reliable= 1
[91m [1776446665.893579] Client: [0m---before writing in log upd_msg->data.sensor_type= 1
[91m [1776446665.893585] Client: [0m---before writing in log upd_msg->data.sid= temp_1
[91m [1776446665.893592] Client: [0m---after writing in log upd_msg->seq_no = 525
[91m [1776446665.893598] Client: [0m---after writing in log upd_msg->data.sensor_type = 1
[91m [1776446665.893604] Client: [0m---after writing in log upd_msg->reliable = 1
[91m [1776446666.894468] BSON Message: [0mInside sensor type parsing.
[91m [1776446666.894481] BSON Message: [0mInside sensor type parsing end.
[91m [1776446666.894489] BSON Message: [0mInside sid parsing
[91m [1776446666.894497] BSON Message: [0mInside temp1 parsing.
[91m [1776446666.894506] Client: [0m---before writing in log upd_msg->seq_no= 526
[91m [1776446666.894513] Client: [0m---before writing in log upd_msg->type= 4
[91m [1776446666.894522] Client: [0m---before writing in log upd_msg->frag_no= 0
[91m [1776446666.894531] Client: [0m---before writing in log upd_msg->reliable= 1
[91m [1776446666.894537] Client: [0m---before writing in log upd_msg->data.sensor_type= 1
[91m [1776446666.894542] Client: [0m---before writing in log upd_msg->data.sid= temp_1
[91m [1776446666.894552] Client: [0m---after writing in log upd_msg->seq_no = 526
[91m [1776446666.894559] Client: [0m---after writing in log upd_msg->data.sensor_type = 1
[91m [1776446666.894567] Client: [0m---after writing in log upd_msg->reliable = 1
[91m [1776446667.626235] BSON Message: [0mInside sensor type parsing.
[91m [1776446667.626248] BSON Message: [0mInside sensor type parsing end.
[91m [1776446667.626255] BSON Message: [0mInside sid parsing
[91m [1776446667.626262] Client: [0m---before writing in log upd_msg->seq_no= 206
[91m [1776446667.626272] Client: [0m---before writing in log upd_msg->type= 4
[91m [1776446667.626276] Client: [0m---before writing in log upd_msg->frag_no= 0
[91m [1776446667.626279] Client: [0m---before writing in log upd_msg->reliable= 1
[91m [1776446667.626283] Client: [0m---before writing in log upd_msg->data.sensor_type= 2
[91m [1776446667.626287] Client: [0m---before writing in log upd_msg->data.sid= device_0
[91m [1776446667.626291] Client: [0m---after writing in log upd_msg->seq_no = 206
[91m [1776446667.626295] Client: [0m---after writing in log upd_msg->data.sensor_type = 2
[91m [1776446667.626298] Client: [0m---after writing in log upd_msg->reliable = 1
[91m [1776446667.894708] BSON Message: [0mInside sensor type parsing.
[91m [1776446667.894719] BSON Message: [0mInside sensor type parsing end.
[91m [1776446667.894726] BSON Message: [0mInside sid parsing
[91m [1776446667.894732] BSON Message: [0mInside temp1 parsing.
[91m [1776446667.894739] Client: [0m---before writing in log upd_msg->seq_no= 527
[91m [1776446667.894747] Client: [0m---before writing in log upd_msg->type= 4
[91m [1776446667.894754] Client: [0m---before writing in log upd_msg->frag_no= 0
[91m [1776446667.894761] Client: [0m---before writing in log upd_msg->reliable= 1
[91m [1776446667.894766] Client: [0m---before writing in log upd_msg->data.sensor_type= 1
[91m [1776446667.894771] Client: [0m---before writing in log upd_msg->data.sid= temp_1
[91m [1776446667.894776] Client: [0m---after writing in log upd_msg->seq_no = 527
[91m [1776446667.894782] Client: [0m---after writing in log upd_msg->data.sensor_type = 1
[91m [1776446667.894787] Client: [0m---after writing in log upd_msg->reliable = 1
[91m [1776446668.894963] BSON Message: [0mInside sensor type parsing.
[91m [1776446668.894973] BSON Message: [0mInside sensor type parsing end.
[91m [1776446668.894978] BSON Message: [0mInside sid parsing
[91m [1776446668.894981] BSON Message: [0mInside temp1 parsing.
[91m [1776446668.894987] Client: [0m---before writing in log upd_msg->seq_no= 528
[91m [1776446668.894998] Client: [0m---before writing in log upd_msg->type= 4
[91m [1776446668.895003] Client: [0m---before writing in log upd_msg->frag_no= 0
[91m [1776446668.895007] Client: [0m---before writing in log upd_msg->reliable= 1
[91m [1776446668.895011] Client: [0m---before writing in log upd_msg->data.sensor_type= 1
[91m [1776446668.895014] Client: [0m---before writing in log upd_msg->data.sid= temp_1
[91m [1776446668.895019] Client: [0m---after writing in log upd_msg->seq_no = 528
[91m [1776446668.895023] Client: [0m---after writing in log upd_msg->data.sensor_type = 1
[91m [1776446668.895026] Client: [0m---after writing in log upd_msg->reliable = 1
[91m [1776446669.895210] BSON Message: [0mInside sensor type parsing.
[91m [1776446669.895223] BSON Message: [0mInside sensor type parsing end.
[91m [1776446669.895229] BSON Message: [0mInside sid parsing
[91m [1776446669.895235] BSON Message: [0mInside temp1 parsing.
[91m [1776446669.895241] Client: [0m---before writing in log upd_msg->seq_no= 529
[91m [1776446669.895247] Client: [0m---before writing in log upd_msg->type= 4
[91m [1776446669.895252] Client: [0m---before writing in log upd_msg->frag_no= 0
[91m [1776446669.895258] Client: [0m---before writing in log upd_msg->reliable= 1
[91m [1776446669.895263] Client: [0m---before writing in log upd_msg->data.sensor_type= 1
[91m [1776446669.895268] Client: [0m---before writing in log upd_msg->data.sid= temp_1
[91m [1776446669.895275] Client: [0m---after writing in log upd_msg->seq_no = 529
[91m [1776446669.895280] Client: [0m---after writing in log upd_msg->data.sensor_type = 1
[91m [1776446669.895285] Client: [0m---after writing in log upd_msg->reliable = 1
[91m [1776446670.895714] BSON Message: [0mInside sensor type parsing.
[91m [1776446670.895726] BSON Message: [0mInside sensor type parsing end.
[91m [1776446670.895732] BSON Message: [0mInside sid parsing
[91m [1776446670.895738] BSON Message: [0mInside temp1 parsing.
[91m [1776446670.895747] Client: [0m---before writing in log upd_msg->seq_no= 530
[91m [1776446670.895751] Client: [0m---before writing in log upd_msg->type= 4
[91m [1776446670.895754] Client: [0m---before writing in log upd_msg->frag_no= 0
[91m [1776446670.895758] Client: [0m---before writing in log upd_msg->reliable= 1
[91m [1776446670.895762] Client: [0m---before writing in log upd_msg->data.sensor_type= 1
[91m [1776446670.895767] Client: [0m---before writing in log upd_msg->data.sid= temp_1
[91m [1776446670.895774] Client: [0m---after writing in log upd_msg->seq_no = 530
[91m [1776446670.895779] Client: [0m---after writing in log upd_msg->data.sensor_type = 1
[91m [1776446670.895785] Client: [0m---after writing in log upd_msg->reliable = 1
[91m [1776446671.187867] BSON Message: [0mInside sensor type parsing.
[91m [1776446671.187878] BSON Message: [0mInside sensor type parsing end.
[91m [1776446671.187884] BSON Message: [0mInside sid parsing
[91m [1776446671.187890] Client: [0m---before writing in log upd_msg->seq_no= 207
[91m [1776446671.187894] Client: [0m---before writing in log upd_msg->type= 4
[91m [1776446671.187897] Client: [0m---before writing in log upd_msg->frag_no= 0
[91m [1776446671.187900] Client: [0m---before writing in log upd_msg->reliable= 1
[91m [1776446671.187903] Client: [0m---before writing in log upd_msg->data.sensor_type= 2
[91m [1776446671.187908] Client: [0m---before writing in log upd_msg->data.sid= device_0
[91m [1776446671.187912] Client: [0m---after writing in log upd_msg->seq_no = 207
[91m [1776446671.187924] Client: [0m---after writing in log upd_msg->data.sensor_type = 2
[91m [1776446671.187930] Client: [0m---after writing in log upd_msg->reliable = 1
[91m [1776446671.895662] BSON Message: [0mInside sensor type parsing.
[91m [1776446671.895669] BSON Message: [0mInside sensor type parsing end.
[91m [1776446671.895673] BSON Message: [0mInside sid parsing
[91m [1776446671.895676] BSON Message: [0mInside temp1 parsing.
[91m [1776446671.895681] Client: [0m---before writing in log upd_msg->seq_no= 531
[91m [1776446671.895686] Client: [0m---before writing in log upd_msg->type= 4
[91m [1776446671.895691] Client: [0m---before writing in log upd_msg->frag_no= 0
[91m [1776446671.895694] Client: [0m---before writing in log upd_msg->reliable= 1
[91m [1776446671.895697] Client: [0m---before writing in log upd_msg->data.sensor_type= 1
[91m [1776446671.895701] Client: [0m---before writing in log upd_msg->data.sid= temp_1
[91m [1776446671.895704] Client: [0m---after writing in log upd_msg->seq_no = 531
[91m [1776446671.895707] Client: [0m---after writing in log upd_msg->data.sensor_type = 1
[91m [1776446671.895711] Client: [0m---after writing in log upd_msg->reliable = 1
[91m [1776446672.896311] BSON Message: [0mInside sensor type parsing.
[91m [1776446672.896324] BSON Message: [0mInside sensor type parsing end.
[91m [1776446672.896330] BSON Message: [0mInside sid parsing
[91m [1776446672.896336] BSON Message: [0mInside temp1 parsing.
[91m [1776446672.896343] Client: [0m---before writing in log upd_msg->seq_no= 532
[91m [1776446672.896349] Client: [0m---before writing in log upd_msg->type= 4
[91m [1776446672.896354] Client: [0m---before writing in log upd_msg->frag_no= 0
[91m [1776446672.896359] Client: [0m---before writing in log upd_msg->reliable= 1
[91m [1776446672.896364] Client: [0m---before writing in log upd_msg->data.sensor_type= 1
[91m [1776446672.896369] Client: [0m---before writing in log upd_msg->data.sid= temp_1
[91m [1776446672.896375] Client: [0m---after writing in log upd_msg->seq_no = 532
[91m [1776446672.896379] Client: [0m---after writing in log upd_msg->data.sensor_type = 1
[91m [1776446672.896384] Client: [0m---after writing in log upd_msg->reliable = 1
[91m [1776446673.32347] BSON Message: [0mInside sensor type parsing.
[91m [1776446673.32360] BSON Message: [0mInside sensor type parsing end.
[91m [1776446673.32366] BSON Message: [0mInside sid parsing
[91m [1776446673.32376] BSON Message: [0mInside gps1 parsing.
[91m [1776446673.32382] Client: [0m---before writing in log upd_msg->seq_no= 51
[91m [1776446673.32387] Client: [0m---before writing in log upd_msg->type= 4
[91m [1776446673.32392] Client: [0m---before writing in log upd_msg->frag_no= 0
[91m [1776446673.32397] Client: [0m---before writing in log upd_msg->reliable= 1
[91m [1776446673.32401] Client: [0m---before writing in log upd_msg->data.sensor_type= 3
[91m [1776446673.32406] Client: [0m---before writing in log upd_msg->data.sid= gps_2
[91m [1776446673.32413] Client: [0m---after writing in log upd_msg->seq_no = 51
[91m [1776446673.32418] Client: [0m---after writing in log upd_msg->data.sensor_type = 3
[91m [1776446673.32422] Client: [0m---after writing in log upd_msg->reliable = 1
[91m [1776446673.896444] BSON Message: [0mInside sensor type parsing.
[91m [1776446673.896455] BSON Message: [0mInside sensor type parsing end.
[91m [1776446673.896460] BSON Message: [0mInside sid parsing
[91m [1776446673.896465] BSON Message: [0mInside temp1 parsing.
[91m [1776446673.896471] Client: [0m---before writing in log upd_msg->seq_no= 533
[91m [1776446673.896476] Client: [0m---before writing in log upd_msg->type= 4
[91m [1776446673.896481] Client: [0m---before writing in log upd_msg->frag_no= 0
[91m [1776446673.896486] Client: [0m---before writing in log upd_msg->reliable= 1
[91m [1776446673.896491] Client: [0m---before writing in log upd_msg->data.sensor_type= 1
[91m [1776446673.896496] Client: [0m---before writing in log upd_msg->data.sid= temp_1
[91m [1776446673.896502] Client: [0m---after writing in log upd_msg->seq_no = 533
[91m [1776446673.896506] Client: [0m---after writing in log upd_msg->data.sensor_type = 1
[91m [1776446673.896510] Client: [0m---after writing in log upd_msg->reliable = 1
[91m [1776446674.651367] BSON Message: [0mInside sensor type parsing.
[91m [1776446674.651378] BSON Message: [0mInside sensor type parsing end.
[91m [1776446674.651383] BSON Message: [0mInside sid parsing
[91m [1776446674.651389] Client: [0m---before writing in log upd_msg->seq_no= 208
[91m [1776446674.651394] Client: [0m---before writing in log upd_msg->type= 4
[91m [1776446674.651398] Client: [0m---before writing in log upd_msg->frag_no= 0
[91m [1776446674.651403] Client: [0m---before writing in log upd_msg->reliable= 1
[91m [1776446674.651408] Client: [0m---before writing in log upd_msg->data.sensor_type= 2
[91m [1776446674.651412] Client: [0m---before writing in log upd_msg->data.sid= device_0
[91m [1776446674.651418] Client: [0m---after writing in log upd_msg->seq_no = 208
[91m [1776446674.651422] Client: [0m---after writing in log upd_msg->data.sensor_type = 2
[91m [1776446674.651427] Client: [0m---after writing in log upd_msg->reliable = 1
[91m [1776446674.899765] BSON Message: [0mInside sensor type parsing.
[91m [1776446674.899773] BSON Message: [0mInside sensor type parsing end.
[91m [1776446674.899776] BSON Message: [0mInside sid parsing
[91m [1776446674.899780] BSON Message: [0mInside temp1 parsing.
[91m [1776446674.899784] Client: [0m---before writing in log upd_msg->seq_no= 534
[91m [1776446674.899787] Client: [0m---before writing in log upd_msg->type= 4
[91m [1776446674.899790] Client: [0m---before writing in log upd_msg->frag_no= 0
[91m [1776446674.899793] Client: [0m---before writing in log upd_msg->reliable= 1
[91m [1776446674.899796] Client: [0m---before writing in log upd_msg->data.sensor_type= 1
[91m [1776446674.899799] Client: [0m---before writing in log upd_msg->data.sid= temp_1
[91m [1776446674.899803] Client: [0m---after writing in log upd_msg->seq_no = 534
[91m [1776446674.899806] Client: [0m---after writing in log upd_msg->data.sensor_type = 1
[91m [1776446674.899809] Client: [0m---after writing in log upd_msg->reliable = 1
[91m [1776446674.899821] BSON Message: [0mInside sensor type parsing.
[91m [1776446674.899824] BSON Message: [0mInside sensor type parsing end.
[91m [1776446674.899827] BSON Message: [0mInside sid parsing
[91m [1776446674.899836] Client: [0m---before writing in log upd_msg->seq_no= 209
[91m [1776446674.899839] Client: [0m---before writing in log upd_msg->type= 4
[91m [1776446674.899843] Client: [0m---before writing in log upd_msg->frag_no= 0
[91m [1776446674.899846] Client: [0m---before writing in log upd_msg->reliable= 1
[91m [1776446674.899849] Client: [0m---before writing in log upd_msg->data.sensor_type= 2
[91m [1776446674.899853] Client: [0m---before writing in log upd_msg->data.sid= device_0
[91m [1776446674.899857] Client: [0m---after writing in log upd_msg->seq_no = 209
[91m [1776446674.899860] Client: [0m---after writing in log upd_msg->data.sensor_type = 2
[91m [1776446674.899864] Client: [0m---after writing in log upd_msg->reliable = 1
[91m [1776446675.897093] BSON Message: [0mInside sensor type parsing.
[91m [1776446675.897105] BSON Message: [0mInside sensor type parsing end.
[91m [1776446675.897111] BSON Message: [0mInside sid parsing
[91m [1776446675.897117] BSON Message: [0mInside temp1 parsing.
[91m [1776446675.897124] Client: [0m---before writing in log upd_msg->seq_no= 535
[91m [1776446675.897130] Client: [0m---before writing in log upd_msg->type= 4
[91m [1776446675.897135] Client: [0m---before writing in log upd_msg->frag_no= 0
[91m [1776446675.897141] Client: [0m---before writing in log upd_msg->reliable= 1
[91m [1776446675.897148] Client: [0m---before writing in log upd_msg->data.sensor_type= 1
[91m [1776446675.897156] Client: [0m---before writing in log upd_msg->data.sid= temp_1
[91m [1776446675.897164] Client: [0m---after writing in log upd_msg->seq_no = 535
[91m [1776446675.897170] Client: [0m---after writing in log upd_msg->data.sensor_type = 1
[91m [1776446675.897177] Client: [0m---after writing in log upd_msg->reliable = 1
[91m [1776446676.897488] BSON Message: [0mInside sensor type parsing.
[91m [1776446676.897496] BSON Message: [0mInside sensor type parsing end.
[91m [1776446676.897503] BSON Message: [0mInside sid parsing
[91m [1776446676.897509] BSON Message: [0mInside temp1 parsing.
[91m [1776446676.897516] Client: [0m---before writing in log upd_msg->seq_no= 536
[91m [1776446676.897521] Client: [0m---before writing in log upd_msg->type= 4
[91m [1776446676.897528] Client: [0m---before writing in log upd_msg->frag_no= 0
[91m [1776446676.897533] Client: [0m---before writing in log upd_msg->reliable= 1
[91m [1776446676.897538] Client: [0m---before writing in log upd_msg->data.sensor_type= 1
[91m [1776446676.897544] Client: [0m---before writing in log upd_msg->data.sid= temp_1
[91m [1776446676.897552] Client: [0m---after writing in log upd_msg->seq_no = 536
[91m [1776446676.897557] Client: [0m---after writing in log upd_msg->data.sensor_type = 1
[91m [1776446676.897563] Client: [0m---after writing in log upd_msg->reliable = 1
[91m [1776446677.303110] BSON Message: [0mInside sensor type parsing.
[91m [1776446677.303120] BSON Message: [0mInside sensor type parsing end.
[91m [1776446677.303126] BSON Message: [0mInside sid parsing
[91m [1776446677.303132] Client: [0m---before writing in log upd_msg->seq_no= 210
[91m [1776446677.303137] Client: [0m---before writing in log upd_msg->type= 4
[91m [1776446677.303142] Client: [0m---before writing in log upd_msg->frag_no= 0
[91m [1776446677.303146] Client: [0m---before writing in log upd_msg->reliable= 1
[91m [1776446677.303151] Client: [0m---before writing in log upd_msg->data.sensor_type= 2
[91m [1776446677.303154] Client: [0m---before writing in log upd_msg->data.sid= device_0
[91m [1776446677.303160] Client: [0m---after writing in log upd_msg->seq_no = 210
[91m [1776446677.303164] Client: [0m---after writing in log upd_msg->data.sensor_type = 2
[91m [1776446677.303168] Client: [0m---after writing in log upd_msg->reliable = 1
[91m [1776446677.897616] BSON Message: [0mInside sensor type parsing.
[91m [1776446677.897627] BSON Message: [0mInside sensor type parsing end.
[91m [1776446677.897632] BSON Message: [0mInside sid parsing
[91m [1776446677.897640] BSON Message: [0mInside temp1 parsing.
[91m [1776446677.897645] Client: [0m---before writing in log upd_msg->seq_no= 537
[91m [1776446677.897649] Client: [0m---before writing in log upd_msg->type= 4
[91m [1776446677.897652] Client: [0m---before writing in log upd_msg->frag_no= 0
[91m [1776446677.897657] Client: [0m---before writing in log upd_msg->reliable= 1
[91m [1776446677.897661] Client: [0m---before writing in log upd_msg->data.sensor_type= 1
[91m [1776446677.897665] Client: [0m---before writing in log upd_msg->data.sid= temp_1
[91m [1776446677.897670] Client: [0m---after writing in log upd_msg->seq_no = 537
[91m [1776446677.897674] Client: [0m---after writing in log upd_msg->data.sensor_type = 1
[91m [1776446677.897679] Client: [0m---after writing in log upd_msg->reliable = 1
[91m [1776446678.87222] BSON Message: [0mInside sensor type parsing.
[91m [1776446678.87232] BSON Message: [0mInside sensor type parsing end.
[91m [1776446678.87236] BSON Message: [0mInside sid parsing
[91m [1776446678.87242] Client: [0m---before writing in log upd_msg->seq_no= 211
[91m [1776446678.87247] Client: [0m---before writing in log upd_msg->type= 4
[91m [1776446678.87251] Client: [0m---before writing in log upd_msg->frag_no= 0
[91m [1776446678.87255] Client: [0m---before writing in log upd_msg->reliable= 1
[91m [1776446678.87258] Client: [0m---before writing in log upd_msg->data.sensor_type= 2
[91m [1776446678.87262] Client: [0m---before writing in log upd_msg->data.sid= device_0
[91m [1776446678.87267] Client: [0m---after writing in log upd_msg->seq_no = 211
[91m [1776446678.87271] Client: [0m---after writing in log upd_msg->data.sensor_type = 2
[91m [1776446678.87275] Client: [0m---after writing in log upd_msg->reliable = 1
[91m [1776446678.666245] BSON Message: [0mInside sensor type parsing.
[91m [1776446678.666255] BSON Message: [0mInside sensor type parsing end.
[91m [1776446678.666260] BSON Message: [0mInside sid parsing
[91m [1776446678.666265] Client: [0m---before writing in log upd_msg->seq_no= 212
[91m [1776446678.666269] Client: [0m---before writing in log upd_msg->type= 4
[91m [1776446678.666273] Client: [0m---before writing in log upd_msg->frag_no= 0
[91m [1776446678.666277] Client: [0m---before writing in log upd_msg->reliable= 0
[91m [1776446678.666281] Client: [0m---before writing in log upd_msg->data.sensor_type= 2
[91m [1776446678.666285] Client: [0m---before writing in log upd_msg->data.sid= device_0
[91m [1776446678.666290] Client: [0m---after writing in log upd_msg->seq_no = 212
[91m [1776446678.666294] Client: [0m---after writing in log upd_msg->data.sensor_type = 2
[91m [1776446678.666298] Client: [0m---after writing in log upd_msg->reliable = 0
[91m [1776446678.897743] BSON Message: [0mInside sensor type parsing.
[91m [1776446678.897753] BSON Message: [0mInside sensor type parsing end.
[91m [1776446678.897757] BSON Message: [0mInside sid parsing
[91m [1776446678.897761] BSON Message: [0mInside temp1 parsing.
[91m [1776446678.897767] Client: [0m---before writing in log upd_msg->seq_no= 538
[91m [1776446678.897771] Client: [0m---before writing in log upd_msg->type= 4
[91m [1776446678.897775] Client: [0m---before writing in log upd_msg->frag_no= 0
[91m [1776446678.897779] Client: [0m---before writing in log upd_msg->reliable= 1
[91m [1776446678.897783] Client: [0m---before writing in log upd_msg->data.sensor_type= 1
[91m [1776446678.897787] Client: [0m---before writing in log upd_msg->data.sid= temp_1
[91m [1776446678.897792] Client: [0m---after writing in log upd_msg->seq_no = 538
[91m [1776446678.897796] Client: [0m---after writing in log upd_msg->data.sensor_type = 1
[91m [1776446678.897800] Client: [0m---after writing in log upd_msg->reliable = 1
[91m [1776446679.319926] BSON Message: [0mInside sensor type parsing.
[91m [1776446679.319936] BSON Message: [0mInside sensor type parsing end.
[91m [1776446679.319941] BSON Message: [0mInside sid parsing
[91m [1776446679.319947] Client: [0m---before writing in log upd_msg->seq_no= 213
[91m [1776446679.319955] Client: [0m---before writing in log upd_msg->type= 4
[91m [1776446679.319958] Client: [0m---before writing in log upd_msg->frag_no= 0
[91m [1776446679.319962] Client: [0m---before writing in log upd_msg->reliable= 1
[91m [1776446679.319965] Client: [0m---before writing in log upd_msg->data.sensor_type= 2
[91m [1776446679.319969] Client: [0m---before writing in log upd_msg->data.sid= device_0
[91m [1776446679.319975] Client: [0m---after writing in log upd_msg->seq_no = 213
[91m [1776446679.319978] Client: [0m---after writing in log upd_msg->data.sensor_type = 2
[91m [1776446679.319982] Client: [0m---after writing in log upd_msg->reliable = 1
[91m [1776446679.898383] BSON Message: [0mInside sensor type parsing.
[91m [1776446679.898393] BSON Message: [0mInside sensor type parsing end.
[91m [1776446679.898398] BSON Message: [0mInside sid parsing
[91m [1776446679.898402] BSON Message: [0mInside temp1 parsing.
[91m [1776446679.898409] Client: [0m---before writing in log upd_msg->seq_no= 539
[91m [1776446679.898415] Client: [0m---before writing in log upd_msg->type= 4
[91m [1776446679.898420] Client: [0m---before writing in log upd_msg->frag_no= 0
[91m [1776446679.898424] Client: [0m---before writing in log upd_msg->reliable= 1
[91m [1776446679.898429] Client: [0m---before writing in log upd_msg->data.sensor_type= 1
[91m [1776446679.898434] Client: [0m---before writing in log upd_msg->data.sid= temp_1
[91m [1776446679.898440] Client: [0m---after writing in log upd_msg->seq_no = 539
[91m [1776446679.898445] Client: [0m---after writing in log upd_msg->data.sensor_type = 1
[91m [1776446679.898450] Client: [0m---after writing in log upd_msg->reliable = 1
[91m [1776446680.898362] BSON Message: [0mInside sensor type parsing.
[91m [1776446680.898373] BSON Message: [0mInside sensor type parsing end.
[91m [1776446680.898378] BSON Message: [0mInside sid parsing
[91m [1776446680.898396] BSON Message: [0mInside temp1 parsing.
[91m [1776446680.898403] Client: [0m---before writing in log upd_msg->seq_no= 540
[91m [1776446680.898407] Client: [0m---before writing in log upd_msg->type= 4
[91m [1776446680.898412] Client: [0m---before writing in log upd_msg->frag_no= 0
[91m [1776446680.898416] Client: [0m---before writing in log upd_msg->reliable= 1
[91m [1776446680.898420] Client: [0m---before writing in log upd_msg->data.sensor_type= 1
[91m [1776446680.898424] Client: [0m---before writing in log upd_msg->data.sid= temp_1
[91m [1776446680.898429] Client: [0m---after writing in log upd_msg->seq_no = 540
[91m [1776446680.898432] Client: [0m---after writing in log upd_msg->data.sensor_type = 1
[91m [1776446680.898436] Client: [0m---after writing in log upd_msg->reliable = 1
[91m [1776446681.898807] BSON Message: [0mInside sensor type parsing.
[91m [1776446681.898819] BSON Message: [0mInside sensor type parsing end.
[91m [1776446681.898826] BSON Message: [0mInside sid parsing
[91m [1776446681.898833] BSON Message: [0mInside temp1 parsing.
[91m [1776446681.898840] Client: [0m---before writing in log upd_msg->seq_no= 541
[91m [1776446681.898846] Client: [0m---before writing in log upd_msg->type= 4
[91m [1776446681.898853] Client: [0m---before writing in log upd_msg->frag_no= 0
[91m [1776446681.898858] Client: [0m---before writing in log upd_msg->reliable= 1
[91m [1776446681.898865] Client: [0m---before writing in log upd_msg->data.sensor_type= 1
[91m [1776446681.898872] Client: [0m---before writing in log upd_msg->data.sid= temp_1
[91m [1776446681.898881] Client: [0m---after writing in log upd_msg->seq_no = 541
[91m [1776446681.898887] Client: [0m---after writing in log upd_msg->data.sensor_type = 1
[91m [1776446681.898892] Client: [0m---after writing in log upd_msg->reliable = 1
[91m [1776446682.899060] BSON Message: [0mInside sensor type parsing.
[91m [1776446682.899070] BSON Message: [0mInside sensor type parsing end.
[91m [1776446682.899074] BSON Message: [0mInside sid parsing
[91m [1776446682.899082] BSON Message: [0mInside temp1 parsing.
[91m [1776446682.899090] Client: [0m---before writing in log upd_msg->seq_no= 542
[91m [1776446682.899094] Client: [0m---before writing in log upd_msg->type= 4
[91m [1776446682.899099] Client: [0m---before writing in log upd_msg->frag_no= 0
[91m [1776446682.899104] Client: [0m---before writing in log upd_msg->reliable= 1
[91m [1776446682.899109] Client: [0m---before writing in log upd_msg->data.sensor_type= 1
[91m [1776446682.899114] Client: [0m---before writing in log upd_msg->data.sid= temp_1
[91m [1776446682.899120] Client: [0m---after writing in log upd_msg->seq_no = 542
[91m [1776446682.899125] Client: [0m---after writing in log upd_msg->data.sensor_type = 1
[91m [1776446682.899130] Client: [0m---after writing in log upd_msg->reliable = 1
